key,dataset,subject,value_pp,paired_value_pp
core.CBraMod.PhysioNet.own_gain,PhysionetMI,1,-4.3181818181818095,
core.CBraMod.PhysioNet.own_gain,PhysionetMI,2,1.99999999999999,
core.CBraMod.PhysioNet.own_gain,PhysionetMI,3,4.0245584642661925e-15,
core.CBraMod.PhysioNet.own_gain,PhysionetMI,4,1.89393939393938,
core.CBraMod.PhysioNet.own_gain,PhysionetMI,5,-4.6212121212121104,
core.CBraMod.PhysioNet.own_gain,PhysionetMI,6,3.1060606060606,
core.CBraMod.PhysioNet.own_gain,PhysionetMI,7,0.15151515151515,
core.CBraMod.PhysioNet.own_gain,PhysionetMI,8,4.46969696969697,
core.CBraMod.PhysioNet.own_gain,PhysionetMI,9,4.923076923076921,
core.CBraMod.PhysioNet.own_gain,PhysionetMI,10,2.4615384615384603,
core.CBraMod.PhysioNet.own_gain,PhysionetMI,11,-4.39393939393939,
core.CBraMod.PhysioNet.own_gain,PhysionetMI,12,-1.06060606060605,
core.CBraMod.PhysioNet.own_gain,PhysionetMI,13,2.27272727272727,
core.CBraMod.PhysioNet.own_gain,PhysionetMI,14,5.22727272727272,
core.CBraMod.PhysioNet.own_gain,PhysionetMI,15,6.923076923076909,
core.CBraMod.PhysioNet.own_gain,PhysionetMI,16,-3.7878787878787796,
core.CBraMod.PhysioNet.own_gain,PhysionetMI,17,10.83333333333333,
core.CBraMod.PhysioNet.own_gain,PhysionetMI,18,0.0,
core.CBraMod.PhysioNet.own_gain,PhysionetMI,19,-5.07575757575757,
core.CBraMod.PhysioNet.own_gain,PhysionetMI,20,9.77272727272726,
core.CBraMod.PhysioNet.own_gain,PhysionetMI,21,6.21212121212121,
core.CBraMod.PhysioNet.own_gain,PhysionetMI,22,0.0,
core.CBraMod.PhysioNet.own_gain,PhysionetMI,23,0.46153846153844996,
core.CBraMod.PhysioNet.own_gain,PhysionetMI,24,-3.4848484848484804,
core.CBraMod.PhysioNet.own_gain,PhysionetMI,25,-4.84848484848484,
core.CBraMod.PhysioNet.own_gain,PhysionetMI,26,-2.4615384615384603,
core.CBraMod.PhysioNet.own_gain,PhysionetMI,27,-1.66666666666666,
core.CBraMod.PhysioNet.own_gain,PhysionetMI,28,3.5606060606060503,
core.CBraMod.PhysioNet.own_gain,PhysionetMI,29,13.71212121212121,
core.CBraMod.PhysioNet.own_gain,PhysionetMI,30,2.42424242424242,
core.CBraMod.PhysioNet.own_gain,PhysionetMI,31,2.95454545454544,
core.CBraMod.PhysioNet.own_gain,PhysionetMI,32,0.23076923076923,
core.CBraMod.PhysioNet.own_gain,PhysionetMI,33,0.9848484848484799,
core.CBraMod.PhysioNet.own_gain,PhysionetMI,34,3.9230769230769096,
core.CBraMod.PhysioNet.own_gain,PhysionetMI,35,0.75757575757575,
core.CBraMod.PhysioNet.own_gain,PhysionetMI,36,3.1060606060606,
core.CBraMod.PhysioNet.own_gain,PhysionetMI,37,12.27272727272727,
core.CBraMod.PhysioNet.own_gain,PhysionetMI,38,4.54545454545454,
core.CBraMod.PhysioNet.own_gain,PhysionetMI,39,7.1212121212121104,
core.CBraMod.PhysioNet.own_gain,PhysionetMI,40,-3.4090909090909,
core.CBraMod.PhysioNet.own_gain,PhysionetMI,41,-6.07692307692307,
core.CBraMod.PhysioNet.own_gain,PhysionetMI,42,-1.06060606060605,
core.CBraMod.PhysioNet.own_gain,PhysionetMI,43,-0.07575757575757,
core.CBraMod.PhysioNet.own_gain,PhysionetMI,44,3.40909090909091,
core.CBraMod.PhysioNet.own_gain,PhysionetMI,45,-0.90909090909091,
core.CBraMod.PhysioNet.own_gain,PhysionetMI,46,-2.34848484848485,
core.CBraMod.PhysioNet.own_gain,PhysionetMI,47,0.68181818181818,
core.CBraMod.PhysioNet.own_gain,PhysionetMI,48,0.0,
core.CBraMod.PhysioNet.own_gain,PhysionetMI,49,-0.68181818181818,
core.CBraMod.PhysioNet.own_gain,PhysionetMI,50,8.48484848484847,
core.CBraMod.PhysioNet.own_gain,PhysionetMI,51,1.59090909090908,
core.CBraMod.PhysioNet.own_gain,PhysionetMI,52,-3.0,
core.CBraMod.PhysioNet.own_gain,PhysionetMI,53,7.12121212121212,
core.CBraMod.PhysioNet.own_gain,PhysionetMI,54,4.015151515151509,
core.CBraMod.PhysioNet.own_gain,PhysionetMI,55,1.66666666666666,
core.CBraMod.PhysioNet.own_gain,PhysionetMI,56,0.0,
core.CBraMod.PhysioNet.own_gain,PhysionetMI,57,0.83333333333333,
core.CBraMod.PhysioNet.own_gain,PhysionetMI,58,7.3076923076922995,
core.CBraMod.PhysioNet.own_gain,PhysionetMI,59,13.25757575757575,
core.CBraMod.PhysioNet.own_gain,PhysionetMI,60,-1.07692307692308,
core.CBraMod.PhysioNet.own_gain,PhysionetMI,61,-0.83333333333333,
core.CBraMod.PhysioNet.own_gain,PhysionetMI,62,0.83333333333333,
core.CBraMod.PhysioNet.own_gain,PhysionetMI,63,4.84848484848484,
core.CBraMod.PhysioNet.own_gain,PhysionetMI,64,3.4090909090909,
core.CBraMod.PhysioNet.own_gain,PhysionetMI,65,-0.3030303030303,
core.CBraMod.PhysioNet.own_gain,PhysionetMI,66,-3.93939393939393,
core.CBraMod.PhysioNet.own_gain,PhysionetMI,67,6.51515151515151,
core.CBraMod.PhysioNet.own_gain,PhysionetMI,68,-1.0606060606060599,
core.CBraMod.PhysioNet.own_gain,PhysionetMI,69,5.53846153846153,
core.CBraMod.PhysioNet.own_gain,PhysionetMI,70,-1.59090909090909,
core.CBraMod.PhysioNet.own_gain,PhysionetMI,71,5.30303030303029,
core.CBraMod.PhysioNet.own_gain,PhysionetMI,72,0.0,
core.CBraMod.PhysioNet.own_gain,PhysionetMI,73,1.13636363636363,
core.CBraMod.PhysioNet.own_gain,PhysionetMI,74,-1.51515151515151,
core.CBraMod.PhysioNet.own_gain,PhysionetMI,75,1.89393939393938,
core.CBraMod.PhysioNet.own_gain,PhysionetMI,76,-3.03030303030302,
core.CBraMod.PhysioNet.own_gain,PhysionetMI,77,2.87878787878788,
core.CBraMod.PhysioNet.own_gain,PhysionetMI,78,-7.04545454545454,
core.CBraMod.PhysioNet.own_gain,PhysionetMI,79,1.66666666666666,
core.CBraMod.PhysioNet.own_gain,PhysionetMI,80,4.53846153846153,
core.CBraMod.PhysioNet.own_gain,PhysionetMI,81,0.9848484848484799,
core.CBraMod.PhysioNet.own_gain,PhysionetMI,82,6.59090909090909,
core.CBraMod.PhysioNet.own_gain,PhysionetMI,83,4.38461538461538,
core.CBraMod.PhysioNet.own_gain,PhysionetMI,84,0.07575757575757,
core.CBraMod.PhysioNet.own_gain,PhysionetMI,85,9.69696969696968,
core.CBraMod.PhysioNet.own_gain,PhysionetMI,86,0.53846153846153,
core.CBraMod.PhysioNet.own_gain,PhysionetMI,87,-7.65151515151514,
core.CBraMod.PhysioNet.own_gain,PhysionetMI,90,0.22727272727272002,
core.CBraMod.PhysioNet.own_gain,PhysionetMI,91,-6.590909090909081,
core.CBraMod.PhysioNet.own_gain,PhysionetMI,93,5.530303030303029,
core.CBraMod.PhysioNet.own_gain,PhysionetMI,94,6.8181818181818095,
core.CBraMod.PhysioNet.own_gain,PhysionetMI,95,-1.84615384615384,
core.CBraMod.PhysioNet.own_gain,PhysionetMI,96,-2.65151515151515,
core.CBraMod.PhysioNet.own_gain,PhysionetMI,97,11.060606060606059,
core.CBraMod.PhysioNet.own_gain,PhysionetMI,98,3.5606060606060503,
core.CBraMod.PhysioNet.own_gain,PhysionetMI,99,-3.93939393939394,
core.CBraMod.PhysioNet.own_gain,PhysionetMI,101,4.61538461538461,
core.CBraMod.PhysioNet.own_gain,PhysionetMI,102,7.42424242424241,
core.CBraMod.PhysioNet.own_gain,PhysionetMI,103,-4.39393939393939,
core.CBraMod.PhysioNet.own_gain,PhysionetMI,105,4.24242424242423,
core.CBraMod.PhysioNet.own_gain,PhysionetMI,107,-4.92424242424242,
core.CBraMod.PhysioNet.own_gain,PhysionetMI,108,7.5,
core.CBraMod.PhysioNet.own_gain,PhysionetMI,109,-1.8939393939393898,
core.CBraMod.PhysioNet.upper_bound,PhysionetMI,1,-1.71969696969697,
core.CBraMod.PhysioNet.upper_bound,PhysionetMI,2,3.8153846153846196,
core.CBraMod.PhysioNet.upper_bound,PhysionetMI,3,1.8560606060606,
core.CBraMod.PhysioNet.upper_bound,PhysionetMI,4,1.9545454545454402,
core.CBraMod.PhysioNet.upper_bound,PhysionetMI,5,-3.81060606060606,
core.CBraMod.PhysioNet.upper_bound,PhysionetMI,6,6.53787878787878,
core.CBraMod.PhysioNet.upper_bound,PhysionetMI,7,-0.34848484848485,
core.CBraMod.PhysioNet.upper_bound,PhysionetMI,8,5.42424242424242,
core.CBraMod.PhysioNet.upper_bound,PhysionetMI,9,9.23076923076923,
core.CBraMod.PhysioNet.upper_bound,PhysionetMI,10,1.53076923076923,
core.CBraMod.PhysioNet.upper_bound,PhysionetMI,11,-4.92424242424242,
core.CBraMod.PhysioNet.upper_bound,PhysionetMI,12,0.71969696969697,
core.CBraMod.PhysioNet.upper_bound,PhysionetMI,13,5.85606060606061,
core.CBraMod.PhysioNet.upper_bound,PhysionetMI,14,7.97727272727272,
core.CBraMod.PhysioNet.upper_bound,PhysionetMI,15,4.86923076923076,
core.CBraMod.PhysioNet.upper_bound,PhysionetMI,16,-3.18939393939393,
core.CBraMod.PhysioNet.upper_bound,PhysionetMI,17,7.48484848484848,
core.CBraMod.PhysioNet.upper_bound,PhysionetMI,18,1.06818181818181,
core.CBraMod.PhysioNet.upper_bound,PhysionetMI,19,-0.09090909090909,
core.CBraMod.PhysioNet.upper_bound,PhysionetMI,20,10.03787878787878,
core.CBraMod.PhysioNet.upper_bound,PhysionetMI,21,6.03030303030302,
core.CBraMod.PhysioNet.upper_bound,PhysionetMI,22,2.28787878787878,
core.CBraMod.PhysioNet.upper_bound,PhysionetMI,23,1.65384615384613,
core.CBraMod.PhysioNet.upper_bound,PhysionetMI,24,-1.52272727272727,
core.CBraMod.PhysioNet.upper_bound,PhysionetMI,25,-1.9166666666666499,
core.CBraMod.PhysioNet.upper_bound,PhysionetMI,26,-0.48461538461538006,
core.CBraMod.PhysioNet.upper_bound,PhysionetMI,27,-0.29545454545454,
core.CBraMod.PhysioNet.upper_bound,PhysionetMI,28,3.3863636363636296,
core.CBraMod.PhysioNet.upper_bound,PhysionetMI,29,14.46212121212121,
core.CBraMod.PhysioNet.upper_bound,PhysionetMI,30,0.9848484848484799,
core.CBraMod.PhysioNet.upper_bound,PhysionetMI,31,3.7651515151515103,
core.CBraMod.PhysioNet.upper_bound,PhysionetMI,32,1.5692307692307699,
core.CBraMod.PhysioNet.upper_bound,PhysionetMI,33,0.6666666666666601,
core.CBraMod.PhysioNet.upper_bound,PhysionetMI,34,8.11538461538461,
core.CBraMod.PhysioNet.upper_bound,PhysionetMI,35,2.92424242424242,
core.CBraMod.PhysioNet.upper_bound,PhysionetMI,36,5.40909090909091,
core.CBraMod.PhysioNet.upper_bound,PhysionetMI,37,9.34848484848484,
core.CBraMod.PhysioNet.upper_bound,PhysionetMI,38,9.02272727272727,
core.CBraMod.PhysioNet.upper_bound,PhysionetMI,39,7.71969696969697,
core.CBraMod.PhysioNet.upper_bound,PhysionetMI,40,1.71212121212121,
core.CBraMod.PhysioNet.upper_bound,PhysionetMI,41,-3.84615384615384,
core.CBraMod.PhysioNet.upper_bound,PhysionetMI,42,0.1439393939394,
core.CBraMod.PhysioNet.upper_bound,PhysionetMI,43,1.6363636363636298,
core.CBraMod.PhysioNet.upper_bound,PhysionetMI,44,-0.00757575757575582,
core.CBraMod.PhysioNet.upper_bound,PhysionetMI,45,-0.5378787878787901,
core.CBraMod.PhysioNet.upper_bound,PhysionetMI,46,-3.31818181818181,
core.CBraMod.PhysioNet.upper_bound,PhysionetMI,47,0.75757575757575,
core.CBraMod.PhysioNet.upper_bound,PhysionetMI,48,0.59090909090909,
core.CBraMod.PhysioNet.upper_bound,PhysionetMI,49,-0.93181818181818,
core.CBraMod.PhysioNet.upper_bound,PhysionetMI,50,7.643939393939379,
core.CBraMod.PhysioNet.upper_bound,PhysionetMI,51,3.92424242424242,
core.CBraMod.PhysioNet.upper_bound,PhysionetMI,52,-0.38461538461538,
core.CBraMod.PhysioNet.upper_bound,PhysionetMI,53,9.31060606060605,
core.CBraMod.PhysioNet.upper_bound,PhysionetMI,54,4.84090909090908,
core.CBraMod.PhysioNet.upper_bound,PhysionetMI,55,3.0454545454545503,
core.CBraMod.PhysioNet.upper_bound,PhysionetMI,56,1.76515151515152,
core.CBraMod.PhysioNet.upper_bound,PhysionetMI,57,1.50757575757574,
core.CBraMod.PhysioNet.upper_bound,PhysionetMI,58,8.17692307692306,
core.CBraMod.PhysioNet.upper_bound,PhysionetMI,59,17.63636363636363,
core.CBraMod.PhysioNet.upper_bound,PhysionetMI,60,2.06153846153846,
core.CBraMod.PhysioNet.upper_bound,PhysionetMI,61,-0.33333333333334,
core.CBraMod.PhysioNet.upper_bound,PhysionetMI,62,4.1742424242424105,
core.CBraMod.PhysioNet.upper_bound,PhysionetMI,63,7.00757575757575,
core.CBraMod.PhysioNet.upper_bound,PhysionetMI,64,1.59090909090908,
core.CBraMod.PhysioNet.upper_bound,PhysionetMI,65,1.87121212121211,
core.CBraMod.PhysioNet.upper_bound,PhysionetMI,66,-7.25757575757575,
core.CBraMod.PhysioNet.upper_bound,PhysionetMI,67,6.93939393939393,
core.CBraMod.PhysioNet.upper_bound,PhysionetMI,68,2.34848484848484,
core.CBraMod.PhysioNet.upper_bound,PhysionetMI,69,4.79230769230768,
core.CBraMod.PhysioNet.upper_bound,PhysionetMI,70,-2.03030303030303,
core.CBraMod.PhysioNet.upper_bound,PhysionetMI,71,4.159090909090899,
core.CBraMod.PhysioNet.upper_bound,PhysionetMI,72,1.40151515151514,
core.CBraMod.PhysioNet.upper_bound,PhysionetMI,73,3.13636363636362,
core.CBraMod.PhysioNet.upper_bound,PhysionetMI,74,0.1060606060606,
core.CBraMod.PhysioNet.upper_bound,PhysionetMI,75,1.99999999999999,
core.CBraMod.PhysioNet.upper_bound,PhysionetMI,76,-5.68181818181817,
core.CBraMod.PhysioNet.upper_bound,PhysionetMI,77,1.03030303030303,
core.CBraMod.PhysioNet.upper_bound,PhysionetMI,78,-3.15151515151514,
core.CBraMod.PhysioNet.upper_bound,PhysionetMI,79,1.09090909090909,
core.CBraMod.PhysioNet.upper_bound,PhysionetMI,80,2.6076923076923,
core.CBraMod.PhysioNet.upper_bound,PhysionetMI,81,2.48484848484848,
core.CBraMod.PhysioNet.upper_bound,PhysionetMI,82,3.3712121212121104,
core.CBraMod.PhysioNet.upper_bound,PhysionetMI,83,5.19230769230768,
core.CBraMod.PhysioNet.upper_bound,PhysionetMI,84,0.1060606060606,
core.CBraMod.PhysioNet.upper_bound,PhysionetMI,85,9.87121212121211,
core.CBraMod.PhysioNet.upper_bound,PhysionetMI,86,1.80769230769229,
core.CBraMod.PhysioNet.upper_bound,PhysionetMI,87,-4.43181818181818,
core.CBraMod.PhysioNet.upper_bound,PhysionetMI,90,2.09848484848484,
core.CBraMod.PhysioNet.upper_bound,PhysionetMI,91,-2.41666666666666,
core.CBraMod.PhysioNet.upper_bound,PhysionetMI,93,3.75757575757575,
core.CBraMod.PhysioNet.upper_bound,PhysionetMI,94,5.28787878787878,
core.CBraMod.PhysioNet.upper_bound,PhysionetMI,95,-2.16923076923076,
core.CBraMod.PhysioNet.upper_bound,PhysionetMI,96,-1.40151515151515,
core.CBraMod.PhysioNet.upper_bound,PhysionetMI,97,8.18939393939393,
core.CBraMod.PhysioNet.upper_bound,PhysionetMI,98,2.1060606060605997,
core.CBraMod.PhysioNet.upper_bound,PhysionetMI,99,-5.27272727272726,
core.CBraMod.PhysioNet.upper_bound,PhysionetMI,101,7.4153846153846095,
core.CBraMod.PhysioNet.upper_bound,PhysionetMI,102,10.901515151515149,
core.CBraMod.PhysioNet.upper_bound,PhysionetMI,103,-3.69696969696969,
core.CBraMod.PhysioNet.upper_bound,PhysionetMI,105,2.13636363636363,
core.CBraMod.PhysioNet.upper_bound,PhysionetMI,107,0.46969696969697006,
core.CBraMod.PhysioNet.upper_bound,PhysionetMI,108,6.89393939393938,
core.CBraMod.PhysioNet.upper_bound,PhysionetMI,109,1.42424242424242,
core.CBraMod.PhysioNet.population_gain,PhysionetMI,1,7.196969696969713,
core.CBraMod.PhysioNet.population_gain,PhysionetMI,2,9.307692307692307,
core.CBraMod.PhysioNet.population_gain,PhysionetMI,3,10.83333333333334,
core.CBraMod.PhysioNet.population_gain,PhysionetMI,4,7.045454545454543,
core.CBraMod.PhysioNet.population_gain,PhysionetMI,5,6.969696969696971,
core.CBraMod.PhysioNet.population_gain,PhysionetMI,6,10.757575757575765,
core.CBraMod.PhysioNet.population_gain,PhysionetMI,7,6.818181818181801,
core.CBraMod.PhysioNet.population_gain,PhysionetMI,8,10.07575757575757,
core.CBraMod.PhysioNet.population_gain,PhysionetMI,9,11.00000000000001,
core.CBraMod.PhysioNet.population_gain,PhysionetMI,10,7.23076923076923,
core.CBraMod.PhysioNet.population_gain,PhysionetMI,11,9.545454545454547,
core.CBraMod.PhysioNet.population_gain,PhysionetMI,12,5.909090909090919,
core.CBraMod.PhysioNet.population_gain,PhysionetMI,13,25.37878787878789,
core.CBraMod.PhysioNet.population_gain,PhysionetMI,14,11.363636363636365,
core.CBraMod.PhysioNet.population_gain,PhysionetMI,15,4.461538461538472,
core.CBraMod.PhysioNet.population_gain,PhysionetMI,16,14.621212121212112,
core.CBraMod.PhysioNet.population_gain,PhysionetMI,17,10.303030303030292,
core.CBraMod.PhysioNet.population_gain,PhysionetMI,18,5.3787878787878824,
core.CBraMod.PhysioNet.population_gain,PhysionetMI,19,7.575757575757569,
core.CBraMod.PhysioNet.population_gain,PhysionetMI,20,7.19696969696969,
core.CBraMod.PhysioNet.population_gain,PhysionetMI,21,35.53030303030304,
core.CBraMod.PhysioNet.population_gain,PhysionetMI,22,10.530303030303024,
core.CBraMod.PhysioNet.population_gain,PhysionetMI,23,19.461538461538463,
core.CBraMod.PhysioNet.population_gain,PhysionetMI,24,18.939393939393945,
core.CBraMod.PhysioNet.population_gain,PhysionetMI,25,-1.9696969696969768,
core.CBraMod.PhysioNet.population_gain,PhysionetMI,26,7.769230769230773,
core.CBraMod.PhysioNet.population_gain,PhysionetMI,27,14.621212121212125,
core.CBraMod.PhysioNet.population_gain,PhysionetMI,28,2.500000000000002,
core.CBraMod.PhysioNet.population_gain,PhysionetMI,29,-3.712121212121211,
core.CBraMod.PhysioNet.population_gain,PhysionetMI,30,3.0303030303030276,
core.CBraMod.PhysioNet.population_gain,PhysionetMI,31,28.636363636363654,
core.CBraMod.PhysioNet.population_gain,PhysionetMI,32,14.076923076923077,
core.CBraMod.PhysioNet.population_gain,PhysionetMI,33,-0.9848484848484773,
core.CBraMod.PhysioNet.population_gain,PhysionetMI,34,-2.7692307692307794,
core.CBraMod.PhysioNet.population_gain,PhysionetMI,35,6.212121212121202,
core.CBraMod.PhysioNet.population_gain,PhysionetMI,36,22.499999999999996,
core.CBraMod.PhysioNet.population_gain,PhysionetMI,37,-0.5303030303030254,
core.CBraMod.PhysioNet.population_gain,PhysionetMI,38,4.090909090909101,
core.CBraMod.PhysioNet.population_gain,PhysionetMI,39,-2.5757575757575646,
core.CBraMod.PhysioNet.population_gain,PhysionetMI,40,30.075757575757578,
core.CBraMod.PhysioNet.population_gain,PhysionetMI,41,4.769230769230781,
core.CBraMod.PhysioNet.population_gain,PhysionetMI,42,0.4545454545454408,
core.CBraMod.PhysioNet.population_gain,PhysionetMI,43,31.439393939393934,
core.CBraMod.PhysioNet.population_gain,PhysionetMI,44,1.1363636363636465,
core.CBraMod.PhysioNet.population_gain,PhysionetMI,45,19.318181818181824,
core.CBraMod.PhysioNet.population_gain,PhysionetMI,46,0.60606060606061,
core.CBraMod.PhysioNet.population_gain,PhysionetMI,47,4.772727272727262,
core.CBraMod.PhysioNet.population_gain,PhysionetMI,48,14.393939393939403,
core.CBraMod.PhysioNet.population_gain,PhysionetMI,49,20.378787878787875,
core.CBraMod.PhysioNet.population_gain,PhysionetMI,50,4.545454545454541,
core.CBraMod.PhysioNet.population_gain,PhysionetMI,51,11.363636363636376,
core.CBraMod.PhysioNet.population_gain,PhysionetMI,52,19.538461538461547,
core.CBraMod.PhysioNet.population_gain,PhysionetMI,53,22.19696969696968,
core.CBraMod.PhysioNet.population_gain,PhysionetMI,54,-5.378787878787894,
core.CBraMod.PhysioNet.population_gain,PhysionetMI,55,4.772727272727284,
core.CBraMod.PhysioNet.population_gain,PhysionetMI,56,13.484848484848477,
core.CBraMod.PhysioNet.population_gain,PhysionetMI,57,5.9848484848484595,
core.CBraMod.PhysioNet.population_gain,PhysionetMI,58,-0.4615384615384799,
core.CBraMod.PhysioNet.population_gain,PhysionetMI,59,-7.121212121212128,
core.CBraMod.PhysioNet.population_gain,PhysionetMI,60,1.384615384615373,
core.CBraMod.PhysioNet.population_gain,PhysionetMI,61,21.43939393939398,
core.CBraMod.PhysioNet.population_gain,PhysionetMI,62,4.166666666666674,
core.CBraMod.PhysioNet.population_gain,PhysionetMI,63,-3.106060606060612,
core.CBraMod.PhysioNet.population_gain,PhysionetMI,64,-3.409090909090906,
core.CBraMod.PhysioNet.population_gain,PhysionetMI,65,11.666666666666659,
core.CBraMod.PhysioNet.population_gain,PhysionetMI,66,7.57575757575758,
core.CBraMod.PhysioNet.population_gain,PhysionetMI,67,4.92424242424242,
core.CBraMod.PhysioNet.population_gain,PhysionetMI,68,3.7878787878787956,
core.CBraMod.PhysioNet.population_gain,PhysionetMI,69,18.384615384615376,
core.CBraMod.PhysioNet.population_gain,PhysionetMI,70,17.348484848484848,
core.CBraMod.PhysioNet.population_gain,PhysionetMI,71,6.287878787878787,
core.CBraMod.PhysioNet.population_gain,PhysionetMI,72,6.36363636363636,
core.CBraMod.PhysioNet.population_gain,PhysionetMI,73,14.77272727272727,
core.CBraMod.PhysioNet.population_gain,PhysionetMI,74,11.060606060606059,
core.CBraMod.PhysioNet.population_gain,PhysionetMI,75,26.969696969696983,
core.CBraMod.PhysioNet.population_gain,PhysionetMI,76,3.712121212121211,
core.CBraMod.PhysioNet.population_gain,PhysionetMI,77,-0.37878787878786735,
core.CBraMod.PhysioNet.population_gain,PhysionetMI,78,9.393939393939398,
core.CBraMod.PhysioNet.population_gain,PhysionetMI,79,8.40909090909091,
core.CBraMod.PhysioNet.population_gain,PhysionetMI,80,-1.1538461538461497,
core.CBraMod.PhysioNet.population_gain,PhysionetMI,81,13.71212121212123,
core.CBraMod.PhysioNet.population_gain,PhysionetMI,82,17.42424242424243,
core.CBraMod.PhysioNet.population_gain,PhysionetMI,83,0.9999999999999898,
core.CBraMod.PhysioNet.population_gain,PhysionetMI,84,-3.4848484848484906,
core.CBraMod.PhysioNet.population_gain,PhysionetMI,85,18.86363636363636,
core.CBraMod.PhysioNet.population_gain,PhysionetMI,86,13.076923076923098,
core.CBraMod.PhysioNet.population_gain,PhysionetMI,87,0.9090909090909038,
core.CBraMod.PhysioNet.population_gain,PhysionetMI,90,11.212121212121218,
core.CBraMod.PhysioNet.population_gain,PhysionetMI,91,23.939393939393916,
core.CBraMod.PhysioNet.population_gain,PhysionetMI,93,5.2272727272727355,
core.CBraMod.PhysioNet.population_gain,PhysionetMI,94,9.015151515151508,
core.CBraMod.PhysioNet.population_gain,PhysionetMI,95,7.000000000000006,
core.CBraMod.PhysioNet.population_gain,PhysionetMI,96,10.757575757575744,
core.CBraMod.PhysioNet.population_gain,PhysionetMI,97,2.7272727272727226,
core.CBraMod.PhysioNet.population_gain,PhysionetMI,98,1.7424242424242398,
core.CBraMod.PhysioNet.population_gain,PhysionetMI,99,8.106060606060606,
core.CBraMod.PhysioNet.population_gain,PhysionetMI,101,10.461538461538478,
core.CBraMod.PhysioNet.population_gain,PhysionetMI,102,8.939393939393947,
core.CBraMod.PhysioNet.population_gain,PhysionetMI,103,14.469696969696976,
core.CBraMod.PhysioNet.population_gain,PhysionetMI,105,7.196969696969702,
core.CBraMod.PhysioNet.population_gain,PhysionetMI,107,12.348484848484848,
core.CBraMod.PhysioNet.population_gain,PhysionetMI,108,9.015151515151521,
core.CBraMod.PhysioNet.population_gain,PhysionetMI,109,8.030303030303031,
core.CBraMod.Dreyer.own_gain,Dreyer2023,1,3.49999999999999,
core.CBraMod.Dreyer.own_gain,Dreyer2023,2,3.16666666666666,
core.CBraMod.Dreyer.own_gain,Dreyer2023,3,-1.66666666666666,
core.CBraMod.Dreyer.own_gain,Dreyer2023,5,0.33333333333332,
core.CBraMod.Dreyer.own_gain,Dreyer2023,6,3.33333333333333,
core.CBraMod.Dreyer.own_gain,Dreyer2023,7,0.83333333333333,
core.CBraMod.Dreyer.own_gain,Dreyer2023,8,6.16666666666666,
core.CBraMod.Dreyer.own_gain,Dreyer2023,10,-0.16666666666666,
core.CBraMod.Dreyer.own_gain,Dreyer2023,11,10.16666666666666,
core.CBraMod.Dreyer.own_gain,Dreyer2023,12,3.49999999999999,
core.CBraMod.Dreyer.own_gain,Dreyer2023,13,1.83333333333333,
core.CBraMod.Dreyer.own_gain,Dreyer2023,14,5.83333333333333,
core.CBraMod.Dreyer.own_gain,Dreyer2023,15,-0.6666666666666601,
core.CBraMod.Dreyer.own_gain,Dreyer2023,16,3.49999999999999,
core.CBraMod.Dreyer.own_gain,Dreyer2023,18,2.66666666666666,
core.CBraMod.Dreyer.own_gain,Dreyer2023,19,4.99999999999999,
core.CBraMod.Dreyer.own_gain,Dreyer2023,20,0.5,
core.CBraMod.Dreyer.own_gain,Dreyer2023,21,1.1666666666666599,
core.CBraMod.Dreyer.own_gain,Dreyer2023,22,1.83333333333333,
core.CBraMod.Dreyer.own_gain,Dreyer2023,23,5.66666666666666,
core.CBraMod.Dreyer.own_gain,Dreyer2023,24,0.0,
core.CBraMod.Dreyer.own_gain,Dreyer2023,25,5.99999999999999,
core.CBraMod.Dreyer.own_gain,Dreyer2023,26,6.66666666666666,
core.CBraMod.Dreyer.own_gain,Dreyer2023,27,2.4999999999999902,
core.CBraMod.Dreyer.own_gain,Dreyer2023,28,3.33333333333333,
core.CBraMod.Dreyer.own_gain,Dreyer2023,30,8.99999999999999,
core.CBraMod.Dreyer.own_gain,Dreyer2023,31,1.83333333333333,
core.CBraMod.Dreyer.own_gain,Dreyer2023,32,6.33333333333332,
core.CBraMod.Dreyer.own_gain,Dreyer2023,33,2.0,
core.CBraMod.Dreyer.own_gain,Dreyer2023,34,3.16666666666666,
core.CBraMod.Dreyer.own_gain,Dreyer2023,35,2.66666666666667,
core.CBraMod.Dreyer.own_gain,Dreyer2023,36,0.8333333333333199,
core.CBraMod.Dreyer.own_gain,Dreyer2023,37,2.4999999999999902,
core.CBraMod.Dreyer.own_gain,Dreyer2023,38,5.49999999999999,
core.CBraMod.Dreyer.own_gain,Dreyer2023,39,3.33333333333333,
core.CBraMod.Dreyer.own_gain,Dreyer2023,40,-0.86206896551724,
core.CBraMod.Dreyer.own_gain,Dreyer2023,42,5.99999999999999,
core.CBraMod.Dreyer.own_gain,Dreyer2023,43,1.99999999999999,
core.CBraMod.Dreyer.own_gain,Dreyer2023,44,1.66666666666666,
core.CBraMod.Dreyer.own_gain,Dreyer2023,45,6.66666666666666,
core.CBraMod.Dreyer.own_gain,Dreyer2023,46,-1.83333333333333,
core.CBraMod.Dreyer.own_gain,Dreyer2023,47,1.83333333333333,
core.CBraMod.Dreyer.own_gain,Dreyer2023,48,2.1666666666666603,
core.CBraMod.Dreyer.own_gain,Dreyer2023,49,4.8333333333333295,
core.CBraMod.Dreyer.own_gain,Dreyer2023,50,-2.0,
core.CBraMod.Dreyer.own_gain,Dreyer2023,51,4.16666666666666,
core.CBraMod.Dreyer.own_gain,Dreyer2023,52,1.8333333333333202,
core.CBraMod.Dreyer.own_gain,Dreyer2023,53,4.99999999999999,
core.CBraMod.Dreyer.own_gain,Dreyer2023,54,4.33333333333333,
core.CBraMod.Dreyer.own_gain,Dreyer2023,55,-1.942890293094024e-15,
core.CBraMod.Dreyer.own_gain,Dreyer2023,56,5.83333333333333,
core.CBraMod.Dreyer.own_gain,Dreyer2023,57,2.3333333333333197,
core.CBraMod.Dreyer.own_gain,Dreyer2023,58,2.1666666666666603,
core.CBraMod.Dreyer.own_gain,Dreyer2023,59,3.24999999999999,
core.CBraMod.Dreyer.own_gain,Dreyer2023,60,4.49999999999999,
core.CBraMod.Dreyer.own_gain,Dreyer2023,61,3.8333333333333197,
core.CBraMod.Dreyer.own_gain,Dreyer2023,62,8.66666666666666,
core.CBraMod.Dreyer.own_gain,Dreyer2023,63,3.66666666666666,
core.CBraMod.Dreyer.own_gain,Dreyer2023,64,9.83333333333332,
core.CBraMod.Dreyer.own_gain,Dreyer2023,65,4.16666666666666,
core.CBraMod.Dreyer.own_gain,Dreyer2023,66,2.6666666666666496,
core.CBraMod.Dreyer.own_gain,Dreyer2023,67,2.1666666666666603,
core.CBraMod.Dreyer.own_gain,Dreyer2023,68,2.66666666666666,
core.CBraMod.Dreyer.own_gain,Dreyer2023,69,3.99999999999999,
core.CBraMod.Dreyer.own_gain,Dreyer2023,70,3.33333333333333,
core.CBraMod.Dreyer.own_gain,Dreyer2023,71,-0.16666666666667,
core.CBraMod.Dreyer.own_gain,Dreyer2023,72,7.49999999999999,
core.CBraMod.Dreyer.own_gain,Dreyer2023,73,13.49999999999999,
core.CBraMod.Dreyer.own_gain,Dreyer2023,74,3.8333333333333304,
core.CBraMod.Dreyer.own_gain,Dreyer2023,75,4.333333333333321,
core.CBraMod.Dreyer.own_gain,Dreyer2023,76,9.16666666666666,
core.CBraMod.Dreyer.own_gain,Dreyer2023,77,1.0,
core.CBraMod.Dreyer.own_gain,Dreyer2023,80,6.16666666666666,
core.CBraMod.Dreyer.own_gain,Dreyer2023,81,-0.33333333333333004,
core.CBraMod.Dreyer.own_gain,Dreyer2023,82,6.66666666666666,
core.CBraMod.Dreyer.own_gain,Dreyer2023,83,9.33333333333332,
core.CBraMod.Dreyer.own_gain,Dreyer2023,84,3.0,
core.CBraMod.Dreyer.own_gain,Dreyer2023,85,3.16666666666666,
core.CBraMod.Dreyer.own_gain,Dreyer2023,86,0.6666666666666601,
core.CBraMod.Dreyer.own_gain,Dreyer2023,87,7.49999999999999,
core.CBraMod.Dreyer.upper_bound,Dreyer2023,1,4.53333333333332,
core.CBraMod.Dreyer.upper_bound,Dreyer2023,2,4.76666666666666,
core.CBraMod.Dreyer.upper_bound,Dreyer2023,3,2.6,
core.CBraMod.Dreyer.upper_bound,Dreyer2023,5,2.39999999999999,
core.CBraMod.Dreyer.upper_bound,Dreyer2023,6,2.3,
core.CBraMod.Dreyer.upper_bound,Dreyer2023,7,3.31666666666666,
core.CBraMod.Dreyer.upper_bound,Dreyer2023,8,3.98333333333332,
core.CBraMod.Dreyer.upper_bound,Dreyer2023,10,1.31666666666666,
core.CBraMod.Dreyer.upper_bound,Dreyer2023,11,11.48333333333333,
core.CBraMod.Dreyer.upper_bound,Dreyer2023,12,4.14999999999999,
core.CBraMod.Dreyer.upper_bound,Dreyer2023,13,1.53333333333334,
core.CBraMod.Dreyer.upper_bound,Dreyer2023,14,6.61666666666666,
core.CBraMod.Dreyer.upper_bound,Dreyer2023,15,0.06666666666665999,
core.CBraMod.Dreyer.upper_bound,Dreyer2023,16,6.749999999999989,
core.CBraMod.Dreyer.upper_bound,Dreyer2023,18,3.4333333333333202,
core.CBraMod.Dreyer.upper_bound,Dreyer2023,19,7.866666666666659,
core.CBraMod.Dreyer.upper_bound,Dreyer2023,20,2.93333333333333,
core.CBraMod.Dreyer.upper_bound,Dreyer2023,21,3.03333333333333,
core.CBraMod.Dreyer.upper_bound,Dreyer2023,22,7.21666666666666,
core.CBraMod.Dreyer.upper_bound,Dreyer2023,23,7.666666666666661,
core.CBraMod.Dreyer.upper_bound,Dreyer2023,24,2.88333333333333,
core.CBraMod.Dreyer.upper_bound,Dreyer2023,25,4.81666666666666,
core.CBraMod.Dreyer.upper_bound,Dreyer2023,26,10.08333333333333,
core.CBraMod.Dreyer.upper_bound,Dreyer2023,27,5.21666666666666,
core.CBraMod.Dreyer.upper_bound,Dreyer2023,28,2.56666666666666,
core.CBraMod.Dreyer.upper_bound,Dreyer2023,30,8.166666666666659,
core.CBraMod.Dreyer.upper_bound,Dreyer2023,31,5.54999999999999,
core.CBraMod.Dreyer.upper_bound,Dreyer2023,32,7.73333333333333,
core.CBraMod.Dreyer.upper_bound,Dreyer2023,33,4.33333333333333,
core.CBraMod.Dreyer.upper_bound,Dreyer2023,34,1.99999999999999,
core.CBraMod.Dreyer.upper_bound,Dreyer2023,35,6.08333333333333,
core.CBraMod.Dreyer.upper_bound,Dreyer2023,36,2.26666666666666,
core.CBraMod.Dreyer.upper_bound,Dreyer2023,37,6.5,
core.CBraMod.Dreyer.upper_bound,Dreyer2023,38,9.66666666666665,
core.CBraMod.Dreyer.upper_bound,Dreyer2023,39,1.73333333333332,
core.CBraMod.Dreyer.upper_bound,Dreyer2023,40,2.94827586206895,
core.CBraMod.Dreyer.upper_bound,Dreyer2023,42,12.89999999999999,
core.CBraMod.Dreyer.upper_bound,Dreyer2023,43,2.68333333333332,
core.CBraMod.Dreyer.upper_bound,Dreyer2023,44,1.13333333333333,
core.CBraMod.Dreyer.upper_bound,Dreyer2023,45,3.99999999999999,
core.CBraMod.Dreyer.upper_bound,Dreyer2023,46,0.61666666666666,
core.CBraMod.Dreyer.upper_bound,Dreyer2023,47,5.03333333333332,
core.CBraMod.Dreyer.upper_bound,Dreyer2023,48,3.58333333333333,
core.CBraMod.Dreyer.upper_bound,Dreyer2023,49,7.54999999999999,
core.CBraMod.Dreyer.upper_bound,Dreyer2023,50,0.7999999999999899,
core.CBraMod.Dreyer.upper_bound,Dreyer2023,51,4.83333333333332,
core.CBraMod.Dreyer.upper_bound,Dreyer2023,52,3.28333333333332,
core.CBraMod.Dreyer.upper_bound,Dreyer2023,53,5.96666666666666,
core.CBraMod.Dreyer.upper_bound,Dreyer2023,54,6.28333333333333,
core.CBraMod.Dreyer.upper_bound,Dreyer2023,55,1.73333333333332,
core.CBraMod.Dreyer.upper_bound,Dreyer2023,56,8.56666666666666,
core.CBraMod.Dreyer.upper_bound,Dreyer2023,57,1.09999999999999,
core.CBraMod.Dreyer.upper_bound,Dreyer2023,58,3.3999999999999897,
core.CBraMod.Dreyer.upper_bound,Dreyer2023,59,6.89999999999999,
core.CBraMod.Dreyer.upper_bound,Dreyer2023,60,7.1499999999999995,
core.CBraMod.Dreyer.upper_bound,Dreyer2023,61,4.1999999999999895,
core.CBraMod.Dreyer.upper_bound,Dreyer2023,62,8.866666666666651,
core.CBraMod.Dreyer.upper_bound,Dreyer2023,63,5.49999999999999,
core.CBraMod.Dreyer.upper_bound,Dreyer2023,64,7.54999999999999,
core.CBraMod.Dreyer.upper_bound,Dreyer2023,65,6.649999999999991,
core.CBraMod.Dreyer.upper_bound,Dreyer2023,66,4.73333333333332,
core.CBraMod.Dreyer.upper_bound,Dreyer2023,67,3.86666666666666,
core.CBraMod.Dreyer.upper_bound,Dreyer2023,68,5.8999999999999995,
core.CBraMod.Dreyer.upper_bound,Dreyer2023,69,5.76666666666665,
core.CBraMod.Dreyer.upper_bound,Dreyer2023,70,6.06666666666666,
core.CBraMod.Dreyer.upper_bound,Dreyer2023,71,4.9499999999999895,
core.CBraMod.Dreyer.upper_bound,Dreyer2023,72,8.783333333333319,
core.CBraMod.Dreyer.upper_bound,Dreyer2023,73,14.499999999999991,
core.CBraMod.Dreyer.upper_bound,Dreyer2023,74,5.949999999999999,
core.CBraMod.Dreyer.upper_bound,Dreyer2023,75,6.149999999999991,
core.CBraMod.Dreyer.upper_bound,Dreyer2023,76,9.35,
core.CBraMod.Dreyer.upper_bound,Dreyer2023,77,3.53333333333333,
core.CBraMod.Dreyer.upper_bound,Dreyer2023,80,9.283333333333319,
core.CBraMod.Dreyer.upper_bound,Dreyer2023,81,4.33333333333333,
core.CBraMod.Dreyer.upper_bound,Dreyer2023,82,10.61666666666666,
core.CBraMod.Dreyer.upper_bound,Dreyer2023,83,9.76666666666665,
core.CBraMod.Dreyer.upper_bound,Dreyer2023,84,6.599999999999991,
core.CBraMod.Dreyer.upper_bound,Dreyer2023,85,4.18333333333332,
core.CBraMod.Dreyer.upper_bound,Dreyer2023,86,1.8833333333333198,
core.CBraMod.Dreyer.upper_bound,Dreyer2023,87,5.083333333333321,
core.CBraMod.Dreyer.population_gain,Dreyer2023,1,9.333333333333327,
core.CBraMod.Dreyer.population_gain,Dreyer2023,2,11.33333333333334,
core.CBraMod.Dreyer.population_gain,Dreyer2023,3,17.33333333333332,
core.CBraMod.Dreyer.population_gain,Dreyer2023,5,10.666666666666657,
core.CBraMod.Dreyer.population_gain,Dreyer2023,6,6.499999999999995,
core.CBraMod.Dreyer.population_gain,Dreyer2023,7,7.166666666666643,
core.CBraMod.Dreyer.population_gain,Dreyer2023,8,8.999999999999986,
core.CBraMod.Dreyer.population_gain,Dreyer2023,10,12.833333333333318,
core.CBraMod.Dreyer.population_gain,Dreyer2023,11,6.000000000000005,
core.CBraMod.Dreyer.population_gain,Dreyer2023,12,8.499999999999996,
core.CBraMod.Dreyer.population_gain,Dreyer2023,13,5.333333333333323,
core.CBraMod.Dreyer.population_gain,Dreyer2023,14,6.666666666666665,
core.CBraMod.Dreyer.population_gain,Dreyer2023,15,11.16666666666668,
core.CBraMod.Dreyer.population_gain,Dreyer2023,16,4.333333333333345,
core.CBraMod.Dreyer.population_gain,Dreyer2023,18,14.166666666666671,
core.CBraMod.Dreyer.population_gain,Dreyer2023,19,9.499999999999986,
core.CBraMod.Dreyer.population_gain,Dreyer2023,20,10.999999999999998,
core.CBraMod.Dreyer.population_gain,Dreyer2023,21,9.666666666666647,
core.CBraMod.Dreyer.population_gain,Dreyer2023,22,14.333333333333332,
core.CBraMod.Dreyer.population_gain,Dreyer2023,23,6.666666666666665,
core.CBraMod.Dreyer.population_gain,Dreyer2023,24,9.999999999999986,
core.CBraMod.Dreyer.population_gain,Dreyer2023,25,7.333333333333347,
core.CBraMod.Dreyer.population_gain,Dreyer2023,26,13.166666666666671,
core.CBraMod.Dreyer.population_gain,Dreyer2023,27,11.33333333333335,
core.CBraMod.Dreyer.population_gain,Dreyer2023,28,6.833333333333325,
core.CBraMod.Dreyer.population_gain,Dreyer2023,30,7.333333333333336,
core.CBraMod.Dreyer.population_gain,Dreyer2023,31,14.499999999999991,
core.CBraMod.Dreyer.population_gain,Dreyer2023,32,15.499999999999991,
core.CBraMod.Dreyer.population_gain,Dreyer2023,33,14.000000000000002,
core.CBraMod.Dreyer.population_gain,Dreyer2023,34,7.666666666666666,
core.CBraMod.Dreyer.population_gain,Dreyer2023,35,9.666666666666668,
core.CBraMod.Dreyer.population_gain,Dreyer2023,36,11.33333333333334,
core.CBraMod.Dreyer.population_gain,Dreyer2023,37,10.33333333333334,
core.CBraMod.Dreyer.population_gain,Dreyer2023,38,12.666666666666682,
core.CBraMod.Dreyer.population_gain,Dreyer2023,39,2.833333333333332,
core.CBraMod.Dreyer.population_gain,Dreyer2023,40,17.24137931034482,
core.CBraMod.Dreyer.population_gain,Dreyer2023,42,15.833333333333343,
core.CBraMod.Dreyer.population_gain,Dreyer2023,43,7.833333333333337,
core.CBraMod.Dreyer.population_gain,Dreyer2023,44,3.499999999999992,
core.CBraMod.Dreyer.population_gain,Dreyer2023,45,6.333333333333324,
core.CBraMod.Dreyer.population_gain,Dreyer2023,46,4.5000000000000036,
core.CBraMod.Dreyer.population_gain,Dreyer2023,47,16.500000000000004,
core.CBraMod.Dreyer.population_gain,Dreyer2023,48,2.166666666666661,
core.CBraMod.Dreyer.population_gain,Dreyer2023,49,7.833333333333337,
core.CBraMod.Dreyer.population_gain,Dreyer2023,50,6.999999999999995,
core.CBraMod.Dreyer.population_gain,Dreyer2023,51,4.0000000000000036,
core.CBraMod.Dreyer.population_gain,Dreyer2023,52,9.333333333333327,
core.CBraMod.Dreyer.population_gain,Dreyer2023,53,9.666666666666668,
core.CBraMod.Dreyer.population_gain,Dreyer2023,54,4.333333333333334,
core.CBraMod.Dreyer.population_gain,Dreyer2023,55,4.833333333333334,
core.CBraMod.Dreyer.population_gain,Dreyer2023,56,3.499999999999992,
core.CBraMod.Dreyer.population_gain,Dreyer2023,57,6.666666666666665,
core.CBraMod.Dreyer.population_gain,Dreyer2023,58,4.1666666666666625,
core.CBraMod.Dreyer.population_gain,Dreyer2023,59,6.75,
core.CBraMod.Dreyer.population_gain,Dreyer2023,60,13.83333333333333,
core.CBraMod.Dreyer.population_gain,Dreyer2023,61,9.166666666666668,
core.CBraMod.Dreyer.population_gain,Dreyer2023,62,2.3333333333333317,
core.CBraMod.Dreyer.population_gain,Dreyer2023,63,15.833333333333343,
core.CBraMod.Dreyer.population_gain,Dreyer2023,64,11.16666666666667,
core.CBraMod.Dreyer.population_gain,Dreyer2023,65,2.1666666666666723,
core.CBraMod.Dreyer.population_gain,Dreyer2023,66,7.000000000000006,
core.CBraMod.Dreyer.population_gain,Dreyer2023,67,6.833333333333336,
core.CBraMod.Dreyer.population_gain,Dreyer2023,68,14.500000000000002,
core.CBraMod.Dreyer.population_gain,Dreyer2023,69,8.666666666666668,
core.CBraMod.Dreyer.population_gain,Dreyer2023,70,20.000000000000007,
core.CBraMod.Dreyer.population_gain,Dreyer2023,71,17.333333333333346,
core.CBraMod.Dreyer.population_gain,Dreyer2023,72,16.666666666666664,
core.CBraMod.Dreyer.population_gain,Dreyer2023,73,8.666666666666679,
core.CBraMod.Dreyer.population_gain,Dreyer2023,74,10.333333333333329,
core.CBraMod.Dreyer.population_gain,Dreyer2023,75,5.499999999999994,
core.CBraMod.Dreyer.population_gain,Dreyer2023,76,2.3333333333333317,
core.CBraMod.Dreyer.population_gain,Dreyer2023,77,9.666666666666668,
core.CBraMod.Dreyer.population_gain,Dreyer2023,80,14.16666666666666,
core.CBraMod.Dreyer.population_gain,Dreyer2023,81,12.99999999999999,
core.CBraMod.Dreyer.population_gain,Dreyer2023,82,4.333333333333322,
core.CBraMod.Dreyer.population_gain,Dreyer2023,83,5.166666666666675,
core.CBraMod.Dreyer.population_gain,Dreyer2023,84,11.16666666666667,
core.CBraMod.Dreyer.population_gain,Dreyer2023,85,5.333333333333334,
core.CBraMod.Dreyer.population_gain,Dreyer2023,86,10.499999999999998,
core.CBraMod.Dreyer.population_gain,Dreyer2023,87,0.6666666666666599,
core.CBraMod.Cho.own_gain,Cho2017,1,7.79999999999999,
core.CBraMod.Cho.own_gain,Cho2017,2,-3.2,
core.CBraMod.Cho.own_gain,Cho2017,3,20.8,
core.CBraMod.Cho.own_gain,Cho2017,4,6.399999999999991,
core.CBraMod.Cho.own_gain,Cho2017,5,-0.6,
core.CBraMod.Cho.own_gain,Cho2017,6,2.0,
core.CBraMod.Cho.own_gain,Cho2017,7,1.0,
core.CBraMod.Cho.own_gain,Cho2017,8,-0.99999999999999,
core.CBraMod.Cho.own_gain,Cho2017,9,4.5,
core.CBraMod.Cho.own_gain,Cho2017,10,5.19999999999999,
core.CBraMod.Cho.own_gain,Cho2017,11,-2.1999999999999997,
core.CBraMod.Cho.own_gain,Cho2017,12,17.59999999999999,
core.CBraMod.Cho.own_gain,Cho2017,13,14.19999999999999,
core.CBraMod.Cho.own_gain,Cho2017,14,18.4,
core.CBraMod.Cho.own_gain,Cho2017,15,13.99999999999999,
core.CBraMod.Cho.own_gain,Cho2017,16,0.8,
core.CBraMod.Cho.own_gain,Cho2017,17,0.7999999999999899,
core.CBraMod.Cho.own_gain,Cho2017,18,3.59999999999999,
core.CBraMod.Cho.own_gain,Cho2017,19,1.5999999999999899,
core.CBraMod.Cho.own_gain,Cho2017,20,7.59999999999999,
core.CBraMod.Cho.own_gain,Cho2017,21,7.79999999999999,
core.CBraMod.Cho.own_gain,Cho2017,22,4.79999999999999,
core.CBraMod.Cho.own_gain,Cho2017,23,3.79999999999999,
core.CBraMod.Cho.own_gain,Cho2017,24,7.99999999999999,
core.CBraMod.Cho.own_gain,Cho2017,25,2.4,
core.CBraMod.Cho.own_gain,Cho2017,26,0.6,
core.CBraMod.Cho.own_gain,Cho2017,27,-3.99999999999999,
core.CBraMod.Cho.own_gain,Cho2017,28,25.19999999999999,
core.CBraMod.Cho.own_gain,Cho2017,29,4.79999999999999,
core.CBraMod.Cho.own_gain,Cho2017,30,2.4,
core.CBraMod.Cho.own_gain,Cho2017,31,5.99999999999999,
core.CBraMod.Cho.own_gain,Cho2017,32,1.2,
core.CBraMod.Cho.own_gain,Cho2017,33,-5.59999999999999,
core.CBraMod.Cho.own_gain,Cho2017,34,-0.59999999999999,
core.CBraMod.Cho.own_gain,Cho2017,35,41.4,
core.CBraMod.Cho.own_gain,Cho2017,36,1.99999999999999,
core.CBraMod.Cho.own_gain,Cho2017,37,0.0,
core.CBraMod.Cho.own_gain,Cho2017,38,-0.7999999999999899,
core.CBraMod.Cho.own_gain,Cho2017,39,4.79999999999999,
core.CBraMod.Cho.own_gain,Cho2017,40,2.6,
core.CBraMod.Cho.own_gain,Cho2017,41,7.79999999999999,
core.CBraMod.Cho.own_gain,Cho2017,42,-4.2,
core.CBraMod.Cho.own_gain,Cho2017,43,0.0,
core.CBraMod.Cho.own_gain,Cho2017,44,3.0,
core.CBraMod.Cho.own_gain,Cho2017,45,0.39999999999999003,
core.CBraMod.Cho.own_gain,Cho2017,46,11.83333333333332,
core.CBraMod.Cho.own_gain,Cho2017,47,5.399999999999991,
core.CBraMod.Cho.own_gain,Cho2017,48,3.59999999999999,
core.CBraMod.Cho.own_gain,Cho2017,49,0.0,
core.CBraMod.Cho.own_gain,Cho2017,50,3.99999999999999,
core.CBraMod.Cho.own_gain,Cho2017,51,3.3999999999999897,
core.CBraMod.Cho.own_gain,Cho2017,52,5.399999999999991,
core.CBraMod.Cho.upper_bound,Cho2017,1,13.919999999999998,
core.CBraMod.Cho.upper_bound,Cho2017,2,-2.85999999999999,
core.CBraMod.Cho.upper_bound,Cho2017,3,16.08,
core.CBraMod.Cho.upper_bound,Cho2017,4,10.73999999999999,
core.CBraMod.Cho.upper_bound,Cho2017,5,1.0599999999999898,
core.CBraMod.Cho.upper_bound,Cho2017,6,4.3999999999999995,
core.CBraMod.Cho.upper_bound,Cho2017,7,0.51666666666666,
core.CBraMod.Cho.upper_bound,Cho2017,8,0.48,
core.CBraMod.Cho.upper_bound,Cho2017,9,3.33333333333333,
core.CBraMod.Cho.upper_bound,Cho2017,10,8.81999999999999,
core.CBraMod.Cho.upper_bound,Cho2017,11,0.8399999999999901,
core.CBraMod.Cho.upper_bound,Cho2017,12,19.61999999999999,
core.CBraMod.Cho.upper_bound,Cho2017,13,19.29999999999999,
core.CBraMod.Cho.upper_bound,Cho2017,14,18.38,
core.CBraMod.Cho.upper_bound,Cho2017,15,12.920000000000002,
core.CBraMod.Cho.upper_bound,Cho2017,16,2.8000000000000003,
core.CBraMod.Cho.upper_bound,Cho2017,17,2.23999999999999,
core.CBraMod.Cho.upper_bound,Cho2017,18,6.599999999999991,
core.CBraMod.Cho.upper_bound,Cho2017,19,0.8599999999999899,
core.CBraMod.Cho.upper_bound,Cho2017,20,12.299999999999981,
core.CBraMod.Cho.upper_bound,Cho2017,21,6.459999999999989,
core.CBraMod.Cho.upper_bound,Cho2017,22,6.89999999999999,
core.CBraMod.Cho.upper_bound,Cho2017,23,5.53999999999999,
core.CBraMod.Cho.upper_bound,Cho2017,24,7.15999999999999,
core.CBraMod.Cho.upper_bound,Cho2017,25,0.06,
core.CBraMod.Cho.upper_bound,Cho2017,26,0.6,
core.CBraMod.Cho.upper_bound,Cho2017,27,-2.01999999999999,
core.CBraMod.Cho.upper_bound,Cho2017,28,27.04,
core.CBraMod.Cho.upper_bound,Cho2017,29,5.63999999999999,
core.CBraMod.Cho.upper_bound,Cho2017,30,9.53999999999999,
core.CBraMod.Cho.upper_bound,Cho2017,31,12.259999999999991,
core.CBraMod.Cho.upper_bound,Cho2017,32,1.0599999999999898,
core.CBraMod.Cho.upper_bound,Cho2017,33,-3.1199999999999903,
core.CBraMod.Cho.upper_bound,Cho2017,34,-0.23999999999999,
core.CBraMod.Cho.upper_bound,Cho2017,35,44.55999999999999,
core.CBraMod.Cho.upper_bound,Cho2017,36,-1.28,
core.CBraMod.Cho.upper_bound,Cho2017,37,0.7999999999999899,
core.CBraMod.Cho.upper_bound,Cho2017,38,1.7399999999999902,
core.CBraMod.Cho.upper_bound,Cho2017,39,3.1399999999999997,
core.CBraMod.Cho.upper_bound,Cho2017,40,2.05999999999999,
core.CBraMod.Cho.upper_bound,Cho2017,41,11.27999999999998,
core.CBraMod.Cho.upper_bound,Cho2017,42,-3.3999999999999897,
core.CBraMod.Cho.upper_bound,Cho2017,43,0.04,
core.CBraMod.Cho.upper_bound,Cho2017,44,4.1999999999999895,
core.CBraMod.Cho.upper_bound,Cho2017,45,-0.27999999999999,
core.CBraMod.Cho.upper_bound,Cho2017,46,7.899999999999991,
core.CBraMod.Cho.upper_bound,Cho2017,47,7.2399999999999896,
core.CBraMod.Cho.upper_bound,Cho2017,48,6.459999999999989,
core.CBraMod.Cho.upper_bound,Cho2017,49,0.87999999999999,
core.CBraMod.Cho.upper_bound,Cho2017,50,10.55999999999999,
core.CBraMod.Cho.upper_bound,Cho2017,51,2.58,
core.CBraMod.Cho.upper_bound,Cho2017,52,6.53999999999999,
core.CBraMod.Cho.population_gain,Cho2017,1,3.8000000000000034,
core.CBraMod.Cho.population_gain,Cho2017,2,0.0,
core.CBraMod.Cho.population_gain,Cho2017,3,-4.200000000000004,
core.CBraMod.Cho.population_gain,Cho2017,4,0.9999999999999898,
core.CBraMod.Cho.population_gain,Cho2017,5,1.4000000000000012,
core.CBraMod.Cho.population_gain,Cho2017,6,-1.19999999999999,
core.CBraMod.Cho.population_gain,Cho2017,7,-8.166666666666666,
core.CBraMod.Cho.population_gain,Cho2017,8,-1.200000000000001,
core.CBraMod.Cho.population_gain,Cho2017,9,-0.1666666666666594,
core.CBraMod.Cho.population_gain,Cho2017,10,-2.399999999999991,
core.CBraMod.Cho.population_gain,Cho2017,11,2.599999999999991,
core.CBraMod.Cho.population_gain,Cho2017,12,1.6000000000000014,
core.CBraMod.Cho.population_gain,Cho2017,13,1.19999999999999,
core.CBraMod.Cho.population_gain,Cho2017,14,-8.800000000000008,
core.CBraMod.Cho.population_gain,Cho2017,15,-7.000000000000006,
core.CBraMod.Cho.population_gain,Cho2017,16,0.0,
core.CBraMod.Cho.population_gain,Cho2017,17,9.000000000000007,
core.CBraMod.Cho.population_gain,Cho2017,18,1.1102230246251565e-14,
core.CBraMod.Cho.population_gain,Cho2017,19,0.8000000000000007,
core.CBraMod.Cho.population_gain,Cho2017,20,6.999999999999995,
core.CBraMod.Cho.population_gain,Cho2017,21,-0.40000000000000036,
core.CBraMod.Cho.population_gain,Cho2017,22,-4.400000000000004,
core.CBraMod.Cho.population_gain,Cho2017,23,0.6000000000000116,
core.CBraMod.Cho.population_gain,Cho2017,24,-1.200000000000001,
core.CBraMod.Cho.population_gain,Cho2017,25,-7.9999999999999964,
core.CBraMod.Cho.population_gain,Cho2017,26,0.40000000000000036,
core.CBraMod.Cho.population_gain,Cho2017,27,2.200000000000013,
core.CBraMod.Cho.population_gain,Cho2017,28,9.800000000000008,
core.CBraMod.Cho.population_gain,Cho2017,29,-5.600000000000005,
core.CBraMod.Cho.population_gain,Cho2017,30,4.0000000000000036,
core.CBraMod.Cho.population_gain,Cho2017,31,6.199999999999994,
core.CBraMod.Cho.population_gain,Cho2017,32,5.400000000000005,
core.CBraMod.Cho.population_gain,Cho2017,33,4.800000000000004,
core.CBraMod.Cho.population_gain,Cho2017,34,-2.0000000000000018,
core.CBraMod.Cho.population_gain,Cho2017,35,8.999999999999991,
core.CBraMod.Cho.population_gain,Cho2017,36,-1.4000000000000012,
core.CBraMod.Cho.population_gain,Cho2017,37,-0.19999999999998908,
core.CBraMod.Cho.population_gain,Cho2017,38,4.799999999999994,
core.CBraMod.Cho.population_gain,Cho2017,39,-7.199999999999996,
core.CBraMod.Cho.population_gain,Cho2017,40,-0.8000000000000007,
core.CBraMod.Cho.population_gain,Cho2017,41,-3.200000000000003,
core.CBraMod.Cho.population_gain,Cho2017,42,-1.0000000000000009,
core.CBraMod.Cho.population_gain,Cho2017,43,0.0,
core.CBraMod.Cho.population_gain,Cho2017,44,-1.5999999999999903,
core.CBraMod.Cho.population_gain,Cho2017,45,0.8000000000000007,
core.CBraMod.Cho.population_gain,Cho2017,46,-1.1666666666666714,
core.CBraMod.Cho.population_gain,Cho2017,47,1.000000000000012,
core.CBraMod.Cho.population_gain,Cho2017,48,-2.399999999999991,
core.CBraMod.Cho.population_gain,Cho2017,49,-0.40000000000000036,
core.CBraMod.Cho.population_gain,Cho2017,50,-1.200000000000001,
core.CBraMod.Cho.population_gain,Cho2017,51,-7.9999999999999964,
core.CBraMod.Cho.population_gain,Cho2017,52,2.599999999999991,
core.REVE.PhysioNet.own_gain,PhysionetMI,1,1.66666666666666,
core.REVE.PhysioNet.own_gain,PhysionetMI,2,2.69230769230768,
core.REVE.PhysioNet.own_gain,PhysionetMI,3,0.15151515151515,
core.REVE.PhysioNet.own_gain,PhysionetMI,4,2.65151515151515,
core.REVE.PhysioNet.own_gain,PhysionetMI,5,6.21212121212121,
core.REVE.PhysioNet.own_gain,PhysionetMI,6,0.3030303030303,
core.REVE.PhysioNet.own_gain,PhysionetMI,7,0.0,
core.REVE.PhysioNet.own_gain,PhysionetMI,8,-2.34848484848484,
core.REVE.PhysioNet.own_gain,PhysionetMI,9,-1.84615384615384,
core.REVE.PhysioNet.own_gain,PhysionetMI,10,4.53846153846153,
core.REVE.PhysioNet.own_gain,PhysionetMI,11,1.43939393939394,
core.REVE.PhysioNet.own_gain,PhysionetMI,12,4.09090909090908,
core.REVE.PhysioNet.own_gain,PhysionetMI,13,2.95454545454545,
core.REVE.PhysioNet.own_gain,PhysionetMI,14,0.22727272727272002,
core.REVE.PhysioNet.own_gain,PhysionetMI,15,0.76923076923076,
core.REVE.PhysioNet.own_gain,PhysionetMI,16,0.9090909090909001,
core.REVE.PhysioNet.own_gain,PhysionetMI,17,6.51515151515151,
core.REVE.PhysioNet.own_gain,PhysionetMI,18,0.0,
core.REVE.PhysioNet.own_gain,PhysionetMI,19,-0.83333333333333,
core.REVE.PhysioNet.own_gain,PhysionetMI,20,6.363636363636351,
core.REVE.PhysioNet.own_gain,PhysionetMI,21,1.59090909090908,
core.REVE.PhysioNet.own_gain,PhysionetMI,22,0.0,
core.REVE.PhysioNet.own_gain,PhysionetMI,23,0.15384615384615,
core.REVE.PhysioNet.own_gain,PhysionetMI,24,0.9848484848484799,
core.REVE.PhysioNet.own_gain,PhysionetMI,25,-4.3181818181818095,
core.REVE.PhysioNet.own_gain,PhysionetMI,26,1.92307692307692,
core.REVE.PhysioNet.own_gain,PhysionetMI,27,1.66666666666666,
core.REVE.PhysioNet.own_gain,PhysionetMI,28,-4.39393939393939,
core.REVE.PhysioNet.own_gain,PhysionetMI,29,0.0,
core.REVE.PhysioNet.own_gain,PhysionetMI,30,0.68181818181818,
core.REVE.PhysioNet.own_gain,PhysionetMI,31,-1.8181818181818101,
core.REVE.PhysioNet.own_gain,PhysionetMI,32,1.0,
core.REVE.PhysioNet.own_gain,PhysionetMI,33,4.99999999999999,
core.REVE.PhysioNet.own_gain,PhysionetMI,34,7.76923076923076,
core.REVE.PhysioNet.own_gain,PhysionetMI,35,0.0,
core.REVE.PhysioNet.own_gain,PhysionetMI,36,1.66666666666666,
core.REVE.PhysioNet.own_gain,PhysionetMI,37,7.27272727272727,
core.REVE.PhysioNet.own_gain,PhysionetMI,38,6.1363636363636305,
core.REVE.PhysioNet.own_gain,PhysionetMI,39,1.59090909090909,
core.REVE.PhysioNet.own_gain,PhysionetMI,40,0.0,
core.REVE.PhysioNet.own_gain,PhysionetMI,41,-0.53846153846153,
core.REVE.PhysioNet.own_gain,PhysionetMI,42,-1.66666666666666,
core.REVE.PhysioNet.own_gain,PhysionetMI,43,0.0,
core.REVE.PhysioNet.own_gain,PhysionetMI,44,2.42424242424242,
core.REVE.PhysioNet.own_gain,PhysionetMI,45,2.12121212121211,
core.REVE.PhysioNet.own_gain,PhysionetMI,46,-4.015151515151509,
core.REVE.PhysioNet.own_gain,PhysionetMI,47,-0.68181818181818,
core.REVE.PhysioNet.own_gain,PhysionetMI,48,1.66666666666666,
core.REVE.PhysioNet.own_gain,PhysionetMI,49,5.83333333333333,
core.REVE.PhysioNet.own_gain,PhysionetMI,50,11.51515151515151,
core.REVE.PhysioNet.own_gain,PhysionetMI,51,1.81818181818182,
core.REVE.PhysioNet.own_gain,PhysionetMI,52,2.99999999999999,
core.REVE.PhysioNet.own_gain,PhysionetMI,53,3.40909090909091,
core.REVE.PhysioNet.own_gain,PhysionetMI,54,0.9090909090909001,
core.REVE.PhysioNet.own_gain,PhysionetMI,55,-4.16666666666666,
core.REVE.PhysioNet.own_gain,PhysionetMI,56,4.46969696969696,
core.REVE.PhysioNet.own_gain,PhysionetMI,57,1.06060606060605,
core.REVE.PhysioNet.own_gain,PhysionetMI,58,9.3076923076923,
core.REVE.PhysioNet.own_gain,PhysionetMI,59,8.33333333333333,
core.REVE.PhysioNet.own_gain,PhysionetMI,60,-0.76923076923076,
core.REVE.PhysioNet.own_gain,PhysionetMI,61,-1.8181818181818101,
core.REVE.PhysioNet.own_gain,PhysionetMI,62,0.9090909090909001,
core.REVE.PhysioNet.own_gain,PhysionetMI,63,-2.95454545454545,
core.REVE.PhysioNet.own_gain,PhysionetMI,64,5.0,
core.REVE.PhysioNet.own_gain,PhysionetMI,65,-0.07575757575757,
core.REVE.PhysioNet.own_gain,PhysionetMI,66,2.65151515151515,
core.REVE.PhysioNet.own_gain,PhysionetMI,67,-2.1212121212121,
core.REVE.PhysioNet.own_gain,PhysionetMI,68,4.16666666666666,
core.REVE.PhysioNet.own_gain,PhysionetMI,69,4.61538461538461,
core.REVE.PhysioNet.own_gain,PhysionetMI,70,0.0,
core.REVE.PhysioNet.own_gain,PhysionetMI,71,-0.9848484848484799,
core.REVE.PhysioNet.own_gain,PhysionetMI,72,1.8181818181818101,
core.REVE.PhysioNet.own_gain,PhysionetMI,73,-3.4848484848484804,
core.REVE.PhysioNet.own_gain,PhysionetMI,74,2.42424242424241,
core.REVE.PhysioNet.own_gain,PhysionetMI,75,0.07575757575757999,
core.REVE.PhysioNet.own_gain,PhysionetMI,76,-6.36363636363636,
core.REVE.PhysioNet.own_gain,PhysionetMI,77,-1.66666666666666,
core.REVE.PhysioNet.own_gain,PhysionetMI,78,8.33333333333333,
core.REVE.PhysioNet.own_gain,PhysionetMI,79,-1.51515151515151,
core.REVE.PhysioNet.own_gain,PhysionetMI,80,-1.942890293094024e-15,
core.REVE.PhysioNet.own_gain,PhysionetMI,81,4.09090909090908,
core.REVE.PhysioNet.own_gain,PhysionetMI,82,3.2575757575757502,
core.REVE.PhysioNet.own_gain,PhysionetMI,83,4.53846153846153,
core.REVE.PhysioNet.own_gain,PhysionetMI,84,4.2424242424242395,
core.REVE.PhysioNet.own_gain,PhysionetMI,85,1.51515151515151,
core.REVE.PhysioNet.own_gain,PhysionetMI,86,0.76923076923076,
core.REVE.PhysioNet.own_gain,PhysionetMI,87,5.22727272727272,
core.REVE.PhysioNet.own_gain,PhysionetMI,90,1.51515151515151,
core.REVE.PhysioNet.own_gain,PhysionetMI,91,2.12121212121211,
core.REVE.PhysioNet.own_gain,PhysionetMI,93,-0.5303030303030299,
core.REVE.PhysioNet.own_gain,PhysionetMI,94,-3.33333333333332,
core.REVE.PhysioNet.own_gain,PhysionetMI,95,0.84615384615383,
core.REVE.PhysioNet.own_gain,PhysionetMI,96,-1.66666666666666,
core.REVE.PhysioNet.own_gain,PhysionetMI,97,-1.8181818181818101,
core.REVE.PhysioNet.own_gain,PhysionetMI,98,5.98484848484848,
core.REVE.PhysioNet.own_gain,PhysionetMI,99,4.9242424242424105,
core.REVE.PhysioNet.own_gain,PhysionetMI,101,0.76923076923076,
core.REVE.PhysioNet.own_gain,PhysionetMI,102,5.45454545454545,
core.REVE.PhysioNet.own_gain,PhysionetMI,103,8.40909090909091,
core.REVE.PhysioNet.own_gain,PhysionetMI,105,0.83333333333333,
core.REVE.PhysioNet.own_gain,PhysionetMI,107,-2.42424242424241,
core.REVE.PhysioNet.own_gain,PhysionetMI,108,-1.66666666666666,
core.REVE.PhysioNet.own_gain,PhysionetMI,109,-1.942890293094024e-15,
core.REVE.PhysioNet.upper_bound,PhysionetMI,1,3.72727272727272,
core.REVE.PhysioNet.upper_bound,PhysionetMI,2,2.4692307692307702,
core.REVE.PhysioNet.upper_bound,PhysionetMI,3,1.2272727272727202,
core.REVE.PhysioNet.upper_bound,PhysionetMI,4,3.31060606060605,
core.REVE.PhysioNet.upper_bound,PhysionetMI,5,5.43939393939393,
core.REVE.PhysioNet.upper_bound,PhysionetMI,6,-0.39393939393938,
core.REVE.PhysioNet.upper_bound,PhysionetMI,7,0.17424242424242,
core.REVE.PhysioNet.upper_bound,PhysionetMI,8,0.34090909090909,
core.REVE.PhysioNet.upper_bound,PhysionetMI,9,-0.39230769230768997,
core.REVE.PhysioNet.upper_bound,PhysionetMI,10,3.73846153846153,
core.REVE.PhysioNet.upper_bound,PhysionetMI,11,4.65909090909091,
core.REVE.PhysioNet.upper_bound,PhysionetMI,12,2.24999999999999,
core.REVE.PhysioNet.upper_bound,PhysionetMI,13,3.3409090909090904,
core.REVE.PhysioNet.upper_bound,PhysionetMI,14,0.59090909090909,
core.REVE.PhysioNet.upper_bound,PhysionetMI,15,0.76923076923076,
core.REVE.PhysioNet.upper_bound,PhysionetMI,16,0.53787878787878,
core.REVE.PhysioNet.upper_bound,PhysionetMI,17,7.924242424242419,
core.REVE.PhysioNet.upper_bound,PhysionetMI,18,0.5303030303030299,
core.REVE.PhysioNet.upper_bound,PhysionetMI,19,1.72727272727272,
core.REVE.PhysioNet.upper_bound,PhysionetMI,20,9.81060606060605,
core.REVE.PhysioNet.upper_bound,PhysionetMI,21,2.41666666666666,
core.REVE.PhysioNet.upper_bound,PhysionetMI,22,0.5833333333333299,
core.REVE.PhysioNet.upper_bound,PhysionetMI,23,3.59999999999999,
core.REVE.PhysioNet.upper_bound,PhysionetMI,24,2.54545454545454,
core.REVE.PhysioNet.upper_bound,PhysionetMI,25,2.74999999999999,
core.REVE.PhysioNet.upper_bound,PhysionetMI,26,4.06153846153845,
core.REVE.PhysioNet.upper_bound,PhysionetMI,27,1.1969696969696801,
core.REVE.PhysioNet.upper_bound,PhysionetMI,28,-2.28030303030302,
core.REVE.PhysioNet.upper_bound,PhysionetMI,29,3.68181818181817,
core.REVE.PhysioNet.upper_bound,PhysionetMI,30,1.46969696969697,
core.REVE.PhysioNet.upper_bound,PhysionetMI,31,2.38636363636363,
core.REVE.PhysioNet.upper_bound,PhysionetMI,32,0.47692307692308,
core.REVE.PhysioNet.upper_bound,PhysionetMI,33,4.20454545454545,
core.REVE.PhysioNet.upper_bound,PhysionetMI,34,12.05384615384615,
core.REVE.PhysioNet.upper_bound,PhysionetMI,35,3.74242424242424,
core.REVE.PhysioNet.upper_bound,PhysionetMI,36,1.58333333333333,
core.REVE.PhysioNet.upper_bound,PhysionetMI,37,8.9621212121212,
core.REVE.PhysioNet.upper_bound,PhysionetMI,38,4.64393939393939,
core.REVE.PhysioNet.upper_bound,PhysionetMI,39,5.09090909090909,
core.REVE.PhysioNet.upper_bound,PhysionetMI,40,0.0,
core.REVE.PhysioNet.upper_bound,PhysionetMI,41,1.28461538461538,
core.REVE.PhysioNet.upper_bound,PhysionetMI,42,-1.62878787878788,
core.REVE.PhysioNet.upper_bound,PhysionetMI,43,1.51515151515151,
core.REVE.PhysioNet.upper_bound,PhysionetMI,44,1.44696969696969,
core.REVE.PhysioNet.upper_bound,PhysionetMI,45,1.9242424242424199,
core.REVE.PhysioNet.upper_bound,PhysionetMI,46,-0.9696969696969701,
core.REVE.PhysioNet.upper_bound,PhysionetMI,47,-1.16666666666667,
core.REVE.PhysioNet.upper_bound,PhysionetMI,48,4.99999999999999,
core.REVE.PhysioNet.upper_bound,PhysionetMI,49,6.63636363636362,
core.REVE.PhysioNet.upper_bound,PhysionetMI,50,11.53787878787878,
core.REVE.PhysioNet.upper_bound,PhysionetMI,51,1.9090909090908998,
core.REVE.PhysioNet.upper_bound,PhysionetMI,52,3.6538461538461497,
core.REVE.PhysioNet.upper_bound,PhysionetMI,53,2.6666666666666496,
core.REVE.PhysioNet.upper_bound,PhysionetMI,54,2.5151515151515,
core.REVE.PhysioNet.upper_bound,PhysionetMI,55,-0.4469696969697,
core.REVE.PhysioNet.upper_bound,PhysionetMI,56,2.38636363636363,
core.REVE.PhysioNet.upper_bound,PhysionetMI,57,0.33333333333332,
core.REVE.PhysioNet.upper_bound,PhysionetMI,58,7.99999999999999,
core.REVE.PhysioNet.upper_bound,PhysionetMI,59,6.4621212121211995,
core.REVE.PhysioNet.upper_bound,PhysionetMI,60,1.47692307692307,
core.REVE.PhysioNet.upper_bound,PhysionetMI,61,-0.75,
core.REVE.PhysioNet.upper_bound,PhysionetMI,62,0.90151515151515,
core.REVE.PhysioNet.upper_bound,PhysionetMI,63,2.66666666666666,
core.REVE.PhysioNet.upper_bound,PhysionetMI,64,5.1666666666666705,
core.REVE.PhysioNet.upper_bound,PhysionetMI,65,3.1060606060606,
core.REVE.PhysioNet.upper_bound,PhysionetMI,66,2.2803030303030303,
core.REVE.PhysioNet.upper_bound,PhysionetMI,67,2.63636363636363,
core.REVE.PhysioNet.upper_bound,PhysionetMI,68,3.8181818181818103,
core.REVE.PhysioNet.upper_bound,PhysionetMI,69,7.20769230769229,
core.REVE.PhysioNet.upper_bound,PhysionetMI,70,0.25757575757575,
core.REVE.PhysioNet.upper_bound,PhysionetMI,71,2.78030303030302,
core.REVE.PhysioNet.upper_bound,PhysionetMI,72,1.24999999999998,
core.REVE.PhysioNet.upper_bound,PhysionetMI,73,0.50757575757575,
core.REVE.PhysioNet.upper_bound,PhysionetMI,74,5.757575757575751,
core.REVE.PhysioNet.upper_bound,PhysionetMI,75,2.36363636363636,
core.REVE.PhysioNet.upper_bound,PhysionetMI,76,-4.9772727272727195,
core.REVE.PhysioNet.upper_bound,PhysionetMI,77,-0.6439393939394,
core.REVE.PhysioNet.upper_bound,PhysionetMI,78,8.28030303030302,
core.REVE.PhysioNet.upper_bound,PhysionetMI,79,0.07575757575757,
core.REVE.PhysioNet.upper_bound,PhysionetMI,80,0.29230769230768,
core.REVE.PhysioNet.upper_bound,PhysionetMI,81,4.5530303030303,
core.REVE.PhysioNet.upper_bound,PhysionetMI,82,2.9393939393939297,
core.REVE.PhysioNet.upper_bound,PhysionetMI,83,8.22307692307692,
core.REVE.PhysioNet.upper_bound,PhysionetMI,84,3.02272727272727,
core.REVE.PhysioNet.upper_bound,PhysionetMI,85,3.0909090909090797,
core.REVE.PhysioNet.upper_bound,PhysionetMI,86,0.61538461538461,
core.REVE.PhysioNet.upper_bound,PhysionetMI,87,9.143939393939391,
core.REVE.PhysioNet.upper_bound,PhysionetMI,90,2.58333333333333,
core.REVE.PhysioNet.upper_bound,PhysionetMI,91,4.34848484848484,
core.REVE.PhysioNet.upper_bound,PhysionetMI,93,1.09848484848483,
core.REVE.PhysioNet.upper_bound,PhysionetMI,94,-6.06818181818181,
core.REVE.PhysioNet.upper_bound,PhysionetMI,95,2.16923076923076,
core.REVE.PhysioNet.upper_bound,PhysionetMI,96,0.37121212121211,
core.REVE.PhysioNet.upper_bound,PhysionetMI,97,1.49242424242423,
core.REVE.PhysioNet.upper_bound,PhysionetMI,98,3.6893939393939297,
core.REVE.PhysioNet.upper_bound,PhysionetMI,99,4.74242424242423,
core.REVE.PhysioNet.upper_bound,PhysionetMI,101,0.69230769230768,
core.REVE.PhysioNet.upper_bound,PhysionetMI,102,4.27272727272726,
core.REVE.PhysioNet.upper_bound,PhysionetMI,103,4.67424242424243,
core.REVE.PhysioNet.upper_bound,PhysionetMI,105,1.6363636363636198,
core.REVE.PhysioNet.upper_bound,PhysionetMI,107,-1.3257575757575701,
core.REVE.PhysioNet.upper_bound,PhysionetMI,108,0.04545454545454,
core.REVE.PhysioNet.upper_bound,PhysionetMI,109,-1.34848484848485,
core.REVE.PhysioNet.population_gain,PhysionetMI,1,32.27272727272727,
core.REVE.PhysioNet.population_gain,PhysionetMI,2,4.000000000000037,
core.REVE.PhysioNet.population_gain,PhysionetMI,3,30.075757575757567,
core.REVE.PhysioNet.population_gain,PhysionetMI,4,20.9090909090909,
core.REVE.PhysioNet.population_gain,PhysionetMI,5,20.0,
core.REVE.PhysioNet.population_gain,PhysionetMI,6,37.12121212121211,
core.REVE.PhysioNet.population_gain,PhysionetMI,7,9.999999999999998,
core.REVE.PhysioNet.population_gain,PhysionetMI,8,22.424242424242426,
core.REVE.PhysioNet.population_gain,PhysionetMI,9,13.846153846153841,
core.REVE.PhysioNet.population_gain,PhysionetMI,10,10.307692307692317,
core.REVE.PhysioNet.population_gain,PhysionetMI,11,19.848484848484848,
core.REVE.PhysioNet.population_gain,PhysionetMI,12,2.7272727272727115,
core.REVE.PhysioNet.population_gain,PhysionetMI,13,29.54545454545454,
core.REVE.PhysioNet.population_gain,PhysionetMI,14,9.848484848484851,
core.REVE.PhysioNet.population_gain,PhysionetMI,15,13.76923076923079,
core.REVE.PhysioNet.population_gain,PhysionetMI,16,5.378787878787872,
core.REVE.PhysioNet.population_gain,PhysionetMI,17,15.227272727272734,
core.REVE.PhysioNet.population_gain,PhysionetMI,18,15.000000000000002,
core.REVE.PhysioNet.population_gain,PhysionetMI,19,21.439393939393938,
core.REVE.PhysioNet.population_gain,PhysionetMI,20,18.181818181818166,
core.REVE.PhysioNet.population_gain,PhysionetMI,21,19.24242424242425,
core.REVE.PhysioNet.population_gain,PhysionetMI,22,5.303030303030298,
core.REVE.PhysioNet.population_gain,PhysionetMI,23,10.384615384615381,
core.REVE.PhysioNet.population_gain,PhysionetMI,24,13.939393939393941,
core.REVE.PhysioNet.population_gain,PhysionetMI,25,11.893939393939391,
core.REVE.PhysioNet.population_gain,PhysionetMI,26,5.769230769230759,
core.REVE.PhysioNet.population_gain,PhysionetMI,27,10.984848484848476,
core.REVE.PhysioNet.population_gain,PhysionetMI,28,10.303030303030303,
core.REVE.PhysioNet.population_gain,PhysionetMI,29,8.712121212121204,
core.REVE.PhysioNet.population_gain,PhysionetMI,30,5.833333333333335,
core.REVE.PhysioNet.population_gain,PhysionetMI,31,21.969696969696972,
core.REVE.PhysioNet.population_gain,PhysionetMI,32,7.7692307692307505,
core.REVE.PhysioNet.population_gain,PhysionetMI,33,-7.500000000000007,
core.REVE.PhysioNet.population_gain,PhysionetMI,34,-10.153846153846157,
core.REVE.PhysioNet.population_gain,PhysionetMI,35,38.18181818181819,
core.REVE.PhysioNet.population_gain,PhysionetMI,36,28.93939393939394,
core.REVE.PhysioNet.population_gain,PhysionetMI,37,27.42424242424243,
core.REVE.PhysioNet.population_gain,PhysionetMI,38,-3.712121212121222,
core.REVE.PhysioNet.population_gain,PhysionetMI,39,13.636363636363624,
core.REVE.PhysioNet.population_gain,PhysionetMI,40,27.500000000000004,
core.REVE.PhysioNet.population_gain,PhysionetMI,41,13.769230769230777,
core.REVE.PhysioNet.population_gain,PhysionetMI,42,11.666666666666659,
core.REVE.PhysioNet.population_gain,PhysionetMI,43,2.575757575757598,
core.REVE.PhysioNet.population_gain,PhysionetMI,44,8.712121212121215,
core.REVE.PhysioNet.population_gain,PhysionetMI,45,9.090909090909093,
core.REVE.PhysioNet.population_gain,PhysionetMI,46,4.545454545454552,
core.REVE.PhysioNet.population_gain,PhysionetMI,47,9.015151515151521,
core.REVE.PhysioNet.population_gain,PhysionetMI,48,35.833333333333314,
core.REVE.PhysioNet.population_gain,PhysionetMI,49,18.560606060606055,
core.REVE.PhysioNet.population_gain,PhysionetMI,50,13.636363636363635,
core.REVE.PhysioNet.population_gain,PhysionetMI,51,7.6515151515151425,
core.REVE.PhysioNet.population_gain,PhysionetMI,52,12.15384615384616,
core.REVE.PhysioNet.population_gain,PhysionetMI,53,29.393939393939373,
core.REVE.PhysioNet.population_gain,PhysionetMI,54,25.37878787878787,
core.REVE.PhysioNet.population_gain,PhysionetMI,55,1.6666666666666718,
core.REVE.PhysioNet.population_gain,PhysionetMI,56,20.15151515151514,
core.REVE.PhysioNet.population_gain,PhysionetMI,57,14.92424242424243,
core.REVE.PhysioNet.population_gain,PhysionetMI,58,14.615384615384608,
core.REVE.PhysioNet.population_gain,PhysionetMI,59,15.227272727272734,
core.REVE.PhysioNet.population_gain,PhysionetMI,60,10.153846153846157,
core.REVE.PhysioNet.population_gain,PhysionetMI,61,16.36363636363637,
core.REVE.PhysioNet.population_gain,PhysionetMI,62,10.07575757575757,
core.REVE.PhysioNet.population_gain,PhysionetMI,63,25.454545454545475,
core.REVE.PhysioNet.population_gain,PhysionetMI,64,1.6666666666666718,
core.REVE.PhysioNet.population_gain,PhysionetMI,65,25.530303030303013,
core.REVE.PhysioNet.population_gain,PhysionetMI,66,23.863636363636363,
core.REVE.PhysioNet.population_gain,PhysionetMI,67,19.24242424242424,
core.REVE.PhysioNet.population_gain,PhysionetMI,68,9.924242424242424,
core.REVE.PhysioNet.population_gain,PhysionetMI,69,20.846153846153836,
core.REVE.PhysioNet.population_gain,PhysionetMI,70,20.606060606060606,
core.REVE.PhysioNet.population_gain,PhysionetMI,71,15.984848484848458,
core.REVE.PhysioNet.population_gain,PhysionetMI,72,-1.8181818181818188,
core.REVE.PhysioNet.population_gain,PhysionetMI,73,22.34848484848485,
core.REVE.PhysioNet.population_gain,PhysionetMI,74,11.66666666666668,
core.REVE.PhysioNet.population_gain,PhysionetMI,75,3.3333333333333215,
core.REVE.PhysioNet.population_gain,PhysionetMI,76,6.212121212121213,
core.REVE.PhysioNet.population_gain,PhysionetMI,77,1.2121212121212088,
core.REVE.PhysioNet.population_gain,PhysionetMI,78,7.954545454545448,
core.REVE.PhysioNet.population_gain,PhysionetMI,79,5.3787878787878824,
core.REVE.PhysioNet.population_gain,PhysionetMI,80,13.384615384615373,
core.REVE.PhysioNet.population_gain,PhysionetMI,81,15.833333333333343,
core.REVE.PhysioNet.population_gain,PhysionetMI,82,4.999999999999993,
core.REVE.PhysioNet.population_gain,PhysionetMI,83,5.769230769230771,
core.REVE.PhysioNet.population_gain,PhysionetMI,84,6.666666666666665,
core.REVE.PhysioNet.population_gain,PhysionetMI,85,4.090909090909078,
core.REVE.PhysioNet.population_gain,PhysionetMI,86,2.4615384615384706,
core.REVE.PhysioNet.population_gain,PhysionetMI,87,6.363636363636371,
core.REVE.PhysioNet.population_gain,PhysionetMI,90,29.16666666666665,
core.REVE.PhysioNet.population_gain,PhysionetMI,91,26.363636363636367,
core.REVE.PhysioNet.population_gain,PhysionetMI,93,2.803030303030307,
core.REVE.PhysioNet.population_gain,PhysionetMI,94,2.499999999999991,
core.REVE.PhysioNet.population_gain,PhysionetMI,95,15.46153846153846,
core.REVE.PhysioNet.population_gain,PhysionetMI,96,19.621212121212107,
core.REVE.PhysioNet.population_gain,PhysionetMI,97,31.51515151515151,
core.REVE.PhysioNet.population_gain,PhysionetMI,98,2.6515151515151603,
core.REVE.PhysioNet.population_gain,PhysionetMI,99,22.42424242424243,
core.REVE.PhysioNet.population_gain,PhysionetMI,101,31.23076923076925,
core.REVE.PhysioNet.population_gain,PhysionetMI,102,6.742424242424239,
core.REVE.PhysioNet.population_gain,PhysionetMI,103,18.03030303030303,
core.REVE.PhysioNet.population_gain,PhysionetMI,105,5.909090909090908,
core.REVE.PhysioNet.population_gain,PhysionetMI,107,11.893939393939391,
core.REVE.PhysioNet.population_gain,PhysionetMI,108,11.060606060606048,
core.REVE.PhysioNet.population_gain,PhysionetMI,109,13.40909090909091,
core.REVE.Dreyer.own_gain,Dreyer2023,1,1.99999999999999,
core.REVE.Dreyer.own_gain,Dreyer2023,2,5.33333333333333,
core.REVE.Dreyer.own_gain,Dreyer2023,3,0.16666666666666,
core.REVE.Dreyer.own_gain,Dreyer2023,5,1.66666666666666,
core.REVE.Dreyer.own_gain,Dreyer2023,6,5.99999999999999,
core.REVE.Dreyer.own_gain,Dreyer2023,7,1.99999999999999,
core.REVE.Dreyer.own_gain,Dreyer2023,8,12.99999999999999,
core.REVE.Dreyer.own_gain,Dreyer2023,10,1.1666666666666599,
core.REVE.Dreyer.own_gain,Dreyer2023,11,21.33333333333333,
core.REVE.Dreyer.own_gain,Dreyer2023,12,-0.6666666666666601,
core.REVE.Dreyer.own_gain,Dreyer2023,13,1.49999999999999,
core.REVE.Dreyer.own_gain,Dreyer2023,14,7.16666666666666,
core.REVE.Dreyer.own_gain,Dreyer2023,15,2.33333333333333,
core.REVE.Dreyer.own_gain,Dreyer2023,16,5.83333333333333,
core.REVE.Dreyer.own_gain,Dreyer2023,18,1.0,
core.REVE.Dreyer.own_gain,Dreyer2023,19,1.33333333333333,
core.REVE.Dreyer.own_gain,Dreyer2023,20,0.16666666666666,
core.REVE.Dreyer.own_gain,Dreyer2023,21,1.66666666666666,
core.REVE.Dreyer.own_gain,Dreyer2023,22,2.5,
core.REVE.Dreyer.own_gain,Dreyer2023,23,4.99999999999999,
core.REVE.Dreyer.own_gain,Dreyer2023,24,1.1666666666666599,
core.REVE.Dreyer.own_gain,Dreyer2023,25,10.16666666666666,
core.REVE.Dreyer.own_gain,Dreyer2023,26,6.66666666666665,
core.REVE.Dreyer.own_gain,Dreyer2023,27,8.66666666666666,
core.REVE.Dreyer.own_gain,Dreyer2023,28,6.833333333333321,
core.REVE.Dreyer.own_gain,Dreyer2023,30,9.83333333333332,
core.REVE.Dreyer.own_gain,Dreyer2023,31,2.83333333333333,
core.REVE.Dreyer.own_gain,Dreyer2023,32,8.83333333333332,
core.REVE.Dreyer.own_gain,Dreyer2023,33,8.33333333333332,
core.REVE.Dreyer.own_gain,Dreyer2023,34,10.83333333333332,
core.REVE.Dreyer.own_gain,Dreyer2023,35,7.16666666666666,
core.REVE.Dreyer.own_gain,Dreyer2023,36,2.83333333333332,
core.REVE.Dreyer.own_gain,Dreyer2023,37,10.0,
core.REVE.Dreyer.own_gain,Dreyer2023,38,1.33333333333333,
core.REVE.Dreyer.own_gain,Dreyer2023,39,2.5,
core.REVE.Dreyer.own_gain,Dreyer2023,40,5.51724137931034,
core.REVE.Dreyer.own_gain,Dreyer2023,42,13.33333333333332,
core.REVE.Dreyer.own_gain,Dreyer2023,43,-1.0,
core.REVE.Dreyer.own_gain,Dreyer2023,44,5.83333333333333,
core.REVE.Dreyer.own_gain,Dreyer2023,45,9.99999999999999,
core.REVE.Dreyer.own_gain,Dreyer2023,46,2.5,
core.REVE.Dreyer.own_gain,Dreyer2023,47,2.1666666666666603,
core.REVE.Dreyer.own_gain,Dreyer2023,48,0.49999999999999,
core.REVE.Dreyer.own_gain,Dreyer2023,49,7.49999999999999,
core.REVE.Dreyer.own_gain,Dreyer2023,50,3.66666666666666,
core.REVE.Dreyer.own_gain,Dreyer2023,51,3.16666666666666,
core.REVE.Dreyer.own_gain,Dreyer2023,52,8.83333333333333,
core.REVE.Dreyer.own_gain,Dreyer2023,53,0.99999999999999,
core.REVE.Dreyer.own_gain,Dreyer2023,54,11.166666666666659,
core.REVE.Dreyer.own_gain,Dreyer2023,55,4.66666666666666,
core.REVE.Dreyer.own_gain,Dreyer2023,56,3.16666666666666,
core.REVE.Dreyer.own_gain,Dreyer2023,57,8.99999999999999,
core.REVE.Dreyer.own_gain,Dreyer2023,58,1.0,
core.REVE.Dreyer.own_gain,Dreyer2023,59,-0.5,
core.REVE.Dreyer.own_gain,Dreyer2023,60,4.33333333333333,
core.REVE.Dreyer.own_gain,Dreyer2023,61,5.33333333333333,
core.REVE.Dreyer.own_gain,Dreyer2023,62,7.33333333333332,
core.REVE.Dreyer.own_gain,Dreyer2023,63,5.16666666666666,
core.REVE.Dreyer.own_gain,Dreyer2023,64,10.33333333333332,
core.REVE.Dreyer.own_gain,Dreyer2023,65,5.33333333333332,
core.REVE.Dreyer.own_gain,Dreyer2023,66,9.16666666666666,
core.REVE.Dreyer.own_gain,Dreyer2023,67,-2.83333333333333,
core.REVE.Dreyer.own_gain,Dreyer2023,68,4.16666666666666,
core.REVE.Dreyer.own_gain,Dreyer2023,69,1.49999999999999,
core.REVE.Dreyer.own_gain,Dreyer2023,70,17.66666666666666,
core.REVE.Dreyer.own_gain,Dreyer2023,71,3.33333333333333,
core.REVE.Dreyer.own_gain,Dreyer2023,72,16.49999999999999,
core.REVE.Dreyer.own_gain,Dreyer2023,73,2.66666666666666,
core.REVE.Dreyer.own_gain,Dreyer2023,74,4.66666666666666,
core.REVE.Dreyer.own_gain,Dreyer2023,75,5.833333333333321,
core.REVE.Dreyer.own_gain,Dreyer2023,76,5.16666666666666,
core.REVE.Dreyer.own_gain,Dreyer2023,77,3.49999999999999,
core.REVE.Dreyer.own_gain,Dreyer2023,80,11.83333333333333,
core.REVE.Dreyer.own_gain,Dreyer2023,81,3.16666666666666,
core.REVE.Dreyer.own_gain,Dreyer2023,82,14.999999999999991,
core.REVE.Dreyer.own_gain,Dreyer2023,83,12.666666666666652,
core.REVE.Dreyer.own_gain,Dreyer2023,84,4.0,
core.REVE.Dreyer.own_gain,Dreyer2023,85,7.83333333333332,
core.REVE.Dreyer.own_gain,Dreyer2023,86,-1.8333333333333202,
core.REVE.Dreyer.own_gain,Dreyer2023,87,-1.33333333333333,
core.REVE.Dreyer.upper_bound,Dreyer2023,1,2.74999999999999,
core.REVE.Dreyer.upper_bound,Dreyer2023,2,8.04999999999999,
core.REVE.Dreyer.upper_bound,Dreyer2023,3,3.04999999999999,
core.REVE.Dreyer.upper_bound,Dreyer2023,5,3.06666666666665,
core.REVE.Dreyer.upper_bound,Dreyer2023,6,4.29999999999999,
core.REVE.Dreyer.upper_bound,Dreyer2023,7,3.16666666666666,
core.REVE.Dreyer.upper_bound,Dreyer2023,8,10.04999999999999,
core.REVE.Dreyer.upper_bound,Dreyer2023,10,3.23333333333332,
core.REVE.Dreyer.upper_bound,Dreyer2023,11,20.96666666666666,
core.REVE.Dreyer.upper_bound,Dreyer2023,12,1.64999999999999,
core.REVE.Dreyer.upper_bound,Dreyer2023,13,1.69999999999999,
core.REVE.Dreyer.upper_bound,Dreyer2023,14,10.18333333333333,
core.REVE.Dreyer.upper_bound,Dreyer2023,15,3.5000000000000004,
core.REVE.Dreyer.upper_bound,Dreyer2023,16,7.849999999999991,
core.REVE.Dreyer.upper_bound,Dreyer2023,18,2.89999999999999,
core.REVE.Dreyer.upper_bound,Dreyer2023,19,3.7333333333333303,
core.REVE.Dreyer.upper_bound,Dreyer2023,20,2.04999999999999,
core.REVE.Dreyer.upper_bound,Dreyer2023,21,3.14999999999999,
core.REVE.Dreyer.upper_bound,Dreyer2023,22,5.54999999999999,
core.REVE.Dreyer.upper_bound,Dreyer2023,23,8.81666666666666,
core.REVE.Dreyer.upper_bound,Dreyer2023,24,1.49999999999999,
core.REVE.Dreyer.upper_bound,Dreyer2023,25,7.93333333333332,
core.REVE.Dreyer.upper_bound,Dreyer2023,26,10.283333333333319,
core.REVE.Dreyer.upper_bound,Dreyer2023,27,7.466666666666661,
core.REVE.Dreyer.upper_bound,Dreyer2023,28,5.73333333333332,
core.REVE.Dreyer.upper_bound,Dreyer2023,30,12.18333333333332,
core.REVE.Dreyer.upper_bound,Dreyer2023,31,6.3,
core.REVE.Dreyer.upper_bound,Dreyer2023,32,6.94999999999998,
core.REVE.Dreyer.upper_bound,Dreyer2023,33,9.9,
core.REVE.Dreyer.upper_bound,Dreyer2023,34,5.61666666666666,
core.REVE.Dreyer.upper_bound,Dreyer2023,35,8.21666666666665,
core.REVE.Dreyer.upper_bound,Dreyer2023,36,10.783333333333319,
core.REVE.Dreyer.upper_bound,Dreyer2023,37,16.01666666666666,
core.REVE.Dreyer.upper_bound,Dreyer2023,38,3.44999999999999,
core.REVE.Dreyer.upper_bound,Dreyer2023,39,2.0500000000000003,
core.REVE.Dreyer.upper_bound,Dreyer2023,40,9.68965517241378,
core.REVE.Dreyer.upper_bound,Dreyer2023,42,21.34999999999999,
core.REVE.Dreyer.upper_bound,Dreyer2023,43,0.19999999999999,
core.REVE.Dreyer.upper_bound,Dreyer2023,44,6.46666666666666,
core.REVE.Dreyer.upper_bound,Dreyer2023,45,5.49999999999999,
core.REVE.Dreyer.upper_bound,Dreyer2023,46,4.01666666666666,
core.REVE.Dreyer.upper_bound,Dreyer2023,47,6.99999999999998,
core.REVE.Dreyer.upper_bound,Dreyer2023,48,0.28333333333334,
core.REVE.Dreyer.upper_bound,Dreyer2023,49,7.59999999999998,
core.REVE.Dreyer.upper_bound,Dreyer2023,50,7.16666666666666,
core.REVE.Dreyer.upper_bound,Dreyer2023,51,6.599999999999991,
core.REVE.Dreyer.upper_bound,Dreyer2023,52,13.36666666666666,
core.REVE.Dreyer.upper_bound,Dreyer2023,53,3.1833333333333296,
core.REVE.Dreyer.upper_bound,Dreyer2023,54,15.949999999999989,
core.REVE.Dreyer.upper_bound,Dreyer2023,55,2.08333333333333,
core.REVE.Dreyer.upper_bound,Dreyer2023,56,5.73333333333333,
core.REVE.Dreyer.upper_bound,Dreyer2023,57,9.78333333333332,
core.REVE.Dreyer.upper_bound,Dreyer2023,58,2.73333333333332,
core.REVE.Dreyer.upper_bound,Dreyer2023,59,-1.325,
core.REVE.Dreyer.upper_bound,Dreyer2023,60,5.99999999999999,
core.REVE.Dreyer.upper_bound,Dreyer2023,61,4.26666666666666,
core.REVE.Dreyer.upper_bound,Dreyer2023,62,11.166666666666659,
core.REVE.Dreyer.upper_bound,Dreyer2023,63,7.033333333333321,
core.REVE.Dreyer.upper_bound,Dreyer2023,64,7.58333333333332,
core.REVE.Dreyer.upper_bound,Dreyer2023,65,10.66666666666666,
core.REVE.Dreyer.upper_bound,Dreyer2023,66,15.1,
core.REVE.Dreyer.upper_bound,Dreyer2023,67,1.41666666666666,
core.REVE.Dreyer.upper_bound,Dreyer2023,68,10.71666666666666,
core.REVE.Dreyer.upper_bound,Dreyer2023,69,5.73333333333332,
core.REVE.Dreyer.upper_bound,Dreyer2023,70,20.766666666666662,
core.REVE.Dreyer.upper_bound,Dreyer2023,71,7.34999999999999,
core.REVE.Dreyer.upper_bound,Dreyer2023,72,15.21666666666666,
core.REVE.Dreyer.upper_bound,Dreyer2023,73,10.88333333333332,
core.REVE.Dreyer.upper_bound,Dreyer2023,74,5.6999999999999895,
core.REVE.Dreyer.upper_bound,Dreyer2023,75,9.71666666666666,
core.REVE.Dreyer.upper_bound,Dreyer2023,76,7.1333333333333195,
core.REVE.Dreyer.upper_bound,Dreyer2023,77,3.63333333333333,
core.REVE.Dreyer.upper_bound,Dreyer2023,80,11.66666666666667,
core.REVE.Dreyer.upper_bound,Dreyer2023,81,8.1,
core.REVE.Dreyer.upper_bound,Dreyer2023,82,17.7,
core.REVE.Dreyer.upper_bound,Dreyer2023,83,13.79999999999999,
core.REVE.Dreyer.upper_bound,Dreyer2023,84,6.16666666666666,
core.REVE.Dreyer.upper_bound,Dreyer2023,85,7.1,
core.REVE.Dreyer.upper_bound,Dreyer2023,86,1.8166666666666598,
core.REVE.Dreyer.upper_bound,Dreyer2023,87,2.1833333333333202,
core.REVE.Dreyer.population_gain,Dreyer2023,1,7.166666666666666,
core.REVE.Dreyer.population_gain,Dreyer2023,2,28.499999999999993,
core.REVE.Dreyer.population_gain,Dreyer2023,3,13.66666666666666,
core.REVE.Dreyer.population_gain,Dreyer2023,5,25.00000000000001,
core.REVE.Dreyer.population_gain,Dreyer2023,6,11.333333333333329,
core.REVE.Dreyer.population_gain,Dreyer2023,7,12.0,
core.REVE.Dreyer.population_gain,Dreyer2023,8,11.333333333333329,
core.REVE.Dreyer.population_gain,Dreyer2023,10,6.166666666666664,
core.REVE.Dreyer.population_gain,Dreyer2023,11,1.8333333333333424,
core.REVE.Dreyer.population_gain,Dreyer2023,12,23.0,
core.REVE.Dreyer.population_gain,Dreyer2023,13,2.833333333333332,
core.REVE.Dreyer.population_gain,Dreyer2023,14,5.500000000000005,
core.REVE.Dreyer.population_gain,Dreyer2023,15,2.500000000000002,
core.REVE.Dreyer.population_gain,Dreyer2023,16,11.5,
core.REVE.Dreyer.population_gain,Dreyer2023,18,14.166666666666671,
core.REVE.Dreyer.population_gain,Dreyer2023,19,14.66666666666665,
core.REVE.Dreyer.population_gain,Dreyer2023,20,2.333333333333354,
core.REVE.Dreyer.population_gain,Dreyer2023,21,6.999999999999984,
core.REVE.Dreyer.population_gain,Dreyer2023,22,-3.6666666666666514,
core.REVE.Dreyer.population_gain,Dreyer2023,23,2.0000000000000018,
core.REVE.Dreyer.population_gain,Dreyer2023,24,8.166666666666679,
core.REVE.Dreyer.population_gain,Dreyer2023,25,-6.500000000000005,
core.REVE.Dreyer.population_gain,Dreyer2023,26,4.833333333333345,
core.REVE.Dreyer.population_gain,Dreyer2023,27,7.333333333333325,
core.REVE.Dreyer.population_gain,Dreyer2023,28,13.166666666666671,
core.REVE.Dreyer.population_gain,Dreyer2023,30,15.333333333333332,
core.REVE.Dreyer.population_gain,Dreyer2023,31,21.83333333333334,
core.REVE.Dreyer.population_gain,Dreyer2023,32,15.333333333333332,
core.REVE.Dreyer.population_gain,Dreyer2023,33,10.666666666666668,
core.REVE.Dreyer.population_gain,Dreyer2023,34,-2.1666666666666723,
core.REVE.Dreyer.population_gain,Dreyer2023,35,0.1666666666666483,
core.REVE.Dreyer.population_gain,Dreyer2023,36,13.0,
core.REVE.Dreyer.population_gain,Dreyer2023,37,14.16666666666666,
core.REVE.Dreyer.population_gain,Dreyer2023,38,11.83333333333334,
core.REVE.Dreyer.population_gain,Dreyer2023,39,-0.8333333333333193,
core.REVE.Dreyer.population_gain,Dreyer2023,40,6.379310344827605,
core.REVE.Dreyer.population_gain,Dreyer2023,42,18.666666666666675,
core.REVE.Dreyer.population_gain,Dreyer2023,43,15.66666666666664,
core.REVE.Dreyer.population_gain,Dreyer2023,44,5.500000000000005,
core.REVE.Dreyer.population_gain,Dreyer2023,45,12.333333333333341,
core.REVE.Dreyer.population_gain,Dreyer2023,46,12.16666666666667,
core.REVE.Dreyer.population_gain,Dreyer2023,47,21.66666666666668,
core.REVE.Dreyer.population_gain,Dreyer2023,48,-4.5000000000000036,
core.REVE.Dreyer.population_gain,Dreyer2023,49,6.833333333333336,
core.REVE.Dreyer.population_gain,Dreyer2023,50,6.833333333333336,
core.REVE.Dreyer.population_gain,Dreyer2023,51,16.333333333333332,
core.REVE.Dreyer.population_gain,Dreyer2023,52,6.499999999999984,
core.REVE.Dreyer.population_gain,Dreyer2023,53,2.333333333333343,
core.REVE.Dreyer.population_gain,Dreyer2023,54,10.83333333333334,
core.REVE.Dreyer.population_gain,Dreyer2023,55,22.83333333333333,
core.REVE.Dreyer.population_gain,Dreyer2023,56,2.166666666666661,
core.REVE.Dreyer.population_gain,Dreyer2023,57,9.500000000000009,
core.REVE.Dreyer.population_gain,Dreyer2023,58,6.666666666666665,
core.REVE.Dreyer.population_gain,Dreyer2023,59,3.0000000000000138,
core.REVE.Dreyer.population_gain,Dreyer2023,60,24.0,
core.REVE.Dreyer.population_gain,Dreyer2023,61,4.1666666666666625,
core.REVE.Dreyer.population_gain,Dreyer2023,62,-8.166666666666666,
core.REVE.Dreyer.population_gain,Dreyer2023,63,18.833333333333336,
core.REVE.Dreyer.population_gain,Dreyer2023,64,10.333333333333329,
core.REVE.Dreyer.population_gain,Dreyer2023,65,-3.3333333333333437,
core.REVE.Dreyer.population_gain,Dreyer2023,66,7.666666666666666,
core.REVE.Dreyer.population_gain,Dreyer2023,67,13.166666666666671,
core.REVE.Dreyer.population_gain,Dreyer2023,68,14.000000000000012,
core.REVE.Dreyer.population_gain,Dreyer2023,69,7.166666666666666,
core.REVE.Dreyer.population_gain,Dreyer2023,70,10.499999999999998,
core.REVE.Dreyer.population_gain,Dreyer2023,71,16.999999999999993,
core.REVE.Dreyer.population_gain,Dreyer2023,72,18.833333333333325,
core.REVE.Dreyer.population_gain,Dreyer2023,73,17.83333333333332,
core.REVE.Dreyer.population_gain,Dreyer2023,74,5.500000000000005,
core.REVE.Dreyer.population_gain,Dreyer2023,75,2.8333333333333544,
core.REVE.Dreyer.population_gain,Dreyer2023,76,-6.166666666666664,
core.REVE.Dreyer.population_gain,Dreyer2023,77,11.83333333333334,
core.REVE.Dreyer.population_gain,Dreyer2023,80,11.833333333333329,
core.REVE.Dreyer.population_gain,Dreyer2023,81,18.500000000000018,
core.REVE.Dreyer.population_gain,Dreyer2023,82,4.833333333333334,
core.REVE.Dreyer.population_gain,Dreyer2023,83,-8.333333333333325,
core.REVE.Dreyer.population_gain,Dreyer2023,84,5.833333333333323,
core.REVE.Dreyer.population_gain,Dreyer2023,85,-3.9999999999999925,
core.REVE.Dreyer.population_gain,Dreyer2023,86,15.333333333333332,
core.REVE.Dreyer.population_gain,Dreyer2023,87,1.3333333333333308,
core.REVE.Cho.own_gain,Cho2017,1,5.399999999999991,
core.REVE.Cho.own_gain,Cho2017,2,0.4,
core.REVE.Cho.own_gain,Cho2017,3,9.19999999999999,
core.REVE.Cho.own_gain,Cho2017,4,5.800000000000001,
core.REVE.Cho.own_gain,Cho2017,5,0.2,
core.REVE.Cho.own_gain,Cho2017,6,-0.7999999999999899,
core.REVE.Cho.own_gain,Cho2017,7,2.1666666666666603,
core.REVE.Cho.own_gain,Cho2017,8,3.99999999999999,
core.REVE.Cho.own_gain,Cho2017,9,1.1666666666666599,
core.REVE.Cho.own_gain,Cho2017,10,1.4000000000000001,
core.REVE.Cho.own_gain,Cho2017,11,2.6,
core.REVE.Cho.own_gain,Cho2017,12,12.99999999999999,
core.REVE.Cho.own_gain,Cho2017,13,2.4,
core.REVE.Cho.own_gain,Cho2017,14,4.39999999999999,
core.REVE.Cho.own_gain,Cho2017,15,4.39999999999999,
core.REVE.Cho.own_gain,Cho2017,16,-0.19999999999999,
core.REVE.Cho.own_gain,Cho2017,17,5.59999999999999,
core.REVE.Cho.own_gain,Cho2017,18,2.79999999999999,
core.REVE.Cho.own_gain,Cho2017,19,2.8000000000000003,
core.REVE.Cho.own_gain,Cho2017,20,4.99999999999999,
core.REVE.Cho.own_gain,Cho2017,21,3.1999999999999895,
core.REVE.Cho.own_gain,Cho2017,22,3.79999999999999,
core.REVE.Cho.own_gain,Cho2017,23,2.99999999999999,
core.REVE.Cho.own_gain,Cho2017,24,5.79999999999999,
core.REVE.Cho.own_gain,Cho2017,25,2.6,
core.REVE.Cho.own_gain,Cho2017,26,-0.2,
core.REVE.Cho.own_gain,Cho2017,27,1.19999999999999,
core.REVE.Cho.own_gain,Cho2017,28,21.99999999999999,
core.REVE.Cho.own_gain,Cho2017,29,6.999999999999989,
core.REVE.Cho.own_gain,Cho2017,30,6.2,
core.REVE.Cho.own_gain,Cho2017,31,3.3999999999999897,
core.REVE.Cho.own_gain,Cho2017,32,-0.99999999999999,
core.REVE.Cho.own_gain,Cho2017,33,-0.7999999999999899,
core.REVE.Cho.own_gain,Cho2017,34,-1.19999999999999,
core.REVE.Cho.own_gain,Cho2017,35,19.79999999999999,
core.REVE.Cho.own_gain,Cho2017,36,3.3999999999999897,
core.REVE.Cho.own_gain,Cho2017,37,1.0,
core.REVE.Cho.own_gain,Cho2017,38,1.2,
core.REVE.Cho.own_gain,Cho2017,39,0.99999999999999,
core.REVE.Cho.own_gain,Cho2017,40,0.6,
core.REVE.Cho.own_gain,Cho2017,41,4.79999999999999,
core.REVE.Cho.own_gain,Cho2017,42,1.4000000000000001,
core.REVE.Cho.own_gain,Cho2017,43,0.0,
core.REVE.Cho.own_gain,Cho2017,44,0.6,
core.REVE.Cho.own_gain,Cho2017,45,-0.7999999999999899,
core.REVE.Cho.own_gain,Cho2017,46,0.99999999999999,
core.REVE.Cho.own_gain,Cho2017,47,3.1999999999999895,
core.REVE.Cho.own_gain,Cho2017,48,3.5999999999999996,
core.REVE.Cho.own_gain,Cho2017,49,0.0,
core.REVE.Cho.own_gain,Cho2017,50,0.6,
core.REVE.Cho.own_gain,Cho2017,51,3.79999999999999,
core.REVE.Cho.own_gain,Cho2017,52,2.39999999999999,
core.REVE.Cho.upper_bound,Cho2017,1,5.01999999999999,
core.REVE.Cho.upper_bound,Cho2017,2,0.72,
core.REVE.Cho.upper_bound,Cho2017,3,8.63999999999999,
core.REVE.Cho.upper_bound,Cho2017,4,6.58,
core.REVE.Cho.upper_bound,Cho2017,5,1.8599999999999801,
core.REVE.Cho.upper_bound,Cho2017,6,0.27999999999999997,
core.REVE.Cho.upper_bound,Cho2017,7,1.23333333333333,
core.REVE.Cho.upper_bound,Cho2017,8,3.33999999999999,
core.REVE.Cho.upper_bound,Cho2017,9,1.49999999999999,
core.REVE.Cho.upper_bound,Cho2017,10,4.43999999999999,
core.REVE.Cho.upper_bound,Cho2017,11,3.64,
core.REVE.Cho.upper_bound,Cho2017,12,16.13999999999999,
core.REVE.Cho.upper_bound,Cho2017,13,3.61999999999999,
core.REVE.Cho.upper_bound,Cho2017,14,3.71999999999999,
core.REVE.Cho.upper_bound,Cho2017,15,5.49999999999999,
core.REVE.Cho.upper_bound,Cho2017,16,1.23999999999999,
core.REVE.Cho.upper_bound,Cho2017,17,5.37999999999999,
core.REVE.Cho.upper_bound,Cho2017,18,4.13999999999999,
core.REVE.Cho.upper_bound,Cho2017,19,2.3800000000000003,
core.REVE.Cho.upper_bound,Cho2017,20,6.67999999999999,
core.REVE.Cho.upper_bound,Cho2017,21,4.13999999999999,
core.REVE.Cho.upper_bound,Cho2017,22,4.46,
core.REVE.Cho.upper_bound,Cho2017,23,6.37999999999999,
core.REVE.Cho.upper_bound,Cho2017,24,7.179999999999991,
core.REVE.Cho.upper_bound,Cho2017,25,3.27999999999999,
core.REVE.Cho.upper_bound,Cho2017,26,0.09999999999999,
core.REVE.Cho.upper_bound,Cho2017,27,4.33999999999999,
core.REVE.Cho.upper_bound,Cho2017,28,23.07999999999999,
core.REVE.Cho.upper_bound,Cho2017,29,7.81999999999999,
core.REVE.Cho.upper_bound,Cho2017,30,8.11999999999999,
core.REVE.Cho.upper_bound,Cho2017,31,6.3599999999999905,
core.REVE.Cho.upper_bound,Cho2017,32,1.1799999999999902,
core.REVE.Cho.upper_bound,Cho2017,33,1.89999999999999,
core.REVE.Cho.upper_bound,Cho2017,34,2.85999999999999,
core.REVE.Cho.upper_bound,Cho2017,35,19.399999999999988,
core.REVE.Cho.upper_bound,Cho2017,36,3.33999999999999,
core.REVE.Cho.upper_bound,Cho2017,37,0.27999999999999997,
core.REVE.Cho.upper_bound,Cho2017,38,0.37999999999998996,
core.REVE.Cho.upper_bound,Cho2017,39,3.2999999999999896,
core.REVE.Cho.upper_bound,Cho2017,40,0.19999999999999,
core.REVE.Cho.upper_bound,Cho2017,41,6.6199999999999894,
core.REVE.Cho.upper_bound,Cho2017,42,2.06,
core.REVE.Cho.upper_bound,Cho2017,43,0.0,
core.REVE.Cho.upper_bound,Cho2017,44,1.9199999999999902,
core.REVE.Cho.upper_bound,Cho2017,45,0.26,
core.REVE.Cho.upper_bound,Cho2017,46,0.46666666666666,
core.REVE.Cho.upper_bound,Cho2017,47,5.19999999999999,
core.REVE.Cho.upper_bound,Cho2017,48,8.17999999999999,
core.REVE.Cho.upper_bound,Cho2017,49,0.11999999999998999,
core.REVE.Cho.upper_bound,Cho2017,50,1.58,
core.REVE.Cho.upper_bound,Cho2017,51,4.09999999999999,
core.REVE.Cho.upper_bound,Cho2017,52,3.23999999999999,
core.REVE.Cho.population_gain,Cho2017,1,-0.8000000000000007,
core.REVE.Cho.population_gain,Cho2017,2,0.6000000000000005,
core.REVE.Cho.population_gain,Cho2017,3,7.399999999999995,
core.REVE.Cho.population_gain,Cho2017,4,8.400000000000007,
core.REVE.Cho.population_gain,Cho2017,5,1.0000000000000009,
core.REVE.Cho.population_gain,Cho2017,6,0.39999999999998925,
core.REVE.Cho.population_gain,Cho2017,7,-2.3333333333333317,
core.REVE.Cho.population_gain,Cho2017,8,1.8000000000000016,
core.REVE.Cho.population_gain,Cho2017,9,7.9999999999999964,
core.REVE.Cho.population_gain,Cho2017,10,3.399999999999992,
core.REVE.Cho.population_gain,Cho2017,11,0.7999999999999896,
core.REVE.Cho.population_gain,Cho2017,12,5.400000000000005,
core.REVE.Cho.population_gain,Cho2017,13,-3.8000000000000034,
core.REVE.Cho.population_gain,Cho2017,14,-3.7999999999999923,
core.REVE.Cho.population_gain,Cho2017,15,1.8000000000000016,
core.REVE.Cho.population_gain,Cho2017,16,0.40000000000000036,
core.REVE.Cho.population_gain,Cho2017,17,-0.6000000000000005,
core.REVE.Cho.population_gain,Cho2017,18,1.7999999999999905,
core.REVE.Cho.population_gain,Cho2017,19,2.9999999999999916,
core.REVE.Cho.population_gain,Cho2017,20,-0.8000000000000007,
core.REVE.Cho.population_gain,Cho2017,21,2.400000000000002,
core.REVE.Cho.population_gain,Cho2017,22,-4.0000000000000036,
core.REVE.Cho.population_gain,Cho2017,23,11.800000000000011,
core.REVE.Cho.population_gain,Cho2017,24,7.399999999999984,
core.REVE.Cho.population_gain,Cho2017,25,1.000000000000012,
core.REVE.Cho.population_gain,Cho2017,26,0.0,
core.REVE.Cho.population_gain,Cho2017,27,5.400000000000005,
core.REVE.Cho.population_gain,Cho2017,28,8.199999999999996,
core.REVE.Cho.population_gain,Cho2017,29,6.000000000000011,
core.REVE.Cho.population_gain,Cho2017,30,9.999999999999998,
core.REVE.Cho.population_gain,Cho2017,31,8.999999999999986,
core.REVE.Cho.population_gain,Cho2017,32,3.599999999999992,
core.REVE.Cho.population_gain,Cho2017,33,4.5999999999999925,
core.REVE.Cho.population_gain,Cho2017,34,1.0000000000000009,
core.REVE.Cho.population_gain,Cho2017,35,2.400000000000002,
core.REVE.Cho.population_gain,Cho2017,36,0.40000000000001146,
core.REVE.Cho.population_gain,Cho2017,37,-0.6000000000000005,
core.REVE.Cho.population_gain,Cho2017,38,-1.5999999999999903,
core.REVE.Cho.population_gain,Cho2017,39,0.6000000000000005,
core.REVE.Cho.population_gain,Cho2017,40,6.6000000000000005,
core.REVE.Cho.population_gain,Cho2017,41,6.000000000000005,
core.REVE.Cho.population_gain,Cho2017,42,7.599999999999996,
core.REVE.Cho.population_gain,Cho2017,43,0.0,
core.REVE.Cho.population_gain,Cho2017,44,0.8000000000000007,
core.REVE.Cho.population_gain,Cho2017,45,0.6000000000000116,
core.REVE.Cho.population_gain,Cho2017,46,1.6666666666666718,
core.REVE.Cho.population_gain,Cho2017,47,1.6000000000000014,
core.REVE.Cho.population_gain,Cho2017,48,8.999999999999996,
core.REVE.Cho.population_gain,Cho2017,49,0.20000000000000018,
core.REVE.Cho.population_gain,Cho2017,50,-9.40000000000001,
core.REVE.Cho.population_gain,Cho2017,51,-2.0000000000000018,
core.REVE.Cho.population_gain,Cho2017,52,6.600000000000006,
core.LaBraM.PhysioNet.own_gain,PhysionetMI,1,3.33333333333332,
core.LaBraM.PhysioNet.own_gain,PhysionetMI,2,4.23076923076922,
core.LaBraM.PhysioNet.own_gain,PhysionetMI,3,-0.83333333333333,
core.LaBraM.PhysioNet.own_gain,PhysionetMI,4,8.257575757575749,
core.LaBraM.PhysioNet.own_gain,PhysionetMI,5,1.96969696969697,
core.LaBraM.PhysioNet.own_gain,PhysionetMI,6,-0.45454545454544004,
core.LaBraM.PhysioNet.own_gain,PhysionetMI,7,0.0,
core.LaBraM.PhysioNet.own_gain,PhysionetMI,8,1.06060606060605,
core.LaBraM.PhysioNet.own_gain,PhysionetMI,9,-3.84615384615384,
core.LaBraM.PhysioNet.own_gain,PhysionetMI,10,3.23076923076923,
core.LaBraM.PhysioNet.own_gain,PhysionetMI,11,1.8181818181818101,
core.LaBraM.PhysioNet.own_gain,PhysionetMI,12,2.42424242424242,
core.LaBraM.PhysioNet.own_gain,PhysionetMI,13,2.1969696969697,
core.LaBraM.PhysioNet.own_gain,PhysionetMI,14,-1.13636363636363,
core.LaBraM.PhysioNet.own_gain,PhysionetMI,15,0.76923076923076,
core.LaBraM.PhysioNet.own_gain,PhysionetMI,16,-0.3030303030303,
core.LaBraM.PhysioNet.own_gain,PhysionetMI,17,5.5303030303030205,
core.LaBraM.PhysioNet.own_gain,PhysionetMI,18,0.0,
core.LaBraM.PhysioNet.own_gain,PhysionetMI,19,3.8636363636363495,
core.LaBraM.PhysioNet.own_gain,PhysionetMI,20,1.8181818181818101,
core.LaBraM.PhysioNet.own_gain,PhysionetMI,21,10.83333333333332,
core.LaBraM.PhysioNet.own_gain,PhysionetMI,22,0.0,
core.LaBraM.PhysioNet.own_gain,PhysionetMI,23,-1.8461538461538503,
core.LaBraM.PhysioNet.own_gain,PhysionetMI,24,-1.66666666666666,
core.LaBraM.PhysioNet.own_gain,PhysionetMI,25,-5.5303030303030205,
core.LaBraM.PhysioNet.own_gain,PhysionetMI,26,-1.3846153846153701,
core.LaBraM.PhysioNet.own_gain,PhysionetMI,27,1.96969696969697,
core.LaBraM.PhysioNet.own_gain,PhysionetMI,28,4.46969696969696,
core.LaBraM.PhysioNet.own_gain,PhysionetMI,29,4.77272727272727,
core.LaBraM.PhysioNet.own_gain,PhysionetMI,30,3.1060606060606,
core.LaBraM.PhysioNet.own_gain,PhysionetMI,31,2.57575757575757,
core.LaBraM.PhysioNet.own_gain,PhysionetMI,32,1.0,
core.LaBraM.PhysioNet.own_gain,PhysionetMI,33,0.75757575757575,
core.LaBraM.PhysioNet.own_gain,PhysionetMI,34,6.46153846153846,
core.LaBraM.PhysioNet.own_gain,PhysionetMI,35,5.22727272727272,
core.LaBraM.PhysioNet.own_gain,PhysionetMI,36,0.83333333333333,
core.LaBraM.PhysioNet.own_gain,PhysionetMI,37,17.27272727272727,
core.LaBraM.PhysioNet.own_gain,PhysionetMI,38,-0.45454545454545003,
core.LaBraM.PhysioNet.own_gain,PhysionetMI,39,1.59090909090909,
core.LaBraM.PhysioNet.own_gain,PhysionetMI,40,0.0,
core.LaBraM.PhysioNet.own_gain,PhysionetMI,41,0.23076923076923,
core.LaBraM.PhysioNet.own_gain,PhysionetMI,42,0.83333333333333,
core.LaBraM.PhysioNet.own_gain,PhysionetMI,43,0.45454545454545003,
core.LaBraM.PhysioNet.own_gain,PhysionetMI,44,-2.95454545454545,
core.LaBraM.PhysioNet.own_gain,PhysionetMI,45,-2.57575757575757,
core.LaBraM.PhysioNet.own_gain,PhysionetMI,46,-4.621212121212119,
core.LaBraM.PhysioNet.own_gain,PhysionetMI,47,4.2424242424242395,
core.LaBraM.PhysioNet.own_gain,PhysionetMI,48,2.5,
core.LaBraM.PhysioNet.own_gain,PhysionetMI,49,4.9242424242424105,
core.LaBraM.PhysioNet.own_gain,PhysionetMI,50,8.56060606060605,
core.LaBraM.PhysioNet.own_gain,PhysionetMI,51,6.36363636363636,
core.LaBraM.PhysioNet.own_gain,PhysionetMI,52,4.23076923076922,
core.LaBraM.PhysioNet.own_gain,PhysionetMI,53,0.9090909090909001,
core.LaBraM.PhysioNet.own_gain,PhysionetMI,54,0.75757575757575,
core.LaBraM.PhysioNet.own_gain,PhysionetMI,55,0.15151515151515,
core.LaBraM.PhysioNet.own_gain,PhysionetMI,56,1.66666666666666,
core.LaBraM.PhysioNet.own_gain,PhysionetMI,57,-4.99999999999999,
core.LaBraM.PhysioNet.own_gain,PhysionetMI,58,12.07692307692307,
core.LaBraM.PhysioNet.own_gain,PhysionetMI,59,5.68181818181818,
core.LaBraM.PhysioNet.own_gain,PhysionetMI,60,2.76923076923076,
core.LaBraM.PhysioNet.own_gain,PhysionetMI,61,2.72727272727272,
core.LaBraM.PhysioNet.own_gain,PhysionetMI,62,0.9090909090909001,
core.LaBraM.PhysioNet.own_gain,PhysionetMI,63,-1.74242424242423,
core.LaBraM.PhysioNet.own_gain,PhysionetMI,64,-1.51515151515151,
core.LaBraM.PhysioNet.own_gain,PhysionetMI,65,-2.87878787878786,
core.LaBraM.PhysioNet.own_gain,PhysionetMI,66,0.6060606060606,
core.LaBraM.PhysioNet.own_gain,PhysionetMI,67,-0.3030303030303,
core.LaBraM.PhysioNet.own_gain,PhysionetMI,68,-0.68181818181818,
core.LaBraM.PhysioNet.own_gain,PhysionetMI,69,-1.38461538461538,
core.LaBraM.PhysioNet.own_gain,PhysionetMI,70,-1.66666666666666,
core.LaBraM.PhysioNet.own_gain,PhysionetMI,71,3.33333333333333,
core.LaBraM.PhysioNet.own_gain,PhysionetMI,72,-1.7424242424242402,
core.LaBraM.PhysioNet.own_gain,PhysionetMI,73,-2.34848484848485,
core.LaBraM.PhysioNet.own_gain,PhysionetMI,74,1.66666666666666,
core.LaBraM.PhysioNet.own_gain,PhysionetMI,75,0.07575757575757,
core.LaBraM.PhysioNet.own_gain,PhysionetMI,76,-3.7878787878787796,
core.LaBraM.PhysioNet.own_gain,PhysionetMI,77,-1.96969696969697,
core.LaBraM.PhysioNet.own_gain,PhysionetMI,78,1.21212121212121,
core.LaBraM.PhysioNet.own_gain,PhysionetMI,79,3.33333333333333,
core.LaBraM.PhysioNet.own_gain,PhysionetMI,80,5.769230769230759,
core.LaBraM.PhysioNet.own_gain,PhysionetMI,81,4.69696969696969,
core.LaBraM.PhysioNet.own_gain,PhysionetMI,82,0.75757575757575,
core.LaBraM.PhysioNet.own_gain,PhysionetMI,83,0.3076923076923,
core.LaBraM.PhysioNet.own_gain,PhysionetMI,84,-2.6515151515151403,
core.LaBraM.PhysioNet.own_gain,PhysionetMI,85,-2.57575757575757,
core.LaBraM.PhysioNet.own_gain,PhysionetMI,86,3.30769230769229,
core.LaBraM.PhysioNet.own_gain,PhysionetMI,87,4.92424242424242,
core.LaBraM.PhysioNet.own_gain,PhysionetMI,90,4.92424242424242,
core.LaBraM.PhysioNet.own_gain,PhysionetMI,91,3.63636363636363,
core.LaBraM.PhysioNet.own_gain,PhysionetMI,93,6.43939393939393,
core.LaBraM.PhysioNet.own_gain,PhysionetMI,94,1.7424242424242402,
core.LaBraM.PhysioNet.own_gain,PhysionetMI,95,0.76923076923076,
core.LaBraM.PhysioNet.own_gain,PhysionetMI,96,0.0,
core.LaBraM.PhysioNet.own_gain,PhysionetMI,97,6.06060606060605,
core.LaBraM.PhysioNet.own_gain,PhysionetMI,98,-1.59090909090909,
core.LaBraM.PhysioNet.own_gain,PhysionetMI,99,-2.27272727272727,
core.LaBraM.PhysioNet.own_gain,PhysionetMI,101,2.3076923076923,
core.LaBraM.PhysioNet.own_gain,PhysionetMI,102,4.77272727272727,
core.LaBraM.PhysioNet.own_gain,PhysionetMI,103,-2.5,
core.LaBraM.PhysioNet.own_gain,PhysionetMI,105,1.66666666666666,
core.LaBraM.PhysioNet.own_gain,PhysionetMI,107,1.59090909090908,
core.LaBraM.PhysioNet.own_gain,PhysionetMI,108,-0.07575757575757,
core.LaBraM.PhysioNet.own_gain,PhysionetMI,109,-4.0151515151515005,
core.LaBraM.PhysioNet.upper_bound,PhysionetMI,1,4.29545454545454,
core.LaBraM.PhysioNet.upper_bound,PhysionetMI,2,5.85384615384614,
core.LaBraM.PhysioNet.upper_bound,PhysionetMI,3,1.6212121212121102,
core.LaBraM.PhysioNet.upper_bound,PhysionetMI,4,10.424242424242431,
core.LaBraM.PhysioNet.upper_bound,PhysionetMI,5,2.92424242424242,
core.LaBraM.PhysioNet.upper_bound,PhysionetMI,6,1.38636363636363,
core.LaBraM.PhysioNet.upper_bound,PhysionetMI,7,-0.40151515151515005,
core.LaBraM.PhysioNet.upper_bound,PhysionetMI,8,2.51515151515151,
core.LaBraM.PhysioNet.upper_bound,PhysionetMI,9,-4.1153846153846105,
core.LaBraM.PhysioNet.upper_bound,PhysionetMI,10,0.9692307692307601,
core.LaBraM.PhysioNet.upper_bound,PhysionetMI,11,2.68939393939393,
core.LaBraM.PhysioNet.upper_bound,PhysionetMI,12,4.18939393939392,
core.LaBraM.PhysioNet.upper_bound,PhysionetMI,13,0.81060606060607,
core.LaBraM.PhysioNet.upper_bound,PhysionetMI,14,0.48484848484848,
core.LaBraM.PhysioNet.upper_bound,PhysionetMI,15,1.53846153846153,
core.LaBraM.PhysioNet.upper_bound,PhysionetMI,16,1.11363636363636,
core.LaBraM.PhysioNet.upper_bound,PhysionetMI,17,8.93181818181818,
core.LaBraM.PhysioNet.upper_bound,PhysionetMI,18,0.8863636363636299,
core.LaBraM.PhysioNet.upper_bound,PhysionetMI,19,3.0,
core.LaBraM.PhysioNet.upper_bound,PhysionetMI,20,3.39393939393939,
core.LaBraM.PhysioNet.upper_bound,PhysionetMI,21,8.18939393939394,
core.LaBraM.PhysioNet.upper_bound,PhysionetMI,22,0.52272727272727,
core.LaBraM.PhysioNet.upper_bound,PhysionetMI,23,-0.64615384615384,
core.LaBraM.PhysioNet.upper_bound,PhysionetMI,24,-1.19696969696969,
core.LaBraM.PhysioNet.upper_bound,PhysionetMI,25,-1.2651515151515,
core.LaBraM.PhysioNet.upper_bound,PhysionetMI,26,1.18461538461539,
core.LaBraM.PhysioNet.upper_bound,PhysionetMI,27,4.84848484848484,
core.LaBraM.PhysioNet.upper_bound,PhysionetMI,28,4.4090909090909,
core.LaBraM.PhysioNet.upper_bound,PhysionetMI,29,7.356060606060601,
core.LaBraM.PhysioNet.upper_bound,PhysionetMI,30,2.59848484848485,
core.LaBraM.PhysioNet.upper_bound,PhysionetMI,31,2.24242424242423,
core.LaBraM.PhysioNet.upper_bound,PhysionetMI,32,1.7000000000000002,
core.LaBraM.PhysioNet.upper_bound,PhysionetMI,33,-0.6363636363636299,
core.LaBraM.PhysioNet.upper_bound,PhysionetMI,34,7.54615384615384,
core.LaBraM.PhysioNet.upper_bound,PhysionetMI,35,7.151515151515141,
core.LaBraM.PhysioNet.upper_bound,PhysionetMI,36,3.98484848484848,
core.LaBraM.PhysioNet.upper_bound,PhysionetMI,37,17.12878787878788,
core.LaBraM.PhysioNet.upper_bound,PhysionetMI,38,1.91666666666667,
core.LaBraM.PhysioNet.upper_bound,PhysionetMI,39,-4.00757575757575,
core.LaBraM.PhysioNet.upper_bound,PhysionetMI,40,0.93181818181817,
core.LaBraM.PhysioNet.upper_bound,PhysionetMI,41,2.1076923076923,
core.LaBraM.PhysioNet.upper_bound,PhysionetMI,42,1.17424242424242,
core.LaBraM.PhysioNet.upper_bound,PhysionetMI,43,1.56818181818181,
core.LaBraM.PhysioNet.upper_bound,PhysionetMI,44,-2.34848484848484,
core.LaBraM.PhysioNet.upper_bound,PhysionetMI,45,-1.33333333333333,
core.LaBraM.PhysioNet.upper_bound,PhysionetMI,46,-2.2121212121212,
core.LaBraM.PhysioNet.upper_bound,PhysionetMI,47,4.57575757575757,
core.LaBraM.PhysioNet.upper_bound,PhysionetMI,48,3.4621212121211995,
core.LaBraM.PhysioNet.upper_bound,PhysionetMI,49,6.71969696969696,
core.LaBraM.PhysioNet.upper_bound,PhysionetMI,50,6.89393939393938,
core.LaBraM.PhysioNet.upper_bound,PhysionetMI,51,7.2803030303030205,
core.LaBraM.PhysioNet.upper_bound,PhysionetMI,52,7.14615384615383,
core.LaBraM.PhysioNet.upper_bound,PhysionetMI,53,2.61363636363636,
core.LaBraM.PhysioNet.upper_bound,PhysionetMI,54,0.16666666666666,
core.LaBraM.PhysioNet.upper_bound,PhysionetMI,55,3.9772727272727204,
core.LaBraM.PhysioNet.upper_bound,PhysionetMI,56,5.29545454545454,
core.LaBraM.PhysioNet.upper_bound,PhysionetMI,57,-3.5757575757575704,
core.LaBraM.PhysioNet.upper_bound,PhysionetMI,58,11.7076923076923,
core.LaBraM.PhysioNet.upper_bound,PhysionetMI,59,7.825757575757571,
core.LaBraM.PhysioNet.upper_bound,PhysionetMI,60,3.58461538461538,
core.LaBraM.PhysioNet.upper_bound,PhysionetMI,61,2.09090909090908,
core.LaBraM.PhysioNet.upper_bound,PhysionetMI,62,1.5454545454545399,
core.LaBraM.PhysioNet.upper_bound,PhysionetMI,63,0.007575757575758041,
core.LaBraM.PhysioNet.upper_bound,PhysionetMI,64,-3.59090909090909,
core.LaBraM.PhysioNet.upper_bound,PhysionetMI,65,0.41666666666666996,
core.LaBraM.PhysioNet.upper_bound,PhysionetMI,66,-3.5303030303030196,
core.LaBraM.PhysioNet.upper_bound,PhysionetMI,67,-1.39393939393939,
core.LaBraM.PhysioNet.upper_bound,PhysionetMI,68,0.037878787878780004,
core.LaBraM.PhysioNet.upper_bound,PhysionetMI,69,1.04615384615384,
core.LaBraM.PhysioNet.upper_bound,PhysionetMI,70,-1.35606060606061,
core.LaBraM.PhysioNet.upper_bound,PhysionetMI,71,1.71212121212121,
core.LaBraM.PhysioNet.upper_bound,PhysionetMI,72,-0.14393939393939,
core.LaBraM.PhysioNet.upper_bound,PhysionetMI,73,1.27272727272727,
core.LaBraM.PhysioNet.upper_bound,PhysionetMI,74,3.17424242424241,
core.LaBraM.PhysioNet.upper_bound,PhysionetMI,75,0.84848484848485,
core.LaBraM.PhysioNet.upper_bound,PhysionetMI,76,-4.21969696969697,
core.LaBraM.PhysioNet.upper_bound,PhysionetMI,77,-2.3106060606060597,
core.LaBraM.PhysioNet.upper_bound,PhysionetMI,78,2.1212121212121198,
core.LaBraM.PhysioNet.upper_bound,PhysionetMI,79,4.9772727272727195,
core.LaBraM.PhysioNet.upper_bound,PhysionetMI,80,9.02307692307692,
core.LaBraM.PhysioNet.upper_bound,PhysionetMI,81,5.24242424242424,
core.LaBraM.PhysioNet.upper_bound,PhysionetMI,82,2.87878787878787,
core.LaBraM.PhysioNet.upper_bound,PhysionetMI,83,-0.24615384615384,
core.LaBraM.PhysioNet.upper_bound,PhysionetMI,84,1.59848484848484,
core.LaBraM.PhysioNet.upper_bound,PhysionetMI,85,0.68939393939393,
core.LaBraM.PhysioNet.upper_bound,PhysionetMI,86,2.78461538461538,
core.LaBraM.PhysioNet.upper_bound,PhysionetMI,87,3.37121212121212,
core.LaBraM.PhysioNet.upper_bound,PhysionetMI,90,6.28787878787878,
core.LaBraM.PhysioNet.upper_bound,PhysionetMI,91,6.8560606060606,
core.LaBraM.PhysioNet.upper_bound,PhysionetMI,93,7.19696969696969,
core.LaBraM.PhysioNet.upper_bound,PhysionetMI,94,3.68181818181818,
core.LaBraM.PhysioNet.upper_bound,PhysionetMI,95,2.58461538461538,
core.LaBraM.PhysioNet.upper_bound,PhysionetMI,96,2.7651515151515,
core.LaBraM.PhysioNet.upper_bound,PhysionetMI,97,5.5833333333333295,
core.LaBraM.PhysioNet.upper_bound,PhysionetMI,98,-2.1590909090909003,
core.LaBraM.PhysioNet.upper_bound,PhysionetMI,99,-2.54545454545454,
core.LaBraM.PhysioNet.upper_bound,PhysionetMI,101,2.69230769230768,
core.LaBraM.PhysioNet.upper_bound,PhysionetMI,102,5.590909090909079,
core.LaBraM.PhysioNet.upper_bound,PhysionetMI,103,-2.97727272727273,
core.LaBraM.PhysioNet.upper_bound,PhysionetMI,105,3.00757575757575,
core.LaBraM.PhysioNet.upper_bound,PhysionetMI,107,-2.84090909090909,
core.LaBraM.PhysioNet.upper_bound,PhysionetMI,108,0.8030303030303001,
core.LaBraM.PhysioNet.upper_bound,PhysionetMI,109,-5.92424242424241,
core.LaBraM.PhysioNet.population_gain,PhysionetMI,1,21.363636363636374,
core.LaBraM.PhysioNet.population_gain,PhysionetMI,2,20.38461538461539,
core.LaBraM.PhysioNet.population_gain,PhysionetMI,3,28.636363636363637,
core.LaBraM.PhysioNet.population_gain,PhysionetMI,4,32.72727272727274,
core.LaBraM.PhysioNet.population_gain,PhysionetMI,5,4.318181818181821,
core.LaBraM.PhysioNet.population_gain,PhysionetMI,6,35.75757575757573,
core.LaBraM.PhysioNet.population_gain,PhysionetMI,7,5.151515151515129,
core.LaBraM.PhysioNet.population_gain,PhysionetMI,8,9.24242424242424,
core.LaBraM.PhysioNet.population_gain,PhysionetMI,9,35.769230769230774,
core.LaBraM.PhysioNet.population_gain,PhysionetMI,10,2.230769230769236,
core.LaBraM.PhysioNet.population_gain,PhysionetMI,11,27.803030303030283,
core.LaBraM.PhysioNet.population_gain,PhysionetMI,12,20.606060606060606,
core.LaBraM.PhysioNet.population_gain,PhysionetMI,13,23.712121212121207,
core.LaBraM.PhysioNet.population_gain,PhysionetMI,14,20.681818181818183,
core.LaBraM.PhysioNet.population_gain,PhysionetMI,15,24.076923076923094,
core.LaBraM.PhysioNet.population_gain,PhysionetMI,16,12.121212121212132,
core.LaBraM.PhysioNet.population_gain,PhysionetMI,17,30.15151515151514,
core.LaBraM.PhysioNet.population_gain,PhysionetMI,18,44.99999999999999,
core.LaBraM.PhysioNet.population_gain,PhysionetMI,19,17.272727272727284,
core.LaBraM.PhysioNet.population_gain,PhysionetMI,20,38.48484848484846,
core.LaBraM.PhysioNet.population_gain,PhysionetMI,21,14.848484848484844,
core.LaBraM.PhysioNet.population_gain,PhysionetMI,22,55.606060606060616,
core.LaBraM.PhysioNet.population_gain,PhysionetMI,23,12.99999999999999,
core.LaBraM.PhysioNet.population_gain,PhysionetMI,24,24.545454545454536,
core.LaBraM.PhysioNet.population_gain,PhysionetMI,25,9.62121212121213,
core.LaBraM.PhysioNet.population_gain,PhysionetMI,26,3.923076923076918,
core.LaBraM.PhysioNet.population_gain,PhysionetMI,27,26.43939393939394,
core.LaBraM.PhysioNet.population_gain,PhysionetMI,28,2.4242424242424176,
core.LaBraM.PhysioNet.population_gain,PhysionetMI,29,-7.196969696969702,
core.LaBraM.PhysioNet.population_gain,PhysionetMI,30,22.045454545454547,
core.LaBraM.PhysioNet.population_gain,PhysionetMI,31,8.257575757575763,
core.LaBraM.PhysioNet.population_gain,PhysionetMI,32,31.999999999999996,
core.LaBraM.PhysioNet.population_gain,PhysionetMI,33,9.24242424242424,
core.LaBraM.PhysioNet.population_gain,PhysionetMI,34,7.846153846153847,
core.LaBraM.PhysioNet.population_gain,PhysionetMI,35,27.121212121212125,
core.LaBraM.PhysioNet.population_gain,PhysionetMI,36,39.31818181818183,
core.LaBraM.PhysioNet.population_gain,PhysionetMI,37,22.651515151515145,
core.LaBraM.PhysioNet.population_gain,PhysionetMI,38,2.7272727272727226,
core.LaBraM.PhysioNet.population_gain,PhysionetMI,39,2.803030303030307,
core.LaBraM.PhysioNet.population_gain,PhysionetMI,40,32.12121212121212,
core.LaBraM.PhysioNet.population_gain,PhysionetMI,41,14.153846153846139,
core.LaBraM.PhysioNet.population_gain,PhysionetMI,42,2.500000000000002,
core.LaBraM.PhysioNet.population_gain,PhysionetMI,43,16.060606060606077,
core.LaBraM.PhysioNet.population_gain,PhysionetMI,44,19.772727272727273,
core.LaBraM.PhysioNet.population_gain,PhysionetMI,45,2.3484848484848553,
core.LaBraM.PhysioNet.population_gain,PhysionetMI,46,7.651515151515154,
core.LaBraM.PhysioNet.population_gain,PhysionetMI,47,26.590909090909086,
core.LaBraM.PhysioNet.population_gain,PhysionetMI,48,31.74242424242424,
core.LaBraM.PhysioNet.population_gain,PhysionetMI,49,30.30303030303032,
core.LaBraM.PhysioNet.population_gain,PhysionetMI,50,8.939393939393947,
core.LaBraM.PhysioNet.population_gain,PhysionetMI,51,29.393939393939394,
core.LaBraM.PhysioNet.population_gain,PhysionetMI,52,26.46153846153846,
core.LaBraM.PhysioNet.population_gain,PhysionetMI,53,42.65151515151517,
core.LaBraM.PhysioNet.population_gain,PhysionetMI,54,14.848484848484855,
core.LaBraM.PhysioNet.population_gain,PhysionetMI,55,20.757575757575765,
core.LaBraM.PhysioNet.population_gain,PhysionetMI,56,33.257575757575744,
core.LaBraM.PhysioNet.population_gain,PhysionetMI,57,10.151515151515135,
core.LaBraM.PhysioNet.population_gain,PhysionetMI,58,35.230769230769226,
core.LaBraM.PhysioNet.population_gain,PhysionetMI,59,15.984848484848492,
core.LaBraM.PhysioNet.population_gain,PhysionetMI,60,19.38461538461539,
core.LaBraM.PhysioNet.population_gain,PhysionetMI,61,37.34848484848487,
core.LaBraM.PhysioNet.population_gain,PhysionetMI,62,12.651515151515124,
core.LaBraM.PhysioNet.population_gain,PhysionetMI,63,20.454545454545446,
core.LaBraM.PhysioNet.population_gain,PhysionetMI,64,10.757575757575765,
core.LaBraM.PhysioNet.population_gain,PhysionetMI,65,22.500000000000007,
core.LaBraM.PhysioNet.population_gain,PhysionetMI,66,26.590909090909108,
core.LaBraM.PhysioNet.population_gain,PhysionetMI,67,20.757575757575758,
core.LaBraM.PhysioNet.population_gain,PhysionetMI,68,18.48484848484849,
core.LaBraM.PhysioNet.population_gain,PhysionetMI,69,24.153846153846136,
core.LaBraM.PhysioNet.population_gain,PhysionetMI,70,34.09090909090908,
core.LaBraM.PhysioNet.population_gain,PhysionetMI,71,38.18181818181819,
core.LaBraM.PhysioNet.population_gain,PhysionetMI,72,9.772727272727277,
core.LaBraM.PhysioNet.population_gain,PhysionetMI,73,25.833333333333343,
core.LaBraM.PhysioNet.population_gain,PhysionetMI,74,10.681818181818182,
core.LaBraM.PhysioNet.population_gain,PhysionetMI,75,2.954545454545454,
core.LaBraM.PhysioNet.population_gain,PhysionetMI,76,19.621212121212128,
core.LaBraM.PhysioNet.population_gain,PhysionetMI,77,12.045454545454549,
core.LaBraM.PhysioNet.population_gain,PhysionetMI,78,23.10606060606061,
core.LaBraM.PhysioNet.population_gain,PhysionetMI,79,26.969696969696976,
core.LaBraM.PhysioNet.population_gain,PhysionetMI,80,17.92307692307693,
core.LaBraM.PhysioNet.population_gain,PhysionetMI,81,31.666666666666664,
core.LaBraM.PhysioNet.population_gain,PhysionetMI,82,36.36363636363637,
core.LaBraM.PhysioNet.population_gain,PhysionetMI,83,1.1538461538461497,
core.LaBraM.PhysioNet.population_gain,PhysionetMI,84,15.757575757575747,
core.LaBraM.PhysioNet.population_gain,PhysionetMI,85,9.924242424242413,
core.LaBraM.PhysioNet.population_gain,PhysionetMI,86,17.153846153846153,
core.LaBraM.PhysioNet.population_gain,PhysionetMI,87,12.651515151515147,
core.LaBraM.PhysioNet.population_gain,PhysionetMI,90,46.36363636363635,
core.LaBraM.PhysioNet.population_gain,PhysionetMI,91,25.0,
core.LaBraM.PhysioNet.population_gain,PhysionetMI,93,10.909090909090901,
core.LaBraM.PhysioNet.population_gain,PhysionetMI,94,17.42424242424243,
core.LaBraM.PhysioNet.population_gain,PhysionetMI,95,20.384615384615383,
core.LaBraM.PhysioNet.population_gain,PhysionetMI,96,36.89393939393941,
core.LaBraM.PhysioNet.population_gain,PhysionetMI,97,28.939393939393952,
core.LaBraM.PhysioNet.population_gain,PhysionetMI,98,-3.560606060606064,
core.LaBraM.PhysioNet.population_gain,PhysionetMI,99,17.121212121212114,
core.LaBraM.PhysioNet.population_gain,PhysionetMI,101,34.23076923076924,
core.LaBraM.PhysioNet.population_gain,PhysionetMI,102,15.37878787878788,
core.LaBraM.PhysioNet.population_gain,PhysionetMI,103,21.439393939393938,
core.LaBraM.PhysioNet.population_gain,PhysionetMI,105,28.181818181818187,
core.LaBraM.PhysioNet.population_gain,PhysionetMI,107,10.303030303030308,
core.LaBraM.PhysioNet.population_gain,PhysionetMI,108,16.96969696969697,
core.LaBraM.PhysioNet.population_gain,PhysionetMI,109,2.7272727272727226,
core.LaBraM.Dreyer.own_gain,Dreyer2023,1,0.33333333333333004,
core.LaBraM.Dreyer.own_gain,Dreyer2023,2,2.83333333333333,
core.LaBraM.Dreyer.own_gain,Dreyer2023,3,1.5,
core.LaBraM.Dreyer.own_gain,Dreyer2023,5,3.66666666666666,
core.LaBraM.Dreyer.own_gain,Dreyer2023,6,1.83333333333333,
core.LaBraM.Dreyer.own_gain,Dreyer2023,7,0.16666666666666,
core.LaBraM.Dreyer.own_gain,Dreyer2023,8,4.99999999999999,
core.LaBraM.Dreyer.own_gain,Dreyer2023,10,-0.16666666666666,
core.LaBraM.Dreyer.own_gain,Dreyer2023,11,18.99999999999999,
core.LaBraM.Dreyer.own_gain,Dreyer2023,12,0.16666666666666,
core.LaBraM.Dreyer.own_gain,Dreyer2023,13,1.99999999999999,
core.LaBraM.Dreyer.own_gain,Dreyer2023,14,3.99999999999999,
core.LaBraM.Dreyer.own_gain,Dreyer2023,15,3.16666666666666,
core.LaBraM.Dreyer.own_gain,Dreyer2023,16,0.16666666666666,
core.LaBraM.Dreyer.own_gain,Dreyer2023,18,2.66666666666666,
core.LaBraM.Dreyer.own_gain,Dreyer2023,19,7.83333333333332,
core.LaBraM.Dreyer.own_gain,Dreyer2023,20,1.99999999999999,
core.LaBraM.Dreyer.own_gain,Dreyer2023,21,1.83333333333333,
core.LaBraM.Dreyer.own_gain,Dreyer2023,22,1.5,
core.LaBraM.Dreyer.own_gain,Dreyer2023,23,5.33333333333333,
core.LaBraM.Dreyer.own_gain,Dreyer2023,24,2.83333333333333,
core.LaBraM.Dreyer.own_gain,Dreyer2023,25,6.16666666666666,
core.LaBraM.Dreyer.own_gain,Dreyer2023,26,10.33333333333332,
core.LaBraM.Dreyer.own_gain,Dreyer2023,27,1.49999999999999,
core.LaBraM.Dreyer.own_gain,Dreyer2023,28,0.99999999999999,
core.LaBraM.Dreyer.own_gain,Dreyer2023,30,10.83333333333332,
core.LaBraM.Dreyer.own_gain,Dreyer2023,31,7.16666666666666,
core.LaBraM.Dreyer.own_gain,Dreyer2023,32,5.49999999999999,
core.LaBraM.Dreyer.own_gain,Dreyer2023,33,-2.66666666666666,
core.LaBraM.Dreyer.own_gain,Dreyer2023,34,1.99999999999999,
core.LaBraM.Dreyer.own_gain,Dreyer2023,35,3.16666666666666,
core.LaBraM.Dreyer.own_gain,Dreyer2023,36,-0.49999999999999,
core.LaBraM.Dreyer.own_gain,Dreyer2023,37,7.33333333333332,
core.LaBraM.Dreyer.own_gain,Dreyer2023,38,4.99999999999999,
core.LaBraM.Dreyer.own_gain,Dreyer2023,39,2.66666666666666,
core.LaBraM.Dreyer.own_gain,Dreyer2023,40,2.41379310344827,
core.LaBraM.Dreyer.own_gain,Dreyer2023,42,9.33333333333332,
core.LaBraM.Dreyer.own_gain,Dreyer2023,43,-2.0122792321330962e-15,
core.LaBraM.Dreyer.own_gain,Dreyer2023,44,2.3333333333333197,
core.LaBraM.Dreyer.own_gain,Dreyer2023,45,2.99999999999999,
core.LaBraM.Dreyer.own_gain,Dreyer2023,46,3.49999999999999,
core.LaBraM.Dreyer.own_gain,Dreyer2023,47,2.99999999999999,
core.LaBraM.Dreyer.own_gain,Dreyer2023,48,-0.5,
core.LaBraM.Dreyer.own_gain,Dreyer2023,49,4.333333333333321,
core.LaBraM.Dreyer.own_gain,Dreyer2023,50,-0.16666666666666,
core.LaBraM.Dreyer.own_gain,Dreyer2023,51,4.8333333333333295,
core.LaBraM.Dreyer.own_gain,Dreyer2023,52,-0.33333333333332,
core.LaBraM.Dreyer.own_gain,Dreyer2023,53,2.1666666666666603,
core.LaBraM.Dreyer.own_gain,Dreyer2023,54,8.33333333333333,
core.LaBraM.Dreyer.own_gain,Dreyer2023,55,2.4999999999999902,
core.LaBraM.Dreyer.own_gain,Dreyer2023,56,2.66666666666666,
core.LaBraM.Dreyer.own_gain,Dreyer2023,57,4.49999999999999,
core.LaBraM.Dreyer.own_gain,Dreyer2023,58,0.16666666666666,
core.LaBraM.Dreyer.own_gain,Dreyer2023,59,4.74999999999999,
core.LaBraM.Dreyer.own_gain,Dreyer2023,60,2.66666666666666,
core.LaBraM.Dreyer.own_gain,Dreyer2023,61,2.66666666666666,
core.LaBraM.Dreyer.own_gain,Dreyer2023,62,4.66666666666666,
core.LaBraM.Dreyer.own_gain,Dreyer2023,63,5.16666666666666,
core.LaBraM.Dreyer.own_gain,Dreyer2023,64,15.666666666666659,
core.LaBraM.Dreyer.own_gain,Dreyer2023,65,5.99999999999999,
core.LaBraM.Dreyer.own_gain,Dreyer2023,66,5.66666666666666,
core.LaBraM.Dreyer.own_gain,Dreyer2023,67,0.83333333333333,
core.LaBraM.Dreyer.own_gain,Dreyer2023,68,2.66666666666666,
core.LaBraM.Dreyer.own_gain,Dreyer2023,69,-0.6666666666666601,
core.LaBraM.Dreyer.own_gain,Dreyer2023,70,9.499999999999991,
core.LaBraM.Dreyer.own_gain,Dreyer2023,71,3.99999999999999,
core.LaBraM.Dreyer.own_gain,Dreyer2023,72,9.499999999999991,
core.LaBraM.Dreyer.own_gain,Dreyer2023,73,14.66666666666666,
core.LaBraM.Dreyer.own_gain,Dreyer2023,74,2.5,
core.LaBraM.Dreyer.own_gain,Dreyer2023,75,0.6666666666666601,
core.LaBraM.Dreyer.own_gain,Dreyer2023,76,3.66666666666666,
core.LaBraM.Dreyer.own_gain,Dreyer2023,77,4.99999999999999,
core.LaBraM.Dreyer.own_gain,Dreyer2023,80,6.16666666666666,
core.LaBraM.Dreyer.own_gain,Dreyer2023,81,3.66666666666666,
core.LaBraM.Dreyer.own_gain,Dreyer2023,82,4.66666666666666,
core.LaBraM.Dreyer.own_gain,Dreyer2023,83,9.83333333333333,
core.LaBraM.Dreyer.own_gain,Dreyer2023,84,3.16666666666666,
core.LaBraM.Dreyer.own_gain,Dreyer2023,85,2.3333333333333197,
core.LaBraM.Dreyer.own_gain,Dreyer2023,86,0.16666666666666,
core.LaBraM.Dreyer.own_gain,Dreyer2023,87,4.33333333333333,
core.LaBraM.Dreyer.upper_bound,Dreyer2023,1,1.5,
core.LaBraM.Dreyer.upper_bound,Dreyer2023,2,4.24999999999999,
core.LaBraM.Dreyer.upper_bound,Dreyer2023,3,2.79999999999999,
core.LaBraM.Dreyer.upper_bound,Dreyer2023,5,4.96666666666665,
core.LaBraM.Dreyer.upper_bound,Dreyer2023,6,3.34999999999999,
core.LaBraM.Dreyer.upper_bound,Dreyer2023,7,3.29999999999998,
core.LaBraM.Dreyer.upper_bound,Dreyer2023,8,6.11666666666665,
core.LaBraM.Dreyer.upper_bound,Dreyer2023,10,1.36666666666666,
core.LaBraM.Dreyer.upper_bound,Dreyer2023,11,20.84999999999998,
core.LaBraM.Dreyer.upper_bound,Dreyer2023,12,2.23333333333332,
core.LaBraM.Dreyer.upper_bound,Dreyer2023,13,3.65,
core.LaBraM.Dreyer.upper_bound,Dreyer2023,14,4.41666666666665,
core.LaBraM.Dreyer.upper_bound,Dreyer2023,15,2.34999999999999,
core.LaBraM.Dreyer.upper_bound,Dreyer2023,16,4.14999999999999,
core.LaBraM.Dreyer.upper_bound,Dreyer2023,18,2.38333333333333,
core.LaBraM.Dreyer.upper_bound,Dreyer2023,19,8.38333333333332,
core.LaBraM.Dreyer.upper_bound,Dreyer2023,20,2.78333333333332,
core.LaBraM.Dreyer.upper_bound,Dreyer2023,21,0.9166666666666601,
core.LaBraM.Dreyer.upper_bound,Dreyer2023,22,3.69999999999999,
core.LaBraM.Dreyer.upper_bound,Dreyer2023,23,8.21666666666666,
core.LaBraM.Dreyer.upper_bound,Dreyer2023,24,5.6999999999999895,
core.LaBraM.Dreyer.upper_bound,Dreyer2023,25,5.41666666666666,
core.LaBraM.Dreyer.upper_bound,Dreyer2023,26,13.61666666666665,
core.LaBraM.Dreyer.upper_bound,Dreyer2023,27,2.4999999999999902,
core.LaBraM.Dreyer.upper_bound,Dreyer2023,28,2.76666666666666,
core.LaBraM.Dreyer.upper_bound,Dreyer2023,30,8.03333333333332,
core.LaBraM.Dreyer.upper_bound,Dreyer2023,31,10.08333333333332,
core.LaBraM.Dreyer.upper_bound,Dreyer2023,32,4.78333333333333,
core.LaBraM.Dreyer.upper_bound,Dreyer2023,33,1.24999999999999,
core.LaBraM.Dreyer.upper_bound,Dreyer2023,34,3.5333333333333203,
core.LaBraM.Dreyer.upper_bound,Dreyer2023,35,4.66666666666667,
core.LaBraM.Dreyer.upper_bound,Dreyer2023,36,2.4833333333333303,
core.LaBraM.Dreyer.upper_bound,Dreyer2023,37,9.06666666666665,
core.LaBraM.Dreyer.upper_bound,Dreyer2023,38,8.649999999999999,
core.LaBraM.Dreyer.upper_bound,Dreyer2023,39,2.09999999999999,
core.LaBraM.Dreyer.upper_bound,Dreyer2023,40,3.91379310344827,
core.LaBraM.Dreyer.upper_bound,Dreyer2023,42,10.983333333333329,
core.LaBraM.Dreyer.upper_bound,Dreyer2023,43,0.48333333333332995,
core.LaBraM.Dreyer.upper_bound,Dreyer2023,44,3.2833333333333297,
core.LaBraM.Dreyer.upper_bound,Dreyer2023,45,4.39999999999999,
core.LaBraM.Dreyer.upper_bound,Dreyer2023,46,4.38333333333332,
core.LaBraM.Dreyer.upper_bound,Dreyer2023,47,3.64999999999999,
core.LaBraM.Dreyer.upper_bound,Dreyer2023,48,2.58333333333332,
core.LaBraM.Dreyer.upper_bound,Dreyer2023,49,7.09999999999999,
core.LaBraM.Dreyer.upper_bound,Dreyer2023,50,2.68333333333333,
core.LaBraM.Dreyer.upper_bound,Dreyer2023,51,5.83333333333333,
core.LaBraM.Dreyer.upper_bound,Dreyer2023,52,2.81666666666666,
core.LaBraM.Dreyer.upper_bound,Dreyer2023,53,3.18333333333332,
core.LaBraM.Dreyer.upper_bound,Dreyer2023,54,11.249999999999991,
core.LaBraM.Dreyer.upper_bound,Dreyer2023,55,1.7166666666666601,
core.LaBraM.Dreyer.upper_bound,Dreyer2023,56,4.06666666666667,
core.LaBraM.Dreyer.upper_bound,Dreyer2023,57,3.31666666666666,
core.LaBraM.Dreyer.upper_bound,Dreyer2023,58,1.26666666666665,
core.LaBraM.Dreyer.upper_bound,Dreyer2023,59,6.724999999999989,
core.LaBraM.Dreyer.upper_bound,Dreyer2023,60,5.716666666666661,
core.LaBraM.Dreyer.upper_bound,Dreyer2023,61,4.116666666666649,
core.LaBraM.Dreyer.upper_bound,Dreyer2023,62,6.46666666666666,
core.LaBraM.Dreyer.upper_bound,Dreyer2023,63,5.76666666666666,
core.LaBraM.Dreyer.upper_bound,Dreyer2023,64,12.2,
core.LaBraM.Dreyer.upper_bound,Dreyer2023,65,9.38333333333332,
core.LaBraM.Dreyer.upper_bound,Dreyer2023,66,9.01666666666666,
core.LaBraM.Dreyer.upper_bound,Dreyer2023,67,3.1,
core.LaBraM.Dreyer.upper_bound,Dreyer2023,68,4.24999999999999,
core.LaBraM.Dreyer.upper_bound,Dreyer2023,69,1.2166666666666701,
core.LaBraM.Dreyer.upper_bound,Dreyer2023,70,11.96666666666665,
core.LaBraM.Dreyer.upper_bound,Dreyer2023,71,6.86666666666665,
core.LaBraM.Dreyer.upper_bound,Dreyer2023,72,9.89999999999999,
core.LaBraM.Dreyer.upper_bound,Dreyer2023,73,17.21666666666666,
core.LaBraM.Dreyer.upper_bound,Dreyer2023,74,3.86666666666666,
core.LaBraM.Dreyer.upper_bound,Dreyer2023,75,2.86666666666666,
core.LaBraM.Dreyer.upper_bound,Dreyer2023,76,5.16666666666666,
core.LaBraM.Dreyer.upper_bound,Dreyer2023,77,4.51666666666665,
core.LaBraM.Dreyer.upper_bound,Dreyer2023,80,7.916666666666659,
core.LaBraM.Dreyer.upper_bound,Dreyer2023,81,6.649999999999991,
core.LaBraM.Dreyer.upper_bound,Dreyer2023,82,6.21666666666665,
core.LaBraM.Dreyer.upper_bound,Dreyer2023,83,9.93333333333333,
core.LaBraM.Dreyer.upper_bound,Dreyer2023,84,5.06666666666666,
core.LaBraM.Dreyer.upper_bound,Dreyer2023,85,3.79999999999999,
core.LaBraM.Dreyer.upper_bound,Dreyer2023,86,1.7166666666666601,
core.LaBraM.Dreyer.upper_bound,Dreyer2023,87,7.6,
core.LaBraM.Dreyer.population_gain,Dreyer2023,1,9.833333333333327,
core.LaBraM.Dreyer.population_gain,Dreyer2023,2,23.33333333333334,
core.LaBraM.Dreyer.population_gain,Dreyer2023,3,13.0,
core.LaBraM.Dreyer.population_gain,Dreyer2023,5,16.166666666666664,
core.LaBraM.Dreyer.population_gain,Dreyer2023,6,15.666666666666663,
core.LaBraM.Dreyer.population_gain,Dreyer2023,7,13.333333333333341,
core.LaBraM.Dreyer.population_gain,Dreyer2023,8,12.666666666666682,
core.LaBraM.Dreyer.population_gain,Dreyer2023,10,12.666666666666648,
core.LaBraM.Dreyer.population_gain,Dreyer2023,11,0.0,
core.LaBraM.Dreyer.population_gain,Dreyer2023,12,18.499999999999993,
core.LaBraM.Dreyer.population_gain,Dreyer2023,13,-0.33333333333332993,
core.LaBraM.Dreyer.population_gain,Dreyer2023,14,3.6666666666666736,
core.LaBraM.Dreyer.population_gain,Dreyer2023,15,7.500000000000007,
core.LaBraM.Dreyer.population_gain,Dreyer2023,16,17.833333333333336,
core.LaBraM.Dreyer.population_gain,Dreyer2023,18,8.666666666666655,
core.LaBraM.Dreyer.population_gain,Dreyer2023,19,10.499999999999998,
core.LaBraM.Dreyer.population_gain,Dreyer2023,20,12.666666666666682,
core.LaBraM.Dreyer.population_gain,Dreyer2023,21,10.666666666666668,
core.LaBraM.Dreyer.population_gain,Dreyer2023,22,13.833333333333343,
core.LaBraM.Dreyer.population_gain,Dreyer2023,23,8.166666666666666,
core.LaBraM.Dreyer.population_gain,Dreyer2023,24,13.333333333333307,
core.LaBraM.Dreyer.population_gain,Dreyer2023,25,4.166666666666674,
core.LaBraM.Dreyer.population_gain,Dreyer2023,26,14.833333333333332,
core.LaBraM.Dreyer.population_gain,Dreyer2023,27,9.166666666666668,
core.LaBraM.Dreyer.population_gain,Dreyer2023,28,10.166666666666668,
core.LaBraM.Dreyer.population_gain,Dreyer2023,30,4.5000000000000036,
core.LaBraM.Dreyer.population_gain,Dreyer2023,31,18.166666666666654,
core.LaBraM.Dreyer.population_gain,Dreyer2023,32,23.99999999999999,
core.LaBraM.Dreyer.population_gain,Dreyer2023,33,19.666666666666664,
core.LaBraM.Dreyer.population_gain,Dreyer2023,34,9.833333333333327,
core.LaBraM.Dreyer.population_gain,Dreyer2023,35,11.166666666666657,
core.LaBraM.Dreyer.population_gain,Dreyer2023,36,14.833333333333332,
core.LaBraM.Dreyer.population_gain,Dreyer2023,37,15.000000000000002,
core.LaBraM.Dreyer.population_gain,Dreyer2023,38,13.5,
core.LaBraM.Dreyer.population_gain,Dreyer2023,39,3.6666666666666736,
core.LaBraM.Dreyer.population_gain,Dreyer2023,40,4.137931034482756,
core.LaBraM.Dreyer.population_gain,Dreyer2023,42,15.500000000000004,
core.LaBraM.Dreyer.population_gain,Dreyer2023,43,9.166666666666657,
core.LaBraM.Dreyer.population_gain,Dreyer2023,44,6.666666666666677,
core.LaBraM.Dreyer.population_gain,Dreyer2023,45,14.666666666666671,
core.LaBraM.Dreyer.population_gain,Dreyer2023,46,0.33333333333332993,
core.LaBraM.Dreyer.population_gain,Dreyer2023,47,6.166666666666676,
core.LaBraM.Dreyer.population_gain,Dreyer2023,48,1.1666666666666825,
core.LaBraM.Dreyer.population_gain,Dreyer2023,49,8.666666666666668,
core.LaBraM.Dreyer.population_gain,Dreyer2023,50,2.166666666666661,
core.LaBraM.Dreyer.population_gain,Dreyer2023,51,6.999999999999995,
core.LaBraM.Dreyer.population_gain,Dreyer2023,52,11.5,
core.LaBraM.Dreyer.population_gain,Dreyer2023,53,9.83333333333334,
core.LaBraM.Dreyer.population_gain,Dreyer2023,54,9.833333333333327,
core.LaBraM.Dreyer.population_gain,Dreyer2023,55,0.5000000000000004,
core.LaBraM.Dreyer.population_gain,Dreyer2023,56,3.16666666666664,
core.LaBraM.Dreyer.population_gain,Dreyer2023,57,10.83333333333334,
core.LaBraM.Dreyer.population_gain,Dreyer2023,58,10.833333333333306,
core.LaBraM.Dreyer.population_gain,Dreyer2023,59,5.249999999999999,
core.LaBraM.Dreyer.population_gain,Dreyer2023,60,21.999999999999996,
core.LaBraM.Dreyer.population_gain,Dreyer2023,61,1.1666666666666714,
core.LaBraM.Dreyer.population_gain,Dreyer2023,62,6.666666666666665,
core.LaBraM.Dreyer.population_gain,Dreyer2023,63,14.66666666666666,
core.LaBraM.Dreyer.population_gain,Dreyer2023,64,9.666666666666668,
core.LaBraM.Dreyer.population_gain,Dreyer2023,65,3.833333333333333,
core.LaBraM.Dreyer.population_gain,Dreyer2023,66,1.6666666666666718,
core.LaBraM.Dreyer.population_gain,Dreyer2023,67,7.499999999999996,
core.LaBraM.Dreyer.population_gain,Dreyer2023,68,1.8333333333333313,
core.LaBraM.Dreyer.population_gain,Dreyer2023,69,9.000000000000007,
core.LaBraM.Dreyer.population_gain,Dreyer2023,70,3.166666666666662,
core.LaBraM.Dreyer.population_gain,Dreyer2023,71,17.000000000000004,
core.LaBraM.Dreyer.population_gain,Dreyer2023,72,6.000000000000005,
core.LaBraM.Dreyer.population_gain,Dreyer2023,73,10.000000000000009,
core.LaBraM.Dreyer.population_gain,Dreyer2023,74,4.833333333333334,
core.LaBraM.Dreyer.population_gain,Dreyer2023,75,9.333333333333327,
core.LaBraM.Dreyer.population_gain,Dreyer2023,76,5.166666666666664,
core.LaBraM.Dreyer.population_gain,Dreyer2023,77,9.666666666666657,
core.LaBraM.Dreyer.population_gain,Dreyer2023,80,10.666666666666668,
core.LaBraM.Dreyer.population_gain,Dreyer2023,81,7.666666666666655,
core.LaBraM.Dreyer.population_gain,Dreyer2023,82,4.333333333333322,
core.LaBraM.Dreyer.population_gain,Dreyer2023,83,-1.1666666666666714,
core.LaBraM.Dreyer.population_gain,Dreyer2023,84,9.999999999999998,
core.LaBraM.Dreyer.population_gain,Dreyer2023,85,3.6666666666666625,
core.LaBraM.Dreyer.population_gain,Dreyer2023,86,11.5,
core.LaBraM.Dreyer.population_gain,Dreyer2023,87,3.499999999999992,
core.LaBraM.Cho.own_gain,Cho2017,1,5.399999999999991,
core.LaBraM.Cho.own_gain,Cho2017,2,4.6,
core.LaBraM.Cho.own_gain,Cho2017,3,13.99999999999999,
core.LaBraM.Cho.own_gain,Cho2017,4,1.39999999999999,
core.LaBraM.Cho.own_gain,Cho2017,5,15.2,
core.LaBraM.Cho.own_gain,Cho2017,6,1.7999999999999998,
core.LaBraM.Cho.own_gain,Cho2017,7,3.16666666666666,
core.LaBraM.Cho.own_gain,Cho2017,8,5.59999999999999,
core.LaBraM.Cho.own_gain,Cho2017,9,2.4999999999999902,
core.LaBraM.Cho.own_gain,Cho2017,10,-0.2,
core.LaBraM.Cho.own_gain,Cho2017,11,1.7999999999999998,
core.LaBraM.Cho.own_gain,Cho2017,12,2.0,
core.LaBraM.Cho.own_gain,Cho2017,13,24.79999999999999,
core.LaBraM.Cho.own_gain,Cho2017,14,20.59999999999999,
core.LaBraM.Cho.own_gain,Cho2017,15,1.5999999999999899,
core.LaBraM.Cho.own_gain,Cho2017,16,0.4,
core.LaBraM.Cho.own_gain,Cho2017,17,10.59999999999999,
core.LaBraM.Cho.own_gain,Cho2017,18,3.8,
core.LaBraM.Cho.own_gain,Cho2017,19,1.6,
core.LaBraM.Cho.own_gain,Cho2017,20,8.599999999999989,
core.LaBraM.Cho.own_gain,Cho2017,21,1.79999999999999,
core.LaBraM.Cho.own_gain,Cho2017,22,-0.7999999999999899,
core.LaBraM.Cho.own_gain,Cho2017,23,4.2,
core.LaBraM.Cho.own_gain,Cho2017,24,1.6,
core.LaBraM.Cho.own_gain,Cho2017,25,2.39999999999999,
core.LaBraM.Cho.own_gain,Cho2017,26,0.2,
core.LaBraM.Cho.own_gain,Cho2017,27,3.79999999999999,
core.LaBraM.Cho.own_gain,Cho2017,28,21.599999999999987,
core.LaBraM.Cho.own_gain,Cho2017,29,2.99999999999999,
core.LaBraM.Cho.own_gain,Cho2017,30,23.799999999999997,
core.LaBraM.Cho.own_gain,Cho2017,31,4.79999999999999,
core.LaBraM.Cho.own_gain,Cho2017,32,6.999999999999989,
core.LaBraM.Cho.own_gain,Cho2017,33,-1.7999999999999998,
core.LaBraM.Cho.own_gain,Cho2017,34,2.19999999999999,
core.LaBraM.Cho.own_gain,Cho2017,35,19.399999999999988,
core.LaBraM.Cho.own_gain,Cho2017,36,4.0,
core.LaBraM.Cho.own_gain,Cho2017,37,-1.6,
core.LaBraM.Cho.own_gain,Cho2017,38,1.7999999999999998,
core.LaBraM.Cho.own_gain,Cho2017,39,5.0,
core.LaBraM.Cho.own_gain,Cho2017,40,3.59999999999999,
core.LaBraM.Cho.own_gain,Cho2017,41,8.99999999999999,
core.LaBraM.Cho.own_gain,Cho2017,42,4.6,
core.LaBraM.Cho.own_gain,Cho2017,43,2.8000000000000003,
core.LaBraM.Cho.own_gain,Cho2017,44,2.39999999999999,
core.LaBraM.Cho.own_gain,Cho2017,45,3.8,
core.LaBraM.Cho.own_gain,Cho2017,46,-0.16666666666666,
core.LaBraM.Cho.own_gain,Cho2017,47,4.79999999999999,
core.LaBraM.Cho.own_gain,Cho2017,48,7.59999999999999,
core.LaBraM.Cho.own_gain,Cho2017,49,2.4,
core.LaBraM.Cho.own_gain,Cho2017,50,0.8,
core.LaBraM.Cho.own_gain,Cho2017,51,2.6,
core.LaBraM.Cho.own_gain,Cho2017,52,3.5999999999999996,
core.LaBraM.Cho.upper_bound,Cho2017,1,6.49999999999999,
core.LaBraM.Cho.upper_bound,Cho2017,2,5.17999999999999,
core.LaBraM.Cho.upper_bound,Cho2017,3,11.599999999999989,
core.LaBraM.Cho.upper_bound,Cho2017,4,-0.43999999999998995,
core.LaBraM.Cho.upper_bound,Cho2017,5,14.16,
core.LaBraM.Cho.upper_bound,Cho2017,6,0.8599999999999899,
core.LaBraM.Cho.upper_bound,Cho2017,7,2.14999999999999,
core.LaBraM.Cho.upper_bound,Cho2017,8,6.1,
core.LaBraM.Cho.upper_bound,Cho2017,9,-0.01666666666666,
core.LaBraM.Cho.upper_bound,Cho2017,10,1.44,
core.LaBraM.Cho.upper_bound,Cho2017,11,1.8799999999999901,
core.LaBraM.Cho.upper_bound,Cho2017,12,1.8800000000000001,
core.LaBraM.Cho.upper_bound,Cho2017,13,30.379999999999992,
core.LaBraM.Cho.upper_bound,Cho2017,14,20.89999999999999,
core.LaBraM.Cho.upper_bound,Cho2017,15,-2.0399999999999903,
core.LaBraM.Cho.upper_bound,Cho2017,16,-1.26,
core.LaBraM.Cho.upper_bound,Cho2017,17,8.85999999999999,
core.LaBraM.Cho.upper_bound,Cho2017,18,2.81999999999999,
core.LaBraM.Cho.upper_bound,Cho2017,19,1.82,
core.LaBraM.Cho.upper_bound,Cho2017,20,8.339999999999991,
core.LaBraM.Cho.upper_bound,Cho2017,21,0.25999999999999,
core.LaBraM.Cho.upper_bound,Cho2017,22,-0.47999999999999,
core.LaBraM.Cho.upper_bound,Cho2017,23,4.7,
core.LaBraM.Cho.upper_bound,Cho2017,24,-0.17999999999999,
core.LaBraM.Cho.upper_bound,Cho2017,25,3.61999999999999,
core.LaBraM.Cho.upper_bound,Cho2017,26,0.87999999999999,
core.LaBraM.Cho.upper_bound,Cho2017,27,2.9399999999999897,
core.LaBraM.Cho.upper_bound,Cho2017,28,13.87999999999999,
core.LaBraM.Cho.upper_bound,Cho2017,29,2.92,
core.LaBraM.Cho.upper_bound,Cho2017,30,15.99999999999999,
core.LaBraM.Cho.upper_bound,Cho2017,31,1.1199999999999999,
core.LaBraM.Cho.upper_bound,Cho2017,32,4.459999999999989,
core.LaBraM.Cho.upper_bound,Cho2017,33,-0.5,
core.LaBraM.Cho.upper_bound,Cho2017,34,0.2,
core.LaBraM.Cho.upper_bound,Cho2017,35,21.69999999999999,
core.LaBraM.Cho.upper_bound,Cho2017,36,2.3,
core.LaBraM.Cho.upper_bound,Cho2017,37,-0.74,
core.LaBraM.Cho.upper_bound,Cho2017,38,2.13999999999999,
core.LaBraM.Cho.upper_bound,Cho2017,39,4.279999999999999,
core.LaBraM.Cho.upper_bound,Cho2017,40,3.81999999999999,
core.LaBraM.Cho.upper_bound,Cho2017,41,4.49999999999999,
core.LaBraM.Cho.upper_bound,Cho2017,42,3.6999999999999997,
core.LaBraM.Cho.upper_bound,Cho2017,43,2.29999999999999,
core.LaBraM.Cho.upper_bound,Cho2017,44,1.93999999999999,
core.LaBraM.Cho.upper_bound,Cho2017,45,4.52,
core.LaBraM.Cho.upper_bound,Cho2017,46,-0.049999999999990004,
core.LaBraM.Cho.upper_bound,Cho2017,47,3.79999999999999,
core.LaBraM.Cho.upper_bound,Cho2017,48,6.839999999999991,
core.LaBraM.Cho.upper_bound,Cho2017,49,4.23999999999999,
core.LaBraM.Cho.upper_bound,Cho2017,50,6.17999999999999,
core.LaBraM.Cho.upper_bound,Cho2017,51,2.95999999999999,
core.LaBraM.Cho.upper_bound,Cho2017,52,3.18,
core.LaBraM.Cho.population_gain,Cho2017,1,5.200000000000005,
core.LaBraM.Cho.population_gain,Cho2017,2,-1.9999999999999907,
core.LaBraM.Cho.population_gain,Cho2017,3,4.400000000000004,
core.LaBraM.Cho.population_gain,Cho2017,4,3.1999999999999917,
core.LaBraM.Cho.population_gain,Cho2017,5,3.599999999999992,
core.LaBraM.Cho.population_gain,Cho2017,6,0.5999999999999894,
core.LaBraM.Cho.population_gain,Cho2017,7,-5.833333333333323,
core.LaBraM.Cho.population_gain,Cho2017,8,1.0000000000000009,
core.LaBraM.Cho.population_gain,Cho2017,9,-4.333333333333334,
core.LaBraM.Cho.population_gain,Cho2017,10,1.8000000000000016,
core.LaBraM.Cho.population_gain,Cho2017,11,-2.6000000000000134,
core.LaBraM.Cho.population_gain,Cho2017,12,5.6,
core.LaBraM.Cho.population_gain,Cho2017,13,16.200000000000003,
core.LaBraM.Cho.population_gain,Cho2017,14,-0.40000000000000036,
core.LaBraM.Cho.population_gain,Cho2017,15,-2.6000000000000023,
core.LaBraM.Cho.population_gain,Cho2017,16,3.600000000000003,
core.LaBraM.Cho.population_gain,Cho2017,17,4.799999999999994,
core.LaBraM.Cho.population_gain,Cho2017,18,-3.400000000000003,
core.LaBraM.Cho.population_gain,Cho2017,19,0.6000000000000005,
core.LaBraM.Cho.population_gain,Cho2017,20,-2.8000000000000025,
core.LaBraM.Cho.population_gain,Cho2017,21,-4.200000000000004,
core.LaBraM.Cho.population_gain,Cho2017,22,4.600000000000016,
core.LaBraM.Cho.population_gain,Cho2017,23,1.6000000000000014,
core.LaBraM.Cho.population_gain,Cho2017,24,2.400000000000002,
core.LaBraM.Cho.population_gain,Cho2017,25,4.199999999999992,
core.LaBraM.Cho.population_gain,Cho2017,26,18.800000000000004,
core.LaBraM.Cho.population_gain,Cho2017,27,-5.800000000000005,
core.LaBraM.Cho.population_gain,Cho2017,28,20.999999999999996,
core.LaBraM.Cho.population_gain,Cho2017,29,0.0,
core.LaBraM.Cho.population_gain,Cho2017,30,-1.6000000000000014,
core.LaBraM.Cho.population_gain,Cho2017,31,0.6000000000000005,
core.LaBraM.Cho.population_gain,Cho2017,32,-3.400000000000003,
core.LaBraM.Cho.population_gain,Cho2017,33,6.199999999999994,
core.LaBraM.Cho.population_gain,Cho2017,34,-1.8000000000000016,
core.LaBraM.Cho.population_gain,Cho2017,35,-0.20000000000001128,
core.LaBraM.Cho.population_gain,Cho2017,36,0.8000000000000007,
core.LaBraM.Cho.population_gain,Cho2017,37,9.799999999999986,
core.LaBraM.Cho.population_gain,Cho2017,38,1.200000000000001,
core.LaBraM.Cho.population_gain,Cho2017,39,4.200000000000004,
core.LaBraM.Cho.population_gain,Cho2017,40,1.0000000000000009,
core.LaBraM.Cho.population_gain,Cho2017,41,0.20000000000000018,
core.LaBraM.Cho.population_gain,Cho2017,42,0.0,
core.LaBraM.Cho.population_gain,Cho2017,43,7.199999999999996,
core.LaBraM.Cho.population_gain,Cho2017,44,-2.200000000000002,
core.LaBraM.Cho.population_gain,Cho2017,45,1.4000000000000012,
core.LaBraM.Cho.population_gain,Cho2017,46,-2.6666666666666616,
core.LaBraM.Cho.population_gain,Cho2017,47,8.999999999999996,
core.LaBraM.Cho.population_gain,Cho2017,48,0.20000000000000018,
core.LaBraM.Cho.population_gain,Cho2017,49,-0.20000000000000018,
core.LaBraM.Cho.population_gain,Cho2017,50,-0.20000000000000018,
core.LaBraM.Cho.population_gain,Cho2017,51,-4.800000000000004,
core.LaBraM.Cho.population_gain,Cho2017,52,-3.400000000000003,
core.LaBraM.Cho.swap_gain,Cho2017,1,-1.100000000000012,
core.LaBraM.Cho.swap_gain,Cho2017,2,-0.5800000000000027,
core.LaBraM.Cho.swap_gain,Cho2017,3,2.399999999999991,
core.LaBraM.Cho.swap_gain,Cho2017,4,1.8399999999999972,
core.LaBraM.Cho.swap_gain,Cho2017,5,1.0400000000000187,
core.LaBraM.Cho.swap_gain,Cho2017,6,0.9400000000000186,
core.LaBraM.Cho.swap_gain,Cho2017,7,1.0166666666666657,
core.LaBraM.Cho.swap_gain,Cho2017,8,-0.5000000000000115,
core.LaBraM.Cho.swap_gain,Cho2017,9,2.516666666666667,
core.LaBraM.Cho.swap_gain,Cho2017,10,-1.639999999999997,
core.LaBraM.Cho.swap_gain,Cho2017,11,-0.07999999999999119,
core.LaBraM.Cho.swap_gain,Cho2017,12,0.11999999999999789,
core.LaBraM.Cho.swap_gain,Cho2017,13,-5.5799999999999965,
core.LaBraM.Cho.swap_gain,Cho2017,14,-0.30000000000000027,
core.LaBraM.Cho.swap_gain,Cho2017,15,3.639999999999999,
core.LaBraM.Cho.swap_gain,Cho2017,16,1.6599999999999948,
core.LaBraM.Cho.swap_gain,Cho2017,17,1.7400000000000082,
core.LaBraM.Cho.swap_gain,Cho2017,18,0.979999999999992,
core.LaBraM.Cho.swap_gain,Cho2017,19,-0.21999999999999797,
core.LaBraM.Cho.swap_gain,Cho2017,20,0.25999999999999357,
core.LaBraM.Cho.swap_gain,Cho2017,21,1.539999999999997,
core.LaBraM.Cho.swap_gain,Cho2017,22,-0.31999999999999806,
core.LaBraM.Cho.swap_gain,Cho2017,23,-0.5000000000000115,
core.LaBraM.Cho.swap_gain,Cho2017,24,1.7799999999999927,
core.LaBraM.Cho.swap_gain,Cho2017,25,-1.2199999999999878,
core.LaBraM.Cho.swap_gain,Cho2017,26,-0.6800000000000028,
core.LaBraM.Cho.swap_gain,Cho2017,27,0.8600000000000052,
core.LaBraM.Cho.swap_gain,Cho2017,28,7.7199999999999935,
core.LaBraM.Cho.swap_gain,Cho2017,29,0.07999999999999119,
core.LaBraM.Cho.swap_gain,Cho2017,30,7.799999999999995,
core.LaBraM.Cho.swap_gain,Cho2017,31,3.6799999999999944,
core.LaBraM.Cho.swap_gain,Cho2017,32,2.540000000000009,
core.LaBraM.Cho.swap_gain,Cho2017,33,-1.3000000000000012,
core.LaBraM.Cho.swap_gain,Cho2017,34,2.0000000000000018,
core.LaBraM.Cho.swap_gain,Cho2017,35,-2.2999999999999963,
core.LaBraM.Cho.swap_gain,Cho2017,36,1.7000000000000015,
core.LaBraM.Cho.swap_gain,Cho2017,37,-0.859999999999983,
core.LaBraM.Cho.swap_gain,Cho2017,38,-0.33999999999999586,
core.LaBraM.Cho.swap_gain,Cho2017,39,0.7199999999999984,
core.LaBraM.Cho.swap_gain,Cho2017,40,-0.21999999999999797,
core.LaBraM.Cho.swap_gain,Cho2017,41,4.499999999999993,
core.LaBraM.Cho.swap_gain,Cho2017,42,0.9000000000000008,
core.LaBraM.Cho.swap_gain,Cho2017,43,0.5000000000000004,
core.LaBraM.Cho.swap_gain,Cho2017,44,0.45999999999999375,
core.LaBraM.Cho.swap_gain,Cho2017,45,-0.7200000000000095,
core.LaBraM.Cho.swap_gain,Cho2017,46,-0.11666666666667602,
core.LaBraM.Cho.swap_gain,Cho2017,47,1.000000000000012,
core.LaBraM.Cho.swap_gain,Cho2017,48,0.759999999999994,
core.LaBraM.Cho.swap_gain,Cho2017,49,-1.8399999999999972,
core.LaBraM.Cho.swap_gain,Cho2017,50,-5.3799999999999955,
core.LaBraM.Cho.swap_gain,Cho2017,51,-0.36000000000000476,
core.LaBraM.Cho.swap_gain,Cho2017,52,0.41999999999999815,
budget.CBraMod.1x.own_gain,Cho2017,1,7.79999999999999,
budget.CBraMod.1x.own_gain,Cho2017,2,-3.2,
budget.CBraMod.1x.own_gain,Cho2017,3,20.8,
budget.CBraMod.1x.own_gain,Cho2017,4,6.399999999999991,
budget.CBraMod.1x.own_gain,Cho2017,5,-0.6,
budget.CBraMod.1x.own_gain,Cho2017,6,2.0,
budget.CBraMod.1x.own_gain,Cho2017,7,1.0,
budget.CBraMod.1x.own_gain,Cho2017,8,-0.99999999999999,
budget.CBraMod.1x.own_gain,Cho2017,9,4.5,
budget.CBraMod.1x.own_gain,Cho2017,10,5.19999999999999,
budget.CBraMod.1x.own_gain,Cho2017,11,-2.1999999999999997,
budget.CBraMod.1x.own_gain,Cho2017,12,17.59999999999999,
budget.CBraMod.1x.own_gain,Cho2017,13,14.19999999999999,
budget.CBraMod.1x.own_gain,Cho2017,14,18.4,
budget.CBraMod.1x.own_gain,Cho2017,15,13.99999999999999,
budget.CBraMod.1x.own_gain,Cho2017,16,0.8,
budget.CBraMod.1x.own_gain,Cho2017,17,0.7999999999999899,
budget.CBraMod.1x.own_gain,Cho2017,18,3.59999999999999,
budget.CBraMod.1x.own_gain,Cho2017,19,1.5999999999999899,
budget.CBraMod.1x.own_gain,Cho2017,20,7.59999999999999,
budget.CBraMod.1x.own_gain,Cho2017,21,7.79999999999999,
budget.CBraMod.1x.own_gain,Cho2017,22,4.79999999999999,
budget.CBraMod.1x.own_gain,Cho2017,23,3.79999999999999,
budget.CBraMod.1x.own_gain,Cho2017,24,7.99999999999999,
budget.CBraMod.1x.own_gain,Cho2017,25,2.4,
budget.CBraMod.1x.own_gain,Cho2017,26,0.6,
budget.CBraMod.1x.own_gain,Cho2017,27,-3.99999999999999,
budget.CBraMod.1x.own_gain,Cho2017,28,25.19999999999999,
budget.CBraMod.1x.own_gain,Cho2017,29,4.79999999999999,
budget.CBraMod.1x.own_gain,Cho2017,30,2.4,
budget.CBraMod.1x.own_gain,Cho2017,31,5.99999999999999,
budget.CBraMod.1x.own_gain,Cho2017,32,1.2,
budget.CBraMod.1x.own_gain,Cho2017,33,-5.59999999999999,
budget.CBraMod.1x.own_gain,Cho2017,34,-0.59999999999999,
budget.CBraMod.1x.own_gain,Cho2017,35,41.4,
budget.CBraMod.1x.own_gain,Cho2017,36,1.99999999999999,
budget.CBraMod.1x.own_gain,Cho2017,37,0.0,
budget.CBraMod.1x.own_gain,Cho2017,38,-0.7999999999999899,
budget.CBraMod.1x.own_gain,Cho2017,39,4.79999999999999,
budget.CBraMod.1x.own_gain,Cho2017,40,2.6,
budget.CBraMod.1x.own_gain,Cho2017,41,7.79999999999999,
budget.CBraMod.1x.own_gain,Cho2017,42,-4.2,
budget.CBraMod.1x.own_gain,Cho2017,43,0.0,
budget.CBraMod.1x.own_gain,Cho2017,44,3.0,
budget.CBraMod.1x.own_gain,Cho2017,45,0.39999999999999003,
budget.CBraMod.1x.own_gain,Cho2017,46,11.83333333333332,
budget.CBraMod.1x.own_gain,Cho2017,47,5.399999999999991,
budget.CBraMod.1x.own_gain,Cho2017,48,3.59999999999999,
budget.CBraMod.1x.own_gain,Cho2017,49,0.0,
budget.CBraMod.1x.own_gain,Cho2017,50,3.99999999999999,
budget.CBraMod.1x.own_gain,Cho2017,51,3.3999999999999897,
budget.CBraMod.1x.own_gain,Cho2017,52,5.399999999999991,
budget.CBraMod.1x.own_gain,Dreyer2023,1,3.49999999999999,
budget.CBraMod.1x.own_gain,Dreyer2023,2,3.16666666666666,
budget.CBraMod.1x.own_gain,Dreyer2023,3,-1.66666666666666,
budget.CBraMod.1x.own_gain,Dreyer2023,5,0.33333333333332,
budget.CBraMod.1x.own_gain,Dreyer2023,6,3.33333333333333,
budget.CBraMod.1x.own_gain,Dreyer2023,7,0.83333333333333,
budget.CBraMod.1x.own_gain,Dreyer2023,8,6.16666666666666,
budget.CBraMod.1x.own_gain,Dreyer2023,10,-0.16666666666666,
budget.CBraMod.1x.own_gain,Dreyer2023,11,10.16666666666666,
budget.CBraMod.1x.own_gain,Dreyer2023,12,3.49999999999999,
budget.CBraMod.1x.own_gain,Dreyer2023,13,1.83333333333333,
budget.CBraMod.1x.own_gain,Dreyer2023,14,5.83333333333333,
budget.CBraMod.1x.own_gain,Dreyer2023,15,-0.6666666666666601,
budget.CBraMod.1x.own_gain,Dreyer2023,16,3.49999999999999,
budget.CBraMod.1x.own_gain,Dreyer2023,18,2.66666666666666,
budget.CBraMod.1x.own_gain,Dreyer2023,19,4.99999999999999,
budget.CBraMod.1x.own_gain,Dreyer2023,20,0.5,
budget.CBraMod.1x.own_gain,Dreyer2023,21,1.1666666666666599,
budget.CBraMod.1x.own_gain,Dreyer2023,22,1.83333333333333,
budget.CBraMod.1x.own_gain,Dreyer2023,23,5.66666666666666,
budget.CBraMod.1x.own_gain,Dreyer2023,24,0.0,
budget.CBraMod.1x.own_gain,Dreyer2023,25,5.99999999999999,
budget.CBraMod.1x.own_gain,Dreyer2023,26,6.66666666666666,
budget.CBraMod.1x.own_gain,Dreyer2023,27,2.4999999999999902,
budget.CBraMod.1x.own_gain,Dreyer2023,28,3.33333333333333,
budget.CBraMod.1x.own_gain,Dreyer2023,30,8.99999999999999,
budget.CBraMod.1x.own_gain,Dreyer2023,31,1.83333333333333,
budget.CBraMod.1x.own_gain,Dreyer2023,32,6.33333333333332,
budget.CBraMod.1x.own_gain,Dreyer2023,33,2.0,
budget.CBraMod.1x.own_gain,Dreyer2023,34,3.16666666666666,
budget.CBraMod.1x.own_gain,Dreyer2023,35,2.66666666666667,
budget.CBraMod.1x.own_gain,Dreyer2023,36,0.8333333333333199,
budget.CBraMod.1x.own_gain,Dreyer2023,37,2.4999999999999902,
budget.CBraMod.1x.own_gain,Dreyer2023,38,5.49999999999999,
budget.CBraMod.1x.own_gain,Dreyer2023,39,3.33333333333333,
budget.CBraMod.1x.own_gain,Dreyer2023,40,-0.86206896551724,
budget.CBraMod.1x.own_gain,Dreyer2023,42,5.99999999999999,
budget.CBraMod.1x.own_gain,Dreyer2023,43,1.99999999999999,
budget.CBraMod.1x.own_gain,Dreyer2023,44,1.66666666666666,
budget.CBraMod.1x.own_gain,Dreyer2023,45,6.66666666666666,
budget.CBraMod.1x.own_gain,Dreyer2023,46,-1.83333333333333,
budget.CBraMod.1x.own_gain,Dreyer2023,47,1.83333333333333,
budget.CBraMod.1x.own_gain,Dreyer2023,48,2.1666666666666603,
budget.CBraMod.1x.own_gain,Dreyer2023,49,4.8333333333333295,
budget.CBraMod.1x.own_gain,Dreyer2023,50,-2.0,
budget.CBraMod.1x.own_gain,Dreyer2023,51,4.16666666666666,
budget.CBraMod.1x.own_gain,Dreyer2023,52,1.8333333333333202,
budget.CBraMod.1x.own_gain,Dreyer2023,53,4.99999999999999,
budget.CBraMod.1x.own_gain,Dreyer2023,54,4.33333333333333,
budget.CBraMod.1x.own_gain,Dreyer2023,55,-1.942890293094024e-15,
budget.CBraMod.1x.own_gain,Dreyer2023,56,5.83333333333333,
budget.CBraMod.1x.own_gain,Dreyer2023,57,2.3333333333333197,
budget.CBraMod.1x.own_gain,Dreyer2023,58,2.1666666666666603,
budget.CBraMod.1x.own_gain,Dreyer2023,59,3.24999999999999,
budget.CBraMod.1x.own_gain,Dreyer2023,60,4.49999999999999,
budget.CBraMod.1x.own_gain,Dreyer2023,61,3.8333333333333197,
budget.CBraMod.1x.own_gain,Dreyer2023,62,8.66666666666666,
budget.CBraMod.1x.own_gain,Dreyer2023,63,3.66666666666666,
budget.CBraMod.1x.own_gain,Dreyer2023,64,9.83333333333332,
budget.CBraMod.1x.own_gain,Dreyer2023,65,4.16666666666666,
budget.CBraMod.1x.own_gain,Dreyer2023,66,2.6666666666666496,
budget.CBraMod.1x.own_gain,Dreyer2023,67,2.1666666666666603,
budget.CBraMod.1x.own_gain,Dreyer2023,68,2.66666666666666,
budget.CBraMod.1x.own_gain,Dreyer2023,69,3.99999999999999,
budget.CBraMod.1x.own_gain,Dreyer2023,70,3.33333333333333,
budget.CBraMod.1x.own_gain,Dreyer2023,71,-0.16666666666667,
budget.CBraMod.1x.own_gain,Dreyer2023,72,7.49999999999999,
budget.CBraMod.1x.own_gain,Dreyer2023,73,13.49999999999999,
budget.CBraMod.1x.own_gain,Dreyer2023,74,3.8333333333333304,
budget.CBraMod.1x.own_gain,Dreyer2023,75,4.333333333333321,
budget.CBraMod.1x.own_gain,Dreyer2023,76,9.16666666666666,
budget.CBraMod.1x.own_gain,Dreyer2023,77,1.0,
budget.CBraMod.1x.own_gain,Dreyer2023,80,6.16666666666666,
budget.CBraMod.1x.own_gain,Dreyer2023,81,-0.33333333333333004,
budget.CBraMod.1x.own_gain,Dreyer2023,82,6.66666666666666,
budget.CBraMod.1x.own_gain,Dreyer2023,83,9.33333333333332,
budget.CBraMod.1x.own_gain,Dreyer2023,84,3.0,
budget.CBraMod.1x.own_gain,Dreyer2023,85,3.16666666666666,
budget.CBraMod.1x.own_gain,Dreyer2023,86,0.6666666666666601,
budget.CBraMod.1x.own_gain,Dreyer2023,87,7.49999999999999,
budget.CBraMod.1x.own_gain,PhysionetMI,1,-4.3181818181818095,
budget.CBraMod.1x.own_gain,PhysionetMI,2,1.99999999999999,
budget.CBraMod.1x.own_gain,PhysionetMI,3,4.0245584642661925e-15,
budget.CBraMod.1x.own_gain,PhysionetMI,4,1.89393939393938,
budget.CBraMod.1x.own_gain,PhysionetMI,5,-4.6212121212121104,
budget.CBraMod.1x.own_gain,PhysionetMI,6,3.1060606060606,
budget.CBraMod.1x.own_gain,PhysionetMI,7,0.15151515151515,
budget.CBraMod.1x.own_gain,PhysionetMI,8,4.46969696969697,
budget.CBraMod.1x.own_gain,PhysionetMI,9,4.923076923076921,
budget.CBraMod.1x.own_gain,PhysionetMI,10,2.4615384615384603,
budget.CBraMod.1x.own_gain,PhysionetMI,11,-4.39393939393939,
budget.CBraMod.1x.own_gain,PhysionetMI,12,-1.06060606060605,
budget.CBraMod.1x.own_gain,PhysionetMI,13,2.27272727272727,
budget.CBraMod.1x.own_gain,PhysionetMI,14,5.22727272727272,
budget.CBraMod.1x.own_gain,PhysionetMI,15,6.923076923076909,
budget.CBraMod.1x.own_gain,PhysionetMI,16,-3.7878787878787796,
budget.CBraMod.1x.own_gain,PhysionetMI,17,10.83333333333333,
budget.CBraMod.1x.own_gain,PhysionetMI,18,0.0,
budget.CBraMod.1x.own_gain,PhysionetMI,19,-5.07575757575757,
budget.CBraMod.1x.own_gain,PhysionetMI,20,9.77272727272726,
budget.CBraMod.1x.own_gain,PhysionetMI,21,6.21212121212121,
budget.CBraMod.1x.own_gain,PhysionetMI,22,0.0,
budget.CBraMod.1x.own_gain,PhysionetMI,23,0.46153846153844996,
budget.CBraMod.1x.own_gain,PhysionetMI,24,-3.4848484848484804,
budget.CBraMod.1x.own_gain,PhysionetMI,25,-4.84848484848484,
budget.CBraMod.1x.own_gain,PhysionetMI,26,-2.4615384615384603,
budget.CBraMod.1x.own_gain,PhysionetMI,27,-1.66666666666666,
budget.CBraMod.1x.own_gain,PhysionetMI,28,3.5606060606060503,
budget.CBraMod.1x.own_gain,PhysionetMI,29,13.71212121212121,
budget.CBraMod.1x.own_gain,PhysionetMI,30,2.42424242424242,
budget.CBraMod.1x.own_gain,PhysionetMI,31,2.95454545454544,
budget.CBraMod.1x.own_gain,PhysionetMI,32,0.23076923076923,
budget.CBraMod.1x.own_gain,PhysionetMI,33,0.9848484848484799,
budget.CBraMod.1x.own_gain,PhysionetMI,34,3.9230769230769096,
budget.CBraMod.1x.own_gain,PhysionetMI,35,0.75757575757575,
budget.CBraMod.1x.own_gain,PhysionetMI,36,3.1060606060606,
budget.CBraMod.1x.own_gain,PhysionetMI,37,12.27272727272727,
budget.CBraMod.1x.own_gain,PhysionetMI,38,4.54545454545454,
budget.CBraMod.1x.own_gain,PhysionetMI,39,7.1212121212121104,
budget.CBraMod.1x.own_gain,PhysionetMI,40,-3.4090909090909,
budget.CBraMod.1x.own_gain,PhysionetMI,41,-6.07692307692307,
budget.CBraMod.1x.own_gain,PhysionetMI,42,-1.06060606060605,
budget.CBraMod.1x.own_gain,PhysionetMI,43,-0.07575757575757,
budget.CBraMod.1x.own_gain,PhysionetMI,44,3.40909090909091,
budget.CBraMod.1x.own_gain,PhysionetMI,45,-0.90909090909091,
budget.CBraMod.1x.own_gain,PhysionetMI,46,-2.34848484848485,
budget.CBraMod.1x.own_gain,PhysionetMI,47,0.68181818181818,
budget.CBraMod.1x.own_gain,PhysionetMI,48,0.0,
budget.CBraMod.1x.own_gain,PhysionetMI,49,-0.68181818181818,
budget.CBraMod.1x.own_gain,PhysionetMI,50,8.48484848484847,
budget.CBraMod.1x.own_gain,PhysionetMI,51,1.59090909090908,
budget.CBraMod.1x.own_gain,PhysionetMI,52,-3.0,
budget.CBraMod.1x.own_gain,PhysionetMI,53,7.12121212121212,
budget.CBraMod.1x.own_gain,PhysionetMI,54,4.015151515151509,
budget.CBraMod.1x.own_gain,PhysionetMI,55,1.66666666666666,
budget.CBraMod.1x.own_gain,PhysionetMI,56,0.0,
budget.CBraMod.1x.own_gain,PhysionetMI,57,0.83333333333333,
budget.CBraMod.1x.own_gain,PhysionetMI,58,7.3076923076922995,
budget.CBraMod.1x.own_gain,PhysionetMI,59,13.25757575757575,
budget.CBraMod.1x.own_gain,PhysionetMI,60,-1.07692307692308,
budget.CBraMod.1x.own_gain,PhysionetMI,61,-0.83333333333333,
budget.CBraMod.1x.own_gain,PhysionetMI,62,0.83333333333333,
budget.CBraMod.1x.own_gain,PhysionetMI,63,4.84848484848484,
budget.CBraMod.1x.own_gain,PhysionetMI,64,3.4090909090909,
budget.CBraMod.1x.own_gain,PhysionetMI,65,-0.3030303030303,
budget.CBraMod.1x.own_gain,PhysionetMI,66,-3.93939393939393,
budget.CBraMod.1x.own_gain,PhysionetMI,67,6.51515151515151,
budget.CBraMod.1x.own_gain,PhysionetMI,68,-1.0606060606060599,
budget.CBraMod.1x.own_gain,PhysionetMI,69,5.53846153846153,
budget.CBraMod.1x.own_gain,PhysionetMI,70,-1.59090909090909,
budget.CBraMod.1x.own_gain,PhysionetMI,71,5.30303030303029,
budget.CBraMod.1x.own_gain,PhysionetMI,72,0.0,
budget.CBraMod.1x.own_gain,PhysionetMI,73,1.13636363636363,
budget.CBraMod.1x.own_gain,PhysionetMI,74,-1.51515151515151,
budget.CBraMod.1x.own_gain,PhysionetMI,75,1.89393939393938,
budget.CBraMod.1x.own_gain,PhysionetMI,76,-3.03030303030302,
budget.CBraMod.1x.own_gain,PhysionetMI,77,2.87878787878788,
budget.CBraMod.1x.own_gain,PhysionetMI,78,-7.04545454545454,
budget.CBraMod.1x.own_gain,PhysionetMI,79,1.66666666666666,
budget.CBraMod.1x.own_gain,PhysionetMI,80,4.53846153846153,
budget.CBraMod.1x.own_gain,PhysionetMI,81,0.9848484848484799,
budget.CBraMod.1x.own_gain,PhysionetMI,82,6.59090909090909,
budget.CBraMod.1x.own_gain,PhysionetMI,83,4.38461538461538,
budget.CBraMod.1x.own_gain,PhysionetMI,84,0.07575757575757,
budget.CBraMod.1x.own_gain,PhysionetMI,85,9.69696969696968,
budget.CBraMod.1x.own_gain,PhysionetMI,86,0.53846153846153,
budget.CBraMod.1x.own_gain,PhysionetMI,87,-8.48484848484847,
budget.CBraMod.1x.own_gain,PhysionetMI,90,0.22727272727272002,
budget.CBraMod.1x.own_gain,PhysionetMI,91,-6.590909090909081,
budget.CBraMod.1x.own_gain,PhysionetMI,93,5.530303030303029,
budget.CBraMod.1x.own_gain,PhysionetMI,94,6.8181818181818095,
budget.CBraMod.1x.own_gain,PhysionetMI,95,-1.84615384615384,
budget.CBraMod.1x.own_gain,PhysionetMI,96,-2.65151515151515,
budget.CBraMod.1x.own_gain,PhysionetMI,97,11.060606060606059,
budget.CBraMod.1x.own_gain,PhysionetMI,98,3.5606060606060503,
budget.CBraMod.1x.own_gain,PhysionetMI,99,-3.93939393939394,
budget.CBraMod.1x.own_gain,PhysionetMI,101,4.61538461538461,
budget.CBraMod.1x.own_gain,PhysionetMI,102,7.42424242424241,
budget.CBraMod.1x.own_gain,PhysionetMI,103,-4.39393939393939,
budget.CBraMod.1x.own_gain,PhysionetMI,105,4.24242424242423,
budget.CBraMod.1x.own_gain,PhysionetMI,107,-4.92424242424242,
budget.CBraMod.1x.own_gain,PhysionetMI,108,7.5,
budget.CBraMod.1x.own_gain,PhysionetMI,109,-1.8939393939393898,
budget.CBraMod.1x.upper_bound,Cho2017,1,13.919999999999998,
budget.CBraMod.1x.upper_bound,Cho2017,2,-2.85999999999999,
budget.CBraMod.1x.upper_bound,Cho2017,3,16.08,
budget.CBraMod.1x.upper_bound,Cho2017,4,10.73999999999999,
budget.CBraMod.1x.upper_bound,Cho2017,5,1.0599999999999898,
budget.CBraMod.1x.upper_bound,Cho2017,6,4.3999999999999995,
budget.CBraMod.1x.upper_bound,Cho2017,7,0.51666666666666,
budget.CBraMod.1x.upper_bound,Cho2017,8,0.48,
budget.CBraMod.1x.upper_bound,Cho2017,9,3.33333333333333,
budget.CBraMod.1x.upper_bound,Cho2017,10,8.81999999999999,
budget.CBraMod.1x.upper_bound,Cho2017,11,0.8399999999999901,
budget.CBraMod.1x.upper_bound,Cho2017,12,19.61999999999999,
budget.CBraMod.1x.upper_bound,Cho2017,13,19.29999999999999,
budget.CBraMod.1x.upper_bound,Cho2017,14,18.38,
budget.CBraMod.1x.upper_bound,Cho2017,15,12.920000000000002,
budget.CBraMod.1x.upper_bound,Cho2017,16,2.8000000000000003,
budget.CBraMod.1x.upper_bound,Cho2017,17,2.23999999999999,
budget.CBraMod.1x.upper_bound,Cho2017,18,6.599999999999991,
budget.CBraMod.1x.upper_bound,Cho2017,19,0.8599999999999899,
budget.CBraMod.1x.upper_bound,Cho2017,20,12.299999999999981,
budget.CBraMod.1x.upper_bound,Cho2017,21,6.459999999999989,
budget.CBraMod.1x.upper_bound,Cho2017,22,6.89999999999999,
budget.CBraMod.1x.upper_bound,Cho2017,23,5.53999999999999,
budget.CBraMod.1x.upper_bound,Cho2017,24,7.15999999999999,
budget.CBraMod.1x.upper_bound,Cho2017,25,0.06,
budget.CBraMod.1x.upper_bound,Cho2017,26,0.6,
budget.CBraMod.1x.upper_bound,Cho2017,27,-2.01999999999999,
budget.CBraMod.1x.upper_bound,Cho2017,28,27.04,
budget.CBraMod.1x.upper_bound,Cho2017,29,5.63999999999999,
budget.CBraMod.1x.upper_bound,Cho2017,30,9.53999999999999,
budget.CBraMod.1x.upper_bound,Cho2017,31,12.259999999999991,
budget.CBraMod.1x.upper_bound,Cho2017,32,1.0599999999999898,
budget.CBraMod.1x.upper_bound,Cho2017,33,-3.1199999999999903,
budget.CBraMod.1x.upper_bound,Cho2017,34,-0.23999999999999,
budget.CBraMod.1x.upper_bound,Cho2017,35,44.55999999999999,
budget.CBraMod.1x.upper_bound,Cho2017,36,-1.28,
budget.CBraMod.1x.upper_bound,Cho2017,37,0.7999999999999899,
budget.CBraMod.1x.upper_bound,Cho2017,38,1.7399999999999902,
budget.CBraMod.1x.upper_bound,Cho2017,39,3.1399999999999997,
budget.CBraMod.1x.upper_bound,Cho2017,40,2.05999999999999,
budget.CBraMod.1x.upper_bound,Cho2017,41,11.27999999999998,
budget.CBraMod.1x.upper_bound,Cho2017,42,-3.3999999999999897,
budget.CBraMod.1x.upper_bound,Cho2017,43,0.04,
budget.CBraMod.1x.upper_bound,Cho2017,44,4.1999999999999895,
budget.CBraMod.1x.upper_bound,Cho2017,45,-0.27999999999999,
budget.CBraMod.1x.upper_bound,Cho2017,46,7.899999999999991,
budget.CBraMod.1x.upper_bound,Cho2017,47,7.2399999999999896,
budget.CBraMod.1x.upper_bound,Cho2017,48,6.459999999999989,
budget.CBraMod.1x.upper_bound,Cho2017,49,0.87999999999999,
budget.CBraMod.1x.upper_bound,Cho2017,50,10.55999999999999,
budget.CBraMod.1x.upper_bound,Cho2017,51,2.58,
budget.CBraMod.1x.upper_bound,Cho2017,52,6.599999999999991,
budget.CBraMod.1x.upper_bound,Dreyer2023,1,4.53333333333332,
budget.CBraMod.1x.upper_bound,Dreyer2023,2,4.76666666666666,
budget.CBraMod.1x.upper_bound,Dreyer2023,3,2.6,
budget.CBraMod.1x.upper_bound,Dreyer2023,5,2.39999999999999,
budget.CBraMod.1x.upper_bound,Dreyer2023,6,2.3,
budget.CBraMod.1x.upper_bound,Dreyer2023,7,3.31666666666666,
budget.CBraMod.1x.upper_bound,Dreyer2023,8,3.98333333333332,
budget.CBraMod.1x.upper_bound,Dreyer2023,10,1.31666666666666,
budget.CBraMod.1x.upper_bound,Dreyer2023,11,11.48333333333333,
budget.CBraMod.1x.upper_bound,Dreyer2023,12,4.14999999999999,
budget.CBraMod.1x.upper_bound,Dreyer2023,13,1.53333333333334,
budget.CBraMod.1x.upper_bound,Dreyer2023,14,6.61666666666666,
budget.CBraMod.1x.upper_bound,Dreyer2023,15,0.06666666666665999,
budget.CBraMod.1x.upper_bound,Dreyer2023,16,6.749999999999989,
budget.CBraMod.1x.upper_bound,Dreyer2023,18,3.4333333333333202,
budget.CBraMod.1x.upper_bound,Dreyer2023,19,7.866666666666659,
budget.CBraMod.1x.upper_bound,Dreyer2023,20,2.93333333333333,
budget.CBraMod.1x.upper_bound,Dreyer2023,21,3.03333333333333,
budget.CBraMod.1x.upper_bound,Dreyer2023,22,7.21666666666666,
budget.CBraMod.1x.upper_bound,Dreyer2023,23,7.666666666666661,
budget.CBraMod.1x.upper_bound,Dreyer2023,24,2.88333333333333,
budget.CBraMod.1x.upper_bound,Dreyer2023,25,4.81666666666666,
budget.CBraMod.1x.upper_bound,Dreyer2023,26,10.08333333333333,
budget.CBraMod.1x.upper_bound,Dreyer2023,27,5.21666666666666,
budget.CBraMod.1x.upper_bound,Dreyer2023,28,2.56666666666666,
budget.CBraMod.1x.upper_bound,Dreyer2023,30,8.166666666666659,
budget.CBraMod.1x.upper_bound,Dreyer2023,31,5.54999999999999,
budget.CBraMod.1x.upper_bound,Dreyer2023,32,7.73333333333333,
budget.CBraMod.1x.upper_bound,Dreyer2023,33,4.33333333333333,
budget.CBraMod.1x.upper_bound,Dreyer2023,34,1.99999999999999,
budget.CBraMod.1x.upper_bound,Dreyer2023,35,6.08333333333333,
budget.CBraMod.1x.upper_bound,Dreyer2023,36,2.26666666666666,
budget.CBraMod.1x.upper_bound,Dreyer2023,37,6.5,
budget.CBraMod.1x.upper_bound,Dreyer2023,38,9.66666666666665,
budget.CBraMod.1x.upper_bound,Dreyer2023,39,1.73333333333332,
budget.CBraMod.1x.upper_bound,Dreyer2023,40,2.94827586206895,
budget.CBraMod.1x.upper_bound,Dreyer2023,42,12.89999999999999,
budget.CBraMod.1x.upper_bound,Dreyer2023,43,2.68333333333332,
budget.CBraMod.1x.upper_bound,Dreyer2023,44,1.13333333333333,
budget.CBraMod.1x.upper_bound,Dreyer2023,45,3.99999999999999,
budget.CBraMod.1x.upper_bound,Dreyer2023,46,0.61666666666666,
budget.CBraMod.1x.upper_bound,Dreyer2023,47,5.03333333333332,
budget.CBraMod.1x.upper_bound,Dreyer2023,48,3.58333333333333,
budget.CBraMod.1x.upper_bound,Dreyer2023,49,7.54999999999999,
budget.CBraMod.1x.upper_bound,Dreyer2023,50,0.7999999999999899,
budget.CBraMod.1x.upper_bound,Dreyer2023,51,4.83333333333332,
budget.CBraMod.1x.upper_bound,Dreyer2023,52,3.28333333333332,
budget.CBraMod.1x.upper_bound,Dreyer2023,53,5.96666666666666,
budget.CBraMod.1x.upper_bound,Dreyer2023,54,6.28333333333333,
budget.CBraMod.1x.upper_bound,Dreyer2023,55,1.73333333333332,
budget.CBraMod.1x.upper_bound,Dreyer2023,56,8.56666666666666,
budget.CBraMod.1x.upper_bound,Dreyer2023,57,1.09999999999999,
budget.CBraMod.1x.upper_bound,Dreyer2023,58,3.3999999999999897,
budget.CBraMod.1x.upper_bound,Dreyer2023,59,6.89999999999999,
budget.CBraMod.1x.upper_bound,Dreyer2023,60,7.1499999999999995,
budget.CBraMod.1x.upper_bound,Dreyer2023,61,4.1999999999999895,
budget.CBraMod.1x.upper_bound,Dreyer2023,62,8.866666666666651,
budget.CBraMod.1x.upper_bound,Dreyer2023,63,5.49999999999999,
budget.CBraMod.1x.upper_bound,Dreyer2023,64,7.54999999999999,
budget.CBraMod.1x.upper_bound,Dreyer2023,65,6.649999999999991,
budget.CBraMod.1x.upper_bound,Dreyer2023,66,4.73333333333332,
budget.CBraMod.1x.upper_bound,Dreyer2023,67,3.86666666666666,
budget.CBraMod.1x.upper_bound,Dreyer2023,68,5.8999999999999995,
budget.CBraMod.1x.upper_bound,Dreyer2023,69,5.76666666666665,
budget.CBraMod.1x.upper_bound,Dreyer2023,70,6.06666666666666,
budget.CBraMod.1x.upper_bound,Dreyer2023,71,4.9499999999999895,
budget.CBraMod.1x.upper_bound,Dreyer2023,72,8.783333333333319,
budget.CBraMod.1x.upper_bound,Dreyer2023,73,14.499999999999991,
budget.CBraMod.1x.upper_bound,Dreyer2023,74,5.949999999999999,
budget.CBraMod.1x.upper_bound,Dreyer2023,75,6.149999999999991,
budget.CBraMod.1x.upper_bound,Dreyer2023,76,9.35,
budget.CBraMod.1x.upper_bound,Dreyer2023,77,3.53333333333333,
budget.CBraMod.1x.upper_bound,Dreyer2023,80,9.283333333333319,
budget.CBraMod.1x.upper_bound,Dreyer2023,81,4.33333333333333,
budget.CBraMod.1x.upper_bound,Dreyer2023,82,10.61666666666666,
budget.CBraMod.1x.upper_bound,Dreyer2023,83,9.76666666666665,
budget.CBraMod.1x.upper_bound,Dreyer2023,84,6.599999999999991,
budget.CBraMod.1x.upper_bound,Dreyer2023,85,4.18333333333332,
budget.CBraMod.1x.upper_bound,Dreyer2023,86,1.8833333333333198,
budget.CBraMod.1x.upper_bound,Dreyer2023,87,5.083333333333321,
budget.CBraMod.1x.upper_bound,PhysionetMI,1,-1.71969696969697,
budget.CBraMod.1x.upper_bound,PhysionetMI,2,3.8153846153846196,
budget.CBraMod.1x.upper_bound,PhysionetMI,3,1.8560606060606,
budget.CBraMod.1x.upper_bound,PhysionetMI,4,1.9545454545454402,
budget.CBraMod.1x.upper_bound,PhysionetMI,5,-3.81060606060606,
budget.CBraMod.1x.upper_bound,PhysionetMI,6,6.53787878787878,
budget.CBraMod.1x.upper_bound,PhysionetMI,7,-0.34848484848485,
budget.CBraMod.1x.upper_bound,PhysionetMI,8,5.42424242424242,
budget.CBraMod.1x.upper_bound,PhysionetMI,9,9.23076923076923,
budget.CBraMod.1x.upper_bound,PhysionetMI,10,1.53076923076923,
budget.CBraMod.1x.upper_bound,PhysionetMI,11,-4.92424242424242,
budget.CBraMod.1x.upper_bound,PhysionetMI,12,0.71969696969697,
budget.CBraMod.1x.upper_bound,PhysionetMI,13,5.85606060606061,
budget.CBraMod.1x.upper_bound,PhysionetMI,14,7.97727272727272,
budget.CBraMod.1x.upper_bound,PhysionetMI,15,4.86923076923076,
budget.CBraMod.1x.upper_bound,PhysionetMI,16,-3.18939393939393,
budget.CBraMod.1x.upper_bound,PhysionetMI,17,7.48484848484848,
budget.CBraMod.1x.upper_bound,PhysionetMI,18,1.06818181818181,
budget.CBraMod.1x.upper_bound,PhysionetMI,19,-0.09090909090909,
budget.CBraMod.1x.upper_bound,PhysionetMI,20,10.03787878787878,
budget.CBraMod.1x.upper_bound,PhysionetMI,21,6.03030303030302,
budget.CBraMod.1x.upper_bound,PhysionetMI,22,2.28787878787878,
budget.CBraMod.1x.upper_bound,PhysionetMI,23,1.65384615384613,
budget.CBraMod.1x.upper_bound,PhysionetMI,24,-1.52272727272727,
budget.CBraMod.1x.upper_bound,PhysionetMI,25,-1.9166666666666499,
budget.CBraMod.1x.upper_bound,PhysionetMI,26,-0.48461538461538006,
budget.CBraMod.1x.upper_bound,PhysionetMI,27,-0.29545454545454,
budget.CBraMod.1x.upper_bound,PhysionetMI,28,3.3863636363636296,
budget.CBraMod.1x.upper_bound,PhysionetMI,29,14.46212121212121,
budget.CBraMod.1x.upper_bound,PhysionetMI,30,0.9848484848484799,
budget.CBraMod.1x.upper_bound,PhysionetMI,31,3.7651515151515103,
budget.CBraMod.1x.upper_bound,PhysionetMI,32,1.5692307692307699,
budget.CBraMod.1x.upper_bound,PhysionetMI,33,0.6666666666666601,
budget.CBraMod.1x.upper_bound,PhysionetMI,34,8.11538461538461,
budget.CBraMod.1x.upper_bound,PhysionetMI,35,2.92424242424242,
budget.CBraMod.1x.upper_bound,PhysionetMI,36,5.40909090909091,
budget.CBraMod.1x.upper_bound,PhysionetMI,37,9.34848484848484,
budget.CBraMod.1x.upper_bound,PhysionetMI,38,9.02272727272727,
budget.CBraMod.1x.upper_bound,PhysionetMI,39,7.71969696969697,
budget.CBraMod.1x.upper_bound,PhysionetMI,40,1.71212121212121,
budget.CBraMod.1x.upper_bound,PhysionetMI,41,-3.84615384615384,
budget.CBraMod.1x.upper_bound,PhysionetMI,42,0.1439393939394,
budget.CBraMod.1x.upper_bound,PhysionetMI,43,1.6363636363636298,
budget.CBraMod.1x.upper_bound,PhysionetMI,44,-0.00757575757575582,
budget.CBraMod.1x.upper_bound,PhysionetMI,45,-0.5378787878787901,
budget.CBraMod.1x.upper_bound,PhysionetMI,46,-3.31818181818181,
budget.CBraMod.1x.upper_bound,PhysionetMI,47,0.75757575757575,
budget.CBraMod.1x.upper_bound,PhysionetMI,48,0.59090909090909,
budget.CBraMod.1x.upper_bound,PhysionetMI,49,-0.93181818181818,
budget.CBraMod.1x.upper_bound,PhysionetMI,50,7.643939393939379,
budget.CBraMod.1x.upper_bound,PhysionetMI,51,3.92424242424242,
budget.CBraMod.1x.upper_bound,PhysionetMI,52,-0.38461538461538,
budget.CBraMod.1x.upper_bound,PhysionetMI,53,9.31060606060605,
budget.CBraMod.1x.upper_bound,PhysionetMI,54,4.84090909090908,
budget.CBraMod.1x.upper_bound,PhysionetMI,55,3.0454545454545503,
budget.CBraMod.1x.upper_bound,PhysionetMI,56,1.76515151515152,
budget.CBraMod.1x.upper_bound,PhysionetMI,57,1.50757575757574,
budget.CBraMod.1x.upper_bound,PhysionetMI,58,8.17692307692306,
budget.CBraMod.1x.upper_bound,PhysionetMI,59,17.63636363636363,
budget.CBraMod.1x.upper_bound,PhysionetMI,60,2.06153846153846,
budget.CBraMod.1x.upper_bound,PhysionetMI,61,-0.33333333333334,
budget.CBraMod.1x.upper_bound,PhysionetMI,62,4.1742424242424105,
budget.CBraMod.1x.upper_bound,PhysionetMI,63,7.00757575757575,
budget.CBraMod.1x.upper_bound,PhysionetMI,64,1.59090909090908,
budget.CBraMod.1x.upper_bound,PhysionetMI,65,1.87121212121211,
budget.CBraMod.1x.upper_bound,PhysionetMI,66,-7.25757575757575,
budget.CBraMod.1x.upper_bound,PhysionetMI,67,6.93939393939393,
budget.CBraMod.1x.upper_bound,PhysionetMI,68,2.34848484848484,
budget.CBraMod.1x.upper_bound,PhysionetMI,69,4.79230769230768,
budget.CBraMod.1x.upper_bound,PhysionetMI,70,-2.03030303030303,
budget.CBraMod.1x.upper_bound,PhysionetMI,71,4.159090909090899,
budget.CBraMod.1x.upper_bound,PhysionetMI,72,1.40151515151514,
budget.CBraMod.1x.upper_bound,PhysionetMI,73,3.13636363636362,
budget.CBraMod.1x.upper_bound,PhysionetMI,74,0.1060606060606,
budget.CBraMod.1x.upper_bound,PhysionetMI,75,1.99999999999999,
budget.CBraMod.1x.upper_bound,PhysionetMI,76,-5.68181818181817,
budget.CBraMod.1x.upper_bound,PhysionetMI,77,1.03030303030303,
budget.CBraMod.1x.upper_bound,PhysionetMI,78,-3.15151515151514,
budget.CBraMod.1x.upper_bound,PhysionetMI,79,1.09090909090909,
budget.CBraMod.1x.upper_bound,PhysionetMI,80,2.6076923076923,
budget.CBraMod.1x.upper_bound,PhysionetMI,81,2.48484848484848,
budget.CBraMod.1x.upper_bound,PhysionetMI,82,3.3712121212121104,
budget.CBraMod.1x.upper_bound,PhysionetMI,83,5.19230769230768,
budget.CBraMod.1x.upper_bound,PhysionetMI,84,0.1060606060606,
budget.CBraMod.1x.upper_bound,PhysionetMI,85,9.87121212121211,
budget.CBraMod.1x.upper_bound,PhysionetMI,86,1.80769230769229,
budget.CBraMod.1x.upper_bound,PhysionetMI,87,-4.43181818181818,
budget.CBraMod.1x.upper_bound,PhysionetMI,90,2.09848484848484,
budget.CBraMod.1x.upper_bound,PhysionetMI,91,-2.41666666666666,
budget.CBraMod.1x.upper_bound,PhysionetMI,93,3.75757575757575,
budget.CBraMod.1x.upper_bound,PhysionetMI,94,5.28787878787878,
budget.CBraMod.1x.upper_bound,PhysionetMI,95,-2.16923076923076,
budget.CBraMod.1x.upper_bound,PhysionetMI,96,-1.40151515151515,
budget.CBraMod.1x.upper_bound,PhysionetMI,97,8.18939393939393,
budget.CBraMod.1x.upper_bound,PhysionetMI,98,2.1060606060605997,
budget.CBraMod.1x.upper_bound,PhysionetMI,99,-5.27272727272726,
budget.CBraMod.1x.upper_bound,PhysionetMI,101,7.4153846153846095,
budget.CBraMod.1x.upper_bound,PhysionetMI,102,10.901515151515149,
budget.CBraMod.1x.upper_bound,PhysionetMI,103,-3.69696969696969,
budget.CBraMod.1x.upper_bound,PhysionetMI,105,2.13636363636363,
budget.CBraMod.1x.upper_bound,PhysionetMI,107,0.46969696969697006,
budget.CBraMod.1x.upper_bound,PhysionetMI,108,6.89393939393938,
budget.CBraMod.1x.upper_bound,PhysionetMI,109,1.42424242424242,
budget.CBraMod.1x.G_BA,Cho2017,1,63.4,
budget.CBraMod.1x.G_BA,Cho2017,2,52.800000000000004,
budget.CBraMod.1x.G_BA,Cho2017,3,65.99999999999999,
budget.CBraMod.1x.G_BA,Cho2017,4,65.99999999999999,
budget.CBraMod.1x.G_BA,Cho2017,5,100.0,
budget.CBraMod.1x.G_BA,Cho2017,6,81.60000000000001,
budget.CBraMod.1x.G_BA,Cho2017,7,51.5,
budget.CBraMod.1x.G_BA,Cho2017,8,54.2,
budget.CBraMod.1x.G_BA,Cho2017,9,55.333333333333336,
budget.CBraMod.1x.G_BA,Cho2017,10,58.00000000000001,
budget.CBraMod.1x.G_BA,Cho2017,11,61.6,
budget.CBraMod.1x.G_BA,Cho2017,12,55.60000000000001,
budget.CBraMod.1x.G_BA,Cho2017,13,83.39999999999999,
budget.CBraMod.1x.G_BA,Cho2017,14,69.6,
budget.CBraMod.1x.G_BA,Cho2017,15,52.400000000000006,
budget.CBraMod.1x.G_BA,Cho2017,16,63.4,
budget.CBraMod.1x.G_BA,Cho2017,17,58.4,
budget.CBraMod.1x.G_BA,Cho2017,18,61.40000000000001,
budget.CBraMod.1x.G_BA,Cho2017,19,51.800000000000004,
budget.CBraMod.1x.G_BA,Cho2017,20,62.6,
budget.CBraMod.1x.G_BA,Cho2017,21,54.2,
budget.CBraMod.1x.G_BA,Cho2017,22,59.199999999999996,
budget.CBraMod.1x.G_BA,Cho2017,23,56.2,
budget.CBraMod.1x.G_BA,Cho2017,24,52.800000000000004,
budget.CBraMod.1x.G_BA,Cho2017,25,54.800000000000004,
budget.CBraMod.1x.G_BA,Cho2017,26,99.2,
budget.CBraMod.1x.G_BA,Cho2017,27,59.80000000000001,
budget.CBraMod.1x.G_BA,Cho2017,28,59.80000000000001,
budget.CBraMod.1x.G_BA,Cho2017,29,47.599999999999994,
budget.CBraMod.1x.G_BA,Cho2017,30,71.6,
budget.CBraMod.1x.G_BA,Cho2017,31,57.99999999999999,
budget.CBraMod.1x.G_BA,Cho2017,32,55.2,
budget.CBraMod.1x.G_BA,Cho2017,33,57.00000000000001,
budget.CBraMod.1x.G_BA,Cho2017,34,55.00000000000001,
budget.CBraMod.1x.G_BA,Cho2017,35,46.39999999999999,
budget.CBraMod.1x.G_BA,Cho2017,36,54.0,
budget.CBraMod.1x.G_BA,Cho2017,37,88.00000000000001,
budget.CBraMod.1x.G_BA,Cho2017,38,59.199999999999996,
budget.CBraMod.1x.G_BA,Cho2017,39,52.800000000000004,
budget.CBraMod.1x.G_BA,Cho2017,40,50.8,
budget.CBraMod.1x.G_BA,Cho2017,41,61.6,
budget.CBraMod.1x.G_BA,Cho2017,42,55.2,
budget.CBraMod.1x.G_BA,Cho2017,43,100.0,
budget.CBraMod.1x.G_BA,Cho2017,44,93.4,
budget.CBraMod.1x.G_BA,Cho2017,45,52.400000000000006,
budget.CBraMod.1x.G_BA,Cho2017,46,55.333333333333336,
budget.CBraMod.1x.G_BA,Cho2017,47,80.80000000000001,
budget.CBraMod.1x.G_BA,Cho2017,48,64.4,
budget.CBraMod.1x.G_BA,Cho2017,49,99.6,
budget.CBraMod.1x.G_BA,Cho2017,50,96.0,
budget.CBraMod.1x.G_BA,Cho2017,51,57.00000000000001,
budget.CBraMod.1x.G_BA,Cho2017,52,60.0,
budget.CBraMod.1x.G_BA,Dreyer2023,1,87.66666666666667,
budget.CBraMod.1x.G_BA,Dreyer2023,2,69.33333333333334,
budget.CBraMod.1x.G_BA,Dreyer2023,3,83.16666666666667,
budget.CBraMod.1x.G_BA,Dreyer2023,5,88.16666666666666,
budget.CBraMod.1x.G_BA,Dreyer2023,6,78.49999999999999,
budget.CBraMod.1x.G_BA,Dreyer2023,7,96.83333333333331,
budget.CBraMod.1x.G_BA,Dreyer2023,8,82.0,
budget.CBraMod.1x.G_BA,Dreyer2023,10,92.83333333333333,
budget.CBraMod.1x.G_BA,Dreyer2023,11,62.66666666666667,
budget.CBraMod.1x.G_BA,Dreyer2023,12,89.16666666666666,
budget.CBraMod.1x.G_BA,Dreyer2023,13,74.16666666666666,
budget.CBraMod.1x.G_BA,Dreyer2023,14,69.83333333333333,
budget.CBraMod.1x.G_BA,Dreyer2023,15,92.5,
budget.CBraMod.1x.G_BA,Dreyer2023,16,82.66666666666667,
budget.CBraMod.1x.G_BA,Dreyer2023,18,92.0,
budget.CBraMod.1x.G_BA,Dreyer2023,19,90.66666666666666,
budget.CBraMod.1x.G_BA,Dreyer2023,20,91.66666666666666,
budget.CBraMod.1x.G_BA,Dreyer2023,21,92.33333333333333,
budget.CBraMod.1x.G_BA,Dreyer2023,22,92.16666666666666,
budget.CBraMod.1x.G_BA,Dreyer2023,23,74.0,
budget.CBraMod.1x.G_BA,Dreyer2023,24,94.83333333333333,
budget.CBraMod.1x.G_BA,Dreyer2023,25,67.66666666666667,
budget.CBraMod.1x.G_BA,Dreyer2023,26,80.5,
budget.CBraMod.1x.G_BA,Dreyer2023,27,80.16666666666667,
budget.CBraMod.1x.G_BA,Dreyer2023,28,78.66666666666666,
budget.CBraMod.1x.G_BA,Dreyer2023,30,70.33333333333334,
budget.CBraMod.1x.G_BA,Dreyer2023,31,89.49999999999999,
budget.CBraMod.1x.G_BA,Dreyer2023,32,84.5,
budget.CBraMod.1x.G_BA,Dreyer2023,33,78.83333333333333,
budget.CBraMod.1x.G_BA,Dreyer2023,34,81.83333333333334,
budget.CBraMod.1x.G_BA,Dreyer2023,35,76.16666666666666,
budget.CBraMod.1x.G_BA,Dreyer2023,36,81.5,
budget.CBraMod.1x.G_BA,Dreyer2023,37,73.66666666666667,
budget.CBraMod.1x.G_BA,Dreyer2023,38,85.50000000000001,
budget.CBraMod.1x.G_BA,Dreyer2023,39,92.5,
budget.CBraMod.1x.G_BA,Dreyer2023,40,86.72413793103448,
budget.CBraMod.1x.G_BA,Dreyer2023,42,77.33333333333334,
budget.CBraMod.1x.G_BA,Dreyer2023,43,88.33333333333334,
budget.CBraMod.1x.G_BA,Dreyer2023,44,65.66666666666666,
budget.CBraMod.1x.G_BA,Dreyer2023,45,74.16666666666666,
budget.CBraMod.1x.G_BA,Dreyer2023,46,73.66666666666667,
budget.CBraMod.1x.G_BA,Dreyer2023,47,90.0,
budget.CBraMod.1x.G_BA,Dreyer2023,48,66.16666666666666,
budget.CBraMod.1x.G_BA,Dreyer2023,49,77.5,
budget.CBraMod.1x.G_BA,Dreyer2023,50,64.0,
budget.CBraMod.1x.G_BA,Dreyer2023,51,74.66666666666667,
budget.CBraMod.1x.G_BA,Dreyer2023,52,79.66666666666666,
budget.CBraMod.1x.G_BA,Dreyer2023,53,78.83333333333333,
budget.CBraMod.1x.G_BA,Dreyer2023,54,71.16666666666667,
budget.CBraMod.1x.G_BA,Dreyer2023,55,94.0,
budget.CBraMod.1x.G_BA,Dreyer2023,56,92.16666666666666,
budget.CBraMod.1x.G_BA,Dreyer2023,57,64.33333333333333,
budget.CBraMod.1x.G_BA,Dreyer2023,58,93.33333333333333,
budget.CBraMod.1x.G_BA,Dreyer2023,59,79.5,
budget.CBraMod.1x.G_BA,Dreyer2023,60,83.33333333333334,
budget.CBraMod.1x.G_BA,Dreyer2023,61,86.0,
budget.CBraMod.1x.G_BA,Dreyer2023,62,74.66666666666667,
budget.CBraMod.1x.G_BA,Dreyer2023,63,80.0,
budget.CBraMod.1x.G_BA,Dreyer2023,64,75.83333333333334,
budget.CBraMod.1x.G_BA,Dreyer2023,65,84.00000000000001,
budget.CBraMod.1x.G_BA,Dreyer2023,66,73.50000000000001,
budget.CBraMod.1x.G_BA,Dreyer2023,67,80.33333333333333,
budget.CBraMod.1x.G_BA,Dreyer2023,68,75.0,
budget.CBraMod.1x.G_BA,Dreyer2023,69,83.5,
budget.CBraMod.1x.G_BA,Dreyer2023,70,68.16666666666666,
budget.CBraMod.1x.G_BA,Dreyer2023,71,85.50000000000001,
budget.CBraMod.1x.G_BA,Dreyer2023,72,82.83333333333334,
budget.CBraMod.1x.G_BA,Dreyer2023,73,71.50000000000001,
budget.CBraMod.1x.G_BA,Dreyer2023,74,73.83333333333333,
budget.CBraMod.1x.G_BA,Dreyer2023,75,77.33333333333333,
budget.CBraMod.1x.G_BA,Dreyer2023,76,82.16666666666667,
budget.CBraMod.1x.G_BA,Dreyer2023,77,83.16666666666667,
budget.CBraMod.1x.G_BA,Dreyer2023,80,71.16666666666667,
budget.CBraMod.1x.G_BA,Dreyer2023,81,84.5,
budget.CBraMod.1x.G_BA,Dreyer2023,82,82.33333333333333,
budget.CBraMod.1x.G_BA,Dreyer2023,83,65.83333333333334,
budget.CBraMod.1x.G_BA,Dreyer2023,84,84.66666666666667,
budget.CBraMod.1x.G_BA,Dreyer2023,85,74.5,
budget.CBraMod.1x.G_BA,Dreyer2023,86,81.66666666666667,
budget.CBraMod.1x.G_BA,Dreyer2023,87,74.83333333333333,
budget.CBraMod.1x.G_BA,PhysionetMI,1,85.30303030303031,
budget.CBraMod.1x.G_BA,PhysionetMI,2,90.46153846153845,
budget.CBraMod.1x.G_BA,PhysionetMI,3,96.51515151515152,
budget.CBraMod.1x.G_BA,PhysionetMI,4,89.24242424242424,
budget.CBraMod.1x.G_BA,PhysionetMI,5,71.74242424242424,
budget.CBraMod.1x.G_BA,PhysionetMI,6,86.51515151515153,
budget.CBraMod.1x.G_BA,PhysionetMI,7,97.34848484848484,
budget.CBraMod.1x.G_BA,PhysionetMI,8,85.68181818181819,
budget.CBraMod.1x.G_BA,PhysionetMI,9,90.30769230769232,
budget.CBraMod.1x.G_BA,PhysionetMI,10,67.0,
budget.CBraMod.1x.G_BA,PhysionetMI,11,71.81818181818181,
budget.CBraMod.1x.G_BA,PhysionetMI,12,88.10606060606061,
budget.CBraMod.1x.G_BA,PhysionetMI,13,79.46969696969697,
budget.CBraMod.1x.G_BA,PhysionetMI,14,81.81818181818181,
budget.CBraMod.1x.G_BA,PhysionetMI,15,92.30769230769232,
budget.CBraMod.1x.G_BA,PhysionetMI,16,64.16666666666666,
budget.CBraMod.1x.G_BA,PhysionetMI,17,78.56060606060605,
budget.CBraMod.1x.G_BA,PhysionetMI,18,100.0,
budget.CBraMod.1x.G_BA,PhysionetMI,19,91.2121212121212,
budget.CBraMod.1x.G_BA,PhysionetMI,20,86.74242424242425,
budget.CBraMod.1x.G_BA,PhysionetMI,21,75.98484848484848,
budget.CBraMod.1x.G_BA,PhysionetMI,22,96.36363636363636,
budget.CBraMod.1x.G_BA,PhysionetMI,23,79.92307692307692,
budget.CBraMod.1x.G_BA,PhysionetMI,24,79.46969696969697,
budget.CBraMod.1x.G_BA,PhysionetMI,25,60.303030303030305,
budget.CBraMod.1x.G_BA,PhysionetMI,26,62.30769230769231,
budget.CBraMod.1x.G_BA,PhysionetMI,27,86.96969696969697,
budget.CBraMod.1x.G_BA,PhysionetMI,28,79.77272727272727,
budget.CBraMod.1x.G_BA,PhysionetMI,29,77.34848484848484,
budget.CBraMod.1x.G_BA,PhysionetMI,30,86.81818181818181,
budget.CBraMod.1x.G_BA,PhysionetMI,31,74.01515151515153,
budget.CBraMod.1x.G_BA,PhysionetMI,32,93.0,
budget.CBraMod.1x.G_BA,PhysionetMI,33,92.04545454545456,
budget.CBraMod.1x.G_BA,PhysionetMI,34,82.15384615384615,
budget.CBraMod.1x.G_BA,PhysionetMI,35,79.62121212121211,
budget.CBraMod.1x.G_BA,PhysionetMI,36,86.51515151515153,
budget.CBraMod.1x.G_BA,PhysionetMI,37,64.54545454545455,
budget.CBraMod.1x.G_BA,PhysionetMI,38,48.78787878787879,
budget.CBraMod.1x.G_BA,PhysionetMI,39,71.74242424242425,
budget.CBraMod.1x.G_BA,PhysionetMI,40,99.0909090909091,
budget.CBraMod.1x.G_BA,PhysionetMI,41,97.69230769230771,
budget.CBraMod.1x.G_BA,PhysionetMI,42,90.75757575757576,
budget.CBraMod.1x.G_BA,PhysionetMI,43,86.2878787878788,
budget.CBraMod.1x.G_BA,PhysionetMI,44,83.33333333333334,
budget.CBraMod.1x.G_BA,PhysionetMI,45,78.86363636363637,
budget.CBraMod.1x.G_BA,PhysionetMI,46,71.43939393939395,
budget.CBraMod.1x.G_BA,PhysionetMI,47,74.31818181818181,
budget.CBraMod.1x.G_BA,PhysionetMI,48,99.0909090909091,
budget.CBraMod.1x.G_BA,PhysionetMI,49,74.69696969696969,
budget.CBraMod.1x.G_BA,PhysionetMI,50,78.93939393939394,
budget.CBraMod.1x.G_BA,PhysionetMI,51,85.75757575757576,
budget.CBraMod.1x.G_BA,PhysionetMI,52,88.15384615384616,
budget.CBraMod.1x.G_BA,PhysionetMI,53,91.2121212121212,
budget.CBraMod.1x.G_BA,PhysionetMI,54,88.25757575757575,
budget.CBraMod.1x.G_BA,PhysionetMI,55,87.27272727272728,
budget.CBraMod.1x.G_BA,PhysionetMI,56,84.24242424242424,
budget.CBraMod.1x.G_BA,PhysionetMI,57,94.99999999999999,
budget.CBraMod.1x.G_BA,PhysionetMI,58,80.84615384615384,
budget.CBraMod.1x.G_BA,PhysionetMI,59,67.42424242424242,
budget.CBraMod.1x.G_BA,PhysionetMI,60,89.84615384615384,
budget.CBraMod.1x.G_BA,PhysionetMI,61,95.45454545454548,
budget.CBraMod.1x.G_BA,PhysionetMI,62,95.83333333333331,
budget.CBraMod.1x.G_BA,PhysionetMI,63,73.7121212121212,
budget.CBraMod.1x.G_BA,PhysionetMI,64,72.8030303030303,
budget.CBraMod.1x.G_BA,PhysionetMI,65,92.42424242424242,
budget.CBraMod.1x.G_BA,PhysionetMI,66,78.71212121212122,
budget.CBraMod.1x.G_BA,PhysionetMI,67,79.0909090909091,
budget.CBraMod.1x.G_BA,PhysionetMI,68,73.25757575757576,
budget.CBraMod.1x.G_BA,PhysionetMI,69,82.07692307692307,
budget.CBraMod.1x.G_BA,PhysionetMI,70,97.42424242424242,
budget.CBraMod.1x.G_BA,PhysionetMI,71,87.87878787878786,
budget.CBraMod.1x.G_BA,PhysionetMI,72,99.0909090909091,
budget.CBraMod.1x.G_BA,PhysionetMI,73,79.39393939393939,
budget.CBraMod.1x.G_BA,PhysionetMI,74,76.74242424242425,
budget.CBraMod.1x.G_BA,PhysionetMI,75,67.87878787878789,
budget.CBraMod.1x.G_BA,PhysionetMI,76,55.22727272727273,
budget.CBraMod.1x.G_BA,PhysionetMI,77,59.46969696969697,
budget.CBraMod.1x.G_BA,PhysionetMI,78,59.46969696969697,
budget.CBraMod.1x.G_BA,PhysionetMI,79,73.4090909090909,
budget.CBraMod.1x.G_BA,PhysionetMI,80,79.61538461538463,
budget.CBraMod.1x.G_BA,PhysionetMI,81,88.10606060606062,
budget.CBraMod.1x.G_BA,PhysionetMI,82,82.80303030303031,
budget.CBraMod.1x.G_BA,PhysionetMI,83,69.92307692307692,
budget.CBraMod.1x.G_BA,PhysionetMI,84,82.34848484848484,
budget.CBraMod.1x.G_BA,PhysionetMI,85,86.13636363636363,
budget.CBraMod.1x.G_BA,PhysionetMI,86,98.46153846153848,
budget.CBraMod.1x.G_BA,PhysionetMI,87,63.71212121212121,
budget.CBraMod.1x.G_BA,PhysionetMI,90,87.42424242424242,
budget.CBraMod.1x.G_BA,PhysionetMI,91,93.18181818181816,
budget.CBraMod.1x.G_BA,PhysionetMI,93,76.96969696969698,
budget.CBraMod.1x.G_BA,PhysionetMI,94,78.63636363636364,
budget.CBraMod.1x.G_BA,PhysionetMI,95,68.38461538461539,
budget.CBraMod.1x.G_BA,PhysionetMI,96,85.83333333333331,
budget.CBraMod.1x.G_BA,PhysionetMI,97,78.93939393939394,
budget.CBraMod.1x.G_BA,PhysionetMI,98,46.21212121212121,
budget.CBraMod.1x.G_BA,PhysionetMI,99,62.348484848484844,
budget.CBraMod.1x.G_BA,PhysionetMI,101,93.07692307692308,
budget.CBraMod.1x.G_BA,PhysionetMI,102,73.33333333333334,
budget.CBraMod.1x.G_BA,PhysionetMI,103,82.42424242424242,
budget.CBraMod.1x.G_BA,PhysionetMI,105,90.6818181818182,
budget.CBraMod.1x.G_BA,PhysionetMI,107,57.72727272727273,
budget.CBraMod.1x.G_BA,PhysionetMI,108,81.21212121212122,
budget.CBraMod.1x.G_BA,PhysionetMI,109,71.06060606060606,
budget.CBraMod.2x.own_gain,Cho2017,1,7.99999999999999,
budget.CBraMod.2x.own_gain,Cho2017,2,-0.6,
budget.CBraMod.2x.own_gain,Cho2017,3,17.79999999999999,
budget.CBraMod.2x.own_gain,Cho2017,4,12.79999999999999,
budget.CBraMod.2x.own_gain,Cho2017,5,1.0,
budget.CBraMod.2x.own_gain,Cho2017,6,-0.59999999999999,
budget.CBraMod.2x.own_gain,Cho2017,7,3.99999999999999,
budget.CBraMod.2x.own_gain,Cho2017,8,1.0,
budget.CBraMod.2x.own_gain,Cho2017,9,4.49999999999999,
budget.CBraMod.2x.own_gain,Cho2017,10,1.39999999999999,
budget.CBraMod.2x.own_gain,Cho2017,11,-3.3999999999999897,
budget.CBraMod.2x.own_gain,Cho2017,12,19.0,
budget.CBraMod.2x.own_gain,Cho2017,13,10.999999999999991,
budget.CBraMod.2x.own_gain,Cho2017,14,10.79999999999999,
budget.CBraMod.2x.own_gain,Cho2017,15,10.999999999999991,
budget.CBraMod.2x.own_gain,Cho2017,16,-3.79999999999999,
budget.CBraMod.2x.own_gain,Cho2017,17,9.59999999999999,
budget.CBraMod.2x.own_gain,Cho2017,18,6.19999999999999,
budget.CBraMod.2x.own_gain,Cho2017,19,-0.19999999999999,
budget.CBraMod.2x.own_gain,Cho2017,20,15.399999999999988,
budget.CBraMod.2x.own_gain,Cho2017,21,1.2,
budget.CBraMod.2x.own_gain,Cho2017,22,-1.39999999999999,
budget.CBraMod.2x.own_gain,Cho2017,23,1.5999999999999899,
budget.CBraMod.2x.own_gain,Cho2017,24,9.39999999999999,
budget.CBraMod.2x.own_gain,Cho2017,25,-0.59999999999999,
budget.CBraMod.2x.own_gain,Cho2017,26,0.6,
budget.CBraMod.2x.own_gain,Cho2017,27,-0.99999999999999,
budget.CBraMod.2x.own_gain,Cho2017,28,19.6,
budget.CBraMod.2x.own_gain,Cho2017,29,-2.0,
budget.CBraMod.2x.own_gain,Cho2017,30,3.8,
budget.CBraMod.2x.own_gain,Cho2017,31,10.19999999999999,
budget.CBraMod.2x.own_gain,Cho2017,32,1.4000000000000001,
budget.CBraMod.2x.own_gain,Cho2017,33,-3.79999999999999,
budget.CBraMod.2x.own_gain,Cho2017,34,1.5999999999999899,
budget.CBraMod.2x.own_gain,Cho2017,35,50.0,
budget.CBraMod.2x.own_gain,Cho2017,36,1.19999999999999,
budget.CBraMod.2x.own_gain,Cho2017,37,-0.2,
budget.CBraMod.2x.own_gain,Cho2017,38,2.5999999999999903,
budget.CBraMod.2x.own_gain,Cho2017,39,1.0,
budget.CBraMod.2x.own_gain,Cho2017,40,8.799999999999999,
budget.CBraMod.2x.own_gain,Cho2017,41,9.39999999999999,
budget.CBraMod.2x.own_gain,Cho2017,42,-2.79999999999999,
budget.CBraMod.2x.own_gain,Cho2017,43,0.0,
budget.CBraMod.2x.own_gain,Cho2017,44,3.3999999999999897,
budget.CBraMod.2x.own_gain,Cho2017,45,-1.99999999999999,
budget.CBraMod.2x.own_gain,Cho2017,46,7.16666666666666,
budget.CBraMod.2x.own_gain,Cho2017,47,1.4000000000000001,
budget.CBraMod.2x.own_gain,Cho2017,48,1.0,
budget.CBraMod.2x.own_gain,Cho2017,49,0.0,
budget.CBraMod.2x.own_gain,Cho2017,50,2.6,
budget.CBraMod.2x.own_gain,Cho2017,51,0.2,
budget.CBraMod.2x.own_gain,Cho2017,52,1.6,
budget.CBraMod.2x.own_gain,Dreyer2023,1,3.469446951953614e-17,
budget.CBraMod.2x.own_gain,Dreyer2023,2,3.33333333333333,
budget.CBraMod.2x.own_gain,Dreyer2023,3,1.66666666666666,
budget.CBraMod.2x.own_gain,Dreyer2023,5,1.33333333333333,
budget.CBraMod.2x.own_gain,Dreyer2023,6,3.33333333333333,
budget.CBraMod.2x.own_gain,Dreyer2023,7,1.49999999999999,
budget.CBraMod.2x.own_gain,Dreyer2023,8,4.16666666666666,
budget.CBraMod.2x.own_gain,Dreyer2023,10,1.1666666666666599,
budget.CBraMod.2x.own_gain,Dreyer2023,11,10.49999999999999,
budget.CBraMod.2x.own_gain,Dreyer2023,12,0.6666666666666601,
budget.CBraMod.2x.own_gain,Dreyer2023,13,1.66666666666666,
budget.CBraMod.2x.own_gain,Dreyer2023,14,4.33333333333333,
budget.CBraMod.2x.own_gain,Dreyer2023,15,0.99999999999999,
budget.CBraMod.2x.own_gain,Dreyer2023,16,2.4999999999999902,
budget.CBraMod.2x.own_gain,Dreyer2023,18,3.99999999999999,
budget.CBraMod.2x.own_gain,Dreyer2023,19,4.66666666666665,
budget.CBraMod.2x.own_gain,Dreyer2023,20,1.33333333333333,
budget.CBraMod.2x.own_gain,Dreyer2023,21,3.33333333333332,
budget.CBraMod.2x.own_gain,Dreyer2023,22,2.4999999999999902,
budget.CBraMod.2x.own_gain,Dreyer2023,23,3.99999999999999,
budget.CBraMod.2x.own_gain,Dreyer2023,24,1.97758476261356e-15,
budget.CBraMod.2x.own_gain,Dreyer2023,25,6.5,
budget.CBraMod.2x.own_gain,Dreyer2023,26,4.66666666666666,
budget.CBraMod.2x.own_gain,Dreyer2023,27,1.49999999999999,
budget.CBraMod.2x.own_gain,Dreyer2023,28,3.49999999999999,
budget.CBraMod.2x.own_gain,Dreyer2023,30,7.33333333333333,
budget.CBraMod.2x.own_gain,Dreyer2023,31,2.83333333333332,
budget.CBraMod.2x.own_gain,Dreyer2023,32,3.66666666666666,
budget.CBraMod.2x.own_gain,Dreyer2023,33,3.49999999999999,
budget.CBraMod.2x.own_gain,Dreyer2023,34,3.66666666666666,
budget.CBraMod.2x.own_gain,Dreyer2023,35,-2.1666666666666603,
budget.CBraMod.2x.own_gain,Dreyer2023,36,-0.99999999999999,
budget.CBraMod.2x.own_gain,Dreyer2023,37,8.33333333333333,
budget.CBraMod.2x.own_gain,Dreyer2023,38,1.83333333333333,
budget.CBraMod.2x.own_gain,Dreyer2023,39,1.66666666666666,
budget.CBraMod.2x.own_gain,Dreyer2023,40,-0.17241379310345,
budget.CBraMod.2x.own_gain,Dreyer2023,42,6.3333333333333295,
budget.CBraMod.2x.own_gain,Dreyer2023,43,0.6666666666666601,
budget.CBraMod.2x.own_gain,Dreyer2023,44,2.5,
budget.CBraMod.2x.own_gain,Dreyer2023,45,4.49999999999999,
budget.CBraMod.2x.own_gain,Dreyer2023,46,-5.16666666666666,
budget.CBraMod.2x.own_gain,Dreyer2023,47,2.1666666666666603,
budget.CBraMod.2x.own_gain,Dreyer2023,48,0.16666666666666,
budget.CBraMod.2x.own_gain,Dreyer2023,49,5.16666666666666,
budget.CBraMod.2x.own_gain,Dreyer2023,50,-0.49999999999999,
budget.CBraMod.2x.own_gain,Dreyer2023,51,2.33333333333333,
budget.CBraMod.2x.own_gain,Dreyer2023,52,0.6666666666666601,
budget.CBraMod.2x.own_gain,Dreyer2023,53,1.33333333333333,
budget.CBraMod.2x.own_gain,Dreyer2023,54,4.66666666666666,
budget.CBraMod.2x.own_gain,Dreyer2023,55,1.33333333333333,
budget.CBraMod.2x.own_gain,Dreyer2023,56,4.16666666666666,
budget.CBraMod.2x.own_gain,Dreyer2023,57,4.333333333333321,
budget.CBraMod.2x.own_gain,Dreyer2023,58,0.83333333333333,
budget.CBraMod.2x.own_gain,Dreyer2023,59,-2.4999999999999902,
budget.CBraMod.2x.own_gain,Dreyer2023,60,5.833333333333321,
budget.CBraMod.2x.own_gain,Dreyer2023,61,0.16666666666666,
budget.CBraMod.2x.own_gain,Dreyer2023,62,5.16666666666665,
budget.CBraMod.2x.own_gain,Dreyer2023,63,2.99999999999999,
budget.CBraMod.2x.own_gain,Dreyer2023,64,8.49999999999999,
budget.CBraMod.2x.own_gain,Dreyer2023,65,5.33333333333333,
budget.CBraMod.2x.own_gain,Dreyer2023,66,0.6666666666666601,
budget.CBraMod.2x.own_gain,Dreyer2023,67,0.49999999999999,
budget.CBraMod.2x.own_gain,Dreyer2023,68,2.1666666666666603,
budget.CBraMod.2x.own_gain,Dreyer2023,69,1.5,
budget.CBraMod.2x.own_gain,Dreyer2023,70,4.16666666666666,
budget.CBraMod.2x.own_gain,Dreyer2023,71,3.66666666666666,
budget.CBraMod.2x.own_gain,Dreyer2023,72,11.33333333333332,
budget.CBraMod.2x.own_gain,Dreyer2023,73,10.49999999999999,
budget.CBraMod.2x.own_gain,Dreyer2023,74,2.33333333333333,
budget.CBraMod.2x.own_gain,Dreyer2023,75,3.8333333333333197,
budget.CBraMod.2x.own_gain,Dreyer2023,76,5.66666666666666,
budget.CBraMod.2x.own_gain,Dreyer2023,77,0.49999999999999,
budget.CBraMod.2x.own_gain,Dreyer2023,80,7.16666666666666,
budget.CBraMod.2x.own_gain,Dreyer2023,81,0.83333333333333,
budget.CBraMod.2x.own_gain,Dreyer2023,82,7.33333333333333,
budget.CBraMod.2x.own_gain,Dreyer2023,83,4.49999999999999,
budget.CBraMod.2x.own_gain,Dreyer2023,84,1.5,
budget.CBraMod.2x.own_gain,Dreyer2023,85,0.6666666666666601,
budget.CBraMod.2x.own_gain,Dreyer2023,86,-1.5,
budget.CBraMod.2x.own_gain,Dreyer2023,87,3.16666666666666,
budget.CBraMod.2x.own_gain,PhysionetMI,1,-6.28787878787878,
budget.CBraMod.2x.own_gain,PhysionetMI,2,0.23076923076923,
budget.CBraMod.2x.own_gain,PhysionetMI,3,4.09090909090908,
budget.CBraMod.2x.own_gain,PhysionetMI,4,1.89393939393938,
budget.CBraMod.2x.own_gain,PhysionetMI,5,1.43939393939394,
budget.CBraMod.2x.own_gain,PhysionetMI,6,-0.37878787878787,
budget.CBraMod.2x.own_gain,PhysionetMI,7,-1.66666666666666,
budget.CBraMod.2x.own_gain,PhysionetMI,8,2.19696969696969,
budget.CBraMod.2x.own_gain,PhysionetMI,9,0.8461538461538499,
budget.CBraMod.2x.own_gain,PhysionetMI,10,2.0816681711721685e-15,
budget.CBraMod.2x.own_gain,PhysionetMI,11,-6.969696969696961,
budget.CBraMod.2x.own_gain,PhysionetMI,12,3.40909090909091,
budget.CBraMod.2x.own_gain,PhysionetMI,13,10.22727272727272,
budget.CBraMod.2x.own_gain,PhysionetMI,14,2.7272727272727297,
budget.CBraMod.2x.own_gain,PhysionetMI,15,1.3076923076923,
budget.CBraMod.2x.own_gain,PhysionetMI,16,-6.36363636363636,
budget.CBraMod.2x.own_gain,PhysionetMI,17,8.4090909090909,
budget.CBraMod.2x.own_gain,PhysionetMI,18,0.0,
budget.CBraMod.2x.own_gain,PhysionetMI,19,-2.19696969696969,
budget.CBraMod.2x.own_gain,PhysionetMI,20,1.66666666666667,
budget.CBraMod.2x.own_gain,PhysionetMI,21,7.803030303030289,
budget.CBraMod.2x.own_gain,PhysionetMI,22,2.57575757575757,
budget.CBraMod.2x.own_gain,PhysionetMI,23,-4.38461538461537,
budget.CBraMod.2x.own_gain,PhysionetMI,24,-4.84848484848484,
budget.CBraMod.2x.own_gain,PhysionetMI,25,-2.95454545454545,
budget.CBraMod.2x.own_gain,PhysionetMI,26,3.23076923076923,
budget.CBraMod.2x.own_gain,PhysionetMI,27,0.15151515151515,
budget.CBraMod.2x.own_gain,PhysionetMI,28,0.75757575757575,
budget.CBraMod.2x.own_gain,PhysionetMI,29,14.999999999999991,
budget.CBraMod.2x.own_gain,PhysionetMI,30,3.4848484848484804,
budget.CBraMod.2x.own_gain,PhysionetMI,31,-3.33333333333333,
budget.CBraMod.2x.own_gain,PhysionetMI,32,-0.76923076923076,
budget.CBraMod.2x.own_gain,PhysionetMI,33,-1.43939393939393,
budget.CBraMod.2x.own_gain,PhysionetMI,34,2.23076923076923,
budget.CBraMod.2x.own_gain,PhysionetMI,35,2.4999999999999902,
budget.CBraMod.2x.own_gain,PhysionetMI,36,2.04545454545453,
budget.CBraMod.2x.own_gain,PhysionetMI,37,14.09090909090908,
budget.CBraMod.2x.own_gain,PhysionetMI,38,-1.36363636363636,
budget.CBraMod.2x.own_gain,PhysionetMI,39,-4.39393939393939,
budget.CBraMod.2x.own_gain,PhysionetMI,40,-2.57575757575757,
budget.CBraMod.2x.own_gain,PhysionetMI,41,-9.92307692307691,
budget.CBraMod.2x.own_gain,PhysionetMI,42,6.66666666666666,
budget.CBraMod.2x.own_gain,PhysionetMI,43,2.42424242424242,
budget.CBraMod.2x.own_gain,PhysionetMI,44,-0.9848484848484799,
budget.CBraMod.2x.own_gain,PhysionetMI,45,1.51515151515151,
budget.CBraMod.2x.own_gain,PhysionetMI,46,-5.9090909090908905,
budget.CBraMod.2x.own_gain,PhysionetMI,47,8.484848484848479,
budget.CBraMod.2x.own_gain,PhysionetMI,48,-1.06060606060605,
budget.CBraMod.2x.own_gain,PhysionetMI,49,-2.27272727272727,
budget.CBraMod.2x.own_gain,PhysionetMI,50,12.27272727272727,
budget.CBraMod.2x.own_gain,PhysionetMI,51,5.37878787878787,
budget.CBraMod.2x.own_gain,PhysionetMI,52,-6.23076923076923,
budget.CBraMod.2x.own_gain,PhysionetMI,53,7.87878787878787,
budget.CBraMod.2x.own_gain,PhysionetMI,54,6.66666666666666,
budget.CBraMod.2x.own_gain,PhysionetMI,55,-1.96969696969697,
budget.CBraMod.2x.own_gain,PhysionetMI,56,-0.83333333333333,
budget.CBraMod.2x.own_gain,PhysionetMI,57,-0.83333333333333,
budget.CBraMod.2x.own_gain,PhysionetMI,58,1.15384615384615,
budget.CBraMod.2x.own_gain,PhysionetMI,59,4.54545454545454,
budget.CBraMod.2x.own_gain,PhysionetMI,60,3.07692307692307,
budget.CBraMod.2x.own_gain,PhysionetMI,61,-0.83333333333333,
budget.CBraMod.2x.own_gain,PhysionetMI,62,0.0,
budget.CBraMod.2x.own_gain,PhysionetMI,63,-4.09090909090908,
budget.CBraMod.2x.own_gain,PhysionetMI,64,1.8939393939393898,
budget.CBraMod.2x.own_gain,PhysionetMI,65,-6.43939393939393,
budget.CBraMod.2x.own_gain,PhysionetMI,66,-4.77272727272726,
budget.CBraMod.2x.own_gain,PhysionetMI,67,6.363636363636351,
budget.CBraMod.2x.own_gain,PhysionetMI,68,-3.33333333333333,
budget.CBraMod.2x.own_gain,PhysionetMI,69,13.230769230769221,
budget.CBraMod.2x.own_gain,PhysionetMI,70,0.15151515151514,
budget.CBraMod.2x.own_gain,PhysionetMI,71,2.6515151515151403,
budget.CBraMod.2x.own_gain,PhysionetMI,72,-1.8181818181818101,
budget.CBraMod.2x.own_gain,PhysionetMI,73,0.9848484848484799,
budget.CBraMod.2x.own_gain,PhysionetMI,74,1.28787878787878,
budget.CBraMod.2x.own_gain,PhysionetMI,75,0.9848484848484799,
budget.CBraMod.2x.own_gain,PhysionetMI,76,-5.37878787878787,
budget.CBraMod.2x.own_gain,PhysionetMI,77,7.575757575757571,
budget.CBraMod.2x.own_gain,PhysionetMI,78,-7.803030303030301,
budget.CBraMod.2x.own_gain,PhysionetMI,79,2.4999999999999902,
budget.CBraMod.2x.own_gain,PhysionetMI,80,7.923076923076911,
budget.CBraMod.2x.own_gain,PhysionetMI,81,-4.16666666666666,
budget.CBraMod.2x.own_gain,PhysionetMI,82,3.1060606060606,
budget.CBraMod.2x.own_gain,PhysionetMI,83,-1.07692307692308,
budget.CBraMod.2x.own_gain,PhysionetMI,84,-3.03030303030302,
budget.CBraMod.2x.own_gain,PhysionetMI,85,5.98484848484848,
budget.CBraMod.2x.own_gain,PhysionetMI,86,-2.23076923076923,
budget.CBraMod.2x.own_gain,PhysionetMI,87,-2.27272727272726,
budget.CBraMod.2x.own_gain,PhysionetMI,90,-0.68181818181818,
budget.CBraMod.2x.own_gain,PhysionetMI,91,-9.31818181818181,
budget.CBraMod.2x.own_gain,PhysionetMI,93,7.954545454545451,
budget.CBraMod.2x.own_gain,PhysionetMI,94,4.3181818181818095,
budget.CBraMod.2x.own_gain,PhysionetMI,95,0.38461538461538,
budget.CBraMod.2x.own_gain,PhysionetMI,96,-0.83333333333333,
budget.CBraMod.2x.own_gain,PhysionetMI,97,3.7121212121212,
budget.CBraMod.2x.own_gain,PhysionetMI,98,-1.21212121212121,
budget.CBraMod.2x.own_gain,PhysionetMI,99,-5.07575757575757,
budget.CBraMod.2x.own_gain,PhysionetMI,101,8.99999999999999,
budget.CBraMod.2x.own_gain,PhysionetMI,102,13.863636363636362,
budget.CBraMod.2x.own_gain,PhysionetMI,103,-6.8181818181818095,
budget.CBraMod.2x.own_gain,PhysionetMI,105,1.66666666666666,
budget.CBraMod.2x.own_gain,PhysionetMI,107,1.36363636363636,
budget.CBraMod.2x.own_gain,PhysionetMI,108,2.4999999999999902,
budget.CBraMod.2x.own_gain,PhysionetMI,109,-3.63636363636363,
budget.CBraMod.2x.upper_bound,Cho2017,1,10.79999999999999,
budget.CBraMod.2x.upper_bound,Cho2017,2,-1.4000000000000001,
budget.CBraMod.2x.upper_bound,Cho2017,3,13.259999999999991,
budget.CBraMod.2x.upper_bound,Cho2017,4,12.7,
budget.CBraMod.2x.upper_bound,Cho2017,5,5.95999999999999,
budget.CBraMod.2x.upper_bound,Cho2017,6,0.9199999999999999,
budget.CBraMod.2x.upper_bound,Cho2017,7,5.2666666666666595,
budget.CBraMod.2x.upper_bound,Cho2017,8,1.66,
budget.CBraMod.2x.upper_bound,Cho2017,9,5.78333333333332,
budget.CBraMod.2x.upper_bound,Cho2017,10,11.31999999999999,
budget.CBraMod.2x.upper_bound,Cho2017,11,-0.8,
budget.CBraMod.2x.upper_bound,Cho2017,12,17.93999999999999,
budget.CBraMod.2x.upper_bound,Cho2017,13,16.41999999999998,
budget.CBraMod.2x.upper_bound,Cho2017,14,12.519999999999989,
budget.CBraMod.2x.upper_bound,Cho2017,15,12.35999999999998,
budget.CBraMod.2x.upper_bound,Cho2017,16,1.13999999999999,
budget.CBraMod.2x.upper_bound,Cho2017,17,5.67999999999998,
budget.CBraMod.2x.upper_bound,Cho2017,18,4.09999999999999,
budget.CBraMod.2x.upper_bound,Cho2017,19,-2.51999999999999,
budget.CBraMod.2x.upper_bound,Cho2017,20,11.62,
budget.CBraMod.2x.upper_bound,Cho2017,21,4.12,
budget.CBraMod.2x.upper_bound,Cho2017,22,4.77999999999999,
budget.CBraMod.2x.upper_bound,Cho2017,23,6.49999999999999,
budget.CBraMod.2x.upper_bound,Cho2017,24,7.21999999999999,
budget.CBraMod.2x.upper_bound,Cho2017,25,0.44,
budget.CBraMod.2x.upper_bound,Cho2017,26,2.75999999999999,
budget.CBraMod.2x.upper_bound,Cho2017,27,-0.1,
budget.CBraMod.2x.upper_bound,Cho2017,28,24.26,
budget.CBraMod.2x.upper_bound,Cho2017,29,2.94,
budget.CBraMod.2x.upper_bound,Cho2017,30,7.46,
budget.CBraMod.2x.upper_bound,Cho2017,31,11.579999999999991,
budget.CBraMod.2x.upper_bound,Cho2017,32,2.0399999999999903,
budget.CBraMod.2x.upper_bound,Cho2017,33,-0.8,
budget.CBraMod.2x.upper_bound,Cho2017,34,2.37999999999999,
budget.CBraMod.2x.upper_bound,Cho2017,35,48.93999999999999,
budget.CBraMod.2x.upper_bound,Cho2017,36,1.19999999999999,
budget.CBraMod.2x.upper_bound,Cho2017,37,-0.65999999999999,
budget.CBraMod.2x.upper_bound,Cho2017,38,3.71999999999999,
budget.CBraMod.2x.upper_bound,Cho2017,39,2.34,
budget.CBraMod.2x.upper_bound,Cho2017,40,6.57999999999999,
budget.CBraMod.2x.upper_bound,Cho2017,41,11.99999999999999,
budget.CBraMod.2x.upper_bound,Cho2017,42,-2.12,
budget.CBraMod.2x.upper_bound,Cho2017,43,0.0,
budget.CBraMod.2x.upper_bound,Cho2017,44,8.79999999999999,
budget.CBraMod.2x.upper_bound,Cho2017,45,-1.15999999999999,
budget.CBraMod.2x.upper_bound,Cho2017,46,9.79999999999999,
budget.CBraMod.2x.upper_bound,Cho2017,47,5.15999999999999,
budget.CBraMod.2x.upper_bound,Cho2017,48,6.37999999999999,
budget.CBraMod.2x.upper_bound,Cho2017,49,0.21999999999998998,
budget.CBraMod.2x.upper_bound,Cho2017,50,6.29999999999999,
budget.CBraMod.2x.upper_bound,Cho2017,51,2.8000000000000003,
budget.CBraMod.2x.upper_bound,Cho2017,52,6.11999999999999,
budget.CBraMod.2x.upper_bound,Dreyer2023,1,1.69999999999999,
budget.CBraMod.2x.upper_bound,Dreyer2023,2,1.8333333333333202,
budget.CBraMod.2x.upper_bound,Dreyer2023,3,1.44999999999999,
budget.CBraMod.2x.upper_bound,Dreyer2023,5,3.8166666666666598,
budget.CBraMod.2x.upper_bound,Dreyer2023,6,3.5666666666666598,
budget.CBraMod.2x.upper_bound,Dreyer2023,7,2.94999999999999,
budget.CBraMod.2x.upper_bound,Dreyer2023,8,3.1,
budget.CBraMod.2x.upper_bound,Dreyer2023,10,1.88333333333333,
budget.CBraMod.2x.upper_bound,Dreyer2023,11,14.11666666666666,
budget.CBraMod.2x.upper_bound,Dreyer2023,12,2.91666666666665,
budget.CBraMod.2x.upper_bound,Dreyer2023,13,2.78333333333333,
budget.CBraMod.2x.upper_bound,Dreyer2023,14,4.68333333333333,
budget.CBraMod.2x.upper_bound,Dreyer2023,15,2.06666666666665,
budget.CBraMod.2x.upper_bound,Dreyer2023,16,5.81666666666666,
budget.CBraMod.2x.upper_bound,Dreyer2023,18,4.98333333333333,
budget.CBraMod.2x.upper_bound,Dreyer2023,19,7.26666666666666,
budget.CBraMod.2x.upper_bound,Dreyer2023,20,2.33333333333333,
budget.CBraMod.2x.upper_bound,Dreyer2023,21,4.48333333333332,
budget.CBraMod.2x.upper_bound,Dreyer2023,22,4.88333333333333,
budget.CBraMod.2x.upper_bound,Dreyer2023,23,6.91666666666665,
budget.CBraMod.2x.upper_bound,Dreyer2023,24,3.05,
budget.CBraMod.2x.upper_bound,Dreyer2023,25,5.96666666666666,
budget.CBraMod.2x.upper_bound,Dreyer2023,26,7.74999999999999,
budget.CBraMod.2x.upper_bound,Dreyer2023,27,4.41666666666666,
budget.CBraMod.2x.upper_bound,Dreyer2023,28,3.59999999999999,
budget.CBraMod.2x.upper_bound,Dreyer2023,30,7.6,
budget.CBraMod.2x.upper_bound,Dreyer2023,31,5.16666666666666,
budget.CBraMod.2x.upper_bound,Dreyer2023,32,8.449999999999989,
budget.CBraMod.2x.upper_bound,Dreyer2023,33,5.54999999999999,
budget.CBraMod.2x.upper_bound,Dreyer2023,34,4.49999999999999,
budget.CBraMod.2x.upper_bound,Dreyer2023,35,3.34999999999998,
budget.CBraMod.2x.upper_bound,Dreyer2023,36,0.033333333333329995,
budget.CBraMod.2x.upper_bound,Dreyer2023,37,9.98333333333332,
budget.CBraMod.2x.upper_bound,Dreyer2023,38,6.19999999999999,
budget.CBraMod.2x.upper_bound,Dreyer2023,39,1.24999999999999,
budget.CBraMod.2x.upper_bound,Dreyer2023,40,2.63793103448276,
budget.CBraMod.2x.upper_bound,Dreyer2023,42,8.73333333333332,
budget.CBraMod.2x.upper_bound,Dreyer2023,43,1.0999999999999999,
budget.CBraMod.2x.upper_bound,Dreyer2023,44,2.03333333333333,
budget.CBraMod.2x.upper_bound,Dreyer2023,45,5.800000000000001,
budget.CBraMod.2x.upper_bound,Dreyer2023,46,-2.61666666666666,
budget.CBraMod.2x.upper_bound,Dreyer2023,47,5.0666666666666496,
budget.CBraMod.2x.upper_bound,Dreyer2023,48,1.66666666666666,
budget.CBraMod.2x.upper_bound,Dreyer2023,49,7.98333333333333,
budget.CBraMod.2x.upper_bound,Dreyer2023,50,1.49999999999998,
budget.CBraMod.2x.upper_bound,Dreyer2023,51,4.016666666666651,
budget.CBraMod.2x.upper_bound,Dreyer2023,52,3.34999999999999,
budget.CBraMod.2x.upper_bound,Dreyer2023,53,3.54999999999999,
budget.CBraMod.2x.upper_bound,Dreyer2023,54,6.549999999999991,
budget.CBraMod.2x.upper_bound,Dreyer2023,55,2.11666666666666,
budget.CBraMod.2x.upper_bound,Dreyer2023,56,7.1333333333333195,
budget.CBraMod.2x.upper_bound,Dreyer2023,57,4.46666666666665,
budget.CBraMod.2x.upper_bound,Dreyer2023,58,2.06666666666666,
budget.CBraMod.2x.upper_bound,Dreyer2023,59,-1.825,
budget.CBraMod.2x.upper_bound,Dreyer2023,60,7.59999999999999,
budget.CBraMod.2x.upper_bound,Dreyer2023,61,2.06666666666666,
budget.CBraMod.2x.upper_bound,Dreyer2023,62,7.416666666666651,
budget.CBraMod.2x.upper_bound,Dreyer2023,63,6.649999999999991,
budget.CBraMod.2x.upper_bound,Dreyer2023,64,8.28333333333332,
budget.CBraMod.2x.upper_bound,Dreyer2023,65,6.999999999999989,
budget.CBraMod.2x.upper_bound,Dreyer2023,66,2.66666666666666,
budget.CBraMod.2x.upper_bound,Dreyer2023,67,2.5999999999999903,
budget.CBraMod.2x.upper_bound,Dreyer2023,68,5.89999999999999,
budget.CBraMod.2x.upper_bound,Dreyer2023,69,3.79999999999999,
budget.CBraMod.2x.upper_bound,Dreyer2023,70,7.466666666666661,
budget.CBraMod.2x.upper_bound,Dreyer2023,71,6.583333333333321,
budget.CBraMod.2x.upper_bound,Dreyer2023,72,11.883333333333319,
budget.CBraMod.2x.upper_bound,Dreyer2023,73,11.91666666666666,
budget.CBraMod.2x.upper_bound,Dreyer2023,74,4.41666666666666,
budget.CBraMod.2x.upper_bound,Dreyer2023,75,4.6333333333333195,
budget.CBraMod.2x.upper_bound,Dreyer2023,76,6.799999999999989,
budget.CBraMod.2x.upper_bound,Dreyer2023,77,2.93333333333333,
budget.CBraMod.2x.upper_bound,Dreyer2023,80,8.883333333333319,
budget.CBraMod.2x.upper_bound,Dreyer2023,81,3.03333333333333,
budget.CBraMod.2x.upper_bound,Dreyer2023,82,10.51666666666665,
budget.CBraMod.2x.upper_bound,Dreyer2023,83,5.36666666666666,
budget.CBraMod.2x.upper_bound,Dreyer2023,84,6.24999999999999,
budget.CBraMod.2x.upper_bound,Dreyer2023,85,2.85,
budget.CBraMod.2x.upper_bound,Dreyer2023,86,0.44999999999999996,
budget.CBraMod.2x.upper_bound,Dreyer2023,87,2.71666666666665,
budget.CBraMod.2x.upper_bound,PhysionetMI,1,-4.32575757575757,
budget.CBraMod.2x.upper_bound,PhysionetMI,2,3.9769230769230703,
budget.CBraMod.2x.upper_bound,PhysionetMI,3,5.24242424242423,
budget.CBraMod.2x.upper_bound,PhysionetMI,4,2.7727272727272703,
budget.CBraMod.2x.upper_bound,PhysionetMI,5,-2.1893939393939297,
budget.CBraMod.2x.upper_bound,PhysionetMI,6,4.36363636363635,
budget.CBraMod.2x.upper_bound,PhysionetMI,7,-0.62878787878788,
budget.CBraMod.2x.upper_bound,PhysionetMI,8,6.1363636363636305,
budget.CBraMod.2x.upper_bound,PhysionetMI,9,3.4000000000000004,
budget.CBraMod.2x.upper_bound,PhysionetMI,10,0.51538461538461,
budget.CBraMod.2x.upper_bound,PhysionetMI,11,-6.931818181818169,
budget.CBraMod.2x.upper_bound,PhysionetMI,12,3.32575757575757,
budget.CBraMod.2x.upper_bound,PhysionetMI,13,9.2121212121212,
budget.CBraMod.2x.upper_bound,PhysionetMI,14,5.04545454545454,
budget.CBraMod.2x.upper_bound,PhysionetMI,15,0.20769230769230002,
budget.CBraMod.2x.upper_bound,PhysionetMI,16,-1.02272727272726,
budget.CBraMod.2x.upper_bound,PhysionetMI,17,6.40151515151515,
budget.CBraMod.2x.upper_bound,PhysionetMI,18,1.49999999999999,
budget.CBraMod.2x.upper_bound,PhysionetMI,19,3.20454545454545,
budget.CBraMod.2x.upper_bound,PhysionetMI,20,4.83333333333332,
budget.CBraMod.2x.upper_bound,PhysionetMI,21,9.787878787878771,
budget.CBraMod.2x.upper_bound,PhysionetMI,22,4.14393939393939,
budget.CBraMod.2x.upper_bound,PhysionetMI,23,-1.12307692307692,
budget.CBraMod.2x.upper_bound,PhysionetMI,24,0.44696969696968997,
budget.CBraMod.2x.upper_bound,PhysionetMI,25,-1.0378787878787699,
budget.CBraMod.2x.upper_bound,PhysionetMI,26,1.93846153846154,
budget.CBraMod.2x.upper_bound,PhysionetMI,27,-1.8181818181818101,
budget.CBraMod.2x.upper_bound,PhysionetMI,28,4.0454545454545405,
budget.CBraMod.2x.upper_bound,PhysionetMI,29,10.50757575757575,
budget.CBraMod.2x.upper_bound,PhysionetMI,30,4.72727272727272,
budget.CBraMod.2x.upper_bound,PhysionetMI,31,-2.4848484848484698,
budget.CBraMod.2x.upper_bound,PhysionetMI,32,-1.3076923076923,
budget.CBraMod.2x.upper_bound,PhysionetMI,33,-0.93181818181817,
budget.CBraMod.2x.upper_bound,PhysionetMI,34,6.869230769230759,
budget.CBraMod.2x.upper_bound,PhysionetMI,35,6.780303030303029,
budget.CBraMod.2x.upper_bound,PhysionetMI,36,8.33333333333333,
budget.CBraMod.2x.upper_bound,PhysionetMI,37,12.18939393939393,
budget.CBraMod.2x.upper_bound,PhysionetMI,38,3.4545454545454604,
budget.CBraMod.2x.upper_bound,PhysionetMI,39,1.9318181818181699,
budget.CBraMod.2x.upper_bound,PhysionetMI,40,-0.25,
budget.CBraMod.2x.upper_bound,PhysionetMI,41,-7.792307692307681,
budget.CBraMod.2x.upper_bound,PhysionetMI,42,5.43939393939393,
budget.CBraMod.2x.upper_bound,PhysionetMI,43,1.56060606060606,
budget.CBraMod.2x.upper_bound,PhysionetMI,44,-1.72727272727272,
budget.CBraMod.2x.upper_bound,PhysionetMI,45,2.75757575757575,
budget.CBraMod.2x.upper_bound,PhysionetMI,46,-2.4469696969696897,
budget.CBraMod.2x.upper_bound,PhysionetMI,47,4.67424242424242,
budget.CBraMod.2x.upper_bound,PhysionetMI,48,0.48484848484848,
budget.CBraMod.2x.upper_bound,PhysionetMI,49,1.21969696969696,
budget.CBraMod.2x.upper_bound,PhysionetMI,50,6.863636363636349,
budget.CBraMod.2x.upper_bound,PhysionetMI,51,9.65151515151514,
budget.CBraMod.2x.upper_bound,PhysionetMI,52,-0.6076923076923,
budget.CBraMod.2x.upper_bound,PhysionetMI,53,7.86363636363636,
budget.CBraMod.2x.upper_bound,PhysionetMI,54,6.68939393939393,
budget.CBraMod.2x.upper_bound,PhysionetMI,55,1.7727272727272698,
budget.CBraMod.2x.upper_bound,PhysionetMI,56,0.27272727272727004,
budget.CBraMod.2x.upper_bound,PhysionetMI,57,-0.11363636363637,
budget.CBraMod.2x.upper_bound,PhysionetMI,58,5.23076923076923,
budget.CBraMod.2x.upper_bound,PhysionetMI,59,8.53787878787878,
budget.CBraMod.2x.upper_bound,PhysionetMI,60,5.1846153846153795,
budget.CBraMod.2x.upper_bound,PhysionetMI,61,-0.30303030303031003,
budget.CBraMod.2x.upper_bound,PhysionetMI,62,1.00757575757575,
budget.CBraMod.2x.upper_bound,PhysionetMI,63,-1.34848484848484,
budget.CBraMod.2x.upper_bound,PhysionetMI,64,2.43181818181817,
budget.CBraMod.2x.upper_bound,PhysionetMI,65,-0.35606060606059997,
budget.CBraMod.2x.upper_bound,PhysionetMI,66,-6.08333333333332,
budget.CBraMod.2x.upper_bound,PhysionetMI,67,6.64393939393938,
budget.CBraMod.2x.upper_bound,PhysionetMI,68,-1.34848484848484,
budget.CBraMod.2x.upper_bound,PhysionetMI,69,9.76153846153845,
budget.CBraMod.2x.upper_bound,PhysionetMI,70,1.66666666666665,
budget.CBraMod.2x.upper_bound,PhysionetMI,71,3.0606060606060503,
budget.CBraMod.2x.upper_bound,PhysionetMI,72,0.45454545454544004,
budget.CBraMod.2x.upper_bound,PhysionetMI,73,2.9469696969697,
budget.CBraMod.2x.upper_bound,PhysionetMI,74,1.6212121212121102,
budget.CBraMod.2x.upper_bound,PhysionetMI,75,1.36363636363636,
budget.CBraMod.2x.upper_bound,PhysionetMI,76,-6.91666666666666,
budget.CBraMod.2x.upper_bound,PhysionetMI,77,7.3181818181818095,
budget.CBraMod.2x.upper_bound,PhysionetMI,78,-9.5530303030303,
budget.CBraMod.2x.upper_bound,PhysionetMI,79,0.59090909090909,
budget.CBraMod.2x.upper_bound,PhysionetMI,80,6.815384615384611,
budget.CBraMod.2x.upper_bound,PhysionetMI,81,0.47727272727273,
budget.CBraMod.2x.upper_bound,PhysionetMI,82,3.2727272727272703,
budget.CBraMod.2x.upper_bound,PhysionetMI,83,5.507692307692301,
budget.CBraMod.2x.upper_bound,PhysionetMI,84,-0.11363636363634999,
budget.CBraMod.2x.upper_bound,PhysionetMI,85,9.87121212121211,
budget.CBraMod.2x.upper_bound,PhysionetMI,86,-2.03846153846153,
budget.CBraMod.2x.upper_bound,PhysionetMI,87,-3.0,
budget.CBraMod.2x.upper_bound,PhysionetMI,90,1.5606060606060501,
budget.CBraMod.2x.upper_bound,PhysionetMI,91,-3.98484848484848,
budget.CBraMod.2x.upper_bound,PhysionetMI,93,7.24242424242424,
budget.CBraMod.2x.upper_bound,PhysionetMI,94,4.59090909090908,
budget.CBraMod.2x.upper_bound,PhysionetMI,95,-3.49999999999999,
budget.CBraMod.2x.upper_bound,PhysionetMI,96,2.75757575757575,
budget.CBraMod.2x.upper_bound,PhysionetMI,97,3.99999999999999,
budget.CBraMod.2x.upper_bound,PhysionetMI,98,-1.17424242424242,
budget.CBraMod.2x.upper_bound,PhysionetMI,99,-3.6136363636363598,
budget.CBraMod.2x.upper_bound,PhysionetMI,101,9.16923076923076,
budget.CBraMod.2x.upper_bound,PhysionetMI,102,15.22727272727272,
budget.CBraMod.2x.upper_bound,PhysionetMI,103,-5.007575757575751,
budget.CBraMod.2x.upper_bound,PhysionetMI,105,0.64393939393939,
budget.CBraMod.2x.upper_bound,PhysionetMI,107,3.14393939393939,
budget.CBraMod.2x.upper_bound,PhysionetMI,108,2.90151515151514,
budget.CBraMod.2x.upper_bound,PhysionetMI,109,-1.41666666666666,
budget.CBraMod.2x.G_BA,Cho2017,1,63.2,
budget.CBraMod.2x.G_BA,Cho2017,2,52.2,
budget.CBraMod.2x.G_BA,Cho2017,3,71.39999999999999,
budget.CBraMod.2x.G_BA,Cho2017,4,62.0,
budget.CBraMod.2x.G_BA,Cho2017,5,98.0,
budget.CBraMod.2x.G_BA,Cho2017,6,81.2,
budget.CBraMod.2x.G_BA,Cho2017,7,53.666666666666664,
budget.CBraMod.2x.G_BA,Cho2017,8,56.8,
budget.CBraMod.2x.G_BA,Cho2017,9,57.666666666666664,
budget.CBraMod.2x.G_BA,Cho2017,10,64.2,
budget.CBraMod.2x.G_BA,Cho2017,11,62.6,
budget.CBraMod.2x.G_BA,Cho2017,12,56.39999999999999,
budget.CBraMod.2x.G_BA,Cho2017,13,86.8,
budget.CBraMod.2x.G_BA,Cho2017,14,76.2,
budget.CBraMod.2x.G_BA,Cho2017,15,57.599999999999994,
budget.CBraMod.2x.G_BA,Cho2017,16,64.8,
budget.CBraMod.2x.G_BA,Cho2017,17,54.2,
budget.CBraMod.2x.G_BA,Cho2017,18,57.599999999999994,
budget.CBraMod.2x.G_BA,Cho2017,19,50.8,
budget.CBraMod.2x.G_BA,Cho2017,20,54.800000000000004,
budget.CBraMod.2x.G_BA,Cho2017,21,59.4,
budget.CBraMod.2x.G_BA,Cho2017,22,65.39999999999999,
budget.CBraMod.2x.G_BA,Cho2017,23,62.20000000000001,
budget.CBraMod.2x.G_BA,Cho2017,24,52.400000000000006,
budget.CBraMod.2x.G_BA,Cho2017,25,58.4,
budget.CBraMod.2x.G_BA,Cho2017,26,98.8,
budget.CBraMod.2x.G_BA,Cho2017,27,57.800000000000004,
budget.CBraMod.2x.G_BA,Cho2017,28,67.8,
budget.CBraMod.2x.G_BA,Cho2017,29,53.2,
budget.CBraMod.2x.G_BA,Cho2017,30,71.2,
budget.CBraMod.2x.G_BA,Cho2017,31,56.39999999999999,
budget.CBraMod.2x.G_BA,Cho2017,32,55.60000000000001,
budget.CBraMod.2x.G_BA,Cho2017,33,56.400000000000006,
budget.CBraMod.2x.G_BA,Cho2017,34,54.6,
budget.CBraMod.2x.G_BA,Cho2017,35,36.8,
budget.CBraMod.2x.G_BA,Cho2017,36,58.80000000000001,
budget.CBraMod.2x.G_BA,Cho2017,37,86.8,
budget.CBraMod.2x.G_BA,Cho2017,38,58.4,
budget.CBraMod.2x.G_BA,Cho2017,39,55.2,
budget.CBraMod.2x.G_BA,Cho2017,40,47.199999999999996,
budget.CBraMod.2x.G_BA,Cho2017,41,65.99999999999999,
budget.CBraMod.2x.G_BA,Cho2017,42,55.800000000000004,
budget.CBraMod.2x.G_BA,Cho2017,43,100.0,
budget.CBraMod.2x.G_BA,Cho2017,44,93.2,
budget.CBraMod.2x.G_BA,Cho2017,45,54.6,
budget.CBraMod.2x.G_BA,Cho2017,46,62.33333333333333,
budget.CBraMod.2x.G_BA,Cho2017,47,85.8,
budget.CBraMod.2x.G_BA,Cho2017,48,70.6,
budget.CBraMod.2x.G_BA,Cho2017,49,100.0,
budget.CBraMod.2x.G_BA,Cho2017,50,97.39999999999999,
budget.CBraMod.2x.G_BA,Cho2017,51,61.199999999999996,
budget.CBraMod.2x.G_BA,Cho2017,52,64.39999999999999,
budget.CBraMod.2x.G_BA,Dreyer2023,1,90.5,
budget.CBraMod.2x.G_BA,Dreyer2023,2,65.99999999999999,
budget.CBraMod.2x.G_BA,Dreyer2023,3,81.83333333333334,
budget.CBraMod.2x.G_BA,Dreyer2023,5,91.66666666666666,
budget.CBraMod.2x.G_BA,Dreyer2023,6,80.83333333333333,
budget.CBraMod.2x.G_BA,Dreyer2023,7,97.5,
budget.CBraMod.2x.G_BA,Dreyer2023,8,85.0,
budget.CBraMod.2x.G_BA,Dreyer2023,10,94.66666666666667,
budget.CBraMod.2x.G_BA,Dreyer2023,11,62.83333333333333,
budget.CBraMod.2x.G_BA,Dreyer2023,12,92.5,
budget.CBraMod.2x.G_BA,Dreyer2023,13,76.83333333333333,
budget.CBraMod.2x.G_BA,Dreyer2023,14,71.0,
budget.CBraMod.2x.G_BA,Dreyer2023,15,94.16666666666667,
budget.CBraMod.2x.G_BA,Dreyer2023,16,84.66666666666667,
budget.CBraMod.2x.G_BA,Dreyer2023,18,92.00000000000001,
budget.CBraMod.2x.G_BA,Dreyer2023,19,90.66666666666666,
budget.CBraMod.2x.G_BA,Dreyer2023,20,91.66666666666666,
budget.CBraMod.2x.G_BA,Dreyer2023,21,91.5,
budget.CBraMod.2x.G_BA,Dreyer2023,22,91.0,
budget.CBraMod.2x.G_BA,Dreyer2023,23,79.0,
budget.CBraMod.2x.G_BA,Dreyer2023,24,97.5,
budget.CBraMod.2x.G_BA,Dreyer2023,25,68.33333333333333,
budget.CBraMod.2x.G_BA,Dreyer2023,26,83.66666666666667,
budget.CBraMod.2x.G_BA,Dreyer2023,27,82.33333333333334,
budget.CBraMod.2x.G_BA,Dreyer2023,28,80.83333333333333,
budget.CBraMod.2x.G_BA,Dreyer2023,30,74.83333333333333,
budget.CBraMod.2x.G_BA,Dreyer2023,31,90.0,
budget.CBraMod.2x.G_BA,Dreyer2023,32,88.66666666666667,
budget.CBraMod.2x.G_BA,Dreyer2023,33,80.33333333333333,
budget.CBraMod.2x.G_BA,Dreyer2023,34,84.33333333333334,
budget.CBraMod.2x.G_BA,Dreyer2023,35,81.16666666666667,
budget.CBraMod.2x.G_BA,Dreyer2023,36,84.00000000000001,
budget.CBraMod.2x.G_BA,Dreyer2023,37,70.16666666666667,
budget.CBraMod.2x.G_BA,Dreyer2023,38,88.16666666666666,
budget.CBraMod.2x.G_BA,Dreyer2023,39,93.5,
budget.CBraMod.2x.G_BA,Dreyer2023,40,87.75862068965517,
budget.CBraMod.2x.G_BA,Dreyer2023,42,78.16666666666666,
budget.CBraMod.2x.G_BA,Dreyer2023,43,90.33333333333331,
budget.CBraMod.2x.G_BA,Dreyer2023,44,65.33333333333333,
budget.CBraMod.2x.G_BA,Dreyer2023,45,78.49999999999999,
budget.CBraMod.2x.G_BA,Dreyer2023,46,74.16666666666667,
budget.CBraMod.2x.G_BA,Dreyer2023,47,91.49999999999999,
budget.CBraMod.2x.G_BA,Dreyer2023,48,67.5,
budget.CBraMod.2x.G_BA,Dreyer2023,49,80.5,
budget.CBraMod.2x.G_BA,Dreyer2023,50,63.33333333333333,
budget.CBraMod.2x.G_BA,Dreyer2023,51,77.5,
budget.CBraMod.2x.G_BA,Dreyer2023,52,82.16666666666667,
budget.CBraMod.2x.G_BA,Dreyer2023,53,82.66666666666667,
budget.CBraMod.2x.G_BA,Dreyer2023,54,74.66666666666667,
budget.CBraMod.2x.G_BA,Dreyer2023,55,93.33333333333333,
budget.CBraMod.2x.G_BA,Dreyer2023,56,94.0,
budget.CBraMod.2x.G_BA,Dreyer2023,57,68.0,
budget.CBraMod.2x.G_BA,Dreyer2023,58,95.0,
budget.CBraMod.2x.G_BA,Dreyer2023,59,79.0,
budget.CBraMod.2x.G_BA,Dreyer2023,60,85.66666666666667,
budget.CBraMod.2x.G_BA,Dreyer2023,61,89.33333333333333,
budget.CBraMod.2x.G_BA,Dreyer2023,62,75.5,
budget.CBraMod.2x.G_BA,Dreyer2023,63,85.16666666666666,
budget.CBraMod.2x.G_BA,Dreyer2023,64,80.33333333333333,
budget.CBraMod.2x.G_BA,Dreyer2023,65,82.0,
budget.CBraMod.2x.G_BA,Dreyer2023,66,74.66666666666667,
budget.CBraMod.2x.G_BA,Dreyer2023,67,82.66666666666667,
budget.CBraMod.2x.G_BA,Dreyer2023,68,77.16666666666667,
budget.CBraMod.2x.G_BA,Dreyer2023,69,85.16666666666666,
budget.CBraMod.2x.G_BA,Dreyer2023,70,71.33333333333333,
budget.CBraMod.2x.G_BA,Dreyer2023,71,82.66666666666666,
budget.CBraMod.2x.G_BA,Dreyer2023,72,82.5,
budget.CBraMod.2x.G_BA,Dreyer2023,73,79.33333333333333,
budget.CBraMod.2x.G_BA,Dreyer2023,74,78.16666666666666,
budget.CBraMod.2x.G_BA,Dreyer2023,75,78.0,
budget.CBraMod.2x.G_BA,Dreyer2023,76,85.50000000000001,
budget.CBraMod.2x.G_BA,Dreyer2023,77,84.33333333333334,
budget.CBraMod.2x.G_BA,Dreyer2023,80,74.33333333333334,
budget.CBraMod.2x.G_BA,Dreyer2023,81,84.33333333333334,
budget.CBraMod.2x.G_BA,Dreyer2023,82,82.66666666666666,
budget.CBraMod.2x.G_BA,Dreyer2023,83,70.33333333333334,
budget.CBraMod.2x.G_BA,Dreyer2023,84,86.16666666666667,
budget.CBraMod.2x.G_BA,Dreyer2023,85,76.83333333333333,
budget.CBraMod.2x.G_BA,Dreyer2023,86,83.33333333333334,
budget.CBraMod.2x.G_BA,Dreyer2023,87,79.66666666666666,
budget.CBraMod.2x.G_BA,PhysionetMI,1,81.06060606060606,
budget.CBraMod.2x.G_BA,PhysionetMI,2,92.46153846153844,
budget.CBraMod.2x.G_BA,PhysionetMI,3,92.34848484848483,
budget.CBraMod.2x.G_BA,PhysionetMI,4,90.15151515151516,
budget.CBraMod.2x.G_BA,PhysionetMI,5,68.33333333333333,
budget.CBraMod.2x.G_BA,PhysionetMI,6,89.84848484848484,
budget.CBraMod.2x.G_BA,PhysionetMI,7,99.16666666666666,
budget.CBraMod.2x.G_BA,PhysionetMI,8,83.78787878787878,
budget.CBraMod.2x.G_BA,PhysionetMI,9,88.76923076923077,
budget.CBraMod.2x.G_BA,PhysionetMI,10,71.76923076923077,
budget.CBraMod.2x.G_BA,PhysionetMI,11,71.74242424242424,
budget.CBraMod.2x.G_BA,PhysionetMI,12,86.43939393939395,
budget.CBraMod.2x.G_BA,PhysionetMI,13,75.68181818181819,
budget.CBraMod.2x.G_BA,PhysionetMI,14,81.43939393939394,
budget.CBraMod.2x.G_BA,PhysionetMI,15,95.3846153846154,
budget.CBraMod.2x.G_BA,PhysionetMI,16,67.72727272727273,
budget.CBraMod.2x.G_BA,PhysionetMI,17,77.65151515151516,
budget.CBraMod.2x.G_BA,PhysionetMI,18,100.0,
budget.CBraMod.2x.G_BA,PhysionetMI,19,90.98484848484848,
budget.CBraMod.2x.G_BA,PhysionetMI,20,92.19696969696967,
budget.CBraMod.2x.G_BA,PhysionetMI,21,77.80303030303031,
budget.CBraMod.2x.G_BA,PhysionetMI,22,94.69696969696967,
budget.CBraMod.2x.G_BA,PhysionetMI,23,81.46153846153845,
budget.CBraMod.2x.G_BA,PhysionetMI,24,81.74242424242424,
budget.CBraMod.2x.G_BA,PhysionetMI,25,59.31818181818181,
budget.CBraMod.2x.G_BA,PhysionetMI,26,56.230769230769226,
budget.CBraMod.2x.G_BA,PhysionetMI,27,84.31818181818181,
budget.CBraMod.2x.G_BA,PhysionetMI,28,82.65151515151516,
budget.CBraMod.2x.G_BA,PhysionetMI,29,72.8030303030303,
budget.CBraMod.2x.G_BA,PhysionetMI,30,89.31818181818181,
budget.CBraMod.2x.G_BA,PhysionetMI,31,76.74242424242425,
budget.CBraMod.2x.G_BA,PhysionetMI,32,91.0,
budget.CBraMod.2x.G_BA,PhysionetMI,33,92.95454545454544,
budget.CBraMod.2x.G_BA,PhysionetMI,34,86.15384615384615,
budget.CBraMod.2x.G_BA,PhysionetMI,35,79.77272727272727,
budget.CBraMod.2x.G_BA,PhysionetMI,36,91.13636363636364,
budget.CBraMod.2x.G_BA,PhysionetMI,37,67.12121212121211,
budget.CBraMod.2x.G_BA,PhysionetMI,38,51.287878787878796,
budget.CBraMod.2x.G_BA,PhysionetMI,39,76.2878787878788,
budget.CBraMod.2x.G_BA,PhysionetMI,40,98.18181818181819,
budget.CBraMod.2x.G_BA,PhysionetMI,41,96.69230769230768,
budget.CBraMod.2x.G_BA,PhysionetMI,42,86.66666666666669,
budget.CBraMod.2x.G_BA,PhysionetMI,43,83.03030303030303,
budget.CBraMod.2x.G_BA,PhysionetMI,44,87.87878787878786,
budget.CBraMod.2x.G_BA,PhysionetMI,45,80.0,
budget.CBraMod.2x.G_BA,PhysionetMI,46,79.62121212121211,
budget.CBraMod.2x.G_BA,PhysionetMI,47,70.53030303030303,
budget.CBraMod.2x.G_BA,PhysionetMI,48,98.33333333333331,
budget.CBraMod.2x.G_BA,PhysionetMI,49,77.04545454545455,
budget.CBraMod.2x.G_BA,PhysionetMI,50,74.39393939393939,
budget.CBraMod.2x.G_BA,PhysionetMI,51,85.0,
budget.CBraMod.2x.G_BA,PhysionetMI,52,90.92307692307692,
budget.CBraMod.2x.G_BA,PhysionetMI,53,87.57575757575758,
budget.CBraMod.2x.G_BA,PhysionetMI,54,85.75757575757576,
budget.CBraMod.2x.G_BA,PhysionetMI,55,87.1969696969697,
budget.CBraMod.2x.G_BA,PhysionetMI,56,84.3939393939394,
budget.CBraMod.2x.G_BA,PhysionetMI,57,95.83333333333331,
budget.CBraMod.2x.G_BA,PhysionetMI,58,84.76923076923077,
budget.CBraMod.2x.G_BA,PhysionetMI,59,70.07575757575758,
budget.CBraMod.2x.G_BA,PhysionetMI,60,87.76923076923077,
budget.CBraMod.2x.G_BA,PhysionetMI,61,95.45454545454548,
budget.CBraMod.2x.G_BA,PhysionetMI,62,93.33333333333333,
budget.CBraMod.2x.G_BA,PhysionetMI,63,79.01515151515152,
budget.CBraMod.2x.G_BA,PhysionetMI,64,76.13636363636364,
budget.CBraMod.2x.G_BA,PhysionetMI,65,93.25757575757576,
budget.CBraMod.2x.G_BA,PhysionetMI,66,75.30303030303031,
budget.CBraMod.2x.G_BA,PhysionetMI,67,77.5,
budget.CBraMod.2x.G_BA,PhysionetMI,68,73.18181818181819,
budget.CBraMod.2x.G_BA,PhysionetMI,69,80.15384615384616,
budget.CBraMod.2x.G_BA,PhysionetMI,70,96.51515151515152,
budget.CBraMod.2x.G_BA,PhysionetMI,71,87.87878787878789,
budget.CBraMod.2x.G_BA,PhysionetMI,72,99.0909090909091,
budget.CBraMod.2x.G_BA,PhysionetMI,73,79.16666666666667,
budget.CBraMod.2x.G_BA,PhysionetMI,74,74.01515151515152,
budget.CBraMod.2x.G_BA,PhysionetMI,75,69.62121212121212,
budget.CBraMod.2x.G_BA,PhysionetMI,76,56.060606060606055,
budget.CBraMod.2x.G_BA,PhysionetMI,77,60.378787878787875,
budget.CBraMod.2x.G_BA,PhysionetMI,78,48.48484848484847,
budget.CBraMod.2x.G_BA,PhysionetMI,79,71.66666666666667,
budget.CBraMod.2x.G_BA,PhysionetMI,80,77.07692307692308,
budget.CBraMod.2x.G_BA,PhysionetMI,81,88.86363636363637,
budget.CBraMod.2x.G_BA,PhysionetMI,82,83.78787878787878,
budget.CBraMod.2x.G_BA,PhysionetMI,83,76.92307692307693,
budget.CBraMod.2x.G_BA,PhysionetMI,84,85.68181818181819,
budget.CBraMod.2x.G_BA,PhysionetMI,85,88.93939393939394,
budget.CBraMod.2x.G_BA,PhysionetMI,86,97.69230769230771,
budget.CBraMod.2x.G_BA,PhysionetMI,87,58.25757575757575,
budget.CBraMod.2x.G_BA,PhysionetMI,90,86.51515151515153,
budget.CBraMod.2x.G_BA,PhysionetMI,91,87.5,
budget.CBraMod.2x.G_BA,PhysionetMI,93,78.03030303030303,
budget.CBraMod.2x.G_BA,PhysionetMI,94,77.65151515151516,
budget.CBraMod.2x.G_BA,PhysionetMI,95,62.46153846153847,
budget.CBraMod.2x.G_BA,PhysionetMI,96,87.5,
budget.CBraMod.2x.G_BA,PhysionetMI,97,82.5,
budget.CBraMod.2x.G_BA,PhysionetMI,98,46.13636363636363,
budget.CBraMod.2x.G_BA,PhysionetMI,99,66.06060606060605,
budget.CBraMod.2x.G_BA,PhysionetMI,101,88.46153846153847,
budget.CBraMod.2x.G_BA,PhysionetMI,102,72.65151515151516,
budget.CBraMod.2x.G_BA,PhysionetMI,103,86.5909090909091,
budget.CBraMod.2x.G_BA,PhysionetMI,105,92.42424242424242,
budget.CBraMod.2x.G_BA,PhysionetMI,107,57.27272727272727,
budget.CBraMod.2x.G_BA,PhysionetMI,108,81.13636363636363,
budget.CBraMod.2x.G_BA,PhysionetMI,109,67.65151515151516,
budget.CBraMod.4x.own_gain,Cho2017,1,6.399999999999991,
budget.CBraMod.4x.own_gain,Cho2017,2,0.6,
budget.CBraMod.4x.own_gain,Cho2017,3,8.19999999999998,
budget.CBraMod.4x.own_gain,Cho2017,4,8.99999999999999,
budget.CBraMod.4x.own_gain,Cho2017,5,-0.4,
budget.CBraMod.4x.own_gain,Cho2017,6,2.4,
budget.CBraMod.4x.own_gain,Cho2017,7,1.33333333333333,
budget.CBraMod.4x.own_gain,Cho2017,8,0.7999999999999899,
budget.CBraMod.4x.own_gain,Cho2017,9,1.66666666666666,
budget.CBraMod.4x.own_gain,Cho2017,10,6.399999999999991,
budget.CBraMod.4x.own_gain,Cho2017,11,1.7999999999999998,
budget.CBraMod.4x.own_gain,Cho2017,12,15.599999999999989,
budget.CBraMod.4x.own_gain,Cho2017,13,5.99999999999999,
budget.CBraMod.4x.own_gain,Cho2017,14,4.99999999999999,
budget.CBraMod.4x.own_gain,Cho2017,15,9.19999999999998,
budget.CBraMod.4x.own_gain,Cho2017,16,1.0,
budget.CBraMod.4x.own_gain,Cho2017,17,4.99999999999999,
budget.CBraMod.4x.own_gain,Cho2017,18,3.79999999999999,
budget.CBraMod.4x.own_gain,Cho2017,19,1.4000000000000001,
budget.CBraMod.4x.own_gain,Cho2017,20,7.59999999999999,
budget.CBraMod.4x.own_gain,Cho2017,21,0.8,
budget.CBraMod.4x.own_gain,Cho2017,22,-0.19999999999999,
budget.CBraMod.4x.own_gain,Cho2017,23,4.99999999999999,
budget.CBraMod.4x.own_gain,Cho2017,24,-0.2,
budget.CBraMod.4x.own_gain,Cho2017,25,-0.2,
budget.CBraMod.4x.own_gain,Cho2017,26,0.8,
budget.CBraMod.4x.own_gain,Cho2017,27,1.6,
budget.CBraMod.4x.own_gain,Cho2017,28,25.399999999999988,
budget.CBraMod.4x.own_gain,Cho2017,29,2.8000000000000003,
budget.CBraMod.4x.own_gain,Cho2017,30,7.99999999999999,
budget.CBraMod.4x.own_gain,Cho2017,31,8.39999999999999,
budget.CBraMod.4x.own_gain,Cho2017,32,3.1999999999999895,
budget.CBraMod.4x.own_gain,Cho2017,33,-5.399999999999991,
budget.CBraMod.4x.own_gain,Cho2017,34,1.6,
budget.CBraMod.4x.own_gain,Cho2017,35,39.800000000000004,
budget.CBraMod.4x.own_gain,Cho2017,36,-2.1999999999999997,
budget.CBraMod.4x.own_gain,Cho2017,37,-0.59999999999999,
budget.CBraMod.4x.own_gain,Cho2017,38,2.79999999999999,
budget.CBraMod.4x.own_gain,Cho2017,39,2.8000000000000003,
budget.CBraMod.4x.own_gain,Cho2017,40,1.0,
budget.CBraMod.4x.own_gain,Cho2017,41,11.39999999999999,
budget.CBraMod.4x.own_gain,Cho2017,42,-4.1999999999999895,
budget.CBraMod.4x.own_gain,Cho2017,43,0.0,
budget.CBraMod.4x.own_gain,Cho2017,44,2.5999999999999903,
budget.CBraMod.4x.own_gain,Cho2017,45,4.99999999999999,
budget.CBraMod.4x.own_gain,Cho2017,46,9.499999999999991,
budget.CBraMod.4x.own_gain,Cho2017,47,0.59999999999999,
budget.CBraMod.4x.own_gain,Cho2017,48,-3.59999999999999,
budget.CBraMod.4x.own_gain,Cho2017,49,0.0,
budget.CBraMod.4x.own_gain,Cho2017,50,7.1999999999999895,
budget.CBraMod.4x.own_gain,Cho2017,51,-0.99999999999999,
budget.CBraMod.4x.own_gain,Cho2017,52,5.79999999999999,
budget.CBraMod.4x.own_gain,Dreyer2023,1,-0.5,
budget.CBraMod.4x.own_gain,Dreyer2023,2,5.33333333333333,
budget.CBraMod.4x.own_gain,Dreyer2023,3,1.5,
budget.CBraMod.4x.own_gain,Dreyer2023,5,0.6666666666666601,
budget.CBraMod.4x.own_gain,Dreyer2023,6,3.16666666666666,
budget.CBraMod.4x.own_gain,Dreyer2023,7,-3.95516952522712e-15,
budget.CBraMod.4x.own_gain,Dreyer2023,8,1.66666666666666,
budget.CBraMod.4x.own_gain,Dreyer2023,10,1.83333333333333,
budget.CBraMod.4x.own_gain,Dreyer2023,11,8.49999999999999,
budget.CBraMod.4x.own_gain,Dreyer2023,12,2.1666666666666603,
budget.CBraMod.4x.own_gain,Dreyer2023,13,-0.6666666666666601,
budget.CBraMod.4x.own_gain,Dreyer2023,14,6.999999999999989,
budget.CBraMod.4x.own_gain,Dreyer2023,15,1.0,
budget.CBraMod.4x.own_gain,Dreyer2023,16,6.16666666666666,
budget.CBraMod.4x.own_gain,Dreyer2023,18,2.3333333333333197,
budget.CBraMod.4x.own_gain,Dreyer2023,19,3.33333333333333,
budget.CBraMod.4x.own_gain,Dreyer2023,20,-0.6666666666666601,
budget.CBraMod.4x.own_gain,Dreyer2023,21,3.16666666666666,
budget.CBraMod.4x.own_gain,Dreyer2023,22,3.49999999999999,
budget.CBraMod.4x.own_gain,Dreyer2023,23,5.33333333333333,
budget.CBraMod.4x.own_gain,Dreyer2023,24,-2.0122792321330962e-15,
budget.CBraMod.4x.own_gain,Dreyer2023,25,2.3333333333333197,
budget.CBraMod.4x.own_gain,Dreyer2023,26,5.99999999999999,
budget.CBraMod.4x.own_gain,Dreyer2023,27,1.33333333333333,
budget.CBraMod.4x.own_gain,Dreyer2023,28,4.0,
budget.CBraMod.4x.own_gain,Dreyer2023,30,9.49999999999998,
budget.CBraMod.4x.own_gain,Dreyer2023,31,0.16666666666666,
budget.CBraMod.4x.own_gain,Dreyer2023,32,6.49999999999999,
budget.CBraMod.4x.own_gain,Dreyer2023,33,2.99999999999999,
budget.CBraMod.4x.own_gain,Dreyer2023,34,0.49999999999999,
budget.CBraMod.4x.own_gain,Dreyer2023,35,0.6666666666666601,
budget.CBraMod.4x.own_gain,Dreyer2023,36,-0.33333333333333004,
budget.CBraMod.4x.own_gain,Dreyer2023,37,7.16666666666666,
budget.CBraMod.4x.own_gain,Dreyer2023,38,3.16666666666666,
budget.CBraMod.4x.own_gain,Dreyer2023,39,0.6666666666666601,
budget.CBraMod.4x.own_gain,Dreyer2023,40,0.34482758620688,
budget.CBraMod.4x.own_gain,Dreyer2023,42,6.83333333333333,
budget.CBraMod.4x.own_gain,Dreyer2023,43,-1.1666666666666599,
budget.CBraMod.4x.own_gain,Dreyer2023,44,2.3333333333333197,
budget.CBraMod.4x.own_gain,Dreyer2023,45,3.16666666666666,
budget.CBraMod.4x.own_gain,Dreyer2023,46,-4.66666666666666,
budget.CBraMod.4x.own_gain,Dreyer2023,47,3.33333333333333,
budget.CBraMod.4x.own_gain,Dreyer2023,48,3.33333333333332,
budget.CBraMod.4x.own_gain,Dreyer2023,49,1.83333333333333,
budget.CBraMod.4x.own_gain,Dreyer2023,50,-1.83333333333333,
budget.CBraMod.4x.own_gain,Dreyer2023,51,1.99999999999999,
budget.CBraMod.4x.own_gain,Dreyer2023,52,2.33333333333333,
budget.CBraMod.4x.own_gain,Dreyer2023,53,1.33333333333333,
budget.CBraMod.4x.own_gain,Dreyer2023,54,8.99999999999999,
budget.CBraMod.4x.own_gain,Dreyer2023,55,-0.49999999999999,
budget.CBraMod.4x.own_gain,Dreyer2023,56,3.66666666666666,
budget.CBraMod.4x.own_gain,Dreyer2023,57,6.66666666666666,
budget.CBraMod.4x.own_gain,Dreyer2023,58,1.0,
budget.CBraMod.4x.own_gain,Dreyer2023,59,-0.49999999999999,
budget.CBraMod.4x.own_gain,Dreyer2023,60,4.66666666666666,
budget.CBraMod.4x.own_gain,Dreyer2023,61,2.33333333333333,
budget.CBraMod.4x.own_gain,Dreyer2023,62,4.66666666666666,
budget.CBraMod.4x.own_gain,Dreyer2023,63,3.16666666666666,
budget.CBraMod.4x.own_gain,Dreyer2023,64,11.66666666666666,
budget.CBraMod.4x.own_gain,Dreyer2023,65,5.16666666666666,
budget.CBraMod.4x.own_gain,Dreyer2023,66,2.1666666666666603,
budget.CBraMod.4x.own_gain,Dreyer2023,67,1.0,
budget.CBraMod.4x.own_gain,Dreyer2023,68,4.66666666666666,
budget.CBraMod.4x.own_gain,Dreyer2023,69,2.16666666666665,
budget.CBraMod.4x.own_gain,Dreyer2023,70,3.16666666666666,
budget.CBraMod.4x.own_gain,Dreyer2023,71,0.99999999999999,
budget.CBraMod.4x.own_gain,Dreyer2023,72,8.99999999999999,
budget.CBraMod.4x.own_gain,Dreyer2023,73,8.33333333333332,
budget.CBraMod.4x.own_gain,Dreyer2023,74,2.83333333333333,
budget.CBraMod.4x.own_gain,Dreyer2023,75,1.99999999999999,
budget.CBraMod.4x.own_gain,Dreyer2023,76,7.666666666666661,
budget.CBraMod.4x.own_gain,Dreyer2023,77,0.33333333333333004,
budget.CBraMod.4x.own_gain,Dreyer2023,80,1.99999999999999,
budget.CBraMod.4x.own_gain,Dreyer2023,81,0.16666666666666,
budget.CBraMod.4x.own_gain,Dreyer2023,82,10.33333333333332,
budget.CBraMod.4x.own_gain,Dreyer2023,83,6.66666666666665,
budget.CBraMod.4x.own_gain,Dreyer2023,84,4.99999999999999,
budget.CBraMod.4x.own_gain,Dreyer2023,85,6.16666666666666,
budget.CBraMod.4x.own_gain,Dreyer2023,86,0.5,
budget.CBraMod.4x.own_gain,Dreyer2023,87,2.1666666666666603,
budget.CBraMod.4x.own_gain,PhysionetMI,1,-1.13636363636363,
budget.CBraMod.4x.own_gain,PhysionetMI,2,5.53846153846152,
budget.CBraMod.4x.own_gain,PhysionetMI,3,-1.8181818181818101,
budget.CBraMod.4x.own_gain,PhysionetMI,4,-0.68181818181818,
budget.CBraMod.4x.own_gain,PhysionetMI,5,-0.75757575757575,
budget.CBraMod.4x.own_gain,PhysionetMI,6,2.34848484848484,
budget.CBraMod.4x.own_gain,PhysionetMI,7,-3.33333333333333,
budget.CBraMod.4x.own_gain,PhysionetMI,8,-1.66666666666666,
budget.CBraMod.4x.own_gain,PhysionetMI,9,3.84615384615384,
budget.CBraMod.4x.own_gain,PhysionetMI,10,2.76923076923076,
budget.CBraMod.4x.own_gain,PhysionetMI,11,-9.69696969696969,
budget.CBraMod.4x.own_gain,PhysionetMI,12,1.8939393939393898,
budget.CBraMod.4x.own_gain,PhysionetMI,13,7.27272727272727,
budget.CBraMod.4x.own_gain,PhysionetMI,14,-0.68181818181817,
budget.CBraMod.4x.own_gain,PhysionetMI,15,5.38461538461538,
budget.CBraMod.4x.own_gain,PhysionetMI,16,-6.59090909090909,
budget.CBraMod.4x.own_gain,PhysionetMI,17,5.530303030303029,
budget.CBraMod.4x.own_gain,PhysionetMI,18,0.0,
budget.CBraMod.4x.own_gain,PhysionetMI,19,-3.2575757575757502,
budget.CBraMod.4x.own_gain,PhysionetMI,20,2.87878787878787,
budget.CBraMod.4x.own_gain,PhysionetMI,21,4.39393939393939,
budget.CBraMod.4x.own_gain,PhysionetMI,22,0.9848484848484799,
budget.CBraMod.4x.own_gain,PhysionetMI,23,-3.07692307692307,
budget.CBraMod.4x.own_gain,PhysionetMI,24,3.63636363636363,
budget.CBraMod.4x.own_gain,PhysionetMI,25,-5.37878787878787,
budget.CBraMod.4x.own_gain,PhysionetMI,26,-5.84615384615384,
budget.CBraMod.4x.own_gain,PhysionetMI,27,-1.66666666666666,
budget.CBraMod.4x.own_gain,PhysionetMI,28,-5.07575757575757,
budget.CBraMod.4x.own_gain,PhysionetMI,29,8.33333333333333,
budget.CBraMod.4x.own_gain,PhysionetMI,30,6.28787878787878,
budget.CBraMod.4x.own_gain,PhysionetMI,31,0.22727272727272002,
budget.CBraMod.4x.own_gain,PhysionetMI,32,-0.23076923076923,
budget.CBraMod.4x.own_gain,PhysionetMI,33,-0.9090909090909001,
budget.CBraMod.4x.own_gain,PhysionetMI,34,-1.38461538461538,
budget.CBraMod.4x.own_gain,PhysionetMI,35,2.5,
budget.CBraMod.4x.own_gain,PhysionetMI,36,-1.66666666666666,
budget.CBraMod.4x.own_gain,PhysionetMI,37,8.93939393939394,
budget.CBraMod.4x.own_gain,PhysionetMI,38,-7.12121212121212,
budget.CBraMod.4x.own_gain,PhysionetMI,39,2.4999999999999902,
budget.CBraMod.4x.own_gain,PhysionetMI,40,0.22727272727272002,
budget.CBraMod.4x.own_gain,PhysionetMI,41,-9.38461538461537,
budget.CBraMod.4x.own_gain,PhysionetMI,42,2.8030303030303,
budget.CBraMod.4x.own_gain,PhysionetMI,43,1.66666666666666,
budget.CBraMod.4x.own_gain,PhysionetMI,44,-2.8030303030303,
budget.CBraMod.4x.own_gain,PhysionetMI,45,1.43939393939393,
budget.CBraMod.4x.own_gain,PhysionetMI,46,-4.3181818181818095,
budget.CBraMod.4x.own_gain,PhysionetMI,47,2.27272727272726,
budget.CBraMod.4x.own_gain,PhysionetMI,48,-2.72727272727272,
budget.CBraMod.4x.own_gain,PhysionetMI,49,2.1212121212121198,
budget.CBraMod.4x.own_gain,PhysionetMI,50,14.77272727272727,
budget.CBraMod.4x.own_gain,PhysionetMI,51,7.27272727272727,
budget.CBraMod.4x.own_gain,PhysionetMI,52,-4.69230769230769,
budget.CBraMod.4x.own_gain,PhysionetMI,53,5.37878787878787,
budget.CBraMod.4x.own_gain,PhysionetMI,54,3.18181818181818,
budget.CBraMod.4x.own_gain,PhysionetMI,55,7.72727272727272,
budget.CBraMod.4x.own_gain,PhysionetMI,56,2.57575757575757,
budget.CBraMod.4x.own_gain,PhysionetMI,57,0.0,
budget.CBraMod.4x.own_gain,PhysionetMI,58,3.9230769230769202,
budget.CBraMod.4x.own_gain,PhysionetMI,59,2.8030303030303,
budget.CBraMod.4x.own_gain,PhysionetMI,60,5.0769230769230695,
budget.CBraMod.4x.own_gain,PhysionetMI,61,0.0,
budget.CBraMod.4x.own_gain,PhysionetMI,62,-0.07575757575757,
budget.CBraMod.4x.own_gain,PhysionetMI,63,2.19696969696969,
budget.CBraMod.4x.own_gain,PhysionetMI,64,-1.66666666666666,
budget.CBraMod.4x.own_gain,PhysionetMI,65,-0.45454545454545003,
budget.CBraMod.4x.own_gain,PhysionetMI,66,-1.13636363636363,
budget.CBraMod.4x.own_gain,PhysionetMI,67,7.87878787878787,
budget.CBraMod.4x.own_gain,PhysionetMI,68,-0.15151515151515,
budget.CBraMod.4x.own_gain,PhysionetMI,69,2.23076923076923,
budget.CBraMod.4x.own_gain,PhysionetMI,70,-2.34848484848484,
budget.CBraMod.4x.own_gain,PhysionetMI,71,0.9090909090909001,
budget.CBraMod.4x.own_gain,PhysionetMI,72,0.07575757575757,
budget.CBraMod.4x.own_gain,PhysionetMI,73,2.4999999999999902,
budget.CBraMod.4x.own_gain,PhysionetMI,74,-0.5303030303030299,
budget.CBraMod.4x.own_gain,PhysionetMI,75,2.72727272727272,
budget.CBraMod.4x.own_gain,PhysionetMI,76,-3.7121212121212097,
budget.CBraMod.4x.own_gain,PhysionetMI,77,12.8030303030303,
budget.CBraMod.4x.own_gain,PhysionetMI,78,-1.7424242424242402,
budget.CBraMod.4x.own_gain,PhysionetMI,79,-2.8030303030303,
budget.CBraMod.4x.own_gain,PhysionetMI,80,3.38461538461537,
budget.CBraMod.4x.own_gain,PhysionetMI,81,-1.51515151515151,
budget.CBraMod.4x.own_gain,PhysionetMI,82,4.8484848484848495,
budget.CBraMod.4x.own_gain,PhysionetMI,83,-4.46153846153846,
budget.CBraMod.4x.own_gain,PhysionetMI,84,3.86363636363636,
budget.CBraMod.4x.own_gain,PhysionetMI,85,7.12121212121212,
budget.CBraMod.4x.own_gain,PhysionetMI,86,-1.0,
budget.CBraMod.4x.own_gain,PhysionetMI,87,-3.7878787878787796,
budget.CBraMod.4x.own_gain,PhysionetMI,90,-3.4848484848484804,
budget.CBraMod.4x.own_gain,PhysionetMI,91,-8.33333333333332,
budget.CBraMod.4x.own_gain,PhysionetMI,93,0.37878787878788,
budget.CBraMod.4x.own_gain,PhysionetMI,94,2.4999999999999902,
budget.CBraMod.4x.own_gain,PhysionetMI,95,1.15384615384615,
budget.CBraMod.4x.own_gain,PhysionetMI,96,-1.8939393939393898,
budget.CBraMod.4x.own_gain,PhysionetMI,97,3.86363636363636,
budget.CBraMod.4x.own_gain,PhysionetMI,98,1.06060606060605,
budget.CBraMod.4x.own_gain,PhysionetMI,99,-7.1969696969697,
budget.CBraMod.4x.own_gain,PhysionetMI,101,8.384615384615369,
budget.CBraMod.4x.own_gain,PhysionetMI,102,11.21212121212121,
budget.CBraMod.4x.own_gain,PhysionetMI,103,-4.92424242424242,
budget.CBraMod.4x.own_gain,PhysionetMI,105,0.75757575757575,
budget.CBraMod.4x.own_gain,PhysionetMI,107,2.42424242424242,
budget.CBraMod.4x.own_gain,PhysionetMI,108,-0.37878787878787,
budget.CBraMod.4x.own_gain,PhysionetMI,109,-5.07575757575757,
budget.CBraMod.4x.upper_bound,Cho2017,1,10.39999999999999,
budget.CBraMod.4x.upper_bound,Cho2017,2,-0.37999999999998996,
budget.CBraMod.4x.upper_bound,Cho2017,3,9.51999999999998,
budget.CBraMod.4x.upper_bound,Cho2017,4,10.97999999999999,
budget.CBraMod.4x.upper_bound,Cho2017,5,1.45999999999999,
budget.CBraMod.4x.upper_bound,Cho2017,6,0.8399999999999901,
budget.CBraMod.4x.upper_bound,Cho2017,7,3.03333333333333,
budget.CBraMod.4x.upper_bound,Cho2017,8,2.73999999999999,
budget.CBraMod.4x.upper_bound,Cho2017,9,1.69999999999999,
budget.CBraMod.4x.upper_bound,Cho2017,10,10.47999999999999,
budget.CBraMod.4x.upper_bound,Cho2017,11,3.43999999999999,
budget.CBraMod.4x.upper_bound,Cho2017,12,14.979999999999979,
budget.CBraMod.4x.upper_bound,Cho2017,13,14.95999999999999,
budget.CBraMod.4x.upper_bound,Cho2017,14,12.839999999999991,
budget.CBraMod.4x.upper_bound,Cho2017,15,12.03999999999999,
budget.CBraMod.4x.upper_bound,Cho2017,16,4.09999999999999,
budget.CBraMod.4x.upper_bound,Cho2017,17,5.33999999999999,
budget.CBraMod.4x.upper_bound,Cho2017,18,7.01999999999998,
budget.CBraMod.4x.upper_bound,Cho2017,19,1.9,
budget.CBraMod.4x.upper_bound,Cho2017,20,7.59999999999999,
budget.CBraMod.4x.upper_bound,Cho2017,21,2.89999999999999,
budget.CBraMod.4x.upper_bound,Cho2017,22,6.599999999999991,
budget.CBraMod.4x.upper_bound,Cho2017,23,8.71999999999999,
budget.CBraMod.4x.upper_bound,Cho2017,24,2.77999999999999,
budget.CBraMod.4x.upper_bound,Cho2017,25,2.15999999999999,
budget.CBraMod.4x.upper_bound,Cho2017,26,1.66,
budget.CBraMod.4x.upper_bound,Cho2017,27,3.5999999999999996,
budget.CBraMod.4x.upper_bound,Cho2017,28,28.05999999999999,
budget.CBraMod.4x.upper_bound,Cho2017,29,6.13999999999999,
budget.CBraMod.4x.upper_bound,Cho2017,30,10.33999999999999,
budget.CBraMod.4x.upper_bound,Cho2017,31,12.45999999999999,
budget.CBraMod.4x.upper_bound,Cho2017,32,4.15999999999999,
budget.CBraMod.4x.upper_bound,Cho2017,33,-1.95999999999999,
budget.CBraMod.4x.upper_bound,Cho2017,34,0.6799999999999999,
budget.CBraMod.4x.upper_bound,Cho2017,35,41.33999999999999,
budget.CBraMod.4x.upper_bound,Cho2017,36,-2.6,
budget.CBraMod.4x.upper_bound,Cho2017,37,-0.63999999999999,
budget.CBraMod.4x.upper_bound,Cho2017,38,6.05999999999999,
budget.CBraMod.4x.upper_bound,Cho2017,39,2.9399999999999897,
budget.CBraMod.4x.upper_bound,Cho2017,40,1.13999999999999,
budget.CBraMod.4x.upper_bound,Cho2017,41,15.73999999999999,
budget.CBraMod.4x.upper_bound,Cho2017,42,-2.23999999999999,
budget.CBraMod.4x.upper_bound,Cho2017,43,0.1,
budget.CBraMod.4x.upper_bound,Cho2017,44,4.55999999999999,
budget.CBraMod.4x.upper_bound,Cho2017,45,3.0,
budget.CBraMod.4x.upper_bound,Cho2017,46,9.11666666666666,
budget.CBraMod.4x.upper_bound,Cho2017,47,3.8599999999999897,
budget.CBraMod.4x.upper_bound,Cho2017,48,1.85999999999999,
budget.CBraMod.4x.upper_bound,Cho2017,49,0.0,
budget.CBraMod.4x.upper_bound,Cho2017,50,6.47999999999999,
budget.CBraMod.4x.upper_bound,Cho2017,51,0.58,
budget.CBraMod.4x.upper_bound,Cho2017,52,9.11999999999999,
budget.CBraMod.4x.upper_bound,Dreyer2023,1,1.7166666666666601,
budget.CBraMod.4x.upper_bound,Dreyer2023,2,4.99999999999999,
budget.CBraMod.4x.upper_bound,Dreyer2023,3,2.6499999999999897,
budget.CBraMod.4x.upper_bound,Dreyer2023,5,2.9499999999999997,
budget.CBraMod.4x.upper_bound,Dreyer2023,6,3.2999999999999896,
budget.CBraMod.4x.upper_bound,Dreyer2023,7,1.7999999999999998,
budget.CBraMod.4x.upper_bound,Dreyer2023,8,2.73333333333332,
budget.CBraMod.4x.upper_bound,Dreyer2023,10,1.96666666666666,
budget.CBraMod.4x.upper_bound,Dreyer2023,11,10.43333333333332,
budget.CBraMod.4x.upper_bound,Dreyer2023,12,2.26666666666666,
budget.CBraMod.4x.upper_bound,Dreyer2023,13,0.71666666666665,
budget.CBraMod.4x.upper_bound,Dreyer2023,14,8.683333333333321,
budget.CBraMod.4x.upper_bound,Dreyer2023,15,1.66666666666666,
budget.CBraMod.4x.upper_bound,Dreyer2023,16,8.49999999999999,
budget.CBraMod.4x.upper_bound,Dreyer2023,18,2.91666666666665,
budget.CBraMod.4x.upper_bound,Dreyer2023,19,5.44999999999999,
budget.CBraMod.4x.upper_bound,Dreyer2023,20,2.1666666666666603,
budget.CBraMod.4x.upper_bound,Dreyer2023,21,2.6166666666666503,
budget.CBraMod.4x.upper_bound,Dreyer2023,22,4.59999999999999,
budget.CBraMod.4x.upper_bound,Dreyer2023,23,6.799999999999989,
budget.CBraMod.4x.upper_bound,Dreyer2023,24,0.95,
budget.CBraMod.4x.upper_bound,Dreyer2023,25,4.41666666666666,
budget.CBraMod.4x.upper_bound,Dreyer2023,26,6.19999999999999,
budget.CBraMod.4x.upper_bound,Dreyer2023,27,3.53333333333333,
budget.CBraMod.4x.upper_bound,Dreyer2023,28,3.23333333333332,
budget.CBraMod.4x.upper_bound,Dreyer2023,30,8.51666666666665,
budget.CBraMod.4x.upper_bound,Dreyer2023,31,4.04999999999999,
budget.CBraMod.4x.upper_bound,Dreyer2023,32,7.26666666666666,
budget.CBraMod.4x.upper_bound,Dreyer2023,33,4.13333333333332,
budget.CBraMod.4x.upper_bound,Dreyer2023,34,1.96666666666666,
budget.CBraMod.4x.upper_bound,Dreyer2023,35,4.18333333333333,
budget.CBraMod.4x.upper_bound,Dreyer2023,36,0.63333333333333,
budget.CBraMod.4x.upper_bound,Dreyer2023,37,10.28333333333333,
budget.CBraMod.4x.upper_bound,Dreyer2023,38,4.8333333333333295,
budget.CBraMod.4x.upper_bound,Dreyer2023,39,0.21666666666666,
budget.CBraMod.4x.upper_bound,Dreyer2023,40,1.94827586206896,
budget.CBraMod.4x.upper_bound,Dreyer2023,42,10.03333333333333,
budget.CBraMod.4x.upper_bound,Dreyer2023,43,1.0,
budget.CBraMod.4x.upper_bound,Dreyer2023,44,1.7999999999999998,
budget.CBraMod.4x.upper_bound,Dreyer2023,45,2.74999999999999,
budget.CBraMod.4x.upper_bound,Dreyer2023,46,-1.49999999999998,
budget.CBraMod.4x.upper_bound,Dreyer2023,47,4.24999999999999,
budget.CBraMod.4x.upper_bound,Dreyer2023,48,2.38333333333332,
budget.CBraMod.4x.upper_bound,Dreyer2023,49,5.1499999999999995,
budget.CBraMod.4x.upper_bound,Dreyer2023,50,-0.19999999999999,
budget.CBraMod.4x.upper_bound,Dreyer2023,51,3.89999999999999,
budget.CBraMod.4x.upper_bound,Dreyer2023,52,3.49999999999999,
budget.CBraMod.4x.upper_bound,Dreyer2023,53,2.94999999999999,
budget.CBraMod.4x.upper_bound,Dreyer2023,54,9.449999999999982,
budget.CBraMod.4x.upper_bound,Dreyer2023,55,-0.36666666666667,
budget.CBraMod.4x.upper_bound,Dreyer2023,56,6.21666666666665,
budget.CBraMod.4x.upper_bound,Dreyer2023,57,5.11666666666666,
budget.CBraMod.4x.upper_bound,Dreyer2023,58,1.66666666666666,
budget.CBraMod.4x.upper_bound,Dreyer2023,59,-1.19999999999999,
budget.CBraMod.4x.upper_bound,Dreyer2023,60,6.48333333333333,
budget.CBraMod.4x.upper_bound,Dreyer2023,61,4.14999999999998,
budget.CBraMod.4x.upper_bound,Dreyer2023,62,9.033333333333319,
budget.CBraMod.4x.upper_bound,Dreyer2023,63,4.58333333333332,
budget.CBraMod.4x.upper_bound,Dreyer2023,64,9.649999999999979,
budget.CBraMod.4x.upper_bound,Dreyer2023,65,7.31666666666667,
budget.CBraMod.4x.upper_bound,Dreyer2023,66,2.34999999999999,
budget.CBraMod.4x.upper_bound,Dreyer2023,67,1.5333333333333299,
budget.CBraMod.4x.upper_bound,Dreyer2023,68,5.23333333333332,
budget.CBraMod.4x.upper_bound,Dreyer2023,69,3.66666666666665,
budget.CBraMod.4x.upper_bound,Dreyer2023,70,5.54999999999999,
budget.CBraMod.4x.upper_bound,Dreyer2023,71,5.61666666666666,
budget.CBraMod.4x.upper_bound,Dreyer2023,72,9.06666666666665,
budget.CBraMod.4x.upper_bound,Dreyer2023,73,9.93333333333333,
budget.CBraMod.4x.upper_bound,Dreyer2023,74,3.7499999999999902,
budget.CBraMod.4x.upper_bound,Dreyer2023,75,4.74999999999999,
budget.CBraMod.4x.upper_bound,Dreyer2023,76,7.98333333333333,
budget.CBraMod.4x.upper_bound,Dreyer2023,77,2.8000000000000003,
budget.CBraMod.4x.upper_bound,Dreyer2023,80,4.5166666666666595,
budget.CBraMod.4x.upper_bound,Dreyer2023,81,3.8166666666666598,
budget.CBraMod.4x.upper_bound,Dreyer2023,82,10.46666666666666,
budget.CBraMod.4x.upper_bound,Dreyer2023,83,6.58333333333333,
budget.CBraMod.4x.upper_bound,Dreyer2023,84,7.29999999999999,
budget.CBraMod.4x.upper_bound,Dreyer2023,85,5.44999999999999,
budget.CBraMod.4x.upper_bound,Dreyer2023,86,1.5,
budget.CBraMod.4x.upper_bound,Dreyer2023,87,1.41666666666666,
budget.CBraMod.4x.upper_bound,PhysionetMI,1,-2.1590909090909003,
budget.CBraMod.4x.upper_bound,PhysionetMI,2,6.3461538461538405,
budget.CBraMod.4x.upper_bound,PhysionetMI,3,3.70454545454545,
budget.CBraMod.4x.upper_bound,PhysionetMI,4,2.7727272727272703,
budget.CBraMod.4x.upper_bound,PhysionetMI,5,-2.69696969696969,
budget.CBraMod.4x.upper_bound,PhysionetMI,6,7.39393939393939,
budget.CBraMod.4x.upper_bound,PhysionetMI,7,-2.21212121212121,
budget.CBraMod.4x.upper_bound,PhysionetMI,8,0.8484848484848401,
budget.CBraMod.4x.upper_bound,PhysionetMI,9,5.61538461538462,
budget.CBraMod.4x.upper_bound,PhysionetMI,10,3.9692307692307605,
budget.CBraMod.4x.upper_bound,PhysionetMI,11,-7.90151515151515,
budget.CBraMod.4x.upper_bound,PhysionetMI,12,1.42424242424242,
budget.CBraMod.4x.upper_bound,PhysionetMI,13,6.43181818181817,
budget.CBraMod.4x.upper_bound,PhysionetMI,14,6.454545454545441,
budget.CBraMod.4x.upper_bound,PhysionetMI,15,4.16923076923076,
budget.CBraMod.4x.upper_bound,PhysionetMI,16,-1.36363636363636,
budget.CBraMod.4x.upper_bound,PhysionetMI,17,4.09090909090908,
budget.CBraMod.4x.upper_bound,PhysionetMI,18,1.49242424242423,
budget.CBraMod.4x.upper_bound,PhysionetMI,19,-1.15151515151515,
budget.CBraMod.4x.upper_bound,PhysionetMI,20,6.62878787878787,
budget.CBraMod.4x.upper_bound,PhysionetMI,21,5.28787878787878,
budget.CBraMod.4x.upper_bound,PhysionetMI,22,4.62878787878787,
budget.CBraMod.4x.upper_bound,PhysionetMI,23,-1.16923076923076,
budget.CBraMod.4x.upper_bound,PhysionetMI,24,7.45454545454545,
budget.CBraMod.4x.upper_bound,PhysionetMI,25,-4.32575757575757,
budget.CBraMod.4x.upper_bound,PhysionetMI,26,-2.72307692307691,
budget.CBraMod.4x.upper_bound,PhysionetMI,27,0.0530303030303,
budget.CBraMod.4x.upper_bound,PhysionetMI,28,-0.84090909090909,
budget.CBraMod.4x.upper_bound,PhysionetMI,29,6.37878787878787,
budget.CBraMod.4x.upper_bound,PhysionetMI,30,4.74999999999999,
budget.CBraMod.4x.upper_bound,PhysionetMI,31,0.56060606060606,
budget.CBraMod.4x.upper_bound,PhysionetMI,32,1.06923076923076,
budget.CBraMod.4x.upper_bound,PhysionetMI,33,-0.62878787878787,
budget.CBraMod.4x.upper_bound,PhysionetMI,34,7.19230769230768,
budget.CBraMod.4x.upper_bound,PhysionetMI,35,5.98484848484848,
budget.CBraMod.4x.upper_bound,PhysionetMI,36,0.8409090909090801,
budget.CBraMod.4x.upper_bound,PhysionetMI,37,8.84090909090908,
budget.CBraMod.4x.upper_bound,PhysionetMI,38,-2.8636363636363598,
budget.CBraMod.4x.upper_bound,PhysionetMI,39,2.1893939393939297,
budget.CBraMod.4x.upper_bound,PhysionetMI,40,0.6363636363636299,
budget.CBraMod.4x.upper_bound,PhysionetMI,41,-6.669230769230761,
budget.CBraMod.4x.upper_bound,PhysionetMI,42,0.56060606060605,
budget.CBraMod.4x.upper_bound,PhysionetMI,43,3.37121212121212,
budget.CBraMod.4x.upper_bound,PhysionetMI,44,-2.87878787878787,
budget.CBraMod.4x.upper_bound,PhysionetMI,45,3.92424242424241,
budget.CBraMod.4x.upper_bound,PhysionetMI,46,-2.83333333333333,
budget.CBraMod.4x.upper_bound,PhysionetMI,47,3.0909090909090797,
budget.CBraMod.4x.upper_bound,PhysionetMI,48,-1.49242424242423,
budget.CBraMod.4x.upper_bound,PhysionetMI,49,0.6590909090909,
budget.CBraMod.4x.upper_bound,PhysionetMI,50,13.280303030303031,
budget.CBraMod.4x.upper_bound,PhysionetMI,51,5.7272727272727195,
budget.CBraMod.4x.upper_bound,PhysionetMI,52,-2.37692307692308,
budget.CBraMod.4x.upper_bound,PhysionetMI,53,4.8030303030303,
budget.CBraMod.4x.upper_bound,PhysionetMI,54,3.37121212121212,
budget.CBraMod.4x.upper_bound,PhysionetMI,55,6.57575757575756,
budget.CBraMod.4x.upper_bound,PhysionetMI,56,4.1969696969697,
budget.CBraMod.4x.upper_bound,PhysionetMI,57,1.45454545454544,
budget.CBraMod.4x.upper_bound,PhysionetMI,58,3.79230769230769,
budget.CBraMod.4x.upper_bound,PhysionetMI,59,3.4090909090909,
budget.CBraMod.4x.upper_bound,PhysionetMI,60,5.069230769230771,
budget.CBraMod.4x.upper_bound,PhysionetMI,61,0.69696969696968,
budget.CBraMod.4x.upper_bound,PhysionetMI,62,1.02272727272727,
budget.CBraMod.4x.upper_bound,PhysionetMI,63,2.77272727272726,
budget.CBraMod.4x.upper_bound,PhysionetMI,64,-0.44696969696968997,
budget.CBraMod.4x.upper_bound,PhysionetMI,65,2.18181818181818,
budget.CBraMod.4x.upper_bound,PhysionetMI,66,-1.86363636363636,
budget.CBraMod.4x.upper_bound,PhysionetMI,67,6.53787878787878,
budget.CBraMod.4x.upper_bound,PhysionetMI,68,-1.87121212121212,
budget.CBraMod.4x.upper_bound,PhysionetMI,69,1.2076923076923,
budget.CBraMod.4x.upper_bound,PhysionetMI,70,-1.9015151515151498,
budget.CBraMod.4x.upper_bound,PhysionetMI,71,4.72727272727272,
budget.CBraMod.4x.upper_bound,PhysionetMI,72,1.71969696969696,
budget.CBraMod.4x.upper_bound,PhysionetMI,73,7.19696969696969,
budget.CBraMod.4x.upper_bound,PhysionetMI,74,-0.5,
budget.CBraMod.4x.upper_bound,PhysionetMI,75,1.83333333333333,
budget.CBraMod.4x.upper_bound,PhysionetMI,76,-5.07575757575757,
budget.CBraMod.4x.upper_bound,PhysionetMI,77,9.17424242424241,
budget.CBraMod.4x.upper_bound,PhysionetMI,78,-3.88636363636363,
budget.CBraMod.4x.upper_bound,PhysionetMI,79,-1.71969696969697,
budget.CBraMod.4x.upper_bound,PhysionetMI,80,4.31538461538461,
budget.CBraMod.4x.upper_bound,PhysionetMI,81,1.52272727272726,
budget.CBraMod.4x.upper_bound,PhysionetMI,82,5.21969696969696,
budget.CBraMod.4x.upper_bound,PhysionetMI,83,-1.27692307692307,
budget.CBraMod.4x.upper_bound,PhysionetMI,84,4.98484848484847,
budget.CBraMod.4x.upper_bound,PhysionetMI,85,5.82575757575757,
budget.CBraMod.4x.upper_bound,PhysionetMI,86,0.06923076923076,
budget.CBraMod.4x.upper_bound,PhysionetMI,87,1.7424242424242402,
budget.CBraMod.4x.upper_bound,PhysionetMI,90,0.63636363636364,
budget.CBraMod.4x.upper_bound,PhysionetMI,91,2.71212121212121,
budget.CBraMod.4x.upper_bound,PhysionetMI,93,2.98484848484848,
budget.CBraMod.4x.upper_bound,PhysionetMI,94,2.4621212121212,
budget.CBraMod.4x.upper_bound,PhysionetMI,95,3.2538461538461503,
budget.CBraMod.4x.upper_bound,PhysionetMI,96,0.8257575757575699,
budget.CBraMod.4x.upper_bound,PhysionetMI,97,3.3181818181818,
budget.CBraMod.4x.upper_bound,PhysionetMI,98,0.57575757575756,
budget.CBraMod.4x.upper_bound,PhysionetMI,99,-6.47727272727272,
budget.CBraMod.4x.upper_bound,PhysionetMI,101,8.26153846153845,
budget.CBraMod.4x.upper_bound,PhysionetMI,102,12.598484848484839,
budget.CBraMod.4x.upper_bound,PhysionetMI,103,-1.84848484848484,
budget.CBraMod.4x.upper_bound,PhysionetMI,105,1.12878787878787,
budget.CBraMod.4x.upper_bound,PhysionetMI,107,2.06818181818181,
budget.CBraMod.4x.upper_bound,PhysionetMI,108,1.28787878787878,
budget.CBraMod.4x.upper_bound,PhysionetMI,109,-3.32575757575757,
budget.CBraMod.4x.G_BA,Cho2017,1,63.800000000000004,
budget.CBraMod.4x.G_BA,Cho2017,2,52.2,
budget.CBraMod.4x.G_BA,Cho2017,3,81.0,
budget.CBraMod.4x.G_BA,Cho2017,4,67.4,
budget.CBraMod.4x.G_BA,Cho2017,5,99.6,
budget.CBraMod.4x.G_BA,Cho2017,6,78.2,
budget.CBraMod.4x.G_BA,Cho2017,7,55.49999999999999,
budget.CBraMod.4x.G_BA,Cho2017,8,57.99999999999999,
budget.CBraMod.4x.G_BA,Cho2017,9,58.5,
budget.CBraMod.4x.G_BA,Cho2017,10,60.4,
budget.CBraMod.4x.G_BA,Cho2017,11,63.6,
budget.CBraMod.4x.G_BA,Cho2017,12,56.2,
budget.CBraMod.4x.G_BA,Cho2017,13,91.4,
budget.CBraMod.4x.G_BA,Cho2017,14,83.39999999999999,
budget.CBraMod.4x.G_BA,Cho2017,15,58.20000000000001,
budget.CBraMod.4x.G_BA,Cho2017,16,63.4,
budget.CBraMod.4x.G_BA,Cho2017,17,59.4,
budget.CBraMod.4x.G_BA,Cho2017,18,63.0,
budget.CBraMod.4x.G_BA,Cho2017,19,52.6,
budget.CBraMod.4x.G_BA,Cho2017,20,59.199999999999996,
budget.CBraMod.4x.G_BA,Cho2017,21,60.199999999999996,
budget.CBraMod.4x.G_BA,Cho2017,22,65.99999999999999,
budget.CBraMod.4x.G_BA,Cho2017,23,65.6,
budget.CBraMod.4x.G_BA,Cho2017,24,58.8,
budget.CBraMod.4x.G_BA,Cho2017,25,61.6,
budget.CBraMod.4x.G_BA,Cho2017,26,98.8,
budget.CBraMod.4x.G_BA,Cho2017,27,58.4,
budget.CBraMod.4x.G_BA,Cho2017,28,65.4,
budget.CBraMod.4x.G_BA,Cho2017,29,51.800000000000004,
budget.CBraMod.4x.G_BA,Cho2017,30,69.0,
budget.CBraMod.4x.G_BA,Cho2017,31,57.800000000000004,
budget.CBraMod.4x.G_BA,Cho2017,32,59.199999999999996,
budget.CBraMod.4x.G_BA,Cho2017,33,58.80000000000001,
budget.CBraMod.4x.G_BA,Cho2017,34,55.199999999999996,
budget.CBraMod.4x.G_BA,Cho2017,35,47.599999999999994,
budget.CBraMod.4x.G_BA,Cho2017,36,59.60000000000001,
budget.CBraMod.4x.G_BA,Cho2017,37,86.6,
budget.CBraMod.4x.G_BA,Cho2017,38,60.4,
budget.CBraMod.4x.G_BA,Cho2017,39,54.2,
budget.CBraMod.4x.G_BA,Cho2017,40,51.2,
budget.CBraMod.4x.G_BA,Cho2017,41,67.4,
budget.CBraMod.4x.G_BA,Cho2017,42,57.199999999999996,
budget.CBraMod.4x.G_BA,Cho2017,43,100.0,
budget.CBraMod.4x.G_BA,Cho2017,44,92.4,
budget.CBraMod.4x.G_BA,Cho2017,45,51.2,
budget.CBraMod.4x.G_BA,Cho2017,46,60.5,
budget.CBraMod.4x.G_BA,Cho2017,47,84.00000000000001,
budget.CBraMod.4x.G_BA,Cho2017,48,71.0,
budget.CBraMod.4x.G_BA,Cho2017,49,100.0,
budget.CBraMod.4x.G_BA,Cho2017,50,92.80000000000001,
budget.CBraMod.4x.G_BA,Cho2017,51,61.0,
budget.CBraMod.4x.G_BA,Cho2017,52,63.0,
budget.CBraMod.4x.G_BA,Dreyer2023,1,91.83333333333333,
budget.CBraMod.4x.G_BA,Dreyer2023,2,67.33333333333333,
budget.CBraMod.4x.G_BA,Dreyer2023,3,85.33333333333333,
budget.CBraMod.4x.G_BA,Dreyer2023,5,94.16666666666667,
budget.CBraMod.4x.G_BA,Dreyer2023,6,80.0,
budget.CBraMod.4x.G_BA,Dreyer2023,7,98.33333333333334,
budget.CBraMod.4x.G_BA,Dreyer2023,8,87.83333333333333,
budget.CBraMod.4x.G_BA,Dreyer2023,10,95.33333333333334,
budget.CBraMod.4x.G_BA,Dreyer2023,11,63.0,
budget.CBraMod.4x.G_BA,Dreyer2023,12,92.83333333333333,
budget.CBraMod.4x.G_BA,Dreyer2023,13,77.33333333333333,
budget.CBraMod.4x.G_BA,Dreyer2023,14,70.16666666666667,
budget.CBraMod.4x.G_BA,Dreyer2023,15,94.16666666666667,
budget.CBraMod.4x.G_BA,Dreyer2023,16,82.33333333333334,
budget.CBraMod.4x.G_BA,Dreyer2023,18,91.66666666666666,
budget.CBraMod.4x.G_BA,Dreyer2023,19,92.0,
budget.CBraMod.4x.G_BA,Dreyer2023,20,94.33333333333334,
budget.CBraMod.4x.G_BA,Dreyer2023,21,90.16666666666666,
budget.CBraMod.4x.G_BA,Dreyer2023,22,90.16666666666666,
budget.CBraMod.4x.G_BA,Dreyer2023,23,77.0,
budget.CBraMod.4x.G_BA,Dreyer2023,24,96.16666666666667,
budget.CBraMod.4x.G_BA,Dreyer2023,25,72.83333333333333,
budget.CBraMod.4x.G_BA,Dreyer2023,26,83.83333333333333,
budget.CBraMod.4x.G_BA,Dreyer2023,27,80.5,
budget.CBraMod.4x.G_BA,Dreyer2023,28,80.33333333333333,
budget.CBraMod.4x.G_BA,Dreyer2023,30,73.66666666666667,
budget.CBraMod.4x.G_BA,Dreyer2023,31,92.5,
budget.CBraMod.4x.G_BA,Dreyer2023,32,85.16666666666669,
budget.CBraMod.4x.G_BA,Dreyer2023,33,80.66666666666666,
budget.CBraMod.4x.G_BA,Dreyer2023,34,83.66666666666667,
budget.CBraMod.4x.G_BA,Dreyer2023,35,79.66666666666666,
budget.CBraMod.4x.G_BA,Dreyer2023,36,84.83333333333334,
budget.CBraMod.4x.G_BA,Dreyer2023,37,72.5,
budget.CBraMod.4x.G_BA,Dreyer2023,38,86.83333333333334,
budget.CBraMod.4x.G_BA,Dreyer2023,39,94.0,
budget.CBraMod.4x.G_BA,Dreyer2023,40,87.93103448275863,
budget.CBraMod.4x.G_BA,Dreyer2023,42,78.83333333333333,
budget.CBraMod.4x.G_BA,Dreyer2023,43,92.83333333333333,
budget.CBraMod.4x.G_BA,Dreyer2023,44,66.16666666666667,
budget.CBraMod.4x.G_BA,Dreyer2023,45,78.66666666666666,
budget.CBraMod.4x.G_BA,Dreyer2023,46,76.83333333333333,
budget.CBraMod.4x.G_BA,Dreyer2023,47,89.66666666666667,
budget.CBraMod.4x.G_BA,Dreyer2023,48,65.0,
budget.CBraMod.4x.G_BA,Dreyer2023,49,81.66666666666667,
budget.CBraMod.4x.G_BA,Dreyer2023,50,66.5,
budget.CBraMod.4x.G_BA,Dreyer2023,51,77.16666666666667,
budget.CBraMod.4x.G_BA,Dreyer2023,52,80.83333333333333,
budget.CBraMod.4x.G_BA,Dreyer2023,53,84.33333333333334,
budget.CBraMod.4x.G_BA,Dreyer2023,54,73.16666666666667,
budget.CBraMod.4x.G_BA,Dreyer2023,55,92.66666666666667,
budget.CBraMod.4x.G_BA,Dreyer2023,56,93.0,
budget.CBraMod.4x.G_BA,Dreyer2023,57,67.0,
budget.CBraMod.4x.G_BA,Dreyer2023,58,96.33333333333331,
budget.CBraMod.4x.G_BA,Dreyer2023,59,78.49999999999999,
budget.CBraMod.4x.G_BA,Dreyer2023,60,86.83333333333334,
budget.CBraMod.4x.G_BA,Dreyer2023,61,88.33333333333331,
budget.CBraMod.4x.G_BA,Dreyer2023,62,77.33333333333333,
budget.CBraMod.4x.G_BA,Dreyer2023,63,84.00000000000001,
budget.CBraMod.4x.G_BA,Dreyer2023,64,77.16666666666666,
budget.CBraMod.4x.G_BA,Dreyer2023,65,81.83333333333334,
budget.CBraMod.4x.G_BA,Dreyer2023,66,74.0,
budget.CBraMod.4x.G_BA,Dreyer2023,67,81.33333333333333,
budget.CBraMod.4x.G_BA,Dreyer2023,68,73.83333333333333,
budget.CBraMod.4x.G_BA,Dreyer2023,69,85.50000000000001,
budget.CBraMod.4x.G_BA,Dreyer2023,70,73.33333333333333,
budget.CBraMod.4x.G_BA,Dreyer2023,71,85.33333333333333,
budget.CBraMod.4x.G_BA,Dreyer2023,72,84.5,
budget.CBraMod.4x.G_BA,Dreyer2023,73,81.0,
budget.CBraMod.4x.G_BA,Dreyer2023,74,76.5,
budget.CBraMod.4x.G_BA,Dreyer2023,75,79.33333333333333,
budget.CBraMod.4x.G_BA,Dreyer2023,76,85.83333333333334,
budget.CBraMod.4x.G_BA,Dreyer2023,77,84.5,
budget.CBraMod.4x.G_BA,Dreyer2023,80,77.83333333333333,
budget.CBraMod.4x.G_BA,Dreyer2023,81,87.16666666666667,
budget.CBraMod.4x.G_BA,Dreyer2023,82,79.33333333333333,
budget.CBraMod.4x.G_BA,Dreyer2023,83,68.0,
budget.CBraMod.4x.G_BA,Dreyer2023,84,83.33333333333334,
budget.CBraMod.4x.G_BA,Dreyer2023,85,74.0,
budget.CBraMod.4x.G_BA,Dreyer2023,86,82.16666666666667,
budget.CBraMod.4x.G_BA,Dreyer2023,87,74.83333333333333,
budget.CBraMod.4x.G_BA,PhysionetMI,1,80.30303030303031,
budget.CBraMod.4x.G_BA,PhysionetMI,2,87.92307692307692,
budget.CBraMod.4x.G_BA,PhysionetMI,3,97.34848484848484,
budget.CBraMod.4x.G_BA,PhysionetMI,4,93.63636363636364,
budget.CBraMod.4x.G_BA,PhysionetMI,5,70.68181818181817,
budget.CBraMod.4x.G_BA,PhysionetMI,6,88.18181818181819,
budget.CBraMod.4x.G_BA,PhysionetMI,7,99.16666666666666,
budget.CBraMod.4x.G_BA,PhysionetMI,8,83.10606060606061,
budget.CBraMod.4x.G_BA,PhysionetMI,9,87.76923076923077,
budget.CBraMod.4x.G_BA,PhysionetMI,10,72.84615384615385,
budget.CBraMod.4x.G_BA,PhysionetMI,11,76.2878787878788,
budget.CBraMod.4x.G_BA,PhysionetMI,12,82.87878787878788,
budget.CBraMod.4x.G_BA,PhysionetMI,13,72.34848484848484,
budget.CBraMod.4x.G_BA,PhysionetMI,14,86.66666666666666,
budget.CBraMod.4x.G_BA,PhysionetMI,15,93.84615384615384,
budget.CBraMod.4x.G_BA,PhysionetMI,16,70.60606060606061,
budget.CBraMod.4x.G_BA,PhysionetMI,17,77.65151515151516,
budget.CBraMod.4x.G_BA,PhysionetMI,18,100.0,
budget.CBraMod.4x.G_BA,PhysionetMI,19,86.74242424242425,
budget.CBraMod.4x.G_BA,PhysionetMI,20,91.89393939393939,
budget.CBraMod.4x.G_BA,PhysionetMI,21,77.87878787878788,
budget.CBraMod.4x.G_BA,PhysionetMI,22,95.45454545454548,
budget.CBraMod.4x.G_BA,PhysionetMI,23,78.69230769230768,
budget.CBraMod.4x.G_BA,PhysionetMI,24,76.43939393939394,
budget.CBraMod.4x.G_BA,PhysionetMI,25,54.92424242424242,
budget.CBraMod.4x.G_BA,PhysionetMI,26,62.30769230769231,
budget.CBraMod.4x.G_BA,PhysionetMI,27,86.89393939393939,
budget.CBraMod.4x.G_BA,PhysionetMI,28,83.40909090909092,
budget.CBraMod.4x.G_BA,PhysionetMI,29,76.36363636363637,
budget.CBraMod.4x.G_BA,PhysionetMI,30,85.75757575757576,
budget.CBraMod.4x.G_BA,PhysionetMI,31,71.28787878787878,
budget.CBraMod.4x.G_BA,PhysionetMI,32,95.23076923076924,
budget.CBraMod.4x.G_BA,PhysionetMI,33,91.36363636363636,
budget.CBraMod.4x.G_BA,PhysionetMI,34,85.6923076923077,
budget.CBraMod.4x.G_BA,PhysionetMI,35,80.60606060606061,
budget.CBraMod.4x.G_BA,PhysionetMI,36,88.56060606060605,
budget.CBraMod.4x.G_BA,PhysionetMI,37,66.36363636363637,
budget.CBraMod.4x.G_BA,PhysionetMI,38,51.89393939393939,
budget.CBraMod.4x.G_BA,PhysionetMI,39,70.07575757575758,
budget.CBraMod.4x.G_BA,PhysionetMI,40,96.43939393939395,
budget.CBraMod.4x.G_BA,PhysionetMI,41,98.46153846153848,
budget.CBraMod.4x.G_BA,PhysionetMI,42,80.83333333333333,
budget.CBraMod.4x.G_BA,PhysionetMI,43,87.19696969696969,
budget.CBraMod.4x.G_BA,PhysionetMI,44,87.95454545454547,
budget.CBraMod.4x.G_BA,PhysionetMI,45,82.34848484848484,
budget.CBraMod.4x.G_BA,PhysionetMI,46,78.48484848484848,
budget.CBraMod.4x.G_BA,PhysionetMI,47,74.77272727272728,
budget.CBraMod.4x.G_BA,PhysionetMI,48,99.0909090909091,
budget.CBraMod.4x.G_BA,PhysionetMI,49,75.30303030303031,
budget.CBraMod.4x.G_BA,PhysionetMI,50,72.5,
budget.CBraMod.4x.G_BA,PhysionetMI,51,81.13636363636363,
budget.CBraMod.4x.G_BA,PhysionetMI,52,89.38461538461539,
budget.CBraMod.4x.G_BA,PhysionetMI,53,88.33333333333334,
budget.CBraMod.4x.G_BA,PhysionetMI,54,89.0909090909091,
budget.CBraMod.4x.G_BA,PhysionetMI,55,83.63636363636363,
budget.CBraMod.4x.G_BA,PhysionetMI,56,80.90909090909092,
budget.CBraMod.4x.G_BA,PhysionetMI,57,94.9242424242424,
budget.CBraMod.4x.G_BA,PhysionetMI,58,82.6923076923077,
budget.CBraMod.4x.G_BA,PhysionetMI,59,62.95454545454545,
budget.CBraMod.4x.G_BA,PhysionetMI,60,86.53846153846153,
budget.CBraMod.4x.G_BA,PhysionetMI,61,95.45454545454548,
budget.CBraMod.4x.G_BA,PhysionetMI,62,93.33333333333333,
budget.CBraMod.4x.G_BA,PhysionetMI,63,75.37878787878788,
budget.CBraMod.4x.G_BA,PhysionetMI,64,78.86363636363637,
budget.CBraMod.4x.G_BA,PhysionetMI,65,90.00000000000001,
budget.CBraMod.4x.G_BA,PhysionetMI,66,74.31818181818181,
budget.CBraMod.4x.G_BA,PhysionetMI,67,74.0909090909091,
budget.CBraMod.4x.G_BA,PhysionetMI,68,71.74242424242425,
budget.CBraMod.4x.G_BA,PhysionetMI,69,81.38461538461537,
budget.CBraMod.4x.G_BA,PhysionetMI,70,95.68181818181816,
budget.CBraMod.4x.G_BA,PhysionetMI,71,90.6060606060606,
budget.CBraMod.4x.G_BA,PhysionetMI,72,99.0909090909091,
budget.CBraMod.4x.G_BA,PhysionetMI,73,81.13636363636363,
budget.CBraMod.4x.G_BA,PhysionetMI,74,74.0909090909091,
budget.CBraMod.4x.G_BA,PhysionetMI,75,69.46969696969697,
budget.CBraMod.4x.G_BA,PhysionetMI,76,57.878787878787875,
budget.CBraMod.4x.G_BA,PhysionetMI,77,59.31818181818181,
budget.CBraMod.4x.G_BA,PhysionetMI,78,52.121212121212125,
budget.CBraMod.4x.G_BA,PhysionetMI,79,76.06060606060606,
budget.CBraMod.4x.G_BA,PhysionetMI,80,81.23076923076923,
budget.CBraMod.4x.G_BA,PhysionetMI,81,88.93939393939394,
budget.CBraMod.4x.G_BA,PhysionetMI,82,83.71212121212122,
budget.CBraMod.4x.G_BA,PhysionetMI,83,76.92307692307693,
budget.CBraMod.4x.G_BA,PhysionetMI,84,82.04545454545453,
budget.CBraMod.4x.G_BA,PhysionetMI,85,86.96969696969697,
budget.CBraMod.4x.G_BA,PhysionetMI,86,99.23076923076924,
budget.CBraMod.4x.G_BA,PhysionetMI,87,66.43939393939394,
budget.CBraMod.4x.G_BA,PhysionetMI,90,88.40909090909092,
budget.CBraMod.4x.G_BA,PhysionetMI,91,91.66666666666666,
budget.CBraMod.4x.G_BA,PhysionetMI,93,78.78787878787878,
budget.CBraMod.4x.G_BA,PhysionetMI,94,78.56060606060606,
budget.CBraMod.4x.G_BA,PhysionetMI,95,68.23076923076923,
budget.CBraMod.4x.G_BA,PhysionetMI,96,86.66666666666666,
budget.CBraMod.4x.G_BA,PhysionetMI,97,82.34848484848484,
budget.CBraMod.4x.G_BA,PhysionetMI,98,48.78787878787879,
budget.CBraMod.4x.G_BA,PhysionetMI,99,65.83333333333334,
budget.CBraMod.4x.G_BA,PhysionetMI,101,86.0,
budget.CBraMod.4x.G_BA,PhysionetMI,102,71.66666666666667,
budget.CBraMod.4x.G_BA,PhysionetMI,103,86.5909090909091,
budget.CBraMod.4x.G_BA,PhysionetMI,105,93.25757575757574,
budget.CBraMod.4x.G_BA,PhysionetMI,107,55.68181818181819,
budget.CBraMod.4x.G_BA,PhysionetMI,108,83.78787878787878,
budget.CBraMod.4x.G_BA,PhysionetMI,109,67.42424242424242,
budget.CBraMod.4x_minus_1x,Cho2017,1,6.399999999999991,7.79999999999999
budget.CBraMod.4x_minus_1x,Cho2017,2,0.6,-3.2
budget.CBraMod.4x_minus_1x,Cho2017,3,8.19999999999998,20.8
budget.CBraMod.4x_minus_1x,Cho2017,4,8.99999999999999,6.399999999999991
budget.CBraMod.4x_minus_1x,Cho2017,5,-0.4,-0.6
budget.CBraMod.4x_minus_1x,Cho2017,6,2.4,2.0
budget.CBraMod.4x_minus_1x,Cho2017,7,1.33333333333333,1.0
budget.CBraMod.4x_minus_1x,Cho2017,8,0.7999999999999899,-0.99999999999999
budget.CBraMod.4x_minus_1x,Cho2017,9,1.66666666666666,4.5
budget.CBraMod.4x_minus_1x,Cho2017,10,6.399999999999991,5.19999999999999
budget.CBraMod.4x_minus_1x,Cho2017,11,1.7999999999999998,-2.1999999999999997
budget.CBraMod.4x_minus_1x,Cho2017,12,15.599999999999989,17.59999999999999
budget.CBraMod.4x_minus_1x,Cho2017,13,5.99999999999999,14.19999999999999
budget.CBraMod.4x_minus_1x,Cho2017,14,4.99999999999999,18.4
budget.CBraMod.4x_minus_1x,Cho2017,15,9.19999999999998,13.99999999999999
budget.CBraMod.4x_minus_1x,Cho2017,16,1.0,0.8
budget.CBraMod.4x_minus_1x,Cho2017,17,4.99999999999999,0.7999999999999899
budget.CBraMod.4x_minus_1x,Cho2017,18,3.79999999999999,3.59999999999999
budget.CBraMod.4x_minus_1x,Cho2017,19,1.4000000000000001,1.5999999999999899
budget.CBraMod.4x_minus_1x,Cho2017,20,7.59999999999999,7.59999999999999
budget.CBraMod.4x_minus_1x,Cho2017,21,0.8,7.79999999999999
budget.CBraMod.4x_minus_1x,Cho2017,22,-0.19999999999999,4.79999999999999
budget.CBraMod.4x_minus_1x,Cho2017,23,4.99999999999999,3.79999999999999
budget.CBraMod.4x_minus_1x,Cho2017,24,-0.2,7.99999999999999
budget.CBraMod.4x_minus_1x,Cho2017,25,-0.2,2.4
budget.CBraMod.4x_minus_1x,Cho2017,26,0.8,0.6
budget.CBraMod.4x_minus_1x,Cho2017,27,1.6,-3.99999999999999
budget.CBraMod.4x_minus_1x,Cho2017,28,25.399999999999988,25.19999999999999
budget.CBraMod.4x_minus_1x,Cho2017,29,2.8000000000000003,4.79999999999999
budget.CBraMod.4x_minus_1x,Cho2017,30,7.99999999999999,2.4
budget.CBraMod.4x_minus_1x,Cho2017,31,8.39999999999999,5.99999999999999
budget.CBraMod.4x_minus_1x,Cho2017,32,3.1999999999999895,1.2
budget.CBraMod.4x_minus_1x,Cho2017,33,-5.399999999999991,-5.59999999999999
budget.CBraMod.4x_minus_1x,Cho2017,34,1.6,-0.59999999999999
budget.CBraMod.4x_minus_1x,Cho2017,35,39.800000000000004,41.4
budget.CBraMod.4x_minus_1x,Cho2017,36,-2.1999999999999997,1.99999999999999
budget.CBraMod.4x_minus_1x,Cho2017,37,-0.59999999999999,0.0
budget.CBraMod.4x_minus_1x,Cho2017,38,2.79999999999999,-0.7999999999999899
budget.CBraMod.4x_minus_1x,Cho2017,39,2.8000000000000003,4.79999999999999
budget.CBraMod.4x_minus_1x,Cho2017,40,1.0,2.6
budget.CBraMod.4x_minus_1x,Cho2017,41,11.39999999999999,7.79999999999999
budget.CBraMod.4x_minus_1x,Cho2017,42,-4.1999999999999895,-4.2
budget.CBraMod.4x_minus_1x,Cho2017,43,0.0,0.0
budget.CBraMod.4x_minus_1x,Cho2017,44,2.5999999999999903,3.0
budget.CBraMod.4x_minus_1x,Cho2017,45,4.99999999999999,0.39999999999999003
budget.CBraMod.4x_minus_1x,Cho2017,46,9.499999999999991,11.83333333333332
budget.CBraMod.4x_minus_1x,Cho2017,47,0.59999999999999,5.399999999999991
budget.CBraMod.4x_minus_1x,Cho2017,48,-3.59999999999999,3.59999999999999
budget.CBraMod.4x_minus_1x,Cho2017,49,0.0,0.0
budget.CBraMod.4x_minus_1x,Cho2017,50,7.1999999999999895,3.99999999999999
budget.CBraMod.4x_minus_1x,Cho2017,51,-0.99999999999999,3.3999999999999897
budget.CBraMod.4x_minus_1x,Cho2017,52,5.79999999999999,5.399999999999991
budget.CBraMod.4x_minus_1x,Dreyer2023,1,-0.5,3.49999999999999
budget.CBraMod.4x_minus_1x,Dreyer2023,2,5.33333333333333,3.16666666666666
budget.CBraMod.4x_minus_1x,Dreyer2023,3,1.5,-1.66666666666666
budget.CBraMod.4x_minus_1x,Dreyer2023,5,0.6666666666666601,0.33333333333332
budget.CBraMod.4x_minus_1x,Dreyer2023,6,3.16666666666666,3.33333333333333
budget.CBraMod.4x_minus_1x,Dreyer2023,7,-3.95516952522712e-15,0.83333333333333
budget.CBraMod.4x_minus_1x,Dreyer2023,8,1.66666666666666,6.16666666666666
budget.CBraMod.4x_minus_1x,Dreyer2023,10,1.83333333333333,-0.16666666666666
budget.CBraMod.4x_minus_1x,Dreyer2023,11,8.49999999999999,10.16666666666666
budget.CBraMod.4x_minus_1x,Dreyer2023,12,2.1666666666666603,3.49999999999999
budget.CBraMod.4x_minus_1x,Dreyer2023,13,-0.6666666666666601,1.83333333333333
budget.CBraMod.4x_minus_1x,Dreyer2023,14,6.999999999999989,5.83333333333333
budget.CBraMod.4x_minus_1x,Dreyer2023,15,1.0,-0.6666666666666601
budget.CBraMod.4x_minus_1x,Dreyer2023,16,6.16666666666666,3.49999999999999
budget.CBraMod.4x_minus_1x,Dreyer2023,18,2.3333333333333197,2.66666666666666
budget.CBraMod.4x_minus_1x,Dreyer2023,19,3.33333333333333,4.99999999999999
budget.CBraMod.4x_minus_1x,Dreyer2023,20,-0.6666666666666601,0.5
budget.CBraMod.4x_minus_1x,Dreyer2023,21,3.16666666666666,1.1666666666666599
budget.CBraMod.4x_minus_1x,Dreyer2023,22,3.49999999999999,1.83333333333333
budget.CBraMod.4x_minus_1x,Dreyer2023,23,5.33333333333333,5.66666666666666
budget.CBraMod.4x_minus_1x,Dreyer2023,24,-2.0122792321330962e-15,0.0
budget.CBraMod.4x_minus_1x,Dreyer2023,25,2.3333333333333197,5.99999999999999
budget.CBraMod.4x_minus_1x,Dreyer2023,26,5.99999999999999,6.66666666666666
budget.CBraMod.4x_minus_1x,Dreyer2023,27,1.33333333333333,2.4999999999999902
budget.CBraMod.4x_minus_1x,Dreyer2023,28,4.0,3.33333333333333
budget.CBraMod.4x_minus_1x,Dreyer2023,30,9.49999999999998,8.99999999999999
budget.CBraMod.4x_minus_1x,Dreyer2023,31,0.16666666666666,1.83333333333333
budget.CBraMod.4x_minus_1x,Dreyer2023,32,6.49999999999999,6.33333333333332
budget.CBraMod.4x_minus_1x,Dreyer2023,33,2.99999999999999,2.0
budget.CBraMod.4x_minus_1x,Dreyer2023,34,0.49999999999999,3.16666666666666
budget.CBraMod.4x_minus_1x,Dreyer2023,35,0.6666666666666601,2.66666666666667
budget.CBraMod.4x_minus_1x,Dreyer2023,36,-0.33333333333333004,0.8333333333333199
budget.CBraMod.4x_minus_1x,Dreyer2023,37,7.16666666666666,2.4999999999999902
budget.CBraMod.4x_minus_1x,Dreyer2023,38,3.16666666666666,5.49999999999999
budget.CBraMod.4x_minus_1x,Dreyer2023,39,0.6666666666666601,3.33333333333333
budget.CBraMod.4x_minus_1x,Dreyer2023,40,0.34482758620688,-0.86206896551724
budget.CBraMod.4x_minus_1x,Dreyer2023,42,6.83333333333333,5.99999999999999
budget.CBraMod.4x_minus_1x,Dreyer2023,43,-1.1666666666666599,1.99999999999999
budget.CBraMod.4x_minus_1x,Dreyer2023,44,2.3333333333333197,1.66666666666666
budget.CBraMod.4x_minus_1x,Dreyer2023,45,3.16666666666666,6.66666666666666
budget.CBraMod.4x_minus_1x,Dreyer2023,46,-4.66666666666666,-1.83333333333333
budget.CBraMod.4x_minus_1x,Dreyer2023,47,3.33333333333333,1.83333333333333
budget.CBraMod.4x_minus_1x,Dreyer2023,48,3.33333333333332,2.1666666666666603
budget.CBraMod.4x_minus_1x,Dreyer2023,49,1.83333333333333,4.8333333333333295
budget.CBraMod.4x_minus_1x,Dreyer2023,50,-1.83333333333333,-2.0
budget.CBraMod.4x_minus_1x,Dreyer2023,51,1.99999999999999,4.16666666666666
budget.CBraMod.4x_minus_1x,Dreyer2023,52,2.33333333333333,1.8333333333333202
budget.CBraMod.4x_minus_1x,Dreyer2023,53,1.33333333333333,4.99999999999999
budget.CBraMod.4x_minus_1x,Dreyer2023,54,8.99999999999999,4.33333333333333
budget.CBraMod.4x_minus_1x,Dreyer2023,55,-0.49999999999999,-1.942890293094024e-15
budget.CBraMod.4x_minus_1x,Dreyer2023,56,3.66666666666666,5.83333333333333
budget.CBraMod.4x_minus_1x,Dreyer2023,57,6.66666666666666,2.3333333333333197
budget.CBraMod.4x_minus_1x,Dreyer2023,58,1.0,2.1666666666666603
budget.CBraMod.4x_minus_1x,Dreyer2023,59,-0.49999999999999,3.24999999999999
budget.CBraMod.4x_minus_1x,Dreyer2023,60,4.66666666666666,4.49999999999999
budget.CBraMod.4x_minus_1x,Dreyer2023,61,2.33333333333333,3.8333333333333197
budget.CBraMod.4x_minus_1x,Dreyer2023,62,4.66666666666666,8.66666666666666
budget.CBraMod.4x_minus_1x,Dreyer2023,63,3.16666666666666,3.66666666666666
budget.CBraMod.4x_minus_1x,Dreyer2023,64,11.66666666666666,9.83333333333332
budget.CBraMod.4x_minus_1x,Dreyer2023,65,5.16666666666666,4.16666666666666
budget.CBraMod.4x_minus_1x,Dreyer2023,66,2.1666666666666603,2.6666666666666496
budget.CBraMod.4x_minus_1x,Dreyer2023,67,1.0,2.1666666666666603
budget.CBraMod.4x_minus_1x,Dreyer2023,68,4.66666666666666,2.66666666666666
budget.CBraMod.4x_minus_1x,Dreyer2023,69,2.16666666666665,3.99999999999999
budget.CBraMod.4x_minus_1x,Dreyer2023,70,3.16666666666666,3.33333333333333
budget.CBraMod.4x_minus_1x,Dreyer2023,71,0.99999999999999,-0.16666666666667
budget.CBraMod.4x_minus_1x,Dreyer2023,72,8.99999999999999,7.49999999999999
budget.CBraMod.4x_minus_1x,Dreyer2023,73,8.33333333333332,13.49999999999999
budget.CBraMod.4x_minus_1x,Dreyer2023,74,2.83333333333333,3.8333333333333304
budget.CBraMod.4x_minus_1x,Dreyer2023,75,1.99999999999999,4.333333333333321
budget.CBraMod.4x_minus_1x,Dreyer2023,76,7.666666666666661,9.16666666666666
budget.CBraMod.4x_minus_1x,Dreyer2023,77,0.33333333333333004,1.0
budget.CBraMod.4x_minus_1x,Dreyer2023,80,1.99999999999999,6.16666666666666
budget.CBraMod.4x_minus_1x,Dreyer2023,81,0.16666666666666,-0.33333333333333004
budget.CBraMod.4x_minus_1x,Dreyer2023,82,10.33333333333332,6.66666666666666
budget.CBraMod.4x_minus_1x,Dreyer2023,83,6.66666666666665,9.33333333333332
budget.CBraMod.4x_minus_1x,Dreyer2023,84,4.99999999999999,3.0
budget.CBraMod.4x_minus_1x,Dreyer2023,85,6.16666666666666,3.16666666666666
budget.CBraMod.4x_minus_1x,Dreyer2023,86,0.5,0.6666666666666601
budget.CBraMod.4x_minus_1x,Dreyer2023,87,2.1666666666666603,7.49999999999999
budget.CBraMod.4x_minus_1x,PhysionetMI,1,-1.13636363636363,-4.3181818181818095
budget.CBraMod.4x_minus_1x,PhysionetMI,2,5.53846153846152,1.99999999999999
budget.CBraMod.4x_minus_1x,PhysionetMI,3,-1.8181818181818101,4.0245584642661925e-15
budget.CBraMod.4x_minus_1x,PhysionetMI,4,-0.68181818181818,1.89393939393938
budget.CBraMod.4x_minus_1x,PhysionetMI,5,-0.75757575757575,-4.6212121212121104
budget.CBraMod.4x_minus_1x,PhysionetMI,6,2.34848484848484,3.1060606060606
budget.CBraMod.4x_minus_1x,PhysionetMI,7,-3.33333333333333,0.15151515151515
budget.CBraMod.4x_minus_1x,PhysionetMI,8,-1.66666666666666,4.46969696969697
budget.CBraMod.4x_minus_1x,PhysionetMI,9,3.84615384615384,4.923076923076921
budget.CBraMod.4x_minus_1x,PhysionetMI,10,2.76923076923076,2.4615384615384603
budget.CBraMod.4x_minus_1x,PhysionetMI,11,-9.69696969696969,-4.39393939393939
budget.CBraMod.4x_minus_1x,PhysionetMI,12,1.8939393939393898,-1.06060606060605
budget.CBraMod.4x_minus_1x,PhysionetMI,13,7.27272727272727,2.27272727272727
budget.CBraMod.4x_minus_1x,PhysionetMI,14,-0.68181818181817,5.22727272727272
budget.CBraMod.4x_minus_1x,PhysionetMI,15,5.38461538461538,6.923076923076909
budget.CBraMod.4x_minus_1x,PhysionetMI,16,-6.59090909090909,-3.7878787878787796
budget.CBraMod.4x_minus_1x,PhysionetMI,17,5.530303030303029,10.83333333333333
budget.CBraMod.4x_minus_1x,PhysionetMI,18,0.0,0.0
budget.CBraMod.4x_minus_1x,PhysionetMI,19,-3.2575757575757502,-5.07575757575757
budget.CBraMod.4x_minus_1x,PhysionetMI,20,2.87878787878787,9.77272727272726
budget.CBraMod.4x_minus_1x,PhysionetMI,21,4.39393939393939,6.21212121212121
budget.CBraMod.4x_minus_1x,PhysionetMI,22,0.9848484848484799,0.0
budget.CBraMod.4x_minus_1x,PhysionetMI,23,-3.07692307692307,0.46153846153844996
budget.CBraMod.4x_minus_1x,PhysionetMI,24,3.63636363636363,-3.4848484848484804
budget.CBraMod.4x_minus_1x,PhysionetMI,25,-5.37878787878787,-4.84848484848484
budget.CBraMod.4x_minus_1x,PhysionetMI,26,-5.84615384615384,-2.4615384615384603
budget.CBraMod.4x_minus_1x,PhysionetMI,27,-1.66666666666666,-1.66666666666666
budget.CBraMod.4x_minus_1x,PhysionetMI,28,-5.07575757575757,3.5606060606060503
budget.CBraMod.4x_minus_1x,PhysionetMI,29,8.33333333333333,13.71212121212121
budget.CBraMod.4x_minus_1x,PhysionetMI,30,6.28787878787878,2.42424242424242
budget.CBraMod.4x_minus_1x,PhysionetMI,31,0.22727272727272002,2.95454545454544
budget.CBraMod.4x_minus_1x,PhysionetMI,32,-0.23076923076923,0.23076923076923
budget.CBraMod.4x_minus_1x,PhysionetMI,33,-0.9090909090909001,0.9848484848484799
budget.CBraMod.4x_minus_1x,PhysionetMI,34,-1.38461538461538,3.9230769230769096
budget.CBraMod.4x_minus_1x,PhysionetMI,35,2.5,0.75757575757575
budget.CBraMod.4x_minus_1x,PhysionetMI,36,-1.66666666666666,3.1060606060606
budget.CBraMod.4x_minus_1x,PhysionetMI,37,8.93939393939394,12.27272727272727
budget.CBraMod.4x_minus_1x,PhysionetMI,38,-7.12121212121212,4.54545454545454
budget.CBraMod.4x_minus_1x,PhysionetMI,39,2.4999999999999902,7.1212121212121104
budget.CBraMod.4x_minus_1x,PhysionetMI,40,0.22727272727272002,-3.4090909090909
budget.CBraMod.4x_minus_1x,PhysionetMI,41,-9.38461538461537,-6.07692307692307
budget.CBraMod.4x_minus_1x,PhysionetMI,42,2.8030303030303,-1.06060606060605
budget.CBraMod.4x_minus_1x,PhysionetMI,43,1.66666666666666,-0.07575757575757
budget.CBraMod.4x_minus_1x,PhysionetMI,44,-2.8030303030303,3.40909090909091
budget.CBraMod.4x_minus_1x,PhysionetMI,45,1.43939393939393,-0.90909090909091
budget.CBraMod.4x_minus_1x,PhysionetMI,46,-4.3181818181818095,-2.34848484848485
budget.CBraMod.4x_minus_1x,PhysionetMI,47,2.27272727272726,0.68181818181818
budget.CBraMod.4x_minus_1x,PhysionetMI,48,-2.72727272727272,0.0
budget.CBraMod.4x_minus_1x,PhysionetMI,49,2.1212121212121198,-0.68181818181818
budget.CBraMod.4x_minus_1x,PhysionetMI,50,14.77272727272727,8.48484848484847
budget.CBraMod.4x_minus_1x,PhysionetMI,51,7.27272727272727,1.59090909090908
budget.CBraMod.4x_minus_1x,PhysionetMI,52,-4.69230769230769,-3.0
budget.CBraMod.4x_minus_1x,PhysionetMI,53,5.37878787878787,7.12121212121212
budget.CBraMod.4x_minus_1x,PhysionetMI,54,3.18181818181818,4.015151515151509
budget.CBraMod.4x_minus_1x,PhysionetMI,55,7.72727272727272,1.66666666666666
budget.CBraMod.4x_minus_1x,PhysionetMI,56,2.57575757575757,0.0
budget.CBraMod.4x_minus_1x,PhysionetMI,57,0.0,0.83333333333333
budget.CBraMod.4x_minus_1x,PhysionetMI,58,3.9230769230769202,7.3076923076922995
budget.CBraMod.4x_minus_1x,PhysionetMI,59,2.8030303030303,13.25757575757575
budget.CBraMod.4x_minus_1x,PhysionetMI,60,5.0769230769230695,-1.07692307692308
budget.CBraMod.4x_minus_1x,PhysionetMI,61,0.0,-0.83333333333333
budget.CBraMod.4x_minus_1x,PhysionetMI,62,-0.07575757575757,0.83333333333333
budget.CBraMod.4x_minus_1x,PhysionetMI,63,2.19696969696969,4.84848484848484
budget.CBraMod.4x_minus_1x,PhysionetMI,64,-1.66666666666666,3.4090909090909
budget.CBraMod.4x_minus_1x,PhysionetMI,65,-0.45454545454545003,-0.3030303030303
budget.CBraMod.4x_minus_1x,PhysionetMI,66,-1.13636363636363,-3.93939393939393
budget.CBraMod.4x_minus_1x,PhysionetMI,67,7.87878787878787,6.51515151515151
budget.CBraMod.4x_minus_1x,PhysionetMI,68,-0.15151515151515,-1.0606060606060599
budget.CBraMod.4x_minus_1x,PhysionetMI,69,2.23076923076923,5.53846153846153
budget.CBraMod.4x_minus_1x,PhysionetMI,70,-2.34848484848484,-1.59090909090909
budget.CBraMod.4x_minus_1x,PhysionetMI,71,0.9090909090909001,5.30303030303029
budget.CBraMod.4x_minus_1x,PhysionetMI,72,0.07575757575757,0.0
budget.CBraMod.4x_minus_1x,PhysionetMI,73,2.4999999999999902,1.13636363636363
budget.CBraMod.4x_minus_1x,PhysionetMI,74,-0.5303030303030299,-1.51515151515151
budget.CBraMod.4x_minus_1x,PhysionetMI,75,2.72727272727272,1.89393939393938
budget.CBraMod.4x_minus_1x,PhysionetMI,76,-3.7121212121212097,-3.03030303030302
budget.CBraMod.4x_minus_1x,PhysionetMI,77,12.8030303030303,2.87878787878788
budget.CBraMod.4x_minus_1x,PhysionetMI,78,-1.7424242424242402,-7.04545454545454
budget.CBraMod.4x_minus_1x,PhysionetMI,79,-2.8030303030303,1.66666666666666
budget.CBraMod.4x_minus_1x,PhysionetMI,80,3.38461538461537,4.53846153846153
budget.CBraMod.4x_minus_1x,PhysionetMI,81,-1.51515151515151,0.9848484848484799
budget.CBraMod.4x_minus_1x,PhysionetMI,82,4.8484848484848495,6.59090909090909
budget.CBraMod.4x_minus_1x,PhysionetMI,83,-4.46153846153846,4.38461538461538
budget.CBraMod.4x_minus_1x,PhysionetMI,84,3.86363636363636,0.07575757575757
budget.CBraMod.4x_minus_1x,PhysionetMI,85,7.12121212121212,9.69696969696968
budget.CBraMod.4x_minus_1x,PhysionetMI,86,-1.0,0.53846153846153
budget.CBraMod.4x_minus_1x,PhysionetMI,87,-3.7878787878787796,-8.48484848484847
budget.CBraMod.4x_minus_1x,PhysionetMI,90,-3.4848484848484804,0.22727272727272002
budget.CBraMod.4x_minus_1x,PhysionetMI,91,-8.33333333333332,-6.590909090909081
budget.CBraMod.4x_minus_1x,PhysionetMI,93,0.37878787878788,5.530303030303029
budget.CBraMod.4x_minus_1x,PhysionetMI,94,2.4999999999999902,6.8181818181818095
budget.CBraMod.4x_minus_1x,PhysionetMI,95,1.15384615384615,-1.84615384615384
budget.CBraMod.4x_minus_1x,PhysionetMI,96,-1.8939393939393898,-2.65151515151515
budget.CBraMod.4x_minus_1x,PhysionetMI,97,3.86363636363636,11.060606060606059
budget.CBraMod.4x_minus_1x,PhysionetMI,98,1.06060606060605,3.5606060606060503
budget.CBraMod.4x_minus_1x,PhysionetMI,99,-7.1969696969697,-3.93939393939394
budget.CBraMod.4x_minus_1x,PhysionetMI,101,8.384615384615369,4.61538461538461
budget.CBraMod.4x_minus_1x,PhysionetMI,102,11.21212121212121,7.42424242424241
budget.CBraMod.4x_minus_1x,PhysionetMI,103,-4.92424242424242,-4.39393939393939
budget.CBraMod.4x_minus_1x,PhysionetMI,105,0.75757575757575,4.24242424242423
budget.CBraMod.4x_minus_1x,PhysionetMI,107,2.42424242424242,-4.92424242424242
budget.CBraMod.4x_minus_1x,PhysionetMI,108,-0.37878787878787,7.5
budget.CBraMod.4x_minus_1x,PhysionetMI,109,-5.07575757575757,-1.8939393939393898
budget.REVE.1x.own_gain,Cho2017,1,5.399999999999991,
budget.REVE.1x.own_gain,Cho2017,2,0.4,
budget.REVE.1x.own_gain,Cho2017,3,9.19999999999999,
budget.REVE.1x.own_gain,Cho2017,4,5.800000000000001,
budget.REVE.1x.own_gain,Cho2017,5,0.2,
budget.REVE.1x.own_gain,Cho2017,6,-0.7999999999999899,
budget.REVE.1x.own_gain,Cho2017,7,2.1666666666666603,
budget.REVE.1x.own_gain,Cho2017,8,3.99999999999999,
budget.REVE.1x.own_gain,Cho2017,9,1.1666666666666599,
budget.REVE.1x.own_gain,Cho2017,10,1.4000000000000001,
budget.REVE.1x.own_gain,Cho2017,11,2.6,
budget.REVE.1x.own_gain,Cho2017,12,12.99999999999999,
budget.REVE.1x.own_gain,Cho2017,13,2.4,
budget.REVE.1x.own_gain,Cho2017,14,4.39999999999999,
budget.REVE.1x.own_gain,Cho2017,15,4.39999999999999,
budget.REVE.1x.own_gain,Cho2017,16,-0.19999999999999,
budget.REVE.1x.own_gain,Cho2017,17,5.59999999999999,
budget.REVE.1x.own_gain,Cho2017,18,2.79999999999999,
budget.REVE.1x.own_gain,Cho2017,19,2.8000000000000003,
budget.REVE.1x.own_gain,Cho2017,20,4.99999999999999,
budget.REVE.1x.own_gain,Cho2017,21,3.1999999999999895,
budget.REVE.1x.own_gain,Cho2017,22,3.79999999999999,
budget.REVE.1x.own_gain,Cho2017,23,2.99999999999999,
budget.REVE.1x.own_gain,Cho2017,24,5.79999999999999,
budget.REVE.1x.own_gain,Cho2017,25,2.6,
budget.REVE.1x.own_gain,Cho2017,26,-0.2,
budget.REVE.1x.own_gain,Cho2017,27,1.19999999999999,
budget.REVE.1x.own_gain,Cho2017,28,21.99999999999999,
budget.REVE.1x.own_gain,Cho2017,29,6.999999999999989,
budget.REVE.1x.own_gain,Cho2017,30,6.2,
budget.REVE.1x.own_gain,Cho2017,31,3.3999999999999897,
budget.REVE.1x.own_gain,Cho2017,32,-0.99999999999999,
budget.REVE.1x.own_gain,Cho2017,33,-0.7999999999999899,
budget.REVE.1x.own_gain,Cho2017,34,-1.19999999999999,
budget.REVE.1x.own_gain,Cho2017,35,19.79999999999999,
budget.REVE.1x.own_gain,Cho2017,36,3.3999999999999897,
budget.REVE.1x.own_gain,Cho2017,37,1.0,
budget.REVE.1x.own_gain,Cho2017,38,1.2,
budget.REVE.1x.own_gain,Cho2017,39,0.99999999999999,
budget.REVE.1x.own_gain,Cho2017,40,0.6,
budget.REVE.1x.own_gain,Cho2017,41,4.79999999999999,
budget.REVE.1x.own_gain,Cho2017,42,1.4000000000000001,
budget.REVE.1x.own_gain,Cho2017,43,0.0,
budget.REVE.1x.own_gain,Cho2017,44,0.6,
budget.REVE.1x.own_gain,Cho2017,45,-0.7999999999999899,
budget.REVE.1x.own_gain,Cho2017,46,0.99999999999999,
budget.REVE.1x.own_gain,Cho2017,47,3.1999999999999895,
budget.REVE.1x.own_gain,Cho2017,48,3.5999999999999996,
budget.REVE.1x.own_gain,Cho2017,49,0.0,
budget.REVE.1x.own_gain,Cho2017,50,0.6,
budget.REVE.1x.own_gain,Cho2017,51,3.79999999999999,
budget.REVE.1x.own_gain,Cho2017,52,2.39999999999999,
budget.REVE.1x.own_gain,Dreyer2023,1,1.99999999999999,
budget.REVE.1x.own_gain,Dreyer2023,2,5.33333333333333,
budget.REVE.1x.own_gain,Dreyer2023,3,0.16666666666666,
budget.REVE.1x.own_gain,Dreyer2023,5,1.66666666666666,
budget.REVE.1x.own_gain,Dreyer2023,6,5.99999999999999,
budget.REVE.1x.own_gain,Dreyer2023,7,1.99999999999999,
budget.REVE.1x.own_gain,Dreyer2023,8,12.99999999999999,
budget.REVE.1x.own_gain,Dreyer2023,10,1.1666666666666599,
budget.REVE.1x.own_gain,Dreyer2023,11,21.33333333333333,
budget.REVE.1x.own_gain,Dreyer2023,12,-0.6666666666666601,
budget.REVE.1x.own_gain,Dreyer2023,13,1.49999999999999,
budget.REVE.1x.own_gain,Dreyer2023,14,7.16666666666666,
budget.REVE.1x.own_gain,Dreyer2023,15,2.33333333333333,
budget.REVE.1x.own_gain,Dreyer2023,16,5.83333333333333,
budget.REVE.1x.own_gain,Dreyer2023,18,1.0,
budget.REVE.1x.own_gain,Dreyer2023,19,1.33333333333333,
budget.REVE.1x.own_gain,Dreyer2023,20,0.16666666666666,
budget.REVE.1x.own_gain,Dreyer2023,21,1.66666666666666,
budget.REVE.1x.own_gain,Dreyer2023,22,2.5,
budget.REVE.1x.own_gain,Dreyer2023,23,4.99999999999999,
budget.REVE.1x.own_gain,Dreyer2023,24,1.1666666666666599,
budget.REVE.1x.own_gain,Dreyer2023,25,10.16666666666666,
budget.REVE.1x.own_gain,Dreyer2023,26,6.66666666666665,
budget.REVE.1x.own_gain,Dreyer2023,27,8.66666666666666,
budget.REVE.1x.own_gain,Dreyer2023,28,6.833333333333321,
budget.REVE.1x.own_gain,Dreyer2023,30,9.83333333333332,
budget.REVE.1x.own_gain,Dreyer2023,31,2.83333333333333,
budget.REVE.1x.own_gain,Dreyer2023,32,8.83333333333332,
budget.REVE.1x.own_gain,Dreyer2023,33,8.33333333333332,
budget.REVE.1x.own_gain,Dreyer2023,34,10.83333333333332,
budget.REVE.1x.own_gain,Dreyer2023,35,7.16666666666666,
budget.REVE.1x.own_gain,Dreyer2023,36,2.83333333333332,
budget.REVE.1x.own_gain,Dreyer2023,37,10.0,
budget.REVE.1x.own_gain,Dreyer2023,38,1.33333333333333,
budget.REVE.1x.own_gain,Dreyer2023,39,2.5,
budget.REVE.1x.own_gain,Dreyer2023,40,5.51724137931034,
budget.REVE.1x.own_gain,Dreyer2023,42,13.33333333333332,
budget.REVE.1x.own_gain,Dreyer2023,43,-1.0,
budget.REVE.1x.own_gain,Dreyer2023,44,5.83333333333333,
budget.REVE.1x.own_gain,Dreyer2023,45,9.99999999999999,
budget.REVE.1x.own_gain,Dreyer2023,46,2.5,
budget.REVE.1x.own_gain,Dreyer2023,47,2.1666666666666603,
budget.REVE.1x.own_gain,Dreyer2023,48,0.49999999999999,
budget.REVE.1x.own_gain,Dreyer2023,49,7.49999999999999,
budget.REVE.1x.own_gain,Dreyer2023,50,3.66666666666666,
budget.REVE.1x.own_gain,Dreyer2023,51,3.16666666666666,
budget.REVE.1x.own_gain,Dreyer2023,52,8.83333333333333,
budget.REVE.1x.own_gain,Dreyer2023,53,0.99999999999999,
budget.REVE.1x.own_gain,Dreyer2023,54,11.166666666666659,
budget.REVE.1x.own_gain,Dreyer2023,55,4.66666666666666,
budget.REVE.1x.own_gain,Dreyer2023,56,3.16666666666666,
budget.REVE.1x.own_gain,Dreyer2023,57,8.99999999999999,
budget.REVE.1x.own_gain,Dreyer2023,58,1.0,
budget.REVE.1x.own_gain,Dreyer2023,59,-0.5,
budget.REVE.1x.own_gain,Dreyer2023,60,4.33333333333333,
budget.REVE.1x.own_gain,Dreyer2023,61,5.33333333333333,
budget.REVE.1x.own_gain,Dreyer2023,62,7.33333333333332,
budget.REVE.1x.own_gain,Dreyer2023,63,5.16666666666666,
budget.REVE.1x.own_gain,Dreyer2023,64,10.33333333333332,
budget.REVE.1x.own_gain,Dreyer2023,65,5.33333333333332,
budget.REVE.1x.own_gain,Dreyer2023,66,9.16666666666666,
budget.REVE.1x.own_gain,Dreyer2023,67,-2.83333333333333,
budget.REVE.1x.own_gain,Dreyer2023,68,4.16666666666666,
budget.REVE.1x.own_gain,Dreyer2023,69,1.49999999999999,
budget.REVE.1x.own_gain,Dreyer2023,70,17.66666666666666,
budget.REVE.1x.own_gain,Dreyer2023,71,3.33333333333333,
budget.REVE.1x.own_gain,Dreyer2023,72,16.49999999999999,
budget.REVE.1x.own_gain,Dreyer2023,73,2.66666666666666,
budget.REVE.1x.own_gain,Dreyer2023,74,4.66666666666666,
budget.REVE.1x.own_gain,Dreyer2023,75,5.833333333333321,
budget.REVE.1x.own_gain,Dreyer2023,76,5.16666666666666,
budget.REVE.1x.own_gain,Dreyer2023,77,3.49999999999999,
budget.REVE.1x.own_gain,Dreyer2023,80,11.83333333333333,
budget.REVE.1x.own_gain,Dreyer2023,81,3.16666666666666,
budget.REVE.1x.own_gain,Dreyer2023,82,14.999999999999991,
budget.REVE.1x.own_gain,Dreyer2023,83,12.666666666666652,
budget.REVE.1x.own_gain,Dreyer2023,84,4.0,
budget.REVE.1x.own_gain,Dreyer2023,85,7.83333333333332,
budget.REVE.1x.own_gain,Dreyer2023,86,-1.8333333333333202,
budget.REVE.1x.own_gain,Dreyer2023,87,-1.33333333333333,
budget.REVE.1x.own_gain,PhysionetMI,1,1.66666666666666,
budget.REVE.1x.own_gain,PhysionetMI,2,2.69230769230768,
budget.REVE.1x.own_gain,PhysionetMI,3,0.15151515151515,
budget.REVE.1x.own_gain,PhysionetMI,4,2.65151515151515,
budget.REVE.1x.own_gain,PhysionetMI,5,6.21212121212121,
budget.REVE.1x.own_gain,PhysionetMI,6,0.3030303030303,
budget.REVE.1x.own_gain,PhysionetMI,7,0.0,
budget.REVE.1x.own_gain,PhysionetMI,8,-2.34848484848484,
budget.REVE.1x.own_gain,PhysionetMI,9,-1.84615384615384,
budget.REVE.1x.own_gain,PhysionetMI,10,4.53846153846153,
budget.REVE.1x.own_gain,PhysionetMI,11,1.43939393939394,
budget.REVE.1x.own_gain,PhysionetMI,12,4.09090909090908,
budget.REVE.1x.own_gain,PhysionetMI,13,2.95454545454545,
budget.REVE.1x.own_gain,PhysionetMI,14,0.22727272727272002,
budget.REVE.1x.own_gain,PhysionetMI,15,0.76923076923076,
budget.REVE.1x.own_gain,PhysionetMI,16,0.9090909090909001,
budget.REVE.1x.own_gain,PhysionetMI,17,6.51515151515151,
budget.REVE.1x.own_gain,PhysionetMI,18,0.0,
budget.REVE.1x.own_gain,PhysionetMI,19,-0.83333333333333,
budget.REVE.1x.own_gain,PhysionetMI,20,6.363636363636351,
budget.REVE.1x.own_gain,PhysionetMI,21,1.59090909090908,
budget.REVE.1x.own_gain,PhysionetMI,22,0.0,
budget.REVE.1x.own_gain,PhysionetMI,23,0.15384615384615,
budget.REVE.1x.own_gain,PhysionetMI,24,0.9848484848484799,
budget.REVE.1x.own_gain,PhysionetMI,25,-4.3181818181818095,
budget.REVE.1x.own_gain,PhysionetMI,26,1.92307692307692,
budget.REVE.1x.own_gain,PhysionetMI,27,1.66666666666666,
budget.REVE.1x.own_gain,PhysionetMI,28,-4.39393939393939,
budget.REVE.1x.own_gain,PhysionetMI,29,0.0,
budget.REVE.1x.own_gain,PhysionetMI,30,0.68181818181818,
budget.REVE.1x.own_gain,PhysionetMI,31,-1.8181818181818101,
budget.REVE.1x.own_gain,PhysionetMI,32,1.0,
budget.REVE.1x.own_gain,PhysionetMI,33,4.99999999999999,
budget.REVE.1x.own_gain,PhysionetMI,34,7.76923076923076,
budget.REVE.1x.own_gain,PhysionetMI,35,0.0,
budget.REVE.1x.own_gain,PhysionetMI,36,1.66666666666666,
budget.REVE.1x.own_gain,PhysionetMI,37,7.27272727272727,
budget.REVE.1x.own_gain,PhysionetMI,38,6.1363636363636305,
budget.REVE.1x.own_gain,PhysionetMI,39,1.59090909090909,
budget.REVE.1x.own_gain,PhysionetMI,40,0.0,
budget.REVE.1x.own_gain,PhysionetMI,41,-0.53846153846153,
budget.REVE.1x.own_gain,PhysionetMI,42,-1.66666666666666,
budget.REVE.1x.own_gain,PhysionetMI,43,0.0,
budget.REVE.1x.own_gain,PhysionetMI,44,2.42424242424242,
budget.REVE.1x.own_gain,PhysionetMI,45,2.12121212121211,
budget.REVE.1x.own_gain,PhysionetMI,46,-4.015151515151509,
budget.REVE.1x.own_gain,PhysionetMI,47,-0.68181818181818,
budget.REVE.1x.own_gain,PhysionetMI,48,1.66666666666666,
budget.REVE.1x.own_gain,PhysionetMI,49,5.83333333333333,
budget.REVE.1x.own_gain,PhysionetMI,50,11.51515151515151,
budget.REVE.1x.own_gain,PhysionetMI,51,1.81818181818182,
budget.REVE.1x.own_gain,PhysionetMI,52,2.99999999999999,
budget.REVE.1x.own_gain,PhysionetMI,53,3.40909090909091,
budget.REVE.1x.own_gain,PhysionetMI,54,0.9090909090909001,
budget.REVE.1x.own_gain,PhysionetMI,55,-4.16666666666666,
budget.REVE.1x.own_gain,PhysionetMI,56,4.46969696969696,
budget.REVE.1x.own_gain,PhysionetMI,57,1.06060606060605,
budget.REVE.1x.own_gain,PhysionetMI,58,9.3076923076923,
budget.REVE.1x.own_gain,PhysionetMI,59,8.33333333333333,
budget.REVE.1x.own_gain,PhysionetMI,60,-0.76923076923076,
budget.REVE.1x.own_gain,PhysionetMI,61,-1.8181818181818101,
budget.REVE.1x.own_gain,PhysionetMI,62,0.9090909090909001,
budget.REVE.1x.own_gain,PhysionetMI,63,-2.95454545454545,
budget.REVE.1x.own_gain,PhysionetMI,64,5.0,
budget.REVE.1x.own_gain,PhysionetMI,65,-0.07575757575757,
budget.REVE.1x.own_gain,PhysionetMI,66,2.65151515151515,
budget.REVE.1x.own_gain,PhysionetMI,67,-2.1212121212121,
budget.REVE.1x.own_gain,PhysionetMI,68,4.16666666666666,
budget.REVE.1x.own_gain,PhysionetMI,69,4.61538461538461,
budget.REVE.1x.own_gain,PhysionetMI,70,0.0,
budget.REVE.1x.own_gain,PhysionetMI,71,-0.9848484848484799,
budget.REVE.1x.own_gain,PhysionetMI,72,1.8181818181818101,
budget.REVE.1x.own_gain,PhysionetMI,73,-3.4848484848484804,
budget.REVE.1x.own_gain,PhysionetMI,74,2.42424242424241,
budget.REVE.1x.own_gain,PhysionetMI,75,0.07575757575757999,
budget.REVE.1x.own_gain,PhysionetMI,76,-6.36363636363636,
budget.REVE.1x.own_gain,PhysionetMI,77,-1.66666666666666,
budget.REVE.1x.own_gain,PhysionetMI,78,8.33333333333333,
budget.REVE.1x.own_gain,PhysionetMI,79,-1.51515151515151,
budget.REVE.1x.own_gain,PhysionetMI,80,-1.942890293094024e-15,
budget.REVE.1x.own_gain,PhysionetMI,81,4.09090909090908,
budget.REVE.1x.own_gain,PhysionetMI,82,3.2575757575757502,
budget.REVE.1x.own_gain,PhysionetMI,83,4.53846153846153,
budget.REVE.1x.own_gain,PhysionetMI,84,4.2424242424242395,
budget.REVE.1x.own_gain,PhysionetMI,85,1.51515151515151,
budget.REVE.1x.own_gain,PhysionetMI,86,0.76923076923076,
budget.REVE.1x.own_gain,PhysionetMI,87,5.22727272727272,
budget.REVE.1x.own_gain,PhysionetMI,90,1.51515151515151,
budget.REVE.1x.own_gain,PhysionetMI,91,2.12121212121211,
budget.REVE.1x.own_gain,PhysionetMI,93,-0.5303030303030299,
budget.REVE.1x.own_gain,PhysionetMI,94,-3.33333333333332,
budget.REVE.1x.own_gain,PhysionetMI,95,0.84615384615383,
budget.REVE.1x.own_gain,PhysionetMI,96,-1.66666666666666,
budget.REVE.1x.own_gain,PhysionetMI,97,-1.8181818181818101,
budget.REVE.1x.own_gain,PhysionetMI,98,5.98484848484848,
budget.REVE.1x.own_gain,PhysionetMI,99,4.9242424242424105,
budget.REVE.1x.own_gain,PhysionetMI,101,0.76923076923076,
budget.REVE.1x.own_gain,PhysionetMI,102,5.45454545454545,
budget.REVE.1x.own_gain,PhysionetMI,103,8.40909090909091,
budget.REVE.1x.own_gain,PhysionetMI,105,0.83333333333333,
budget.REVE.1x.own_gain,PhysionetMI,107,-2.42424242424241,
budget.REVE.1x.own_gain,PhysionetMI,108,-1.66666666666666,
budget.REVE.1x.own_gain,PhysionetMI,109,-1.942890293094024e-15,
budget.REVE.1x.upper_bound,Cho2017,1,5.01999999999999,
budget.REVE.1x.upper_bound,Cho2017,2,0.72,
budget.REVE.1x.upper_bound,Cho2017,3,8.63999999999999,
budget.REVE.1x.upper_bound,Cho2017,4,6.58,
budget.REVE.1x.upper_bound,Cho2017,5,1.8599999999999801,
budget.REVE.1x.upper_bound,Cho2017,6,0.27999999999999997,
budget.REVE.1x.upper_bound,Cho2017,7,1.23333333333333,
budget.REVE.1x.upper_bound,Cho2017,8,3.33999999999999,
budget.REVE.1x.upper_bound,Cho2017,9,1.49999999999999,
budget.REVE.1x.upper_bound,Cho2017,10,4.43999999999999,
budget.REVE.1x.upper_bound,Cho2017,11,3.64,
budget.REVE.1x.upper_bound,Cho2017,12,16.13999999999999,
budget.REVE.1x.upper_bound,Cho2017,13,3.61999999999999,
budget.REVE.1x.upper_bound,Cho2017,14,3.71999999999999,
budget.REVE.1x.upper_bound,Cho2017,15,5.49999999999999,
budget.REVE.1x.upper_bound,Cho2017,16,1.23999999999999,
budget.REVE.1x.upper_bound,Cho2017,17,5.37999999999999,
budget.REVE.1x.upper_bound,Cho2017,18,4.13999999999999,
budget.REVE.1x.upper_bound,Cho2017,19,2.3800000000000003,
budget.REVE.1x.upper_bound,Cho2017,20,6.67999999999999,
budget.REVE.1x.upper_bound,Cho2017,21,4.13999999999999,
budget.REVE.1x.upper_bound,Cho2017,22,4.46,
budget.REVE.1x.upper_bound,Cho2017,23,6.37999999999999,
budget.REVE.1x.upper_bound,Cho2017,24,7.179999999999991,
budget.REVE.1x.upper_bound,Cho2017,25,3.27999999999999,
budget.REVE.1x.upper_bound,Cho2017,26,0.09999999999999,
budget.REVE.1x.upper_bound,Cho2017,27,4.33999999999999,
budget.REVE.1x.upper_bound,Cho2017,28,23.07999999999999,
budget.REVE.1x.upper_bound,Cho2017,29,7.81999999999999,
budget.REVE.1x.upper_bound,Cho2017,30,8.11999999999999,
budget.REVE.1x.upper_bound,Cho2017,31,6.3599999999999905,
budget.REVE.1x.upper_bound,Cho2017,32,1.1799999999999902,
budget.REVE.1x.upper_bound,Cho2017,33,1.89999999999999,
budget.REVE.1x.upper_bound,Cho2017,34,2.85999999999999,
budget.REVE.1x.upper_bound,Cho2017,35,19.399999999999988,
budget.REVE.1x.upper_bound,Cho2017,36,3.33999999999999,
budget.REVE.1x.upper_bound,Cho2017,37,0.27999999999999997,
budget.REVE.1x.upper_bound,Cho2017,38,0.37999999999998996,
budget.REVE.1x.upper_bound,Cho2017,39,3.2999999999999896,
budget.REVE.1x.upper_bound,Cho2017,40,0.19999999999999,
budget.REVE.1x.upper_bound,Cho2017,41,6.6199999999999894,
budget.REVE.1x.upper_bound,Cho2017,42,2.06,
budget.REVE.1x.upper_bound,Cho2017,43,0.0,
budget.REVE.1x.upper_bound,Cho2017,44,1.9199999999999902,
budget.REVE.1x.upper_bound,Cho2017,45,0.26,
budget.REVE.1x.upper_bound,Cho2017,46,0.46666666666666,
budget.REVE.1x.upper_bound,Cho2017,47,5.19999999999999,
budget.REVE.1x.upper_bound,Cho2017,48,8.17999999999999,
budget.REVE.1x.upper_bound,Cho2017,49,0.11999999999998999,
budget.REVE.1x.upper_bound,Cho2017,50,1.58,
budget.REVE.1x.upper_bound,Cho2017,51,4.09999999999999,
budget.REVE.1x.upper_bound,Cho2017,52,3.23999999999999,
budget.REVE.1x.upper_bound,Dreyer2023,1,2.74999999999999,
budget.REVE.1x.upper_bound,Dreyer2023,2,8.04999999999999,
budget.REVE.1x.upper_bound,Dreyer2023,3,3.04999999999999,
budget.REVE.1x.upper_bound,Dreyer2023,5,3.06666666666665,
budget.REVE.1x.upper_bound,Dreyer2023,6,4.29999999999999,
budget.REVE.1x.upper_bound,Dreyer2023,7,3.16666666666666,
budget.REVE.1x.upper_bound,Dreyer2023,8,10.04999999999999,
budget.REVE.1x.upper_bound,Dreyer2023,10,3.23333333333332,
budget.REVE.1x.upper_bound,Dreyer2023,11,20.96666666666666,
budget.REVE.1x.upper_bound,Dreyer2023,12,1.64999999999999,
budget.REVE.1x.upper_bound,Dreyer2023,13,1.69999999999999,
budget.REVE.1x.upper_bound,Dreyer2023,14,10.18333333333333,
budget.REVE.1x.upper_bound,Dreyer2023,15,3.5000000000000004,
budget.REVE.1x.upper_bound,Dreyer2023,16,7.849999999999991,
budget.REVE.1x.upper_bound,Dreyer2023,18,2.89999999999999,
budget.REVE.1x.upper_bound,Dreyer2023,19,3.7333333333333303,
budget.REVE.1x.upper_bound,Dreyer2023,20,2.04999999999999,
budget.REVE.1x.upper_bound,Dreyer2023,21,3.14999999999999,
budget.REVE.1x.upper_bound,Dreyer2023,22,5.54999999999999,
budget.REVE.1x.upper_bound,Dreyer2023,23,8.81666666666666,
budget.REVE.1x.upper_bound,Dreyer2023,24,1.49999999999999,
budget.REVE.1x.upper_bound,Dreyer2023,25,7.93333333333332,
budget.REVE.1x.upper_bound,Dreyer2023,26,10.283333333333319,
budget.REVE.1x.upper_bound,Dreyer2023,27,7.466666666666661,
budget.REVE.1x.upper_bound,Dreyer2023,28,5.73333333333332,
budget.REVE.1x.upper_bound,Dreyer2023,30,12.18333333333332,
budget.REVE.1x.upper_bound,Dreyer2023,31,6.3,
budget.REVE.1x.upper_bound,Dreyer2023,32,6.94999999999998,
budget.REVE.1x.upper_bound,Dreyer2023,33,9.9,
budget.REVE.1x.upper_bound,Dreyer2023,34,5.61666666666666,
budget.REVE.1x.upper_bound,Dreyer2023,35,8.21666666666665,
budget.REVE.1x.upper_bound,Dreyer2023,36,10.783333333333319,
budget.REVE.1x.upper_bound,Dreyer2023,37,16.01666666666666,
budget.REVE.1x.upper_bound,Dreyer2023,38,3.44999999999999,
budget.REVE.1x.upper_bound,Dreyer2023,39,2.0500000000000003,
budget.REVE.1x.upper_bound,Dreyer2023,40,9.68965517241378,
budget.REVE.1x.upper_bound,Dreyer2023,42,21.34999999999999,
budget.REVE.1x.upper_bound,Dreyer2023,43,0.19999999999999,
budget.REVE.1x.upper_bound,Dreyer2023,44,6.46666666666666,
budget.REVE.1x.upper_bound,Dreyer2023,45,5.49999999999999,
budget.REVE.1x.upper_bound,Dreyer2023,46,4.01666666666666,
budget.REVE.1x.upper_bound,Dreyer2023,47,6.99999999999998,
budget.REVE.1x.upper_bound,Dreyer2023,48,0.28333333333334,
budget.REVE.1x.upper_bound,Dreyer2023,49,7.59999999999998,
budget.REVE.1x.upper_bound,Dreyer2023,50,7.16666666666666,
budget.REVE.1x.upper_bound,Dreyer2023,51,6.599999999999991,
budget.REVE.1x.upper_bound,Dreyer2023,52,13.36666666666666,
budget.REVE.1x.upper_bound,Dreyer2023,53,3.1833333333333296,
budget.REVE.1x.upper_bound,Dreyer2023,54,15.949999999999989,
budget.REVE.1x.upper_bound,Dreyer2023,55,2.08333333333333,
budget.REVE.1x.upper_bound,Dreyer2023,56,5.73333333333333,
budget.REVE.1x.upper_bound,Dreyer2023,57,9.78333333333332,
budget.REVE.1x.upper_bound,Dreyer2023,58,2.73333333333332,
budget.REVE.1x.upper_bound,Dreyer2023,59,-1.325,
budget.REVE.1x.upper_bound,Dreyer2023,60,5.99999999999999,
budget.REVE.1x.upper_bound,Dreyer2023,61,4.26666666666666,
budget.REVE.1x.upper_bound,Dreyer2023,62,11.166666666666659,
budget.REVE.1x.upper_bound,Dreyer2023,63,7.033333333333321,
budget.REVE.1x.upper_bound,Dreyer2023,64,7.58333333333332,
budget.REVE.1x.upper_bound,Dreyer2023,65,10.66666666666666,
budget.REVE.1x.upper_bound,Dreyer2023,66,15.1,
budget.REVE.1x.upper_bound,Dreyer2023,67,1.41666666666666,
budget.REVE.1x.upper_bound,Dreyer2023,68,10.71666666666666,
budget.REVE.1x.upper_bound,Dreyer2023,69,5.73333333333332,
budget.REVE.1x.upper_bound,Dreyer2023,70,20.766666666666662,
budget.REVE.1x.upper_bound,Dreyer2023,71,7.34999999999999,
budget.REVE.1x.upper_bound,Dreyer2023,72,15.21666666666666,
budget.REVE.1x.upper_bound,Dreyer2023,73,10.88333333333332,
budget.REVE.1x.upper_bound,Dreyer2023,74,5.6999999999999895,
budget.REVE.1x.upper_bound,Dreyer2023,75,9.71666666666666,
budget.REVE.1x.upper_bound,Dreyer2023,76,7.1333333333333195,
budget.REVE.1x.upper_bound,Dreyer2023,77,3.63333333333333,
budget.REVE.1x.upper_bound,Dreyer2023,80,11.66666666666667,
budget.REVE.1x.upper_bound,Dreyer2023,81,8.1,
budget.REVE.1x.upper_bound,Dreyer2023,82,17.7,
budget.REVE.1x.upper_bound,Dreyer2023,83,13.79999999999999,
budget.REVE.1x.upper_bound,Dreyer2023,84,6.16666666666666,
budget.REVE.1x.upper_bound,Dreyer2023,85,7.1,
budget.REVE.1x.upper_bound,Dreyer2023,86,1.8166666666666598,
budget.REVE.1x.upper_bound,Dreyer2023,87,2.1833333333333202,
budget.REVE.1x.upper_bound,PhysionetMI,1,3.72727272727272,
budget.REVE.1x.upper_bound,PhysionetMI,2,2.4692307692307702,
budget.REVE.1x.upper_bound,PhysionetMI,3,1.2272727272727202,
budget.REVE.1x.upper_bound,PhysionetMI,4,3.31060606060605,
budget.REVE.1x.upper_bound,PhysionetMI,5,5.43939393939393,
budget.REVE.1x.upper_bound,PhysionetMI,6,-0.39393939393938,
budget.REVE.1x.upper_bound,PhysionetMI,7,0.17424242424242,
budget.REVE.1x.upper_bound,PhysionetMI,8,0.34090909090909,
budget.REVE.1x.upper_bound,PhysionetMI,9,-0.39230769230768997,
budget.REVE.1x.upper_bound,PhysionetMI,10,3.73846153846153,
budget.REVE.1x.upper_bound,PhysionetMI,11,4.65909090909091,
budget.REVE.1x.upper_bound,PhysionetMI,12,2.24999999999999,
budget.REVE.1x.upper_bound,PhysionetMI,13,3.3409090909090904,
budget.REVE.1x.upper_bound,PhysionetMI,14,0.59090909090909,
budget.REVE.1x.upper_bound,PhysionetMI,15,0.76923076923076,
budget.REVE.1x.upper_bound,PhysionetMI,16,0.53787878787878,
budget.REVE.1x.upper_bound,PhysionetMI,17,7.924242424242419,
budget.REVE.1x.upper_bound,PhysionetMI,18,0.5303030303030299,
budget.REVE.1x.upper_bound,PhysionetMI,19,1.72727272727272,
budget.REVE.1x.upper_bound,PhysionetMI,20,9.81060606060605,
budget.REVE.1x.upper_bound,PhysionetMI,21,2.41666666666666,
budget.REVE.1x.upper_bound,PhysionetMI,22,0.5833333333333299,
budget.REVE.1x.upper_bound,PhysionetMI,23,3.59999999999999,
budget.REVE.1x.upper_bound,PhysionetMI,24,2.54545454545454,
budget.REVE.1x.upper_bound,PhysionetMI,25,2.74999999999999,
budget.REVE.1x.upper_bound,PhysionetMI,26,4.06153846153845,
budget.REVE.1x.upper_bound,PhysionetMI,27,1.1969696969696801,
budget.REVE.1x.upper_bound,PhysionetMI,28,-2.28030303030302,
budget.REVE.1x.upper_bound,PhysionetMI,29,3.68181818181817,
budget.REVE.1x.upper_bound,PhysionetMI,30,1.46969696969697,
budget.REVE.1x.upper_bound,PhysionetMI,31,2.38636363636363,
budget.REVE.1x.upper_bound,PhysionetMI,32,0.47692307692308,
budget.REVE.1x.upper_bound,PhysionetMI,33,4.20454545454545,
budget.REVE.1x.upper_bound,PhysionetMI,34,12.05384615384615,
budget.REVE.1x.upper_bound,PhysionetMI,35,3.74242424242424,
budget.REVE.1x.upper_bound,PhysionetMI,36,1.58333333333333,
budget.REVE.1x.upper_bound,PhysionetMI,37,8.9621212121212,
budget.REVE.1x.upper_bound,PhysionetMI,38,4.64393939393939,
budget.REVE.1x.upper_bound,PhysionetMI,39,5.09090909090909,
budget.REVE.1x.upper_bound,PhysionetMI,40,0.0,
budget.REVE.1x.upper_bound,PhysionetMI,41,1.28461538461538,
budget.REVE.1x.upper_bound,PhysionetMI,42,-1.62878787878788,
budget.REVE.1x.upper_bound,PhysionetMI,43,1.51515151515151,
budget.REVE.1x.upper_bound,PhysionetMI,44,1.44696969696969,
budget.REVE.1x.upper_bound,PhysionetMI,45,1.9242424242424199,
budget.REVE.1x.upper_bound,PhysionetMI,46,-0.9696969696969701,
budget.REVE.1x.upper_bound,PhysionetMI,47,-1.16666666666667,
budget.REVE.1x.upper_bound,PhysionetMI,48,4.99999999999999,
budget.REVE.1x.upper_bound,PhysionetMI,49,6.63636363636362,
budget.REVE.1x.upper_bound,PhysionetMI,50,11.53787878787878,
budget.REVE.1x.upper_bound,PhysionetMI,51,1.9090909090908998,
budget.REVE.1x.upper_bound,PhysionetMI,52,3.6538461538461497,
budget.REVE.1x.upper_bound,PhysionetMI,53,2.6666666666666496,
budget.REVE.1x.upper_bound,PhysionetMI,54,2.5151515151515,
budget.REVE.1x.upper_bound,PhysionetMI,55,-0.4469696969697,
budget.REVE.1x.upper_bound,PhysionetMI,56,2.38636363636363,
budget.REVE.1x.upper_bound,PhysionetMI,57,0.33333333333332,
budget.REVE.1x.upper_bound,PhysionetMI,58,7.99999999999999,
budget.REVE.1x.upper_bound,PhysionetMI,59,6.4621212121211995,
budget.REVE.1x.upper_bound,PhysionetMI,60,1.47692307692307,
budget.REVE.1x.upper_bound,PhysionetMI,61,-0.75,
budget.REVE.1x.upper_bound,PhysionetMI,62,0.90151515151515,
budget.REVE.1x.upper_bound,PhysionetMI,63,2.66666666666666,
budget.REVE.1x.upper_bound,PhysionetMI,64,5.1666666666666705,
budget.REVE.1x.upper_bound,PhysionetMI,65,3.1060606060606,
budget.REVE.1x.upper_bound,PhysionetMI,66,2.2803030303030303,
budget.REVE.1x.upper_bound,PhysionetMI,67,2.63636363636363,
budget.REVE.1x.upper_bound,PhysionetMI,68,3.8181818181818103,
budget.REVE.1x.upper_bound,PhysionetMI,69,7.20769230769229,
budget.REVE.1x.upper_bound,PhysionetMI,70,0.25757575757575,
budget.REVE.1x.upper_bound,PhysionetMI,71,2.78030303030302,
budget.REVE.1x.upper_bound,PhysionetMI,72,1.24999999999998,
budget.REVE.1x.upper_bound,PhysionetMI,73,0.50757575757575,
budget.REVE.1x.upper_bound,PhysionetMI,74,5.757575757575751,
budget.REVE.1x.upper_bound,PhysionetMI,75,2.36363636363636,
budget.REVE.1x.upper_bound,PhysionetMI,76,-4.9772727272727195,
budget.REVE.1x.upper_bound,PhysionetMI,77,-0.6439393939394,
budget.REVE.1x.upper_bound,PhysionetMI,78,8.28030303030302,
budget.REVE.1x.upper_bound,PhysionetMI,79,0.07575757575757,
budget.REVE.1x.upper_bound,PhysionetMI,80,0.29230769230768,
budget.REVE.1x.upper_bound,PhysionetMI,81,4.5530303030303,
budget.REVE.1x.upper_bound,PhysionetMI,82,2.9393939393939297,
budget.REVE.1x.upper_bound,PhysionetMI,83,8.22307692307692,
budget.REVE.1x.upper_bound,PhysionetMI,84,3.02272727272727,
budget.REVE.1x.upper_bound,PhysionetMI,85,3.0909090909090797,
budget.REVE.1x.upper_bound,PhysionetMI,86,0.61538461538461,
budget.REVE.1x.upper_bound,PhysionetMI,87,9.143939393939391,
budget.REVE.1x.upper_bound,PhysionetMI,90,2.58333333333333,
budget.REVE.1x.upper_bound,PhysionetMI,91,4.34848484848484,
budget.REVE.1x.upper_bound,PhysionetMI,93,1.09848484848483,
budget.REVE.1x.upper_bound,PhysionetMI,94,-6.06818181818181,
budget.REVE.1x.upper_bound,PhysionetMI,95,2.16923076923076,
budget.REVE.1x.upper_bound,PhysionetMI,96,0.37121212121211,
budget.REVE.1x.upper_bound,PhysionetMI,97,1.49242424242423,
budget.REVE.1x.upper_bound,PhysionetMI,98,3.6893939393939297,
budget.REVE.1x.upper_bound,PhysionetMI,99,4.74242424242423,
budget.REVE.1x.upper_bound,PhysionetMI,101,0.69230769230768,
budget.REVE.1x.upper_bound,PhysionetMI,102,4.27272727272726,
budget.REVE.1x.upper_bound,PhysionetMI,103,4.67424242424243,
budget.REVE.1x.upper_bound,PhysionetMI,105,1.6363636363636198,
budget.REVE.1x.upper_bound,PhysionetMI,107,-1.3257575757575701,
budget.REVE.1x.upper_bound,PhysionetMI,108,0.04545454545454,
budget.REVE.1x.upper_bound,PhysionetMI,109,-1.34848484848485,
budget.REVE.1x.G_BA,Cho2017,1,62.0,
budget.REVE.1x.G_BA,Cho2017,2,53.800000000000004,
budget.REVE.1x.G_BA,Cho2017,3,82.0,
budget.REVE.1x.G_BA,Cho2017,4,77.0,
budget.REVE.1x.G_BA,Cho2017,5,99.2,
budget.REVE.1x.G_BA,Cho2017,6,84.39999999999999,
budget.REVE.1x.G_BA,Cho2017,7,55.00000000000001,
budget.REVE.1x.G_BA,Cho2017,8,62.0,
budget.REVE.1x.G_BA,Cho2017,9,66.33333333333333,
budget.REVE.1x.G_BA,Cho2017,10,70.0,
budget.REVE.1x.G_BA,Cho2017,11,64.6,
budget.REVE.1x.G_BA,Cho2017,12,59.00000000000001,
budget.REVE.1x.G_BA,Cho2017,13,87.4,
budget.REVE.1x.G_BA,Cho2017,14,79.80000000000001,
budget.REVE.1x.G_BA,Cho2017,15,62.6,
budget.REVE.1x.G_BA,Cho2017,16,59.199999999999996,
budget.REVE.1x.G_BA,Cho2017,17,58.20000000000001,
budget.REVE.1x.G_BA,Cho2017,18,60.0,
budget.REVE.1x.G_BA,Cho2017,19,59.199999999999996,
budget.REVE.1x.G_BA,Cho2017,20,62.2,
budget.REVE.1x.G_BA,Cho2017,21,66.8,
budget.REVE.1x.G_BA,Cho2017,22,65.19999999999999,
budget.REVE.1x.G_BA,Cho2017,23,79.0,
budget.REVE.1x.G_BA,Cho2017,24,62.79999999999999,
budget.REVE.1x.G_BA,Cho2017,25,64.60000000000001,
budget.REVE.1x.G_BA,Cho2017,26,100.0,
budget.REVE.1x.G_BA,Cho2017,27,65.8,
budget.REVE.1x.G_BA,Cho2017,28,71.8,
budget.REVE.1x.G_BA,Cho2017,29,52.0,
budget.REVE.1x.G_BA,Cho2017,30,72.39999999999999,
budget.REVE.1x.G_BA,Cho2017,31,68.8,
budget.REVE.1x.G_BA,Cho2017,32,61.0,
budget.REVE.1x.G_BA,Cho2017,33,66.8,
budget.REVE.1x.G_BA,Cho2017,34,60.4,
budget.REVE.1x.G_BA,Cho2017,35,52.400000000000006,
budget.REVE.1x.G_BA,Cho2017,36,59.80000000000001,
budget.REVE.1x.G_BA,Cho2017,37,84.80000000000001,
budget.REVE.1x.G_BA,Cho2017,38,56.00000000000001,
budget.REVE.1x.G_BA,Cho2017,39,61.6,
budget.REVE.1x.G_BA,Cho2017,40,47.599999999999994,
budget.REVE.1x.G_BA,Cho2017,41,81.4,
budget.REVE.1x.G_BA,Cho2017,42,61.6,
budget.REVE.1x.G_BA,Cho2017,43,100.0,
budget.REVE.1x.G_BA,Cho2017,44,95.39999999999999,
budget.REVE.1x.G_BA,Cho2017,45,61.40000000000001,
budget.REVE.1x.G_BA,Cho2017,46,64.83333333333333,
budget.REVE.1x.G_BA,Cho2017,47,84.80000000000001,
budget.REVE.1x.G_BA,Cho2017,48,74.8,
budget.REVE.1x.G_BA,Cho2017,49,100.0,
budget.REVE.1x.G_BA,Cho2017,50,89.39999999999999,
budget.REVE.1x.G_BA,Cho2017,51,62.6,
budget.REVE.1x.G_BA,Cho2017,52,68.2,
budget.REVE.1x.G_BA,Dreyer2023,1,94.5,
budget.REVE.1x.G_BA,Dreyer2023,2,84.83333333333333,
budget.REVE.1x.G_BA,Dreyer2023,3,82.5,
budget.REVE.1x.G_BA,Dreyer2023,5,94.33333333333334,
budget.REVE.1x.G_BA,Dreyer2023,6,86.5,
budget.REVE.1x.G_BA,Dreyer2023,7,97.0,
budget.REVE.1x.G_BA,Dreyer2023,8,81.5,
budget.REVE.1x.G_BA,Dreyer2023,10,95.0,
budget.REVE.1x.G_BA,Dreyer2023,11,62.66666666666667,
budget.REVE.1x.G_BA,Dreyer2023,12,95.0,
budget.REVE.1x.G_BA,Dreyer2023,13,74.66666666666667,
budget.REVE.1x.G_BA,Dreyer2023,14,74.0,
budget.REVE.1x.G_BA,Dreyer2023,15,86.16666666666667,
budget.REVE.1x.G_BA,Dreyer2023,16,87.5,
budget.REVE.1x.G_BA,Dreyer2023,18,97.16666666666669,
budget.REVE.1x.G_BA,Dreyer2023,19,97.83333333333331,
budget.REVE.1x.G_BA,Dreyer2023,20,97.5,
budget.REVE.1x.G_BA,Dreyer2023,21,95.0,
budget.REVE.1x.G_BA,Dreyer2023,22,85.50000000000001,
budget.REVE.1x.G_BA,Dreyer2023,23,78.16666666666666,
budget.REVE.1x.G_BA,Dreyer2023,24,98.0,
budget.REVE.1x.G_BA,Dreyer2023,25,76.5,
budget.REVE.1x.G_BA,Dreyer2023,26,89.0,
budget.REVE.1x.G_BA,Dreyer2023,27,79.66666666666666,
budget.REVE.1x.G_BA,Dreyer2023,28,82.83333333333334,
budget.REVE.1x.G_BA,Dreyer2023,30,76.0,
budget.REVE.1x.G_BA,Dreyer2023,31,93.16666666666666,
budget.REVE.1x.G_BA,Dreyer2023,32,86.83333333333334,
budget.REVE.1x.G_BA,Dreyer2023,33,80.5,
budget.REVE.1x.G_BA,Dreyer2023,34,79.66666666666666,
budget.REVE.1x.G_BA,Dreyer2023,35,80.16666666666666,
budget.REVE.1x.G_BA,Dreyer2023,36,89.66666666666667,
budget.REVE.1x.G_BA,Dreyer2023,37,73.5,
budget.REVE.1x.G_BA,Dreyer2023,38,84.33333333333334,
budget.REVE.1x.G_BA,Dreyer2023,39,96.33333333333336,
budget.REVE.1x.G_BA,Dreyer2023,40,86.89655172413794,
budget.REVE.1x.G_BA,Dreyer2023,42,77.16666666666667,
budget.REVE.1x.G_BA,Dreyer2023,43,92.66666666666664,
budget.REVE.1x.G_BA,Dreyer2023,44,78.0,
budget.REVE.1x.G_BA,Dreyer2023,45,75.5,
budget.REVE.1x.G_BA,Dreyer2023,46,77.16666666666667,
budget.REVE.1x.G_BA,Dreyer2023,47,83.66666666666667,
budget.REVE.1x.G_BA,Dreyer2023,48,71.0,
budget.REVE.1x.G_BA,Dreyer2023,49,76.16666666666667,
budget.REVE.1x.G_BA,Dreyer2023,50,65.83333333333334,
budget.REVE.1x.G_BA,Dreyer2023,51,80.66666666666666,
budget.REVE.1x.G_BA,Dreyer2023,52,81.49999999999999,
budget.REVE.1x.G_BA,Dreyer2023,53,79.0,
budget.REVE.1x.G_BA,Dreyer2023,54,76.83333333333333,
budget.REVE.1x.G_BA,Dreyer2023,55,92.16666666666666,
budget.REVE.1x.G_BA,Dreyer2023,56,96.5,
budget.REVE.1x.G_BA,Dreyer2023,57,71.50000000000001,
budget.REVE.1x.G_BA,Dreyer2023,58,96.16666666666666,
budget.REVE.1x.G_BA,Dreyer2023,59,81.75000000000001,
budget.REVE.1x.G_BA,Dreyer2023,60,92.16666666666666,
budget.REVE.1x.G_BA,Dreyer2023,61,88.33333333333331,
budget.REVE.1x.G_BA,Dreyer2023,62,79.0,
budget.REVE.1x.G_BA,Dreyer2023,63,90.0,
budget.REVE.1x.G_BA,Dreyer2023,64,77.33333333333333,
budget.REVE.1x.G_BA,Dreyer2023,65,79.66666666666666,
budget.REVE.1x.G_BA,Dreyer2023,66,75.33333333333333,
budget.REVE.1x.G_BA,Dreyer2023,67,89.0,
budget.REVE.1x.G_BA,Dreyer2023,68,81.16666666666667,
budget.REVE.1x.G_BA,Dreyer2023,69,90.66666666666666,
budget.REVE.1x.G_BA,Dreyer2023,70,70.66666666666667,
budget.REVE.1x.G_BA,Dreyer2023,71,89.16666666666666,
budget.REVE.1x.G_BA,Dreyer2023,72,80.66666666666666,
budget.REVE.1x.G_BA,Dreyer2023,73,91.83333333333333,
budget.REVE.1x.G_BA,Dreyer2023,74,80.5,
budget.REVE.1x.G_BA,Dreyer2023,75,82.33333333333334,
budget.REVE.1x.G_BA,Dreyer2023,76,84.16666666666666,
budget.REVE.1x.G_BA,Dreyer2023,77,87.16666666666667,
budget.REVE.1x.G_BA,Dreyer2023,80,72.0,
budget.REVE.1x.G_BA,Dreyer2023,81,89.83333333333334,
budget.REVE.1x.G_BA,Dreyer2023,82,77.5,
budget.REVE.1x.G_BA,Dreyer2023,83,70.16666666666667,
budget.REVE.1x.G_BA,Dreyer2023,84,88.83333333333333,
budget.REVE.1x.G_BA,Dreyer2023,85,73.66666666666667,
budget.REVE.1x.G_BA,Dreyer2023,86,88.16666666666666,
budget.REVE.1x.G_BA,Dreyer2023,87,90.0,
budget.REVE.1x.G_BA,PhysionetMI,1,97.5,
budget.REVE.1x.G_BA,PhysionetMI,2,91.69230769230772,
budget.REVE.1x.G_BA,PhysionetMI,3,94.84848484848484,
budget.REVE.1x.G_BA,PhysionetMI,4,97.34848484848484,
budget.REVE.1x.G_BA,PhysionetMI,5,68.48484848484848,
budget.REVE.1x.G_BA,PhysionetMI,6,93.33333333333333,
budget.REVE.1x.G_BA,PhysionetMI,7,100.0,
budget.REVE.1x.G_BA,PhysionetMI,8,89.62121212121212,
budget.REVE.1x.G_BA,PhysionetMI,9,87.53846153846155,
budget.REVE.1x.G_BA,PhysionetMI,10,73.53846153846155,
budget.REVE.1x.G_BA,PhysionetMI,11,78.03030303030303,
budget.REVE.1x.G_BA,PhysionetMI,12,85.53030303030302,
budget.REVE.1x.G_BA,PhysionetMI,13,86.74242424242425,
budget.REVE.1x.G_BA,PhysionetMI,14,78.71212121212122,
budget.REVE.1x.G_BA,PhysionetMI,15,98.46153846153848,
budget.REVE.1x.G_BA,PhysionetMI,16,67.34848484848484,
budget.REVE.1x.G_BA,PhysionetMI,17,73.93939393939395,
budget.REVE.1x.G_BA,PhysionetMI,18,90.0,
budget.REVE.1x.G_BA,PhysionetMI,19,83.03030303030303,
budget.REVE.1x.G_BA,PhysionetMI,20,91.96969696969695,
budget.REVE.1x.G_BA,PhysionetMI,21,81.59090909090911,
budget.REVE.1x.G_BA,PhysionetMI,22,90.0,
budget.REVE.1x.G_BA,PhysionetMI,23,73.46153846153847,
budget.REVE.1x.G_BA,PhysionetMI,24,66.43939393939394,
budget.REVE.1x.G_BA,PhysionetMI,25,69.77272727272728,
budget.REVE.1x.G_BA,PhysionetMI,26,71.07692307692307,
budget.REVE.1x.G_BA,PhysionetMI,27,85.68181818181819,
budget.REVE.1x.G_BA,PhysionetMI,28,78.56060606060606,
budget.REVE.1x.G_BA,PhysionetMI,29,96.36363636363636,
budget.REVE.1x.G_BA,PhysionetMI,30,91.28787878787878,
budget.REVE.1x.G_BA,PhysionetMI,31,93.10606060606061,
budget.REVE.1x.G_BA,PhysionetMI,32,95.0,
budget.REVE.1x.G_BA,PhysionetMI,33,83.33333333333334,
budget.REVE.1x.G_BA,PhysionetMI,34,77.23076923076924,
budget.REVE.1x.G_BA,PhysionetMI,35,88.18181818181819,
budget.REVE.1x.G_BA,PhysionetMI,36,91.13636363636364,
budget.REVE.1x.G_BA,PhysionetMI,37,81.51515151515152,
budget.REVE.1x.G_BA,PhysionetMI,38,51.590909090909086,
budget.REVE.1x.G_BA,PhysionetMI,39,82.19696969696969,
budget.REVE.1x.G_BA,PhysionetMI,40,100.0,
budget.REVE.1x.G_BA,PhysionetMI,41,98.23076923076924,
budget.REVE.1x.G_BA,PhysionetMI,42,98.33333333333331,
budget.REVE.1x.G_BA,PhysionetMI,43,95.45454545454548,
budget.REVE.1x.G_BA,PhysionetMI,44,86.96969696969697,
budget.REVE.1x.G_BA,PhysionetMI,45,77.1969696969697,
budget.REVE.1x.G_BA,PhysionetMI,46,85.30303030303031,
budget.REVE.1x.G_BA,PhysionetMI,47,76.66666666666667,
budget.REVE.1x.G_BA,PhysionetMI,48,98.33333333333331,
budget.REVE.1x.G_BA,PhysionetMI,49,86.59090909090908,
budget.REVE.1x.G_BA,PhysionetMI,50,69.24242424242424,
budget.REVE.1x.G_BA,PhysionetMI,51,85.45454545454545,
budget.REVE.1x.G_BA,PhysionetMI,52,92.0,
budget.REVE.1x.G_BA,PhysionetMI,53,95.68181818181816,
budget.REVE.1x.G_BA,PhysionetMI,54,98.25757575757575,
budget.REVE.1x.G_BA,PhysionetMI,55,99.0909090909091,
budget.REVE.1x.G_BA,PhysionetMI,56,91.89393939393939,
budget.REVE.1x.G_BA,PhysionetMI,57,97.27272727272728,
budget.REVE.1x.G_BA,PhysionetMI,58,75.15384615384615,
budget.REVE.1x.G_BA,PhysionetMI,59,75.0,
budget.REVE.1x.G_BA,PhysionetMI,60,95.92307692307692,
budget.REVE.1x.G_BA,PhysionetMI,61,100.0,
budget.REVE.1x.G_BA,PhysionetMI,62,87.34848484848484,
budget.REVE.1x.G_BA,PhysionetMI,63,81.06060606060608,
budget.REVE.1x.G_BA,PhysionetMI,64,79.0909090909091,
budget.REVE.1x.G_BA,PhysionetMI,65,98.25757575757575,
budget.REVE.1x.G_BA,PhysionetMI,66,75.75757575757575,
budget.REVE.1x.G_BA,PhysionetMI,67,77.5,
budget.REVE.1x.G_BA,PhysionetMI,68,79.6969696969697,
budget.REVE.1x.G_BA,PhysionetMI,69,91.3076923076923,
budget.REVE.1x.G_BA,PhysionetMI,70,100.0,
budget.REVE.1x.G_BA,PhysionetMI,71,96.66666666666664,
budget.REVE.1x.G_BA,PhysionetMI,72,97.27272727272728,
budget.REVE.1x.G_BA,PhysionetMI,73,87.95454545454545,
budget.REVE.1x.G_BA,PhysionetMI,74,73.03030303030303,
budget.REVE.1x.G_BA,PhysionetMI,75,89.92424242424242,
budget.REVE.1x.G_BA,PhysionetMI,76,66.36363636363637,
budget.REVE.1x.G_BA,PhysionetMI,77,74.16666666666667,
budget.REVE.1x.G_BA,PhysionetMI,78,61.66666666666666,
budget.REVE.1x.G_BA,PhysionetMI,79,79.6969696969697,
budget.REVE.1x.G_BA,PhysionetMI,80,79.15384615384615,
budget.REVE.1x.G_BA,PhysionetMI,81,85.75757575757576,
budget.REVE.1x.G_BA,PhysionetMI,82,78.78787878787878,
budget.REVE.1x.G_BA,PhysionetMI,83,79.23076923076924,
budget.REVE.1x.G_BA,PhysionetMI,84,90.37878787878788,
budget.REVE.1x.G_BA,PhysionetMI,85,95.0,
budget.REVE.1x.G_BA,PhysionetMI,86,89.23076923076924,
budget.REVE.1x.G_BA,PhysionetMI,87,73.56060606060606,
budget.REVE.1x.G_BA,PhysionetMI,90,95.75757575757574,
budget.REVE.1x.G_BA,PhysionetMI,91,88.40909090909092,
budget.REVE.1x.G_BA,PhysionetMI,93,88.86363636363637,
budget.REVE.1x.G_BA,PhysionetMI,94,84.16666666666666,
budget.REVE.1x.G_BA,PhysionetMI,95,81.15384615384616,
budget.REVE.1x.G_BA,PhysionetMI,96,88.33333333333331,
budget.REVE.1x.G_BA,PhysionetMI,97,92.12121212121211,
budget.REVE.1x.G_BA,PhysionetMI,98,46.36363636363637,
budget.REVE.1x.G_BA,PhysionetMI,99,66.43939393939394,
budget.REVE.1x.G_BA,PhysionetMI,101,99.23076923076924,
budget.REVE.1x.G_BA,PhysionetMI,102,82.34848484848484,
budget.REVE.1x.G_BA,PhysionetMI,103,84.54545454545455,
budget.REVE.1x.G_BA,PhysionetMI,105,87.42424242424242,
budget.REVE.1x.G_BA,PhysionetMI,107,64.24242424242424,
budget.REVE.1x.G_BA,PhysionetMI,108,91.2121212121212,
budget.REVE.1x.G_BA,PhysionetMI,109,63.33333333333333,
budget.REVE.2x.own_gain,Cho2017,1,4.39999999999999,
budget.REVE.2x.own_gain,Cho2017,2,1.5999999999999899,
budget.REVE.2x.own_gain,Cho2017,3,8.99999999999999,
budget.REVE.2x.own_gain,Cho2017,4,12.19999999999999,
budget.REVE.2x.own_gain,Cho2017,5,-0.8,
budget.REVE.2x.own_gain,Cho2017,6,0.19999999999999,
budget.REVE.2x.own_gain,Cho2017,7,0.6666666666666601,
budget.REVE.2x.own_gain,Cho2017,8,2.79999999999999,
budget.REVE.2x.own_gain,Cho2017,9,1.83333333333333,
budget.REVE.2x.own_gain,Cho2017,10,3.99999999999999,
budget.REVE.2x.own_gain,Cho2017,11,5.399999999999991,
budget.REVE.2x.own_gain,Cho2017,12,18.199999999999992,
budget.REVE.2x.own_gain,Cho2017,13,2.1999999999999997,
budget.REVE.2x.own_gain,Cho2017,14,3.99999999999999,
budget.REVE.2x.own_gain,Cho2017,15,3.3999999999999897,
budget.REVE.2x.own_gain,Cho2017,16,6.93889390390723e-17,
budget.REVE.2x.own_gain,Cho2017,17,3.3999999999999897,
budget.REVE.2x.own_gain,Cho2017,18,5.59999999999999,
budget.REVE.2x.own_gain,Cho2017,19,1.2,
budget.REVE.2x.own_gain,Cho2017,20,10.59999999999999,
budget.REVE.2x.own_gain,Cho2017,21,2.39999999999999,
budget.REVE.2x.own_gain,Cho2017,22,2.1999999999999997,
budget.REVE.2x.own_gain,Cho2017,23,4.1999999999999895,
budget.REVE.2x.own_gain,Cho2017,24,3.79999999999999,
budget.REVE.2x.own_gain,Cho2017,25,2.0,
budget.REVE.2x.own_gain,Cho2017,26,-0.4,
budget.REVE.2x.own_gain,Cho2017,27,0.59999999999999,
budget.REVE.2x.own_gain,Cho2017,28,19.79999999999999,
budget.REVE.2x.own_gain,Cho2017,29,7.39999999999999,
budget.REVE.2x.own_gain,Cho2017,30,9.19999999999999,
budget.REVE.2x.own_gain,Cho2017,31,5.59999999999999,
budget.REVE.2x.own_gain,Cho2017,32,2.19999999999999,
budget.REVE.2x.own_gain,Cho2017,33,1.99999999999999,
budget.REVE.2x.own_gain,Cho2017,34,0.99999999999999,
budget.REVE.2x.own_gain,Cho2017,35,25.59999999999999,
budget.REVE.2x.own_gain,Cho2017,36,4.79999999999999,
budget.REVE.2x.own_gain,Cho2017,37,1.2,
budget.REVE.2x.own_gain,Cho2017,38,1.5999999999999899,
budget.REVE.2x.own_gain,Cho2017,39,1.5999999999999899,
budget.REVE.2x.own_gain,Cho2017,40,0.4,
budget.REVE.2x.own_gain,Cho2017,41,5.19999999999999,
budget.REVE.2x.own_gain,Cho2017,42,-0.19999999999999,
budget.REVE.2x.own_gain,Cho2017,43,-0.2,
budget.REVE.2x.own_gain,Cho2017,44,1.99999999999999,
budget.REVE.2x.own_gain,Cho2017,45,0.7999999999999899,
budget.REVE.2x.own_gain,Cho2017,46,0.49999999999999,
budget.REVE.2x.own_gain,Cho2017,47,4.0,
budget.REVE.2x.own_gain,Cho2017,48,6.4,
budget.REVE.2x.own_gain,Cho2017,49,0.0,
budget.REVE.2x.own_gain,Cho2017,50,0.0,
budget.REVE.2x.own_gain,Cho2017,51,-0.2,
budget.REVE.2x.own_gain,Cho2017,52,2.19999999999999,
budget.REVE.2x.own_gain,Dreyer2023,1,0.33333333333333004,
budget.REVE.2x.own_gain,Dreyer2023,2,2.66666666666666,
budget.REVE.2x.own_gain,Dreyer2023,3,1.1666666666666599,
budget.REVE.2x.own_gain,Dreyer2023,5,1.8333333333333202,
budget.REVE.2x.own_gain,Dreyer2023,6,5.33333333333333,
budget.REVE.2x.own_gain,Dreyer2023,7,0.16666666666666,
budget.REVE.2x.own_gain,Dreyer2023,8,8.33333333333331,
budget.REVE.2x.own_gain,Dreyer2023,10,-0.5,
budget.REVE.2x.own_gain,Dreyer2023,11,15.666666666666659,
budget.REVE.2x.own_gain,Dreyer2023,12,1.0,
budget.REVE.2x.own_gain,Dreyer2023,13,1.83333333333333,
budget.REVE.2x.own_gain,Dreyer2023,14,7.83333333333332,
budget.REVE.2x.own_gain,Dreyer2023,15,2.33333333333333,
budget.REVE.2x.own_gain,Dreyer2023,16,4.99999999999999,
budget.REVE.2x.own_gain,Dreyer2023,18,0.6666666666666601,
budget.REVE.2x.own_gain,Dreyer2023,19,1.5,
budget.REVE.2x.own_gain,Dreyer2023,20,0.16666666666666,
budget.REVE.2x.own_gain,Dreyer2023,21,0.33333333333333004,
budget.REVE.2x.own_gain,Dreyer2023,22,1.99999999999999,
budget.REVE.2x.own_gain,Dreyer2023,23,3.16666666666666,
budget.REVE.2x.own_gain,Dreyer2023,24,0.33333333333333004,
budget.REVE.2x.own_gain,Dreyer2023,25,3.99999999999999,
budget.REVE.2x.own_gain,Dreyer2023,26,3.99999999999999,
budget.REVE.2x.own_gain,Dreyer2023,27,4.0,
budget.REVE.2x.own_gain,Dreyer2023,28,7.33333333333332,
budget.REVE.2x.own_gain,Dreyer2023,30,8.33333333333332,
budget.REVE.2x.own_gain,Dreyer2023,31,2.4999999999999902,
budget.REVE.2x.own_gain,Dreyer2023,32,3.16666666666666,
budget.REVE.2x.own_gain,Dreyer2023,33,2.83333333333332,
budget.REVE.2x.own_gain,Dreyer2023,34,1.33333333333333,
budget.REVE.2x.own_gain,Dreyer2023,35,4.83333333333332,
budget.REVE.2x.own_gain,Dreyer2023,36,0.16666666666666,
budget.REVE.2x.own_gain,Dreyer2023,37,8.99999999999999,
budget.REVE.2x.own_gain,Dreyer2023,38,1.83333333333333,
budget.REVE.2x.own_gain,Dreyer2023,39,1.1666666666666599,
budget.REVE.2x.own_gain,Dreyer2023,40,2.06896551724137,
budget.REVE.2x.own_gain,Dreyer2023,42,15.666666666666659,
budget.REVE.2x.own_gain,Dreyer2023,43,-0.83333333333333,
budget.REVE.2x.own_gain,Dreyer2023,44,4.16666666666666,
budget.REVE.2x.own_gain,Dreyer2023,45,6.1666666666666705,
budget.REVE.2x.own_gain,Dreyer2023,46,0.83333333333333,
budget.REVE.2x.own_gain,Dreyer2023,47,6.66666666666665,
budget.REVE.2x.own_gain,Dreyer2023,48,-2.33333333333333,
budget.REVE.2x.own_gain,Dreyer2023,49,1.5,
budget.REVE.2x.own_gain,Dreyer2023,50,4.8333333333333295,
budget.REVE.2x.own_gain,Dreyer2023,51,2.66666666666666,
budget.REVE.2x.own_gain,Dreyer2023,52,11.83333333333332,
budget.REVE.2x.own_gain,Dreyer2023,53,1.942890293094024e-15,
budget.REVE.2x.own_gain,Dreyer2023,54,9.99999999999999,
budget.REVE.2x.own_gain,Dreyer2023,55,8.83333333333333,
budget.REVE.2x.own_gain,Dreyer2023,56,2.1666666666666603,
budget.REVE.2x.own_gain,Dreyer2023,57,9.16666666666666,
budget.REVE.2x.own_gain,Dreyer2023,58,0.33333333333332,
budget.REVE.2x.own_gain,Dreyer2023,59,-1.24999999999999,
budget.REVE.2x.own_gain,Dreyer2023,60,4.66666666666666,
budget.REVE.2x.own_gain,Dreyer2023,61,4.83333333333332,
budget.REVE.2x.own_gain,Dreyer2023,62,6.16666666666666,
budget.REVE.2x.own_gain,Dreyer2023,63,2.83333333333333,
budget.REVE.2x.own_gain,Dreyer2023,64,7.16666666666666,
budget.REVE.2x.own_gain,Dreyer2023,65,4.33333333333333,
budget.REVE.2x.own_gain,Dreyer2023,66,5.99999999999999,
budget.REVE.2x.own_gain,Dreyer2023,67,-1.99999999999999,
budget.REVE.2x.own_gain,Dreyer2023,68,4.66666666666666,
budget.REVE.2x.own_gain,Dreyer2023,69,0.6666666666666601,
budget.REVE.2x.own_gain,Dreyer2023,70,13.49999999999999,
budget.REVE.2x.own_gain,Dreyer2023,71,1.49999999999999,
budget.REVE.2x.own_gain,Dreyer2023,72,13.16666666666666,
budget.REVE.2x.own_gain,Dreyer2023,73,5.99999999999999,
budget.REVE.2x.own_gain,Dreyer2023,74,0.83333333333333,
budget.REVE.2x.own_gain,Dreyer2023,75,5.16666666666666,
budget.REVE.2x.own_gain,Dreyer2023,76,4.16666666666667,
budget.REVE.2x.own_gain,Dreyer2023,77,4.99999999999999,
budget.REVE.2x.own_gain,Dreyer2023,80,9.666666666666659,
budget.REVE.2x.own_gain,Dreyer2023,81,3.99999999999999,
budget.REVE.2x.own_gain,Dreyer2023,82,10.83333333333332,
budget.REVE.2x.own_gain,Dreyer2023,83,5.66666666666666,
budget.REVE.2x.own_gain,Dreyer2023,84,0.6666666666666601,
budget.REVE.2x.own_gain,Dreyer2023,85,4.16666666666666,
budget.REVE.2x.own_gain,Dreyer2023,86,0.83333333333333,
budget.REVE.2x.own_gain,Dreyer2023,87,4.66666666666666,
budget.REVE.2x.own_gain,PhysionetMI,1,-0.9090909090909001,
budget.REVE.2x.own_gain,PhysionetMI,2,-0.76923076923076,
budget.REVE.2x.own_gain,PhysionetMI,3,2.6515151515151403,
budget.REVE.2x.own_gain,PhysionetMI,4,1.8181818181818101,
budget.REVE.2x.own_gain,PhysionetMI,5,3.5606060606060503,
budget.REVE.2x.own_gain,PhysionetMI,6,-7.5,
budget.REVE.2x.own_gain,PhysionetMI,7,0.0,
budget.REVE.2x.own_gain,PhysionetMI,8,4.77272727272727,
budget.REVE.2x.own_gain,PhysionetMI,9,2.99999999999999,
budget.REVE.2x.own_gain,PhysionetMI,10,-1.3076923076923102,
budget.REVE.2x.own_gain,PhysionetMI,11,-0.3030303030303,
budget.REVE.2x.own_gain,PhysionetMI,12,6.590909090909081,
budget.REVE.2x.own_gain,PhysionetMI,13,7.348484848484841,
budget.REVE.2x.own_gain,PhysionetMI,14,7.87878787878788,
budget.REVE.2x.own_gain,PhysionetMI,15,0.76923076923076,
budget.REVE.2x.own_gain,PhysionetMI,16,-1.96969696969697,
budget.REVE.2x.own_gain,PhysionetMI,17,4.8484848484848495,
budget.REVE.2x.own_gain,PhysionetMI,18,0.0,
budget.REVE.2x.own_gain,PhysionetMI,19,7.348484848484841,
budget.REVE.2x.own_gain,PhysionetMI,20,1.1363636363636198,
budget.REVE.2x.own_gain,PhysionetMI,21,-0.75757575757575,
budget.REVE.2x.own_gain,PhysionetMI,22,0.0,
budget.REVE.2x.own_gain,PhysionetMI,23,4.92307692307691,
budget.REVE.2x.own_gain,PhysionetMI,24,8.4090909090909,
budget.REVE.2x.own_gain,PhysionetMI,25,-3.1060606060606,
budget.REVE.2x.own_gain,PhysionetMI,26,4.23076923076923,
budget.REVE.2x.own_gain,PhysionetMI,27,1.8939393939393898,
budget.REVE.2x.own_gain,PhysionetMI,28,-2.6515151515151403,
budget.REVE.2x.own_gain,PhysionetMI,29,1.8181818181818101,
budget.REVE.2x.own_gain,PhysionetMI,30,-1.13636363636363,
budget.REVE.2x.own_gain,PhysionetMI,31,-1.06060606060605,
budget.REVE.2x.own_gain,PhysionetMI,32,-1.99999999999999,
budget.REVE.2x.own_gain,PhysionetMI,33,4.16666666666666,
budget.REVE.2x.own_gain,PhysionetMI,34,4.99999999999999,
budget.REVE.2x.own_gain,PhysionetMI,35,1.7424242424242402,
budget.REVE.2x.own_gain,PhysionetMI,36,1.51515151515151,
budget.REVE.2x.own_gain,PhysionetMI,37,1.2121212121212,
budget.REVE.2x.own_gain,PhysionetMI,38,6.969696969696961,
budget.REVE.2x.own_gain,PhysionetMI,39,0.07575757575757,
budget.REVE.2x.own_gain,PhysionetMI,40,0.0,
budget.REVE.2x.own_gain,PhysionetMI,41,0.46153846153846,
budget.REVE.2x.own_gain,PhysionetMI,42,1.66666666666666,
budget.REVE.2x.own_gain,PhysionetMI,43,-0.9090909090909001,
budget.REVE.2x.own_gain,PhysionetMI,44,-2.1212121212121198,
budget.REVE.2x.own_gain,PhysionetMI,45,-1.74242424242423,
budget.REVE.2x.own_gain,PhysionetMI,46,-3.18181818181818,
budget.REVE.2x.own_gain,PhysionetMI,47,-0.68181818181818,
budget.REVE.2x.own_gain,PhysionetMI,48,0.0,
budget.REVE.2x.own_gain,PhysionetMI,49,1.66666666666666,
budget.REVE.2x.own_gain,PhysionetMI,50,14.16666666666666,
budget.REVE.2x.own_gain,PhysionetMI,51,-0.83333333333333,
budget.REVE.2x.own_gain,PhysionetMI,52,6.0,
budget.REVE.2x.own_gain,PhysionetMI,53,0.83333333333333,
budget.REVE.2x.own_gain,PhysionetMI,54,-1.66666666666666,
budget.REVE.2x.own_gain,PhysionetMI,55,0.9848484848484799,
budget.REVE.2x.own_gain,PhysionetMI,56,6.1363636363636305,
budget.REVE.2x.own_gain,PhysionetMI,57,0.9848484848484799,
budget.REVE.2x.own_gain,PhysionetMI,58,9.769230769230761,
budget.REVE.2x.own_gain,PhysionetMI,59,-2.1969696969697,
budget.REVE.2x.own_gain,PhysionetMI,60,1.53846153846153,
budget.REVE.2x.own_gain,PhysionetMI,61,-0.9090909090909001,
budget.REVE.2x.own_gain,PhysionetMI,62,0.9848484848484799,
budget.REVE.2x.own_gain,PhysionetMI,63,0.15151515151515,
budget.REVE.2x.own_gain,PhysionetMI,64,-0.68181818181818,
budget.REVE.2x.own_gain,PhysionetMI,65,-0.22727272727272002,
budget.REVE.2x.own_gain,PhysionetMI,66,1.66666666666666,
budget.REVE.2x.own_gain,PhysionetMI,67,1.43939393939394,
budget.REVE.2x.own_gain,PhysionetMI,68,2.72727272727272,
budget.REVE.2x.own_gain,PhysionetMI,69,4.3076923076922995,
budget.REVE.2x.own_gain,PhysionetMI,70,0.0,
budget.REVE.2x.own_gain,PhysionetMI,71,2.57575757575757,
budget.REVE.2x.own_gain,PhysionetMI,72,0.0,
budget.REVE.2x.own_gain,PhysionetMI,73,0.90909090909091,
budget.REVE.2x.own_gain,PhysionetMI,74,3.33333333333333,
budget.REVE.2x.own_gain,PhysionetMI,75,-0.75757575757576,
budget.REVE.2x.own_gain,PhysionetMI,76,-7.575757575757571,
budget.REVE.2x.own_gain,PhysionetMI,77,5.22727272727272,
budget.REVE.2x.own_gain,PhysionetMI,78,0.45454545454545003,
budget.REVE.2x.own_gain,PhysionetMI,79,-8.863636363636349,
budget.REVE.2x.own_gain,PhysionetMI,80,3.99999999999999,
budget.REVE.2x.own_gain,PhysionetMI,81,2.04545454545454,
budget.REVE.2x.own_gain,PhysionetMI,82,-0.15151515151515,
budget.REVE.2x.own_gain,PhysionetMI,83,4.61538461538461,
budget.REVE.2x.own_gain,PhysionetMI,84,-0.07575757575757,
budget.REVE.2x.own_gain,PhysionetMI,85,2.72727272727272,
budget.REVE.2x.own_gain,PhysionetMI,86,0.76923076923076,
budget.REVE.2x.own_gain,PhysionetMI,87,6.66666666666667,
budget.REVE.2x.own_gain,PhysionetMI,90,3.2575757575757502,
budget.REVE.2x.own_gain,PhysionetMI,91,-0.6060606060606,
budget.REVE.2x.own_gain,PhysionetMI,93,1.0606060606060599,
budget.REVE.2x.own_gain,PhysionetMI,94,-9.015151515151508,
budget.REVE.2x.own_gain,PhysionetMI,95,0.53846153846154,
budget.REVE.2x.own_gain,PhysionetMI,96,-2.5,
budget.REVE.2x.own_gain,PhysionetMI,97,-1.8181818181818101,
budget.REVE.2x.own_gain,PhysionetMI,98,-0.75757575757576,
budget.REVE.2x.own_gain,PhysionetMI,99,0.37878787878787,
budget.REVE.2x.own_gain,PhysionetMI,101,0.0,
budget.REVE.2x.own_gain,PhysionetMI,102,4.3181818181818095,
budget.REVE.2x.own_gain,PhysionetMI,103,2.8030303030303,
budget.REVE.2x.own_gain,PhysionetMI,105,-1.8181818181818101,
budget.REVE.2x.own_gain,PhysionetMI,107,-1.66666666666666,
budget.REVE.2x.own_gain,PhysionetMI,108,-0.9848484848484799,
budget.REVE.2x.own_gain,PhysionetMI,109,2.5,
budget.REVE.2x.upper_bound,Cho2017,1,4.43999999999999,
budget.REVE.2x.upper_bound,Cho2017,2,1.32,
budget.REVE.2x.upper_bound,Cho2017,3,9.27999999999999,
budget.REVE.2x.upper_bound,Cho2017,4,10.31999999999999,
budget.REVE.2x.upper_bound,Cho2017,5,-0.18,
budget.REVE.2x.upper_bound,Cho2017,6,-0.1,
budget.REVE.2x.upper_bound,Cho2017,7,0.11666666666667,
budget.REVE.2x.upper_bound,Cho2017,8,3.1,
budget.REVE.2x.upper_bound,Cho2017,9,4.18333333333333,
budget.REVE.2x.upper_bound,Cho2017,10,4.05999999999999,
budget.REVE.2x.upper_bound,Cho2017,11,3.93999999999999,
budget.REVE.2x.upper_bound,Cho2017,12,18.31999999999999,
budget.REVE.2x.upper_bound,Cho2017,13,2.07999999999999,
budget.REVE.2x.upper_bound,Cho2017,14,3.35999999999999,
budget.REVE.2x.upper_bound,Cho2017,15,2.77999999999999,
budget.REVE.2x.upper_bound,Cho2017,16,-0.12,
budget.REVE.2x.upper_bound,Cho2017,17,4.49999999999999,
budget.REVE.2x.upper_bound,Cho2017,18,4.37999999999999,
budget.REVE.2x.upper_bound,Cho2017,19,1.34,
budget.REVE.2x.upper_bound,Cho2017,20,10.33999999999999,
budget.REVE.2x.upper_bound,Cho2017,21,3.77999999999998,
budget.REVE.2x.upper_bound,Cho2017,22,1.7999999999999998,
budget.REVE.2x.upper_bound,Cho2017,23,4.64,
budget.REVE.2x.upper_bound,Cho2017,24,1.6399999999999901,
budget.REVE.2x.upper_bound,Cho2017,25,1.18,
budget.REVE.2x.upper_bound,Cho2017,26,-0.12,
budget.REVE.2x.upper_bound,Cho2017,27,1.19999999999999,
budget.REVE.2x.upper_bound,Cho2017,28,22.579999999999988,
budget.REVE.2x.upper_bound,Cho2017,29,6.69999999999999,
budget.REVE.2x.upper_bound,Cho2017,30,8.919999999999991,
budget.REVE.2x.upper_bound,Cho2017,31,5.29999999999999,
budget.REVE.2x.upper_bound,Cho2017,32,2.5,
budget.REVE.2x.upper_bound,Cho2017,33,2.3800000000000003,
budget.REVE.2x.upper_bound,Cho2017,34,1.1799999999999902,
budget.REVE.2x.upper_bound,Cho2017,35,24.93999999999999,
budget.REVE.2x.upper_bound,Cho2017,36,4.41999999999999,
budget.REVE.2x.upper_bound,Cho2017,37,0.13999999999999,
budget.REVE.2x.upper_bound,Cho2017,38,3.43999999999999,
budget.REVE.2x.upper_bound,Cho2017,39,1.67999999999999,
budget.REVE.2x.upper_bound,Cho2017,40,-0.19999999999999,
budget.REVE.2x.upper_bound,Cho2017,41,7.63999999999999,
budget.REVE.2x.upper_bound,Cho2017,42,-1.4399999999999902,
budget.REVE.2x.upper_bound,Cho2017,43,-0.15999999999998998,
budget.REVE.2x.upper_bound,Cho2017,44,1.9199999999999902,
budget.REVE.2x.upper_bound,Cho2017,45,2.36,
budget.REVE.2x.upper_bound,Cho2017,46,-0.06666666666665999,
budget.REVE.2x.upper_bound,Cho2017,47,6.1599999999999895,
budget.REVE.2x.upper_bound,Cho2017,48,8.16,
budget.REVE.2x.upper_bound,Cho2017,49,0.13999999999999,
budget.REVE.2x.upper_bound,Cho2017,50,0.8,
budget.REVE.2x.upper_bound,Cho2017,51,0.99999999999999,
budget.REVE.2x.upper_bound,Cho2017,52,3.69999999999999,
budget.REVE.2x.upper_bound,Dreyer2023,1,1.7666666666666602,
budget.REVE.2x.upper_bound,Dreyer2023,2,6.383333333333329,
budget.REVE.2x.upper_bound,Dreyer2023,3,1.49999999999999,
budget.REVE.2x.upper_bound,Dreyer2023,5,2.94999999999998,
budget.REVE.2x.upper_bound,Dreyer2023,6,6.0333333333333306,
budget.REVE.2x.upper_bound,Dreyer2023,7,2.09999999999999,
budget.REVE.2x.upper_bound,Dreyer2023,8,9.69999999999998,
budget.REVE.2x.upper_bound,Dreyer2023,10,3.09999999999999,
budget.REVE.2x.upper_bound,Dreyer2023,11,17.45,
budget.REVE.2x.upper_bound,Dreyer2023,12,2.44999999999999,
budget.REVE.2x.upper_bound,Dreyer2023,13,2.69999999999999,
budget.REVE.2x.upper_bound,Dreyer2023,14,9.68333333333332,
budget.REVE.2x.upper_bound,Dreyer2023,15,1.68333333333333,
budget.REVE.2x.upper_bound,Dreyer2023,16,7.91666666666665,
budget.REVE.2x.upper_bound,Dreyer2023,18,1.28333333333333,
budget.REVE.2x.upper_bound,Dreyer2023,19,3.7499999999999902,
budget.REVE.2x.upper_bound,Dreyer2023,20,2.83333333333332,
budget.REVE.2x.upper_bound,Dreyer2023,21,2.15,
budget.REVE.2x.upper_bound,Dreyer2023,22,2.9333333333333202,
budget.REVE.2x.upper_bound,Dreyer2023,23,6.71666666666665,
budget.REVE.2x.upper_bound,Dreyer2023,24,2.0166666666666497,
budget.REVE.2x.upper_bound,Dreyer2023,25,6.19999999999999,
budget.REVE.2x.upper_bound,Dreyer2023,26,7.69999999999999,
budget.REVE.2x.upper_bound,Dreyer2023,27,7.183333333333319,
budget.REVE.2x.upper_bound,Dreyer2023,28,7.2833333333333306,
budget.REVE.2x.upper_bound,Dreyer2023,30,7.916666666666659,
budget.REVE.2x.upper_bound,Dreyer2023,31,5.54999999999999,
budget.REVE.2x.upper_bound,Dreyer2023,32,5.03333333333332,
budget.REVE.2x.upper_bound,Dreyer2023,33,8.016666666666659,
budget.REVE.2x.upper_bound,Dreyer2023,34,0.74999999999999,
budget.REVE.2x.upper_bound,Dreyer2023,35,5.63333333333333,
budget.REVE.2x.upper_bound,Dreyer2023,36,9.03333333333333,
budget.REVE.2x.upper_bound,Dreyer2023,37,16.99999999999999,
budget.REVE.2x.upper_bound,Dreyer2023,38,2.73333333333332,
budget.REVE.2x.upper_bound,Dreyer2023,39,1.83333333333333,
budget.REVE.2x.upper_bound,Dreyer2023,40,4.56896551724137,
budget.REVE.2x.upper_bound,Dreyer2023,42,20.9,
budget.REVE.2x.upper_bound,Dreyer2023,43,0.75,
budget.REVE.2x.upper_bound,Dreyer2023,44,5.083333333333321,
budget.REVE.2x.upper_bound,Dreyer2023,45,4.66666666666667,
budget.REVE.2x.upper_bound,Dreyer2023,46,2.5999999999999903,
budget.REVE.2x.upper_bound,Dreyer2023,47,6.24999999999999,
budget.REVE.2x.upper_bound,Dreyer2023,48,2.01666666666666,
budget.REVE.2x.upper_bound,Dreyer2023,49,3.85,
budget.REVE.2x.upper_bound,Dreyer2023,50,9.700000000000001,
budget.REVE.2x.upper_bound,Dreyer2023,51,6.01666666666665,
budget.REVE.2x.upper_bound,Dreyer2023,52,14.29999999999999,
budget.REVE.2x.upper_bound,Dreyer2023,53,1.63333333333333,
budget.REVE.2x.upper_bound,Dreyer2023,54,12.41666666666665,
budget.REVE.2x.upper_bound,Dreyer2023,55,6.3,
budget.REVE.2x.upper_bound,Dreyer2023,56,5.3,
budget.REVE.2x.upper_bound,Dreyer2023,57,11.849999999999989,
budget.REVE.2x.upper_bound,Dreyer2023,58,3.23333333333332,
budget.REVE.2x.upper_bound,Dreyer2023,59,0.57499999999999,
budget.REVE.2x.upper_bound,Dreyer2023,60,4.88333333333333,
budget.REVE.2x.upper_bound,Dreyer2023,61,5.66666666666665,
budget.REVE.2x.upper_bound,Dreyer2023,62,8.249999999999991,
budget.REVE.2x.upper_bound,Dreyer2023,63,5.34999999999999,
budget.REVE.2x.upper_bound,Dreyer2023,64,5.03333333333333,
budget.REVE.2x.upper_bound,Dreyer2023,65,8.91666666666666,
budget.REVE.2x.upper_bound,Dreyer2023,66,14.216666666666661,
budget.REVE.2x.upper_bound,Dreyer2023,67,1.68333333333332,
budget.REVE.2x.upper_bound,Dreyer2023,68,10.48333333333332,
budget.REVE.2x.upper_bound,Dreyer2023,69,5.44999999999999,
budget.REVE.2x.upper_bound,Dreyer2023,70,18.79999999999999,
budget.REVE.2x.upper_bound,Dreyer2023,71,5.89999999999999,
budget.REVE.2x.upper_bound,Dreyer2023,72,15.64999999999999,
budget.REVE.2x.upper_bound,Dreyer2023,73,10.44999999999999,
budget.REVE.2x.upper_bound,Dreyer2023,74,3.99999999999999,
budget.REVE.2x.upper_bound,Dreyer2023,75,10.48333333333332,
budget.REVE.2x.upper_bound,Dreyer2023,76,4.3999999999999995,
budget.REVE.2x.upper_bound,Dreyer2023,77,6.833333333333321,
budget.REVE.2x.upper_bound,Dreyer2023,80,9.9,
budget.REVE.2x.upper_bound,Dreyer2023,81,9.24999999999999,
budget.REVE.2x.upper_bound,Dreyer2023,82,17.39999999999999,
budget.REVE.2x.upper_bound,Dreyer2023,83,7.94999999999999,
budget.REVE.2x.upper_bound,Dreyer2023,84,4.38333333333333,
budget.REVE.2x.upper_bound,Dreyer2023,85,5.64999999999999,
budget.REVE.2x.upper_bound,Dreyer2023,86,1.9166666666666599,
budget.REVE.2x.upper_bound,Dreyer2023,87,6.73333333333332,
budget.REVE.2x.upper_bound,PhysionetMI,1,1.5303030303030298,
budget.REVE.2x.upper_bound,PhysionetMI,2,-0.39999999999999003,
budget.REVE.2x.upper_bound,PhysionetMI,3,2.3560606060606,
budget.REVE.2x.upper_bound,PhysionetMI,4,3.79545454545454,
budget.REVE.2x.upper_bound,PhysionetMI,5,7.9924242424242395,
budget.REVE.2x.upper_bound,PhysionetMI,6,-6.9393939393939394,
budget.REVE.2x.upper_bound,PhysionetMI,7,0.99242424242424,
budget.REVE.2x.upper_bound,PhysionetMI,8,7.19696969696969,
budget.REVE.2x.upper_bound,PhysionetMI,9,2.33076923076923,
budget.REVE.2x.upper_bound,PhysionetMI,10,1.76923076923076,
budget.REVE.2x.upper_bound,PhysionetMI,11,2.09848484848484,
budget.REVE.2x.upper_bound,PhysionetMI,12,7.61363636363636,
budget.REVE.2x.upper_bound,PhysionetMI,13,10.59848484848484,
budget.REVE.2x.upper_bound,PhysionetMI,14,8.91666666666665,
budget.REVE.2x.upper_bound,PhysionetMI,15,0.92307692307691,
budget.REVE.2x.upper_bound,PhysionetMI,16,0.6060606060606,
budget.REVE.2x.upper_bound,PhysionetMI,17,5.674242424242419,
budget.REVE.2x.upper_bound,PhysionetMI,18,0.34848484848484,
budget.REVE.2x.upper_bound,PhysionetMI,19,4.02272727272727,
budget.REVE.2x.upper_bound,PhysionetMI,20,5.18181818181817,
budget.REVE.2x.upper_bound,PhysionetMI,21,2.0227272727272703,
budget.REVE.2x.upper_bound,PhysionetMI,22,0.25757575757575,
budget.REVE.2x.upper_bound,PhysionetMI,23,4.03076923076922,
budget.REVE.2x.upper_bound,PhysionetMI,24,7.159090909090899,
budget.REVE.2x.upper_bound,PhysionetMI,25,-0.8560606060606,
budget.REVE.2x.upper_bound,PhysionetMI,26,7.22307692307691,
budget.REVE.2x.upper_bound,PhysionetMI,27,2.04545454545454,
budget.REVE.2x.upper_bound,PhysionetMI,28,0.38636363636363,
budget.REVE.2x.upper_bound,PhysionetMI,29,1.1363636363636198,
budget.REVE.2x.upper_bound,PhysionetMI,30,1.43939393939393,
budget.REVE.2x.upper_bound,PhysionetMI,31,2.95454545454546,
budget.REVE.2x.upper_bound,PhysionetMI,32,-2.1999999999999997,
budget.REVE.2x.upper_bound,PhysionetMI,33,3.7878787878787796,
budget.REVE.2x.upper_bound,PhysionetMI,34,7.45384615384615,
budget.REVE.2x.upper_bound,PhysionetMI,35,3.28787878787878,
budget.REVE.2x.upper_bound,PhysionetMI,36,1.10606060606061,
budget.REVE.2x.upper_bound,PhysionetMI,37,4.09090909090908,
budget.REVE.2x.upper_bound,PhysionetMI,38,6.318181818181801,
budget.REVE.2x.upper_bound,PhysionetMI,39,3.6590909090909,
budget.REVE.2x.upper_bound,PhysionetMI,40,0.25,
budget.REVE.2x.upper_bound,PhysionetMI,41,2.39230769230769,
budget.REVE.2x.upper_bound,PhysionetMI,42,0.7651515151515,
budget.REVE.2x.upper_bound,PhysionetMI,43,0.4621212121212,
budget.REVE.2x.upper_bound,PhysionetMI,44,-1.48484848484848,
budget.REVE.2x.upper_bound,PhysionetMI,45,-0.48484848484848,
budget.REVE.2x.upper_bound,PhysionetMI,46,-0.9696969696969701,
budget.REVE.2x.upper_bound,PhysionetMI,47,-0.94696969696969,
budget.REVE.2x.upper_bound,PhysionetMI,48,2.34848484848484,
budget.REVE.2x.upper_bound,PhysionetMI,49,5.18181818181817,
budget.REVE.2x.upper_bound,PhysionetMI,50,13.09848484848484,
budget.REVE.2x.upper_bound,PhysionetMI,51,1.6287878787878698,
budget.REVE.2x.upper_bound,PhysionetMI,52,4.73846153846154,
budget.REVE.2x.upper_bound,PhysionetMI,53,1.31818181818181,
budget.REVE.2x.upper_bound,PhysionetMI,54,-0.5378787878787901,
budget.REVE.2x.upper_bound,PhysionetMI,55,1.24999999999998,
budget.REVE.2x.upper_bound,PhysionetMI,56,3.31060606060605,
budget.REVE.2x.upper_bound,PhysionetMI,57,0.18939393939393,
budget.REVE.2x.upper_bound,PhysionetMI,58,9.76153846153845,
budget.REVE.2x.upper_bound,PhysionetMI,59,-0.09848484848483999,
budget.REVE.2x.upper_bound,PhysionetMI,60,1.86923076923076,
budget.REVE.2x.upper_bound,PhysionetMI,61,0.7121212121211999,
budget.REVE.2x.upper_bound,PhysionetMI,62,0.47727272727272,
budget.REVE.2x.upper_bound,PhysionetMI,63,1.65909090909091,
budget.REVE.2x.upper_bound,PhysionetMI,64,5.36363636363636,
budget.REVE.2x.upper_bound,PhysionetMI,65,-0.93181818181818,
budget.REVE.2x.upper_bound,PhysionetMI,66,2.5075757575757502,
budget.REVE.2x.upper_bound,PhysionetMI,67,3.28030303030302,
budget.REVE.2x.upper_bound,PhysionetMI,68,3.9621212121212004,
budget.REVE.2x.upper_bound,PhysionetMI,69,4.16923076923076,
budget.REVE.2x.upper_bound,PhysionetMI,70,0.34090909090909,
budget.REVE.2x.upper_bound,PhysionetMI,71,2.28030303030302,
budget.REVE.2x.upper_bound,PhysionetMI,72,1.71969696969696,
budget.REVE.2x.upper_bound,PhysionetMI,73,5.15151515151514,
budget.REVE.2x.upper_bound,PhysionetMI,74,5.469696969696971,
budget.REVE.2x.upper_bound,PhysionetMI,75,1.09848484848484,
budget.REVE.2x.upper_bound,PhysionetMI,76,-4.71969696969696,
budget.REVE.2x.upper_bound,PhysionetMI,77,6.53030303030302,
budget.REVE.2x.upper_bound,PhysionetMI,78,4.33333333333333,
budget.REVE.2x.upper_bound,PhysionetMI,79,-5.84848484848484,
budget.REVE.2x.upper_bound,PhysionetMI,80,0.1,
budget.REVE.2x.upper_bound,PhysionetMI,81,3.58333333333333,
budget.REVE.2x.upper_bound,PhysionetMI,82,-0.99242424242424,
budget.REVE.2x.upper_bound,PhysionetMI,83,3.88461538461538,
budget.REVE.2x.upper_bound,PhysionetMI,84,0.8712121212121201,
budget.REVE.2x.upper_bound,PhysionetMI,85,2.42424242424242,
budget.REVE.2x.upper_bound,PhysionetMI,86,0.46153846153844996,
budget.REVE.2x.upper_bound,PhysionetMI,87,7.36363636363636,
budget.REVE.2x.upper_bound,PhysionetMI,90,2.68181818181817,
budget.REVE.2x.upper_bound,PhysionetMI,91,-2.97727272727272,
budget.REVE.2x.upper_bound,PhysionetMI,93,0.49999999999999,
budget.REVE.2x.upper_bound,PhysionetMI,94,-5.57575757575756,
budget.REVE.2x.upper_bound,PhysionetMI,95,2.41538461538461,
budget.REVE.2x.upper_bound,PhysionetMI,96,-0.38636363636363,
budget.REVE.2x.upper_bound,PhysionetMI,97,3.43181818181817,
budget.REVE.2x.upper_bound,PhysionetMI,98,0.39393939393939,
budget.REVE.2x.upper_bound,PhysionetMI,99,0.59090909090909,
budget.REVE.2x.upper_bound,PhysionetMI,101,0.61538461538461,
budget.REVE.2x.upper_bound,PhysionetMI,102,6.772727272727271,
budget.REVE.2x.upper_bound,PhysionetMI,103,1.84848484848484,
budget.REVE.2x.upper_bound,PhysionetMI,105,-1.15151515151514,
budget.REVE.2x.upper_bound,PhysionetMI,107,0.44696969696968997,
budget.REVE.2x.upper_bound,PhysionetMI,108,-0.06818181818181,
budget.REVE.2x.upper_bound,PhysionetMI,109,1.66666666666666,
budget.REVE.2x.G_BA,Cho2017,1,63.0,
budget.REVE.2x.G_BA,Cho2017,2,57.400000000000006,
budget.REVE.2x.G_BA,Cho2017,3,84.80000000000001,
budget.REVE.2x.G_BA,Cho2017,4,74.6,
budget.REVE.2x.G_BA,Cho2017,5,99.8,
budget.REVE.2x.G_BA,Cho2017,6,84.80000000000001,
budget.REVE.2x.G_BA,Cho2017,7,58.50000000000001,
budget.REVE.2x.G_BA,Cho2017,8,66.8,
budget.REVE.2x.G_BA,Cho2017,9,67.0,
budget.REVE.2x.G_BA,Cho2017,10,69.19999999999999,
budget.REVE.2x.G_BA,Cho2017,11,60.4,
budget.REVE.2x.G_BA,Cho2017,12,56.60000000000001,
budget.REVE.2x.G_BA,Cho2017,13,87.19999999999999,
budget.REVE.2x.G_BA,Cho2017,14,82.2,
budget.REVE.2x.G_BA,Cho2017,15,63.2,
budget.REVE.2x.G_BA,Cho2017,16,61.199999999999996,
budget.REVE.2x.G_BA,Cho2017,17,60.4,
budget.REVE.2x.G_BA,Cho2017,18,59.599999999999994,
budget.REVE.2x.G_BA,Cho2017,19,60.4,
budget.REVE.2x.G_BA,Cho2017,20,61.199999999999996,
budget.REVE.2x.G_BA,Cho2017,21,70.6,
budget.REVE.2x.G_BA,Cho2017,22,65.99999999999999,
budget.REVE.2x.G_BA,Cho2017,23,77.8,
budget.REVE.2x.G_BA,Cho2017,24,61.199999999999996,
budget.REVE.2x.G_BA,Cho2017,25,65.39999999999999,
budget.REVE.2x.G_BA,Cho2017,26,100.0,
budget.REVE.2x.G_BA,Cho2017,27,62.8,
budget.REVE.2x.G_BA,Cho2017,28,76.4,
budget.REVE.2x.G_BA,Cho2017,29,49.39999999999999,
budget.REVE.2x.G_BA,Cho2017,30,69.0,
budget.REVE.2x.G_BA,Cho2017,31,65.19999999999999,
budget.REVE.2x.G_BA,Cho2017,32,61.40000000000001,
budget.REVE.2x.G_BA,Cho2017,33,64.0,
budget.REVE.2x.G_BA,Cho2017,34,55.400000000000006,
budget.REVE.2x.G_BA,Cho2017,35,49.39999999999999,
budget.REVE.2x.G_BA,Cho2017,36,57.99999999999999,
budget.REVE.2x.G_BA,Cho2017,37,84.00000000000001,
budget.REVE.2x.G_BA,Cho2017,38,57.800000000000004,
budget.REVE.2x.G_BA,Cho2017,39,61.40000000000001,
budget.REVE.2x.G_BA,Cho2017,40,48.19999999999999,
budget.REVE.2x.G_BA,Cho2017,41,84.39999999999999,
budget.REVE.2x.G_BA,Cho2017,42,58.4,
budget.REVE.2x.G_BA,Cho2017,43,100.0,
budget.REVE.2x.G_BA,Cho2017,44,94.19999999999999,
budget.REVE.2x.G_BA,Cho2017,45,60.400000000000006,
budget.REVE.2x.G_BA,Cho2017,46,63.83333333333333,
budget.REVE.2x.G_BA,Cho2017,47,82.2,
budget.REVE.2x.G_BA,Cho2017,48,74.4,
budget.REVE.2x.G_BA,Cho2017,49,100.0,
budget.REVE.2x.G_BA,Cho2017,50,90.0,
budget.REVE.2x.G_BA,Cho2017,51,64.60000000000001,
budget.REVE.2x.G_BA,Cho2017,52,69.0,
budget.REVE.2x.G_BA,Dreyer2023,1,95.16666666666664,
budget.REVE.2x.G_BA,Dreyer2023,2,85.66666666666667,
budget.REVE.2x.G_BA,Dreyer2023,3,81.66666666666667,
budget.REVE.2x.G_BA,Dreyer2023,5,95.5,
budget.REVE.2x.G_BA,Dreyer2023,6,86.66666666666666,
budget.REVE.2x.G_BA,Dreyer2023,7,99.0,
budget.REVE.2x.G_BA,Dreyer2023,8,88.16666666666666,
budget.REVE.2x.G_BA,Dreyer2023,10,97.66666666666666,
budget.REVE.2x.G_BA,Dreyer2023,11,63.66666666666667,
budget.REVE.2x.G_BA,Dreyer2023,12,94.5,
budget.REVE.2x.G_BA,Dreyer2023,13,76.0,
budget.REVE.2x.G_BA,Dreyer2023,14,75.33333333333333,
budget.REVE.2x.G_BA,Dreyer2023,15,86.83333333333334,
budget.REVE.2x.G_BA,Dreyer2023,16,89.0,
budget.REVE.2x.G_BA,Dreyer2023,18,96.33333333333336,
budget.REVE.2x.G_BA,Dreyer2023,19,97.5,
budget.REVE.2x.G_BA,Dreyer2023,20,98.5,
budget.REVE.2x.G_BA,Dreyer2023,21,95.83333333333334,
budget.REVE.2x.G_BA,Dreyer2023,22,86.0,
budget.REVE.2x.G_BA,Dreyer2023,23,79.66666666666666,
budget.REVE.2x.G_BA,Dreyer2023,24,99.0,
budget.REVE.2x.G_BA,Dreyer2023,25,82.16666666666667,
budget.REVE.2x.G_BA,Dreyer2023,26,91.83333333333333,
budget.REVE.2x.G_BA,Dreyer2023,27,82.66666666666667,
budget.REVE.2x.G_BA,Dreyer2023,28,83.5,
budget.REVE.2x.G_BA,Dreyer2023,30,77.0,
budget.REVE.2x.G_BA,Dreyer2023,31,94.33333333333334,
budget.REVE.2x.G_BA,Dreyer2023,32,91.66666666666666,
budget.REVE.2x.G_BA,Dreyer2023,33,86.83333333333334,
budget.REVE.2x.G_BA,Dreyer2023,34,87.66666666666667,
budget.REVE.2x.G_BA,Dreyer2023,35,82.83333333333334,
budget.REVE.2x.G_BA,Dreyer2023,36,93.5,
budget.REVE.2x.G_BA,Dreyer2023,37,76.66666666666666,
budget.REVE.2x.G_BA,Dreyer2023,38,84.83333333333333,
budget.REVE.2x.G_BA,Dreyer2023,39,97.33333333333331,
budget.REVE.2x.G_BA,Dreyer2023,40,89.6551724137931,
budget.REVE.2x.G_BA,Dreyer2023,42,76.33333333333333,
budget.REVE.2x.G_BA,Dreyer2023,43,93.99999999999999,
budget.REVE.2x.G_BA,Dreyer2023,44,80.66666666666666,
budget.REVE.2x.G_BA,Dreyer2023,45,78.99999999999999,
budget.REVE.2x.G_BA,Dreyer2023,46,80.33333333333333,
budget.REVE.2x.G_BA,Dreyer2023,47,81.33333333333333,
budget.REVE.2x.G_BA,Dreyer2023,48,75.0,
budget.REVE.2x.G_BA,Dreyer2023,49,81.16666666666667,
budget.REVE.2x.G_BA,Dreyer2023,50,69.0,
budget.REVE.2x.G_BA,Dreyer2023,51,81.16666666666667,
budget.REVE.2x.G_BA,Dreyer2023,52,81.0,
budget.REVE.2x.G_BA,Dreyer2023,53,81.83333333333334,
budget.REVE.2x.G_BA,Dreyer2023,54,76.83333333333333,
budget.REVE.2x.G_BA,Dreyer2023,55,89.16666666666666,
budget.REVE.2x.G_BA,Dreyer2023,56,97.33333333333334,
budget.REVE.2x.G_BA,Dreyer2023,57,75.0,
budget.REVE.2x.G_BA,Dreyer2023,58,97.83333333333331,
budget.REVE.2x.G_BA,Dreyer2023,59,85.0,
budget.REVE.2x.G_BA,Dreyer2023,60,91.66666666666666,
budget.REVE.2x.G_BA,Dreyer2023,61,90.83333333333331,
budget.REVE.2x.G_BA,Dreyer2023,62,79.0,
budget.REVE.2x.G_BA,Dreyer2023,63,91.33333333333333,
budget.REVE.2x.G_BA,Dreyer2023,64,80.5,
budget.REVE.2x.G_BA,Dreyer2023,65,80.83333333333333,
budget.REVE.2x.G_BA,Dreyer2023,66,80.0,
budget.REVE.2x.G_BA,Dreyer2023,67,89.16666666666666,
budget.REVE.2x.G_BA,Dreyer2023,68,83.0,
budget.REVE.2x.G_BA,Dreyer2023,69,91.83333333333333,
budget.REVE.2x.G_BA,Dreyer2023,70,78.83333333333333,
budget.REVE.2x.G_BA,Dreyer2023,71,90.83333333333331,
budget.REVE.2x.G_BA,Dreyer2023,72,84.5,
budget.REVE.2x.G_BA,Dreyer2023,73,89.16666666666666,
budget.REVE.2x.G_BA,Dreyer2023,74,84.33333333333334,
budget.REVE.2x.G_BA,Dreyer2023,75,86.66666666666669,
budget.REVE.2x.G_BA,Dreyer2023,76,84.66666666666667,
budget.REVE.2x.G_BA,Dreyer2023,77,87.33333333333333,
budget.REVE.2x.G_BA,Dreyer2023,80,73.66666666666666,
budget.REVE.2x.G_BA,Dreyer2023,81,91.0,
budget.REVE.2x.G_BA,Dreyer2023,82,82.33333333333333,
budget.REVE.2x.G_BA,Dreyer2023,83,74.16666666666666,
budget.REVE.2x.G_BA,Dreyer2023,84,91.83333333333333,
budget.REVE.2x.G_BA,Dreyer2023,85,77.66666666666666,
budget.REVE.2x.G_BA,Dreyer2023,86,85.16666666666666,
budget.REVE.2x.G_BA,Dreyer2023,87,87.16666666666667,
budget.REVE.2x.G_BA,PhysionetMI,1,96.66666666666664,
budget.REVE.2x.G_BA,PhysionetMI,2,91.92307692307692,
budget.REVE.2x.G_BA,PhysionetMI,3,91.43939393939394,
budget.REVE.2x.G_BA,PhysionetMI,4,97.27272727272728,
budget.REVE.2x.G_BA,PhysionetMI,5,73.56060606060606,
budget.REVE.2x.G_BA,PhysionetMI,6,95.68181818181817,
budget.REVE.2x.G_BA,PhysionetMI,7,100.0,
budget.REVE.2x.G_BA,PhysionetMI,8,87.12121212121214,
budget.REVE.2x.G_BA,PhysionetMI,9,83.46153846153847,
budget.REVE.2x.G_BA,PhysionetMI,10,78.53846153846155,
budget.REVE.2x.G_BA,PhysionetMI,11,81.96969696969697,
budget.REVE.2x.G_BA,PhysionetMI,12,87.27272727272727,
budget.REVE.2x.G_BA,PhysionetMI,13,85.0,
budget.REVE.2x.G_BA,PhysionetMI,14,76.13636363636364,
budget.REVE.2x.G_BA,PhysionetMI,15,98.46153846153848,
budget.REVE.2x.G_BA,PhysionetMI,16,70.98484848484847,
budget.REVE.2x.G_BA,PhysionetMI,17,74.84848484848484,
budget.REVE.2x.G_BA,PhysionetMI,18,90.0,
budget.REVE.2x.G_BA,PhysionetMI,19,80.0,
budget.REVE.2x.G_BA,PhysionetMI,20,94.6969696969697,
budget.REVE.2x.G_BA,PhysionetMI,21,84.84848484848484,
budget.REVE.2x.G_BA,PhysionetMI,22,90.0,
budget.REVE.2x.G_BA,PhysionetMI,23,68.92307692307693,
budget.REVE.2x.G_BA,PhysionetMI,24,64.16666666666667,
budget.REVE.2x.G_BA,PhysionetMI,25,66.89393939393939,
budget.REVE.2x.G_BA,PhysionetMI,26,70.76923076923076,
budget.REVE.2x.G_BA,PhysionetMI,27,87.12121212121214,
budget.REVE.2x.G_BA,PhysionetMI,28,80.15151515151516,
budget.REVE.2x.G_BA,PhysionetMI,29,93.63636363636364,
budget.REVE.2x.G_BA,PhysionetMI,30,95.75757575757574,
budget.REVE.2x.G_BA,PhysionetMI,31,93.1818181818182,
budget.REVE.2x.G_BA,PhysionetMI,32,97.0,
budget.REVE.2x.G_BA,PhysionetMI,33,82.5,
budget.REVE.2x.G_BA,PhysionetMI,34,81.0,
budget.REVE.2x.G_BA,PhysionetMI,35,86.43939393939395,
budget.REVE.2x.G_BA,PhysionetMI,36,90.30303030303031,
budget.REVE.2x.G_BA,PhysionetMI,37,84.84848484848484,
budget.REVE.2x.G_BA,PhysionetMI,38,50.75757575757576,
budget.REVE.2x.G_BA,PhysionetMI,39,81.89393939393939,
budget.REVE.2x.G_BA,PhysionetMI,40,99.16666666666666,
budget.REVE.2x.G_BA,PhysionetMI,41,97.23076923076923,
budget.REVE.2x.G_BA,PhysionetMI,42,95.83333333333334,
budget.REVE.2x.G_BA,PhysionetMI,43,95.45454545454548,
budget.REVE.2x.G_BA,PhysionetMI,44,87.80303030303031,
budget.REVE.2x.G_BA,PhysionetMI,45,78.18181818181819,
budget.REVE.2x.G_BA,PhysionetMI,46,85.37878787878788,
budget.REVE.2x.G_BA,PhysionetMI,47,77.34848484848484,
budget.REVE.2x.G_BA,PhysionetMI,48,98.33333333333334,
budget.REVE.2x.G_BA,PhysionetMI,49,88.25757575757575,
budget.REVE.2x.G_BA,PhysionetMI,50,68.25757575757575,
budget.REVE.2x.G_BA,PhysionetMI,51,89.0909090909091,
budget.REVE.2x.G_BA,PhysionetMI,52,88.23076923076924,
budget.REVE.2x.G_BA,PhysionetMI,53,96.43939393939395,
budget.REVE.2x.G_BA,PhysionetMI,54,98.33333333333331,
budget.REVE.2x.G_BA,PhysionetMI,55,95.60606060606061,
budget.REVE.2x.G_BA,PhysionetMI,56,90.37878787878788,
budget.REVE.2x.G_BA,PhysionetMI,57,97.34848484848484,
budget.REVE.2x.G_BA,PhysionetMI,58,80.53846153846153,
budget.REVE.2x.G_BA,PhysionetMI,59,80.9848484848485,
budget.REVE.2x.G_BA,PhysionetMI,60,96.92307692307692,
budget.REVE.2x.G_BA,PhysionetMI,61,100.0,
budget.REVE.2x.G_BA,PhysionetMI,62,87.27272727272727,
budget.REVE.2x.G_BA,PhysionetMI,63,76.89393939393939,
budget.REVE.2x.G_BA,PhysionetMI,64,82.27272727272727,
budget.REVE.2x.G_BA,PhysionetMI,65,94.77272727272727,
budget.REVE.2x.G_BA,PhysionetMI,66,75.9090909090909,
budget.REVE.2x.G_BA,PhysionetMI,67,77.5,
budget.REVE.2x.G_BA,PhysionetMI,68,81.36363636363637,
budget.REVE.2x.G_BA,PhysionetMI,69,90.15384615384616,
budget.REVE.2x.G_BA,PhysionetMI,70,100.0,
budget.REVE.2x.G_BA,PhysionetMI,71,92.19696969696972,
budget.REVE.2x.G_BA,PhysionetMI,72,99.0909090909091,
budget.REVE.2x.G_BA,PhysionetMI,73,85.22727272727273,
budget.REVE.2x.G_BA,PhysionetMI,74,70.3030303030303,
budget.REVE.2x.G_BA,PhysionetMI,75,84.92424242424242,
budget.REVE.2x.G_BA,PhysionetMI,76,66.89393939393939,
budget.REVE.2x.G_BA,PhysionetMI,77,71.36363636363636,
budget.REVE.2x.G_BA,PhysionetMI,78,63.48484848484849,
budget.REVE.2x.G_BA,PhysionetMI,79,82.65151515151516,
budget.REVE.2x.G_BA,PhysionetMI,80,77.0,
budget.REVE.2x.G_BA,PhysionetMI,81,86.74242424242425,
budget.REVE.2x.G_BA,PhysionetMI,82,80.37878787878789,
budget.REVE.2x.G_BA,PhysionetMI,83,76.38461538461539,
budget.REVE.2x.G_BA,PhysionetMI,84,93.10606060606064,
budget.REVE.2x.G_BA,PhysionetMI,85,92.04545454545456,
budget.REVE.2x.G_BA,PhysionetMI,86,89.23076923076924,
budget.REVE.2x.G_BA,PhysionetMI,87,66.36363636363636,
budget.REVE.2x.G_BA,PhysionetMI,90,94.01515151515152,
budget.REVE.2x.G_BA,PhysionetMI,91,86.89393939393939,
budget.REVE.2x.G_BA,PhysionetMI,93,85.15151515151516,
budget.REVE.2x.G_BA,PhysionetMI,94,91.51515151515152,
budget.REVE.2x.G_BA,PhysionetMI,95,79.23076923076924,
budget.REVE.2x.G_BA,PhysionetMI,96,90.0,
budget.REVE.2x.G_BA,PhysionetMI,97,92.87878787878789,
budget.REVE.2x.G_BA,PhysionetMI,98,53.86363636363637,
budget.REVE.2x.G_BA,PhysionetMI,99,70.22727272727273,
budget.REVE.2x.G_BA,PhysionetMI,101,100.0,
budget.REVE.2x.G_BA,PhysionetMI,102,84.16666666666666,
budget.REVE.2x.G_BA,PhysionetMI,103,89.16666666666666,
budget.REVE.2x.G_BA,PhysionetMI,105,89.0909090909091,
budget.REVE.2x.G_BA,PhysionetMI,107,64.77272727272727,
budget.REVE.2x.G_BA,PhysionetMI,108,90.45454545454544,
budget.REVE.2x.G_BA,PhysionetMI,109,65.9090909090909,
budget.REVE.4x.own_gain,Cho2017,1,4.3999999999999995,
budget.REVE.4x.own_gain,Cho2017,2,-0.99999999999999,
budget.REVE.4x.own_gain,Cho2017,3,10.59999999999999,
budget.REVE.4x.own_gain,Cho2017,4,1.2,
budget.REVE.4x.own_gain,Cho2017,5,-0.2,
budget.REVE.4x.own_gain,Cho2017,6,0.39999999999999003,
budget.REVE.4x.own_gain,Cho2017,7,-1.99999999999999,
budget.REVE.4x.own_gain,Cho2017,8,5.59999999999999,
budget.REVE.4x.own_gain,Cho2017,9,0.6666666666666601,
budget.REVE.4x.own_gain,Cho2017,10,1.5999999999999899,
budget.REVE.4x.own_gain,Cho2017,11,0.99999999999999,
budget.REVE.4x.own_gain,Cho2017,12,13.199999999999989,
budget.REVE.4x.own_gain,Cho2017,13,1.0,
budget.REVE.4x.own_gain,Cho2017,14,1.19999999999999,
budget.REVE.4x.own_gain,Cho2017,15,1.7999999999999998,
budget.REVE.4x.own_gain,Cho2017,16,-1.0,
budget.REVE.4x.own_gain,Cho2017,17,4.1999999999999895,
budget.REVE.4x.own_gain,Cho2017,18,2.99999999999999,
budget.REVE.4x.own_gain,Cho2017,19,2.19999999999999,
budget.REVE.4x.own_gain,Cho2017,20,1.79999999999999,
budget.REVE.4x.own_gain,Cho2017,21,0.6,
budget.REVE.4x.own_gain,Cho2017,22,-1.39999999999999,
budget.REVE.4x.own_gain,Cho2017,23,3.3999999999999897,
budget.REVE.4x.own_gain,Cho2017,24,1.7999999999999998,
budget.REVE.4x.own_gain,Cho2017,25,-1.39999999999999,
budget.REVE.4x.own_gain,Cho2017,26,-0.2,
budget.REVE.4x.own_gain,Cho2017,27,-1.0,
budget.REVE.4x.own_gain,Cho2017,28,18.79999999999999,
budget.REVE.4x.own_gain,Cho2017,29,1.99999999999999,
budget.REVE.4x.own_gain,Cho2017,30,4.6,
budget.REVE.4x.own_gain,Cho2017,31,2.0,
budget.REVE.4x.own_gain,Cho2017,32,0.59999999999999,
budget.REVE.4x.own_gain,Cho2017,33,1.387778780781446e-16,
budget.REVE.4x.own_gain,Cho2017,34,1.0,
budget.REVE.4x.own_gain,Cho2017,35,14.19999999999999,
budget.REVE.4x.own_gain,Cho2017,36,7.39999999999999,
budget.REVE.4x.own_gain,Cho2017,37,-0.39999999999999003,
budget.REVE.4x.own_gain,Cho2017,38,-1.942890293094024e-15,
budget.REVE.4x.own_gain,Cho2017,39,4.0,
budget.REVE.4x.own_gain,Cho2017,40,0.8,
budget.REVE.4x.own_gain,Cho2017,41,5.19999999999999,
budget.REVE.4x.own_gain,Cho2017,42,0.99999999999999,
budget.REVE.4x.own_gain,Cho2017,43,0.0,
budget.REVE.4x.own_gain,Cho2017,44,0.4,
budget.REVE.4x.own_gain,Cho2017,45,1.39999999999999,
budget.REVE.4x.own_gain,Cho2017,46,4.8333333333333295,
budget.REVE.4x.own_gain,Cho2017,47,0.39999999999999003,
budget.REVE.4x.own_gain,Cho2017,48,4.1999999999999895,
budget.REVE.4x.own_gain,Cho2017,49,0.0,
budget.REVE.4x.own_gain,Cho2017,50,0.0,
budget.REVE.4x.own_gain,Cho2017,51,-2.5999999999999903,
budget.REVE.4x.own_gain,Cho2017,52,2.99999999999999,
budget.REVE.4x.own_gain,Dreyer2023,1,0.33333333333333004,
budget.REVE.4x.own_gain,Dreyer2023,2,3.16666666666666,
budget.REVE.4x.own_gain,Dreyer2023,3,-0.16666666666666,
budget.REVE.4x.own_gain,Dreyer2023,5,1.66666666666666,
budget.REVE.4x.own_gain,Dreyer2023,6,4.0245584642661925e-15,
budget.REVE.4x.own_gain,Dreyer2023,7,1.49999999999999,
budget.REVE.4x.own_gain,Dreyer2023,8,4.66666666666666,
budget.REVE.4x.own_gain,Dreyer2023,10,-0.49999999999999,
budget.REVE.4x.own_gain,Dreyer2023,11,20.16666666666666,
budget.REVE.4x.own_gain,Dreyer2023,12,0.99999999999999,
budget.REVE.4x.own_gain,Dreyer2023,13,2.33333333333333,
budget.REVE.4x.own_gain,Dreyer2023,14,7.8333333333333295,
budget.REVE.4x.own_gain,Dreyer2023,15,0.6666666666666601,
budget.REVE.4x.own_gain,Dreyer2023,16,2.33333333333333,
budget.REVE.4x.own_gain,Dreyer2023,18,1.49999999999999,
budget.REVE.4x.own_gain,Dreyer2023,19,0.33333333333333004,
budget.REVE.4x.own_gain,Dreyer2023,20,0.6666666666666601,
budget.REVE.4x.own_gain,Dreyer2023,21,0.49999999999999,
budget.REVE.4x.own_gain,Dreyer2023,22,1.66666666666666,
budget.REVE.4x.own_gain,Dreyer2023,23,-1.0,
budget.REVE.4x.own_gain,Dreyer2023,24,-0.5,
budget.REVE.4x.own_gain,Dreyer2023,25,2.99999999999999,
budget.REVE.4x.own_gain,Dreyer2023,26,7.99999999999998,
budget.REVE.4x.own_gain,Dreyer2023,27,2.1666666666666603,
budget.REVE.4x.own_gain,Dreyer2023,28,6.16666666666666,
budget.REVE.4x.own_gain,Dreyer2023,30,2.1666666666666603,
budget.REVE.4x.own_gain,Dreyer2023,31,1.99999999999999,
budget.REVE.4x.own_gain,Dreyer2023,32,0.99999999999999,
budget.REVE.4x.own_gain,Dreyer2023,33,2.4999999999999902,
budget.REVE.4x.own_gain,Dreyer2023,34,1.66666666666666,
budget.REVE.4x.own_gain,Dreyer2023,35,1.1666666666666599,
budget.REVE.4x.own_gain,Dreyer2023,36,0.6666666666666601,
budget.REVE.4x.own_gain,Dreyer2023,37,14.499999999999991,
budget.REVE.4x.own_gain,Dreyer2023,38,0.49999999999999,
budget.REVE.4x.own_gain,Dreyer2023,39,3.95516952522712e-15,
budget.REVE.4x.own_gain,Dreyer2023,40,2.24137931034482,
budget.REVE.4x.own_gain,Dreyer2023,42,11.49999999999999,
budget.REVE.4x.own_gain,Dreyer2023,43,1.0,
budget.REVE.4x.own_gain,Dreyer2023,44,5.16666666666666,
budget.REVE.4x.own_gain,Dreyer2023,45,0.99999999999999,
budget.REVE.4x.own_gain,Dreyer2023,46,0.6666666666666601,
budget.REVE.4x.own_gain,Dreyer2023,47,1.8333333333333202,
budget.REVE.4x.own_gain,Dreyer2023,48,1.66666666666666,
budget.REVE.4x.own_gain,Dreyer2023,49,1.66666666666666,
budget.REVE.4x.own_gain,Dreyer2023,50,1.66666666666666,
budget.REVE.4x.own_gain,Dreyer2023,51,2.33333333333333,
budget.REVE.4x.own_gain,Dreyer2023,52,7.49999999999999,
budget.REVE.4x.own_gain,Dreyer2023,53,0.66666666666667,
budget.REVE.4x.own_gain,Dreyer2023,54,2.66666666666666,
budget.REVE.4x.own_gain,Dreyer2023,55,0.49999999999999,
budget.REVE.4x.own_gain,Dreyer2023,56,1.66666666666666,
budget.REVE.4x.own_gain,Dreyer2023,57,6.16666666666666,
budget.REVE.4x.own_gain,Dreyer2023,58,0.49999999999999,
budget.REVE.4x.own_gain,Dreyer2023,59,0.99999999999999,
budget.REVE.4x.own_gain,Dreyer2023,60,2.99999999999999,
budget.REVE.4x.own_gain,Dreyer2023,61,6.33333333333332,
budget.REVE.4x.own_gain,Dreyer2023,62,2.66666666666666,
budget.REVE.4x.own_gain,Dreyer2023,63,4.66666666666666,
budget.REVE.4x.own_gain,Dreyer2023,64,3.8333333333333304,
budget.REVE.4x.own_gain,Dreyer2023,65,1.0,
budget.REVE.4x.own_gain,Dreyer2023,66,6.3333333333333295,
budget.REVE.4x.own_gain,Dreyer2023,67,0.49999999999999,
budget.REVE.4x.own_gain,Dreyer2023,68,4.33333333333333,
budget.REVE.4x.own_gain,Dreyer2023,69,1.33333333333333,
budget.REVE.4x.own_gain,Dreyer2023,70,8.66666666666666,
budget.REVE.4x.own_gain,Dreyer2023,71,2.33333333333333,
budget.REVE.4x.own_gain,Dreyer2023,72,12.666666666666659,
budget.REVE.4x.own_gain,Dreyer2023,73,7.33333333333332,
budget.REVE.4x.own_gain,Dreyer2023,74,0.0,
budget.REVE.4x.own_gain,Dreyer2023,75,2.83333333333333,
budget.REVE.4x.own_gain,Dreyer2023,76,1.66666666666666,
budget.REVE.4x.own_gain,Dreyer2023,77,2.1666666666666603,
budget.REVE.4x.own_gain,Dreyer2023,80,5.99999999999999,
budget.REVE.4x.own_gain,Dreyer2023,81,3.33333333333332,
budget.REVE.4x.own_gain,Dreyer2023,82,10.83333333333332,
budget.REVE.4x.own_gain,Dreyer2023,83,8.49999999999999,
budget.REVE.4x.own_gain,Dreyer2023,84,5.0,
budget.REVE.4x.own_gain,Dreyer2023,85,0.83333333333333,
budget.REVE.4x.own_gain,Dreyer2023,86,1.33333333333333,
budget.REVE.4x.own_gain,Dreyer2023,87,0.5,
budget.REVE.4x.own_gain,PhysionetMI,1,-1.8939393939393898,
budget.REVE.4x.own_gain,PhysionetMI,2,1.76923076923076,
budget.REVE.4x.own_gain,PhysionetMI,3,1.74242424242423,
budget.REVE.4x.own_gain,PhysionetMI,4,-0.9848484848484799,
budget.REVE.4x.own_gain,PhysionetMI,5,-0.45454545454545003,
budget.REVE.4x.own_gain,PhysionetMI,6,-12.95454545454545,
budget.REVE.4x.own_gain,PhysionetMI,7,0.0,
budget.REVE.4x.own_gain,PhysionetMI,8,-5.07575757575757,
budget.REVE.4x.own_gain,PhysionetMI,9,-1.38461538461538,
budget.REVE.4x.own_gain,PhysionetMI,10,-1.38461538461538,
budget.REVE.4x.own_gain,PhysionetMI,11,0.37878787878787,
budget.REVE.4x.own_gain,PhysionetMI,12,5.07575757575757,
budget.REVE.4x.own_gain,PhysionetMI,13,2.87878787878787,
budget.REVE.4x.own_gain,PhysionetMI,14,3.5606060606060503,
budget.REVE.4x.own_gain,PhysionetMI,15,0.0,
budget.REVE.4x.own_gain,PhysionetMI,16,-3.2575757575757502,
budget.REVE.4x.own_gain,PhysionetMI,17,3.63636363636363,
budget.REVE.4x.own_gain,PhysionetMI,18,0.0,
budget.REVE.4x.own_gain,PhysionetMI,19,4.015151515151509,
budget.REVE.4x.own_gain,PhysionetMI,20,-0.75757575757575,
budget.REVE.4x.own_gain,PhysionetMI,21,4.46969696969696,
budget.REVE.4x.own_gain,PhysionetMI,22,0.0,
budget.REVE.4x.own_gain,PhysionetMI,23,1.4615384615384501,
budget.REVE.4x.own_gain,PhysionetMI,24,-0.15151515151515,
budget.REVE.4x.own_gain,PhysionetMI,25,-0.9848484848484799,
budget.REVE.4x.own_gain,PhysionetMI,26,3.23076923076923,
budget.REVE.4x.own_gain,PhysionetMI,27,2.65151515151515,
budget.REVE.4x.own_gain,PhysionetMI,28,-0.9848484848484799,
budget.REVE.4x.own_gain,PhysionetMI,29,0.9090909090909001,
budget.REVE.4x.own_gain,PhysionetMI,30,-2.57575757575757,
budget.REVE.4x.own_gain,PhysionetMI,31,0.9090909090909001,
budget.REVE.4x.own_gain,PhysionetMI,32,-0.99999999999999,
budget.REVE.4x.own_gain,PhysionetMI,33,0.83333333333333,
budget.REVE.4x.own_gain,PhysionetMI,34,6.23076923076922,
budget.REVE.4x.own_gain,PhysionetMI,35,2.72727272727272,
budget.REVE.4x.own_gain,PhysionetMI,36,-0.9848484848484799,
budget.REVE.4x.own_gain,PhysionetMI,37,2.1212121212121198,
budget.REVE.4x.own_gain,PhysionetMI,38,-1.66666666666666,
budget.REVE.4x.own_gain,PhysionetMI,39,-3.4848484848484804,
budget.REVE.4x.own_gain,PhysionetMI,40,0.0,
budget.REVE.4x.own_gain,PhysionetMI,41,-0.7692307692307699,
budget.REVE.4x.own_gain,PhysionetMI,42,-1.66666666666666,
budget.REVE.4x.own_gain,PhysionetMI,43,0.0,
budget.REVE.4x.own_gain,PhysionetMI,44,-2.27272727272726,
budget.REVE.4x.own_gain,PhysionetMI,45,-1.81818181818182,
budget.REVE.4x.own_gain,PhysionetMI,46,-1.7424242424242402,
budget.REVE.4x.own_gain,PhysionetMI,47,-3.5606060606060503,
budget.REVE.4x.own_gain,PhysionetMI,48,0.0,
budget.REVE.4x.own_gain,PhysionetMI,49,1.66666666666667,
budget.REVE.4x.own_gain,PhysionetMI,50,4.24242424242423,
budget.REVE.4x.own_gain,PhysionetMI,51,0.83333333333333,
budget.REVE.4x.own_gain,PhysionetMI,52,5.99999999999999,
budget.REVE.4x.own_gain,PhysionetMI,53,0.9090909090909001,
budget.REVE.4x.own_gain,PhysionetMI,54,-2.42424242424242,
budget.REVE.4x.own_gain,PhysionetMI,55,4.54545454545454,
budget.REVE.4x.own_gain,PhysionetMI,56,1.66666666666666,
budget.REVE.4x.own_gain,PhysionetMI,57,-1.51515151515151,
budget.REVE.4x.own_gain,PhysionetMI,58,4.153846153846151,
budget.REVE.4x.own_gain,PhysionetMI,59,3.4848484848484804,
budget.REVE.4x.own_gain,PhysionetMI,60,0.76923076923076,
budget.REVE.4x.own_gain,PhysionetMI,61,-1.8181818181818101,
budget.REVE.4x.own_gain,PhysionetMI,62,0.15151515151515,
budget.REVE.4x.own_gain,PhysionetMI,63,0.9848484848484799,
budget.REVE.4x.own_gain,PhysionetMI,64,2.42424242424242,
budget.REVE.4x.own_gain,PhysionetMI,65,-0.83333333333333,
budget.REVE.4x.own_gain,PhysionetMI,66,2.65151515151515,
budget.REVE.4x.own_gain,PhysionetMI,67,0.6060606060606,
budget.REVE.4x.own_gain,PhysionetMI,68,-0.22727272727272002,
budget.REVE.4x.own_gain,PhysionetMI,69,-0.23076923076923,
budget.REVE.4x.own_gain,PhysionetMI,70,0.0,
budget.REVE.4x.own_gain,PhysionetMI,71,0.0,
budget.REVE.4x.own_gain,PhysionetMI,72,0.0,
budget.REVE.4x.own_gain,PhysionetMI,73,0.9090909090909001,
budget.REVE.4x.own_gain,PhysionetMI,74,2.27272727272727,
budget.REVE.4x.own_gain,PhysionetMI,75,-4.16666666666666,
budget.REVE.4x.own_gain,PhysionetMI,76,2.34848484848484,
budget.REVE.4x.own_gain,PhysionetMI,77,3.2575757575757502,
budget.REVE.4x.own_gain,PhysionetMI,78,-1.51515151515151,
budget.REVE.4x.own_gain,PhysionetMI,79,-4.77272727272727,
budget.REVE.4x.own_gain,PhysionetMI,80,-5.76923076923077,
budget.REVE.4x.own_gain,PhysionetMI,81,4.015151515151509,
budget.REVE.4x.own_gain,PhysionetMI,82,0.75757575757575,
budget.REVE.4x.own_gain,PhysionetMI,83,3.61538461538461,
budget.REVE.4x.own_gain,PhysionetMI,84,-1.8939393939393898,
budget.REVE.4x.own_gain,PhysionetMI,85,0.07575757575757,
budget.REVE.4x.own_gain,PhysionetMI,86,0.0,
budget.REVE.4x.own_gain,PhysionetMI,87,-1.7424242424242402,
budget.REVE.4x.own_gain,PhysionetMI,90,0.9848484848484799,
budget.REVE.4x.own_gain,PhysionetMI,91,0.07575757575757,
budget.REVE.4x.own_gain,PhysionetMI,93,3.5606060606060503,
budget.REVE.4x.own_gain,PhysionetMI,94,-3.2575757575757502,
budget.REVE.4x.own_gain,PhysionetMI,95,-1.99999999999999,
budget.REVE.4x.own_gain,PhysionetMI,96,-0.83333333333333,
budget.REVE.4x.own_gain,PhysionetMI,97,0.9848484848484799,
budget.REVE.4x.own_gain,PhysionetMI,98,0.9090909090909001,
budget.REVE.4x.own_gain,PhysionetMI,99,1.0606060606060599,
budget.REVE.4x.own_gain,PhysionetMI,101,0.0,
budget.REVE.4x.own_gain,PhysionetMI,102,4.54545454545454,
budget.REVE.4x.own_gain,PhysionetMI,103,-2.1969696969697,
budget.REVE.4x.own_gain,PhysionetMI,105,1.7424242424242402,
budget.REVE.4x.own_gain,PhysionetMI,107,-3.18181818181818,
budget.REVE.4x.own_gain,PhysionetMI,108,-2.57575757575757,
budget.REVE.4x.own_gain,PhysionetMI,109,-3.7121212121212097,
budget.REVE.4x.upper_bound,Cho2017,1,5.53999999999999,
budget.REVE.4x.upper_bound,Cho2017,2,-0.32,
budget.REVE.4x.upper_bound,Cho2017,3,8.47999999999999,
budget.REVE.4x.upper_bound,Cho2017,4,3.43999999999999,
budget.REVE.4x.upper_bound,Cho2017,5,1.54,
budget.REVE.4x.upper_bound,Cho2017,6,0.72,
budget.REVE.4x.upper_bound,Cho2017,7,-1.61666666666666,
budget.REVE.4x.upper_bound,Cho2017,8,4.05999999999999,
budget.REVE.4x.upper_bound,Cho2017,9,1.23333333333332,
budget.REVE.4x.upper_bound,Cho2017,10,2.15999999999999,
budget.REVE.4x.upper_bound,Cho2017,11,0.38,
budget.REVE.4x.upper_bound,Cho2017,12,11.75999999999999,
budget.REVE.4x.upper_bound,Cho2017,13,2.1,
budget.REVE.4x.upper_bound,Cho2017,14,1.26,
budget.REVE.4x.upper_bound,Cho2017,15,1.67999999999999,
budget.REVE.4x.upper_bound,Cho2017,16,1.3199999999999898,
budget.REVE.4x.upper_bound,Cho2017,17,3.6799999999999904,
budget.REVE.4x.upper_bound,Cho2017,18,4.939999999999991,
budget.REVE.4x.upper_bound,Cho2017,19,1.5,
budget.REVE.4x.upper_bound,Cho2017,20,3.93999999999999,
budget.REVE.4x.upper_bound,Cho2017,21,2.6599999999999997,
budget.REVE.4x.upper_bound,Cho2017,22,0.09999999999999,
budget.REVE.4x.upper_bound,Cho2017,23,4.919999999999989,
budget.REVE.4x.upper_bound,Cho2017,24,2.32,
budget.REVE.4x.upper_bound,Cho2017,25,-0.66,
budget.REVE.4x.upper_bound,Cho2017,26,-0.3,
budget.REVE.4x.upper_bound,Cho2017,27,-0.38,
budget.REVE.4x.upper_bound,Cho2017,28,18.38,
budget.REVE.4x.upper_bound,Cho2017,29,3.53999999999999,
budget.REVE.4x.upper_bound,Cho2017,30,5.93999999999999,
budget.REVE.4x.upper_bound,Cho2017,31,2.22,
budget.REVE.4x.upper_bound,Cho2017,32,0.26,
budget.REVE.4x.upper_bound,Cho2017,33,2.23999999999999,
budget.REVE.4x.upper_bound,Cho2017,34,1.69999999999999,
budget.REVE.4x.upper_bound,Cho2017,35,13.13999999999999,
budget.REVE.4x.upper_bound,Cho2017,36,5.15999999999999,
budget.REVE.4x.upper_bound,Cho2017,37,-0.15999999999998998,
budget.REVE.4x.upper_bound,Cho2017,38,3.1199999999999903,
budget.REVE.4x.upper_bound,Cho2017,39,4.92,
budget.REVE.4x.upper_bound,Cho2017,40,-0.23999999999999,
budget.REVE.4x.upper_bound,Cho2017,41,6.47999999999998,
budget.REVE.4x.upper_bound,Cho2017,42,2.32,
budget.REVE.4x.upper_bound,Cho2017,43,0.04,
budget.REVE.4x.upper_bound,Cho2017,44,1.01999999999999,
budget.REVE.4x.upper_bound,Cho2017,45,3.2199999999999904,
budget.REVE.4x.upper_bound,Cho2017,46,2.25,
budget.REVE.4x.upper_bound,Cho2017,47,2.5999999999999903,
budget.REVE.4x.upper_bound,Cho2017,48,6.72,
budget.REVE.4x.upper_bound,Cho2017,49,0.45999999999999003,
budget.REVE.4x.upper_bound,Cho2017,50,0.57999999999999,
budget.REVE.4x.upper_bound,Cho2017,51,-1.8799999999999901,
budget.REVE.4x.upper_bound,Cho2017,52,2.83999999999999,
budget.REVE.4x.upper_bound,Dreyer2023,1,1.14999999999999,
budget.REVE.4x.upper_bound,Dreyer2023,2,4.26666666666666,
budget.REVE.4x.upper_bound,Dreyer2023,3,0.11666666666667,
budget.REVE.4x.upper_bound,Dreyer2023,5,2.84999999999999,
budget.REVE.4x.upper_bound,Dreyer2023,6,3.3999999999999897,
budget.REVE.4x.upper_bound,Dreyer2023,7,2.9000000000000004,
budget.REVE.4x.upper_bound,Dreyer2023,8,7.433333333333319,
budget.REVE.4x.upper_bound,Dreyer2023,10,1.0833333333333302,
budget.REVE.4x.upper_bound,Dreyer2023,11,24.15,
budget.REVE.4x.upper_bound,Dreyer2023,12,2.89999999999999,
budget.REVE.4x.upper_bound,Dreyer2023,13,2.43333333333333,
budget.REVE.4x.upper_bound,Dreyer2023,14,7.249999999999989,
budget.REVE.4x.upper_bound,Dreyer2023,15,0.95,
budget.REVE.4x.upper_bound,Dreyer2023,16,2.78333333333333,
budget.REVE.4x.upper_bound,Dreyer2023,18,1.99999999999999,
budget.REVE.4x.upper_bound,Dreyer2023,19,1.06666666666666,
budget.REVE.4x.upper_bound,Dreyer2023,20,2.2166666666666597,
budget.REVE.4x.upper_bound,Dreyer2023,21,1.68333333333333,
budget.REVE.4x.upper_bound,Dreyer2023,22,2.35,
budget.REVE.4x.upper_bound,Dreyer2023,23,2.09999999999999,
budget.REVE.4x.upper_bound,Dreyer2023,24,0.7666666666666601,
budget.REVE.4x.upper_bound,Dreyer2023,25,4.3166666666666496,
budget.REVE.4x.upper_bound,Dreyer2023,26,8.53333333333332,
budget.REVE.4x.upper_bound,Dreyer2023,27,5.1499999999999995,
budget.REVE.4x.upper_bound,Dreyer2023,28,5.49999999999999,
budget.REVE.4x.upper_bound,Dreyer2023,30,4.3166666666666496,
budget.REVE.4x.upper_bound,Dreyer2023,31,4.69999999999999,
budget.REVE.4x.upper_bound,Dreyer2023,32,5.23333333333332,
budget.REVE.4x.upper_bound,Dreyer2023,33,5.7499999999999805,
budget.REVE.4x.upper_bound,Dreyer2023,34,1.95,
budget.REVE.4x.upper_bound,Dreyer2023,35,1.63333333333332,
budget.REVE.4x.upper_bound,Dreyer2023,36,4.16666666666665,
budget.REVE.4x.upper_bound,Dreyer2023,37,13.700000000000001,
budget.REVE.4x.upper_bound,Dreyer2023,38,0.56666666666665,
budget.REVE.4x.upper_bound,Dreyer2023,39,1.6,
budget.REVE.4x.upper_bound,Dreyer2023,40,4.879310344827569,
budget.REVE.4x.upper_bound,Dreyer2023,42,13.99999999999999,
budget.REVE.4x.upper_bound,Dreyer2023,43,1.0999999999999999,
budget.REVE.4x.upper_bound,Dreyer2023,44,5.03333333333332,
budget.REVE.4x.upper_bound,Dreyer2023,45,4.31666666666666,
budget.REVE.4x.upper_bound,Dreyer2023,46,3.5666666666666598,
budget.REVE.4x.upper_bound,Dreyer2023,47,2.13333333333333,
budget.REVE.4x.upper_bound,Dreyer2023,48,3.53333333333333,
budget.REVE.4x.upper_bound,Dreyer2023,49,2.14999999999999,
budget.REVE.4x.upper_bound,Dreyer2023,50,4.24999999999999,
budget.REVE.4x.upper_bound,Dreyer2023,51,4.43333333333333,
budget.REVE.4x.upper_bound,Dreyer2023,52,9.29999999999999,
budget.REVE.4x.upper_bound,Dreyer2023,53,1.5333333333333299,
budget.REVE.4x.upper_bound,Dreyer2023,54,3.5166666666666604,
budget.REVE.4x.upper_bound,Dreyer2023,55,0.41666666666665997,
budget.REVE.4x.upper_bound,Dreyer2023,56,2.9166666666666696,
budget.REVE.4x.upper_bound,Dreyer2023,57,10.46666666666666,
budget.REVE.4x.upper_bound,Dreyer2023,58,1.5999999999999899,
budget.REVE.4x.upper_bound,Dreyer2023,59,0.22499999999999,
budget.REVE.4x.upper_bound,Dreyer2023,60,3.36666666666665,
budget.REVE.4x.upper_bound,Dreyer2023,61,6.849999999999989,
budget.REVE.4x.upper_bound,Dreyer2023,62,4.01666666666666,
budget.REVE.4x.upper_bound,Dreyer2023,63,6.35,
budget.REVE.4x.upper_bound,Dreyer2023,64,3.14999999999999,
budget.REVE.4x.upper_bound,Dreyer2023,65,2.94999999999999,
budget.REVE.4x.upper_bound,Dreyer2023,66,10.01666666666667,
budget.REVE.4x.upper_bound,Dreyer2023,67,1.36666666666666,
budget.REVE.4x.upper_bound,Dreyer2023,68,6.91666666666666,
budget.REVE.4x.upper_bound,Dreyer2023,69,4.68333333333333,
budget.REVE.4x.upper_bound,Dreyer2023,70,11.83333333333332,
budget.REVE.4x.upper_bound,Dreyer2023,71,5.18333333333333,
budget.REVE.4x.upper_bound,Dreyer2023,72,11.79999999999999,
budget.REVE.4x.upper_bound,Dreyer2023,73,12.56666666666666,
budget.REVE.4x.upper_bound,Dreyer2023,74,2.44999999999999,
budget.REVE.4x.upper_bound,Dreyer2023,75,5.33333333333333,
budget.REVE.4x.upper_bound,Dreyer2023,76,2.19999999999999,
budget.REVE.4x.upper_bound,Dreyer2023,77,4.71666666666666,
budget.REVE.4x.upper_bound,Dreyer2023,80,7.29999999999999,
budget.REVE.4x.upper_bound,Dreyer2023,81,5.24999999999999,
budget.REVE.4x.upper_bound,Dreyer2023,82,12.29999999999999,
budget.REVE.4x.upper_bound,Dreyer2023,83,11.94999999999999,
budget.REVE.4x.upper_bound,Dreyer2023,84,5.1,
budget.REVE.4x.upper_bound,Dreyer2023,85,4.05,
budget.REVE.4x.upper_bound,Dreyer2023,86,2.06666666666666,
budget.REVE.4x.upper_bound,Dreyer2023,87,2.9333333333333202,
budget.REVE.4x.upper_bound,PhysionetMI,1,-0.85606060606061,
budget.REVE.4x.upper_bound,PhysionetMI,2,2.71538461538461,
budget.REVE.4x.upper_bound,PhysionetMI,3,2.27272727272726,
budget.REVE.4x.upper_bound,PhysionetMI,4,0.34090909090909,
budget.REVE.4x.upper_bound,PhysionetMI,5,1.9621212121212002,
budget.REVE.4x.upper_bound,PhysionetMI,6,-14.78030303030303,
budget.REVE.4x.upper_bound,PhysionetMI,7,0.26515151515151003,
budget.REVE.4x.upper_bound,PhysionetMI,8,-3.62878787878788,
budget.REVE.4x.upper_bound,PhysionetMI,9,0.39230769230768003,
budget.REVE.4x.upper_bound,PhysionetMI,10,-1.21538461538461,
budget.REVE.4x.upper_bound,PhysionetMI,11,-0.68181818181817,
budget.REVE.4x.upper_bound,PhysionetMI,12,5.33333333333332,
budget.REVE.4x.upper_bound,PhysionetMI,13,1.7575757575757502,
budget.REVE.4x.upper_bound,PhysionetMI,14,5.1439393939393705,
budget.REVE.4x.upper_bound,PhysionetMI,15,0.38461538461538,
budget.REVE.4x.upper_bound,PhysionetMI,16,2.6060606060605997,
budget.REVE.4x.upper_bound,PhysionetMI,17,4.0833333333333295,
budget.REVE.4x.upper_bound,PhysionetMI,18,0.0,
budget.REVE.4x.upper_bound,PhysionetMI,19,5.4621212121212,
budget.REVE.4x.upper_bound,PhysionetMI,20,3.77272727272725,
budget.REVE.4x.upper_bound,PhysionetMI,21,5.13636363636363,
budget.REVE.4x.upper_bound,PhysionetMI,22,0.24999999999998998,
budget.REVE.4x.upper_bound,PhysionetMI,23,1.5692307692307599,
budget.REVE.4x.upper_bound,PhysionetMI,24,2.0530303030303,
budget.REVE.4x.upper_bound,PhysionetMI,25,4.0454545454545405,
budget.REVE.4x.upper_bound,PhysionetMI,26,3.9384615384615302,
budget.REVE.4x.upper_bound,PhysionetMI,27,4.24242424242423,
budget.REVE.4x.upper_bound,PhysionetMI,28,1.34090909090908,
budget.REVE.4x.upper_bound,PhysionetMI,29,3.12878787878787,
budget.REVE.4x.upper_bound,PhysionetMI,30,-0.99999999999999,
budget.REVE.4x.upper_bound,PhysionetMI,31,2.72727272727272,
budget.REVE.4x.upper_bound,PhysionetMI,32,-1.09999999999999,
budget.REVE.4x.upper_bound,PhysionetMI,33,1.34090909090908,
budget.REVE.4x.upper_bound,PhysionetMI,34,8.03076923076922,
budget.REVE.4x.upper_bound,PhysionetMI,35,4.32575757575757,
budget.REVE.4x.upper_bound,PhysionetMI,36,-0.21212121212121002,
budget.REVE.4x.upper_bound,PhysionetMI,37,3.44696969696969,
budget.REVE.4x.upper_bound,PhysionetMI,38,1.28787878787878,
budget.REVE.4x.upper_bound,PhysionetMI,39,-1.98484848484848,
budget.REVE.4x.upper_bound,PhysionetMI,40,0.86363636363635,
budget.REVE.4x.upper_bound,PhysionetMI,41,0.23076923076921999,
budget.REVE.4x.upper_bound,PhysionetMI,42,-1.30303030303029,
budget.REVE.4x.upper_bound,PhysionetMI,43,-0.02272727272727,
budget.REVE.4x.upper_bound,PhysionetMI,44,-1.39393939393938,
budget.REVE.4x.upper_bound,PhysionetMI,45,-3.41666666666667,
budget.REVE.4x.upper_bound,PhysionetMI,46,0.45454545454545003,
budget.REVE.4x.upper_bound,PhysionetMI,47,-0.6515151515151499,
budget.REVE.4x.upper_bound,PhysionetMI,48,1.49999999999999,
budget.REVE.4x.upper_bound,PhysionetMI,49,3.3106060606060703,
budget.REVE.4x.upper_bound,PhysionetMI,50,5.88636363636363,
budget.REVE.4x.upper_bound,PhysionetMI,51,0.5454545454545401,
budget.REVE.4x.upper_bound,PhysionetMI,52,3.36923076923076,
budget.REVE.4x.upper_bound,PhysionetMI,53,1.8030303030303,
budget.REVE.4x.upper_bound,PhysionetMI,54,-2.3106060606060597,
budget.REVE.4x.upper_bound,PhysionetMI,55,5.590909090909079,
budget.REVE.4x.upper_bound,PhysionetMI,56,2.25757575757575,
budget.REVE.4x.upper_bound,PhysionetMI,57,-0.23484848484849,
budget.REVE.4x.upper_bound,PhysionetMI,58,7.123076923076919,
budget.REVE.4x.upper_bound,PhysionetMI,59,6.01515151515151,
budget.REVE.4x.upper_bound,PhysionetMI,60,3.7692307692307603,
budget.REVE.4x.upper_bound,PhysionetMI,61,0.64393939393939,
budget.REVE.4x.upper_bound,PhysionetMI,62,-0.47727272727272,
budget.REVE.4x.upper_bound,PhysionetMI,63,1.01515151515151,
budget.REVE.4x.upper_bound,PhysionetMI,64,3.9469696969696897,
budget.REVE.4x.upper_bound,PhysionetMI,65,0.21969696969696997,
budget.REVE.4x.upper_bound,PhysionetMI,66,2.7651515151515103,
budget.REVE.4x.upper_bound,PhysionetMI,67,1.43939393939393,
budget.REVE.4x.upper_bound,PhysionetMI,68,-0.44696969696968997,
budget.REVE.4x.upper_bound,PhysionetMI,69,6.892307692307691,
budget.REVE.4x.upper_bound,PhysionetMI,70,0.43939393939393,
budget.REVE.4x.upper_bound,PhysionetMI,71,1.15151515151514,
budget.REVE.4x.upper_bound,PhysionetMI,72,0.74999999999999,
budget.REVE.4x.upper_bound,PhysionetMI,73,2.22727272727272,
budget.REVE.4x.upper_bound,PhysionetMI,74,5.28787878787879,
budget.REVE.4x.upper_bound,PhysionetMI,75,-0.81818181818182,
budget.REVE.4x.upper_bound,PhysionetMI,76,-1.57575757575757,
budget.REVE.4x.upper_bound,PhysionetMI,77,5.09090909090908,
budget.REVE.4x.upper_bound,PhysionetMI,78,-2.37121212121213,
budget.REVE.4x.upper_bound,PhysionetMI,79,-2.39393939393939,
budget.REVE.4x.upper_bound,PhysionetMI,80,-2.0923076923076898,
budget.REVE.4x.upper_bound,PhysionetMI,81,5.5833333333333295,
budget.REVE.4x.upper_bound,PhysionetMI,82,1.0833333333333302,
budget.REVE.4x.upper_bound,PhysionetMI,83,7.47692307692307,
budget.REVE.4x.upper_bound,PhysionetMI,84,1.99242424242424,
budget.REVE.4x.upper_bound,PhysionetMI,85,0.92424242424242,
budget.REVE.4x.upper_bound,PhysionetMI,86,0.07692307692306999,
budget.REVE.4x.upper_bound,PhysionetMI,87,-1.46969696969697,
budget.REVE.4x.upper_bound,PhysionetMI,90,2.12878787878787,
budget.REVE.4x.upper_bound,PhysionetMI,91,-0.21969696969696997,
budget.REVE.4x.upper_bound,PhysionetMI,93,2.27272727272727,
budget.REVE.4x.upper_bound,PhysionetMI,94,-2.90151515151514,
budget.REVE.4x.upper_bound,PhysionetMI,95,1.3,
budget.REVE.4x.upper_bound,PhysionetMI,96,0.007575757575753808,
budget.REVE.4x.upper_bound,PhysionetMI,97,1.98484848484848,
budget.REVE.4x.upper_bound,PhysionetMI,98,0.3030303030303,
budget.REVE.4x.upper_bound,PhysionetMI,99,3.88636363636363,
budget.REVE.4x.upper_bound,PhysionetMI,101,0.23076923076921999,
budget.REVE.4x.upper_bound,PhysionetMI,102,7.90151515151515,
budget.REVE.4x.upper_bound,PhysionetMI,103,2.69696969696968,
budget.REVE.4x.upper_bound,PhysionetMI,105,1.7121212121212,
budget.REVE.4x.upper_bound,PhysionetMI,107,-1.46969696969697,
budget.REVE.4x.upper_bound,PhysionetMI,108,-0.5833333333333299,
budget.REVE.4x.upper_bound,PhysionetMI,109,-1.96969696969697,
budget.REVE.4x.G_BA,Cho2017,1,62.6,
budget.REVE.4x.G_BA,Cho2017,2,59.4,
budget.REVE.4x.G_BA,Cho2017,3,79.80000000000001,
budget.REVE.4x.G_BA,Cho2017,4,81.8,
budget.REVE.4x.G_BA,Cho2017,5,89.60000000000001,
budget.REVE.4x.G_BA,Cho2017,6,84.60000000000001,
budget.REVE.4x.G_BA,Cho2017,7,61.33333333333334,
budget.REVE.4x.G_BA,Cho2017,8,62.6,
budget.REVE.4x.G_BA,Cho2017,9,63.33333333333334,
budget.REVE.4x.G_BA,Cho2017,10,70.19999999999999,
budget.REVE.4x.G_BA,Cho2017,11,62.8,
budget.REVE.4x.G_BA,Cho2017,12,58.00000000000001,
budget.REVE.4x.G_BA,Cho2017,13,88.00000000000001,
budget.REVE.4x.G_BA,Cho2017,14,84.00000000000001,
budget.REVE.4x.G_BA,Cho2017,15,64.60000000000001,
budget.REVE.4x.G_BA,Cho2017,16,64.8,
budget.REVE.4x.G_BA,Cho2017,17,62.2,
budget.REVE.4x.G_BA,Cho2017,18,60.8,
budget.REVE.4x.G_BA,Cho2017,19,57.800000000000004,
budget.REVE.4x.G_BA,Cho2017,20,68.0,
budget.REVE.4x.G_BA,Cho2017,21,72.39999999999999,
budget.REVE.4x.G_BA,Cho2017,22,67.8,
budget.REVE.4x.G_BA,Cho2017,23,77.8,
budget.REVE.4x.G_BA,Cho2017,24,65.4,
budget.REVE.4x.G_BA,Cho2017,25,67.80000000000001,
budget.REVE.4x.G_BA,Cho2017,26,89.60000000000001,
budget.REVE.4x.G_BA,Cho2017,27,64.0,
budget.REVE.4x.G_BA,Cho2017,28,74.0,
budget.REVE.4x.G_BA,Cho2017,29,52.800000000000004,
budget.REVE.4x.G_BA,Cho2017,30,72.39999999999999,
budget.REVE.4x.G_BA,Cho2017,31,65.8,
budget.REVE.4x.G_BA,Cho2017,32,61.40000000000001,
budget.REVE.4x.G_BA,Cho2017,33,62.4,
budget.REVE.4x.G_BA,Cho2017,34,57.199999999999996,
budget.REVE.4x.G_BA,Cho2017,35,49.4,
budget.REVE.4x.G_BA,Cho2017,36,58.20000000000001,
budget.REVE.4x.G_BA,Cho2017,37,86.0,
budget.REVE.4x.G_BA,Cho2017,38,59.199999999999996,
budget.REVE.4x.G_BA,Cho2017,39,62.0,
budget.REVE.4x.G_BA,Cho2017,40,48.8,
budget.REVE.4x.G_BA,Cho2017,41,84.00000000000001,
budget.REVE.4x.G_BA,Cho2017,42,58.8,
budget.REVE.4x.G_BA,Cho2017,43,100.0,
budget.REVE.4x.G_BA,Cho2017,44,86.8,
budget.REVE.4x.G_BA,Cho2017,45,60.8,
budget.REVE.4x.G_BA,Cho2017,46,62.16666666666667,
budget.REVE.4x.G_BA,Cho2017,47,86.6,
budget.REVE.4x.G_BA,Cho2017,48,71.0,
budget.REVE.4x.G_BA,Cho2017,49,100.0,
budget.REVE.4x.G_BA,Cho2017,50,90.0,
budget.REVE.4x.G_BA,Cho2017,51,66.60000000000001,
budget.REVE.4x.G_BA,Cho2017,52,67.4,
budget.REVE.4x.G_BA,Dreyer2023,1,93.66666666666667,
budget.REVE.4x.G_BA,Dreyer2023,2,86.16666666666667,
budget.REVE.4x.G_BA,Dreyer2023,3,75.33333333333333,
budget.REVE.4x.G_BA,Dreyer2023,5,95.83333333333331,
budget.REVE.4x.G_BA,Dreyer2023,6,91.0,
budget.REVE.4x.G_BA,Dreyer2023,7,97.83333333333331,
budget.REVE.4x.G_BA,Dreyer2023,8,91.33333333333333,
budget.REVE.4x.G_BA,Dreyer2023,10,97.0,
budget.REVE.4x.G_BA,Dreyer2023,11,65.66666666666666,
budget.REVE.4x.G_BA,Dreyer2023,12,95.0,
budget.REVE.4x.G_BA,Dreyer2023,13,75.66666666666666,
budget.REVE.4x.G_BA,Dreyer2023,14,68.66666666666667,
budget.REVE.4x.G_BA,Dreyer2023,15,78.49999999999999,
budget.REVE.4x.G_BA,Dreyer2023,16,81.66666666666667,
budget.REVE.4x.G_BA,Dreyer2023,18,86.16666666666667,
budget.REVE.4x.G_BA,Dreyer2023,19,88.66666666666667,
budget.REVE.4x.G_BA,Dreyer2023,20,88.83333333333333,
budget.REVE.4x.G_BA,Dreyer2023,21,94.33333333333334,
budget.REVE.4x.G_BA,Dreyer2023,22,76.99999999999999,
budget.REVE.4x.G_BA,Dreyer2023,23,74.33333333333334,
budget.REVE.4x.G_BA,Dreyer2023,24,99.0,
budget.REVE.4x.G_BA,Dreyer2023,25,82.16666666666667,
budget.REVE.4x.G_BA,Dreyer2023,26,88.16666666666666,
budget.REVE.4x.G_BA,Dreyer2023,27,82.66666666666666,
budget.REVE.4x.G_BA,Dreyer2023,28,76.66666666666666,
budget.REVE.4x.G_BA,Dreyer2023,30,74.16666666666666,
budget.REVE.4x.G_BA,Dreyer2023,31,85.83333333333334,
budget.REVE.4x.G_BA,Dreyer2023,32,93.66666666666667,
budget.REVE.4x.G_BA,Dreyer2023,33,86.16666666666667,
budget.REVE.4x.G_BA,Dreyer2023,34,88.33333333333331,
budget.REVE.4x.G_BA,Dreyer2023,35,75.83333333333333,
budget.REVE.4x.G_BA,Dreyer2023,36,93.16666666666666,
budget.REVE.4x.G_BA,Dreyer2023,37,68.33333333333333,
budget.REVE.4x.G_BA,Dreyer2023,38,75.83333333333334,
budget.REVE.4x.G_BA,Dreyer2023,39,98.5,
budget.REVE.4x.G_BA,Dreyer2023,40,91.20689655172416,
budget.REVE.4x.G_BA,Dreyer2023,42,69.83333333333334,
budget.REVE.4x.G_BA,Dreyer2023,43,85.16666666666666,
budget.REVE.4x.G_BA,Dreyer2023,44,73.83333333333333,
budget.REVE.4x.G_BA,Dreyer2023,45,83.33333333333334,
budget.REVE.4x.G_BA,Dreyer2023,46,80.33333333333333,
budget.REVE.4x.G_BA,Dreyer2023,47,75.66666666666666,
budget.REVE.4x.G_BA,Dreyer2023,48,74.33333333333334,
budget.REVE.4x.G_BA,Dreyer2023,49,72.33333333333334,
budget.REVE.4x.G_BA,Dreyer2023,50,68.33333333333333,
budget.REVE.4x.G_BA,Dreyer2023,51,74.16666666666667,
budget.REVE.4x.G_BA,Dreyer2023,52,81.33333333333333,
budget.REVE.4x.G_BA,Dreyer2023,53,74.49999999999999,
budget.REVE.4x.G_BA,Dreyer2023,54,72.16666666666667,
budget.REVE.4x.G_BA,Dreyer2023,55,87.00000000000001,
budget.REVE.4x.G_BA,Dreyer2023,56,87.5,
budget.REVE.4x.G_BA,Dreyer2023,57,76.33333333333333,
budget.REVE.4x.G_BA,Dreyer2023,58,97.83333333333331,
budget.REVE.4x.G_BA,Dreyer2023,59,74.0,
budget.REVE.4x.G_BA,Dreyer2023,60,83.99999999999999,
budget.REVE.4x.G_BA,Dreyer2023,61,90.16666666666666,
budget.REVE.4x.G_BA,Dreyer2023,62,72.0,
budget.REVE.4x.G_BA,Dreyer2023,63,90.5,
budget.REVE.4x.G_BA,Dreyer2023,64,72.5,
budget.REVE.4x.G_BA,Dreyer2023,65,72.0,
budget.REVE.4x.G_BA,Dreyer2023,66,77.5,
budget.REVE.4x.G_BA,Dreyer2023,67,86.5,
budget.REVE.4x.G_BA,Dreyer2023,68,80.66666666666666,
budget.REVE.4x.G_BA,Dreyer2023,69,90.16666666666669,
budget.REVE.4x.G_BA,Dreyer2023,70,80.16666666666667,
budget.REVE.4x.G_BA,Dreyer2023,71,89.83333333333331,
budget.REVE.4x.G_BA,Dreyer2023,72,82.83333333333334,
budget.REVE.4x.G_BA,Dreyer2023,73,90.0,
budget.REVE.4x.G_BA,Dreyer2023,74,83.0,
budget.REVE.4x.G_BA,Dreyer2023,75,78.16666666666666,
budget.REVE.4x.G_BA,Dreyer2023,76,77.16666666666666,
budget.REVE.4x.G_BA,Dreyer2023,77,89.33333333333333,
budget.REVE.4x.G_BA,Dreyer2023,80,78.66666666666667,
budget.REVE.4x.G_BA,Dreyer2023,81,83.0,
budget.REVE.4x.G_BA,Dreyer2023,82,81.66666666666667,
budget.REVE.4x.G_BA,Dreyer2023,83,75.5,
budget.REVE.4x.G_BA,Dreyer2023,84,86.99999999999999,
budget.REVE.4x.G_BA,Dreyer2023,85,79.83333333333333,
budget.REVE.4x.G_BA,Dreyer2023,86,86.33333333333333,
budget.REVE.4x.G_BA,Dreyer2023,87,87.5,
budget.REVE.4x.G_BA,PhysionetMI,1,94.84848484848484,
budget.REVE.4x.G_BA,PhysionetMI,2,92.61538461538463,
budget.REVE.4x.G_BA,PhysionetMI,3,94.01515151515152,
budget.REVE.4x.G_BA,PhysionetMI,4,89.16666666666666,
budget.REVE.4x.G_BA,PhysionetMI,5,66.81818181818183,
budget.REVE.4x.G_BA,PhysionetMI,6,93.86363636363636,
budget.REVE.4x.G_BA,PhysionetMI,7,90.0,
budget.REVE.4x.G_BA,PhysionetMI,8,80.75757575757576,
budget.REVE.4x.G_BA,PhysionetMI,9,89.84615384615384,
budget.REVE.4x.G_BA,PhysionetMI,10,75.07692307692308,
budget.REVE.4x.G_BA,PhysionetMI,11,77.95454545454545,
budget.REVE.4x.G_BA,PhysionetMI,12,88.86363636363637,
budget.REVE.4x.G_BA,PhysionetMI,13,86.89393939393939,
budget.REVE.4x.G_BA,PhysionetMI,14,80.53030303030303,
budget.REVE.4x.G_BA,PhysionetMI,15,90.0,
budget.REVE.4x.G_BA,PhysionetMI,16,76.2878787878788,
budget.REVE.4x.G_BA,PhysionetMI,17,71.13636363636363,
budget.REVE.4x.G_BA,PhysionetMI,18,80.0,
budget.REVE.4x.G_BA,PhysionetMI,19,85.0,
budget.REVE.4x.G_BA,PhysionetMI,20,96.43939393939395,
budget.REVE.4x.G_BA,PhysionetMI,21,83.25757575757576,
budget.REVE.4x.G_BA,PhysionetMI,22,80.0,
budget.REVE.4x.G_BA,PhysionetMI,23,65.99999999999999,
budget.REVE.4x.G_BA,PhysionetMI,24,65.22727272727273,
budget.REVE.4x.G_BA,PhysionetMI,25,65.53030303030303,
budget.REVE.4x.G_BA,PhysionetMI,26,68.53846153846153,
budget.REVE.4x.G_BA,PhysionetMI,27,89.84848484848487,
budget.REVE.4x.G_BA,PhysionetMI,28,80.30303030303031,
budget.REVE.4x.G_BA,PhysionetMI,29,95.45454545454548,
budget.REVE.4x.G_BA,PhysionetMI,30,86.43939393939395,
budget.REVE.4x.G_BA,PhysionetMI,31,92.95454545454544,
budget.REVE.4x.G_BA,PhysionetMI,32,88.00000000000001,
budget.REVE.4x.G_BA,PhysionetMI,33,75.83333333333334,
budget.REVE.4x.G_BA,PhysionetMI,34,70.0,
budget.REVE.4x.G_BA,PhysionetMI,35,77.27272727272727,
budget.REVE.4x.G_BA,PhysionetMI,36,82.95454545454545,
budget.REVE.4x.G_BA,PhysionetMI,37,86.66666666666666,
budget.REVE.4x.G_BA,PhysionetMI,38,54.39393939393939,
budget.REVE.4x.G_BA,PhysionetMI,39,85.53030303030302,
budget.REVE.4x.G_BA,PhysionetMI,40,99.16666666666666,
budget.REVE.4x.G_BA,PhysionetMI,41,97.69230769230771,
budget.REVE.4x.G_BA,PhysionetMI,42,97.5,
budget.REVE.4x.G_BA,PhysionetMI,43,84.69696969696969,
budget.REVE.4x.G_BA,PhysionetMI,44,86.96969696969697,
budget.REVE.4x.G_BA,PhysionetMI,45,77.72727272727273,
budget.REVE.4x.G_BA,PhysionetMI,46,78.25757575757576,
budget.REVE.4x.G_BA,PhysionetMI,47,80.53030303030303,
budget.REVE.4x.G_BA,PhysionetMI,48,100.0,
budget.REVE.4x.G_BA,PhysionetMI,49,82.42424242424242,
budget.REVE.4x.G_BA,PhysionetMI,50,65.45454545454545,
budget.REVE.4x.G_BA,PhysionetMI,51,86.51515151515153,
budget.REVE.4x.G_BA,PhysionetMI,52,87.23076923076924,
budget.REVE.4x.G_BA,PhysionetMI,53,88.18181818181819,
budget.REVE.4x.G_BA,PhysionetMI,54,98.25757575757575,
budget.REVE.4x.G_BA,PhysionetMI,55,92.12121212121211,
budget.REVE.4x.G_BA,PhysionetMI,56,95.60606060606061,
budget.REVE.4x.G_BA,PhysionetMI,57,98.18181818181819,
budget.REVE.4x.G_BA,PhysionetMI,58,82.84615384615385,
budget.REVE.4x.G_BA,PhysionetMI,59,79.92424242424242,
budget.REVE.4x.G_BA,PhysionetMI,60,96.15384615384616,
budget.REVE.4x.G_BA,PhysionetMI,61,100.0,
budget.REVE.4x.G_BA,PhysionetMI,62,77.34848484848484,
budget.REVE.4x.G_BA,PhysionetMI,63,71.13636363636363,
budget.REVE.4x.G_BA,PhysionetMI,64,75.75757575757575,
budget.REVE.4x.G_BA,PhysionetMI,65,96.43939393939395,
budget.REVE.4x.G_BA,PhysionetMI,66,66.74242424242424,
budget.REVE.4x.G_BA,PhysionetMI,67,70.75757575757576,
budget.REVE.4x.G_BA,PhysionetMI,68,82.5,
budget.REVE.4x.G_BA,PhysionetMI,69,97.46153846153845,
budget.REVE.4x.G_BA,PhysionetMI,70,90.0,
budget.REVE.4x.G_BA,PhysionetMI,71,93.10606060606061,
budget.REVE.4x.G_BA,PhysionetMI,72,89.16666666666666,
budget.REVE.4x.G_BA,PhysionetMI,73,78.63636363636364,
budget.REVE.4x.G_BA,PhysionetMI,74,65.75757575757576,
budget.REVE.4x.G_BA,PhysionetMI,75,86.5909090909091,
budget.REVE.4x.G_BA,PhysionetMI,76,63.25757575757576,
budget.REVE.4x.G_BA,PhysionetMI,77,69.92424242424242,
budget.REVE.4x.G_BA,PhysionetMI,78,61.969696969696976,
budget.REVE.4x.G_BA,PhysionetMI,79,80.98484848484848,
budget.REVE.4x.G_BA,PhysionetMI,80,84.15384615384616,
budget.REVE.4x.G_BA,PhysionetMI,81,86.66666666666669,
budget.REVE.4x.G_BA,PhysionetMI,82,73.10606060606061,
budget.REVE.4x.G_BA,PhysionetMI,83,80.61538461538461,
budget.REVE.4x.G_BA,PhysionetMI,84,94.77272727272727,
budget.REVE.4x.G_BA,PhysionetMI,85,93.93939393939394,
budget.REVE.4x.G_BA,PhysionetMI,86,80.0,
budget.REVE.4x.G_BA,PhysionetMI,87,66.51515151515152,
budget.REVE.4x.G_BA,PhysionetMI,90,95.53030303030305,
budget.REVE.4x.G_BA,PhysionetMI,91,86.2121212121212,
budget.REVE.4x.G_BA,PhysionetMI,93,84.31818181818181,
budget.REVE.4x.G_BA,PhysionetMI,94,86.5909090909091,
budget.REVE.4x.G_BA,PhysionetMI,95,75.3076923076923,
budget.REVE.4x.G_BA,PhysionetMI,96,79.16666666666666,
budget.REVE.4x.G_BA,PhysionetMI,97,81.06060606060606,
budget.REVE.4x.G_BA,PhysionetMI,98,50.90909090909091,
budget.REVE.4x.G_BA,PhysionetMI,99,67.8030303030303,
budget.REVE.4x.G_BA,PhysionetMI,101,90.0,
budget.REVE.4x.G_BA,PhysionetMI,102,84.09090909090911,
budget.REVE.4x.G_BA,PhysionetMI,103,94.62121212121211,
budget.REVE.4x.G_BA,PhysionetMI,105,77.42424242424242,
budget.REVE.4x.G_BA,PhysionetMI,107,58.71212121212122,
budget.REVE.4x.G_BA,PhysionetMI,108,91.2121212121212,
budget.REVE.4x.G_BA,PhysionetMI,109,73.63636363636363,
budget.REVE.4x_minus_1x,Cho2017,1,4.3999999999999995,5.399999999999991
budget.REVE.4x_minus_1x,Cho2017,2,-0.99999999999999,0.4
budget.REVE.4x_minus_1x,Cho2017,3,10.59999999999999,9.19999999999999
budget.REVE.4x_minus_1x,Cho2017,4,1.2,5.800000000000001
budget.REVE.4x_minus_1x,Cho2017,5,-0.2,0.2
budget.REVE.4x_minus_1x,Cho2017,6,0.39999999999999003,-0.7999999999999899
budget.REVE.4x_minus_1x,Cho2017,7,-1.99999999999999,2.1666666666666603
budget.REVE.4x_minus_1x,Cho2017,8,5.59999999999999,3.99999999999999
budget.REVE.4x_minus_1x,Cho2017,9,0.6666666666666601,1.1666666666666599
budget.REVE.4x_minus_1x,Cho2017,10,1.5999999999999899,1.4000000000000001
budget.REVE.4x_minus_1x,Cho2017,11,0.99999999999999,2.6
budget.REVE.4x_minus_1x,Cho2017,12,13.199999999999989,12.99999999999999
budget.REVE.4x_minus_1x,Cho2017,13,1.0,2.4
budget.REVE.4x_minus_1x,Cho2017,14,1.19999999999999,4.39999999999999
budget.REVE.4x_minus_1x,Cho2017,15,1.7999999999999998,4.39999999999999
budget.REVE.4x_minus_1x,Cho2017,16,-1.0,-0.19999999999999
budget.REVE.4x_minus_1x,Cho2017,17,4.1999999999999895,5.59999999999999
budget.REVE.4x_minus_1x,Cho2017,18,2.99999999999999,2.79999999999999
budget.REVE.4x_minus_1x,Cho2017,19,2.19999999999999,2.8000000000000003
budget.REVE.4x_minus_1x,Cho2017,20,1.79999999999999,4.99999999999999
budget.REVE.4x_minus_1x,Cho2017,21,0.6,3.1999999999999895
budget.REVE.4x_minus_1x,Cho2017,22,-1.39999999999999,3.79999999999999
budget.REVE.4x_minus_1x,Cho2017,23,3.3999999999999897,2.99999999999999
budget.REVE.4x_minus_1x,Cho2017,24,1.7999999999999998,5.79999999999999
budget.REVE.4x_minus_1x,Cho2017,25,-1.39999999999999,2.6
budget.REVE.4x_minus_1x,Cho2017,26,-0.2,-0.2
budget.REVE.4x_minus_1x,Cho2017,27,-1.0,1.19999999999999
budget.REVE.4x_minus_1x,Cho2017,28,18.79999999999999,21.99999999999999
budget.REVE.4x_minus_1x,Cho2017,29,1.99999999999999,6.999999999999989
budget.REVE.4x_minus_1x,Cho2017,30,4.6,6.2
budget.REVE.4x_minus_1x,Cho2017,31,2.0,3.3999999999999897
budget.REVE.4x_minus_1x,Cho2017,32,0.59999999999999,-0.99999999999999
budget.REVE.4x_minus_1x,Cho2017,33,1.387778780781446e-16,-0.7999999999999899
budget.REVE.4x_minus_1x,Cho2017,34,1.0,-1.19999999999999
budget.REVE.4x_minus_1x,Cho2017,35,14.19999999999999,19.79999999999999
budget.REVE.4x_minus_1x,Cho2017,36,7.39999999999999,3.3999999999999897
budget.REVE.4x_minus_1x,Cho2017,37,-0.39999999999999003,1.0
budget.REVE.4x_minus_1x,Cho2017,38,-1.942890293094024e-15,1.2
budget.REVE.4x_minus_1x,Cho2017,39,4.0,0.99999999999999
budget.REVE.4x_minus_1x,Cho2017,40,0.8,0.6
budget.REVE.4x_minus_1x,Cho2017,41,5.19999999999999,4.79999999999999
budget.REVE.4x_minus_1x,Cho2017,42,0.99999999999999,1.4000000000000001
budget.REVE.4x_minus_1x,Cho2017,43,0.0,0.0
budget.REVE.4x_minus_1x,Cho2017,44,0.4,0.6
budget.REVE.4x_minus_1x,Cho2017,45,1.39999999999999,-0.7999999999999899
budget.REVE.4x_minus_1x,Cho2017,46,4.8333333333333295,0.99999999999999
budget.REVE.4x_minus_1x,Cho2017,47,0.39999999999999003,3.1999999999999895
budget.REVE.4x_minus_1x,Cho2017,48,4.1999999999999895,3.5999999999999996
budget.REVE.4x_minus_1x,Cho2017,49,0.0,0.0
budget.REVE.4x_minus_1x,Cho2017,50,0.0,0.6
budget.REVE.4x_minus_1x,Cho2017,51,-2.5999999999999903,3.79999999999999
budget.REVE.4x_minus_1x,Cho2017,52,2.99999999999999,2.39999999999999
budget.REVE.4x_minus_1x,Dreyer2023,1,0.33333333333333004,1.99999999999999
budget.REVE.4x_minus_1x,Dreyer2023,2,3.16666666666666,5.33333333333333
budget.REVE.4x_minus_1x,Dreyer2023,3,-0.16666666666666,0.16666666666666
budget.REVE.4x_minus_1x,Dreyer2023,5,1.66666666666666,1.66666666666666
budget.REVE.4x_minus_1x,Dreyer2023,6,4.0245584642661925e-15,5.99999999999999
budget.REVE.4x_minus_1x,Dreyer2023,7,1.49999999999999,1.99999999999999
budget.REVE.4x_minus_1x,Dreyer2023,8,4.66666666666666,12.99999999999999
budget.REVE.4x_minus_1x,Dreyer2023,10,-0.49999999999999,1.1666666666666599
budget.REVE.4x_minus_1x,Dreyer2023,11,20.16666666666666,21.33333333333333
budget.REVE.4x_minus_1x,Dreyer2023,12,0.99999999999999,-0.6666666666666601
budget.REVE.4x_minus_1x,Dreyer2023,13,2.33333333333333,1.49999999999999
budget.REVE.4x_minus_1x,Dreyer2023,14,7.8333333333333295,7.16666666666666
budget.REVE.4x_minus_1x,Dreyer2023,15,0.6666666666666601,2.33333333333333
budget.REVE.4x_minus_1x,Dreyer2023,16,2.33333333333333,5.83333333333333
budget.REVE.4x_minus_1x,Dreyer2023,18,1.49999999999999,1.0
budget.REVE.4x_minus_1x,Dreyer2023,19,0.33333333333333004,1.33333333333333
budget.REVE.4x_minus_1x,Dreyer2023,20,0.6666666666666601,0.16666666666666
budget.REVE.4x_minus_1x,Dreyer2023,21,0.49999999999999,1.66666666666666
budget.REVE.4x_minus_1x,Dreyer2023,22,1.66666666666666,2.5
budget.REVE.4x_minus_1x,Dreyer2023,23,-1.0,4.99999999999999
budget.REVE.4x_minus_1x,Dreyer2023,24,-0.5,1.1666666666666599
budget.REVE.4x_minus_1x,Dreyer2023,25,2.99999999999999,10.16666666666666
budget.REVE.4x_minus_1x,Dreyer2023,26,7.99999999999998,6.66666666666665
budget.REVE.4x_minus_1x,Dreyer2023,27,2.1666666666666603,8.66666666666666
budget.REVE.4x_minus_1x,Dreyer2023,28,6.16666666666666,6.833333333333321
budget.REVE.4x_minus_1x,Dreyer2023,30,2.1666666666666603,9.83333333333332
budget.REVE.4x_minus_1x,Dreyer2023,31,1.99999999999999,2.83333333333333
budget.REVE.4x_minus_1x,Dreyer2023,32,0.99999999999999,8.83333333333332
budget.REVE.4x_minus_1x,Dreyer2023,33,2.4999999999999902,8.33333333333332
budget.REVE.4x_minus_1x,Dreyer2023,34,1.66666666666666,10.83333333333332
budget.REVE.4x_minus_1x,Dreyer2023,35,1.1666666666666599,7.16666666666666
budget.REVE.4x_minus_1x,Dreyer2023,36,0.6666666666666601,2.83333333333332
budget.REVE.4x_minus_1x,Dreyer2023,37,14.499999999999991,10.0
budget.REVE.4x_minus_1x,Dreyer2023,38,0.49999999999999,1.33333333333333
budget.REVE.4x_minus_1x,Dreyer2023,39,3.95516952522712e-15,2.5
budget.REVE.4x_minus_1x,Dreyer2023,40,2.24137931034482,5.51724137931034
budget.REVE.4x_minus_1x,Dreyer2023,42,11.49999999999999,13.33333333333332
budget.REVE.4x_minus_1x,Dreyer2023,43,1.0,-1.0
budget.REVE.4x_minus_1x,Dreyer2023,44,5.16666666666666,5.83333333333333
budget.REVE.4x_minus_1x,Dreyer2023,45,0.99999999999999,9.99999999999999
budget.REVE.4x_minus_1x,Dreyer2023,46,0.6666666666666601,2.5
budget.REVE.4x_minus_1x,Dreyer2023,47,1.8333333333333202,2.1666666666666603
budget.REVE.4x_minus_1x,Dreyer2023,48,1.66666666666666,0.49999999999999
budget.REVE.4x_minus_1x,Dreyer2023,49,1.66666666666666,7.49999999999999
budget.REVE.4x_minus_1x,Dreyer2023,50,1.66666666666666,3.66666666666666
budget.REVE.4x_minus_1x,Dreyer2023,51,2.33333333333333,3.16666666666666
budget.REVE.4x_minus_1x,Dreyer2023,52,7.49999999999999,8.83333333333333
budget.REVE.4x_minus_1x,Dreyer2023,53,0.66666666666667,0.99999999999999
budget.REVE.4x_minus_1x,Dreyer2023,54,2.66666666666666,11.166666666666659
budget.REVE.4x_minus_1x,Dreyer2023,55,0.49999999999999,4.66666666666666
budget.REVE.4x_minus_1x,Dreyer2023,56,1.66666666666666,3.16666666666666
budget.REVE.4x_minus_1x,Dreyer2023,57,6.16666666666666,8.99999999999999
budget.REVE.4x_minus_1x,Dreyer2023,58,0.49999999999999,1.0
budget.REVE.4x_minus_1x,Dreyer2023,59,0.99999999999999,-0.5
budget.REVE.4x_minus_1x,Dreyer2023,60,2.99999999999999,4.33333333333333
budget.REVE.4x_minus_1x,Dreyer2023,61,6.33333333333332,5.33333333333333
budget.REVE.4x_minus_1x,Dreyer2023,62,2.66666666666666,7.33333333333332
budget.REVE.4x_minus_1x,Dreyer2023,63,4.66666666666666,5.16666666666666
budget.REVE.4x_minus_1x,Dreyer2023,64,3.8333333333333304,10.33333333333332
budget.REVE.4x_minus_1x,Dreyer2023,65,1.0,5.33333333333332
budget.REVE.4x_minus_1x,Dreyer2023,66,6.3333333333333295,9.16666666666666
budget.REVE.4x_minus_1x,Dreyer2023,67,0.49999999999999,-2.83333333333333
budget.REVE.4x_minus_1x,Dreyer2023,68,4.33333333333333,4.16666666666666
budget.REVE.4x_minus_1x,Dreyer2023,69,1.33333333333333,1.49999999999999
budget.REVE.4x_minus_1x,Dreyer2023,70,8.66666666666666,17.66666666666666
budget.REVE.4x_minus_1x,Dreyer2023,71,2.33333333333333,3.33333333333333
budget.REVE.4x_minus_1x,Dreyer2023,72,12.666666666666659,16.49999999999999
budget.REVE.4x_minus_1x,Dreyer2023,73,7.33333333333332,2.66666666666666
budget.REVE.4x_minus_1x,Dreyer2023,74,0.0,4.66666666666666
budget.REVE.4x_minus_1x,Dreyer2023,75,2.83333333333333,5.833333333333321
budget.REVE.4x_minus_1x,Dreyer2023,76,1.66666666666666,5.16666666666666
budget.REVE.4x_minus_1x,Dreyer2023,77,2.1666666666666603,3.49999999999999
budget.REVE.4x_minus_1x,Dreyer2023,80,5.99999999999999,11.83333333333333
budget.REVE.4x_minus_1x,Dreyer2023,81,3.33333333333332,3.16666666666666
budget.REVE.4x_minus_1x,Dreyer2023,82,10.83333333333332,14.999999999999991
budget.REVE.4x_minus_1x,Dreyer2023,83,8.49999999999999,12.666666666666652
budget.REVE.4x_minus_1x,Dreyer2023,84,5.0,4.0
budget.REVE.4x_minus_1x,Dreyer2023,85,0.83333333333333,7.83333333333332
budget.REVE.4x_minus_1x,Dreyer2023,86,1.33333333333333,-1.8333333333333202
budget.REVE.4x_minus_1x,Dreyer2023,87,0.5,-1.33333333333333
budget.REVE.4x_minus_1x,PhysionetMI,1,-1.8939393939393898,1.66666666666666
budget.REVE.4x_minus_1x,PhysionetMI,2,1.76923076923076,2.69230769230768
budget.REVE.4x_minus_1x,PhysionetMI,3,1.74242424242423,0.15151515151515
budget.REVE.4x_minus_1x,PhysionetMI,4,-0.9848484848484799,2.65151515151515
budget.REVE.4x_minus_1x,PhysionetMI,5,-0.45454545454545003,6.21212121212121
budget.REVE.4x_minus_1x,PhysionetMI,6,-12.95454545454545,0.3030303030303
budget.REVE.4x_minus_1x,PhysionetMI,7,0.0,0.0
budget.REVE.4x_minus_1x,PhysionetMI,8,-5.07575757575757,-2.34848484848484
budget.REVE.4x_minus_1x,PhysionetMI,9,-1.38461538461538,-1.84615384615384
budget.REVE.4x_minus_1x,PhysionetMI,10,-1.38461538461538,4.53846153846153
budget.REVE.4x_minus_1x,PhysionetMI,11,0.37878787878787,1.43939393939394
budget.REVE.4x_minus_1x,PhysionetMI,12,5.07575757575757,4.09090909090908
budget.REVE.4x_minus_1x,PhysionetMI,13,2.87878787878787,2.95454545454545
budget.REVE.4x_minus_1x,PhysionetMI,14,3.5606060606060503,0.22727272727272002
budget.REVE.4x_minus_1x,PhysionetMI,15,0.0,0.76923076923076
budget.REVE.4x_minus_1x,PhysionetMI,16,-3.2575757575757502,0.9090909090909001
budget.REVE.4x_minus_1x,PhysionetMI,17,3.63636363636363,6.51515151515151
budget.REVE.4x_minus_1x,PhysionetMI,18,0.0,0.0
budget.REVE.4x_minus_1x,PhysionetMI,19,4.015151515151509,-0.83333333333333
budget.REVE.4x_minus_1x,PhysionetMI,20,-0.75757575757575,6.363636363636351
budget.REVE.4x_minus_1x,PhysionetMI,21,4.46969696969696,1.59090909090908
budget.REVE.4x_minus_1x,PhysionetMI,22,0.0,0.0
budget.REVE.4x_minus_1x,PhysionetMI,23,1.4615384615384501,0.15384615384615
budget.REVE.4x_minus_1x,PhysionetMI,24,-0.15151515151515,0.9848484848484799
budget.REVE.4x_minus_1x,PhysionetMI,25,-0.9848484848484799,-4.3181818181818095
budget.REVE.4x_minus_1x,PhysionetMI,26,3.23076923076923,1.92307692307692
budget.REVE.4x_minus_1x,PhysionetMI,27,2.65151515151515,1.66666666666666
budget.REVE.4x_minus_1x,PhysionetMI,28,-0.9848484848484799,-4.39393939393939
budget.REVE.4x_minus_1x,PhysionetMI,29,0.9090909090909001,0.0
budget.REVE.4x_minus_1x,PhysionetMI,30,-2.57575757575757,0.68181818181818
budget.REVE.4x_minus_1x,PhysionetMI,31,0.9090909090909001,-1.8181818181818101
budget.REVE.4x_minus_1x,PhysionetMI,32,-0.99999999999999,1.0
budget.REVE.4x_minus_1x,PhysionetMI,33,0.83333333333333,4.99999999999999
budget.REVE.4x_minus_1x,PhysionetMI,34,6.23076923076922,7.76923076923076
budget.REVE.4x_minus_1x,PhysionetMI,35,2.72727272727272,0.0
budget.REVE.4x_minus_1x,PhysionetMI,36,-0.9848484848484799,1.66666666666666
budget.REVE.4x_minus_1x,PhysionetMI,37,2.1212121212121198,7.27272727272727
budget.REVE.4x_minus_1x,PhysionetMI,38,-1.66666666666666,6.1363636363636305
budget.REVE.4x_minus_1x,PhysionetMI,39,-3.4848484848484804,1.59090909090909
budget.REVE.4x_minus_1x,PhysionetMI,40,0.0,0.0
budget.REVE.4x_minus_1x,PhysionetMI,41,-0.7692307692307699,-0.53846153846153
budget.REVE.4x_minus_1x,PhysionetMI,42,-1.66666666666666,-1.66666666666666
budget.REVE.4x_minus_1x,PhysionetMI,43,0.0,0.0
budget.REVE.4x_minus_1x,PhysionetMI,44,-2.27272727272726,2.42424242424242
budget.REVE.4x_minus_1x,PhysionetMI,45,-1.81818181818182,2.12121212121211
budget.REVE.4x_minus_1x,PhysionetMI,46,-1.7424242424242402,-4.015151515151509
budget.REVE.4x_minus_1x,PhysionetMI,47,-3.5606060606060503,-0.68181818181818
budget.REVE.4x_minus_1x,PhysionetMI,48,0.0,1.66666666666666
budget.REVE.4x_minus_1x,PhysionetMI,49,1.66666666666667,5.83333333333333
budget.REVE.4x_minus_1x,PhysionetMI,50,4.24242424242423,11.51515151515151
budget.REVE.4x_minus_1x,PhysionetMI,51,0.83333333333333,1.81818181818182
budget.REVE.4x_minus_1x,PhysionetMI,52,5.99999999999999,2.99999999999999
budget.REVE.4x_minus_1x,PhysionetMI,53,0.9090909090909001,3.40909090909091
budget.REVE.4x_minus_1x,PhysionetMI,54,-2.42424242424242,0.9090909090909001
budget.REVE.4x_minus_1x,PhysionetMI,55,4.54545454545454,-4.16666666666666
budget.REVE.4x_minus_1x,PhysionetMI,56,1.66666666666666,4.46969696969696
budget.REVE.4x_minus_1x,PhysionetMI,57,-1.51515151515151,1.06060606060605
budget.REVE.4x_minus_1x,PhysionetMI,58,4.153846153846151,9.3076923076923
budget.REVE.4x_minus_1x,PhysionetMI,59,3.4848484848484804,8.33333333333333
budget.REVE.4x_minus_1x,PhysionetMI,60,0.76923076923076,-0.76923076923076
budget.REVE.4x_minus_1x,PhysionetMI,61,-1.8181818181818101,-1.8181818181818101
budget.REVE.4x_minus_1x,PhysionetMI,62,0.15151515151515,0.9090909090909001
budget.REVE.4x_minus_1x,PhysionetMI,63,0.9848484848484799,-2.95454545454545
budget.REVE.4x_minus_1x,PhysionetMI,64,2.42424242424242,5.0
budget.REVE.4x_minus_1x,PhysionetMI,65,-0.83333333333333,-0.07575757575757
budget.REVE.4x_minus_1x,PhysionetMI,66,2.65151515151515,2.65151515151515
budget.REVE.4x_minus_1x,PhysionetMI,67,0.6060606060606,-2.1212121212121
budget.REVE.4x_minus_1x,PhysionetMI,68,-0.22727272727272002,4.16666666666666
budget.REVE.4x_minus_1x,PhysionetMI,69,-0.23076923076923,4.61538461538461
budget.REVE.4x_minus_1x,PhysionetMI,70,0.0,0.0
budget.REVE.4x_minus_1x,PhysionetMI,71,0.0,-0.9848484848484799
budget.REVE.4x_minus_1x,PhysionetMI,72,0.0,1.8181818181818101
budget.REVE.4x_minus_1x,PhysionetMI,73,0.9090909090909001,-3.4848484848484804
budget.REVE.4x_minus_1x,PhysionetMI,74,2.27272727272727,2.42424242424241
budget.REVE.4x_minus_1x,PhysionetMI,75,-4.16666666666666,0.07575757575757999
budget.REVE.4x_minus_1x,PhysionetMI,76,2.34848484848484,-6.36363636363636
budget.REVE.4x_minus_1x,PhysionetMI,77,3.2575757575757502,-1.66666666666666
budget.REVE.4x_minus_1x,PhysionetMI,78,-1.51515151515151,8.33333333333333
budget.REVE.4x_minus_1x,PhysionetMI,79,-4.77272727272727,-1.51515151515151
budget.REVE.4x_minus_1x,PhysionetMI,80,-5.76923076923077,-1.942890293094024e-15
budget.REVE.4x_minus_1x,PhysionetMI,81,4.015151515151509,4.09090909090908
budget.REVE.4x_minus_1x,PhysionetMI,82,0.75757575757575,3.2575757575757502
budget.REVE.4x_minus_1x,PhysionetMI,83,3.61538461538461,4.53846153846153
budget.REVE.4x_minus_1x,PhysionetMI,84,-1.8939393939393898,4.2424242424242395
budget.REVE.4x_minus_1x,PhysionetMI,85,0.07575757575757,1.51515151515151
budget.REVE.4x_minus_1x,PhysionetMI,86,0.0,0.76923076923076
budget.REVE.4x_minus_1x,PhysionetMI,87,-1.7424242424242402,5.22727272727272
budget.REVE.4x_minus_1x,PhysionetMI,90,0.9848484848484799,1.51515151515151
budget.REVE.4x_minus_1x,PhysionetMI,91,0.07575757575757,2.12121212121211
budget.REVE.4x_minus_1x,PhysionetMI,93,3.5606060606060503,-0.5303030303030299
budget.REVE.4x_minus_1x,PhysionetMI,94,-3.2575757575757502,-3.33333333333332
budget.REVE.4x_minus_1x,PhysionetMI,95,-1.99999999999999,0.84615384615383
budget.REVE.4x_minus_1x,PhysionetMI,96,-0.83333333333333,-1.66666666666666
budget.REVE.4x_minus_1x,PhysionetMI,97,0.9848484848484799,-1.8181818181818101
budget.REVE.4x_minus_1x,PhysionetMI,98,0.9090909090909001,5.98484848484848
budget.REVE.4x_minus_1x,PhysionetMI,99,1.0606060606060599,4.9242424242424105
budget.REVE.4x_minus_1x,PhysionetMI,101,0.0,0.76923076923076
budget.REVE.4x_minus_1x,PhysionetMI,102,4.54545454545454,5.45454545454545
budget.REVE.4x_minus_1x,PhysionetMI,103,-2.1969696969697,8.40909090909091
budget.REVE.4x_minus_1x,PhysionetMI,105,1.7424242424242402,0.83333333333333
budget.REVE.4x_minus_1x,PhysionetMI,107,-3.18181818181818,-2.42424242424241
budget.REVE.4x_minus_1x,PhysionetMI,108,-2.57575757575757,-1.66666666666666
budget.REVE.4x_minus_1x,PhysionetMI,109,-3.7121212121212097,-1.942890293094024e-15
budget.LaBraM.1x.own_gain,Cho2017,1,5.399999999999991,
budget.LaBraM.1x.own_gain,Cho2017,2,4.6,
budget.LaBraM.1x.own_gain,Cho2017,3,13.99999999999999,
budget.LaBraM.1x.own_gain,Cho2017,4,1.39999999999999,
budget.LaBraM.1x.own_gain,Cho2017,5,15.2,
budget.LaBraM.1x.own_gain,Cho2017,6,1.7999999999999998,
budget.LaBraM.1x.own_gain,Cho2017,7,3.16666666666666,
budget.LaBraM.1x.own_gain,Cho2017,8,5.59999999999999,
budget.LaBraM.1x.own_gain,Cho2017,9,2.4999999999999902,
budget.LaBraM.1x.own_gain,Cho2017,10,-0.2,
budget.LaBraM.1x.own_gain,Cho2017,11,1.7999999999999998,
budget.LaBraM.1x.own_gain,Cho2017,12,2.0,
budget.LaBraM.1x.own_gain,Cho2017,13,24.79999999999999,
budget.LaBraM.1x.own_gain,Cho2017,14,20.59999999999999,
budget.LaBraM.1x.own_gain,Cho2017,15,1.5999999999999899,
budget.LaBraM.1x.own_gain,Cho2017,16,0.4,
budget.LaBraM.1x.own_gain,Cho2017,17,10.59999999999999,
budget.LaBraM.1x.own_gain,Cho2017,18,3.8,
budget.LaBraM.1x.own_gain,Cho2017,19,1.6,
budget.LaBraM.1x.own_gain,Cho2017,20,8.599999999999989,
budget.LaBraM.1x.own_gain,Cho2017,21,1.79999999999999,
budget.LaBraM.1x.own_gain,Cho2017,22,-0.7999999999999899,
budget.LaBraM.1x.own_gain,Cho2017,23,4.2,
budget.LaBraM.1x.own_gain,Cho2017,24,1.6,
budget.LaBraM.1x.own_gain,Cho2017,25,2.39999999999999,
budget.LaBraM.1x.own_gain,Cho2017,26,0.2,
budget.LaBraM.1x.own_gain,Cho2017,27,3.79999999999999,
budget.LaBraM.1x.own_gain,Cho2017,28,21.599999999999987,
budget.LaBraM.1x.own_gain,Cho2017,29,2.99999999999999,
budget.LaBraM.1x.own_gain,Cho2017,30,23.799999999999997,
budget.LaBraM.1x.own_gain,Cho2017,31,4.79999999999999,
budget.LaBraM.1x.own_gain,Cho2017,32,6.999999999999989,
budget.LaBraM.1x.own_gain,Cho2017,33,-1.7999999999999998,
budget.LaBraM.1x.own_gain,Cho2017,34,2.19999999999999,
budget.LaBraM.1x.own_gain,Cho2017,35,19.399999999999988,
budget.LaBraM.1x.own_gain,Cho2017,36,4.0,
budget.LaBraM.1x.own_gain,Cho2017,37,-1.6,
budget.LaBraM.1x.own_gain,Cho2017,38,1.7999999999999998,
budget.LaBraM.1x.own_gain,Cho2017,39,5.0,
budget.LaBraM.1x.own_gain,Cho2017,40,3.59999999999999,
budget.LaBraM.1x.own_gain,Cho2017,41,8.99999999999999,
budget.LaBraM.1x.own_gain,Cho2017,42,4.6,
budget.LaBraM.1x.own_gain,Cho2017,43,2.8000000000000003,
budget.LaBraM.1x.own_gain,Cho2017,44,2.39999999999999,
budget.LaBraM.1x.own_gain,Cho2017,45,3.8,
budget.LaBraM.1x.own_gain,Cho2017,46,-0.16666666666666,
budget.LaBraM.1x.own_gain,Cho2017,47,4.79999999999999,
budget.LaBraM.1x.own_gain,Cho2017,48,7.59999999999999,
budget.LaBraM.1x.own_gain,Cho2017,49,2.4,
budget.LaBraM.1x.own_gain,Cho2017,50,0.8,
budget.LaBraM.1x.own_gain,Cho2017,51,2.6,
budget.LaBraM.1x.own_gain,Cho2017,52,3.5999999999999996,
budget.LaBraM.1x.own_gain,Dreyer2023,1,0.33333333333333004,
budget.LaBraM.1x.own_gain,Dreyer2023,2,2.83333333333333,
budget.LaBraM.1x.own_gain,Dreyer2023,3,1.5,
budget.LaBraM.1x.own_gain,Dreyer2023,5,3.66666666666666,
budget.LaBraM.1x.own_gain,Dreyer2023,6,1.83333333333333,
budget.LaBraM.1x.own_gain,Dreyer2023,7,0.16666666666666,
budget.LaBraM.1x.own_gain,Dreyer2023,8,4.99999999999999,
budget.LaBraM.1x.own_gain,Dreyer2023,10,-0.16666666666666,
budget.LaBraM.1x.own_gain,Dreyer2023,11,18.99999999999999,
budget.LaBraM.1x.own_gain,Dreyer2023,12,0.16666666666666,
budget.LaBraM.1x.own_gain,Dreyer2023,13,1.99999999999999,
budget.LaBraM.1x.own_gain,Dreyer2023,14,3.99999999999999,
budget.LaBraM.1x.own_gain,Dreyer2023,15,3.16666666666666,
budget.LaBraM.1x.own_gain,Dreyer2023,16,0.16666666666666,
budget.LaBraM.1x.own_gain,Dreyer2023,18,2.66666666666666,
budget.LaBraM.1x.own_gain,Dreyer2023,19,7.83333333333332,
budget.LaBraM.1x.own_gain,Dreyer2023,20,1.99999999999999,
budget.LaBraM.1x.own_gain,Dreyer2023,21,1.83333333333333,
budget.LaBraM.1x.own_gain,Dreyer2023,22,1.5,
budget.LaBraM.1x.own_gain,Dreyer2023,23,5.33333333333333,
budget.LaBraM.1x.own_gain,Dreyer2023,24,2.83333333333333,
budget.LaBraM.1x.own_gain,Dreyer2023,25,6.16666666666666,
budget.LaBraM.1x.own_gain,Dreyer2023,26,10.33333333333332,
budget.LaBraM.1x.own_gain,Dreyer2023,27,1.49999999999999,
budget.LaBraM.1x.own_gain,Dreyer2023,28,0.99999999999999,
budget.LaBraM.1x.own_gain,Dreyer2023,30,10.83333333333332,
budget.LaBraM.1x.own_gain,Dreyer2023,31,7.16666666666666,
budget.LaBraM.1x.own_gain,Dreyer2023,32,5.49999999999999,
budget.LaBraM.1x.own_gain,Dreyer2023,33,-2.66666666666666,
budget.LaBraM.1x.own_gain,Dreyer2023,34,1.99999999999999,
budget.LaBraM.1x.own_gain,Dreyer2023,35,3.16666666666666,
budget.LaBraM.1x.own_gain,Dreyer2023,36,-0.49999999999999,
budget.LaBraM.1x.own_gain,Dreyer2023,37,7.33333333333332,
budget.LaBraM.1x.own_gain,Dreyer2023,38,4.99999999999999,
budget.LaBraM.1x.own_gain,Dreyer2023,39,2.66666666666666,
budget.LaBraM.1x.own_gain,Dreyer2023,40,2.41379310344827,
budget.LaBraM.1x.own_gain,Dreyer2023,42,9.33333333333332,
budget.LaBraM.1x.own_gain,Dreyer2023,43,-2.0122792321330962e-15,
budget.LaBraM.1x.own_gain,Dreyer2023,44,2.3333333333333197,
budget.LaBraM.1x.own_gain,Dreyer2023,45,2.99999999999999,
budget.LaBraM.1x.own_gain,Dreyer2023,46,3.49999999999999,
budget.LaBraM.1x.own_gain,Dreyer2023,47,2.99999999999999,
budget.LaBraM.1x.own_gain,Dreyer2023,48,-0.5,
budget.LaBraM.1x.own_gain,Dreyer2023,49,4.333333333333321,
budget.LaBraM.1x.own_gain,Dreyer2023,50,-0.16666666666666,
budget.LaBraM.1x.own_gain,Dreyer2023,51,4.8333333333333295,
budget.LaBraM.1x.own_gain,Dreyer2023,52,-0.33333333333332,
budget.LaBraM.1x.own_gain,Dreyer2023,53,2.1666666666666603,
budget.LaBraM.1x.own_gain,Dreyer2023,54,8.33333333333333,
budget.LaBraM.1x.own_gain,Dreyer2023,55,2.4999999999999902,
budget.LaBraM.1x.own_gain,Dreyer2023,56,2.66666666666666,
budget.LaBraM.1x.own_gain,Dreyer2023,57,4.49999999999999,
budget.LaBraM.1x.own_gain,Dreyer2023,58,0.16666666666666,
budget.LaBraM.1x.own_gain,Dreyer2023,59,4.74999999999999,
budget.LaBraM.1x.own_gain,Dreyer2023,60,2.66666666666666,
budget.LaBraM.1x.own_gain,Dreyer2023,61,2.66666666666666,
budget.LaBraM.1x.own_gain,Dreyer2023,62,4.66666666666666,
budget.LaBraM.1x.own_gain,Dreyer2023,63,5.16666666666666,
budget.LaBraM.1x.own_gain,Dreyer2023,64,15.666666666666659,
budget.LaBraM.1x.own_gain,Dreyer2023,65,5.99999999999999,
budget.LaBraM.1x.own_gain,Dreyer2023,66,5.66666666666666,
budget.LaBraM.1x.own_gain,Dreyer2023,67,0.83333333333333,
budget.LaBraM.1x.own_gain,Dreyer2023,68,2.66666666666666,
budget.LaBraM.1x.own_gain,Dreyer2023,69,-0.6666666666666601,
budget.LaBraM.1x.own_gain,Dreyer2023,70,9.499999999999991,
budget.LaBraM.1x.own_gain,Dreyer2023,71,3.99999999999999,
budget.LaBraM.1x.own_gain,Dreyer2023,72,9.499999999999991,
budget.LaBraM.1x.own_gain,Dreyer2023,73,14.66666666666666,
budget.LaBraM.1x.own_gain,Dreyer2023,74,2.5,
budget.LaBraM.1x.own_gain,Dreyer2023,75,0.6666666666666601,
budget.LaBraM.1x.own_gain,Dreyer2023,76,3.66666666666666,
budget.LaBraM.1x.own_gain,Dreyer2023,77,4.99999999999999,
budget.LaBraM.1x.own_gain,Dreyer2023,80,6.16666666666666,
budget.LaBraM.1x.own_gain,Dreyer2023,81,3.66666666666666,
budget.LaBraM.1x.own_gain,Dreyer2023,82,4.66666666666666,
budget.LaBraM.1x.own_gain,Dreyer2023,83,9.83333333333333,
budget.LaBraM.1x.own_gain,Dreyer2023,84,3.16666666666666,
budget.LaBraM.1x.own_gain,Dreyer2023,85,2.3333333333333197,
budget.LaBraM.1x.own_gain,Dreyer2023,86,0.16666666666666,
budget.LaBraM.1x.own_gain,Dreyer2023,87,4.33333333333333,
budget.LaBraM.1x.own_gain,PhysionetMI,1,3.33333333333332,
budget.LaBraM.1x.own_gain,PhysionetMI,2,4.23076923076922,
budget.LaBraM.1x.own_gain,PhysionetMI,3,-0.83333333333333,
budget.LaBraM.1x.own_gain,PhysionetMI,4,8.257575757575749,
budget.LaBraM.1x.own_gain,PhysionetMI,5,1.96969696969697,
budget.LaBraM.1x.own_gain,PhysionetMI,6,-0.45454545454544004,
budget.LaBraM.1x.own_gain,PhysionetMI,7,0.0,
budget.LaBraM.1x.own_gain,PhysionetMI,8,1.06060606060605,
budget.LaBraM.1x.own_gain,PhysionetMI,9,-3.84615384615384,
budget.LaBraM.1x.own_gain,PhysionetMI,10,3.23076923076923,
budget.LaBraM.1x.own_gain,PhysionetMI,11,1.8181818181818101,
budget.LaBraM.1x.own_gain,PhysionetMI,12,2.42424242424242,
budget.LaBraM.1x.own_gain,PhysionetMI,13,2.1969696969697,
budget.LaBraM.1x.own_gain,PhysionetMI,14,-1.13636363636363,
budget.LaBraM.1x.own_gain,PhysionetMI,15,0.76923076923076,
budget.LaBraM.1x.own_gain,PhysionetMI,16,-0.3030303030303,
budget.LaBraM.1x.own_gain,PhysionetMI,17,5.5303030303030205,
budget.LaBraM.1x.own_gain,PhysionetMI,18,0.0,
budget.LaBraM.1x.own_gain,PhysionetMI,19,3.8636363636363495,
budget.LaBraM.1x.own_gain,PhysionetMI,20,1.8181818181818101,
budget.LaBraM.1x.own_gain,PhysionetMI,21,10.83333333333332,
budget.LaBraM.1x.own_gain,PhysionetMI,22,0.0,
budget.LaBraM.1x.own_gain,PhysionetMI,23,-1.8461538461538503,
budget.LaBraM.1x.own_gain,PhysionetMI,24,-1.66666666666666,
budget.LaBraM.1x.own_gain,PhysionetMI,25,-5.5303030303030205,
budget.LaBraM.1x.own_gain,PhysionetMI,26,-1.3846153846153701,
budget.LaBraM.1x.own_gain,PhysionetMI,27,1.96969696969697,
budget.LaBraM.1x.own_gain,PhysionetMI,28,4.46969696969696,
budget.LaBraM.1x.own_gain,PhysionetMI,29,4.77272727272727,
budget.LaBraM.1x.own_gain,PhysionetMI,30,3.1060606060606,
budget.LaBraM.1x.own_gain,PhysionetMI,31,2.57575757575757,
budget.LaBraM.1x.own_gain,PhysionetMI,32,1.0,
budget.LaBraM.1x.own_gain,PhysionetMI,33,0.75757575757575,
budget.LaBraM.1x.own_gain,PhysionetMI,34,6.46153846153846,
budget.LaBraM.1x.own_gain,PhysionetMI,35,5.22727272727272,
budget.LaBraM.1x.own_gain,PhysionetMI,36,0.83333333333333,
budget.LaBraM.1x.own_gain,PhysionetMI,37,17.27272727272727,
budget.LaBraM.1x.own_gain,PhysionetMI,38,-0.45454545454545003,
budget.LaBraM.1x.own_gain,PhysionetMI,39,1.59090909090909,
budget.LaBraM.1x.own_gain,PhysionetMI,40,0.0,
budget.LaBraM.1x.own_gain,PhysionetMI,41,0.23076923076923,
budget.LaBraM.1x.own_gain,PhysionetMI,42,0.83333333333333,
budget.LaBraM.1x.own_gain,PhysionetMI,43,0.45454545454545003,
budget.LaBraM.1x.own_gain,PhysionetMI,44,-2.95454545454545,
budget.LaBraM.1x.own_gain,PhysionetMI,45,-2.57575757575757,
budget.LaBraM.1x.own_gain,PhysionetMI,46,-4.621212121212119,
budget.LaBraM.1x.own_gain,PhysionetMI,47,4.2424242424242395,
budget.LaBraM.1x.own_gain,PhysionetMI,48,2.5,
budget.LaBraM.1x.own_gain,PhysionetMI,49,4.9242424242424105,
budget.LaBraM.1x.own_gain,PhysionetMI,50,8.56060606060605,
budget.LaBraM.1x.own_gain,PhysionetMI,51,6.36363636363636,
budget.LaBraM.1x.own_gain,PhysionetMI,52,4.23076923076922,
budget.LaBraM.1x.own_gain,PhysionetMI,53,0.9090909090909001,
budget.LaBraM.1x.own_gain,PhysionetMI,54,0.75757575757575,
budget.LaBraM.1x.own_gain,PhysionetMI,55,0.15151515151515,
budget.LaBraM.1x.own_gain,PhysionetMI,56,1.66666666666666,
budget.LaBraM.1x.own_gain,PhysionetMI,57,-4.99999999999999,
budget.LaBraM.1x.own_gain,PhysionetMI,58,12.07692307692307,
budget.LaBraM.1x.own_gain,PhysionetMI,59,5.68181818181818,
budget.LaBraM.1x.own_gain,PhysionetMI,60,2.76923076923076,
budget.LaBraM.1x.own_gain,PhysionetMI,61,2.72727272727272,
budget.LaBraM.1x.own_gain,PhysionetMI,62,0.9090909090909001,
budget.LaBraM.1x.own_gain,PhysionetMI,63,-1.74242424242423,
budget.LaBraM.1x.own_gain,PhysionetMI,64,-1.51515151515151,
budget.LaBraM.1x.own_gain,PhysionetMI,65,-2.87878787878786,
budget.LaBraM.1x.own_gain,PhysionetMI,66,0.6060606060606,
budget.LaBraM.1x.own_gain,PhysionetMI,67,-0.3030303030303,
budget.LaBraM.1x.own_gain,PhysionetMI,68,-0.68181818181818,
budget.LaBraM.1x.own_gain,PhysionetMI,69,-1.38461538461538,
budget.LaBraM.1x.own_gain,PhysionetMI,70,-1.66666666666666,
budget.LaBraM.1x.own_gain,PhysionetMI,71,3.33333333333333,
budget.LaBraM.1x.own_gain,PhysionetMI,72,-1.7424242424242402,
budget.LaBraM.1x.own_gain,PhysionetMI,73,-2.34848484848485,
budget.LaBraM.1x.own_gain,PhysionetMI,74,1.66666666666666,
budget.LaBraM.1x.own_gain,PhysionetMI,75,0.07575757575757,
budget.LaBraM.1x.own_gain,PhysionetMI,76,-3.7878787878787796,
budget.LaBraM.1x.own_gain,PhysionetMI,77,-1.96969696969697,
budget.LaBraM.1x.own_gain,PhysionetMI,78,1.21212121212121,
budget.LaBraM.1x.own_gain,PhysionetMI,79,3.33333333333333,
budget.LaBraM.1x.own_gain,PhysionetMI,80,5.769230769230759,
budget.LaBraM.1x.own_gain,PhysionetMI,81,4.69696969696969,
budget.LaBraM.1x.own_gain,PhysionetMI,82,0.75757575757575,
budget.LaBraM.1x.own_gain,PhysionetMI,83,0.3076923076923,
budget.LaBraM.1x.own_gain,PhysionetMI,84,-2.6515151515151403,
budget.LaBraM.1x.own_gain,PhysionetMI,85,-2.57575757575757,
budget.LaBraM.1x.own_gain,PhysionetMI,86,3.30769230769229,
budget.LaBraM.1x.own_gain,PhysionetMI,87,4.92424242424242,
budget.LaBraM.1x.own_gain,PhysionetMI,90,4.92424242424242,
budget.LaBraM.1x.own_gain,PhysionetMI,91,3.63636363636363,
budget.LaBraM.1x.own_gain,PhysionetMI,93,6.43939393939393,
budget.LaBraM.1x.own_gain,PhysionetMI,94,1.7424242424242402,
budget.LaBraM.1x.own_gain,PhysionetMI,95,0.76923076923076,
budget.LaBraM.1x.own_gain,PhysionetMI,96,0.0,
budget.LaBraM.1x.own_gain,PhysionetMI,97,6.06060606060605,
budget.LaBraM.1x.own_gain,PhysionetMI,98,-1.59090909090909,
budget.LaBraM.1x.own_gain,PhysionetMI,99,-2.27272727272727,
budget.LaBraM.1x.own_gain,PhysionetMI,101,2.3076923076923,
budget.LaBraM.1x.own_gain,PhysionetMI,102,4.77272727272727,
budget.LaBraM.1x.own_gain,PhysionetMI,103,-2.5,
budget.LaBraM.1x.own_gain,PhysionetMI,105,1.66666666666666,
budget.LaBraM.1x.own_gain,PhysionetMI,107,1.59090909090908,
budget.LaBraM.1x.own_gain,PhysionetMI,108,-0.07575757575757,
budget.LaBraM.1x.own_gain,PhysionetMI,109,-4.0151515151515005,
budget.LaBraM.1x.upper_bound,Cho2017,1,6.49999999999999,
budget.LaBraM.1x.upper_bound,Cho2017,2,5.17999999999999,
budget.LaBraM.1x.upper_bound,Cho2017,3,11.599999999999989,
budget.LaBraM.1x.upper_bound,Cho2017,4,-0.43999999999998995,
budget.LaBraM.1x.upper_bound,Cho2017,5,14.16,
budget.LaBraM.1x.upper_bound,Cho2017,6,0.8599999999999899,
budget.LaBraM.1x.upper_bound,Cho2017,7,2.14999999999999,
budget.LaBraM.1x.upper_bound,Cho2017,8,6.1,
budget.LaBraM.1x.upper_bound,Cho2017,9,-0.01666666666666,
budget.LaBraM.1x.upper_bound,Cho2017,10,1.44,
budget.LaBraM.1x.upper_bound,Cho2017,11,1.8799999999999901,
budget.LaBraM.1x.upper_bound,Cho2017,12,1.8800000000000001,
budget.LaBraM.1x.upper_bound,Cho2017,13,30.379999999999992,
budget.LaBraM.1x.upper_bound,Cho2017,14,20.89999999999999,
budget.LaBraM.1x.upper_bound,Cho2017,15,-2.0399999999999903,
budget.LaBraM.1x.upper_bound,Cho2017,16,-1.26,
budget.LaBraM.1x.upper_bound,Cho2017,17,8.85999999999999,
budget.LaBraM.1x.upper_bound,Cho2017,18,2.81999999999999,
budget.LaBraM.1x.upper_bound,Cho2017,19,1.82,
budget.LaBraM.1x.upper_bound,Cho2017,20,8.339999999999991,
budget.LaBraM.1x.upper_bound,Cho2017,21,0.25999999999999,
budget.LaBraM.1x.upper_bound,Cho2017,22,-0.47999999999999,
budget.LaBraM.1x.upper_bound,Cho2017,23,4.7,
budget.LaBraM.1x.upper_bound,Cho2017,24,-0.17999999999999,
budget.LaBraM.1x.upper_bound,Cho2017,25,3.61999999999999,
budget.LaBraM.1x.upper_bound,Cho2017,26,0.87999999999999,
budget.LaBraM.1x.upper_bound,Cho2017,27,2.9399999999999897,
budget.LaBraM.1x.upper_bound,Cho2017,28,13.87999999999999,
budget.LaBraM.1x.upper_bound,Cho2017,29,2.92,
budget.LaBraM.1x.upper_bound,Cho2017,30,15.99999999999999,
budget.LaBraM.1x.upper_bound,Cho2017,31,1.1199999999999999,
budget.LaBraM.1x.upper_bound,Cho2017,32,4.459999999999989,
budget.LaBraM.1x.upper_bound,Cho2017,33,-0.5,
budget.LaBraM.1x.upper_bound,Cho2017,34,0.2,
budget.LaBraM.1x.upper_bound,Cho2017,35,21.69999999999999,
budget.LaBraM.1x.upper_bound,Cho2017,36,2.3,
budget.LaBraM.1x.upper_bound,Cho2017,37,-0.74,
budget.LaBraM.1x.upper_bound,Cho2017,38,2.13999999999999,
budget.LaBraM.1x.upper_bound,Cho2017,39,4.279999999999999,
budget.LaBraM.1x.upper_bound,Cho2017,40,3.81999999999999,
budget.LaBraM.1x.upper_bound,Cho2017,41,4.49999999999999,
budget.LaBraM.1x.upper_bound,Cho2017,42,3.6999999999999997,
budget.LaBraM.1x.upper_bound,Cho2017,43,2.29999999999999,
budget.LaBraM.1x.upper_bound,Cho2017,44,1.93999999999999,
budget.LaBraM.1x.upper_bound,Cho2017,45,4.52,
budget.LaBraM.1x.upper_bound,Cho2017,46,-0.049999999999990004,
budget.LaBraM.1x.upper_bound,Cho2017,47,3.79999999999999,
budget.LaBraM.1x.upper_bound,Cho2017,48,6.839999999999991,
budget.LaBraM.1x.upper_bound,Cho2017,49,4.23999999999999,
budget.LaBraM.1x.upper_bound,Cho2017,50,6.17999999999999,
budget.LaBraM.1x.upper_bound,Cho2017,51,2.95999999999999,
budget.LaBraM.1x.upper_bound,Cho2017,52,3.18,
budget.LaBraM.1x.upper_bound,Dreyer2023,1,1.5,
budget.LaBraM.1x.upper_bound,Dreyer2023,2,4.24999999999999,
budget.LaBraM.1x.upper_bound,Dreyer2023,3,2.79999999999999,
budget.LaBraM.1x.upper_bound,Dreyer2023,5,4.96666666666665,
budget.LaBraM.1x.upper_bound,Dreyer2023,6,3.34999999999999,
budget.LaBraM.1x.upper_bound,Dreyer2023,7,3.29999999999998,
budget.LaBraM.1x.upper_bound,Dreyer2023,8,6.11666666666665,
budget.LaBraM.1x.upper_bound,Dreyer2023,10,1.36666666666666,
budget.LaBraM.1x.upper_bound,Dreyer2023,11,20.84999999999998,
budget.LaBraM.1x.upper_bound,Dreyer2023,12,2.23333333333332,
budget.LaBraM.1x.upper_bound,Dreyer2023,13,3.65,
budget.LaBraM.1x.upper_bound,Dreyer2023,14,4.41666666666665,
budget.LaBraM.1x.upper_bound,Dreyer2023,15,2.34999999999999,
budget.LaBraM.1x.upper_bound,Dreyer2023,16,4.14999999999999,
budget.LaBraM.1x.upper_bound,Dreyer2023,18,2.38333333333333,
budget.LaBraM.1x.upper_bound,Dreyer2023,19,8.38333333333332,
budget.LaBraM.1x.upper_bound,Dreyer2023,20,2.78333333333332,
budget.LaBraM.1x.upper_bound,Dreyer2023,21,0.9166666666666601,
budget.LaBraM.1x.upper_bound,Dreyer2023,22,3.69999999999999,
budget.LaBraM.1x.upper_bound,Dreyer2023,23,8.21666666666666,
budget.LaBraM.1x.upper_bound,Dreyer2023,24,5.6999999999999895,
budget.LaBraM.1x.upper_bound,Dreyer2023,25,5.41666666666666,
budget.LaBraM.1x.upper_bound,Dreyer2023,26,13.61666666666665,
budget.LaBraM.1x.upper_bound,Dreyer2023,27,2.4999999999999902,
budget.LaBraM.1x.upper_bound,Dreyer2023,28,2.76666666666666,
budget.LaBraM.1x.upper_bound,Dreyer2023,30,8.03333333333332,
budget.LaBraM.1x.upper_bound,Dreyer2023,31,10.08333333333332,
budget.LaBraM.1x.upper_bound,Dreyer2023,32,4.78333333333333,
budget.LaBraM.1x.upper_bound,Dreyer2023,33,1.24999999999999,
budget.LaBraM.1x.upper_bound,Dreyer2023,34,3.5333333333333203,
budget.LaBraM.1x.upper_bound,Dreyer2023,35,4.66666666666667,
budget.LaBraM.1x.upper_bound,Dreyer2023,36,2.4833333333333303,
budget.LaBraM.1x.upper_bound,Dreyer2023,37,9.06666666666665,
budget.LaBraM.1x.upper_bound,Dreyer2023,38,8.649999999999999,
budget.LaBraM.1x.upper_bound,Dreyer2023,39,2.09999999999999,
budget.LaBraM.1x.upper_bound,Dreyer2023,40,3.91379310344827,
budget.LaBraM.1x.upper_bound,Dreyer2023,42,10.983333333333329,
budget.LaBraM.1x.upper_bound,Dreyer2023,43,0.48333333333332995,
budget.LaBraM.1x.upper_bound,Dreyer2023,44,3.2833333333333297,
budget.LaBraM.1x.upper_bound,Dreyer2023,45,4.39999999999999,
budget.LaBraM.1x.upper_bound,Dreyer2023,46,4.38333333333332,
budget.LaBraM.1x.upper_bound,Dreyer2023,47,3.64999999999999,
budget.LaBraM.1x.upper_bound,Dreyer2023,48,2.58333333333332,
budget.LaBraM.1x.upper_bound,Dreyer2023,49,7.09999999999999,
budget.LaBraM.1x.upper_bound,Dreyer2023,50,2.68333333333333,
budget.LaBraM.1x.upper_bound,Dreyer2023,51,5.83333333333333,
budget.LaBraM.1x.upper_bound,Dreyer2023,52,2.81666666666666,
budget.LaBraM.1x.upper_bound,Dreyer2023,53,3.18333333333332,
budget.LaBraM.1x.upper_bound,Dreyer2023,54,11.249999999999991,
budget.LaBraM.1x.upper_bound,Dreyer2023,55,1.7166666666666601,
budget.LaBraM.1x.upper_bound,Dreyer2023,56,4.06666666666667,
budget.LaBraM.1x.upper_bound,Dreyer2023,57,3.31666666666666,
budget.LaBraM.1x.upper_bound,Dreyer2023,58,1.26666666666665,
budget.LaBraM.1x.upper_bound,Dreyer2023,59,6.724999999999989,
budget.LaBraM.1x.upper_bound,Dreyer2023,60,5.716666666666661,
budget.LaBraM.1x.upper_bound,Dreyer2023,61,4.116666666666649,
budget.LaBraM.1x.upper_bound,Dreyer2023,62,6.46666666666666,
budget.LaBraM.1x.upper_bound,Dreyer2023,63,5.76666666666666,
budget.LaBraM.1x.upper_bound,Dreyer2023,64,12.2,
budget.LaBraM.1x.upper_bound,Dreyer2023,65,9.38333333333332,
budget.LaBraM.1x.upper_bound,Dreyer2023,66,9.01666666666666,
budget.LaBraM.1x.upper_bound,Dreyer2023,67,3.1,
budget.LaBraM.1x.upper_bound,Dreyer2023,68,4.24999999999999,
budget.LaBraM.1x.upper_bound,Dreyer2023,69,1.2166666666666701,
budget.LaBraM.1x.upper_bound,Dreyer2023,70,11.96666666666665,
budget.LaBraM.1x.upper_bound,Dreyer2023,71,6.86666666666665,
budget.LaBraM.1x.upper_bound,Dreyer2023,72,9.89999999999999,
budget.LaBraM.1x.upper_bound,Dreyer2023,73,17.21666666666666,
budget.LaBraM.1x.upper_bound,Dreyer2023,74,3.86666666666666,
budget.LaBraM.1x.upper_bound,Dreyer2023,75,2.86666666666666,
budget.LaBraM.1x.upper_bound,Dreyer2023,76,5.16666666666666,
budget.LaBraM.1x.upper_bound,Dreyer2023,77,4.51666666666665,
budget.LaBraM.1x.upper_bound,Dreyer2023,80,7.916666666666659,
budget.LaBraM.1x.upper_bound,Dreyer2023,81,6.649999999999991,
budget.LaBraM.1x.upper_bound,Dreyer2023,82,6.21666666666665,
budget.LaBraM.1x.upper_bound,Dreyer2023,83,9.93333333333333,
budget.LaBraM.1x.upper_bound,Dreyer2023,84,5.06666666666666,
budget.LaBraM.1x.upper_bound,Dreyer2023,85,3.79999999999999,
budget.LaBraM.1x.upper_bound,Dreyer2023,86,1.7166666666666601,
budget.LaBraM.1x.upper_bound,Dreyer2023,87,7.6,
budget.LaBraM.1x.upper_bound,PhysionetMI,1,4.29545454545454,
budget.LaBraM.1x.upper_bound,PhysionetMI,2,5.85384615384614,
budget.LaBraM.1x.upper_bound,PhysionetMI,3,1.6212121212121102,
budget.LaBraM.1x.upper_bound,PhysionetMI,4,10.424242424242431,
budget.LaBraM.1x.upper_bound,PhysionetMI,5,2.92424242424242,
budget.LaBraM.1x.upper_bound,PhysionetMI,6,1.38636363636363,
budget.LaBraM.1x.upper_bound,PhysionetMI,7,-0.40151515151515005,
budget.LaBraM.1x.upper_bound,PhysionetMI,8,2.51515151515151,
budget.LaBraM.1x.upper_bound,PhysionetMI,9,-4.1153846153846105,
budget.LaBraM.1x.upper_bound,PhysionetMI,10,0.9692307692307601,
budget.LaBraM.1x.upper_bound,PhysionetMI,11,2.68939393939393,
budget.LaBraM.1x.upper_bound,PhysionetMI,12,4.18939393939392,
budget.LaBraM.1x.upper_bound,PhysionetMI,13,0.81060606060607,
budget.LaBraM.1x.upper_bound,PhysionetMI,14,0.48484848484848,
budget.LaBraM.1x.upper_bound,PhysionetMI,15,1.53846153846153,
budget.LaBraM.1x.upper_bound,PhysionetMI,16,1.11363636363636,
budget.LaBraM.1x.upper_bound,PhysionetMI,17,8.93181818181818,
budget.LaBraM.1x.upper_bound,PhysionetMI,18,0.8863636363636299,
budget.LaBraM.1x.upper_bound,PhysionetMI,19,3.0,
budget.LaBraM.1x.upper_bound,PhysionetMI,20,3.39393939393939,
budget.LaBraM.1x.upper_bound,PhysionetMI,21,8.18939393939394,
budget.LaBraM.1x.upper_bound,PhysionetMI,22,0.52272727272727,
budget.LaBraM.1x.upper_bound,PhysionetMI,23,-0.64615384615384,
budget.LaBraM.1x.upper_bound,PhysionetMI,24,-1.19696969696969,
budget.LaBraM.1x.upper_bound,PhysionetMI,25,-1.2651515151515,
budget.LaBraM.1x.upper_bound,PhysionetMI,26,1.18461538461539,
budget.LaBraM.1x.upper_bound,PhysionetMI,27,4.84848484848484,
budget.LaBraM.1x.upper_bound,PhysionetMI,28,4.4090909090909,
budget.LaBraM.1x.upper_bound,PhysionetMI,29,7.356060606060601,
budget.LaBraM.1x.upper_bound,PhysionetMI,30,2.59848484848485,
budget.LaBraM.1x.upper_bound,PhysionetMI,31,2.24242424242423,
budget.LaBraM.1x.upper_bound,PhysionetMI,32,1.7000000000000002,
budget.LaBraM.1x.upper_bound,PhysionetMI,33,-0.6363636363636299,
budget.LaBraM.1x.upper_bound,PhysionetMI,34,7.54615384615384,
budget.LaBraM.1x.upper_bound,PhysionetMI,35,7.151515151515141,
budget.LaBraM.1x.upper_bound,PhysionetMI,36,3.98484848484848,
budget.LaBraM.1x.upper_bound,PhysionetMI,37,17.12878787878788,
budget.LaBraM.1x.upper_bound,PhysionetMI,38,1.91666666666667,
budget.LaBraM.1x.upper_bound,PhysionetMI,39,-4.00757575757575,
budget.LaBraM.1x.upper_bound,PhysionetMI,40,0.93181818181817,
budget.LaBraM.1x.upper_bound,PhysionetMI,41,2.1076923076923,
budget.LaBraM.1x.upper_bound,PhysionetMI,42,1.17424242424242,
budget.LaBraM.1x.upper_bound,PhysionetMI,43,1.56818181818181,
budget.LaBraM.1x.upper_bound,PhysionetMI,44,-2.34848484848484,
budget.LaBraM.1x.upper_bound,PhysionetMI,45,-1.33333333333333,
budget.LaBraM.1x.upper_bound,PhysionetMI,46,-2.2121212121212,
budget.LaBraM.1x.upper_bound,PhysionetMI,47,4.57575757575757,
budget.LaBraM.1x.upper_bound,PhysionetMI,48,3.4621212121211995,
budget.LaBraM.1x.upper_bound,PhysionetMI,49,6.71969696969696,
budget.LaBraM.1x.upper_bound,PhysionetMI,50,6.89393939393938,
budget.LaBraM.1x.upper_bound,PhysionetMI,51,7.2803030303030205,
budget.LaBraM.1x.upper_bound,PhysionetMI,52,7.14615384615383,
budget.LaBraM.1x.upper_bound,PhysionetMI,53,2.61363636363636,
budget.LaBraM.1x.upper_bound,PhysionetMI,54,0.16666666666666,
budget.LaBraM.1x.upper_bound,PhysionetMI,55,3.9772727272727204,
budget.LaBraM.1x.upper_bound,PhysionetMI,56,5.29545454545454,
budget.LaBraM.1x.upper_bound,PhysionetMI,57,-3.5757575757575704,
budget.LaBraM.1x.upper_bound,PhysionetMI,58,11.7076923076923,
budget.LaBraM.1x.upper_bound,PhysionetMI,59,7.825757575757571,
budget.LaBraM.1x.upper_bound,PhysionetMI,60,3.58461538461538,
budget.LaBraM.1x.upper_bound,PhysionetMI,61,2.09090909090908,
budget.LaBraM.1x.upper_bound,PhysionetMI,62,1.5454545454545399,
budget.LaBraM.1x.upper_bound,PhysionetMI,63,0.007575757575758041,
budget.LaBraM.1x.upper_bound,PhysionetMI,64,-3.59090909090909,
budget.LaBraM.1x.upper_bound,PhysionetMI,65,0.41666666666666996,
budget.LaBraM.1x.upper_bound,PhysionetMI,66,-3.5303030303030196,
budget.LaBraM.1x.upper_bound,PhysionetMI,67,-1.39393939393939,
budget.LaBraM.1x.upper_bound,PhysionetMI,68,0.037878787878780004,
budget.LaBraM.1x.upper_bound,PhysionetMI,69,1.04615384615384,
budget.LaBraM.1x.upper_bound,PhysionetMI,70,-1.35606060606061,
budget.LaBraM.1x.upper_bound,PhysionetMI,71,1.71212121212121,
budget.LaBraM.1x.upper_bound,PhysionetMI,72,-0.14393939393939,
budget.LaBraM.1x.upper_bound,PhysionetMI,73,1.27272727272727,
budget.LaBraM.1x.upper_bound,PhysionetMI,74,3.17424242424241,
budget.LaBraM.1x.upper_bound,PhysionetMI,75,0.84848484848485,
budget.LaBraM.1x.upper_bound,PhysionetMI,76,-4.21969696969697,
budget.LaBraM.1x.upper_bound,PhysionetMI,77,-2.3106060606060597,
budget.LaBraM.1x.upper_bound,PhysionetMI,78,2.1212121212121198,
budget.LaBraM.1x.upper_bound,PhysionetMI,79,4.9772727272727195,
budget.LaBraM.1x.upper_bound,PhysionetMI,80,9.02307692307692,
budget.LaBraM.1x.upper_bound,PhysionetMI,81,5.24242424242424,
budget.LaBraM.1x.upper_bound,PhysionetMI,82,2.87878787878787,
budget.LaBraM.1x.upper_bound,PhysionetMI,83,-0.24615384615384,
budget.LaBraM.1x.upper_bound,PhysionetMI,84,1.59848484848484,
budget.LaBraM.1x.upper_bound,PhysionetMI,85,0.68939393939393,
budget.LaBraM.1x.upper_bound,PhysionetMI,86,2.78461538461538,
budget.LaBraM.1x.upper_bound,PhysionetMI,87,3.37121212121212,
budget.LaBraM.1x.upper_bound,PhysionetMI,90,6.28787878787878,
budget.LaBraM.1x.upper_bound,PhysionetMI,91,6.8560606060606,
budget.LaBraM.1x.upper_bound,PhysionetMI,93,7.19696969696969,
budget.LaBraM.1x.upper_bound,PhysionetMI,94,3.68181818181818,
budget.LaBraM.1x.upper_bound,PhysionetMI,95,2.58461538461538,
budget.LaBraM.1x.upper_bound,PhysionetMI,96,2.7651515151515,
budget.LaBraM.1x.upper_bound,PhysionetMI,97,5.5833333333333295,
budget.LaBraM.1x.upper_bound,PhysionetMI,98,-2.1590909090909003,
budget.LaBraM.1x.upper_bound,PhysionetMI,99,-2.54545454545454,
budget.LaBraM.1x.upper_bound,PhysionetMI,101,2.69230769230768,
budget.LaBraM.1x.upper_bound,PhysionetMI,102,5.590909090909079,
budget.LaBraM.1x.upper_bound,PhysionetMI,103,-2.97727272727273,
budget.LaBraM.1x.upper_bound,PhysionetMI,105,3.00757575757575,
budget.LaBraM.1x.upper_bound,PhysionetMI,107,-2.84090909090909,
budget.LaBraM.1x.upper_bound,PhysionetMI,108,0.8030303030303001,
budget.LaBraM.1x.upper_bound,PhysionetMI,109,-5.92424242424241,
budget.LaBraM.1x.G_BA,Cho2017,1,57.400000000000006,
budget.LaBraM.1x.G_BA,Cho2017,2,52.800000000000004,
budget.LaBraM.1x.G_BA,Cho2017,3,61.40000000000001,
budget.LaBraM.1x.G_BA,Cho2017,4,61.199999999999996,
budget.LaBraM.1x.G_BA,Cho2017,5,83.79999999999998,
budget.LaBraM.1x.G_BA,Cho2017,6,80.19999999999999,
budget.LaBraM.1x.G_BA,Cho2017,7,49.66666666666667,
budget.LaBraM.1x.G_BA,Cho2017,8,56.00000000000001,
budget.LaBraM.1x.G_BA,Cho2017,9,51.0,
budget.LaBraM.1x.G_BA,Cho2017,10,55.00000000000001,
budget.LaBraM.1x.G_BA,Cho2017,11,57.599999999999994,
budget.LaBraM.1x.G_BA,Cho2017,12,51.0,
budget.LaBraM.1x.G_BA,Cho2017,13,75.0,
budget.LaBraM.1x.G_BA,Cho2017,14,62.4,
budget.LaBraM.1x.G_BA,Cho2017,15,49.4,
budget.LaBraM.1x.G_BA,Cho2017,16,53.400000000000006,
budget.LaBraM.1x.G_BA,Cho2017,17,55.99999999999999,
budget.LaBraM.1x.G_BA,Cho2017,18,53.0,
budget.LaBraM.1x.G_BA,Cho2017,19,49.8,
budget.LaBraM.1x.G_BA,Cho2017,20,51.6,
budget.LaBraM.1x.G_BA,Cho2017,21,50.8,
budget.LaBraM.1x.G_BA,Cho2017,22,54.0,
budget.LaBraM.1x.G_BA,Cho2017,23,56.2,
budget.LaBraM.1x.G_BA,Cho2017,24,53.800000000000004,
budget.LaBraM.1x.G_BA,Cho2017,25,55.99999999999999,
budget.LaBraM.1x.G_BA,Cho2017,26,98.6,
budget.LaBraM.1x.G_BA,Cho2017,27,51.2,
budget.LaBraM.1x.G_BA,Cho2017,28,73.6,
budget.LaBraM.1x.G_BA,Cho2017,29,55.60000000000001,
budget.LaBraM.1x.G_BA,Cho2017,30,53.800000000000004,
budget.LaBraM.1x.G_BA,Cho2017,31,51.4,
budget.LaBraM.1x.G_BA,Cho2017,32,49.6,
budget.LaBraM.1x.G_BA,Cho2017,33,57.599999999999994,
budget.LaBraM.1x.G_BA,Cho2017,34,47.199999999999996,
budget.LaBraM.1x.G_BA,Cho2017,35,48.59999999999999,
budget.LaBraM.1x.G_BA,Cho2017,36,52.2,
budget.LaBraM.1x.G_BA,Cho2017,37,86.99999999999999,
budget.LaBraM.1x.G_BA,Cho2017,38,51.2,
budget.LaBraM.1x.G_BA,Cho2017,39,53.400000000000006,
budget.LaBraM.1x.G_BA,Cho2017,40,51.0,
budget.LaBraM.1x.G_BA,Cho2017,41,55.400000000000006,
budget.LaBraM.1x.G_BA,Cho2017,42,51.4,
budget.LaBraM.1x.G_BA,Cho2017,43,97.2,
budget.LaBraM.1x.G_BA,Cho2017,44,90.0,
budget.LaBraM.1x.G_BA,Cho2017,45,51.800000000000004,
budget.LaBraM.1x.G_BA,Cho2017,46,54.50000000000001,
budget.LaBraM.1x.G_BA,Cho2017,47,82.0,
budget.LaBraM.1x.G_BA,Cho2017,48,52.800000000000004,
budget.LaBraM.1x.G_BA,Cho2017,49,97.6,
budget.LaBraM.1x.G_BA,Cho2017,50,99.2,
budget.LaBraM.1x.G_BA,Cho2017,51,51.0,
budget.LaBraM.1x.G_BA,Cho2017,52,53.2,
budget.LaBraM.1x.G_BA,Dreyer2023,1,91.0,
budget.LaBraM.1x.G_BA,Dreyer2023,2,79.66666666666666,
budget.LaBraM.1x.G_BA,Dreyer2023,3,83.5,
budget.LaBraM.1x.G_BA,Dreyer2023,5,90.66666666666666,
budget.LaBraM.1x.G_BA,Dreyer2023,6,87.5,
budget.LaBraM.1x.G_BA,Dreyer2023,7,98.33333333333334,
budget.LaBraM.1x.G_BA,Dreyer2023,8,86.66666666666669,
budget.LaBraM.1x.G_BA,Dreyer2023,10,91.49999999999999,
budget.LaBraM.1x.G_BA,Dreyer2023,11,69.16666666666667,
budget.LaBraM.1x.G_BA,Dreyer2023,12,91.66666666666666,
budget.LaBraM.1x.G_BA,Dreyer2023,13,76.5,
budget.LaBraM.1x.G_BA,Dreyer2023,14,84.5,
budget.LaBraM.1x.G_BA,Dreyer2023,15,91.0,
budget.LaBraM.1x.G_BA,Dreyer2023,16,86.16666666666667,
budget.LaBraM.1x.G_BA,Dreyer2023,18,93.33333333333333,
budget.LaBraM.1x.G_BA,Dreyer2023,19,90.0,
budget.LaBraM.1x.G_BA,Dreyer2023,20,94.66666666666667,
budget.LaBraM.1x.G_BA,Dreyer2023,21,92.5,
budget.LaBraM.1x.G_BA,Dreyer2023,22,92.0,
budget.LaBraM.1x.G_BA,Dreyer2023,23,78.33333333333333,
budget.LaBraM.1x.G_BA,Dreyer2023,24,95.16666666666664,
budget.LaBraM.1x.G_BA,Dreyer2023,25,67.83333333333333,
budget.LaBraM.1x.G_BA,Dreyer2023,26,80.66666666666666,
budget.LaBraM.1x.G_BA,Dreyer2023,27,85.33333333333333,
budget.LaBraM.1x.G_BA,Dreyer2023,28,89.66666666666667,
budget.LaBraM.1x.G_BA,Dreyer2023,30,71.33333333333334,
budget.LaBraM.1x.G_BA,Dreyer2023,31,86.99999999999999,
budget.LaBraM.1x.G_BA,Dreyer2023,32,86.66666666666666,
budget.LaBraM.1x.G_BA,Dreyer2023,33,81.5,
budget.LaBraM.1x.G_BA,Dreyer2023,34,83.16666666666667,
budget.LaBraM.1x.G_BA,Dreyer2023,35,77.66666666666666,
budget.LaBraM.1x.G_BA,Dreyer2023,36,86.5,
budget.LaBraM.1x.G_BA,Dreyer2023,37,65.33333333333333,
budget.LaBraM.1x.G_BA,Dreyer2023,38,88.83333333333333,
budget.LaBraM.1x.G_BA,Dreyer2023,39,93.66666666666667,
budget.LaBraM.1x.G_BA,Dreyer2023,40,83.44827586206897,
budget.LaBraM.1x.G_BA,Dreyer2023,42,71.16666666666667,
budget.LaBraM.1x.G_BA,Dreyer2023,43,93.83333333333333,
budget.LaBraM.1x.G_BA,Dreyer2023,44,76.33333333333334,
budget.LaBraM.1x.G_BA,Dreyer2023,45,82.83333333333334,
budget.LaBraM.1x.G_BA,Dreyer2023,46,75.33333333333333,
budget.LaBraM.1x.G_BA,Dreyer2023,47,90.83333333333334,
budget.LaBraM.1x.G_BA,Dreyer2023,48,71.00000000000001,
budget.LaBraM.1x.G_BA,Dreyer2023,49,81.83333333333334,
budget.LaBraM.1x.G_BA,Dreyer2023,50,69.83333333333334,
budget.LaBraM.1x.G_BA,Dreyer2023,51,80.33333333333333,
budget.LaBraM.1x.G_BA,Dreyer2023,52,76.66666666666666,
budget.LaBraM.1x.G_BA,Dreyer2023,53,80.66666666666666,
budget.LaBraM.1x.G_BA,Dreyer2023,54,75.33333333333333,
budget.LaBraM.1x.G_BA,Dreyer2023,55,94.16666666666667,
budget.LaBraM.1x.G_BA,Dreyer2023,56,95.83333333333331,
budget.LaBraM.1x.G_BA,Dreyer2023,57,69.5,
budget.LaBraM.1x.G_BA,Dreyer2023,58,93.66666666666664,
budget.LaBraM.1x.G_BA,Dreyer2023,59,82.5,
budget.LaBraM.1x.G_BA,Dreyer2023,60,90.0,
budget.LaBraM.1x.G_BA,Dreyer2023,61,89.49999999999999,
budget.LaBraM.1x.G_BA,Dreyer2023,62,79.0,
budget.LaBraM.1x.G_BA,Dreyer2023,63,77.66666666666666,
budget.LaBraM.1x.G_BA,Dreyer2023,64,71.50000000000001,
budget.LaBraM.1x.G_BA,Dreyer2023,65,86.83333333333334,
budget.LaBraM.1x.G_BA,Dreyer2023,66,79.83333333333333,
budget.LaBraM.1x.G_BA,Dreyer2023,67,92.16666666666666,
budget.LaBraM.1x.G_BA,Dreyer2023,68,76.16666666666667,
budget.LaBraM.1x.G_BA,Dreyer2023,69,85.83333333333334,
budget.LaBraM.1x.G_BA,Dreyer2023,70,73.0,
budget.LaBraM.1x.G_BA,Dreyer2023,71,84.83333333333334,
budget.LaBraM.1x.G_BA,Dreyer2023,72,80.83333333333333,
budget.LaBraM.1x.G_BA,Dreyer2023,73,73.66666666666667,
budget.LaBraM.1x.G_BA,Dreyer2023,74,74.66666666666667,
budget.LaBraM.1x.G_BA,Dreyer2023,75,83.83333333333333,
budget.LaBraM.1x.G_BA,Dreyer2023,76,90.0,
budget.LaBraM.1x.G_BA,Dreyer2023,77,84.16666666666666,
budget.LaBraM.1x.G_BA,Dreyer2023,80,71.83333333333334,
budget.LaBraM.1x.G_BA,Dreyer2023,81,83.5,
budget.LaBraM.1x.G_BA,Dreyer2023,82,91.83333333333333,
budget.LaBraM.1x.G_BA,Dreyer2023,83,67.66666666666666,
budget.LaBraM.1x.G_BA,Dreyer2023,84,86.0,
budget.LaBraM.1x.G_BA,Dreyer2023,85,76.0,
budget.LaBraM.1x.G_BA,Dreyer2023,86,86.5,
budget.LaBraM.1x.G_BA,Dreyer2023,87,82.66666666666666,
budget.LaBraM.1x.G_BA,PhysionetMI,1,92.5,
budget.LaBraM.1x.G_BA,PhysionetMI,2,89.23076923076924,
budget.LaBraM.1x.G_BA,PhysionetMI,3,95.60606060606061,
budget.LaBraM.1x.G_BA,PhysionetMI,4,82.72727272727273,
budget.LaBraM.1x.G_BA,PhysionetMI,5,59.77272727272728,
budget.LaBraM.1x.G_BA,PhysionetMI,6,94.99999999999999,
budget.LaBraM.1x.G_BA,PhysionetMI,7,96.66666666666664,
budget.LaBraM.1x.G_BA,PhysionetMI,8,77.12121212121212,
budget.LaBraM.1x.G_BA,PhysionetMI,9,88.00000000000001,
budget.LaBraM.1x.G_BA,PhysionetMI,10,63.92307692307693,
budget.LaBraM.1x.G_BA,PhysionetMI,11,79.77272727272727,
budget.LaBraM.1x.G_BA,PhysionetMI,12,86.36363636363636,
budget.LaBraM.1x.G_BA,PhysionetMI,13,76.06060606060605,
budget.LaBraM.1x.G_BA,PhysionetMI,14,69.77272727272728,
budget.LaBraM.1x.G_BA,PhysionetMI,15,99.23076923076924,
budget.LaBraM.1x.G_BA,PhysionetMI,16,70.22727272727273,
budget.LaBraM.1x.G_BA,PhysionetMI,17,81.13636363636363,
budget.LaBraM.1x.G_BA,PhysionetMI,18,100.0,
budget.LaBraM.1x.G_BA,PhysionetMI,19,84.16666666666669,
budget.LaBraM.1x.G_BA,PhysionetMI,20,95.45454545454544,
budget.LaBraM.1x.G_BA,PhysionetMI,21,68.86363636363637,
budget.LaBraM.1x.G_BA,PhysionetMI,22,100.0,
budget.LaBraM.1x.G_BA,PhysionetMI,23,77.15384615384615,
budget.LaBraM.1x.G_BA,PhysionetMI,24,67.8030303030303,
budget.LaBraM.1x.G_BA,PhysionetMI,25,73.18181818181819,
budget.LaBraM.1x.G_BA,PhysionetMI,26,63.53846153846153,
budget.LaBraM.1x.G_BA,PhysionetMI,27,90.37878787878788,
budget.LaBraM.1x.G_BA,PhysionetMI,28,74.39393939393939,
budget.LaBraM.1x.G_BA,PhysionetMI,29,83.71212121212122,
budget.LaBraM.1x.G_BA,PhysionetMI,30,83.78787878787878,
budget.LaBraM.1x.G_BA,PhysionetMI,31,81.21212121212122,
budget.LaBraM.1x.G_BA,PhysionetMI,32,99.0,
budget.LaBraM.1x.G_BA,PhysionetMI,33,85.75757575757576,
budget.LaBraM.1x.G_BA,PhysionetMI,34,77.46153846153845,
budget.LaBraM.1x.G_BA,PhysionetMI,35,83.03030303030303,
budget.LaBraM.1x.G_BA,PhysionetMI,36,93.7878787878788,
budget.LaBraM.1x.G_BA,PhysionetMI,37,70.83333333333333,
budget.LaBraM.1x.G_BA,PhysionetMI,38,61.51515151515151,
budget.LaBraM.1x.G_BA,PhysionetMI,39,67.72727272727273,
budget.LaBraM.1x.G_BA,PhysionetMI,40,100.0,
budget.LaBraM.1x.G_BA,PhysionetMI,41,95.15384615384616,
budget.LaBraM.1x.G_BA,PhysionetMI,42,87.5,
budget.LaBraM.1x.G_BA,PhysionetMI,43,86.51515151515153,
budget.LaBraM.1x.G_BA,PhysionetMI,44,89.62121212121212,
budget.LaBraM.1x.G_BA,PhysionetMI,45,72.27272727272728,
budget.LaBraM.1x.G_BA,PhysionetMI,46,81.51515151515152,
budget.LaBraM.1x.G_BA,PhysionetMI,47,75.75757575757575,
budget.LaBraM.1x.G_BA,PhysionetMI,48,97.5,
budget.LaBraM.1x.G_BA,PhysionetMI,49,85.60606060606062,
budget.LaBraM.1x.G_BA,PhysionetMI,50,61.43939393939395,
budget.LaBraM.1x.G_BA,PhysionetMI,51,86.43939393939395,
budget.LaBraM.1x.G_BA,PhysionetMI,52,91.0,
budget.LaBraM.1x.G_BA,PhysionetMI,53,96.43939393939395,
budget.LaBraM.1x.G_BA,PhysionetMI,54,90.6818181818182,
budget.LaBraM.1x.G_BA,PhysionetMI,55,88.18181818181819,
budget.LaBraM.1x.G_BA,PhysionetMI,56,90.45454545454544,
budget.LaBraM.1x.G_BA,PhysionetMI,57,99.16666666666666,
budget.LaBraM.1x.G_BA,PhysionetMI,58,77.53846153846153,
budget.LaBraM.1x.G_BA,PhysionetMI,59,66.74242424242425,
budget.LaBraM.1x.G_BA,PhysionetMI,60,90.30769230769232,
budget.LaBraM.1x.G_BA,PhysionetMI,61,95.45454545454548,
budget.LaBraM.1x.G_BA,PhysionetMI,62,94.69696969696967,
budget.LaBraM.1x.G_BA,PhysionetMI,63,73.03030303030302,
budget.LaBraM.1x.G_BA,PhysionetMI,64,74.84848484848486,
budget.LaBraM.1x.G_BA,PhysionetMI,65,96.51515151515152,
budget.LaBraM.1x.G_BA,PhysionetMI,66,73.93939393939395,
budget.LaBraM.1x.G_BA,PhysionetMI,67,70.0,
budget.LaBraM.1x.G_BA,PhysionetMI,68,85.37878787878789,
budget.LaBraM.1x.G_BA,PhysionetMI,69,90.53846153846152,
budget.LaBraM.1x.G_BA,PhysionetMI,70,98.33333333333331,
budget.LaBraM.1x.G_BA,PhysionetMI,71,87.04545454545455,
budget.LaBraM.1x.G_BA,PhysionetMI,72,98.18181818181819,
budget.LaBraM.1x.G_BA,PhysionetMI,73,83.25757575757576,
budget.LaBraM.1x.G_BA,PhysionetMI,74,79.62121212121211,
budget.LaBraM.1x.G_BA,PhysionetMI,75,80.68181818181819,
budget.LaBraM.1x.G_BA,PhysionetMI,76,67.1969696969697,
budget.LaBraM.1x.G_BA,PhysionetMI,77,63.63636363636363,
budget.LaBraM.1x.G_BA,PhysionetMI,78,68.63636363636363,
budget.LaBraM.1x.G_BA,PhysionetMI,79,80.22727272727273,
budget.LaBraM.1x.G_BA,PhysionetMI,80,73.46153846153847,
budget.LaBraM.1x.G_BA,PhysionetMI,81,88.18181818181819,
budget.LaBraM.1x.G_BA,PhysionetMI,82,82.5,
budget.LaBraM.1x.G_BA,PhysionetMI,83,65.61538461538461,
budget.LaBraM.1x.G_BA,PhysionetMI,84,94.84848484848484,
budget.LaBraM.1x.G_BA,PhysionetMI,85,96.36363636363636,
budget.LaBraM.1x.G_BA,PhysionetMI,86,92.92307692307692,
budget.LaBraM.1x.G_BA,PhysionetMI,87,70.83333333333333,
budget.LaBraM.1x.G_BA,PhysionetMI,90,90.83333333333331,
budget.LaBraM.1x.G_BA,PhysionetMI,91,86.89393939393939,
budget.LaBraM.1x.G_BA,PhysionetMI,93,79.92424242424242,
budget.LaBraM.1x.G_BA,PhysionetMI,94,81.43939393939394,
budget.LaBraM.1x.G_BA,PhysionetMI,95,69.0,
budget.LaBraM.1x.G_BA,PhysionetMI,96,94.16666666666667,
budget.LaBraM.1x.G_BA,PhysionetMI,97,83.40909090909092,
budget.LaBraM.1x.G_BA,PhysionetMI,98,47.12121212121212,
budget.LaBraM.1x.G_BA,PhysionetMI,99,73.63636363636363,
budget.LaBraM.1x.G_BA,PhysionetMI,101,97.69230769230771,
budget.LaBraM.1x.G_BA,PhysionetMI,102,77.72727272727272,
budget.LaBraM.1x.G_BA,PhysionetMI,103,84.92424242424242,
budget.LaBraM.1x.G_BA,PhysionetMI,105,97.5,
budget.LaBraM.1x.G_BA,PhysionetMI,107,55.53030303030303,
budget.LaBraM.1x.G_BA,PhysionetMI,108,81.28787878787878,
budget.LaBraM.1x.G_BA,PhysionetMI,109,53.560606060606055,
budget.LaBraM.2x.own_gain,Cho2017,1,7.1999999999999895,
budget.LaBraM.2x.own_gain,Cho2017,2,1.7999999999999998,
budget.LaBraM.2x.own_gain,Cho2017,3,10.999999999999991,
budget.LaBraM.2x.own_gain,Cho2017,4,9.19999999999999,
budget.LaBraM.2x.own_gain,Cho2017,5,16.99999999999999,
budget.LaBraM.2x.own_gain,Cho2017,6,0.19999999999999,
budget.LaBraM.2x.own_gain,Cho2017,7,1.1666666666666599,
budget.LaBraM.2x.own_gain,Cho2017,8,4.99999999999999,
budget.LaBraM.2x.own_gain,Cho2017,9,1.33333333333333,
budget.LaBraM.2x.own_gain,Cho2017,10,-0.7999999999999899,
budget.LaBraM.2x.own_gain,Cho2017,11,6.2,
budget.LaBraM.2x.own_gain,Cho2017,12,4.6,
budget.LaBraM.2x.own_gain,Cho2017,13,28.59999999999999,
budget.LaBraM.2x.own_gain,Cho2017,14,19.0,
budget.LaBraM.2x.own_gain,Cho2017,15,2.39999999999999,
budget.LaBraM.2x.own_gain,Cho2017,16,2.1999999999999997,
budget.LaBraM.2x.own_gain,Cho2017,17,3.79999999999999,
budget.LaBraM.2x.own_gain,Cho2017,18,4.8,
budget.LaBraM.2x.own_gain,Cho2017,19,0.99999999999999,
budget.LaBraM.2x.own_gain,Cho2017,20,7.39999999999999,
budget.LaBraM.2x.own_gain,Cho2017,21,2.5999999999999903,
budget.LaBraM.2x.own_gain,Cho2017,22,2.39999999999999,
budget.LaBraM.2x.own_gain,Cho2017,23,3.1999999999999895,
budget.LaBraM.2x.own_gain,Cho2017,24,4.39999999999999,
budget.LaBraM.2x.own_gain,Cho2017,25,7.79999999999999,
budget.LaBraM.2x.own_gain,Cho2017,26,0.4,
budget.LaBraM.2x.own_gain,Cho2017,27,5.399999999999991,
budget.LaBraM.2x.own_gain,Cho2017,28,8.19999999999999,
budget.LaBraM.2x.own_gain,Cho2017,29,4.79999999999999,
budget.LaBraM.2x.own_gain,Cho2017,30,7.6,
budget.LaBraM.2x.own_gain,Cho2017,31,2.5999999999999903,
budget.LaBraM.2x.own_gain,Cho2017,32,8.19999999999999,
budget.LaBraM.2x.own_gain,Cho2017,33,0.39999999999999003,
budget.LaBraM.2x.own_gain,Cho2017,34,-1.4000000000000001,
budget.LaBraM.2x.own_gain,Cho2017,35,17.4,
budget.LaBraM.2x.own_gain,Cho2017,36,3.99999999999999,
budget.LaBraM.2x.own_gain,Cho2017,37,-2.19999999999998,
budget.LaBraM.2x.own_gain,Cho2017,38,5.399999999999991,
budget.LaBraM.2x.own_gain,Cho2017,39,2.0,
budget.LaBraM.2x.own_gain,Cho2017,40,0.39999999999999003,
budget.LaBraM.2x.own_gain,Cho2017,41,10.79999999999999,
budget.LaBraM.2x.own_gain,Cho2017,42,2.19999999999999,
budget.LaBraM.2x.own_gain,Cho2017,43,2.8000000000000003,
budget.LaBraM.2x.own_gain,Cho2017,44,3.1999999999999895,
budget.LaBraM.2x.own_gain,Cho2017,45,2.8000000000000003,
budget.LaBraM.2x.own_gain,Cho2017,46,7.33333333333333,
budget.LaBraM.2x.own_gain,Cho2017,47,5.99999999999999,
budget.LaBraM.2x.own_gain,Cho2017,48,10.19999999999999,
budget.LaBraM.2x.own_gain,Cho2017,49,2.79999999999999,
budget.LaBraM.2x.own_gain,Cho2017,50,6.19999999999999,
budget.LaBraM.2x.own_gain,Cho2017,51,1.0,
budget.LaBraM.2x.own_gain,Cho2017,52,8.200000000000001,
budget.LaBraM.2x.own_gain,Dreyer2023,1,0.6666666666666601,
budget.LaBraM.2x.own_gain,Dreyer2023,2,5.66666666666666,
budget.LaBraM.2x.own_gain,Dreyer2023,3,4.0,
budget.LaBraM.2x.own_gain,Dreyer2023,5,3.99999999999999,
budget.LaBraM.2x.own_gain,Dreyer2023,6,0.6666666666666601,
budget.LaBraM.2x.own_gain,Dreyer2023,7,1.83333333333333,
budget.LaBraM.2x.own_gain,Dreyer2023,8,7.16666666666666,
budget.LaBraM.2x.own_gain,Dreyer2023,10,1.83333333333333,
budget.LaBraM.2x.own_gain,Dreyer2023,11,19.333333333333318,
budget.LaBraM.2x.own_gain,Dreyer2023,12,0.16666666666666,
budget.LaBraM.2x.own_gain,Dreyer2023,13,6.16666666666666,
budget.LaBraM.2x.own_gain,Dreyer2023,14,0.8333333333333199,
budget.LaBraM.2x.own_gain,Dreyer2023,15,3.8333333333333197,
budget.LaBraM.2x.own_gain,Dreyer2023,16,-4.0245584642661925e-15,
budget.LaBraM.2x.own_gain,Dreyer2023,18,0.83333333333333,
budget.LaBraM.2x.own_gain,Dreyer2023,19,6.16666666666666,
budget.LaBraM.2x.own_gain,Dreyer2023,20,0.8333333333333199,
budget.LaBraM.2x.own_gain,Dreyer2023,21,1.49999999999999,
budget.LaBraM.2x.own_gain,Dreyer2023,22,-0.16666666666666,
budget.LaBraM.2x.own_gain,Dreyer2023,23,4.49999999999999,
budget.LaBraM.2x.own_gain,Dreyer2023,24,4.8333333333333295,
budget.LaBraM.2x.own_gain,Dreyer2023,25,4.99999999999999,
budget.LaBraM.2x.own_gain,Dreyer2023,26,9.33333333333332,
budget.LaBraM.2x.own_gain,Dreyer2023,27,2.3333333333333197,
budget.LaBraM.2x.own_gain,Dreyer2023,28,-0.49999999999999,
budget.LaBraM.2x.own_gain,Dreyer2023,30,8.33333333333332,
budget.LaBraM.2x.own_gain,Dreyer2023,31,6.33333333333332,
budget.LaBraM.2x.own_gain,Dreyer2023,32,2.83333333333333,
budget.LaBraM.2x.own_gain,Dreyer2023,33,4.16666666666666,
budget.LaBraM.2x.own_gain,Dreyer2023,34,4.66666666666666,
budget.LaBraM.2x.own_gain,Dreyer2023,35,6.999999999999989,
budget.LaBraM.2x.own_gain,Dreyer2023,36,0.16666666666666,
budget.LaBraM.2x.own_gain,Dreyer2023,37,4.49999999999999,
budget.LaBraM.2x.own_gain,Dreyer2023,38,3.33333333333333,
budget.LaBraM.2x.own_gain,Dreyer2023,39,1.16666666666667,
budget.LaBraM.2x.own_gain,Dreyer2023,40,5.68965517241379,
budget.LaBraM.2x.own_gain,Dreyer2023,42,10.83333333333332,
budget.LaBraM.2x.own_gain,Dreyer2023,43,-0.33333333333333004,
budget.LaBraM.2x.own_gain,Dreyer2023,44,5.1666666666666705,
budget.LaBraM.2x.own_gain,Dreyer2023,45,8.83333333333333,
budget.LaBraM.2x.own_gain,Dreyer2023,46,3.49999999999999,
budget.LaBraM.2x.own_gain,Dreyer2023,47,0.99999999999999,
budget.LaBraM.2x.own_gain,Dreyer2023,48,0.33333333333333004,
budget.LaBraM.2x.own_gain,Dreyer2023,49,8.166666666666659,
budget.LaBraM.2x.own_gain,Dreyer2023,50,-1.33333333333333,
budget.LaBraM.2x.own_gain,Dreyer2023,51,2.0,
budget.LaBraM.2x.own_gain,Dreyer2023,52,1.66666666666666,
budget.LaBraM.2x.own_gain,Dreyer2023,53,1.5,
budget.LaBraM.2x.own_gain,Dreyer2023,54,4.333333333333321,
budget.LaBraM.2x.own_gain,Dreyer2023,55,1.8333333333333202,
budget.LaBraM.2x.own_gain,Dreyer2023,56,2.0,
budget.LaBraM.2x.own_gain,Dreyer2023,57,6.3333333333333295,
budget.LaBraM.2x.own_gain,Dreyer2023,58,0.83333333333333,
budget.LaBraM.2x.own_gain,Dreyer2023,59,4.75,
budget.LaBraM.2x.own_gain,Dreyer2023,60,6.16666666666666,
budget.LaBraM.2x.own_gain,Dreyer2023,61,4.83333333333332,
budget.LaBraM.2x.own_gain,Dreyer2023,62,0.6666666666666601,
budget.LaBraM.2x.own_gain,Dreyer2023,63,5.99999999999999,
budget.LaBraM.2x.own_gain,Dreyer2023,64,15.49999999999999,
budget.LaBraM.2x.own_gain,Dreyer2023,65,4.99999999999999,
budget.LaBraM.2x.own_gain,Dreyer2023,66,1.3333333333333202,
budget.LaBraM.2x.own_gain,Dreyer2023,67,0.16666666666667,
budget.LaBraM.2x.own_gain,Dreyer2023,68,2.0,
budget.LaBraM.2x.own_gain,Dreyer2023,69,2.1666666666666603,
budget.LaBraM.2x.own_gain,Dreyer2023,70,7.99999999999999,
budget.LaBraM.2x.own_gain,Dreyer2023,71,4.49999999999999,
budget.LaBraM.2x.own_gain,Dreyer2023,72,11.33333333333332,
budget.LaBraM.2x.own_gain,Dreyer2023,73,6.66666666666666,
budget.LaBraM.2x.own_gain,Dreyer2023,74,7.8333333333333295,
budget.LaBraM.2x.own_gain,Dreyer2023,75,-0.83333333333333,
budget.LaBraM.2x.own_gain,Dreyer2023,76,2.4999999999999902,
budget.LaBraM.2x.own_gain,Dreyer2023,77,4.49999999999999,
budget.LaBraM.2x.own_gain,Dreyer2023,80,8.49999999999999,
budget.LaBraM.2x.own_gain,Dreyer2023,81,2.83333333333332,
budget.LaBraM.2x.own_gain,Dreyer2023,82,0.33333333333333004,
budget.LaBraM.2x.own_gain,Dreyer2023,83,8.33333333333333,
budget.LaBraM.2x.own_gain,Dreyer2023,84,0.33333333333332,
budget.LaBraM.2x.own_gain,Dreyer2023,85,2.66666666666666,
budget.LaBraM.2x.own_gain,Dreyer2023,86,0.6666666666666601,
budget.LaBraM.2x.own_gain,Dreyer2023,87,2.99999999999999,
budget.LaBraM.2x.own_gain,PhysionetMI,1,-4.0245584642661925e-15,
budget.LaBraM.2x.own_gain,PhysionetMI,2,-2.76923076923077,
budget.LaBraM.2x.own_gain,PhysionetMI,3,1.8181818181818101,
budget.LaBraM.2x.own_gain,PhysionetMI,4,7.49999999999999,
budget.LaBraM.2x.own_gain,PhysionetMI,5,4.24242424242423,
budget.LaBraM.2x.own_gain,PhysionetMI,6,3.03030303030303,
budget.LaBraM.2x.own_gain,PhysionetMI,7,0.83333333333333,
budget.LaBraM.2x.own_gain,PhysionetMI,8,0.9848484848484799,
budget.LaBraM.2x.own_gain,PhysionetMI,9,-4.61538461538461,
budget.LaBraM.2x.own_gain,PhysionetMI,10,1.15384615384614,
budget.LaBraM.2x.own_gain,PhysionetMI,11,3.7121212121212097,
budget.LaBraM.2x.own_gain,PhysionetMI,12,1.21212121212121,
budget.LaBraM.2x.own_gain,PhysionetMI,13,5.07575757575757,
budget.LaBraM.2x.own_gain,PhysionetMI,14,7.27272727272727,
budget.LaBraM.2x.own_gain,PhysionetMI,15,-1.0,
budget.LaBraM.2x.own_gain,PhysionetMI,16,5.5303030303030205,
budget.LaBraM.2x.own_gain,PhysionetMI,17,4.54545454545454,
budget.LaBraM.2x.own_gain,PhysionetMI,18,0.0,
budget.LaBraM.2x.own_gain,PhysionetMI,19,0.45454545454545003,
budget.LaBraM.2x.own_gain,PhysionetMI,20,5.530303030303029,
budget.LaBraM.2x.own_gain,PhysionetMI,21,5.227272727272729,
budget.LaBraM.2x.own_gain,PhysionetMI,22,0.0,
budget.LaBraM.2x.own_gain,PhysionetMI,23,0.3076923076923,
budget.LaBraM.2x.own_gain,PhysionetMI,24,0.9090909090909001,
budget.LaBraM.2x.own_gain,PhysionetMI,25,-3.4848484848484804,
budget.LaBraM.2x.own_gain,PhysionetMI,26,6.15384615384615,
budget.LaBraM.2x.own_gain,PhysionetMI,27,3.63636363636363,
budget.LaBraM.2x.own_gain,PhysionetMI,28,0.9090909090909001,
budget.LaBraM.2x.own_gain,PhysionetMI,29,1.96969696969697,
budget.LaBraM.2x.own_gain,PhysionetMI,30,2.4999999999999902,
budget.LaBraM.2x.own_gain,PhysionetMI,31,4.09090909090908,
budget.LaBraM.2x.own_gain,PhysionetMI,32,-1.0,
budget.LaBraM.2x.own_gain,PhysionetMI,33,4.92424242424242,
budget.LaBraM.2x.own_gain,PhysionetMI,34,9.23076923076922,
budget.LaBraM.2x.own_gain,PhysionetMI,35,5.15151515151515,
budget.LaBraM.2x.own_gain,PhysionetMI,36,0.75757575757575,
budget.LaBraM.2x.own_gain,PhysionetMI,37,12.499999999999991,
budget.LaBraM.2x.own_gain,PhysionetMI,38,-1.7424242424242402,
budget.LaBraM.2x.own_gain,PhysionetMI,39,5.757575757575751,
budget.LaBraM.2x.own_gain,PhysionetMI,40,0.0,
budget.LaBraM.2x.own_gain,PhysionetMI,41,-2.07692307692307,
budget.LaBraM.2x.own_gain,PhysionetMI,42,6.43939393939393,
budget.LaBraM.2x.own_gain,PhysionetMI,43,2.12121212121211,
budget.LaBraM.2x.own_gain,PhysionetMI,44,-9.46969696969696,
budget.LaBraM.2x.own_gain,PhysionetMI,45,2.8030303030303,
budget.LaBraM.2x.own_gain,PhysionetMI,46,-2.42424242424242,
budget.LaBraM.2x.own_gain,PhysionetMI,47,4.09090909090908,
budget.LaBraM.2x.own_gain,PhysionetMI,48,4.16666666666666,
budget.LaBraM.2x.own_gain,PhysionetMI,49,-2.42424242424242,
budget.LaBraM.2x.own_gain,PhysionetMI,50,6.969696969696961,
budget.LaBraM.2x.own_gain,PhysionetMI,51,5.22727272727272,
budget.LaBraM.2x.own_gain,PhysionetMI,52,3.99999999999999,
budget.LaBraM.2x.own_gain,PhysionetMI,53,2.72727272727272,
budget.LaBraM.2x.own_gain,PhysionetMI,54,-1.8181818181818101,
budget.LaBraM.2x.own_gain,PhysionetMI,55,-3.5606060606060503,
budget.LaBraM.2x.own_gain,PhysionetMI,56,0.75757575757575,
budget.LaBraM.2x.own_gain,PhysionetMI,57,-5.0,
budget.LaBraM.2x.own_gain,PhysionetMI,58,5.99999999999999,
budget.LaBraM.2x.own_gain,PhysionetMI,59,6.1363636363636305,
budget.LaBraM.2x.own_gain,PhysionetMI,60,-1.07692307692307,
budget.LaBraM.2x.own_gain,PhysionetMI,61,0.0,
budget.LaBraM.2x.own_gain,PhysionetMI,62,-0.9090909090909001,
budget.LaBraM.2x.own_gain,PhysionetMI,63,-2.57575757575757,
budget.LaBraM.2x.own_gain,PhysionetMI,64,-3.18181818181818,
budget.LaBraM.2x.own_gain,PhysionetMI,65,-5.5303030303030205,
budget.LaBraM.2x.own_gain,PhysionetMI,66,1.59090909090909,
budget.LaBraM.2x.own_gain,PhysionetMI,67,3.33333333333333,
budget.LaBraM.2x.own_gain,PhysionetMI,68,-1.7424242424242402,
budget.LaBraM.2x.own_gain,PhysionetMI,69,-6.15384615384615,
budget.LaBraM.2x.own_gain,PhysionetMI,70,0.07575757575757,
budget.LaBraM.2x.own_gain,PhysionetMI,71,2.42424242424242,
budget.LaBraM.2x.own_gain,PhysionetMI,72,0.75757575757576,
budget.LaBraM.2x.own_gain,PhysionetMI,73,2.57575757575757,
budget.LaBraM.2x.own_gain,PhysionetMI,74,4.015151515151509,
budget.LaBraM.2x.own_gain,PhysionetMI,75,-4.46969696969696,
budget.LaBraM.2x.own_gain,PhysionetMI,76,-4.621212121212119,
budget.LaBraM.2x.own_gain,PhysionetMI,77,-3.03030303030303,
budget.LaBraM.2x.own_gain,PhysionetMI,78,-3.7121212121212,
budget.LaBraM.2x.own_gain,PhysionetMI,79,-3.33333333333333,
budget.LaBraM.2x.own_gain,PhysionetMI,80,8.07692307692307,
budget.LaBraM.2x.own_gain,PhysionetMI,81,7.575757575757571,
budget.LaBraM.2x.own_gain,PhysionetMI,82,-0.07575757575757,
budget.LaBraM.2x.own_gain,PhysionetMI,83,-2.61538461538461,
budget.LaBraM.2x.own_gain,PhysionetMI,84,-2.6515151515151403,
budget.LaBraM.2x.own_gain,PhysionetMI,85,2.65151515151515,
budget.LaBraM.2x.own_gain,PhysionetMI,86,-0.46153846153846,
budget.LaBraM.2x.own_gain,PhysionetMI,87,-0.8333333333333199,
budget.LaBraM.2x.own_gain,PhysionetMI,90,-1.8939393939393898,
budget.LaBraM.2x.own_gain,PhysionetMI,91,-3.33333333333333,
budget.LaBraM.2x.own_gain,PhysionetMI,93,2.72727272727272,
budget.LaBraM.2x.own_gain,PhysionetMI,94,0.9848484848484799,
budget.LaBraM.2x.own_gain,PhysionetMI,95,-0.7692307692307699,
budget.LaBraM.2x.own_gain,PhysionetMI,96,-0.83333333333333,
budget.LaBraM.2x.own_gain,PhysionetMI,97,2.27272727272727,
budget.LaBraM.2x.own_gain,PhysionetMI,98,-0.68181818181818,
budget.LaBraM.2x.own_gain,PhysionetMI,99,-2.42424242424242,
budget.LaBraM.2x.own_gain,PhysionetMI,101,3.84615384615384,
budget.LaBraM.2x.own_gain,PhysionetMI,102,4.54545454545454,
budget.LaBraM.2x.own_gain,PhysionetMI,103,-4.84848484848484,
budget.LaBraM.2x.own_gain,PhysionetMI,105,1.59090909090909,
budget.LaBraM.2x.own_gain,PhysionetMI,107,4.39393939393938,
budget.LaBraM.2x.own_gain,PhysionetMI,108,-1.59090909090909,
budget.LaBraM.2x.own_gain,PhysionetMI,109,-3.40909090909091,
budget.LaBraM.2x.upper_bound,Cho2017,1,7.41999999999999,
budget.LaBraM.2x.upper_bound,Cho2017,2,1.0999999999999999,
budget.LaBraM.2x.upper_bound,Cho2017,3,11.77999999999999,
budget.LaBraM.2x.upper_bound,Cho2017,4,6.76,
budget.LaBraM.2x.upper_bound,Cho2017,5,9.41999999999999,
budget.LaBraM.2x.upper_bound,Cho2017,6,-0.02,
budget.LaBraM.2x.upper_bound,Cho2017,7,1.4666666666666601,
budget.LaBraM.2x.upper_bound,Cho2017,8,3.5599999999999903,
budget.LaBraM.2x.upper_bound,Cho2017,9,2.36666666666666,
budget.LaBraM.2x.upper_bound,Cho2017,10,3.3999999999999897,
budget.LaBraM.2x.upper_bound,Cho2017,11,4.760000000000001,
budget.LaBraM.2x.upper_bound,Cho2017,12,4.6,
budget.LaBraM.2x.upper_bound,Cho2017,13,19.47999999999999,
budget.LaBraM.2x.upper_bound,Cho2017,14,17.48,
budget.LaBraM.2x.upper_bound,Cho2017,15,2.25999999999999,
budget.LaBraM.2x.upper_bound,Cho2017,16,1.02,
budget.LaBraM.2x.upper_bound,Cho2017,17,5.33999999999999,
budget.LaBraM.2x.upper_bound,Cho2017,18,3.23999999999999,
budget.LaBraM.2x.upper_bound,Cho2017,19,4.83999999999999,
budget.LaBraM.2x.upper_bound,Cho2017,20,5.2,
budget.LaBraM.2x.upper_bound,Cho2017,21,4.1999999999999895,
budget.LaBraM.2x.upper_bound,Cho2017,22,1.28,
budget.LaBraM.2x.upper_bound,Cho2017,23,1.4000000000000001,
budget.LaBraM.2x.upper_bound,Cho2017,24,3.4799999999999995,
budget.LaBraM.2x.upper_bound,Cho2017,25,4.25999999999999,
budget.LaBraM.2x.upper_bound,Cho2017,26,1.85999999999999,
budget.LaBraM.2x.upper_bound,Cho2017,27,8.09999999999999,
budget.LaBraM.2x.upper_bound,Cho2017,28,8.43999999999998,
budget.LaBraM.2x.upper_bound,Cho2017,29,3.59999999999999,
budget.LaBraM.2x.upper_bound,Cho2017,30,14.2,
budget.LaBraM.2x.upper_bound,Cho2017,31,1.75999999999999,
budget.LaBraM.2x.upper_bound,Cho2017,32,5.37999999999999,
budget.LaBraM.2x.upper_bound,Cho2017,33,-0.12,
budget.LaBraM.2x.upper_bound,Cho2017,34,-0.86,
budget.LaBraM.2x.upper_bound,Cho2017,35,19.13999999999999,
budget.LaBraM.2x.upper_bound,Cho2017,36,2.18,
budget.LaBraM.2x.upper_bound,Cho2017,37,0.5599999999999901,
budget.LaBraM.2x.upper_bound,Cho2017,38,4.51999999999999,
budget.LaBraM.2x.upper_bound,Cho2017,39,1.4000000000000001,
budget.LaBraM.2x.upper_bound,Cho2017,40,1.3199999999999898,
budget.LaBraM.2x.upper_bound,Cho2017,41,10.19999999999999,
budget.LaBraM.2x.upper_bound,Cho2017,42,1.8399999999999899,
budget.LaBraM.2x.upper_bound,Cho2017,43,2.19999999999999,
budget.LaBraM.2x.upper_bound,Cho2017,44,2.0,
budget.LaBraM.2x.upper_bound,Cho2017,45,0.96,
budget.LaBraM.2x.upper_bound,Cho2017,46,4.4166666666666705,
budget.LaBraM.2x.upper_bound,Cho2017,47,3.9,
budget.LaBraM.2x.upper_bound,Cho2017,48,6.55999999999999,
budget.LaBraM.2x.upper_bound,Cho2017,49,1.41999999999999,
budget.LaBraM.2x.upper_bound,Cho2017,50,5.81999999999999,
budget.LaBraM.2x.upper_bound,Cho2017,51,3.1,
budget.LaBraM.2x.upper_bound,Cho2017,52,5.89999999999999,
budget.LaBraM.2x.upper_bound,Dreyer2023,1,0.29999999999999,
budget.LaBraM.2x.upper_bound,Dreyer2023,2,6.16666666666666,
budget.LaBraM.2x.upper_bound,Dreyer2023,3,3.7499999999999902,
budget.LaBraM.2x.upper_bound,Dreyer2023,5,5.04999999999999,
budget.LaBraM.2x.upper_bound,Dreyer2023,6,2.06666666666666,
budget.LaBraM.2x.upper_bound,Dreyer2023,7,3.04999999999999,
budget.LaBraM.2x.upper_bound,Dreyer2023,8,4.91666666666666,
budget.LaBraM.2x.upper_bound,Dreyer2023,10,0.68333333333333,
budget.LaBraM.2x.upper_bound,Dreyer2023,11,17.83333333333332,
budget.LaBraM.2x.upper_bound,Dreyer2023,12,-0.63333333333333,
budget.LaBraM.2x.upper_bound,Dreyer2023,13,3.65,
budget.LaBraM.2x.upper_bound,Dreyer2023,14,2.34999999999999,
budget.LaBraM.2x.upper_bound,Dreyer2023,15,2.43333333333332,
budget.LaBraM.2x.upper_bound,Dreyer2023,16,2.51666666666666,
budget.LaBraM.2x.upper_bound,Dreyer2023,18,1.63333333333333,
budget.LaBraM.2x.upper_bound,Dreyer2023,19,6.19999999999999,
budget.LaBraM.2x.upper_bound,Dreyer2023,20,3.23333333333333,
budget.LaBraM.2x.upper_bound,Dreyer2023,21,0.7999999999999899,
budget.LaBraM.2x.upper_bound,Dreyer2023,22,2.74999999999999,
budget.LaBraM.2x.upper_bound,Dreyer2023,23,7.36666666666665,
budget.LaBraM.2x.upper_bound,Dreyer2023,24,4.66666666666666,
budget.LaBraM.2x.upper_bound,Dreyer2023,25,5.03333333333333,
budget.LaBraM.2x.upper_bound,Dreyer2023,26,9.45,
budget.LaBraM.2x.upper_bound,Dreyer2023,27,3.7166666666666597,
budget.LaBraM.2x.upper_bound,Dreyer2023,28,0.26666666666666,
budget.LaBraM.2x.upper_bound,Dreyer2023,30,6.349999999999991,
budget.LaBraM.2x.upper_bound,Dreyer2023,31,8.31666666666665,
budget.LaBraM.2x.upper_bound,Dreyer2023,32,3.7166666666666597,
budget.LaBraM.2x.upper_bound,Dreyer2023,33,2.03333333333333,
budget.LaBraM.2x.upper_bound,Dreyer2023,34,2.01666666666666,
budget.LaBraM.2x.upper_bound,Dreyer2023,35,6.33333333333332,
budget.LaBraM.2x.upper_bound,Dreyer2023,36,1.96666666666666,
budget.LaBraM.2x.upper_bound,Dreyer2023,37,8.166666666666659,
budget.LaBraM.2x.upper_bound,Dreyer2023,38,5.84999999999999,
budget.LaBraM.2x.upper_bound,Dreyer2023,39,1.8499999999999999,
budget.LaBraM.2x.upper_bound,Dreyer2023,40,4.20689655172413,
budget.LaBraM.2x.upper_bound,Dreyer2023,42,11.33333333333333,
budget.LaBraM.2x.upper_bound,Dreyer2023,43,0.33333333333333004,
budget.LaBraM.2x.upper_bound,Dreyer2023,44,3.11666666666666,
budget.LaBraM.2x.upper_bound,Dreyer2023,45,6.6000000000000005,
budget.LaBraM.2x.upper_bound,Dreyer2023,46,4.18333333333332,
budget.LaBraM.2x.upper_bound,Dreyer2023,47,4.03333333333332,
budget.LaBraM.2x.upper_bound,Dreyer2023,48,2.28333333333332,
budget.LaBraM.2x.upper_bound,Dreyer2023,49,6.44999999999999,
budget.LaBraM.2x.upper_bound,Dreyer2023,50,-1.68333333333333,
budget.LaBraM.2x.upper_bound,Dreyer2023,51,2.36666666666666,
budget.LaBraM.2x.upper_bound,Dreyer2023,52,1.9833333333333198,
budget.LaBraM.2x.upper_bound,Dreyer2023,53,1.98333333333333,
budget.LaBraM.2x.upper_bound,Dreyer2023,54,7.633333333333329,
budget.LaBraM.2x.upper_bound,Dreyer2023,55,2.29999999999999,
budget.LaBraM.2x.upper_bound,Dreyer2023,56,3.7333333333333303,
budget.LaBraM.2x.upper_bound,Dreyer2023,57,6.349999999999991,
budget.LaBraM.2x.upper_bound,Dreyer2023,58,0.8166666666666701,
budget.LaBraM.2x.upper_bound,Dreyer2023,59,7.025,
budget.LaBraM.2x.upper_bound,Dreyer2023,60,5.98333333333332,
budget.LaBraM.2x.upper_bound,Dreyer2023,61,5.48333333333332,
budget.LaBraM.2x.upper_bound,Dreyer2023,62,2.81666666666666,
budget.LaBraM.2x.upper_bound,Dreyer2023,63,3.1,
budget.LaBraM.2x.upper_bound,Dreyer2023,64,11.49999999999999,
budget.LaBraM.2x.upper_bound,Dreyer2023,65,7.83333333333332,
budget.LaBraM.2x.upper_bound,Dreyer2023,66,4.26666666666666,
budget.LaBraM.2x.upper_bound,Dreyer2023,67,2.36666666666666,
budget.LaBraM.2x.upper_bound,Dreyer2023,68,2.79999999999999,
budget.LaBraM.2x.upper_bound,Dreyer2023,69,2.26666666666666,
budget.LaBraM.2x.upper_bound,Dreyer2023,70,10.383333333333319,
budget.LaBraM.2x.upper_bound,Dreyer2023,71,7.7499999999999805,
budget.LaBraM.2x.upper_bound,Dreyer2023,72,10.783333333333319,
budget.LaBraM.2x.upper_bound,Dreyer2023,73,12.13333333333332,
budget.LaBraM.2x.upper_bound,Dreyer2023,74,2.73333333333332,
budget.LaBraM.2x.upper_bound,Dreyer2023,75,2.1666666666666603,
budget.LaBraM.2x.upper_bound,Dreyer2023,76,2.76666666666666,
budget.LaBraM.2x.upper_bound,Dreyer2023,77,1.36666666666665,
budget.LaBraM.2x.upper_bound,Dreyer2023,80,4.68333333333332,
budget.LaBraM.2x.upper_bound,Dreyer2023,81,4.649999999999991,
budget.LaBraM.2x.upper_bound,Dreyer2023,82,2.99999999999999,
budget.LaBraM.2x.upper_bound,Dreyer2023,83,7.249999999999989,
budget.LaBraM.2x.upper_bound,Dreyer2023,84,2.71666666666665,
budget.LaBraM.2x.upper_bound,Dreyer2023,85,3.2833333333333297,
budget.LaBraM.2x.upper_bound,Dreyer2023,86,0.14999999999998,
budget.LaBraM.2x.upper_bound,Dreyer2023,87,2.86666666666666,
budget.LaBraM.2x.upper_bound,PhysionetMI,1,0.86363636363635,
budget.LaBraM.2x.upper_bound,PhysionetMI,2,-3.07692307692307,
budget.LaBraM.2x.upper_bound,PhysionetMI,3,2.63636363636363,
budget.LaBraM.2x.upper_bound,PhysionetMI,4,10.939393939393941,
budget.LaBraM.2x.upper_bound,PhysionetMI,5,4.098484848484841,
budget.LaBraM.2x.upper_bound,PhysionetMI,6,6.6590909090909,
budget.LaBraM.2x.upper_bound,PhysionetMI,7,-0.33333333333333004,
budget.LaBraM.2x.upper_bound,PhysionetMI,8,0.23484848484847998,
budget.LaBraM.2x.upper_bound,PhysionetMI,9,-2.78461538461538,
budget.LaBraM.2x.upper_bound,PhysionetMI,10,2.9615384615384497,
budget.LaBraM.2x.upper_bound,PhysionetMI,11,2.3560606060606,
budget.LaBraM.2x.upper_bound,PhysionetMI,12,0.18181818181817,
budget.LaBraM.2x.upper_bound,PhysionetMI,13,6.840909090909091,
budget.LaBraM.2x.upper_bound,PhysionetMI,14,10.00757575757574,
budget.LaBraM.2x.upper_bound,PhysionetMI,15,0.48461538461536996,
budget.LaBraM.2x.upper_bound,PhysionetMI,16,4.12121212121212,
budget.LaBraM.2x.upper_bound,PhysionetMI,17,4.90909090909091,
budget.LaBraM.2x.upper_bound,PhysionetMI,18,1.04545454545454,
budget.LaBraM.2x.upper_bound,PhysionetMI,19,4.4090909090909,
budget.LaBraM.2x.upper_bound,PhysionetMI,20,4.59848484848483,
budget.LaBraM.2x.upper_bound,PhysionetMI,21,8.159090909090901,
budget.LaBraM.2x.upper_bound,PhysionetMI,22,0.67424242424242,
budget.LaBraM.2x.upper_bound,PhysionetMI,23,1.7076923076923,
budget.LaBraM.2x.upper_bound,PhysionetMI,24,0.7045454545454499,
budget.LaBraM.2x.upper_bound,PhysionetMI,25,0.14393939393939,
budget.LaBraM.2x.upper_bound,PhysionetMI,26,3.62307692307692,
budget.LaBraM.2x.upper_bound,PhysionetMI,27,4.41666666666666,
budget.LaBraM.2x.upper_bound,PhysionetMI,28,-0.21969696969696997,
budget.LaBraM.2x.upper_bound,PhysionetMI,29,4.71212121212121,
budget.LaBraM.2x.upper_bound,PhysionetMI,30,2.03030303030302,
budget.LaBraM.2x.upper_bound,PhysionetMI,31,4.0303030303030205,
budget.LaBraM.2x.upper_bound,PhysionetMI,32,0.27692307692307,
budget.LaBraM.2x.upper_bound,PhysionetMI,33,5.75,
budget.LaBraM.2x.upper_bound,PhysionetMI,34,10.44615384615384,
budget.LaBraM.2x.upper_bound,PhysionetMI,35,9.99999999999999,
budget.LaBraM.2x.upper_bound,PhysionetMI,36,2.1590909090909003,
budget.LaBraM.2x.upper_bound,PhysionetMI,37,11.33333333333333,
budget.LaBraM.2x.upper_bound,PhysionetMI,38,-0.68181818181818,
budget.LaBraM.2x.upper_bound,PhysionetMI,39,4.9242424242424105,
budget.LaBraM.2x.upper_bound,PhysionetMI,40,0.0,
budget.LaBraM.2x.upper_bound,PhysionetMI,41,-0.14615384615383,
budget.LaBraM.2x.upper_bound,PhysionetMI,42,3.62121212121211,
budget.LaBraM.2x.upper_bound,PhysionetMI,43,2.81060606060605,
budget.LaBraM.2x.upper_bound,PhysionetMI,44,-7.825757575757581,
budget.LaBraM.2x.upper_bound,PhysionetMI,45,1.5606060606060501,
budget.LaBraM.2x.upper_bound,PhysionetMI,46,-0.40909090909091,
budget.LaBraM.2x.upper_bound,PhysionetMI,47,3.90151515151514,
budget.LaBraM.2x.upper_bound,PhysionetMI,48,6.78787878787878,
budget.LaBraM.2x.upper_bound,PhysionetMI,49,0.8863636363636299,
budget.LaBraM.2x.upper_bound,PhysionetMI,50,8.47727272727272,
budget.LaBraM.2x.upper_bound,PhysionetMI,51,5.8560606060606,
budget.LaBraM.2x.upper_bound,PhysionetMI,52,7.85384615384615,
budget.LaBraM.2x.upper_bound,PhysionetMI,53,3.29545454545453,
budget.LaBraM.2x.upper_bound,PhysionetMI,54,-1.3333333333333202,
budget.LaBraM.2x.upper_bound,PhysionetMI,55,1.6212121212121102,
budget.LaBraM.2x.upper_bound,PhysionetMI,56,4.34848484848484,
budget.LaBraM.2x.upper_bound,PhysionetMI,57,-3.16666666666666,
budget.LaBraM.2x.upper_bound,PhysionetMI,58,9.18461538461537,
budget.LaBraM.2x.upper_bound,PhysionetMI,59,5.21212121212121,
budget.LaBraM.2x.upper_bound,PhysionetMI,60,0.17692307692307002,
budget.LaBraM.2x.upper_bound,PhysionetMI,61,0.62121212121212,
budget.LaBraM.2x.upper_bound,PhysionetMI,62,0.50757575757574,
budget.LaBraM.2x.upper_bound,PhysionetMI,63,0.78030303030302,
budget.LaBraM.2x.upper_bound,PhysionetMI,64,-2.6515151515151403,
budget.LaBraM.2x.upper_bound,PhysionetMI,65,-2.49242424242423,
budget.LaBraM.2x.upper_bound,PhysionetMI,66,-0.62878787878787,
budget.LaBraM.2x.upper_bound,PhysionetMI,67,3.3863636363636296,
budget.LaBraM.2x.upper_bound,PhysionetMI,68,-0.49242424242423993,
budget.LaBraM.2x.upper_bound,PhysionetMI,69,-2.71538461538461,
budget.LaBraM.2x.upper_bound,PhysionetMI,70,-0.03030303030303,
budget.LaBraM.2x.upper_bound,PhysionetMI,71,5.82575757575757,
budget.LaBraM.2x.upper_bound,PhysionetMI,72,1.01515151515151,
budget.LaBraM.2x.upper_bound,PhysionetMI,73,2.46969696969696,
budget.LaBraM.2x.upper_bound,PhysionetMI,74,6.57575757575757,
budget.LaBraM.2x.upper_bound,PhysionetMI,75,-3.28030303030303,
budget.LaBraM.2x.upper_bound,PhysionetMI,76,-3.42424242424242,
budget.LaBraM.2x.upper_bound,PhysionetMI,77,2.03030303030302,
budget.LaBraM.2x.upper_bound,PhysionetMI,78,0.90909090909091,
budget.LaBraM.2x.upper_bound,PhysionetMI,79,-3.02272727272726,
budget.LaBraM.2x.upper_bound,PhysionetMI,80,11.31538461538461,
budget.LaBraM.2x.upper_bound,PhysionetMI,81,8.007575757575761,
budget.LaBraM.2x.upper_bound,PhysionetMI,82,2.13636363636363,
budget.LaBraM.2x.upper_bound,PhysionetMI,83,-2.76923076923077,
budget.LaBraM.2x.upper_bound,PhysionetMI,84,2.6363636363636402,
budget.LaBraM.2x.upper_bound,PhysionetMI,85,0.99242424242424,
budget.LaBraM.2x.upper_bound,PhysionetMI,86,0.43076923076922996,
budget.LaBraM.2x.upper_bound,PhysionetMI,87,-3.5530303030303,
budget.LaBraM.2x.upper_bound,PhysionetMI,90,3.2272727272727204,
budget.LaBraM.2x.upper_bound,PhysionetMI,91,0.42424242424242004,
budget.LaBraM.2x.upper_bound,PhysionetMI,93,2.6060606060605997,
budget.LaBraM.2x.upper_bound,PhysionetMI,94,0.45454545454545003,
budget.LaBraM.2x.upper_bound,PhysionetMI,95,1.8769230769230798,
budget.LaBraM.2x.upper_bound,PhysionetMI,96,1.59090909090908,
budget.LaBraM.2x.upper_bound,PhysionetMI,97,3.2575757575757502,
budget.LaBraM.2x.upper_bound,PhysionetMI,98,2.46969696969696,
budget.LaBraM.2x.upper_bound,PhysionetMI,99,0.28030303030302,
budget.LaBraM.2x.upper_bound,PhysionetMI,101,3.4615384615384603,
budget.LaBraM.2x.upper_bound,PhysionetMI,102,6.522727272727271,
budget.LaBraM.2x.upper_bound,PhysionetMI,103,-3.8560606060605997,
budget.LaBraM.2x.upper_bound,PhysionetMI,105,2.17424242424242,
budget.LaBraM.2x.upper_bound,PhysionetMI,107,2.93181818181818,
budget.LaBraM.2x.upper_bound,PhysionetMI,108,-0.15909090909091,
budget.LaBraM.2x.upper_bound,PhysionetMI,109,-6.257575757575751,
budget.LaBraM.2x.G_BA,Cho2017,1,57.599999999999994,
budget.LaBraM.2x.G_BA,Cho2017,2,50.8,
budget.LaBraM.2x.G_BA,Cho2017,3,65.60000000000001,
budget.LaBraM.2x.G_BA,Cho2017,4,67.4,
budget.LaBraM.2x.G_BA,Cho2017,5,82.0,
budget.LaBraM.2x.G_BA,Cho2017,6,81.2,
budget.LaBraM.2x.G_BA,Cho2017,7,52.666666666666664,
budget.LaBraM.2x.G_BA,Cho2017,8,54.800000000000004,
budget.LaBraM.2x.G_BA,Cho2017,9,55.166666666666664,
budget.LaBraM.2x.G_BA,Cho2017,10,59.00000000000001,
budget.LaBraM.2x.G_BA,Cho2017,11,54.2,
budget.LaBraM.2x.G_BA,Cho2017,12,53.0,
budget.LaBraM.2x.G_BA,Cho2017,13,71.2,
budget.LaBraM.2x.G_BA,Cho2017,14,63.4,
budget.LaBraM.2x.G_BA,Cho2017,15,51.2,
budget.LaBraM.2x.G_BA,Cho2017,16,52.6,
budget.LaBraM.2x.G_BA,Cho2017,17,61.6,
budget.LaBraM.2x.G_BA,Cho2017,18,52.0,
budget.LaBraM.2x.G_BA,Cho2017,19,54.400000000000006,
budget.LaBraM.2x.G_BA,Cho2017,20,52.800000000000004,
budget.LaBraM.2x.G_BA,Cho2017,21,53.0,
budget.LaBraM.2x.G_BA,Cho2017,22,51.4,
budget.LaBraM.2x.G_BA,Cho2017,23,58.20000000000001,
budget.LaBraM.2x.G_BA,Cho2017,24,54.2,
budget.LaBraM.2x.G_BA,Cho2017,25,51.6,
budget.LaBraM.2x.G_BA,Cho2017,26,98.6,
budget.LaBraM.2x.G_BA,Cho2017,27,55.400000000000006,
budget.LaBraM.2x.G_BA,Cho2017,28,88.00000000000001,
budget.LaBraM.2x.G_BA,Cho2017,29,55.00000000000001,
budget.LaBraM.2x.G_BA,Cho2017,30,70.60000000000001,
budget.LaBraM.2x.G_BA,Cho2017,31,54.800000000000004,
budget.LaBraM.2x.G_BA,Cho2017,32,52.2,
budget.LaBraM.2x.G_BA,Cho2017,33,58.00000000000001,
budget.LaBraM.2x.G_BA,Cho2017,34,51.2,
budget.LaBraM.2x.G_BA,Cho2017,35,47.4,
budget.LaBraM.2x.G_BA,Cho2017,36,53.800000000000004,
budget.LaBraM.2x.G_BA,Cho2017,37,87.6,
budget.LaBraM.2x.G_BA,Cho2017,38,51.0,
budget.LaBraM.2x.G_BA,Cho2017,39,56.400000000000006,
budget.LaBraM.2x.G_BA,Cho2017,40,52.2,
budget.LaBraM.2x.G_BA,Cho2017,41,55.800000000000004,
budget.LaBraM.2x.G_BA,Cho2017,42,54.400000000000006,
budget.LaBraM.2x.G_BA,Cho2017,43,97.2,
budget.LaBraM.2x.G_BA,Cho2017,44,90.8,
budget.LaBraM.2x.G_BA,Cho2017,45,51.800000000000004,
budget.LaBraM.2x.G_BA,Cho2017,46,57.49999999999999,
budget.LaBraM.2x.G_BA,Cho2017,47,82.2,
budget.LaBraM.2x.G_BA,Cho2017,48,52.6,
budget.LaBraM.2x.G_BA,Cho2017,49,97.2,
budget.LaBraM.2x.G_BA,Cho2017,50,93.8,
budget.LaBraM.2x.G_BA,Cho2017,51,52.800000000000004,
budget.LaBraM.2x.G_BA,Cho2017,52,53.800000000000004,
budget.LaBraM.2x.G_BA,Dreyer2023,1,90.83333333333334,
budget.LaBraM.2x.G_BA,Dreyer2023,2,77.66666666666666,
budget.LaBraM.2x.G_BA,Dreyer2023,3,84.5,
budget.LaBraM.2x.G_BA,Dreyer2023,5,91.33333333333333,
budget.LaBraM.2x.G_BA,Dreyer2023,6,87.33333333333334,
budget.LaBraM.2x.G_BA,Dreyer2023,7,97.33333333333334,
budget.LaBraM.2x.G_BA,Dreyer2023,8,85.66666666666667,
budget.LaBraM.2x.G_BA,Dreyer2023,10,90.33333333333331,
budget.LaBraM.2x.G_BA,Dreyer2023,11,64.83333333333333,
budget.LaBraM.2x.G_BA,Dreyer2023,12,89.33333333333333,
budget.LaBraM.2x.G_BA,Dreyer2023,13,72.5,
budget.LaBraM.2x.G_BA,Dreyer2023,14,87.16666666666667,
budget.LaBraM.2x.G_BA,Dreyer2023,15,92.33333333333333,
budget.LaBraM.2x.G_BA,Dreyer2023,16,86.0,
budget.LaBraM.2x.G_BA,Dreyer2023,18,95.16666666666664,
budget.LaBraM.2x.G_BA,Dreyer2023,19,92.33333333333336,
budget.LaBraM.2x.G_BA,Dreyer2023,20,96.83333333333334,
budget.LaBraM.2x.G_BA,Dreyer2023,21,92.16666666666666,
budget.LaBraM.2x.G_BA,Dreyer2023,22,93.83333333333333,
budget.LaBraM.2x.G_BA,Dreyer2023,23,81.5,
budget.LaBraM.2x.G_BA,Dreyer2023,24,92.33333333333336,
budget.LaBraM.2x.G_BA,Dreyer2023,25,71.0,
budget.LaBraM.2x.G_BA,Dreyer2023,26,82.33333333333334,
budget.LaBraM.2x.G_BA,Dreyer2023,27,85.16666666666669,
budget.LaBraM.2x.G_BA,Dreyer2023,28,90.5,
budget.LaBraM.2x.G_BA,Dreyer2023,30,74.5,
budget.LaBraM.2x.G_BA,Dreyer2023,31,88.5,
budget.LaBraM.2x.G_BA,Dreyer2023,32,89.49999999999999,
budget.LaBraM.2x.G_BA,Dreyer2023,33,77.16666666666667,
budget.LaBraM.2x.G_BA,Dreyer2023,34,79.66666666666666,
budget.LaBraM.2x.G_BA,Dreyer2023,35,77.33333333333333,
budget.LaBraM.2x.G_BA,Dreyer2023,36,88.33333333333331,
budget.LaBraM.2x.G_BA,Dreyer2023,37,71.83333333333334,
budget.LaBraM.2x.G_BA,Dreyer2023,38,89.49999999999999,
budget.LaBraM.2x.G_BA,Dreyer2023,39,96.5,
budget.LaBraM.2x.G_BA,Dreyer2023,40,82.41379310344827,
budget.LaBraM.2x.G_BA,Dreyer2023,42,73.5,
budget.LaBraM.2x.G_BA,Dreyer2023,43,94.0,
budget.LaBraM.2x.G_BA,Dreyer2023,44,74.16666666666666,
budget.LaBraM.2x.G_BA,Dreyer2023,45,78.0,
budget.LaBraM.2x.G_BA,Dreyer2023,46,75.83333333333333,
budget.LaBraM.2x.G_BA,Dreyer2023,47,93.66666666666667,
budget.LaBraM.2x.G_BA,Dreyer2023,48,70.83333333333334,
budget.LaBraM.2x.G_BA,Dreyer2023,49,81.33333333333333,
budget.LaBraM.2x.G_BA,Dreyer2023,50,69.16666666666667,
budget.LaBraM.2x.G_BA,Dreyer2023,51,80.83333333333333,
budget.LaBraM.2x.G_BA,Dreyer2023,52,77.33333333333331,
budget.LaBraM.2x.G_BA,Dreyer2023,53,81.5,
budget.LaBraM.2x.G_BA,Dreyer2023,54,78.83333333333333,
budget.LaBraM.2x.G_BA,Dreyer2023,55,94.83333333333333,
budget.LaBraM.2x.G_BA,Dreyer2023,56,96.5,
budget.LaBraM.2x.G_BA,Dreyer2023,57,70.0,
budget.LaBraM.2x.G_BA,Dreyer2023,58,93.16666666666666,
budget.LaBraM.2x.G_BA,Dreyer2023,59,83.24999999999999,
budget.LaBraM.2x.G_BA,Dreyer2023,60,87.16666666666667,
budget.LaBraM.2x.G_BA,Dreyer2023,61,89.33333333333333,
budget.LaBraM.2x.G_BA,Dreyer2023,62,82.83333333333334,
budget.LaBraM.2x.G_BA,Dreyer2023,63,75.83333333333334,
budget.LaBraM.2x.G_BA,Dreyer2023,64,73.66666666666666,
budget.LaBraM.2x.G_BA,Dreyer2023,65,88.16666666666666,
budget.LaBraM.2x.G_BA,Dreyer2023,66,81.5,
budget.LaBraM.2x.G_BA,Dreyer2023,67,92.66666666666664,
budget.LaBraM.2x.G_BA,Dreyer2023,68,76.33333333333334,
budget.LaBraM.2x.G_BA,Dreyer2023,69,87.66666666666667,
budget.LaBraM.2x.G_BA,Dreyer2023,70,74.33333333333334,
budget.LaBraM.2x.G_BA,Dreyer2023,71,85.33333333333333,
budget.LaBraM.2x.G_BA,Dreyer2023,72,82.16666666666667,
budget.LaBraM.2x.G_BA,Dreyer2023,73,81.16666666666667,
budget.LaBraM.2x.G_BA,Dreyer2023,74,67.16666666666666,
budget.LaBraM.2x.G_BA,Dreyer2023,75,85.50000000000001,
budget.LaBraM.2x.G_BA,Dreyer2023,76,89.49999999999999,
budget.LaBraM.2x.G_BA,Dreyer2023,77,81.66666666666667,
budget.LaBraM.2x.G_BA,Dreyer2023,80,65.5,
budget.LaBraM.2x.G_BA,Dreyer2023,81,86.66666666666666,
budget.LaBraM.2x.G_BA,Dreyer2023,82,94.33333333333334,
budget.LaBraM.2x.G_BA,Dreyer2023,83,66.33333333333333,
budget.LaBraM.2x.G_BA,Dreyer2023,84,88.16666666666666,
budget.LaBraM.2x.G_BA,Dreyer2023,85,76.0,
budget.LaBraM.2x.G_BA,Dreyer2023,86,85.16666666666669,
budget.LaBraM.2x.G_BA,Dreyer2023,87,81.16666666666667,
budget.LaBraM.2x.G_BA,PhysionetMI,1,93.33333333333333,
budget.LaBraM.2x.G_BA,PhysionetMI,2,89.46153846153845,
budget.LaBraM.2x.G_BA,PhysionetMI,3,93.03030303030305,
budget.LaBraM.2x.G_BA,PhysionetMI,4,85.53030303030302,
budget.LaBraM.2x.G_BA,PhysionetMI,5,59.01515151515151,
budget.LaBraM.2x.G_BA,PhysionetMI,6,93.33333333333333,
budget.LaBraM.2x.G_BA,PhysionetMI,7,97.5,
budget.LaBraM.2x.G_BA,PhysionetMI,8,77.42424242424242,
budget.LaBraM.2x.G_BA,PhysionetMI,9,93.07692307692308,
budget.LaBraM.2x.G_BA,PhysionetMI,10,73.30769230769232,
budget.LaBraM.2x.G_BA,PhysionetMI,11,77.95454545454545,
budget.LaBraM.2x.G_BA,PhysionetMI,12,83.93939393939395,
budget.LaBraM.2x.G_BA,PhysionetMI,13,79.69696969696972,
budget.LaBraM.2x.G_BA,PhysionetMI,14,69.24242424242424,
budget.LaBraM.2x.G_BA,PhysionetMI,15,100.0,
budget.LaBraM.2x.G_BA,PhysionetMI,16,62.34848484848485,
budget.LaBraM.2x.G_BA,PhysionetMI,17,82.27272727272727,
budget.LaBraM.2x.G_BA,PhysionetMI,18,100.0,
budget.LaBraM.2x.G_BA,PhysionetMI,19,85.75757575757575,
budget.LaBraM.2x.G_BA,PhysionetMI,20,92.72727272727273,
budget.LaBraM.2x.G_BA,PhysionetMI,21,78.48484848484848,
budget.LaBraM.2x.G_BA,PhysionetMI,22,100.0,
budget.LaBraM.2x.G_BA,PhysionetMI,23,77.46153846153845,
budget.LaBraM.2x.G_BA,PhysionetMI,24,68.63636363636363,
budget.LaBraM.2x.G_BA,PhysionetMI,25,70.9090909090909,
budget.LaBraM.2x.G_BA,PhysionetMI,26,56.53846153846154,
budget.LaBraM.2x.G_BA,PhysionetMI,27,87.87878787878786,
budget.LaBraM.2x.G_BA,PhysionetMI,28,73.63636363636364,
budget.LaBraM.2x.G_BA,PhysionetMI,29,84.62121212121212,
budget.LaBraM.2x.G_BA,PhysionetMI,30,86.06060606060606,
budget.LaBraM.2x.G_BA,PhysionetMI,31,86.43939393939395,
budget.LaBraM.2x.G_BA,PhysionetMI,32,99.0,
budget.LaBraM.2x.G_BA,PhysionetMI,33,89.0909090909091,
budget.LaBraM.2x.G_BA,PhysionetMI,34,76.46153846153845,
budget.LaBraM.2x.G_BA,PhysionetMI,35,87.72727272727273,
budget.LaBraM.2x.G_BA,PhysionetMI,36,90.6818181818182,
budget.LaBraM.2x.G_BA,PhysionetMI,37,74.16666666666666,
budget.LaBraM.2x.G_BA,PhysionetMI,38,58.71212121212122,
budget.LaBraM.2x.G_BA,PhysionetMI,39,73.93939393939395,
budget.LaBraM.2x.G_BA,PhysionetMI,40,100.0,
budget.LaBraM.2x.G_BA,PhysionetMI,41,96.69230769230768,
budget.LaBraM.2x.G_BA,PhysionetMI,42,82.5,
budget.LaBraM.2x.G_BA,PhysionetMI,43,86.66666666666669,
budget.LaBraM.2x.G_BA,PhysionetMI,44,90.6060606060606,
budget.LaBraM.2x.G_BA,PhysionetMI,45,66.21212121212122,
budget.LaBraM.2x.G_BA,PhysionetMI,46,75.90909090909092,
budget.LaBraM.2x.G_BA,PhysionetMI,47,71.21212121212122,
budget.LaBraM.2x.G_BA,PhysionetMI,48,95.83333333333334,
budget.LaBraM.2x.G_BA,PhysionetMI,49,91.28787878787878,
budget.LaBraM.2x.G_BA,PhysionetMI,50,66.81818181818183,
budget.LaBraM.2x.G_BA,PhysionetMI,51,81.21212121212122,
budget.LaBraM.2x.G_BA,PhysionetMI,52,90.23076923076924,
budget.LaBraM.2x.G_BA,PhysionetMI,53,93.63636363636364,
budget.LaBraM.2x.G_BA,PhysionetMI,54,90.6818181818182,
budget.LaBraM.2x.G_BA,PhysionetMI,55,92.5,
budget.LaBraM.2x.G_BA,PhysionetMI,56,88.86363636363637,
budget.LaBraM.2x.G_BA,PhysionetMI,57,100.0,
budget.LaBraM.2x.G_BA,PhysionetMI,58,79.84615384615384,
budget.LaBraM.2x.G_BA,PhysionetMI,59,66.51515151515152,
budget.LaBraM.2x.G_BA,PhysionetMI,60,93.3846153846154,
budget.LaBraM.2x.G_BA,PhysionetMI,61,97.27272727272728,
budget.LaBraM.2x.G_BA,PhysionetMI,62,95.75757575757574,
budget.LaBraM.2x.G_BA,PhysionetMI,63,78.1060606060606,
budget.LaBraM.2x.G_BA,PhysionetMI,64,80.68181818181819,
budget.LaBraM.2x.G_BA,PhysionetMI,65,97.34848484848484,
budget.LaBraM.2x.G_BA,PhysionetMI,66,72.19696969696969,
budget.LaBraM.2x.G_BA,PhysionetMI,67,73.25757575757576,
budget.LaBraM.2x.G_BA,PhysionetMI,68,85.53030303030305,
budget.LaBraM.2x.G_BA,PhysionetMI,69,89.53846153846155,
budget.LaBraM.2x.G_BA,PhysionetMI,70,98.25757575757575,
budget.LaBraM.2x.G_BA,PhysionetMI,71,91.36363636363636,
budget.LaBraM.2x.G_BA,PhysionetMI,72,98.33333333333331,
budget.LaBraM.2x.G_BA,PhysionetMI,73,81.28787878787878,
budget.LaBraM.2x.G_BA,PhysionetMI,74,79.62121212121211,
budget.LaBraM.2x.G_BA,PhysionetMI,75,80.0,
budget.LaBraM.2x.G_BA,PhysionetMI,76,67.27272727272727,
budget.LaBraM.2x.G_BA,PhysionetMI,77,74.24242424242425,
budget.LaBraM.2x.G_BA,PhysionetMI,78,67.42424242424242,
budget.LaBraM.2x.G_BA,PhysionetMI,79,80.15151515151516,
budget.LaBraM.2x.G_BA,PhysionetMI,80,78.0,
budget.LaBraM.2x.G_BA,PhysionetMI,81,88.18181818181819,
budget.LaBraM.2x.G_BA,PhysionetMI,82,84.31818181818181,
budget.LaBraM.2x.G_BA,PhysionetMI,83,64.3076923076923,
budget.LaBraM.2x.G_BA,PhysionetMI,84,95.68181818181817,
budget.LaBraM.2x.G_BA,PhysionetMI,85,90.45454545454544,
budget.LaBraM.2x.G_BA,PhysionetMI,86,95.69230769230768,
budget.LaBraM.2x.G_BA,PhysionetMI,87,67.87878787878788,
budget.LaBraM.2x.G_BA,PhysionetMI,90,93.25757575757576,
budget.LaBraM.2x.G_BA,PhysionetMI,91,86.89393939393939,
budget.LaBraM.2x.G_BA,PhysionetMI,93,77.5,
budget.LaBraM.2x.G_BA,PhysionetMI,94,79.84848484848484,
budget.LaBraM.2x.G_BA,PhysionetMI,95,69.30769230769232,
budget.LaBraM.2x.G_BA,PhysionetMI,96,93.33333333333333,
budget.LaBraM.2x.G_BA,PhysionetMI,97,84.84848484848484,
budget.LaBraM.2x.G_BA,PhysionetMI,98,52.575757575757564,
budget.LaBraM.2x.G_BA,PhysionetMI,99,74.54545454545455,
budget.LaBraM.2x.G_BA,PhysionetMI,101,95.38461538461537,
budget.LaBraM.2x.G_BA,PhysionetMI,102,80.45454545454544,
budget.LaBraM.2x.G_BA,PhysionetMI,103,89.0909090909091,
budget.LaBraM.2x.G_BA,PhysionetMI,105,96.66666666666666,
budget.LaBraM.2x.G_BA,PhysionetMI,107,55.53030303030303,
budget.LaBraM.2x.G_BA,PhysionetMI,108,81.21212121212122,
budget.LaBraM.2x.G_BA,PhysionetMI,109,53.63636363636364,
budget.LaBraM.4x.own_gain,Cho2017,1,9.99999999999999,
budget.LaBraM.4x.own_gain,Cho2017,2,4.2,
budget.LaBraM.4x.own_gain,Cho2017,3,15.99999999999999,
budget.LaBraM.4x.own_gain,Cho2017,4,5.59999999999999,
budget.LaBraM.4x.own_gain,Cho2017,5,12.599999999999989,
budget.LaBraM.4x.own_gain,Cho2017,6,4.2,
budget.LaBraM.4x.own_gain,Cho2017,7,0.83333333333333,
budget.LaBraM.4x.own_gain,Cho2017,8,3.8,
budget.LaBraM.4x.own_gain,Cho2017,9,0.8333333333333199,
budget.LaBraM.4x.own_gain,Cho2017,10,3.5999999999999996,
budget.LaBraM.4x.own_gain,Cho2017,11,7.8,
budget.LaBraM.4x.own_gain,Cho2017,12,8.19999999999999,
budget.LaBraM.4x.own_gain,Cho2017,13,31.19999999999999,
budget.LaBraM.4x.own_gain,Cho2017,14,16.19999999999999,
budget.LaBraM.4x.own_gain,Cho2017,15,-3.5999999999999996,
budget.LaBraM.4x.own_gain,Cho2017,16,5.4,
budget.LaBraM.4x.own_gain,Cho2017,17,9.79999999999999,
budget.LaBraM.4x.own_gain,Cho2017,18,3.99999999999999,
budget.LaBraM.4x.own_gain,Cho2017,19,3.79999999999999,
budget.LaBraM.4x.own_gain,Cho2017,20,9.19999999999999,
budget.LaBraM.4x.own_gain,Cho2017,21,2.0,
budget.LaBraM.4x.own_gain,Cho2017,22,8.79999999999999,
budget.LaBraM.4x.own_gain,Cho2017,23,1.7999999999999998,
budget.LaBraM.4x.own_gain,Cho2017,24,0.8,
budget.LaBraM.4x.own_gain,Cho2017,25,5.199999999999981,
budget.LaBraM.4x.own_gain,Cho2017,26,0.6,
budget.LaBraM.4x.own_gain,Cho2017,27,6.399999999999991,
budget.LaBraM.4x.own_gain,Cho2017,28,9.79999999999999,
budget.LaBraM.4x.own_gain,Cho2017,29,5.59999999999999,
budget.LaBraM.4x.own_gain,Cho2017,30,13.199999999999989,
budget.LaBraM.4x.own_gain,Cho2017,31,6.4,
budget.LaBraM.4x.own_gain,Cho2017,32,3.59999999999999,
budget.LaBraM.4x.own_gain,Cho2017,33,3.3999999999999897,
budget.LaBraM.4x.own_gain,Cho2017,34,2.5999999999999903,
budget.LaBraM.4x.own_gain,Cho2017,35,28.999999999999993,
budget.LaBraM.4x.own_gain,Cho2017,36,-0.6,
budget.LaBraM.4x.own_gain,Cho2017,37,3.3999999999999897,
budget.LaBraM.4x.own_gain,Cho2017,38,4.8,
budget.LaBraM.4x.own_gain,Cho2017,39,6.599999999999991,
budget.LaBraM.4x.own_gain,Cho2017,40,1.39999999999999,
budget.LaBraM.4x.own_gain,Cho2017,41,9.39999999999999,
budget.LaBraM.4x.own_gain,Cho2017,42,3.59999999999999,
budget.LaBraM.4x.own_gain,Cho2017,43,1.7999999999999998,
budget.LaBraM.4x.own_gain,Cho2017,44,0.8,
budget.LaBraM.4x.own_gain,Cho2017,45,0.39999999999999003,
budget.LaBraM.4x.own_gain,Cho2017,46,3.49999999999999,
budget.LaBraM.4x.own_gain,Cho2017,47,1.99999999999999,
budget.LaBraM.4x.own_gain,Cho2017,48,11.79999999999999,
budget.LaBraM.4x.own_gain,Cho2017,49,0.0,
budget.LaBraM.4x.own_gain,Cho2017,50,4.3999999999999995,
budget.LaBraM.4x.own_gain,Cho2017,51,4.59999999999999,
budget.LaBraM.4x.own_gain,Cho2017,52,7.39999999999999,
budget.LaBraM.4x.own_gain,Dreyer2023,1,0.49999999999999,
budget.LaBraM.4x.own_gain,Dreyer2023,2,3.8333333333333304,
budget.LaBraM.4x.own_gain,Dreyer2023,3,1.5,
budget.LaBraM.4x.own_gain,Dreyer2023,5,1.66666666666666,
budget.LaBraM.4x.own_gain,Dreyer2023,6,1.33333333333333,
budget.LaBraM.4x.own_gain,Dreyer2023,7,3.66666666666666,
budget.LaBraM.4x.own_gain,Dreyer2023,8,4.83333333333332,
budget.LaBraM.4x.own_gain,Dreyer2023,10,1.1666666666666599,
budget.LaBraM.4x.own_gain,Dreyer2023,11,15.666666666666659,
budget.LaBraM.4x.own_gain,Dreyer2023,12,0.6666666666666601,
budget.LaBraM.4x.own_gain,Dreyer2023,13,3.16666666666666,
budget.LaBraM.4x.own_gain,Dreyer2023,14,3.8333333333333197,
budget.LaBraM.4x.own_gain,Dreyer2023,15,2.4999999999999902,
budget.LaBraM.4x.own_gain,Dreyer2023,16,0.49999999999999,
budget.LaBraM.4x.own_gain,Dreyer2023,18,0.33333333333333004,
budget.LaBraM.4x.own_gain,Dreyer2023,19,5.66666666666666,
budget.LaBraM.4x.own_gain,Dreyer2023,20,0.83333333333333,
budget.LaBraM.4x.own_gain,Dreyer2023,21,1.49999999999999,
budget.LaBraM.4x.own_gain,Dreyer2023,22,0.16666666666666,
budget.LaBraM.4x.own_gain,Dreyer2023,23,2.99999999999999,
budget.LaBraM.4x.own_gain,Dreyer2023,24,2.5,
budget.LaBraM.4x.own_gain,Dreyer2023,25,5.49999999999999,
budget.LaBraM.4x.own_gain,Dreyer2023,26,8.33333333333332,
budget.LaBraM.4x.own_gain,Dreyer2023,27,3.99999999999999,
budget.LaBraM.4x.own_gain,Dreyer2023,28,1.16666666666667,
budget.LaBraM.4x.own_gain,Dreyer2023,30,2.83333333333333,
budget.LaBraM.4x.own_gain,Dreyer2023,31,6.66666666666666,
budget.LaBraM.4x.own_gain,Dreyer2023,32,3.33333333333333,
budget.LaBraM.4x.own_gain,Dreyer2023,33,1.5,
budget.LaBraM.4x.own_gain,Dreyer2023,34,1.49999999999999,
budget.LaBraM.4x.own_gain,Dreyer2023,35,3.33333333333333,
budget.LaBraM.4x.own_gain,Dreyer2023,36,1.0,
budget.LaBraM.4x.own_gain,Dreyer2023,37,8.49999999999999,
budget.LaBraM.4x.own_gain,Dreyer2023,38,3.99999999999999,
budget.LaBraM.4x.own_gain,Dreyer2023,39,2.0,
budget.LaBraM.4x.own_gain,Dreyer2023,40,2.5862068965517198,
budget.LaBraM.4x.own_gain,Dreyer2023,42,9.33333333333333,
budget.LaBraM.4x.own_gain,Dreyer2023,43,-0.16666666666666,
budget.LaBraM.4x.own_gain,Dreyer2023,44,3.33333333333332,
budget.LaBraM.4x.own_gain,Dreyer2023,45,2.33333333333333,
budget.LaBraM.4x.own_gain,Dreyer2023,46,6.66666666666666,
budget.LaBraM.4x.own_gain,Dreyer2023,47,1.8333333333333202,
budget.LaBraM.4x.own_gain,Dreyer2023,48,1.49999999999999,
budget.LaBraM.4x.own_gain,Dreyer2023,49,1.1666666666666599,
budget.LaBraM.4x.own_gain,Dreyer2023,50,1.1666666666666599,
budget.LaBraM.4x.own_gain,Dreyer2023,51,3.8333333333333304,
budget.LaBraM.4x.own_gain,Dreyer2023,52,2.83333333333333,
budget.LaBraM.4x.own_gain,Dreyer2023,53,1.8333333333333202,
budget.LaBraM.4x.own_gain,Dreyer2023,54,4.333333333333321,
budget.LaBraM.4x.own_gain,Dreyer2023,55,2.1666666666666603,
budget.LaBraM.4x.own_gain,Dreyer2023,56,1.0,
budget.LaBraM.4x.own_gain,Dreyer2023,57,3.16666666666666,
budget.LaBraM.4x.own_gain,Dreyer2023,58,0.16666666666666,
budget.LaBraM.4x.own_gain,Dreyer2023,59,-0.49999999999999,
budget.LaBraM.4x.own_gain,Dreyer2023,60,4.8333333333333295,
budget.LaBraM.4x.own_gain,Dreyer2023,61,1.99999999999999,
budget.LaBraM.4x.own_gain,Dreyer2023,62,0.16666666666665,
budget.LaBraM.4x.own_gain,Dreyer2023,63,4.333333333333321,
budget.LaBraM.4x.own_gain,Dreyer2023,64,10.83333333333332,
budget.LaBraM.4x.own_gain,Dreyer2023,65,2.66666666666666,
budget.LaBraM.4x.own_gain,Dreyer2023,66,5.66666666666666,
budget.LaBraM.4x.own_gain,Dreyer2023,67,1.66666666666666,
budget.LaBraM.4x.own_gain,Dreyer2023,68,0.83333333333333,
budget.LaBraM.4x.own_gain,Dreyer2023,69,1.1666666666666599,
budget.LaBraM.4x.own_gain,Dreyer2023,70,8.83333333333332,
budget.LaBraM.4x.own_gain,Dreyer2023,71,7.49999999999999,
budget.LaBraM.4x.own_gain,Dreyer2023,72,8.16666666666665,
budget.LaBraM.4x.own_gain,Dreyer2023,73,15.333333333333329,
budget.LaBraM.4x.own_gain,Dreyer2023,74,-1.97758476261356e-15,
budget.LaBraM.4x.own_gain,Dreyer2023,75,2.1666666666666603,
budget.LaBraM.4x.own_gain,Dreyer2023,76,2.1666666666666603,
budget.LaBraM.4x.own_gain,Dreyer2023,77,1.83333333333333,
budget.LaBraM.4x.own_gain,Dreyer2023,80,5.16666666666666,
budget.LaBraM.4x.own_gain,Dreyer2023,81,2.66666666666666,
budget.LaBraM.4x.own_gain,Dreyer2023,82,3.16666666666666,
budget.LaBraM.4x.own_gain,Dreyer2023,83,4.99999999999999,
budget.LaBraM.4x.own_gain,Dreyer2023,84,3.33333333333333,
budget.LaBraM.4x.own_gain,Dreyer2023,85,4.16666666666666,
budget.LaBraM.4x.own_gain,Dreyer2023,86,-0.33333333333332,
budget.LaBraM.4x.own_gain,Dreyer2023,87,-0.16666666666667,
budget.LaBraM.4x.own_gain,PhysionetMI,1,1.66666666666666,
budget.LaBraM.4x.own_gain,PhysionetMI,2,-0.23076923076923,
budget.LaBraM.4x.own_gain,PhysionetMI,3,0.0,
budget.LaBraM.4x.own_gain,PhysionetMI,4,11.96969696969696,
budget.LaBraM.4x.own_gain,PhysionetMI,5,9.99999999999999,
budget.LaBraM.4x.own_gain,PhysionetMI,6,-2.42424242424242,
budget.LaBraM.4x.own_gain,PhysionetMI,7,2.5,
budget.LaBraM.4x.own_gain,PhysionetMI,8,1.9696969696969597,
budget.LaBraM.4x.own_gain,PhysionetMI,9,-1.46153846153846,
budget.LaBraM.4x.own_gain,PhysionetMI,10,-0.38461538461538,
budget.LaBraM.4x.own_gain,PhysionetMI,11,-0.9848484848484799,
budget.LaBraM.4x.own_gain,PhysionetMI,12,1.59090909090909,
budget.LaBraM.4x.own_gain,PhysionetMI,13,6.1363636363636305,
budget.LaBraM.4x.own_gain,PhysionetMI,14,0.68181818181818,
budget.LaBraM.4x.own_gain,PhysionetMI,15,0.76923076923076,
budget.LaBraM.4x.own_gain,PhysionetMI,16,-5.37878787878787,
budget.LaBraM.4x.own_gain,PhysionetMI,17,11.74242424242424,
budget.LaBraM.4x.own_gain,PhysionetMI,18,0.0,
budget.LaBraM.4x.own_gain,PhysionetMI,19,1.21212121212121,
budget.LaBraM.4x.own_gain,PhysionetMI,20,5.45454545454545,
budget.LaBraM.4x.own_gain,PhysionetMI,21,-1.36363636363635,
budget.LaBraM.4x.own_gain,PhysionetMI,22,0.0,
budget.LaBraM.4x.own_gain,PhysionetMI,23,1.84615384615384,
budget.LaBraM.4x.own_gain,PhysionetMI,24,-7.12121212121212,
budget.LaBraM.4x.own_gain,PhysionetMI,25,-2.27272727272727,
budget.LaBraM.4x.own_gain,PhysionetMI,26,-0.15384615384613998,
budget.LaBraM.4x.own_gain,PhysionetMI,27,0.22727272727272002,
budget.LaBraM.4x.own_gain,PhysionetMI,28,0.68181818181817,
budget.LaBraM.4x.own_gain,PhysionetMI,29,12.34848484848484,
budget.LaBraM.4x.own_gain,PhysionetMI,30,8.181818181818171,
budget.LaBraM.4x.own_gain,PhysionetMI,31,1.66666666666666,
budget.LaBraM.4x.own_gain,PhysionetMI,32,0.0,
budget.LaBraM.4x.own_gain,PhysionetMI,33,-1.81818181818182,
budget.LaBraM.4x.own_gain,PhysionetMI,34,12.692307692307688,
budget.LaBraM.4x.own_gain,PhysionetMI,35,11.515151515151501,
budget.LaBraM.4x.own_gain,PhysionetMI,36,0.07575757575756001,
budget.LaBraM.4x.own_gain,PhysionetMI,37,10.68181818181818,
budget.LaBraM.4x.own_gain,PhysionetMI,38,4.46969696969696,
budget.LaBraM.4x.own_gain,PhysionetMI,39,2.27272727272727,
budget.LaBraM.4x.own_gain,PhysionetMI,40,1.66666666666666,
budget.LaBraM.4x.own_gain,PhysionetMI,41,-0.69230769230769,
budget.LaBraM.4x.own_gain,PhysionetMI,42,6.66666666666665,
budget.LaBraM.4x.own_gain,PhysionetMI,43,-0.3030303030303,
budget.LaBraM.4x.own_gain,PhysionetMI,44,-4.6212121212121104,
budget.LaBraM.4x.own_gain,PhysionetMI,45,-1.8939393939393898,
budget.LaBraM.4x.own_gain,PhysionetMI,46,-1.51515151515151,
budget.LaBraM.4x.own_gain,PhysionetMI,47,-2.6515151515151403,
budget.LaBraM.4x.own_gain,PhysionetMI,48,5.83333333333333,
budget.LaBraM.4x.own_gain,PhysionetMI,49,-0.07575757575757,
budget.LaBraM.4x.own_gain,PhysionetMI,50,13.25757575757575,
budget.LaBraM.4x.own_gain,PhysionetMI,51,0.75757575757575,
budget.LaBraM.4x.own_gain,PhysionetMI,52,5.99999999999999,
budget.LaBraM.4x.own_gain,PhysionetMI,53,0.15151515151514,
budget.LaBraM.4x.own_gain,PhysionetMI,54,-5.757575757575751,
budget.LaBraM.4x.own_gain,PhysionetMI,55,2.4999999999999902,
budget.LaBraM.4x.own_gain,PhysionetMI,56,4.09090909090909,
budget.LaBraM.4x.own_gain,PhysionetMI,57,-1.66666666666666,
budget.LaBraM.4x.own_gain,PhysionetMI,58,0.23076923076923,
budget.LaBraM.4x.own_gain,PhysionetMI,59,12.04545454545454,
budget.LaBraM.4x.own_gain,PhysionetMI,60,0.7692307692307699,
budget.LaBraM.4x.own_gain,PhysionetMI,61,0.9090909090909001,
budget.LaBraM.4x.own_gain,PhysionetMI,62,-0.9848484848484799,
budget.LaBraM.4x.own_gain,PhysionetMI,63,0.9848484848484799,
budget.LaBraM.4x.own_gain,PhysionetMI,64,0.07575757575757,
budget.LaBraM.4x.own_gain,PhysionetMI,65,-2.80303030303029,
budget.LaBraM.4x.own_gain,PhysionetMI,66,0.75757575757575,
budget.LaBraM.4x.own_gain,PhysionetMI,67,-4.84848484848484,
budget.LaBraM.4x.own_gain,PhysionetMI,68,-0.60606060606061,
budget.LaBraM.4x.own_gain,PhysionetMI,69,-7.46153846153846,
budget.LaBraM.4x.own_gain,PhysionetMI,70,0.83333333333333,
budget.LaBraM.4x.own_gain,PhysionetMI,71,3.4090909090909,
budget.LaBraM.4x.own_gain,PhysionetMI,72,-2.72727272727272,
budget.LaBraM.4x.own_gain,PhysionetMI,73,-2.27272727272727,
budget.LaBraM.4x.own_gain,PhysionetMI,74,2.5,
budget.LaBraM.4x.own_gain,PhysionetMI,75,0.6060606060606,
budget.LaBraM.4x.own_gain,PhysionetMI,76,2.42424242424242,
budget.LaBraM.4x.own_gain,PhysionetMI,77,-0.45454545454545003,
budget.LaBraM.4x.own_gain,PhysionetMI,78,0.9090909090909001,
budget.LaBraM.4x.own_gain,PhysionetMI,79,0.22727272727272002,
budget.LaBraM.4x.own_gain,PhysionetMI,80,0.76923076923076,
budget.LaBraM.4x.own_gain,PhysionetMI,81,-0.37878787878787,
budget.LaBraM.4x.own_gain,PhysionetMI,82,-4.69696969696969,
budget.LaBraM.4x.own_gain,PhysionetMI,83,1.07692307692307,
budget.LaBraM.4x.own_gain,PhysionetMI,84,-0.37878787878788,
budget.LaBraM.4x.own_gain,PhysionetMI,85,-0.9090909090909001,
budget.LaBraM.4x.own_gain,PhysionetMI,86,-1.46153846153846,
budget.LaBraM.4x.own_gain,PhysionetMI,87,-1.43939393939394,
budget.LaBraM.4x.own_gain,PhysionetMI,90,-0.9848484848484799,
budget.LaBraM.4x.own_gain,PhysionetMI,91,2.34848484848484,
budget.LaBraM.4x.own_gain,PhysionetMI,93,3.03030303030303,
budget.LaBraM.4x.own_gain,PhysionetMI,94,5.9090909090909,
budget.LaBraM.4x.own_gain,PhysionetMI,95,0.07692307692306999,
budget.LaBraM.4x.own_gain,PhysionetMI,96,3.4090909090909,
budget.LaBraM.4x.own_gain,PhysionetMI,97,-0.15151515151515,
budget.LaBraM.4x.own_gain,PhysionetMI,98,0.07575757575757,
budget.LaBraM.4x.own_gain,PhysionetMI,99,0.3030303030303,
budget.LaBraM.4x.own_gain,PhysionetMI,101,1.53846153846153,
budget.LaBraM.4x.own_gain,PhysionetMI,102,5.75757575757576,
budget.LaBraM.4x.own_gain,PhysionetMI,103,-9.54545454545454,
budget.LaBraM.4x.own_gain,PhysionetMI,105,1.66666666666666,
budget.LaBraM.4x.own_gain,PhysionetMI,107,-6.1363636363636305,
budget.LaBraM.4x.own_gain,PhysionetMI,108,4.99999999999999,
budget.LaBraM.4x.own_gain,PhysionetMI,109,-5.45454545454544,
budget.LaBraM.4x.upper_bound,Cho2017,1,7.67999999999999,
budget.LaBraM.4x.upper_bound,Cho2017,2,1.7000000000000002,
budget.LaBraM.4x.upper_bound,Cho2017,3,15.440000000000001,
budget.LaBraM.4x.upper_bound,Cho2017,4,7.9399999999999995,
budget.LaBraM.4x.upper_bound,Cho2017,5,7.7399999999999896,
budget.LaBraM.4x.upper_bound,Cho2017,6,2.9000000000000004,
budget.LaBraM.4x.upper_bound,Cho2017,7,-0.63333333333333,
budget.LaBraM.4x.upper_bound,Cho2017,8,4.019999999999991,
budget.LaBraM.4x.upper_bound,Cho2017,9,0.83333333333333,
budget.LaBraM.4x.upper_bound,Cho2017,10,5.83999999999999,
budget.LaBraM.4x.upper_bound,Cho2017,11,6.27999999999999,
budget.LaBraM.4x.upper_bound,Cho2017,12,7.039999999999989,
budget.LaBraM.4x.upper_bound,Cho2017,13,24.97999999999998,
budget.LaBraM.4x.upper_bound,Cho2017,14,14.2,
budget.LaBraM.4x.upper_bound,Cho2017,15,-1.49999999999999,
budget.LaBraM.4x.upper_bound,Cho2017,16,3.0199999999999902,
budget.LaBraM.4x.upper_bound,Cho2017,17,4.16,
budget.LaBraM.4x.upper_bound,Cho2017,18,3.4199999999999897,
budget.LaBraM.4x.upper_bound,Cho2017,19,4.89999999999999,
budget.LaBraM.4x.upper_bound,Cho2017,20,7.05999999999999,
budget.LaBraM.4x.upper_bound,Cho2017,21,3.35999999999999,
budget.LaBraM.4x.upper_bound,Cho2017,22,6.259999999999991,
budget.LaBraM.4x.upper_bound,Cho2017,23,1.68,
budget.LaBraM.4x.upper_bound,Cho2017,24,1.18,
budget.LaBraM.4x.upper_bound,Cho2017,25,4.019999999999991,
budget.LaBraM.4x.upper_bound,Cho2017,26,1.2,
budget.LaBraM.4x.upper_bound,Cho2017,27,1.78,
budget.LaBraM.4x.upper_bound,Cho2017,28,8.09999999999999,
budget.LaBraM.4x.upper_bound,Cho2017,29,5.4399999999999995,
budget.LaBraM.4x.upper_bound,Cho2017,30,10.679999999999989,
budget.LaBraM.4x.upper_bound,Cho2017,31,3.74,
budget.LaBraM.4x.upper_bound,Cho2017,32,2.9799999999999898,
budget.LaBraM.4x.upper_bound,Cho2017,33,0.3,
budget.LaBraM.4x.upper_bound,Cho2017,34,1.3,
budget.LaBraM.4x.upper_bound,Cho2017,35,29.099999999999998,
budget.LaBraM.4x.upper_bound,Cho2017,36,-1.1400000000000001,
budget.LaBraM.4x.upper_bound,Cho2017,37,1.13999999999999,
budget.LaBraM.4x.upper_bound,Cho2017,38,4.03999999999999,
budget.LaBraM.4x.upper_bound,Cho2017,39,5.05999999999999,
budget.LaBraM.4x.upper_bound,Cho2017,40,-0.21999999999998998,
budget.LaBraM.4x.upper_bound,Cho2017,41,8.919999999999991,
budget.LaBraM.4x.upper_bound,Cho2017,42,3.2800000000000002,
budget.LaBraM.4x.upper_bound,Cho2017,43,1.19999999999999,
budget.LaBraM.4x.upper_bound,Cho2017,44,1.4399999999999902,
budget.LaBraM.4x.upper_bound,Cho2017,45,1.48,
budget.LaBraM.4x.upper_bound,Cho2017,46,2.81666666666666,
budget.LaBraM.4x.upper_bound,Cho2017,47,0.95999999999999,
budget.LaBraM.4x.upper_bound,Cho2017,48,8.13999999999999,
budget.LaBraM.4x.upper_bound,Cho2017,49,0.15999999999998998,
budget.LaBraM.4x.upper_bound,Cho2017,50,2.73999999999999,
budget.LaBraM.4x.upper_bound,Cho2017,51,1.71999999999999,
budget.LaBraM.4x.upper_bound,Cho2017,52,5.13999999999999,
budget.LaBraM.4x.upper_bound,Dreyer2023,1,0.6666666666666601,
budget.LaBraM.4x.upper_bound,Dreyer2023,2,4.09999999999999,
budget.LaBraM.4x.upper_bound,Dreyer2023,3,1.58333333333333,
budget.LaBraM.4x.upper_bound,Dreyer2023,5,2.79999999999999,
budget.LaBraM.4x.upper_bound,Dreyer2023,6,1.2333333333333398,
budget.LaBraM.4x.upper_bound,Dreyer2023,7,2.6,
budget.LaBraM.4x.upper_bound,Dreyer2023,8,5.44999999999999,
budget.LaBraM.4x.upper_bound,Dreyer2023,10,2.6499999999999897,
budget.LaBraM.4x.upper_bound,Dreyer2023,11,17.41666666666666,
budget.LaBraM.4x.upper_bound,Dreyer2023,12,0.46666666666666,
budget.LaBraM.4x.upper_bound,Dreyer2023,13,3.1999999999999895,
budget.LaBraM.4x.upper_bound,Dreyer2023,14,3.13333333333332,
budget.LaBraM.4x.upper_bound,Dreyer2023,15,1.7166666666666601,
budget.LaBraM.4x.upper_bound,Dreyer2023,16,2.46666666666666,
budget.LaBraM.4x.upper_bound,Dreyer2023,18,0.48333333333332,
budget.LaBraM.4x.upper_bound,Dreyer2023,19,6.11666666666665,
budget.LaBraM.4x.upper_bound,Dreyer2023,20,1.38333333333333,
budget.LaBraM.4x.upper_bound,Dreyer2023,21,1.9333333333333198,
budget.LaBraM.4x.upper_bound,Dreyer2023,22,1.11666666666667,
budget.LaBraM.4x.upper_bound,Dreyer2023,23,5.41666666666666,
budget.LaBraM.4x.upper_bound,Dreyer2023,24,4.28333333333333,
budget.LaBraM.4x.upper_bound,Dreyer2023,25,5.38333333333333,
budget.LaBraM.4x.upper_bound,Dreyer2023,26,8.31666666666666,
budget.LaBraM.4x.upper_bound,Dreyer2023,27,3.98333333333332,
budget.LaBraM.4x.upper_bound,Dreyer2023,28,1.43333333333333,
budget.LaBraM.4x.upper_bound,Dreyer2023,30,2.56666666666666,
budget.LaBraM.4x.upper_bound,Dreyer2023,31,7.53333333333332,
budget.LaBraM.4x.upper_bound,Dreyer2023,32,3.88333333333331,
budget.LaBraM.4x.upper_bound,Dreyer2023,33,3.75,
budget.LaBraM.4x.upper_bound,Dreyer2023,34,2.24999999999999,
budget.LaBraM.4x.upper_bound,Dreyer2023,35,3.3000000000000003,
budget.LaBraM.4x.upper_bound,Dreyer2023,36,3.8333333333333304,
budget.LaBraM.4x.upper_bound,Dreyer2023,37,8.349999999999989,
budget.LaBraM.4x.upper_bound,Dreyer2023,38,5.43333333333333,
budget.LaBraM.4x.upper_bound,Dreyer2023,39,2.01666666666666,
budget.LaBraM.4x.upper_bound,Dreyer2023,40,3.3275862068965503,
budget.LaBraM.4x.upper_bound,Dreyer2023,42,10.133333333333331,
budget.LaBraM.4x.upper_bound,Dreyer2023,43,0.2,
budget.LaBraM.4x.upper_bound,Dreyer2023,44,2.09999999999999,
budget.LaBraM.4x.upper_bound,Dreyer2023,45,4.1999999999999895,
budget.LaBraM.4x.upper_bound,Dreyer2023,46,4.33333333333334,
budget.LaBraM.4x.upper_bound,Dreyer2023,47,3.79999999999999,
budget.LaBraM.4x.upper_bound,Dreyer2023,48,1.63333333333333,
budget.LaBraM.4x.upper_bound,Dreyer2023,49,3.2666666666666497,
budget.LaBraM.4x.upper_bound,Dreyer2023,50,2.76666666666666,
budget.LaBraM.4x.upper_bound,Dreyer2023,51,3.69999999999999,
budget.LaBraM.4x.upper_bound,Dreyer2023,52,4.76666666666666,
budget.LaBraM.4x.upper_bound,Dreyer2023,53,3.01666666666666,
budget.LaBraM.4x.upper_bound,Dreyer2023,54,6.849999999999989,
budget.LaBraM.4x.upper_bound,Dreyer2023,55,1.3,
budget.LaBraM.4x.upper_bound,Dreyer2023,56,2.6333333333333298,
budget.LaBraM.4x.upper_bound,Dreyer2023,57,1.96666666666666,
budget.LaBraM.4x.upper_bound,Dreyer2023,58,1.73333333333332,
budget.LaBraM.4x.upper_bound,Dreyer2023,59,3.3999999999999897,
budget.LaBraM.4x.upper_bound,Dreyer2023,60,3.8333333333333197,
budget.LaBraM.4x.upper_bound,Dreyer2023,61,3.05,
budget.LaBraM.4x.upper_bound,Dreyer2023,62,3.14999999999998,
budget.LaBraM.4x.upper_bound,Dreyer2023,63,4.94999999999998,
budget.LaBraM.4x.upper_bound,Dreyer2023,64,9.33333333333332,
budget.LaBraM.4x.upper_bound,Dreyer2023,65,6.89999999999999,
budget.LaBraM.4x.upper_bound,Dreyer2023,66,7.383333333333331,
budget.LaBraM.4x.upper_bound,Dreyer2023,67,2.9333333333333202,
budget.LaBraM.4x.upper_bound,Dreyer2023,68,2.91666666666665,
budget.LaBraM.4x.upper_bound,Dreyer2023,69,2.9166666666666603,
budget.LaBraM.4x.upper_bound,Dreyer2023,70,9.8,
budget.LaBraM.4x.upper_bound,Dreyer2023,71,6.9499999999999895,
budget.LaBraM.4x.upper_bound,Dreyer2023,72,7.433333333333319,
budget.LaBraM.4x.upper_bound,Dreyer2023,73,15.21666666666666,
budget.LaBraM.4x.upper_bound,Dreyer2023,74,2.23333333333332,
budget.LaBraM.4x.upper_bound,Dreyer2023,75,3.01666666666666,
budget.LaBraM.4x.upper_bound,Dreyer2023,76,2.96666666666666,
budget.LaBraM.4x.upper_bound,Dreyer2023,77,2.04999999999999,
budget.LaBraM.4x.upper_bound,Dreyer2023,80,5.91666666666666,
budget.LaBraM.4x.upper_bound,Dreyer2023,81,4.76666666666666,
budget.LaBraM.4x.upper_bound,Dreyer2023,82,4.74999999999998,
budget.LaBraM.4x.upper_bound,Dreyer2023,83,5.61666666666666,
budget.LaBraM.4x.upper_bound,Dreyer2023,84,3.5166666666666604,
budget.LaBraM.4x.upper_bound,Dreyer2023,85,4.09999999999999,
budget.LaBraM.4x.upper_bound,Dreyer2023,86,0.11666666666667,
budget.LaBraM.4x.upper_bound,Dreyer2023,87,0.51666666666666,
budget.LaBraM.4x.upper_bound,PhysionetMI,1,2.5984848484848397,
budget.LaBraM.4x.upper_bound,PhysionetMI,2,2.02307692307691,
budget.LaBraM.4x.upper_bound,PhysionetMI,3,4.18939393939394,
budget.LaBraM.4x.upper_bound,PhysionetMI,4,15.24242424242424,
budget.LaBraM.4x.upper_bound,PhysionetMI,5,5.09848484848484,
budget.LaBraM.4x.upper_bound,PhysionetMI,6,-1.9545454545454402,
budget.LaBraM.4x.upper_bound,PhysionetMI,7,1.52272727272726,
budget.LaBraM.4x.upper_bound,PhysionetMI,8,2.5075757575757502,
budget.LaBraM.4x.upper_bound,PhysionetMI,9,-1.16923076923077,
budget.LaBraM.4x.upper_bound,PhysionetMI,10,0.35384615384615,
budget.LaBraM.4x.upper_bound,PhysionetMI,11,2.4318181818181803,
budget.LaBraM.4x.upper_bound,PhysionetMI,12,3.2424242424242395,
budget.LaBraM.4x.upper_bound,PhysionetMI,13,6.681818181818181,
budget.LaBraM.4x.upper_bound,PhysionetMI,14,1.53787878787877,
budget.LaBraM.4x.upper_bound,PhysionetMI,15,1.89230769230768,
budget.LaBraM.4x.upper_bound,PhysionetMI,16,-2.84090909090908,
budget.LaBraM.4x.upper_bound,PhysionetMI,17,9.87878787878787,
budget.LaBraM.4x.upper_bound,PhysionetMI,18,0.75757575757575,
budget.LaBraM.4x.upper_bound,PhysionetMI,19,5.12121212121211,
budget.LaBraM.4x.upper_bound,PhysionetMI,20,6.62878787878787,
budget.LaBraM.4x.upper_bound,PhysionetMI,21,-0.10606060606059001,
budget.LaBraM.4x.upper_bound,PhysionetMI,22,0.59090909090909,
budget.LaBraM.4x.upper_bound,PhysionetMI,23,2.66153846153846,
budget.LaBraM.4x.upper_bound,PhysionetMI,24,-8.05303030303029,
budget.LaBraM.4x.upper_bound,PhysionetMI,25,1.18181818181818,
budget.LaBraM.4x.upper_bound,PhysionetMI,26,2.95384615384615,
budget.LaBraM.4x.upper_bound,PhysionetMI,27,3.6590909090909,
budget.LaBraM.4x.upper_bound,PhysionetMI,28,0.74242424242424,
budget.LaBraM.4x.upper_bound,PhysionetMI,29,9.393939393939391,
budget.LaBraM.4x.upper_bound,PhysionetMI,30,10.59090909090908,
budget.LaBraM.4x.upper_bound,PhysionetMI,31,2.78787878787878,
budget.LaBraM.4x.upper_bound,PhysionetMI,32,0.85384615384615,
budget.LaBraM.4x.upper_bound,PhysionetMI,33,-0.6136363636363601,
budget.LaBraM.4x.upper_bound,PhysionetMI,34,13.96923076923077,
budget.LaBraM.4x.upper_bound,PhysionetMI,35,15.522727272727261,
budget.LaBraM.4x.upper_bound,PhysionetMI,36,2.23484848484847,
budget.LaBraM.4x.upper_bound,PhysionetMI,37,12.01515151515151,
budget.LaBraM.4x.upper_bound,PhysionetMI,38,5.0681818181818095,
budget.LaBraM.4x.upper_bound,PhysionetMI,39,-0.64393939393939,
budget.LaBraM.4x.upper_bound,PhysionetMI,40,0.6666666666666601,
budget.LaBraM.4x.upper_bound,PhysionetMI,41,-0.09230769230769,
budget.LaBraM.4x.upper_bound,PhysionetMI,42,8.007575757575749,
budget.LaBraM.4x.upper_bound,PhysionetMI,43,2.12878787878788,
budget.LaBraM.4x.upper_bound,PhysionetMI,44,-2.83333333333332,
budget.LaBraM.4x.upper_bound,PhysionetMI,45,-1.4318181818181799,
budget.LaBraM.4x.upper_bound,PhysionetMI,46,-2.1666666666666603,
budget.LaBraM.4x.upper_bound,PhysionetMI,47,2.7803030303030303,
budget.LaBraM.4x.upper_bound,PhysionetMI,48,8.249999999999991,
budget.LaBraM.4x.upper_bound,PhysionetMI,49,1.98484848484848,
budget.LaBraM.4x.upper_bound,PhysionetMI,50,14.89393939393939,
budget.LaBraM.4x.upper_bound,PhysionetMI,51,4.19696969696969,
budget.LaBraM.4x.upper_bound,PhysionetMI,52,7.43076923076922,
budget.LaBraM.4x.upper_bound,PhysionetMI,53,2.77272727272726,
budget.LaBraM.4x.upper_bound,PhysionetMI,54,-3.8560606060605997,
budget.LaBraM.4x.upper_bound,PhysionetMI,55,2.9393939393939297,
budget.LaBraM.4x.upper_bound,PhysionetMI,56,7.46969696969696,
budget.LaBraM.4x.upper_bound,PhysionetMI,57,-0.0530303030303,
budget.LaBraM.4x.upper_bound,PhysionetMI,58,5.14615384615384,
budget.LaBraM.4x.upper_bound,PhysionetMI,59,9.64393939393939,
budget.LaBraM.4x.upper_bound,PhysionetMI,60,2.11538461538461,
budget.LaBraM.4x.upper_bound,PhysionetMI,61,3.24999999999999,
budget.LaBraM.4x.upper_bound,PhysionetMI,62,0.69696969696969,
budget.LaBraM.4x.upper_bound,PhysionetMI,63,5.45454545454545,
budget.LaBraM.4x.upper_bound,PhysionetMI,64,-2.71969696969696,
budget.LaBraM.4x.upper_bound,PhysionetMI,65,-0.59090909090909,
budget.LaBraM.4x.upper_bound,PhysionetMI,66,-0.86363636363635,
budget.LaBraM.4x.upper_bound,PhysionetMI,67,-2.5984848484848397,
budget.LaBraM.4x.upper_bound,PhysionetMI,68,0.06818181818181,
budget.LaBraM.4x.upper_bound,PhysionetMI,69,-3.05384615384615,
budget.LaBraM.4x.upper_bound,PhysionetMI,70,1.49242424242423,
budget.LaBraM.4x.upper_bound,PhysionetMI,71,4.75757575757575,
budget.LaBraM.4x.upper_bound,PhysionetMI,72,-0.53787878787878,
budget.LaBraM.4x.upper_bound,PhysionetMI,73,1.4318181818181799,
budget.LaBraM.4x.upper_bound,PhysionetMI,74,3.92424242424241,
budget.LaBraM.4x.upper_bound,PhysionetMI,75,0.39393939393939,
budget.LaBraM.4x.upper_bound,PhysionetMI,76,2.29545454545454,
budget.LaBraM.4x.upper_bound,PhysionetMI,77,1.5,
budget.LaBraM.4x.upper_bound,PhysionetMI,78,-0.42424242424242004,
budget.LaBraM.4x.upper_bound,PhysionetMI,79,3.4015151515151496,
budget.LaBraM.4x.upper_bound,PhysionetMI,80,3.8769230769230703,
budget.LaBraM.4x.upper_bound,PhysionetMI,81,3.96969696969696,
budget.LaBraM.4x.upper_bound,PhysionetMI,82,-1.41666666666666,
budget.LaBraM.4x.upper_bound,PhysionetMI,83,3.99999999999999,
budget.LaBraM.4x.upper_bound,PhysionetMI,84,1.28787878787878,
budget.LaBraM.4x.upper_bound,PhysionetMI,85,0.28030303030303,
budget.LaBraM.4x.upper_bound,PhysionetMI,86,0.81538461538461,
budget.LaBraM.4x.upper_bound,PhysionetMI,87,-1.8257575757575701,
budget.LaBraM.4x.upper_bound,PhysionetMI,90,0.5530303030303,
budget.LaBraM.4x.upper_bound,PhysionetMI,91,7.49999999999999,
budget.LaBraM.4x.upper_bound,PhysionetMI,93,2.7727272727272703,
budget.LaBraM.4x.upper_bound,PhysionetMI,94,5.29545454545454,
budget.LaBraM.4x.upper_bound,PhysionetMI,95,0.79230769230769,
budget.LaBraM.4x.upper_bound,PhysionetMI,96,3.34848484848484,
budget.LaBraM.4x.upper_bound,PhysionetMI,97,4.9999999999999805,
budget.LaBraM.4x.upper_bound,PhysionetMI,98,-0.96969696969696,
budget.LaBraM.4x.upper_bound,PhysionetMI,99,1.53787878787879,
budget.LaBraM.4x.upper_bound,PhysionetMI,101,4.15384615384614,
budget.LaBraM.4x.upper_bound,PhysionetMI,102,5.09090909090909,
budget.LaBraM.4x.upper_bound,PhysionetMI,103,-8.19696969696969,
budget.LaBraM.4x.upper_bound,PhysionetMI,105,3.58333333333333,
budget.LaBraM.4x.upper_bound,PhysionetMI,107,-4.35606060606061,
budget.LaBraM.4x.upper_bound,PhysionetMI,108,2.4621212121212,
budget.LaBraM.4x.upper_bound,PhysionetMI,109,-6.91666666666667,
budget.LaBraM.4x.G_BA,Cho2017,1,55.2,
budget.LaBraM.4x.G_BA,Cho2017,2,51.800000000000004,
budget.LaBraM.4x.G_BA,Cho2017,3,60.60000000000001,
budget.LaBraM.4x.G_BA,Cho2017,4,74.2,
budget.LaBraM.4x.G_BA,Cho2017,5,86.4,
budget.LaBraM.4x.G_BA,Cho2017,6,76.6,
budget.LaBraM.4x.G_BA,Cho2017,7,53.333333333333336,
budget.LaBraM.4x.G_BA,Cho2017,8,58.599999999999994,
budget.LaBraM.4x.G_BA,Cho2017,9,55.50000000000001,
budget.LaBraM.4x.G_BA,Cho2017,10,59.00000000000001,
budget.LaBraM.4x.G_BA,Cho2017,11,55.800000000000004,
budget.LaBraM.4x.G_BA,Cho2017,12,52.2,
budget.LaBraM.4x.G_BA,Cho2017,13,68.2,
budget.LaBraM.4x.G_BA,Cho2017,14,63.4,
budget.LaBraM.4x.G_BA,Cho2017,15,54.2,
budget.LaBraM.4x.G_BA,Cho2017,16,52.2,
budget.LaBraM.4x.G_BA,Cho2017,17,56.60000000000001,
budget.LaBraM.4x.G_BA,Cho2017,18,53.2,
budget.LaBraM.4x.G_BA,Cho2017,19,54.0,
budget.LaBraM.4x.G_BA,Cho2017,20,52.6,
budget.LaBraM.4x.G_BA,Cho2017,21,52.6,
budget.LaBraM.4x.G_BA,Cho2017,22,52.0,
budget.LaBraM.4x.G_BA,Cho2017,23,58.8,
budget.LaBraM.4x.G_BA,Cho2017,24,58.4,
budget.LaBraM.4x.G_BA,Cho2017,25,56.400000000000006,
budget.LaBraM.4x.G_BA,Cho2017,26,98.2,
budget.LaBraM.4x.G_BA,Cho2017,27,50.4,
budget.LaBraM.4x.G_BA,Cho2017,28,87.6,
budget.LaBraM.4x.G_BA,Cho2017,29,57.99999999999999,
budget.LaBraM.4x.G_BA,Cho2017,30,67.4,
budget.LaBraM.4x.G_BA,Cho2017,31,53.800000000000004,
budget.LaBraM.4x.G_BA,Cho2017,32,55.00000000000001,
budget.LaBraM.4x.G_BA,Cho2017,33,55.400000000000006,
budget.LaBraM.4x.G_BA,Cho2017,34,49.8,
budget.LaBraM.4x.G_BA,Cho2017,35,47.0,
budget.LaBraM.4x.G_BA,Cho2017,36,56.8,
budget.LaBraM.4x.G_BA,Cho2017,37,83.80000000000001,
budget.LaBraM.4x.G_BA,Cho2017,38,51.6,
budget.LaBraM.4x.G_BA,Cho2017,39,55.60000000000001,
budget.LaBraM.4x.G_BA,Cho2017,40,51.2,
budget.LaBraM.4x.G_BA,Cho2017,41,59.199999999999996,
budget.LaBraM.4x.G_BA,Cho2017,42,54.6,
budget.LaBraM.4x.G_BA,Cho2017,43,97.8,
budget.LaBraM.4x.G_BA,Cho2017,44,93.0,
budget.LaBraM.4x.G_BA,Cho2017,45,55.2,
budget.LaBraM.4x.G_BA,Cho2017,46,58.833333333333336,
budget.LaBraM.4x.G_BA,Cho2017,47,83.39999999999999,
budget.LaBraM.4x.G_BA,Cho2017,48,52.6,
budget.LaBraM.4x.G_BA,Cho2017,49,99.8,
budget.LaBraM.4x.G_BA,Cho2017,50,95.59999999999998,
budget.LaBraM.4x.G_BA,Cho2017,51,51.2,
budget.LaBraM.4x.G_BA,Cho2017,52,55.00000000000001,
budget.LaBraM.4x.G_BA,Dreyer2023,1,91.5,
budget.LaBraM.4x.G_BA,Dreyer2023,2,79.16666666666667,
budget.LaBraM.4x.G_BA,Dreyer2023,3,86.83333333333334,
budget.LaBraM.4x.G_BA,Dreyer2023,5,93.66666666666667,
budget.LaBraM.4x.G_BA,Dreyer2023,6,87.5,
budget.LaBraM.4x.G_BA,Dreyer2023,7,95.0,
budget.LaBraM.4x.G_BA,Dreyer2023,8,89.49999999999999,
budget.LaBraM.4x.G_BA,Dreyer2023,10,93.33333333333333,
budget.LaBraM.4x.G_BA,Dreyer2023,11,70.16666666666667,
budget.LaBraM.4x.G_BA,Dreyer2023,12,91.5,
budget.LaBraM.4x.G_BA,Dreyer2023,13,75.83333333333334,
budget.LaBraM.4x.G_BA,Dreyer2023,14,84.83333333333333,
budget.LaBraM.4x.G_BA,Dreyer2023,15,92.5,
budget.LaBraM.4x.G_BA,Dreyer2023,16,86.16666666666667,
budget.LaBraM.4x.G_BA,Dreyer2023,18,95.16666666666664,
budget.LaBraM.4x.G_BA,Dreyer2023,19,92.5,
budget.LaBraM.4x.G_BA,Dreyer2023,20,95.83333333333334,
budget.LaBraM.4x.G_BA,Dreyer2023,21,93.5,
budget.LaBraM.4x.G_BA,Dreyer2023,22,93.33333333333333,
budget.LaBraM.4x.G_BA,Dreyer2023,23,82.33333333333333,
budget.LaBraM.4x.G_BA,Dreyer2023,24,94.83333333333333,
budget.LaBraM.4x.G_BA,Dreyer2023,25,71.83333333333334,
budget.LaBraM.4x.G_BA,Dreyer2023,26,83.5,
budget.LaBraM.4x.G_BA,Dreyer2023,27,83.83333333333333,
budget.LaBraM.4x.G_BA,Dreyer2023,28,90.33333333333331,
budget.LaBraM.4x.G_BA,Dreyer2023,30,79.16666666666666,
budget.LaBraM.4x.G_BA,Dreyer2023,31,88.66666666666667,
budget.LaBraM.4x.G_BA,Dreyer2023,32,88.66666666666667,
budget.LaBraM.4x.G_BA,Dreyer2023,33,82.5,
budget.LaBraM.4x.G_BA,Dreyer2023,34,84.00000000000001,
budget.LaBraM.4x.G_BA,Dreyer2023,35,79.16666666666666,
budget.LaBraM.4x.G_BA,Dreyer2023,36,89.16666666666669,
budget.LaBraM.4x.G_BA,Dreyer2023,37,68.0,
budget.LaBraM.4x.G_BA,Dreyer2023,38,90.5,
budget.LaBraM.4x.G_BA,Dreyer2023,39,95.83333333333334,
budget.LaBraM.4x.G_BA,Dreyer2023,40,86.89655172413794,
budget.LaBraM.4x.G_BA,Dreyer2023,42,73.83333333333333,
budget.LaBraM.4x.G_BA,Dreyer2023,43,94.66666666666667,
budget.LaBraM.4x.G_BA,Dreyer2023,44,76.5,
budget.LaBraM.4x.G_BA,Dreyer2023,45,83.33333333333333,
budget.LaBraM.4x.G_BA,Dreyer2023,46,72.5,
budget.LaBraM.4x.G_BA,Dreyer2023,47,93.83333333333333,
budget.LaBraM.4x.G_BA,Dreyer2023,48,68.66666666666667,
budget.LaBraM.4x.G_BA,Dreyer2023,49,86.16666666666667,
budget.LaBraM.4x.G_BA,Dreyer2023,50,69.83333333333334,
budget.LaBraM.4x.G_BA,Dreyer2023,51,79.66666666666666,
budget.LaBraM.4x.G_BA,Dreyer2023,52,79.16666666666667,
budget.LaBraM.4x.G_BA,Dreyer2023,53,81.83333333333334,
budget.LaBraM.4x.G_BA,Dreyer2023,54,80.66666666666666,
budget.LaBraM.4x.G_BA,Dreyer2023,55,94.33333333333334,
budget.LaBraM.4x.G_BA,Dreyer2023,56,96.5,
budget.LaBraM.4x.G_BA,Dreyer2023,57,70.16666666666667,
budget.LaBraM.4x.G_BA,Dreyer2023,58,96.83333333333334,
budget.LaBraM.4x.G_BA,Dreyer2023,59,87.99999999999999,
budget.LaBraM.4x.G_BA,Dreyer2023,60,86.0,
budget.LaBraM.4x.G_BA,Dreyer2023,61,90.5,
budget.LaBraM.4x.G_BA,Dreyer2023,62,82.5,
budget.LaBraM.4x.G_BA,Dreyer2023,63,79.16666666666666,
budget.LaBraM.4x.G_BA,Dreyer2023,64,76.83333333333333,
budget.LaBraM.4x.G_BA,Dreyer2023,65,88.16666666666666,
budget.LaBraM.4x.G_BA,Dreyer2023,66,78.66666666666666,
budget.LaBraM.4x.G_BA,Dreyer2023,67,91.5,
budget.LaBraM.4x.G_BA,Dreyer2023,68,79.5,
budget.LaBraM.4x.G_BA,Dreyer2023,69,87.33333333333334,
budget.LaBraM.4x.G_BA,Dreyer2023,70,75.50000000000001,
budget.LaBraM.4x.G_BA,Dreyer2023,71,81.66666666666667,
budget.LaBraM.4x.G_BA,Dreyer2023,72,83.66666666666667,
budget.LaBraM.4x.G_BA,Dreyer2023,73,71.83333333333334,
budget.LaBraM.4x.G_BA,Dreyer2023,74,75.0,
budget.LaBraM.4x.G_BA,Dreyer2023,75,83.5,
budget.LaBraM.4x.G_BA,Dreyer2023,76,89.66666666666667,
budget.LaBraM.4x.G_BA,Dreyer2023,77,85.50000000000001,
budget.LaBraM.4x.G_BA,Dreyer2023,80,71.33333333333333,
budget.LaBraM.4x.G_BA,Dreyer2023,81,85.33333333333333,
budget.LaBraM.4x.G_BA,Dreyer2023,82,93.33333333333333,
budget.LaBraM.4x.G_BA,Dreyer2023,83,71.0,
budget.LaBraM.4x.G_BA,Dreyer2023,84,84.83333333333334,
budget.LaBraM.4x.G_BA,Dreyer2023,85,75.66666666666666,
budget.LaBraM.4x.G_BA,Dreyer2023,86,85.50000000000001,
budget.LaBraM.4x.G_BA,Dreyer2023,87,80.5,
budget.LaBraM.4x.G_BA,PhysionetMI,1,91.5909090909091,
budget.LaBraM.4x.G_BA,PhysionetMI,2,91.46153846153848,
budget.LaBraM.4x.G_BA,PhysionetMI,3,93.7878787878788,
budget.LaBraM.4x.G_BA,PhysionetMI,4,79.0909090909091,
budget.LaBraM.4x.G_BA,PhysionetMI,5,49.39393939393939,
budget.LaBraM.4x.G_BA,PhysionetMI,6,90.6060606060606,
budget.LaBraM.4x.G_BA,PhysionetMI,7,97.5,
budget.LaBraM.4x.G_BA,PhysionetMI,8,76.43939393939394,
budget.LaBraM.4x.G_BA,PhysionetMI,9,87.53846153846155,
budget.LaBraM.4x.G_BA,PhysionetMI,10,70.61538461538461,
budget.LaBraM.4x.G_BA,PhysionetMI,11,86.06060606060606,
budget.LaBraM.4x.G_BA,PhysionetMI,12,86.43939393939395,
budget.LaBraM.4x.G_BA,PhysionetMI,13,75.9090909090909,
budget.LaBraM.4x.G_BA,PhysionetMI,14,65.6060606060606,
budget.LaBraM.4x.G_BA,PhysionetMI,15,99.23076923076924,
budget.LaBraM.4x.G_BA,PhysionetMI,16,71.28787878787878,
budget.LaBraM.4x.G_BA,PhysionetMI,17,76.81818181818181,
budget.LaBraM.4x.G_BA,PhysionetMI,18,100.0,
budget.LaBraM.4x.G_BA,PhysionetMI,19,84.77272727272727,
budget.LaBraM.4x.G_BA,PhysionetMI,20,92.72727272727273,
budget.LaBraM.4x.G_BA,PhysionetMI,21,76.89393939393939,
budget.LaBraM.4x.G_BA,PhysionetMI,22,100.0,
budget.LaBraM.4x.G_BA,PhysionetMI,23,75.23076923076924,
budget.LaBraM.4x.G_BA,PhysionetMI,24,67.95454545454545,
budget.LaBraM.4x.G_BA,PhysionetMI,25,70.15151515151516,
budget.LaBraM.4x.G_BA,PhysionetMI,26,62.46153846153846,
budget.LaBraM.4x.G_BA,PhysionetMI,27,87.57575757575758,
budget.LaBraM.4x.G_BA,PhysionetMI,28,74.54545454545455,
budget.LaBraM.4x.G_BA,PhysionetMI,29,77.27272727272727,
budget.LaBraM.4x.G_BA,PhysionetMI,30,83.03030303030303,
budget.LaBraM.4x.G_BA,PhysionetMI,31,92.34848484848483,
budget.LaBraM.4x.G_BA,PhysionetMI,32,99.0,
budget.LaBraM.4x.G_BA,PhysionetMI,33,92.42424242424242,
budget.LaBraM.4x.G_BA,PhysionetMI,34,80.23076923076923,
budget.LaBraM.4x.G_BA,PhysionetMI,35,81.59090909090911,
budget.LaBraM.4x.G_BA,PhysionetMI,36,93.86363636363636,
budget.LaBraM.4x.G_BA,PhysionetMI,37,76.66666666666666,
budget.LaBraM.4x.G_BA,PhysionetMI,38,57.045454545454554,
budget.LaBraM.4x.G_BA,PhysionetMI,39,72.04545454545455,
budget.LaBraM.4x.G_BA,PhysionetMI,40,98.33333333333334,
budget.LaBraM.4x.G_BA,PhysionetMI,41,92.07692307692308,
budget.LaBraM.4x.G_BA,PhysionetMI,42,87.5,
budget.LaBraM.4x.G_BA,PhysionetMI,43,89.84848484848484,
budget.LaBraM.4x.G_BA,PhysionetMI,44,91.36363636363636,
budget.LaBraM.4x.G_BA,PhysionetMI,45,75.0,
budget.LaBraM.4x.G_BA,PhysionetMI,46,75.0,
budget.LaBraM.4x.G_BA,PhysionetMI,47,77.34848484848484,
budget.LaBraM.4x.G_BA,PhysionetMI,48,94.16666666666667,
budget.LaBraM.4x.G_BA,PhysionetMI,49,89.84848484848484,
budget.LaBraM.4x.G_BA,PhysionetMI,50,65.07575757575758,
budget.LaBraM.4x.G_BA,PhysionetMI,51,84.69696969696969,
budget.LaBraM.4x.G_BA,PhysionetMI,52,89.0,
budget.LaBraM.4x.G_BA,PhysionetMI,53,97.27272727272728,
budget.LaBraM.4x.G_BA,PhysionetMI,54,94.01515151515152,
budget.LaBraM.4x.G_BA,PhysionetMI,55,87.34848484848484,
budget.LaBraM.4x.G_BA,PhysionetMI,56,87.1969696969697,
budget.LaBraM.4x.G_BA,PhysionetMI,57,99.16666666666666,
budget.LaBraM.4x.G_BA,PhysionetMI,58,83.61538461538463,
budget.LaBraM.4x.G_BA,PhysionetMI,59,63.71212121212121,
budget.LaBraM.4x.G_BA,PhysionetMI,60,91.53846153846156,
budget.LaBraM.4x.G_BA,PhysionetMI,61,96.36363636363636,
budget.LaBraM.4x.G_BA,PhysionetMI,62,97.5,
budget.LaBraM.4x.G_BA,PhysionetMI,63,77.34848484848484,
budget.LaBraM.4x.G_BA,PhysionetMI,64,73.10606060606061,
budget.LaBraM.4x.G_BA,PhysionetMI,65,96.43939393939395,
budget.LaBraM.4x.G_BA,PhysionetMI,66,71.13636363636363,
budget.LaBraM.4x.G_BA,PhysionetMI,67,75.83333333333333,
budget.LaBraM.4x.G_BA,PhysionetMI,68,84.69696969696969,
budget.LaBraM.4x.G_BA,PhysionetMI,69,87.07692307692308,
budget.LaBraM.4x.G_BA,PhysionetMI,70,97.5,
budget.LaBraM.4x.G_BA,PhysionetMI,71,87.80303030303031,
budget.LaBraM.4x.G_BA,PhysionetMI,72,98.25757575757575,
budget.LaBraM.4x.G_BA,PhysionetMI,73,85.75757575757576,
budget.LaBraM.4x.G_BA,PhysionetMI,74,81.28787878787878,
budget.LaBraM.4x.G_BA,PhysionetMI,75,77.5,
budget.LaBraM.4x.G_BA,PhysionetMI,76,66.36363636363637,
budget.LaBraM.4x.G_BA,PhysionetMI,77,69.31818181818181,
budget.LaBraM.4x.G_BA,PhysionetMI,78,58.25757575757575,
budget.LaBraM.4x.G_BA,PhysionetMI,79,83.25757575757576,
budget.LaBraM.4x.G_BA,PhysionetMI,80,82.53846153846155,
budget.LaBraM.4x.G_BA,PhysionetMI,81,90.15151515151516,
budget.LaBraM.4x.G_BA,PhysionetMI,82,85.30303030303031,
budget.LaBraM.4x.G_BA,PhysionetMI,83,64.53846153846155,
budget.LaBraM.4x.G_BA,PhysionetMI,84,93.25757575757576,
budget.LaBraM.4x.G_BA,PhysionetMI,85,91.28787878787878,
budget.LaBraM.4x.G_BA,PhysionetMI,86,96.69230769230768,
budget.LaBraM.4x.G_BA,PhysionetMI,87,71.13636363636363,
budget.LaBraM.4x.G_BA,PhysionetMI,90,89.01515151515153,
budget.LaBraM.4x.G_BA,PhysionetMI,91,87.12121212121211,
budget.LaBraM.4x.G_BA,PhysionetMI,93,78.18181818181819,
budget.LaBraM.4x.G_BA,PhysionetMI,94,78.25757575757576,
budget.LaBraM.4x.G_BA,PhysionetMI,95,66.0,
budget.LaBraM.4x.G_BA,PhysionetMI,96,89.0909090909091,
budget.LaBraM.4x.G_BA,PhysionetMI,97,89.46969696969698,
budget.LaBraM.4x.G_BA,PhysionetMI,98,46.666666666666664,
budget.LaBraM.4x.G_BA,PhysionetMI,99,72.12121212121212,
budget.LaBraM.4x.G_BA,PhysionetMI,101,97.69230769230771,
budget.LaBraM.4x.G_BA,PhysionetMI,102,72.95454545454545,
budget.LaBraM.4x.G_BA,PhysionetMI,103,92.95454545454544,
budget.LaBraM.4x.G_BA,PhysionetMI,105,98.33333333333331,
budget.LaBraM.4x.G_BA,PhysionetMI,107,64.0909090909091,
budget.LaBraM.4x.G_BA,PhysionetMI,108,78.1060606060606,
budget.LaBraM.4x.G_BA,PhysionetMI,109,54.848484848484844,
budget.LaBraM.4x_minus_1x,Cho2017,1,9.99999999999999,5.399999999999991
budget.LaBraM.4x_minus_1x,Cho2017,2,4.2,4.6
budget.LaBraM.4x_minus_1x,Cho2017,3,15.99999999999999,13.99999999999999
budget.LaBraM.4x_minus_1x,Cho2017,4,5.59999999999999,1.39999999999999
budget.LaBraM.4x_minus_1x,Cho2017,5,12.599999999999989,15.2
budget.LaBraM.4x_minus_1x,Cho2017,6,4.2,1.7999999999999998
budget.LaBraM.4x_minus_1x,Cho2017,7,0.83333333333333,3.16666666666666
budget.LaBraM.4x_minus_1x,Cho2017,8,3.8,5.59999999999999
budget.LaBraM.4x_minus_1x,Cho2017,9,0.8333333333333199,2.4999999999999902
budget.LaBraM.4x_minus_1x,Cho2017,10,3.5999999999999996,-0.2
budget.LaBraM.4x_minus_1x,Cho2017,11,7.8,1.7999999999999998
budget.LaBraM.4x_minus_1x,Cho2017,12,8.19999999999999,2.0
budget.LaBraM.4x_minus_1x,Cho2017,13,31.19999999999999,24.79999999999999
budget.LaBraM.4x_minus_1x,Cho2017,14,16.19999999999999,20.59999999999999
budget.LaBraM.4x_minus_1x,Cho2017,15,-3.5999999999999996,1.5999999999999899
budget.LaBraM.4x_minus_1x,Cho2017,16,5.4,0.4
budget.LaBraM.4x_minus_1x,Cho2017,17,9.79999999999999,10.59999999999999
budget.LaBraM.4x_minus_1x,Cho2017,18,3.99999999999999,3.8
budget.LaBraM.4x_minus_1x,Cho2017,19,3.79999999999999,1.6
budget.LaBraM.4x_minus_1x,Cho2017,20,9.19999999999999,8.599999999999989
budget.LaBraM.4x_minus_1x,Cho2017,21,2.0,1.79999999999999
budget.LaBraM.4x_minus_1x,Cho2017,22,8.79999999999999,-0.7999999999999899
budget.LaBraM.4x_minus_1x,Cho2017,23,1.7999999999999998,4.2
budget.LaBraM.4x_minus_1x,Cho2017,24,0.8,1.6
budget.LaBraM.4x_minus_1x,Cho2017,25,5.199999999999981,2.39999999999999
budget.LaBraM.4x_minus_1x,Cho2017,26,0.6,0.2
budget.LaBraM.4x_minus_1x,Cho2017,27,6.399999999999991,3.79999999999999
budget.LaBraM.4x_minus_1x,Cho2017,28,9.79999999999999,21.599999999999987
budget.LaBraM.4x_minus_1x,Cho2017,29,5.59999999999999,2.99999999999999
budget.LaBraM.4x_minus_1x,Cho2017,30,13.199999999999989,23.799999999999997
budget.LaBraM.4x_minus_1x,Cho2017,31,6.4,4.79999999999999
budget.LaBraM.4x_minus_1x,Cho2017,32,3.59999999999999,6.999999999999989
budget.LaBraM.4x_minus_1x,Cho2017,33,3.3999999999999897,-1.7999999999999998
budget.LaBraM.4x_minus_1x,Cho2017,34,2.5999999999999903,2.19999999999999
budget.LaBraM.4x_minus_1x,Cho2017,35,28.999999999999993,19.399999999999988
budget.LaBraM.4x_minus_1x,Cho2017,36,-0.6,4.0
budget.LaBraM.4x_minus_1x,Cho2017,37,3.3999999999999897,-1.6
budget.LaBraM.4x_minus_1x,Cho2017,38,4.8,1.7999999999999998
budget.LaBraM.4x_minus_1x,Cho2017,39,6.599999999999991,5.0
budget.LaBraM.4x_minus_1x,Cho2017,40,1.39999999999999,3.59999999999999
budget.LaBraM.4x_minus_1x,Cho2017,41,9.39999999999999,8.99999999999999
budget.LaBraM.4x_minus_1x,Cho2017,42,3.59999999999999,4.6
budget.LaBraM.4x_minus_1x,Cho2017,43,1.7999999999999998,2.8000000000000003
budget.LaBraM.4x_minus_1x,Cho2017,44,0.8,2.39999999999999
budget.LaBraM.4x_minus_1x,Cho2017,45,0.39999999999999003,3.8
budget.LaBraM.4x_minus_1x,Cho2017,46,3.49999999999999,-0.16666666666666
budget.LaBraM.4x_minus_1x,Cho2017,47,1.99999999999999,4.79999999999999
budget.LaBraM.4x_minus_1x,Cho2017,48,11.79999999999999,7.59999999999999
budget.LaBraM.4x_minus_1x,Cho2017,49,0.0,2.4
budget.LaBraM.4x_minus_1x,Cho2017,50,4.3999999999999995,0.8
budget.LaBraM.4x_minus_1x,Cho2017,51,4.59999999999999,2.6
budget.LaBraM.4x_minus_1x,Cho2017,52,7.39999999999999,3.5999999999999996
budget.LaBraM.4x_minus_1x,Dreyer2023,1,0.49999999999999,0.33333333333333004
budget.LaBraM.4x_minus_1x,Dreyer2023,2,3.8333333333333304,2.83333333333333
budget.LaBraM.4x_minus_1x,Dreyer2023,3,1.5,1.5
budget.LaBraM.4x_minus_1x,Dreyer2023,5,1.66666666666666,3.66666666666666
budget.LaBraM.4x_minus_1x,Dreyer2023,6,1.33333333333333,1.83333333333333
budget.LaBraM.4x_minus_1x,Dreyer2023,7,3.66666666666666,0.16666666666666
budget.LaBraM.4x_minus_1x,Dreyer2023,8,4.83333333333332,4.99999999999999
budget.LaBraM.4x_minus_1x,Dreyer2023,10,1.1666666666666599,-0.16666666666666
budget.LaBraM.4x_minus_1x,Dreyer2023,11,15.666666666666659,18.99999999999999
budget.LaBraM.4x_minus_1x,Dreyer2023,12,0.6666666666666601,0.16666666666666
budget.LaBraM.4x_minus_1x,Dreyer2023,13,3.16666666666666,1.99999999999999
budget.LaBraM.4x_minus_1x,Dreyer2023,14,3.8333333333333197,3.99999999999999
budget.LaBraM.4x_minus_1x,Dreyer2023,15,2.4999999999999902,3.16666666666666
budget.LaBraM.4x_minus_1x,Dreyer2023,16,0.49999999999999,0.16666666666666
budget.LaBraM.4x_minus_1x,Dreyer2023,18,0.33333333333333004,2.66666666666666
budget.LaBraM.4x_minus_1x,Dreyer2023,19,5.66666666666666,7.83333333333332
budget.LaBraM.4x_minus_1x,Dreyer2023,20,0.83333333333333,1.99999999999999
budget.LaBraM.4x_minus_1x,Dreyer2023,21,1.49999999999999,1.83333333333333
budget.LaBraM.4x_minus_1x,Dreyer2023,22,0.16666666666666,1.5
budget.LaBraM.4x_minus_1x,Dreyer2023,23,2.99999999999999,5.33333333333333
budget.LaBraM.4x_minus_1x,Dreyer2023,24,2.5,2.83333333333333
budget.LaBraM.4x_minus_1x,Dreyer2023,25,5.49999999999999,6.16666666666666
budget.LaBraM.4x_minus_1x,Dreyer2023,26,8.33333333333332,10.33333333333332
budget.LaBraM.4x_minus_1x,Dreyer2023,27,3.99999999999999,1.49999999999999
budget.LaBraM.4x_minus_1x,Dreyer2023,28,1.16666666666667,0.99999999999999
budget.LaBraM.4x_minus_1x,Dreyer2023,30,2.83333333333333,10.83333333333332
budget.LaBraM.4x_minus_1x,Dreyer2023,31,6.66666666666666,7.16666666666666
budget.LaBraM.4x_minus_1x,Dreyer2023,32,3.33333333333333,5.49999999999999
budget.LaBraM.4x_minus_1x,Dreyer2023,33,1.5,-2.66666666666666
budget.LaBraM.4x_minus_1x,Dreyer2023,34,1.49999999999999,1.99999999999999
budget.LaBraM.4x_minus_1x,Dreyer2023,35,3.33333333333333,3.16666666666666
budget.LaBraM.4x_minus_1x,Dreyer2023,36,1.0,-0.49999999999999
budget.LaBraM.4x_minus_1x,Dreyer2023,37,8.49999999999999,7.33333333333332
budget.LaBraM.4x_minus_1x,Dreyer2023,38,3.99999999999999,4.99999999999999
budget.LaBraM.4x_minus_1x,Dreyer2023,39,2.0,2.66666666666666
budget.LaBraM.4x_minus_1x,Dreyer2023,40,2.5862068965517198,2.41379310344827
budget.LaBraM.4x_minus_1x,Dreyer2023,42,9.33333333333333,9.33333333333332
budget.LaBraM.4x_minus_1x,Dreyer2023,43,-0.16666666666666,-2.0122792321330962e-15
budget.LaBraM.4x_minus_1x,Dreyer2023,44,3.33333333333332,2.3333333333333197
budget.LaBraM.4x_minus_1x,Dreyer2023,45,2.33333333333333,2.99999999999999
budget.LaBraM.4x_minus_1x,Dreyer2023,46,6.66666666666666,3.49999999999999
budget.LaBraM.4x_minus_1x,Dreyer2023,47,1.8333333333333202,2.99999999999999
budget.LaBraM.4x_minus_1x,Dreyer2023,48,1.49999999999999,-0.5
budget.LaBraM.4x_minus_1x,Dreyer2023,49,1.1666666666666599,4.333333333333321
budget.LaBraM.4x_minus_1x,Dreyer2023,50,1.1666666666666599,-0.16666666666666
budget.LaBraM.4x_minus_1x,Dreyer2023,51,3.8333333333333304,4.8333333333333295
budget.LaBraM.4x_minus_1x,Dreyer2023,52,2.83333333333333,-0.33333333333332
budget.LaBraM.4x_minus_1x,Dreyer2023,53,1.8333333333333202,2.1666666666666603
budget.LaBraM.4x_minus_1x,Dreyer2023,54,4.333333333333321,8.33333333333333
budget.LaBraM.4x_minus_1x,Dreyer2023,55,2.1666666666666603,2.4999999999999902
budget.LaBraM.4x_minus_1x,Dreyer2023,56,1.0,2.66666666666666
budget.LaBraM.4x_minus_1x,Dreyer2023,57,3.16666666666666,4.49999999999999
budget.LaBraM.4x_minus_1x,Dreyer2023,58,0.16666666666666,0.16666666666666
budget.LaBraM.4x_minus_1x,Dreyer2023,59,-0.49999999999999,4.74999999999999
budget.LaBraM.4x_minus_1x,Dreyer2023,60,4.8333333333333295,2.66666666666666
budget.LaBraM.4x_minus_1x,Dreyer2023,61,1.99999999999999,2.66666666666666
budget.LaBraM.4x_minus_1x,Dreyer2023,62,0.16666666666665,4.66666666666666
budget.LaBraM.4x_minus_1x,Dreyer2023,63,4.333333333333321,5.16666666666666
budget.LaBraM.4x_minus_1x,Dreyer2023,64,10.83333333333332,15.666666666666659
budget.LaBraM.4x_minus_1x,Dreyer2023,65,2.66666666666666,5.99999999999999
budget.LaBraM.4x_minus_1x,Dreyer2023,66,5.66666666666666,5.66666666666666
budget.LaBraM.4x_minus_1x,Dreyer2023,67,1.66666666666666,0.83333333333333
budget.LaBraM.4x_minus_1x,Dreyer2023,68,0.83333333333333,2.66666666666666
budget.LaBraM.4x_minus_1x,Dreyer2023,69,1.1666666666666599,-0.6666666666666601
budget.LaBraM.4x_minus_1x,Dreyer2023,70,8.83333333333332,9.499999999999991
budget.LaBraM.4x_minus_1x,Dreyer2023,71,7.49999999999999,3.99999999999999
budget.LaBraM.4x_minus_1x,Dreyer2023,72,8.16666666666665,9.499999999999991
budget.LaBraM.4x_minus_1x,Dreyer2023,73,15.333333333333329,14.66666666666666
budget.LaBraM.4x_minus_1x,Dreyer2023,74,-1.97758476261356e-15,2.5
budget.LaBraM.4x_minus_1x,Dreyer2023,75,2.1666666666666603,0.6666666666666601
budget.LaBraM.4x_minus_1x,Dreyer2023,76,2.1666666666666603,3.66666666666666
budget.LaBraM.4x_minus_1x,Dreyer2023,77,1.83333333333333,4.99999999999999
budget.LaBraM.4x_minus_1x,Dreyer2023,80,5.16666666666666,6.16666666666666
budget.LaBraM.4x_minus_1x,Dreyer2023,81,2.66666666666666,3.66666666666666
budget.LaBraM.4x_minus_1x,Dreyer2023,82,3.16666666666666,4.66666666666666
budget.LaBraM.4x_minus_1x,Dreyer2023,83,4.99999999999999,9.83333333333333
budget.LaBraM.4x_minus_1x,Dreyer2023,84,3.33333333333333,3.16666666666666
budget.LaBraM.4x_minus_1x,Dreyer2023,85,4.16666666666666,2.3333333333333197
budget.LaBraM.4x_minus_1x,Dreyer2023,86,-0.33333333333332,0.16666666666666
budget.LaBraM.4x_minus_1x,Dreyer2023,87,-0.16666666666667,4.33333333333333
budget.LaBraM.4x_minus_1x,PhysionetMI,1,1.66666666666666,3.33333333333332
budget.LaBraM.4x_minus_1x,PhysionetMI,2,-0.23076923076923,4.23076923076922
budget.LaBraM.4x_minus_1x,PhysionetMI,3,0.0,-0.83333333333333
budget.LaBraM.4x_minus_1x,PhysionetMI,4,11.96969696969696,8.257575757575749
budget.LaBraM.4x_minus_1x,PhysionetMI,5,9.99999999999999,1.96969696969697
budget.LaBraM.4x_minus_1x,PhysionetMI,6,-2.42424242424242,-0.45454545454544004
budget.LaBraM.4x_minus_1x,PhysionetMI,7,2.5,0.0
budget.LaBraM.4x_minus_1x,PhysionetMI,8,1.9696969696969597,1.06060606060605
budget.LaBraM.4x_minus_1x,PhysionetMI,9,-1.46153846153846,-3.84615384615384
budget.LaBraM.4x_minus_1x,PhysionetMI,10,-0.38461538461538,3.23076923076923
budget.LaBraM.4x_minus_1x,PhysionetMI,11,-0.9848484848484799,1.8181818181818101
budget.LaBraM.4x_minus_1x,PhysionetMI,12,1.59090909090909,2.42424242424242
budget.LaBraM.4x_minus_1x,PhysionetMI,13,6.1363636363636305,2.1969696969697
budget.LaBraM.4x_minus_1x,PhysionetMI,14,0.68181818181818,-1.13636363636363
budget.LaBraM.4x_minus_1x,PhysionetMI,15,0.76923076923076,0.76923076923076
budget.LaBraM.4x_minus_1x,PhysionetMI,16,-5.37878787878787,-0.3030303030303
budget.LaBraM.4x_minus_1x,PhysionetMI,17,11.74242424242424,5.5303030303030205
budget.LaBraM.4x_minus_1x,PhysionetMI,18,0.0,0.0
budget.LaBraM.4x_minus_1x,PhysionetMI,19,1.21212121212121,3.8636363636363495
budget.LaBraM.4x_minus_1x,PhysionetMI,20,5.45454545454545,1.8181818181818101
budget.LaBraM.4x_minus_1x,PhysionetMI,21,-1.36363636363635,10.83333333333332
budget.LaBraM.4x_minus_1x,PhysionetMI,22,0.0,0.0
budget.LaBraM.4x_minus_1x,PhysionetMI,23,1.84615384615384,-1.8461538461538503
budget.LaBraM.4x_minus_1x,PhysionetMI,24,-7.12121212121212,-1.66666666666666
budget.LaBraM.4x_minus_1x,PhysionetMI,25,-2.27272727272727,-5.5303030303030205
budget.LaBraM.4x_minus_1x,PhysionetMI,26,-0.15384615384613998,-1.3846153846153701
budget.LaBraM.4x_minus_1x,PhysionetMI,27,0.22727272727272002,1.96969696969697
budget.LaBraM.4x_minus_1x,PhysionetMI,28,0.68181818181817,4.46969696969696
budget.LaBraM.4x_minus_1x,PhysionetMI,29,12.34848484848484,4.77272727272727
budget.LaBraM.4x_minus_1x,PhysionetMI,30,8.181818181818171,3.1060606060606
budget.LaBraM.4x_minus_1x,PhysionetMI,31,1.66666666666666,2.57575757575757
budget.LaBraM.4x_minus_1x,PhysionetMI,32,0.0,1.0
budget.LaBraM.4x_minus_1x,PhysionetMI,33,-1.81818181818182,0.75757575757575
budget.LaBraM.4x_minus_1x,PhysionetMI,34,12.692307692307688,6.46153846153846
budget.LaBraM.4x_minus_1x,PhysionetMI,35,11.515151515151501,5.22727272727272
budget.LaBraM.4x_minus_1x,PhysionetMI,36,0.07575757575756001,0.83333333333333
budget.LaBraM.4x_minus_1x,PhysionetMI,37,10.68181818181818,17.27272727272727
budget.LaBraM.4x_minus_1x,PhysionetMI,38,4.46969696969696,-0.45454545454545003
budget.LaBraM.4x_minus_1x,PhysionetMI,39,2.27272727272727,1.59090909090909
budget.LaBraM.4x_minus_1x,PhysionetMI,40,1.66666666666666,0.0
budget.LaBraM.4x_minus_1x,PhysionetMI,41,-0.69230769230769,0.23076923076923
budget.LaBraM.4x_minus_1x,PhysionetMI,42,6.66666666666665,0.83333333333333
budget.LaBraM.4x_minus_1x,PhysionetMI,43,-0.3030303030303,0.45454545454545003
budget.LaBraM.4x_minus_1x,PhysionetMI,44,-4.6212121212121104,-2.95454545454545
budget.LaBraM.4x_minus_1x,PhysionetMI,45,-1.8939393939393898,-2.57575757575757
budget.LaBraM.4x_minus_1x,PhysionetMI,46,-1.51515151515151,-4.621212121212119
budget.LaBraM.4x_minus_1x,PhysionetMI,47,-2.6515151515151403,4.2424242424242395
budget.LaBraM.4x_minus_1x,PhysionetMI,48,5.83333333333333,2.5
budget.LaBraM.4x_minus_1x,PhysionetMI,49,-0.07575757575757,4.9242424242424105
budget.LaBraM.4x_minus_1x,PhysionetMI,50,13.25757575757575,8.56060606060605
budget.LaBraM.4x_minus_1x,PhysionetMI,51,0.75757575757575,6.36363636363636
budget.LaBraM.4x_minus_1x,PhysionetMI,52,5.99999999999999,4.23076923076922
budget.LaBraM.4x_minus_1x,PhysionetMI,53,0.15151515151514,0.9090909090909001
budget.LaBraM.4x_minus_1x,PhysionetMI,54,-5.757575757575751,0.75757575757575
budget.LaBraM.4x_minus_1x,PhysionetMI,55,2.4999999999999902,0.15151515151515
budget.LaBraM.4x_minus_1x,PhysionetMI,56,4.09090909090909,1.66666666666666
budget.LaBraM.4x_minus_1x,PhysionetMI,57,-1.66666666666666,-4.99999999999999
budget.LaBraM.4x_minus_1x,PhysionetMI,58,0.23076923076923,12.07692307692307
budget.LaBraM.4x_minus_1x,PhysionetMI,59,12.04545454545454,5.68181818181818
budget.LaBraM.4x_minus_1x,PhysionetMI,60,0.7692307692307699,2.76923076923076
budget.LaBraM.4x_minus_1x,PhysionetMI,61,0.9090909090909001,2.72727272727272
budget.LaBraM.4x_minus_1x,PhysionetMI,62,-0.9848484848484799,0.9090909090909001
budget.LaBraM.4x_minus_1x,PhysionetMI,63,0.9848484848484799,-1.74242424242423
budget.LaBraM.4x_minus_1x,PhysionetMI,64,0.07575757575757,-1.51515151515151
budget.LaBraM.4x_minus_1x,PhysionetMI,65,-2.80303030303029,-2.87878787878786
budget.LaBraM.4x_minus_1x,PhysionetMI,66,0.75757575757575,0.6060606060606
budget.LaBraM.4x_minus_1x,PhysionetMI,67,-4.84848484848484,-0.3030303030303
budget.LaBraM.4x_minus_1x,PhysionetMI,68,-0.60606060606061,-0.68181818181818
budget.LaBraM.4x_minus_1x,PhysionetMI,69,-7.46153846153846,-1.38461538461538
budget.LaBraM.4x_minus_1x,PhysionetMI,70,0.83333333333333,-1.66666666666666
budget.LaBraM.4x_minus_1x,PhysionetMI,71,3.4090909090909,3.33333333333333
budget.LaBraM.4x_minus_1x,PhysionetMI,72,-2.72727272727272,-1.7424242424242402
budget.LaBraM.4x_minus_1x,PhysionetMI,73,-2.27272727272727,-2.34848484848485
budget.LaBraM.4x_minus_1x,PhysionetMI,74,2.5,1.66666666666666
budget.LaBraM.4x_minus_1x,PhysionetMI,75,0.6060606060606,0.07575757575757
budget.LaBraM.4x_minus_1x,PhysionetMI,76,2.42424242424242,-3.7878787878787796
budget.LaBraM.4x_minus_1x,PhysionetMI,77,-0.45454545454545003,-1.96969696969697
budget.LaBraM.4x_minus_1x,PhysionetMI,78,0.9090909090909001,1.21212121212121
budget.LaBraM.4x_minus_1x,PhysionetMI,79,0.22727272727272002,3.33333333333333
budget.LaBraM.4x_minus_1x,PhysionetMI,80,0.76923076923076,5.769230769230759
budget.LaBraM.4x_minus_1x,PhysionetMI,81,-0.37878787878787,4.69696969696969
budget.LaBraM.4x_minus_1x,PhysionetMI,82,-4.69696969696969,0.75757575757575
budget.LaBraM.4x_minus_1x,PhysionetMI,83,1.07692307692307,0.3076923076923
budget.LaBraM.4x_minus_1x,PhysionetMI,84,-0.37878787878788,-2.6515151515151403
budget.LaBraM.4x_minus_1x,PhysionetMI,85,-0.9090909090909001,-2.57575757575757
budget.LaBraM.4x_minus_1x,PhysionetMI,86,-1.46153846153846,3.30769230769229
budget.LaBraM.4x_minus_1x,PhysionetMI,87,-1.43939393939394,4.92424242424242
budget.LaBraM.4x_minus_1x,PhysionetMI,90,-0.9848484848484799,4.92424242424242
budget.LaBraM.4x_minus_1x,PhysionetMI,91,2.34848484848484,3.63636363636363
budget.LaBraM.4x_minus_1x,PhysionetMI,93,3.03030303030303,6.43939393939393
budget.LaBraM.4x_minus_1x,PhysionetMI,94,5.9090909090909,1.7424242424242402
budget.LaBraM.4x_minus_1x,PhysionetMI,95,0.07692307692306999,0.76923076923076
budget.LaBraM.4x_minus_1x,PhysionetMI,96,3.4090909090909,0.0
budget.LaBraM.4x_minus_1x,PhysionetMI,97,-0.15151515151515,6.06060606060605
budget.LaBraM.4x_minus_1x,PhysionetMI,98,0.07575757575757,-1.59090909090909
budget.LaBraM.4x_minus_1x,PhysionetMI,99,0.3030303030303,-2.27272727272727
budget.LaBraM.4x_minus_1x,PhysionetMI,101,1.53846153846153,2.3076923076923
budget.LaBraM.4x_minus_1x,PhysionetMI,102,5.75757575757576,4.77272727272727
budget.LaBraM.4x_minus_1x,PhysionetMI,103,-9.54545454545454,-2.5
budget.LaBraM.4x_minus_1x,PhysionetMI,105,1.66666666666666,1.66666666666666
budget.LaBraM.4x_minus_1x,PhysionetMI,107,-6.1363636363636305,1.59090909090908
budget.LaBraM.4x_minus_1x,PhysionetMI,108,4.99999999999999,-0.07575757575757
budget.LaBraM.4x_minus_1x,PhysionetMI,109,-5.45454545454544,-4.0151515151515005
few.CBraMod.Cho.5,Cho2017,1,-2.99999999999999,
few.CBraMod.Cho.5,Cho2017,2,-0.6,
few.CBraMod.Cho.5,Cho2017,3,5.59999999999999,
few.CBraMod.Cho.5,Cho2017,4,-1.5999999999999899,
few.CBraMod.Cho.5,Cho2017,5,-0.6,
few.CBraMod.Cho.5,Cho2017,6,-1.4000000000000001,
few.CBraMod.Cho.5,Cho2017,7,-2.99999999999999,
few.CBraMod.Cho.5,Cho2017,8,-1.39999999999999,
few.CBraMod.Cho.5,Cho2017,9,1.5,
few.CBraMod.Cho.5,Cho2017,10,-2.39999999999999,
few.CBraMod.Cho.5,Cho2017,11,-2.5999999999999903,
few.CBraMod.Cho.5,Cho2017,12,-5.4,
few.CBraMod.Cho.5,Cho2017,13,-2.8000000000000003,
few.CBraMod.Cho.5,Cho2017,14,9.0,
few.CBraMod.Cho.5,Cho2017,15,2.0,
few.CBraMod.Cho.5,Cho2017,16,-4.59999999999998,
few.CBraMod.Cho.5,Cho2017,17,2.5999999999999903,
few.CBraMod.Cho.5,Cho2017,18,-9.39999999999999,
few.CBraMod.Cho.5,Cho2017,19,0.6,
few.CBraMod.Cho.5,Cho2017,20,-3.79999999999999,
few.CBraMod.Cho.5,Cho2017,21,0.8,
few.CBraMod.Cho.5,Cho2017,22,0.59999999999999,
few.CBraMod.Cho.5,Cho2017,23,-1.4000000000000001,
few.CBraMod.Cho.5,Cho2017,24,1.39999999999999,
few.CBraMod.Cho.5,Cho2017,25,-0.19999999999999,
few.CBraMod.Cho.5,Cho2017,26,0.0,
few.CBraMod.Cho.5,Cho2017,27,-2.39999999999999,
few.CBraMod.Cho.5,Cho2017,28,3.1999999999999895,
few.CBraMod.Cho.5,Cho2017,29,2.6,
few.CBraMod.Cho.5,Cho2017,30,-0.7999999999999899,
few.CBraMod.Cho.5,Cho2017,31,1.0,
few.CBraMod.Cho.5,Cho2017,32,-3.8,
few.CBraMod.Cho.5,Cho2017,33,-1.19999999999999,
few.CBraMod.Cho.5,Cho2017,34,4.79999999999999,
few.CBraMod.Cho.5,Cho2017,35,-3.59999999999999,
few.CBraMod.Cho.5,Cho2017,36,-1.0,
few.CBraMod.Cho.5,Cho2017,37,-0.8,
few.CBraMod.Cho.5,Cho2017,38,-3.8,
few.CBraMod.Cho.5,Cho2017,39,0.4,
few.CBraMod.Cho.5,Cho2017,40,0.6,
few.CBraMod.Cho.5,Cho2017,41,-3.3999999999999897,
few.CBraMod.Cho.5,Cho2017,42,-4.3999999999999995,
few.CBraMod.Cho.5,Cho2017,43,0.0,
few.CBraMod.Cho.5,Cho2017,44,2.6,
few.CBraMod.Cho.5,Cho2017,45,-0.2,
few.CBraMod.Cho.5,Cho2017,46,5.16666666666666,
few.CBraMod.Cho.5,Cho2017,47,-2.99999999999999,
few.CBraMod.Cho.5,Cho2017,48,0.4,
few.CBraMod.Cho.5,Cho2017,49,0.4,
few.CBraMod.Cho.5,Cho2017,50,3.79999999999999,
few.CBraMod.Cho.5,Cho2017,51,5.19999999999999,
few.CBraMod.Cho.5,Cho2017,52,-2.39999999999999,
few.CBraMod.Cho.10,Cho2017,1,2.79999999999999,
few.CBraMod.Cho.10,Cho2017,2,-1.4000000000000001,
few.CBraMod.Cho.10,Cho2017,3,10.59999999999999,
few.CBraMod.Cho.10,Cho2017,4,-0.19999999999999,
few.CBraMod.Cho.10,Cho2017,5,-0.6,
few.CBraMod.Cho.10,Cho2017,6,0.7999999999999899,
few.CBraMod.Cho.10,Cho2017,7,-1.49999999999999,
few.CBraMod.Cho.10,Cho2017,8,-0.99999999999999,
few.CBraMod.Cho.10,Cho2017,9,3.8333333333333304,
few.CBraMod.Cho.10,Cho2017,10,-1.0,
few.CBraMod.Cho.10,Cho2017,11,-2.39999999999999,
few.CBraMod.Cho.10,Cho2017,12,0.39999999999999003,
few.CBraMod.Cho.10,Cho2017,13,3.1999999999999895,
few.CBraMod.Cho.10,Cho2017,14,13.600000000000001,
few.CBraMod.Cho.10,Cho2017,15,-6.93889390390723e-17,
few.CBraMod.Cho.10,Cho2017,16,0.0,
few.CBraMod.Cho.10,Cho2017,17,-2.1999999999999997,
few.CBraMod.Cho.10,Cho2017,18,0.8,
few.CBraMod.Cho.10,Cho2017,19,-0.6,
few.CBraMod.Cho.10,Cho2017,20,-0.59999999999999,
few.CBraMod.Cho.10,Cho2017,21,1.99999999999999,
few.CBraMod.Cho.10,Cho2017,22,0.99999999999999,
few.CBraMod.Cho.10,Cho2017,23,0.7999999999999899,
few.CBraMod.Cho.10,Cho2017,24,3.2,
few.CBraMod.Cho.10,Cho2017,25,1.79999999999999,
few.CBraMod.Cho.10,Cho2017,26,0.4,
few.CBraMod.Cho.10,Cho2017,27,-4.1999999999999895,
few.CBraMod.Cho.10,Cho2017,28,6.799999999999989,
few.CBraMod.Cho.10,Cho2017,29,-2.0122792321330962e-15,
few.CBraMod.Cho.10,Cho2017,30,-6.19999999999999,
few.CBraMod.Cho.10,Cho2017,31,1.2,
few.CBraMod.Cho.10,Cho2017,32,-2.6,
few.CBraMod.Cho.10,Cho2017,33,-3.79999999999999,
few.CBraMod.Cho.10,Cho2017,34,4.39999999999999,
few.CBraMod.Cho.10,Cho2017,35,-2.8000000000000003,
few.CBraMod.Cho.10,Cho2017,36,1.19999999999999,
few.CBraMod.Cho.10,Cho2017,37,-0.39999999999999003,
few.CBraMod.Cho.10,Cho2017,38,-0.6,
few.CBraMod.Cho.10,Cho2017,39,1.2,
few.CBraMod.Cho.10,Cho2017,40,-3.1999999999999895,
few.CBraMod.Cho.10,Cho2017,41,-0.7999999999999899,
few.CBraMod.Cho.10,Cho2017,42,2.79999999999999,
few.CBraMod.Cho.10,Cho2017,43,0.0,
few.CBraMod.Cho.10,Cho2017,44,2.4,
few.CBraMod.Cho.10,Cho2017,45,-0.2,
few.CBraMod.Cho.10,Cho2017,46,5.33333333333332,
few.CBraMod.Cho.10,Cho2017,47,5.4,
few.CBraMod.Cho.10,Cho2017,48,1.79999999999999,
few.CBraMod.Cho.10,Cho2017,49,0.0,
few.CBraMod.Cho.10,Cho2017,50,3.59999999999999,
few.CBraMod.Cho.10,Cho2017,51,4.99999999999999,
few.CBraMod.Cho.10,Cho2017,52,4.39999999999999,
few.CBraMod.Cho.20,Cho2017,1,0.4,
few.CBraMod.Cho.20,Cho2017,2,-1.0,
few.CBraMod.Cho.20,Cho2017,3,18.4,
few.CBraMod.Cho.20,Cho2017,4,0.39999999999999003,
few.CBraMod.Cho.20,Cho2017,5,-0.6,
few.CBraMod.Cho.20,Cho2017,6,0.19999999999999,
few.CBraMod.Cho.20,Cho2017,7,1.49999999999999,
few.CBraMod.Cho.20,Cho2017,8,-0.39999999999999003,
few.CBraMod.Cho.20,Cho2017,9,5.49999999999999,
few.CBraMod.Cho.20,Cho2017,10,0.99999999999999,
few.CBraMod.Cho.20,Cho2017,11,-2.5999999999999903,
few.CBraMod.Cho.20,Cho2017,12,-0.2,
few.CBraMod.Cho.20,Cho2017,13,8.79999999999999,
few.CBraMod.Cho.20,Cho2017,14,17.39999999999999,
few.CBraMod.Cho.20,Cho2017,15,1.4000000000000001,
few.CBraMod.Cho.20,Cho2017,16,-3.99999999999999,
few.CBraMod.Cho.20,Cho2017,17,-1.79999999999999,
few.CBraMod.Cho.20,Cho2017,18,0.2,
few.CBraMod.Cho.20,Cho2017,19,-0.7999999999999899,
few.CBraMod.Cho.20,Cho2017,20,-2.79999999999999,
few.CBraMod.Cho.20,Cho2017,21,5.0,
few.CBraMod.Cho.20,Cho2017,22,-3.79999999999999,
few.CBraMod.Cho.20,Cho2017,23,-0.99999999999999,
few.CBraMod.Cho.20,Cho2017,24,4.8,
few.CBraMod.Cho.20,Cho2017,25,2.5999999999999903,
few.CBraMod.Cho.20,Cho2017,26,0.6,
few.CBraMod.Cho.20,Cho2017,27,-1.39999999999999,
few.CBraMod.Cho.20,Cho2017,28,8.19999999999999,
few.CBraMod.Cho.20,Cho2017,29,-2.39999999999999,
few.CBraMod.Cho.20,Cho2017,30,-5.99999999999999,
few.CBraMod.Cho.20,Cho2017,31,2.39999999999999,
few.CBraMod.Cho.20,Cho2017,32,-5.79999999999999,
few.CBraMod.Cho.20,Cho2017,33,-0.99999999999999,
few.CBraMod.Cho.20,Cho2017,34,-0.2,
few.CBraMod.Cho.20,Cho2017,35,-1.19999999999999,
few.CBraMod.Cho.20,Cho2017,36,-0.39999999999999003,
few.CBraMod.Cho.20,Cho2017,37,-0.8,
few.CBraMod.Cho.20,Cho2017,38,0.8,
few.CBraMod.Cho.20,Cho2017,39,3.3999999999999897,
few.CBraMod.Cho.20,Cho2017,40,-1.7999999999999998,
few.CBraMod.Cho.20,Cho2017,41,2.39999999999999,
few.CBraMod.Cho.20,Cho2017,42,-0.59999999999999,
few.CBraMod.Cho.20,Cho2017,43,0.0,
few.CBraMod.Cho.20,Cho2017,44,2.6,
few.CBraMod.Cho.20,Cho2017,45,-1.0,
few.CBraMod.Cho.20,Cho2017,46,3.33333333333333,
few.CBraMod.Cho.20,Cho2017,47,6.799999999999989,
few.CBraMod.Cho.20,Cho2017,48,1.39999999999999,
few.CBraMod.Cho.20,Cho2017,49,-3.99999999999999,
few.CBraMod.Cho.20,Cho2017,50,3.79999999999999,
few.CBraMod.Cho.20,Cho2017,51,4.79999999999999,
few.CBraMod.Cho.20,Cho2017,52,4.99999999999999,
few.CBraMod.Cho.40,Cho2017,1,1.7999999999999998,
few.CBraMod.Cho.40,Cho2017,2,0.4,
few.CBraMod.Cho.40,Cho2017,3,19.19999999999999,
few.CBraMod.Cho.40,Cho2017,4,2.19999999999999,
few.CBraMod.Cho.40,Cho2017,5,-0.6,
few.CBraMod.Cho.40,Cho2017,6,1.99999999999999,
few.CBraMod.Cho.40,Cho2017,7,1.33333333333333,
few.CBraMod.Cho.40,Cho2017,8,-0.39999999999999003,
few.CBraMod.Cho.40,Cho2017,9,5.99999999999999,
few.CBraMod.Cho.40,Cho2017,10,3.99999999999999,
few.CBraMod.Cho.40,Cho2017,11,-1.5999999999999899,
few.CBraMod.Cho.40,Cho2017,12,3.59999999999999,
few.CBraMod.Cho.40,Cho2017,13,11.99999999999998,
few.CBraMod.Cho.40,Cho2017,14,16.399999999999988,
few.CBraMod.Cho.40,Cho2017,15,2.99999999999999,
few.CBraMod.Cho.40,Cho2017,16,-1.6,
few.CBraMod.Cho.40,Cho2017,17,0.99999999999999,
few.CBraMod.Cho.40,Cho2017,18,1.19999999999999,
few.CBraMod.Cho.40,Cho2017,19,0.39999999999999003,
few.CBraMod.Cho.40,Cho2017,20,-1.79999999999999,
few.CBraMod.Cho.40,Cho2017,21,5.6000000000000005,
few.CBraMod.Cho.40,Cho2017,22,-1.7999999999999998,
few.CBraMod.Cho.40,Cho2017,23,0.6,
few.CBraMod.Cho.40,Cho2017,24,5.79999999999999,
few.CBraMod.Cho.40,Cho2017,25,1.2,
few.CBraMod.Cho.40,Cho2017,26,0.6,
few.CBraMod.Cho.40,Cho2017,27,-4.59999999999999,
few.CBraMod.Cho.40,Cho2017,28,10.999999999999991,
few.CBraMod.Cho.40,Cho2017,29,0.19999999999999,
few.CBraMod.Cho.40,Cho2017,30,-4.79999999999999,
few.CBraMod.Cho.40,Cho2017,31,4.39999999999999,
few.CBraMod.Cho.40,Cho2017,32,0.6,
few.CBraMod.Cho.40,Cho2017,33,-2.79999999999999,
few.CBraMod.Cho.40,Cho2017,34,-0.7999999999999899,
few.CBraMod.Cho.40,Cho2017,35,-6.799999999999989,
few.CBraMod.Cho.40,Cho2017,36,-5.59999999999999,
few.CBraMod.Cho.40,Cho2017,37,-0.8,
few.CBraMod.Cho.40,Cho2017,38,0.4,
few.CBraMod.Cho.40,Cho2017,39,2.5999999999999903,
few.CBraMod.Cho.40,Cho2017,40,-2.8000000000000003,
few.CBraMod.Cho.40,Cho2017,41,8.599999999999989,
few.CBraMod.Cho.40,Cho2017,42,-1.7999999999999998,
few.CBraMod.Cho.40,Cho2017,43,0.0,
few.CBraMod.Cho.40,Cho2017,44,2.1999999999999997,
few.CBraMod.Cho.40,Cho2017,45,2.0,
few.CBraMod.Cho.40,Cho2017,46,10.16666666666666,
few.CBraMod.Cho.40,Cho2017,47,6.599999999999991,
few.CBraMod.Cho.40,Cho2017,48,1.7999999999999998,
few.CBraMod.Cho.40,Cho2017,49,-4.39999999999999,
few.CBraMod.Cho.40,Cho2017,50,3.3999999999999897,
few.CBraMod.Cho.40,Cho2017,51,7.39999999999999,
few.CBraMod.Cho.40,Cho2017,52,5.19999999999999,
few.CBraMod.Dreyer.5,Dreyer2023,1,-1.0,
few.CBraMod.Dreyer.5,Dreyer2023,2,-4.16666666666666,
few.CBraMod.Dreyer.5,Dreyer2023,3,-9.16666666666666,
few.CBraMod.Dreyer.5,Dreyer2023,5,-7.666666666666661,
few.CBraMod.Dreyer.5,Dreyer2023,6,3.33333333333333,
few.CBraMod.Dreyer.5,Dreyer2023,7,-0.49999999999999,
few.CBraMod.Dreyer.5,Dreyer2023,8,3.66666666666666,
few.CBraMod.Dreyer.5,Dreyer2023,10,-4.66666666666666,
few.CBraMod.Dreyer.5,Dreyer2023,11,-3.49999999999999,
few.CBraMod.Dreyer.5,Dreyer2023,12,-0.33333333333333004,
few.CBraMod.Dreyer.5,Dreyer2023,13,-1.49999999999999,
few.CBraMod.Dreyer.5,Dreyer2023,14,-0.16666666666666,
few.CBraMod.Dreyer.5,Dreyer2023,15,-0.33333333333333004,
few.CBraMod.Dreyer.5,Dreyer2023,16,0.83333333333333,
few.CBraMod.Dreyer.5,Dreyer2023,18,1.66666666666666,
few.CBraMod.Dreyer.5,Dreyer2023,19,1.49999999999999,
few.CBraMod.Dreyer.5,Dreyer2023,20,1.0,
few.CBraMod.Dreyer.5,Dreyer2023,21,-0.49999999999999,
few.CBraMod.Dreyer.5,Dreyer2023,22,-8.49999999999999,
few.CBraMod.Dreyer.5,Dreyer2023,23,-1.83333333333333,
few.CBraMod.Dreyer.5,Dreyer2023,24,-4.16666666666666,
few.CBraMod.Dreyer.5,Dreyer2023,25,0.83333333333333,
few.CBraMod.Dreyer.5,Dreyer2023,26,1.33333333333333,
few.CBraMod.Dreyer.5,Dreyer2023,27,-0.33333333333333004,
few.CBraMod.Dreyer.5,Dreyer2023,28,2.99999999999999,
few.CBraMod.Dreyer.5,Dreyer2023,30,1.49999999999999,
few.CBraMod.Dreyer.5,Dreyer2023,31,-5.83333333333333,
few.CBraMod.Dreyer.5,Dreyer2023,32,2.4999999999999902,
few.CBraMod.Dreyer.5,Dreyer2023,33,-3.33333333333332,
few.CBraMod.Dreyer.5,Dreyer2023,34,1.33333333333333,
few.CBraMod.Dreyer.5,Dreyer2023,35,-0.99999999999999,
few.CBraMod.Dreyer.5,Dreyer2023,36,-4.8333333333333295,
few.CBraMod.Dreyer.5,Dreyer2023,37,-2.5,
few.CBraMod.Dreyer.5,Dreyer2023,38,-3.66666666666666,
few.CBraMod.Dreyer.5,Dreyer2023,39,0.16666666666666,
few.CBraMod.Dreyer.5,Dreyer2023,40,-2.0122792321330962e-15,
few.CBraMod.Dreyer.5,Dreyer2023,42,-1.66666666666666,
few.CBraMod.Dreyer.5,Dreyer2023,43,2.0,
few.CBraMod.Dreyer.5,Dreyer2023,44,2.83333333333333,
few.CBraMod.Dreyer.5,Dreyer2023,45,6.49999999999999,
few.CBraMod.Dreyer.5,Dreyer2023,46,-0.16666666666666,
few.CBraMod.Dreyer.5,Dreyer2023,47,-1.66666666666666,
few.CBraMod.Dreyer.5,Dreyer2023,48,1.0,
few.CBraMod.Dreyer.5,Dreyer2023,49,2.5,
few.CBraMod.Dreyer.5,Dreyer2023,50,-1.5,
few.CBraMod.Dreyer.5,Dreyer2023,51,1.66666666666666,
few.CBraMod.Dreyer.5,Dreyer2023,52,0.6666666666666601,
few.CBraMod.Dreyer.5,Dreyer2023,53,3.16666666666666,
few.CBraMod.Dreyer.5,Dreyer2023,54,2.33333333333333,
few.CBraMod.Dreyer.5,Dreyer2023,55,-1.99999999999999,
few.CBraMod.Dreyer.5,Dreyer2023,56,-4.66666666666666,
few.CBraMod.Dreyer.5,Dreyer2023,57,6.16666666666666,
few.CBraMod.Dreyer.5,Dreyer2023,58,-0.33333333333333004,
few.CBraMod.Dreyer.5,Dreyer2023,59,5.99999999999999,
few.CBraMod.Dreyer.5,Dreyer2023,60,0.99999999999999,
few.CBraMod.Dreyer.5,Dreyer2023,61,-3.0,
few.CBraMod.Dreyer.5,Dreyer2023,62,-2.5,
few.CBraMod.Dreyer.5,Dreyer2023,63,-0.33333333333333004,
few.CBraMod.Dreyer.5,Dreyer2023,64,1.99999999999999,
few.CBraMod.Dreyer.5,Dreyer2023,65,-1.33333333333333,
few.CBraMod.Dreyer.5,Dreyer2023,66,2.1666666666666603,
few.CBraMod.Dreyer.5,Dreyer2023,67,-0.33333333333333004,
few.CBraMod.Dreyer.5,Dreyer2023,68,-0.16666666666666,
few.CBraMod.Dreyer.5,Dreyer2023,69,-0.33333333333333004,
few.CBraMod.Dreyer.5,Dreyer2023,70,-3.49999999999999,
few.CBraMod.Dreyer.5,Dreyer2023,71,-1.5,
few.CBraMod.Dreyer.5,Dreyer2023,72,-0.33333333333333004,
few.CBraMod.Dreyer.5,Dreyer2023,73,6.49999999999999,
few.CBraMod.Dreyer.5,Dreyer2023,74,2.4999999999999902,
few.CBraMod.Dreyer.5,Dreyer2023,75,-0.16666666666666,
few.CBraMod.Dreyer.5,Dreyer2023,76,3.49999999999999,
few.CBraMod.Dreyer.5,Dreyer2023,77,-1.16666666666667,
few.CBraMod.Dreyer.5,Dreyer2023,80,-1.66666666666666,
few.CBraMod.Dreyer.5,Dreyer2023,81,-4.33333333333333,
few.CBraMod.Dreyer.5,Dreyer2023,82,-5.16666666666666,
few.CBraMod.Dreyer.5,Dreyer2023,83,-2.0816681711721685e-15,
few.CBraMod.Dreyer.5,Dreyer2023,84,-1.99999999999999,
few.CBraMod.Dreyer.5,Dreyer2023,85,-0.16666666666667,
few.CBraMod.Dreyer.5,Dreyer2023,86,-2.1666666666666603,
few.CBraMod.Dreyer.5,Dreyer2023,87,-0.66666666666667,
few.CBraMod.Dreyer.10,Dreyer2023,1,1.66666666666666,
few.CBraMod.Dreyer.10,Dreyer2023,2,-2.33333333333333,
few.CBraMod.Dreyer.10,Dreyer2023,3,-1.33333333333333,
few.CBraMod.Dreyer.10,Dreyer2023,5,-1.83333333333333,
few.CBraMod.Dreyer.10,Dreyer2023,6,2.1666666666666603,
few.CBraMod.Dreyer.10,Dreyer2023,7,-0.33333333333332,
few.CBraMod.Dreyer.10,Dreyer2023,8,4.33333333333333,
few.CBraMod.Dreyer.10,Dreyer2023,10,-0.99999999999999,
few.CBraMod.Dreyer.10,Dreyer2023,11,1.66666666666666,
few.CBraMod.Dreyer.10,Dreyer2023,12,0.33333333333333004,
few.CBraMod.Dreyer.10,Dreyer2023,13,-2.33333333333333,
few.CBraMod.Dreyer.10,Dreyer2023,14,2.66666666666666,
few.CBraMod.Dreyer.10,Dreyer2023,15,-0.5,
few.CBraMod.Dreyer.10,Dreyer2023,16,1.1666666666666599,
few.CBraMod.Dreyer.10,Dreyer2023,18,0.49999999999999,
few.CBraMod.Dreyer.10,Dreyer2023,19,2.4999999999999902,
few.CBraMod.Dreyer.10,Dreyer2023,20,1.33333333333333,
few.CBraMod.Dreyer.10,Dreyer2023,21,2.1666666666666603,
few.CBraMod.Dreyer.10,Dreyer2023,22,-11.83333333333333,
few.CBraMod.Dreyer.10,Dreyer2023,23,4.16666666666666,
few.CBraMod.Dreyer.10,Dreyer2023,24,-4.16666666666666,
few.CBraMod.Dreyer.10,Dreyer2023,25,-0.16666666666667,
few.CBraMod.Dreyer.10,Dreyer2023,26,1.8333333333333202,
few.CBraMod.Dreyer.10,Dreyer2023,27,-1.942890293094024e-15,
few.CBraMod.Dreyer.10,Dreyer2023,28,0.5,
few.CBraMod.Dreyer.10,Dreyer2023,30,0.83333333333333,
few.CBraMod.Dreyer.10,Dreyer2023,31,0.16666666666667,
few.CBraMod.Dreyer.10,Dreyer2023,32,1.83333333333333,
few.CBraMod.Dreyer.10,Dreyer2023,33,-2.1666666666666603,
few.CBraMod.Dreyer.10,Dreyer2023,34,2.66666666666666,
few.CBraMod.Dreyer.10,Dreyer2023,35,-0.99999999999999,
few.CBraMod.Dreyer.10,Dreyer2023,36,-3.16666666666666,
few.CBraMod.Dreyer.10,Dreyer2023,37,-0.49999999999999,
few.CBraMod.Dreyer.10,Dreyer2023,38,-4.99999999999999,
few.CBraMod.Dreyer.10,Dreyer2023,39,0.83333333333333,
few.CBraMod.Dreyer.10,Dreyer2023,40,0.17241379310344,
few.CBraMod.Dreyer.10,Dreyer2023,42,0.49999999999999,
few.CBraMod.Dreyer.10,Dreyer2023,43,1.1666666666666599,
few.CBraMod.Dreyer.10,Dreyer2023,44,1.66666666666666,
few.CBraMod.Dreyer.10,Dreyer2023,45,7.33333333333332,
few.CBraMod.Dreyer.10,Dreyer2023,46,-1.49999999999999,
few.CBraMod.Dreyer.10,Dreyer2023,47,-1.1666666666666599,
few.CBraMod.Dreyer.10,Dreyer2023,48,1.0,
few.CBraMod.Dreyer.10,Dreyer2023,49,-2.0,
few.CBraMod.Dreyer.10,Dreyer2023,50,-1.5,
few.CBraMod.Dreyer.10,Dreyer2023,51,0.83333333333333,
few.CBraMod.Dreyer.10,Dreyer2023,52,0.83333333333333,
few.CBraMod.Dreyer.10,Dreyer2023,53,-1.33333333333333,
few.CBraMod.Dreyer.10,Dreyer2023,54,1.33333333333333,
few.CBraMod.Dreyer.10,Dreyer2023,55,-2.1666666666666603,
few.CBraMod.Dreyer.10,Dreyer2023,56,-8.33333333333333,
few.CBraMod.Dreyer.10,Dreyer2023,57,5.99999999999999,
few.CBraMod.Dreyer.10,Dreyer2023,58,1.49999999999999,
few.CBraMod.Dreyer.10,Dreyer2023,59,-3.0,
few.CBraMod.Dreyer.10,Dreyer2023,60,-0.33333333333333004,
few.CBraMod.Dreyer.10,Dreyer2023,61,-1.33333333333333,
few.CBraMod.Dreyer.10,Dreyer2023,62,-1.1666666666666599,
few.CBraMod.Dreyer.10,Dreyer2023,63,-0.6666666666666601,
few.CBraMod.Dreyer.10,Dreyer2023,64,1.99999999999999,
few.CBraMod.Dreyer.10,Dreyer2023,65,1.1666666666666599,
few.CBraMod.Dreyer.10,Dreyer2023,66,-0.33333333333333004,
few.CBraMod.Dreyer.10,Dreyer2023,67,-0.33333333333333004,
few.CBraMod.Dreyer.10,Dreyer2023,68,0.6666666666666601,
few.CBraMod.Dreyer.10,Dreyer2023,69,0.49999999999999,
few.CBraMod.Dreyer.10,Dreyer2023,70,-2.83333333333333,
few.CBraMod.Dreyer.10,Dreyer2023,71,-0.16666666666667,
few.CBraMod.Dreyer.10,Dreyer2023,72,2.1666666666666603,
few.CBraMod.Dreyer.10,Dreyer2023,73,8.66666666666666,
few.CBraMod.Dreyer.10,Dreyer2023,74,-0.33333333333333004,
few.CBraMod.Dreyer.10,Dreyer2023,75,-1.5,
few.CBraMod.Dreyer.10,Dreyer2023,76,1.83333333333333,
few.CBraMod.Dreyer.10,Dreyer2023,77,-5.83333333333333,
few.CBraMod.Dreyer.10,Dreyer2023,80,1.49999999999999,
few.CBraMod.Dreyer.10,Dreyer2023,81,-2.0,
few.CBraMod.Dreyer.10,Dreyer2023,82,-4.333333333333321,
few.CBraMod.Dreyer.10,Dreyer2023,83,1.49999999999999,
few.CBraMod.Dreyer.10,Dreyer2023,84,1.5,
few.CBraMod.Dreyer.10,Dreyer2023,85,0.49999999999999,
few.CBraMod.Dreyer.10,Dreyer2023,86,1.99999999999999,
few.CBraMod.Dreyer.10,Dreyer2023,87,-3.66666666666666,
few.CBraMod.Dreyer.20,Dreyer2023,1,1.49999999999999,
few.CBraMod.Dreyer.20,Dreyer2023,2,-0.83333333333333,
few.CBraMod.Dreyer.20,Dreyer2023,3,-3.8333333333333304,
few.CBraMod.Dreyer.20,Dreyer2023,5,-0.83333333333333,
few.CBraMod.Dreyer.20,Dreyer2023,6,4.66666666666666,
few.CBraMod.Dreyer.20,Dreyer2023,7,-0.49999999999999,
few.CBraMod.Dreyer.20,Dreyer2023,8,4.66666666666666,
few.CBraMod.Dreyer.20,Dreyer2023,10,0.16666666666666,
few.CBraMod.Dreyer.20,Dreyer2023,11,2.4999999999999902,
few.CBraMod.Dreyer.20,Dreyer2023,12,1.49999999999999,
few.CBraMod.Dreyer.20,Dreyer2023,13,-1.33333333333333,
few.CBraMod.Dreyer.20,Dreyer2023,14,-0.33333333333332,
few.CBraMod.Dreyer.20,Dreyer2023,15,0.16666666666666,
few.CBraMod.Dreyer.20,Dreyer2023,16,1.99999999999999,
few.CBraMod.Dreyer.20,Dreyer2023,18,-0.5,
few.CBraMod.Dreyer.20,Dreyer2023,19,3.33333333333333,
few.CBraMod.Dreyer.20,Dreyer2023,20,0.16666666666666,
few.CBraMod.Dreyer.20,Dreyer2023,21,2.33333333333333,
few.CBraMod.Dreyer.20,Dreyer2023,22,-5.33333333333333,
few.CBraMod.Dreyer.20,Dreyer2023,23,3.33333333333333,
few.CBraMod.Dreyer.20,Dreyer2023,24,-4.16666666666666,
few.CBraMod.Dreyer.20,Dreyer2023,25,0.6666666666666601,
few.CBraMod.Dreyer.20,Dreyer2023,26,3.66666666666666,
few.CBraMod.Dreyer.20,Dreyer2023,27,1.3333333333333202,
few.CBraMod.Dreyer.20,Dreyer2023,28,-4.66666666666666,
few.CBraMod.Dreyer.20,Dreyer2023,30,0.99999999999999,
few.CBraMod.Dreyer.20,Dreyer2023,31,0.5,
few.CBraMod.Dreyer.20,Dreyer2023,32,2.4999999999999902,
few.CBraMod.Dreyer.20,Dreyer2023,33,-1.3333333333333202,
few.CBraMod.Dreyer.20,Dreyer2023,34,-2.0122792321330962e-15,
few.CBraMod.Dreyer.20,Dreyer2023,35,-5.66666666666665,
few.CBraMod.Dreyer.20,Dreyer2023,36,-1.33333333333333,
few.CBraMod.Dreyer.20,Dreyer2023,37,0.6666666666666601,
few.CBraMod.Dreyer.20,Dreyer2023,38,2.6666666666666496,
few.CBraMod.Dreyer.20,Dreyer2023,39,0.66666666666667,
few.CBraMod.Dreyer.20,Dreyer2023,40,-2.0122792321330962e-15,
few.CBraMod.Dreyer.20,Dreyer2023,42,1.49999999999999,
few.CBraMod.Dreyer.20,Dreyer2023,43,0.49999999999999,
few.CBraMod.Dreyer.20,Dreyer2023,44,2.0,
few.CBraMod.Dreyer.20,Dreyer2023,45,6.33333333333332,
few.CBraMod.Dreyer.20,Dreyer2023,46,-4.33333333333333,
few.CBraMod.Dreyer.20,Dreyer2023,47,-2.83333333333333,
few.CBraMod.Dreyer.20,Dreyer2023,48,-0.49999999999999,
few.CBraMod.Dreyer.20,Dreyer2023,49,1.1666666666666599,
few.CBraMod.Dreyer.20,Dreyer2023,50,-1.0,
few.CBraMod.Dreyer.20,Dreyer2023,51,1.66666666666666,
few.CBraMod.Dreyer.20,Dreyer2023,52,-4.163336342344337e-15,
few.CBraMod.Dreyer.20,Dreyer2023,53,1.5,
few.CBraMod.Dreyer.20,Dreyer2023,54,3.8333333333333304,
few.CBraMod.Dreyer.20,Dreyer2023,55,-1.0,
few.CBraMod.Dreyer.20,Dreyer2023,56,-1.66666666666666,
few.CBraMod.Dreyer.20,Dreyer2023,57,4.333333333333321,
few.CBraMod.Dreyer.20,Dreyer2023,58,1.83333333333333,
few.CBraMod.Dreyer.20,Dreyer2023,59,-1.942890293094024e-15,
few.CBraMod.Dreyer.20,Dreyer2023,60,3.8333333333333197,
few.CBraMod.Dreyer.20,Dreyer2023,61,-1.8333333333333202,
few.CBraMod.Dreyer.20,Dreyer2023,62,0.33333333333333004,
few.CBraMod.Dreyer.20,Dreyer2023,63,1.99999999999999,
few.CBraMod.Dreyer.20,Dreyer2023,64,3.99999999999999,
few.CBraMod.Dreyer.20,Dreyer2023,65,1.33333333333333,
few.CBraMod.Dreyer.20,Dreyer2023,66,-1.66666666666666,
few.CBraMod.Dreyer.20,Dreyer2023,67,-0.16666666666666,
few.CBraMod.Dreyer.20,Dreyer2023,68,0.16666666666666,
few.CBraMod.Dreyer.20,Dreyer2023,69,1.1666666666666599,
few.CBraMod.Dreyer.20,Dreyer2023,70,-0.99999999999999,
few.CBraMod.Dreyer.20,Dreyer2023,71,-1.83333333333333,
few.CBraMod.Dreyer.20,Dreyer2023,72,1.66666666666666,
few.CBraMod.Dreyer.20,Dreyer2023,73,3.66666666666665,
few.CBraMod.Dreyer.20,Dreyer2023,74,-1.83333333333333,
few.CBraMod.Dreyer.20,Dreyer2023,75,-2.5,
few.CBraMod.Dreyer.20,Dreyer2023,76,3.33333333333332,
few.CBraMod.Dreyer.20,Dreyer2023,77,-5.833333333333321,
few.CBraMod.Dreyer.20,Dreyer2023,80,-2.83333333333333,
few.CBraMod.Dreyer.20,Dreyer2023,81,-2.33333333333333,
few.CBraMod.Dreyer.20,Dreyer2023,82,0.83333333333333,
few.CBraMod.Dreyer.20,Dreyer2023,83,0.33333333333333004,
few.CBraMod.Dreyer.20,Dreyer2023,84,-2.33333333333333,
few.CBraMod.Dreyer.20,Dreyer2023,85,0.33333333333333004,
few.CBraMod.Dreyer.20,Dreyer2023,86,1.66666666666666,
few.CBraMod.Dreyer.20,Dreyer2023,87,-3.16666666666666,
few.CBraMod.Dreyer.40,Dreyer2023,1,3.33333333333333,
few.CBraMod.Dreyer.40,Dreyer2023,2,-0.5,
few.CBraMod.Dreyer.40,Dreyer2023,3,-1.1666666666666599,
few.CBraMod.Dreyer.40,Dreyer2023,5,0.5,
few.CBraMod.Dreyer.40,Dreyer2023,6,5.16666666666666,
few.CBraMod.Dreyer.40,Dreyer2023,7,0.33333333333333004,
few.CBraMod.Dreyer.40,Dreyer2023,8,3.49999999999999,
few.CBraMod.Dreyer.40,Dreyer2023,10,-0.6666666666666601,
few.CBraMod.Dreyer.40,Dreyer2023,11,6.49999999999999,
few.CBraMod.Dreyer.40,Dreyer2023,12,1.83333333333333,
few.CBraMod.Dreyer.40,Dreyer2023,13,0.33333333333333004,
few.CBraMod.Dreyer.40,Dreyer2023,14,1.66666666666667,
few.CBraMod.Dreyer.40,Dreyer2023,15,0.99999999999999,
few.CBraMod.Dreyer.40,Dreyer2023,16,3.99999999999999,
few.CBraMod.Dreyer.40,Dreyer2023,18,1.33333333333333,
few.CBraMod.Dreyer.40,Dreyer2023,19,5.66666666666666,
few.CBraMod.Dreyer.40,Dreyer2023,20,0.33333333333333004,
few.CBraMod.Dreyer.40,Dreyer2023,21,1.66666666666666,
few.CBraMod.Dreyer.40,Dreyer2023,22,-1.49999999999999,
few.CBraMod.Dreyer.40,Dreyer2023,23,1.99999999999999,
few.CBraMod.Dreyer.40,Dreyer2023,24,0.33333333333333004,
few.CBraMod.Dreyer.40,Dreyer2023,25,2.66666666666666,
few.CBraMod.Dreyer.40,Dreyer2023,26,3.0,
few.CBraMod.Dreyer.40,Dreyer2023,27,1.1666666666666599,
few.CBraMod.Dreyer.40,Dreyer2023,28,0.5,
few.CBraMod.Dreyer.40,Dreyer2023,30,1.83333333333333,
few.CBraMod.Dreyer.40,Dreyer2023,31,0.83333333333333,
few.CBraMod.Dreyer.40,Dreyer2023,32,4.33333333333333,
few.CBraMod.Dreyer.40,Dreyer2023,33,-1.66666666666666,
few.CBraMod.Dreyer.40,Dreyer2023,34,2.33333333333333,
few.CBraMod.Dreyer.40,Dreyer2023,35,-1.8333333333333202,
few.CBraMod.Dreyer.40,Dreyer2023,36,1.49999999999999,
few.CBraMod.Dreyer.40,Dreyer2023,37,1.5,
few.CBraMod.Dreyer.40,Dreyer2023,38,2.99999999999999,
few.CBraMod.Dreyer.40,Dreyer2023,39,1.66666666666667,
few.CBraMod.Dreyer.40,Dreyer2023,40,-2.06896551724138,
few.CBraMod.Dreyer.40,Dreyer2023,42,0.33333333333332,
few.CBraMod.Dreyer.40,Dreyer2023,43,1.1666666666666599,
few.CBraMod.Dreyer.40,Dreyer2023,44,3.16666666666666,
few.CBraMod.Dreyer.40,Dreyer2023,45,6.0,
few.CBraMod.Dreyer.40,Dreyer2023,46,-3.99999999999999,
few.CBraMod.Dreyer.40,Dreyer2023,47,0.83333333333333,
few.CBraMod.Dreyer.40,Dreyer2023,48,0.83333333333333,
few.CBraMod.Dreyer.40,Dreyer2023,49,3.8333333333333304,
few.CBraMod.Dreyer.40,Dreyer2023,50,-0.33333333333333004,
few.CBraMod.Dreyer.40,Dreyer2023,51,3.49999999999999,
few.CBraMod.Dreyer.40,Dreyer2023,52,0.8333333333333199,
few.CBraMod.Dreyer.40,Dreyer2023,53,1.83333333333333,
few.CBraMod.Dreyer.40,Dreyer2023,54,5.0,
few.CBraMod.Dreyer.40,Dreyer2023,55,-1.99999999999999,
few.CBraMod.Dreyer.40,Dreyer2023,56,2.1666666666666603,
few.CBraMod.Dreyer.40,Dreyer2023,57,4.66666666666666,
few.CBraMod.Dreyer.40,Dreyer2023,58,0.99999999999999,
few.CBraMod.Dreyer.40,Dreyer2023,59,-0.5,
few.CBraMod.Dreyer.40,Dreyer2023,60,1.8333333333333202,
few.CBraMod.Dreyer.40,Dreyer2023,61,-1.33333333333333,
few.CBraMod.Dreyer.40,Dreyer2023,62,1.3333333333333202,
few.CBraMod.Dreyer.40,Dreyer2023,63,2.33333333333333,
few.CBraMod.Dreyer.40,Dreyer2023,64,2.83333333333333,
few.CBraMod.Dreyer.40,Dreyer2023,65,0.49999999999999,
few.CBraMod.Dreyer.40,Dreyer2023,66,0.8333333333333199,
few.CBraMod.Dreyer.40,Dreyer2023,67,1.33333333333333,
few.CBraMod.Dreyer.40,Dreyer2023,68,0.99999999999999,
few.CBraMod.Dreyer.40,Dreyer2023,69,0.99999999999999,
few.CBraMod.Dreyer.40,Dreyer2023,70,0.33333333333333004,
few.CBraMod.Dreyer.40,Dreyer2023,71,-1.83333333333334,
few.CBraMod.Dreyer.40,Dreyer2023,72,5.49999999999999,
few.CBraMod.Dreyer.40,Dreyer2023,73,5.83333333333333,
few.CBraMod.Dreyer.40,Dreyer2023,74,-0.33333333333333004,
few.CBraMod.Dreyer.40,Dreyer2023,75,-0.5,
few.CBraMod.Dreyer.40,Dreyer2023,76,5.16666666666666,
few.CBraMod.Dreyer.40,Dreyer2023,77,-3.99999999999999,
few.CBraMod.Dreyer.40,Dreyer2023,80,0.83333333333333,
few.CBraMod.Dreyer.40,Dreyer2023,81,-1.1666666666666599,
few.CBraMod.Dreyer.40,Dreyer2023,82,6.3333333333333295,
few.CBraMod.Dreyer.40,Dreyer2023,83,3.16666666666665,
few.CBraMod.Dreyer.40,Dreyer2023,84,-1.8333333333333202,
few.CBraMod.Dreyer.40,Dreyer2023,85,0.49999999999999,
few.CBraMod.Dreyer.40,Dreyer2023,86,1.33333333333333,
few.CBraMod.Dreyer.40,Dreyer2023,87,-1.1666666666666599,
few.CBraMod.PhysioNet.5,PhysionetMI,1,-0.07575757575757,
few.CBraMod.PhysioNet.5,PhysionetMI,2,0.76923076923076,
few.CBraMod.PhysioNet.5,PhysionetMI,3,-0.07575757575757,
few.CBraMod.PhysioNet.5,PhysionetMI,4,2.87878787878787,
few.CBraMod.PhysioNet.5,PhysionetMI,5,-1.13636363636363,
few.CBraMod.PhysioNet.5,PhysionetMI,6,0.6060606060606,
few.CBraMod.PhysioNet.5,PhysionetMI,7,0.83333333333333,
few.CBraMod.PhysioNet.5,PhysionetMI,8,-2.42424242424242,
few.CBraMod.PhysioNet.5,PhysionetMI,9,2.07692307692307,
few.CBraMod.PhysioNet.5,PhysionetMI,10,4.0769230769230695,
few.CBraMod.PhysioNet.5,PhysionetMI,11,-1.13636363636363,
few.CBraMod.PhysioNet.5,PhysionetMI,12,-3.33333333333333,
few.CBraMod.PhysioNet.5,PhysionetMI,13,0.90909090909091,
few.CBraMod.PhysioNet.5,PhysionetMI,14,1.59090909090909,
few.CBraMod.PhysioNet.5,PhysionetMI,15,5.15384615384615,
few.CBraMod.PhysioNet.5,PhysionetMI,16,0.15151515151515,
few.CBraMod.PhysioNet.5,PhysionetMI,17,8.40909090909091,
few.CBraMod.PhysioNet.5,PhysionetMI,18,0.0,
few.CBraMod.PhysioNet.5,PhysionetMI,19,-0.9090909090909001,
few.CBraMod.PhysioNet.5,PhysionetMI,20,3.86363636363636,
few.CBraMod.PhysioNet.5,PhysionetMI,21,-3.03030303030302,
few.CBraMod.PhysioNet.5,PhysionetMI,22,0.0,
few.CBraMod.PhysioNet.5,PhysionetMI,23,3.23076923076923,
few.CBraMod.PhysioNet.5,PhysionetMI,24,-0.15151515151515,
few.CBraMod.PhysioNet.5,PhysionetMI,25,1.0606060606060599,
few.CBraMod.PhysioNet.5,PhysionetMI,26,-2.92307692307692,
few.CBraMod.PhysioNet.5,PhysionetMI,27,-2.72727272727272,
few.CBraMod.PhysioNet.5,PhysionetMI,28,-0.83333333333333,
few.CBraMod.PhysioNet.5,PhysionetMI,29,2.87878787878787,
few.CBraMod.PhysioNet.5,PhysionetMI,30,2.8030303030303,
few.CBraMod.PhysioNet.5,PhysionetMI,31,2.42424242424242,
few.CBraMod.PhysioNet.5,PhysionetMI,32,0.46153846153846,
few.CBraMod.PhysioNet.5,PhysionetMI,33,2.5,
few.CBraMod.PhysioNet.5,PhysionetMI,34,4.46153846153846,
few.CBraMod.PhysioNet.5,PhysionetMI,35,2.72727272727272,
few.CBraMod.PhysioNet.5,PhysionetMI,36,2.87878787878787,
few.CBraMod.PhysioNet.5,PhysionetMI,37,9.84848484848484,
few.CBraMod.PhysioNet.5,PhysionetMI,38,0.75757575757575,
few.CBraMod.PhysioNet.5,PhysionetMI,39,5.83333333333333,
few.CBraMod.PhysioNet.5,PhysionetMI,40,-4.09090909090908,
few.CBraMod.PhysioNet.5,PhysionetMI,41,-3.7692307692307603,
few.CBraMod.PhysioNet.5,PhysionetMI,42,-2.95454545454545,
few.CBraMod.PhysioNet.5,PhysionetMI,43,-2.5,
few.CBraMod.PhysioNet.5,PhysionetMI,44,0.0,
few.CBraMod.PhysioNet.5,PhysionetMI,45,-0.22727272727272002,
few.CBraMod.PhysioNet.5,PhysionetMI,46,3.86363636363636,
few.CBraMod.PhysioNet.5,PhysionetMI,47,1.66666666666666,
few.CBraMod.PhysioNet.5,PhysionetMI,48,-0.9090909090909001,
few.CBraMod.PhysioNet.5,PhysionetMI,49,-2.42424242424242,
few.CBraMod.PhysioNet.5,PhysionetMI,50,4.621212121212119,
few.CBraMod.PhysioNet.5,PhysionetMI,51,1.59090909090909,
few.CBraMod.PhysioNet.5,PhysionetMI,52,2.76923076923076,
few.CBraMod.PhysioNet.5,PhysionetMI,53,-1.13636363636363,
few.CBraMod.PhysioNet.5,PhysionetMI,54,-0.22727272727272002,
few.CBraMod.PhysioNet.5,PhysionetMI,55,-0.3030303030303,
few.CBraMod.PhysioNet.5,PhysionetMI,56,-0.75757575757575,
few.CBraMod.PhysioNet.5,PhysionetMI,57,0.75757575757575,
few.CBraMod.PhysioNet.5,PhysionetMI,58,4.23076923076922,
few.CBraMod.PhysioNet.5,PhysionetMI,59,-0.37878787878787,
few.CBraMod.PhysioNet.5,PhysionetMI,60,-8.46153846153846,
few.CBraMod.PhysioNet.5,PhysionetMI,61,0.0,
few.CBraMod.PhysioNet.5,PhysionetMI,62,-0.83333333333333,
few.CBraMod.PhysioNet.5,PhysionetMI,63,4.621212121212119,
few.CBraMod.PhysioNet.5,PhysionetMI,64,0.90909090909091,
few.CBraMod.PhysioNet.5,PhysionetMI,65,2.4999999999999902,
few.CBraMod.PhysioNet.5,PhysionetMI,66,1.942890293094024e-15,
few.CBraMod.PhysioNet.5,PhysionetMI,67,1.59090909090909,
few.CBraMod.PhysioNet.5,PhysionetMI,68,0.75757575757575,
few.CBraMod.PhysioNet.5,PhysionetMI,69,4.92307692307691,
few.CBraMod.PhysioNet.5,PhysionetMI,70,1.7424242424242402,
few.CBraMod.PhysioNet.5,PhysionetMI,71,-0.15151515151514,
few.CBraMod.PhysioNet.5,PhysionetMI,72,0.07575757575757,
few.CBraMod.PhysioNet.5,PhysionetMI,73,-0.6060606060606,
few.CBraMod.PhysioNet.5,PhysionetMI,74,1.2121212121212,
few.CBraMod.PhysioNet.5,PhysionetMI,75,-1.59090909090909,
few.CBraMod.PhysioNet.5,PhysionetMI,76,-1.66666666666666,
few.CBraMod.PhysioNet.5,PhysionetMI,77,1.2878787878787898,
few.CBraMod.PhysioNet.5,PhysionetMI,78,-3.7878787878787796,
few.CBraMod.PhysioNet.5,PhysionetMI,79,-0.75757575757575,
few.CBraMod.PhysioNet.5,PhysionetMI,80,4.38461538461538,
few.CBraMod.PhysioNet.5,PhysionetMI,81,0.0,
few.CBraMod.PhysioNet.5,PhysionetMI,82,5.757575757575751,
few.CBraMod.PhysioNet.5,PhysionetMI,83,6.692307692307691,
few.CBraMod.PhysioNet.5,PhysionetMI,84,3.1060606060606,
few.CBraMod.PhysioNet.5,PhysionetMI,85,-7.87878787878787,
few.CBraMod.PhysioNet.5,PhysionetMI,86,0.76923076923076,
few.CBraMod.PhysioNet.5,PhysionetMI,87,-1.59090909090909,
few.CBraMod.PhysioNet.5,PhysionetMI,90,-0.07575757575757,
few.CBraMod.PhysioNet.5,PhysionetMI,91,3.4090909090909,
few.CBraMod.PhysioNet.5,PhysionetMI,93,0.07575757575757,
few.CBraMod.PhysioNet.5,PhysionetMI,94,2.8030303030303,
few.CBraMod.PhysioNet.5,PhysionetMI,95,-6.0,
few.CBraMod.PhysioNet.5,PhysionetMI,96,0.83333333333333,
few.CBraMod.PhysioNet.5,PhysionetMI,97,3.63636363636364,
few.CBraMod.PhysioNet.5,PhysionetMI,98,0.15151515151515,
few.CBraMod.PhysioNet.5,PhysionetMI,99,0.15151515151515,
few.CBraMod.PhysioNet.5,PhysionetMI,101,1.07692307692307,
few.CBraMod.PhysioNet.5,PhysionetMI,102,8.484848484848479,
few.CBraMod.PhysioNet.5,PhysionetMI,103,-2.34848484848485,
few.CBraMod.PhysioNet.5,PhysionetMI,105,2.57575757575757,
few.CBraMod.PhysioNet.5,PhysionetMI,107,2.34848484848484,
few.CBraMod.PhysioNet.5,PhysionetMI,108,-3.33333333333333,
few.CBraMod.PhysioNet.5,PhysionetMI,109,2.57575757575757,
few.CBraMod.PhysioNet.10,PhysionetMI,1,-0.90909090909091,
few.CBraMod.PhysioNet.10,PhysionetMI,2,0.99999999999999,
few.CBraMod.PhysioNet.10,PhysionetMI,3,-0.07575757575757,
few.CBraMod.PhysioNet.10,PhysionetMI,4,1.06060606060605,
few.CBraMod.PhysioNet.10,PhysionetMI,5,0.75757575757576,
few.CBraMod.PhysioNet.10,PhysionetMI,6,-0.3030303030303,
few.CBraMod.PhysioNet.10,PhysionetMI,7,0.9090909090909001,
few.CBraMod.PhysioNet.10,PhysionetMI,8,-1.8939393939393898,
few.CBraMod.PhysioNet.10,PhysionetMI,9,-0.15384615384615,
few.CBraMod.PhysioNet.10,PhysionetMI,10,3.76923076923077,
few.CBraMod.PhysioNet.10,PhysionetMI,11,-0.30303030303029,
few.CBraMod.PhysioNet.10,PhysionetMI,12,-2.5,
few.CBraMod.PhysioNet.10,PhysionetMI,13,-1.8181818181818101,
few.CBraMod.PhysioNet.10,PhysionetMI,14,1.7424242424242402,
few.CBraMod.PhysioNet.10,PhysionetMI,15,5.15384615384615,
few.CBraMod.PhysioNet.10,PhysionetMI,16,1.81818181818182,
few.CBraMod.PhysioNet.10,PhysionetMI,17,8.484848484848479,
few.CBraMod.PhysioNet.10,PhysionetMI,18,0.0,
few.CBraMod.PhysioNet.10,PhysionetMI,19,-1.8181818181818101,
few.CBraMod.PhysioNet.10,PhysionetMI,20,4.69696969696968,
few.CBraMod.PhysioNet.10,PhysionetMI,21,1.43939393939394,
few.CBraMod.PhysioNet.10,PhysionetMI,22,0.0,
few.CBraMod.PhysioNet.10,PhysionetMI,23,3.7692307692307603,
few.CBraMod.PhysioNet.10,PhysionetMI,24,2.87878787878787,
few.CBraMod.PhysioNet.10,PhysionetMI,25,-2.95454545454545,
few.CBraMod.PhysioNet.10,PhysionetMI,26,-1.0,
few.CBraMod.PhysioNet.10,PhysionetMI,27,-0.83333333333333,
few.CBraMod.PhysioNet.10,PhysionetMI,28,2.87878787878787,
few.CBraMod.PhysioNet.10,PhysionetMI,29,8.484848484848479,
few.CBraMod.PhysioNet.10,PhysionetMI,30,-0.07575757575757,
few.CBraMod.PhysioNet.10,PhysionetMI,31,0.8333333333333199,
few.CBraMod.PhysioNet.10,PhysionetMI,32,-1.76923076923076,
few.CBraMod.PhysioNet.10,PhysionetMI,33,1.59090909090909,
few.CBraMod.PhysioNet.10,PhysionetMI,34,4.0,
few.CBraMod.PhysioNet.10,PhysionetMI,35,1.8939393939393898,
few.CBraMod.PhysioNet.10,PhysionetMI,36,-2.65151515151515,
few.CBraMod.PhysioNet.10,PhysionetMI,37,10.68181818181817,
few.CBraMod.PhysioNet.10,PhysionetMI,38,0.37878787878787,
few.CBraMod.PhysioNet.10,PhysionetMI,39,2.04545454545454,
few.CBraMod.PhysioNet.10,PhysionetMI,40,-5.757575757575751,
few.CBraMod.PhysioNet.10,PhysionetMI,41,-3.53846153846153,
few.CBraMod.PhysioNet.10,PhysionetMI,42,-3.93939393939393,
few.CBraMod.PhysioNet.10,PhysionetMI,43,2.42424242424242,
few.CBraMod.PhysioNet.10,PhysionetMI,44,0.90909090909091,
few.CBraMod.PhysioNet.10,PhysionetMI,45,1.28787878787878,
few.CBraMod.PhysioNet.10,PhysionetMI,46,1.66666666666666,
few.CBraMod.PhysioNet.10,PhysionetMI,47,5.6060606060606,
few.CBraMod.PhysioNet.10,PhysionetMI,48,0.0,
few.CBraMod.PhysioNet.10,PhysionetMI,49,-1.51515151515151,
few.CBraMod.PhysioNet.10,PhysionetMI,50,4.24242424242423,
few.CBraMod.PhysioNet.10,PhysionetMI,51,-6.51515151515151,
few.CBraMod.PhysioNet.10,PhysionetMI,52,1.99999999999999,
few.CBraMod.PhysioNet.10,PhysionetMI,53,-2.04545454545453,
few.CBraMod.PhysioNet.10,PhysionetMI,54,1.43939393939394,
few.CBraMod.PhysioNet.10,PhysionetMI,55,-1.21212121212121,
few.CBraMod.PhysioNet.10,PhysionetMI,56,-2.5,
few.CBraMod.PhysioNet.10,PhysionetMI,57,0.0,
few.CBraMod.PhysioNet.10,PhysionetMI,58,6.53846153846153,
few.CBraMod.PhysioNet.10,PhysionetMI,59,3.33333333333332,
few.CBraMod.PhysioNet.10,PhysionetMI,60,-1.76923076923077,
few.CBraMod.PhysioNet.10,PhysionetMI,61,0.0,
few.CBraMod.PhysioNet.10,PhysionetMI,62,0.0,
few.CBraMod.PhysioNet.10,PhysionetMI,63,1.8181818181818101,
few.CBraMod.PhysioNet.10,PhysionetMI,64,3.2575757575757502,
few.CBraMod.PhysioNet.10,PhysionetMI,65,4.09090909090909,
few.CBraMod.PhysioNet.10,PhysionetMI,66,3.18181818181818,
few.CBraMod.PhysioNet.10,PhysionetMI,67,6.51515151515151,
few.CBraMod.PhysioNet.10,PhysionetMI,68,-1.7424242424242402,
few.CBraMod.PhysioNet.10,PhysionetMI,69,-1.2307692307692302,
few.CBraMod.PhysioNet.10,PhysionetMI,70,-1.59090909090909,
few.CBraMod.PhysioNet.10,PhysionetMI,71,1.7424242424242402,
few.CBraMod.PhysioNet.10,PhysionetMI,72,0.9090909090909001,
few.CBraMod.PhysioNet.10,PhysionetMI,73,-1.2121212121212,
few.CBraMod.PhysioNet.10,PhysionetMI,74,1.51515151515151,
few.CBraMod.PhysioNet.10,PhysionetMI,75,-0.68181818181818,
few.CBraMod.PhysioNet.10,PhysionetMI,76,-6.28787878787878,
few.CBraMod.PhysioNet.10,PhysionetMI,77,3.7121212121212097,
few.CBraMod.PhysioNet.10,PhysionetMI,78,-4.69696969696969,
few.CBraMod.PhysioNet.10,PhysionetMI,79,-3.963843142607005e-15,
few.CBraMod.PhysioNet.10,PhysionetMI,80,3.61538461538461,
few.CBraMod.PhysioNet.10,PhysionetMI,81,0.90909090909091,
few.CBraMod.PhysioNet.10,PhysionetMI,82,4.09090909090909,
few.CBraMod.PhysioNet.10,PhysionetMI,83,-0.23076923076921999,
few.CBraMod.PhysioNet.10,PhysionetMI,84,1.81818181818182,
few.CBraMod.PhysioNet.10,PhysionetMI,85,-1.2121212121212,
few.CBraMod.PhysioNet.10,PhysionetMI,86,0.76923076923076,
few.CBraMod.PhysioNet.10,PhysionetMI,87,-1.8939393939393898,
few.CBraMod.PhysioNet.10,PhysionetMI,90,-1.942890293094024e-15,
few.CBraMod.PhysioNet.10,PhysionetMI,91,3.4090909090909,
few.CBraMod.PhysioNet.10,PhysionetMI,93,0.9848484848484799,
few.CBraMod.PhysioNet.10,PhysionetMI,94,4.3181818181818095,
few.CBraMod.PhysioNet.10,PhysionetMI,95,2.4615384615384603,
few.CBraMod.PhysioNet.10,PhysionetMI,96,-0.15151515151514,
few.CBraMod.PhysioNet.10,PhysionetMI,97,0.68181818181818,
few.CBraMod.PhysioNet.10,PhysionetMI,98,3.33333333333333,
few.CBraMod.PhysioNet.10,PhysionetMI,99,-1.36363636363636,
few.CBraMod.PhysioNet.10,PhysionetMI,101,2.07692307692307,
few.CBraMod.PhysioNet.10,PhysionetMI,102,6.590909090909081,
few.CBraMod.PhysioNet.10,PhysionetMI,103,-5.98484848484848,
few.CBraMod.PhysioNet.10,PhysionetMI,105,1.66666666666666,
few.CBraMod.PhysioNet.10,PhysionetMI,107,3.4090909090909,
few.CBraMod.PhysioNet.10,PhysionetMI,108,-4.99999999999999,
few.CBraMod.PhysioNet.10,PhysionetMI,109,-0.07575757575757,
few.CBraMod.PhysioNet.20,PhysionetMI,1,0.07575757575757,
few.CBraMod.PhysioNet.20,PhysionetMI,2,2.99999999999999,
few.CBraMod.PhysioNet.20,PhysionetMI,3,1.66666666666666,
few.CBraMod.PhysioNet.20,PhysionetMI,4,2.72727272727272,
few.CBraMod.PhysioNet.20,PhysionetMI,5,0.8333333333333399,
few.CBraMod.PhysioNet.20,PhysionetMI,6,2.19696969696969,
few.CBraMod.PhysioNet.20,PhysionetMI,7,0.07575757575757,
few.CBraMod.PhysioNet.20,PhysionetMI,8,0.75757575757576,
few.CBraMod.PhysioNet.20,PhysionetMI,9,4.153846153846151,
few.CBraMod.PhysioNet.20,PhysionetMI,10,-0.92307692307691,
few.CBraMod.PhysioNet.20,PhysionetMI,11,-1.06060606060605,
few.CBraMod.PhysioNet.20,PhysionetMI,12,0.83333333333333,
few.CBraMod.PhysioNet.20,PhysionetMI,13,1.8939393939393898,
few.CBraMod.PhysioNet.20,PhysionetMI,14,1.51515151515151,
few.CBraMod.PhysioNet.20,PhysionetMI,15,5.15384615384615,
few.CBraMod.PhysioNet.20,PhysionetMI,16,-0.37878787878787,
few.CBraMod.PhysioNet.20,PhysionetMI,17,9.92424242424242,
few.CBraMod.PhysioNet.20,PhysionetMI,18,0.0,
few.CBraMod.PhysioNet.20,PhysionetMI,19,-0.83333333333333,
few.CBraMod.PhysioNet.20,PhysionetMI,20,5.45454545454544,
few.CBraMod.PhysioNet.20,PhysionetMI,21,3.2575757575757502,
few.CBraMod.PhysioNet.20,PhysionetMI,22,0.0,
few.CBraMod.PhysioNet.20,PhysionetMI,23,1.15384615384615,
few.CBraMod.PhysioNet.20,PhysionetMI,24,-1.13636363636363,
few.CBraMod.PhysioNet.20,PhysionetMI,25,-9.015151515151508,
few.CBraMod.PhysioNet.20,PhysionetMI,26,-4.0245584642661925e-15,
few.CBraMod.PhysioNet.20,PhysionetMI,27,-1.66666666666666,
few.CBraMod.PhysioNet.20,PhysionetMI,28,3.56060606060606,
few.CBraMod.PhysioNet.20,PhysionetMI,29,10.15151515151514,
few.CBraMod.PhysioNet.20,PhysionetMI,30,1.66666666666666,
few.CBraMod.PhysioNet.20,PhysionetMI,31,1.28787878787878,
few.CBraMod.PhysioNet.20,PhysionetMI,32,0.23076923076923,
few.CBraMod.PhysioNet.20,PhysionetMI,33,1.66666666666666,
few.CBraMod.PhysioNet.20,PhysionetMI,34,2.46153846153845,
few.CBraMod.PhysioNet.20,PhysionetMI,35,2.57575757575757,
few.CBraMod.PhysioNet.20,PhysionetMI,36,-0.5303030303030299,
few.CBraMod.PhysioNet.20,PhysionetMI,37,11.28787878787878,
few.CBraMod.PhysioNet.20,PhysionetMI,38,-2.34848484848484,
few.CBraMod.PhysioNet.20,PhysionetMI,39,5.07575757575757,
few.CBraMod.PhysioNet.20,PhysionetMI,40,-1.59090909090909,
few.CBraMod.PhysioNet.20,PhysionetMI,41,-5.53846153846153,
few.CBraMod.PhysioNet.20,PhysionetMI,42,-1.8939393939393898,
few.CBraMod.PhysioNet.20,PhysionetMI,43,1.74242424242423,
few.CBraMod.PhysioNet.20,PhysionetMI,44,2.42424242424242,
few.CBraMod.PhysioNet.20,PhysionetMI,45,3.2575757575757502,
few.CBraMod.PhysioNet.20,PhysionetMI,46,0.37878787878788,
few.CBraMod.PhysioNet.20,PhysionetMI,47,3.18181818181818,
few.CBraMod.PhysioNet.20,PhysionetMI,48,0.0,
few.CBraMod.PhysioNet.20,PhysionetMI,49,-0.68181818181818,
few.CBraMod.PhysioNet.20,PhysionetMI,50,9.31818181818181,
few.CBraMod.PhysioNet.20,PhysionetMI,51,4.46969696969696,
few.CBraMod.PhysioNet.20,PhysionetMI,52,1.23076923076922,
few.CBraMod.PhysioNet.20,PhysionetMI,53,6.1363636363636305,
few.CBraMod.PhysioNet.20,PhysionetMI,54,1.59090909090909,
few.CBraMod.PhysioNet.20,PhysionetMI,55,0.75757575757575,
few.CBraMod.PhysioNet.20,PhysionetMI,56,-1.942890293094024e-15,
few.CBraMod.PhysioNet.20,PhysionetMI,57,0.0,
few.CBraMod.PhysioNet.20,PhysionetMI,58,6.53846153846153,
few.CBraMod.PhysioNet.20,PhysionetMI,59,4.24242424242423,
few.CBraMod.PhysioNet.20,PhysionetMI,60,3.53846153846153,
few.CBraMod.PhysioNet.20,PhysionetMI,61,0.0,
few.CBraMod.PhysioNet.20,PhysionetMI,62,0.0,
few.CBraMod.PhysioNet.20,PhysionetMI,63,1.8939393939393898,
few.CBraMod.PhysioNet.20,PhysionetMI,64,4.99999999999999,
few.CBraMod.PhysioNet.20,PhysionetMI,65,0.68181818181817,
few.CBraMod.PhysioNet.20,PhysionetMI,66,4.77272727272726,
few.CBraMod.PhysioNet.20,PhysionetMI,67,5.6060606060606,
few.CBraMod.PhysioNet.20,PhysionetMI,68,0.83333333333333,
few.CBraMod.PhysioNet.20,PhysionetMI,69,1.3076923076923,
few.CBraMod.PhysioNet.20,PhysionetMI,70,-1.59090909090909,
few.CBraMod.PhysioNet.20,PhysionetMI,71,3.5606060606060503,
few.CBraMod.PhysioNet.20,PhysionetMI,72,-1.66666666666666,
few.CBraMod.PhysioNet.20,PhysionetMI,73,1.8939393939393898,
few.CBraMod.PhysioNet.20,PhysionetMI,74,-3.03030303030303,
few.CBraMod.PhysioNet.20,PhysionetMI,75,-0.75757575757576,
few.CBraMod.PhysioNet.20,PhysionetMI,76,-4.24242424242423,
few.CBraMod.PhysioNet.20,PhysionetMI,77,5.530303030303029,
few.CBraMod.PhysioNet.20,PhysionetMI,78,-6.81818181818182,
few.CBraMod.PhysioNet.20,PhysionetMI,79,0.07575757575757,
few.CBraMod.PhysioNet.20,PhysionetMI,80,2.99999999999999,
few.CBraMod.PhysioNet.20,PhysionetMI,81,1.8939393939393898,
few.CBraMod.PhysioNet.20,PhysionetMI,82,7.424242424242419,
few.CBraMod.PhysioNet.20,PhysionetMI,83,4.76923076923077,
few.CBraMod.PhysioNet.20,PhysionetMI,84,2.7272727272727297,
few.CBraMod.PhysioNet.20,PhysionetMI,85,5.45454545454544,
few.CBraMod.PhysioNet.20,PhysionetMI,86,1.53846153846153,
few.CBraMod.PhysioNet.20,PhysionetMI,87,-0.5303030303030201,
few.CBraMod.PhysioNet.20,PhysionetMI,90,1.13636363636363,
few.CBraMod.PhysioNet.20,PhysionetMI,91,-8.181818181818171,
few.CBraMod.PhysioNet.20,PhysionetMI,93,1.8181818181818101,
few.CBraMod.PhysioNet.20,PhysionetMI,94,4.92424242424242,
few.CBraMod.PhysioNet.20,PhysionetMI,95,-0.7692307692307699,
few.CBraMod.PhysioNet.20,PhysionetMI,96,0.83333333333333,
few.CBraMod.PhysioNet.20,PhysionetMI,97,4.69696969696969,
few.CBraMod.PhysioNet.20,PhysionetMI,98,-1.66666666666666,
few.CBraMod.PhysioNet.20,PhysionetMI,99,-0.75757575757575,
few.CBraMod.PhysioNet.20,PhysionetMI,101,3.07692307692307,
few.CBraMod.PhysioNet.20,PhysionetMI,102,6.590909090909081,
few.CBraMod.PhysioNet.20,PhysionetMI,103,-9.62121212121211,
few.CBraMod.PhysioNet.20,PhysionetMI,105,5.15151515151514,
few.CBraMod.PhysioNet.20,PhysionetMI,107,-1.28787878787878,
few.CBraMod.PhysioNet.20,PhysionetMI,108,9.16666666666666,
few.CBraMod.PhysioNet.20,PhysionetMI,109,1.7424242424242402,
few.REVE.Cho.5,Cho2017,1,0.6,
few.REVE.Cho.5,Cho2017,2,-1.2,
few.REVE.Cho.5,Cho2017,3,0.7999999999999899,
few.REVE.Cho.5,Cho2017,4,1.39999999999999,
few.REVE.Cho.5,Cho2017,5,0.2,
few.REVE.Cho.5,Cho2017,6,-0.39999999999999003,
few.REVE.Cho.5,Cho2017,7,1.49999999999999,
few.REVE.Cho.5,Cho2017,8,-1.79999999999999,
few.REVE.Cho.5,Cho2017,9,-1.99999999999999,
few.REVE.Cho.5,Cho2017,10,-1.7999999999999998,
few.REVE.Cho.5,Cho2017,11,-0.7999999999999899,
few.REVE.Cho.5,Cho2017,12,-4.59999999999999,
few.REVE.Cho.5,Cho2017,13,-0.6,
few.REVE.Cho.5,Cho2017,14,-1.19999999999999,
few.REVE.Cho.5,Cho2017,15,-1.4000000000000001,
few.REVE.Cho.5,Cho2017,16,1.2,
few.REVE.Cho.5,Cho2017,17,3.79999999999999,
few.REVE.Cho.5,Cho2017,18,-2.79999999999999,
few.REVE.Cho.5,Cho2017,19,-0.19999999999999,
few.REVE.Cho.5,Cho2017,20,-5.59999999999999,
few.REVE.Cho.5,Cho2017,21,3.79999999999999,
few.REVE.Cho.5,Cho2017,22,-3.3999999999999897,
few.REVE.Cho.5,Cho2017,23,-0.99999999999999,
few.REVE.Cho.5,Cho2017,24,-0.39999999999999003,
few.REVE.Cho.5,Cho2017,25,-2.5999999999999903,
few.REVE.Cho.5,Cho2017,26,0.0,
few.REVE.Cho.5,Cho2017,27,-2.39999999999999,
few.REVE.Cho.5,Cho2017,28,6.399999999999991,
few.REVE.Cho.5,Cho2017,29,0.59999999999999,
few.REVE.Cho.5,Cho2017,30,-0.8,
few.REVE.Cho.5,Cho2017,31,1.5999999999999899,
few.REVE.Cho.5,Cho2017,32,-0.4,
few.REVE.Cho.5,Cho2017,33,-0.19999999999999,
few.REVE.Cho.5,Cho2017,34,1.2,
few.REVE.Cho.5,Cho2017,35,1.7999999999999998,
few.REVE.Cho.5,Cho2017,36,0.7999999999999899,
few.REVE.Cho.5,Cho2017,37,-0.7999999999999899,
few.REVE.Cho.5,Cho2017,38,-0.8,
few.REVE.Cho.5,Cho2017,39,0.19999999999999,
few.REVE.Cho.5,Cho2017,40,-1.39999999999999,
few.REVE.Cho.5,Cho2017,41,-1.6,
few.REVE.Cho.5,Cho2017,42,-2.6,
few.REVE.Cho.5,Cho2017,43,0.0,
few.REVE.Cho.5,Cho2017,44,-1.2,
few.REVE.Cho.5,Cho2017,45,-2.79999999999999,
few.REVE.Cho.5,Cho2017,46,0.16666666666666,
few.REVE.Cho.5,Cho2017,47,-0.7999999999999899,
few.REVE.Cho.5,Cho2017,48,-0.4,
few.REVE.Cho.5,Cho2017,49,0.0,
few.REVE.Cho.5,Cho2017,50,0.6,
few.REVE.Cho.5,Cho2017,51,2.5999999999999903,
few.REVE.Cho.5,Cho2017,52,-1.19999999999999,
few.REVE.Cho.10,Cho2017,1,1.79999999999999,
few.REVE.Cho.10,Cho2017,2,-2.8000000000000003,
few.REVE.Cho.10,Cho2017,3,8.99999999999999,
few.REVE.Cho.10,Cho2017,4,1.0,
few.REVE.Cho.10,Cho2017,5,0.2,
few.REVE.Cho.10,Cho2017,6,-1.39999999999999,
few.REVE.Cho.10,Cho2017,7,1.0,
few.REVE.Cho.10,Cho2017,8,6.93889390390723e-17,
few.REVE.Cho.10,Cho2017,9,1.99999999999999,
few.REVE.Cho.10,Cho2017,10,-0.2,
few.REVE.Cho.10,Cho2017,11,-1.5999999999999899,
few.REVE.Cho.10,Cho2017,12,-6.599999999999991,
few.REVE.Cho.10,Cho2017,13,-0.8,
few.REVE.Cho.10,Cho2017,14,-1.2,
few.REVE.Cho.10,Cho2017,15,-2.5999999999999903,
few.REVE.Cho.10,Cho2017,16,2.39999999999999,
few.REVE.Cho.10,Cho2017,17,1.39999999999999,
few.REVE.Cho.10,Cho2017,18,1.39999999999999,
few.REVE.Cho.10,Cho2017,19,2.0,
few.REVE.Cho.10,Cho2017,20,-2.19999999999999,
few.REVE.Cho.10,Cho2017,21,1.99999999999999,
few.REVE.Cho.10,Cho2017,22,-1.19999999999999,
few.REVE.Cho.10,Cho2017,23,-0.8,
few.REVE.Cho.10,Cho2017,24,2.39999999999999,
few.REVE.Cho.10,Cho2017,25,-0.59999999999999,
few.REVE.Cho.10,Cho2017,26,0.0,
few.REVE.Cho.10,Cho2017,27,-4.1999999999999895,
few.REVE.Cho.10,Cho2017,28,8.79999999999999,
few.REVE.Cho.10,Cho2017,29,-0.8,
few.REVE.Cho.10,Cho2017,30,0.7999999999999899,
few.REVE.Cho.10,Cho2017,31,-1.4000000000000001,
few.REVE.Cho.10,Cho2017,32,0.39999999999999003,
few.REVE.Cho.10,Cho2017,33,-2.19999999999999,
few.REVE.Cho.10,Cho2017,34,1.19999999999999,
few.REVE.Cho.10,Cho2017,35,-0.7999999999999899,
few.REVE.Cho.10,Cho2017,36,1.39999999999999,
few.REVE.Cho.10,Cho2017,37,-0.99999999999999,
few.REVE.Cho.10,Cho2017,38,-1.4000000000000001,
few.REVE.Cho.10,Cho2017,39,0.59999999999999,
few.REVE.Cho.10,Cho2017,40,-1.942890293094024e-15,
few.REVE.Cho.10,Cho2017,41,0.8,
few.REVE.Cho.10,Cho2017,42,-1.5999999999999899,
few.REVE.Cho.10,Cho2017,43,0.0,
few.REVE.Cho.10,Cho2017,44,-0.2,
few.REVE.Cho.10,Cho2017,45,-1.2,
few.REVE.Cho.10,Cho2017,46,-0.66666666666667,
few.REVE.Cho.10,Cho2017,47,3.1999999999999895,
few.REVE.Cho.10,Cho2017,48,1.0,
few.REVE.Cho.10,Cho2017,49,-0.8,
few.REVE.Cho.10,Cho2017,50,0.6,
few.REVE.Cho.10,Cho2017,51,5.19999999999999,
few.REVE.Cho.10,Cho2017,52,0.19999999999999,
few.REVE.Cho.20,Cho2017,1,4.99999999999999,
few.REVE.Cho.20,Cho2017,2,-2.6,
few.REVE.Cho.20,Cho2017,3,7.1999999999999895,
few.REVE.Cho.20,Cho2017,4,3.5999999999999996,
few.REVE.Cho.20,Cho2017,5,0.6,
few.REVE.Cho.20,Cho2017,6,1.4000000000000001,
few.REVE.Cho.20,Cho2017,7,1.99999999999999,
few.REVE.Cho.20,Cho2017,8,1.19999999999999,
few.REVE.Cho.20,Cho2017,9,-0.16666666666666,
few.REVE.Cho.20,Cho2017,10,0.7999999999999899,
few.REVE.Cho.20,Cho2017,11,0.8,
few.REVE.Cho.20,Cho2017,12,-3.3999999999999897,
few.REVE.Cho.20,Cho2017,13,2.4,
few.REVE.Cho.20,Cho2017,14,1.19999999999999,
few.REVE.Cho.20,Cho2017,15,0.99999999999999,
few.REVE.Cho.20,Cho2017,16,2.1999999999999997,
few.REVE.Cho.20,Cho2017,17,1.6,
few.REVE.Cho.20,Cho2017,18,5.0,
few.REVE.Cho.20,Cho2017,19,-1.19999999999999,
few.REVE.Cho.20,Cho2017,20,1.79999999999999,
few.REVE.Cho.20,Cho2017,21,4.39999999999999,
few.REVE.Cho.20,Cho2017,22,1.2,
few.REVE.Cho.20,Cho2017,23,-0.99999999999999,
few.REVE.Cho.20,Cho2017,24,-1.79999999999999,
few.REVE.Cho.20,Cho2017,25,1.39999999999999,
few.REVE.Cho.20,Cho2017,26,0.0,
few.REVE.Cho.20,Cho2017,27,-2.5999999999999903,
few.REVE.Cho.20,Cho2017,28,6.6000000000000005,
few.REVE.Cho.20,Cho2017,29,-2.0,
few.REVE.Cho.20,Cho2017,30,3.1999999999999895,
few.REVE.Cho.20,Cho2017,31,-2.6,
few.REVE.Cho.20,Cho2017,32,0.4,
few.REVE.Cho.20,Cho2017,33,-0.6,
few.REVE.Cho.20,Cho2017,34,-0.7999999999999899,
few.REVE.Cho.20,Cho2017,35,-0.19999999999999,
few.REVE.Cho.20,Cho2017,36,0.4,
few.REVE.Cho.20,Cho2017,37,-1.79999999999999,
few.REVE.Cho.20,Cho2017,38,0.59999999999999,
few.REVE.Cho.20,Cho2017,39,-0.2,
few.REVE.Cho.20,Cho2017,40,1.0,
few.REVE.Cho.20,Cho2017,41,0.59999999999999,
few.REVE.Cho.20,Cho2017,42,1.99999999999999,
few.REVE.Cho.20,Cho2017,43,0.0,
few.REVE.Cho.20,Cho2017,44,0.6,
few.REVE.Cho.20,Cho2017,45,1.39999999999999,
few.REVE.Cho.20,Cho2017,46,-1.0,
few.REVE.Cho.20,Cho2017,47,2.99999999999999,
few.REVE.Cho.20,Cho2017,48,1.7999999999999998,
few.REVE.Cho.20,Cho2017,49,0.0,
few.REVE.Cho.20,Cho2017,50,0.6,
few.REVE.Cho.20,Cho2017,51,2.5999999999999903,
few.REVE.Cho.20,Cho2017,52,0.6,
few.REVE.Cho.40,Cho2017,1,1.7999999999999998,
few.REVE.Cho.40,Cho2017,2,0.7999999999999899,
few.REVE.Cho.40,Cho2017,3,8.99999999999999,
few.REVE.Cho.40,Cho2017,4,2.0,
few.REVE.Cho.40,Cho2017,5,0.2,
few.REVE.Cho.40,Cho2017,6,0.2,
few.REVE.Cho.40,Cho2017,7,-0.16666666666666,
few.REVE.Cho.40,Cho2017,8,0.7999999999999899,
few.REVE.Cho.40,Cho2017,9,0.66666666666667,
few.REVE.Cho.40,Cho2017,10,3.3999999999999897,
few.REVE.Cho.40,Cho2017,11,0.6,
few.REVE.Cho.40,Cho2017,12,-0.7999999999999899,
few.REVE.Cho.40,Cho2017,13,0.99999999999999,
few.REVE.Cho.40,Cho2017,14,1.99999999999999,
few.REVE.Cho.40,Cho2017,15,-1.4000000000000001,
few.REVE.Cho.40,Cho2017,16,2.6,
few.REVE.Cho.40,Cho2017,17,2.79999999999999,
few.REVE.Cho.40,Cho2017,18,6.399999999999991,
few.REVE.Cho.40,Cho2017,19,2.39999999999999,
few.REVE.Cho.40,Cho2017,20,0.99999999999999,
few.REVE.Cho.40,Cho2017,21,5.59999999999999,
few.REVE.Cho.40,Cho2017,22,-1.0,
few.REVE.Cho.40,Cho2017,23,-1.19999999999999,
few.REVE.Cho.40,Cho2017,24,-0.2,
few.REVE.Cho.40,Cho2017,25,0.7999999999999899,
few.REVE.Cho.40,Cho2017,26,-0.2,
few.REVE.Cho.40,Cho2017,27,-2.19999999999999,
few.REVE.Cho.40,Cho2017,28,12.99999999999999,
few.REVE.Cho.40,Cho2017,29,-1.99999999999999,
few.REVE.Cho.40,Cho2017,30,6.2,
few.REVE.Cho.40,Cho2017,31,-3.8,
few.REVE.Cho.40,Cho2017,32,-1.5999999999999899,
few.REVE.Cho.40,Cho2017,33,-0.39999999999999003,
few.REVE.Cho.40,Cho2017,34,-1.4000000000000001,
few.REVE.Cho.40,Cho2017,35,2.5999999999999903,
few.REVE.Cho.40,Cho2017,36,2.39999999999999,
few.REVE.Cho.40,Cho2017,37,-1.39999999999999,
few.REVE.Cho.40,Cho2017,38,-0.6,
few.REVE.Cho.40,Cho2017,39,-0.99999999999999,
few.REVE.Cho.40,Cho2017,40,1.2,
few.REVE.Cho.40,Cho2017,41,3.1999999999999895,
few.REVE.Cho.40,Cho2017,42,0.6,
few.REVE.Cho.40,Cho2017,43,0.0,
few.REVE.Cho.40,Cho2017,44,0.8,
few.REVE.Cho.40,Cho2017,45,1.873501354054952e-15,
few.REVE.Cho.40,Cho2017,46,1.1666666666666599,
few.REVE.Cho.40,Cho2017,47,2.39999999999999,
few.REVE.Cho.40,Cho2017,48,1.6,
few.REVE.Cho.40,Cho2017,49,0.0,
few.REVE.Cho.40,Cho2017,50,0.6,
few.REVE.Cho.40,Cho2017,51,3.99999999999999,
few.REVE.Cho.40,Cho2017,52,0.39999999999999003,
few.REVE.Dreyer.5,Dreyer2023,1,-0.16666666666666,
few.REVE.Dreyer.5,Dreyer2023,2,-1.3333333333333202,
few.REVE.Dreyer.5,Dreyer2023,3,-6.66666666666666,
few.REVE.Dreyer.5,Dreyer2023,5,-4.0245584642661925e-15,
few.REVE.Dreyer.5,Dreyer2023,6,0.6666666666666601,
few.REVE.Dreyer.5,Dreyer2023,7,0.83333333333333,
few.REVE.Dreyer.5,Dreyer2023,8,9.666666666666659,
few.REVE.Dreyer.5,Dreyer2023,10,-2.0,
few.REVE.Dreyer.5,Dreyer2023,11,2.83333333333333,
few.REVE.Dreyer.5,Dreyer2023,12,0.83333333333333,
few.REVE.Dreyer.5,Dreyer2023,13,-0.49999999999999,
few.REVE.Dreyer.5,Dreyer2023,14,0.83333333333333,
few.REVE.Dreyer.5,Dreyer2023,15,-1.33333333333333,
few.REVE.Dreyer.5,Dreyer2023,16,1.99999999999999,
few.REVE.Dreyer.5,Dreyer2023,18,-0.6666666666666601,
few.REVE.Dreyer.5,Dreyer2023,19,-1.33333333333333,
few.REVE.Dreyer.5,Dreyer2023,20,0.0,
few.REVE.Dreyer.5,Dreyer2023,21,-2.3333333333333197,
few.REVE.Dreyer.5,Dreyer2023,22,-4.16666666666666,
few.REVE.Dreyer.5,Dreyer2023,23,3.16666666666666,
few.REVE.Dreyer.5,Dreyer2023,24,-0.33333333333333004,
few.REVE.Dreyer.5,Dreyer2023,25,3.0,
few.REVE.Dreyer.5,Dreyer2023,26,-0.83333333333333,
few.REVE.Dreyer.5,Dreyer2023,27,4.16666666666666,
few.REVE.Dreyer.5,Dreyer2023,28,4.66666666666666,
few.REVE.Dreyer.5,Dreyer2023,30,-0.16666666666666,
few.REVE.Dreyer.5,Dreyer2023,31,-3.99999999999999,
few.REVE.Dreyer.5,Dreyer2023,32,4.8333333333333295,
few.REVE.Dreyer.5,Dreyer2023,33,1.33333333333333,
few.REVE.Dreyer.5,Dreyer2023,34,2.66666666666666,
few.REVE.Dreyer.5,Dreyer2023,35,0.8333333333333199,
few.REVE.Dreyer.5,Dreyer2023,36,-7.666666666666661,
few.REVE.Dreyer.5,Dreyer2023,37,6.33333333333332,
few.REVE.Dreyer.5,Dreyer2023,38,-2.66666666666666,
few.REVE.Dreyer.5,Dreyer2023,39,-3.33333333333333,
few.REVE.Dreyer.5,Dreyer2023,40,-1.03448275862069,
few.REVE.Dreyer.5,Dreyer2023,42,-0.16666666666667,
few.REVE.Dreyer.5,Dreyer2023,43,-1.49999999999999,
few.REVE.Dreyer.5,Dreyer2023,44,1.33333333333333,
few.REVE.Dreyer.5,Dreyer2023,45,9.5,
few.REVE.Dreyer.5,Dreyer2023,46,3.66666666666666,
few.REVE.Dreyer.5,Dreyer2023,47,0.16666666666666,
few.REVE.Dreyer.5,Dreyer2023,48,4.16666666666665,
few.REVE.Dreyer.5,Dreyer2023,49,-1.16666666666667,
few.REVE.Dreyer.5,Dreyer2023,50,2.1666666666666603,
few.REVE.Dreyer.5,Dreyer2023,51,0.0,
few.REVE.Dreyer.5,Dreyer2023,52,6.66666666666666,
few.REVE.Dreyer.5,Dreyer2023,53,2.1666666666666603,
few.REVE.Dreyer.5,Dreyer2023,54,-2.99999999999999,
few.REVE.Dreyer.5,Dreyer2023,55,2.83333333333333,
few.REVE.Dreyer.5,Dreyer2023,56,1.0,
few.REVE.Dreyer.5,Dreyer2023,57,1.66666666666666,
few.REVE.Dreyer.5,Dreyer2023,58,0.0,
few.REVE.Dreyer.5,Dreyer2023,59,2.25,
few.REVE.Dreyer.5,Dreyer2023,60,1.5,
few.REVE.Dreyer.5,Dreyer2023,61,0.33333333333333004,
few.REVE.Dreyer.5,Dreyer2023,62,-1.33333333333333,
few.REVE.Dreyer.5,Dreyer2023,63,-1.16666666666667,
few.REVE.Dreyer.5,Dreyer2023,64,1.99999999999999,
few.REVE.Dreyer.5,Dreyer2023,65,1.0,
few.REVE.Dreyer.5,Dreyer2023,66,0.6666666666666601,
few.REVE.Dreyer.5,Dreyer2023,67,0.99999999999999,
few.REVE.Dreyer.5,Dreyer2023,68,-0.49999999999999,
few.REVE.Dreyer.5,Dreyer2023,69,0.33333333333333004,
few.REVE.Dreyer.5,Dreyer2023,70,2.1666666666666603,
few.REVE.Dreyer.5,Dreyer2023,71,0.33333333333333004,
few.REVE.Dreyer.5,Dreyer2023,72,-0.33333333333333004,
few.REVE.Dreyer.5,Dreyer2023,73,1.1666666666666599,
few.REVE.Dreyer.5,Dreyer2023,74,2.5,
few.REVE.Dreyer.5,Dreyer2023,75,-3.8333333333333304,
few.REVE.Dreyer.5,Dreyer2023,76,0.16666666666666,
few.REVE.Dreyer.5,Dreyer2023,77,-0.49999999999999,
few.REVE.Dreyer.5,Dreyer2023,80,6.833333333333321,
few.REVE.Dreyer.5,Dreyer2023,81,-16.0,
few.REVE.Dreyer.5,Dreyer2023,82,2.83333333333333,
few.REVE.Dreyer.5,Dreyer2023,83,0.16666666666666,
few.REVE.Dreyer.5,Dreyer2023,84,1.5,
few.REVE.Dreyer.5,Dreyer2023,85,5.33333333333332,
few.REVE.Dreyer.5,Dreyer2023,86,-2.3333333333333197,
few.REVE.Dreyer.5,Dreyer2023,87,-0.16666666666666,
few.REVE.Dreyer.10,Dreyer2023,1,-3.95516952522712e-15,
few.REVE.Dreyer.10,Dreyer2023,2,1.5,
few.REVE.Dreyer.10,Dreyer2023,3,-1.5,
few.REVE.Dreyer.10,Dreyer2023,5,0.49999999999999,
few.REVE.Dreyer.10,Dreyer2023,6,-5.66666666666666,
few.REVE.Dreyer.10,Dreyer2023,7,1.1666666666666599,
few.REVE.Dreyer.10,Dreyer2023,8,9.666666666666659,
few.REVE.Dreyer.10,Dreyer2023,10,-0.6666666666666601,
few.REVE.Dreyer.10,Dreyer2023,11,5.49999999999999,
few.REVE.Dreyer.10,Dreyer2023,12,-0.33333333333333004,
few.REVE.Dreyer.10,Dreyer2023,13,0.5,
few.REVE.Dreyer.10,Dreyer2023,14,-0.33333333333333004,
few.REVE.Dreyer.10,Dreyer2023,15,2.1666666666666603,
few.REVE.Dreyer.10,Dreyer2023,16,3.0,
few.REVE.Dreyer.10,Dreyer2023,18,-0.6666666666666601,
few.REVE.Dreyer.10,Dreyer2023,19,-0.6666666666666601,
few.REVE.Dreyer.10,Dreyer2023,20,0.33333333333333004,
few.REVE.Dreyer.10,Dreyer2023,21,0.99999999999999,
few.REVE.Dreyer.10,Dreyer2023,22,-6.833333333333321,
few.REVE.Dreyer.10,Dreyer2023,23,-2.5,
few.REVE.Dreyer.10,Dreyer2023,24,-0.6666666666666601,
few.REVE.Dreyer.10,Dreyer2023,25,3.66666666666666,
few.REVE.Dreyer.10,Dreyer2023,26,-0.83333333333333,
few.REVE.Dreyer.10,Dreyer2023,27,5.49999999999999,
few.REVE.Dreyer.10,Dreyer2023,28,2.33333333333333,
few.REVE.Dreyer.10,Dreyer2023,30,1.49999999999999,
few.REVE.Dreyer.10,Dreyer2023,31,-0.16666666666666,
few.REVE.Dreyer.10,Dreyer2023,32,6.16666666666666,
few.REVE.Dreyer.10,Dreyer2023,33,3.33333333333332,
few.REVE.Dreyer.10,Dreyer2023,34,6.833333333333321,
few.REVE.Dreyer.10,Dreyer2023,35,-1.5,
few.REVE.Dreyer.10,Dreyer2023,36,-4.66666666666667,
few.REVE.Dreyer.10,Dreyer2023,37,4.66666666666666,
few.REVE.Dreyer.10,Dreyer2023,38,6.93889390390723e-17,
few.REVE.Dreyer.10,Dreyer2023,39,0.83333333333333,
few.REVE.Dreyer.10,Dreyer2023,40,-0.34482758620689,
few.REVE.Dreyer.10,Dreyer2023,42,3.33333333333333,
few.REVE.Dreyer.10,Dreyer2023,43,-1.1666666666666599,
few.REVE.Dreyer.10,Dreyer2023,44,0.6666666666666601,
few.REVE.Dreyer.10,Dreyer2023,45,12.83333333333333,
few.REVE.Dreyer.10,Dreyer2023,46,-2.1666666666666603,
few.REVE.Dreyer.10,Dreyer2023,47,0.49999999999999,
few.REVE.Dreyer.10,Dreyer2023,48,3.16666666666666,
few.REVE.Dreyer.10,Dreyer2023,49,-6.3333333333333295,
few.REVE.Dreyer.10,Dreyer2023,50,1.1666666666666599,
few.REVE.Dreyer.10,Dreyer2023,51,4.0245584642661925e-15,
few.REVE.Dreyer.10,Dreyer2023,52,7.33333333333333,
few.REVE.Dreyer.10,Dreyer2023,53,0.49999999999999,
few.REVE.Dreyer.10,Dreyer2023,54,4.0245584642661925e-15,
few.REVE.Dreyer.10,Dreyer2023,55,3.16666666666666,
few.REVE.Dreyer.10,Dreyer2023,56,1.0,
few.REVE.Dreyer.10,Dreyer2023,57,3.8333333333333304,
few.REVE.Dreyer.10,Dreyer2023,58,1.0,
few.REVE.Dreyer.10,Dreyer2023,59,1.24999999999999,
few.REVE.Dreyer.10,Dreyer2023,60,2.66666666666666,
few.REVE.Dreyer.10,Dreyer2023,61,1.83333333333333,
few.REVE.Dreyer.10,Dreyer2023,62,-1.5,
few.REVE.Dreyer.10,Dreyer2023,63,0.99999999999999,
few.REVE.Dreyer.10,Dreyer2023,64,5.66666666666666,
few.REVE.Dreyer.10,Dreyer2023,65,0.33333333333333004,
few.REVE.Dreyer.10,Dreyer2023,66,2.33333333333333,
few.REVE.Dreyer.10,Dreyer2023,67,-0.6666666666666601,
few.REVE.Dreyer.10,Dreyer2023,68,-0.8333333333333199,
few.REVE.Dreyer.10,Dreyer2023,69,0.5,
few.REVE.Dreyer.10,Dreyer2023,70,3.99999999999999,
few.REVE.Dreyer.10,Dreyer2023,71,1.0,
few.REVE.Dreyer.10,Dreyer2023,72,6.16666666666666,
few.REVE.Dreyer.10,Dreyer2023,73,2.83333333333333,
few.REVE.Dreyer.10,Dreyer2023,74,3.33333333333333,
few.REVE.Dreyer.10,Dreyer2023,75,-0.33333333333333004,
few.REVE.Dreyer.10,Dreyer2023,76,-1.66666666666666,
few.REVE.Dreyer.10,Dreyer2023,77,2.5,
few.REVE.Dreyer.10,Dreyer2023,80,8.66666666666666,
few.REVE.Dreyer.10,Dreyer2023,81,-0.5,
few.REVE.Dreyer.10,Dreyer2023,82,8.49999999999999,
few.REVE.Dreyer.10,Dreyer2023,83,0.33333333333333004,
few.REVE.Dreyer.10,Dreyer2023,84,2.66666666666666,
few.REVE.Dreyer.10,Dreyer2023,85,3.66666666666666,
few.REVE.Dreyer.10,Dreyer2023,86,-1.66666666666666,
few.REVE.Dreyer.10,Dreyer2023,87,-4.66666666666666,
few.REVE.Dreyer.20,Dreyer2023,1,1.1666666666666599,
few.REVE.Dreyer.20,Dreyer2023,2,2.83333333333333,
few.REVE.Dreyer.20,Dreyer2023,3,-1.0,
few.REVE.Dreyer.20,Dreyer2023,5,0.6666666666666601,
few.REVE.Dreyer.20,Dreyer2023,6,1.83333333333333,
few.REVE.Dreyer.20,Dreyer2023,7,1.49999999999999,
few.REVE.Dreyer.20,Dreyer2023,8,10.5,
few.REVE.Dreyer.20,Dreyer2023,10,-0.33333333333333004,
few.REVE.Dreyer.20,Dreyer2023,11,8.33333333333332,
few.REVE.Dreyer.20,Dreyer2023,12,-0.83333333333333,
few.REVE.Dreyer.20,Dreyer2023,13,-0.16666666666666,
few.REVE.Dreyer.20,Dreyer2023,14,1.1666666666666599,
few.REVE.Dreyer.20,Dreyer2023,15,-1.83333333333333,
few.REVE.Dreyer.20,Dreyer2023,16,3.33333333333333,
few.REVE.Dreyer.20,Dreyer2023,18,0.83333333333333,
few.REVE.Dreyer.20,Dreyer2023,19,-1.0,
few.REVE.Dreyer.20,Dreyer2023,20,0.5,
few.REVE.Dreyer.20,Dreyer2023,21,0.6666666666666601,
few.REVE.Dreyer.20,Dreyer2023,22,-3.66666666666666,
few.REVE.Dreyer.20,Dreyer2023,23,0.33333333333333004,
few.REVE.Dreyer.20,Dreyer2023,24,1.0,
few.REVE.Dreyer.20,Dreyer2023,25,5.49999999999999,
few.REVE.Dreyer.20,Dreyer2023,26,-0.83333333333333,
few.REVE.Dreyer.20,Dreyer2023,27,6.33333333333332,
few.REVE.Dreyer.20,Dreyer2023,28,-0.33333333333333004,
few.REVE.Dreyer.20,Dreyer2023,30,1.66666666666666,
few.REVE.Dreyer.20,Dreyer2023,31,-2.0122792321330962e-15,
few.REVE.Dreyer.20,Dreyer2023,32,7.16666666666666,
few.REVE.Dreyer.20,Dreyer2023,33,1.83333333333333,
few.REVE.Dreyer.20,Dreyer2023,34,6.16666666666666,
few.REVE.Dreyer.20,Dreyer2023,35,2.83333333333333,
few.REVE.Dreyer.20,Dreyer2023,36,-6.0,
few.REVE.Dreyer.20,Dreyer2023,37,7.16666666666666,
few.REVE.Dreyer.20,Dreyer2023,38,0.83333333333333,
few.REVE.Dreyer.20,Dreyer2023,39,-2.1666666666666603,
few.REVE.Dreyer.20,Dreyer2023,40,1.03448275862069,
few.REVE.Dreyer.20,Dreyer2023,42,2.83333333333333,
few.REVE.Dreyer.20,Dreyer2023,43,0.16666666666666,
few.REVE.Dreyer.20,Dreyer2023,44,2.33333333333333,
few.REVE.Dreyer.20,Dreyer2023,45,11.166666666666659,
few.REVE.Dreyer.20,Dreyer2023,46,-0.5,
few.REVE.Dreyer.20,Dreyer2023,47,-1.33333333333333,
few.REVE.Dreyer.20,Dreyer2023,48,2.1666666666666603,
few.REVE.Dreyer.20,Dreyer2023,49,3.16666666666666,
few.REVE.Dreyer.20,Dreyer2023,50,0.99999999999999,
few.REVE.Dreyer.20,Dreyer2023,51,-1.83333333333333,
few.REVE.Dreyer.20,Dreyer2023,52,7.16666666666666,
few.REVE.Dreyer.20,Dreyer2023,53,-1.0,
few.REVE.Dreyer.20,Dreyer2023,54,7.666666666666661,
few.REVE.Dreyer.20,Dreyer2023,55,4.5,
few.REVE.Dreyer.20,Dreyer2023,56,0.33333333333333004,
few.REVE.Dreyer.20,Dreyer2023,57,5.16666666666666,
few.REVE.Dreyer.20,Dreyer2023,58,0.5,
few.REVE.Dreyer.20,Dreyer2023,59,-1.24999999999999,
few.REVE.Dreyer.20,Dreyer2023,60,3.8333333333333197,
few.REVE.Dreyer.20,Dreyer2023,61,2.99999999999999,
few.REVE.Dreyer.20,Dreyer2023,62,3.16666666666666,
few.REVE.Dreyer.20,Dreyer2023,63,1.1666666666666599,
few.REVE.Dreyer.20,Dreyer2023,64,8.49999999999999,
few.REVE.Dreyer.20,Dreyer2023,65,2.66666666666666,
few.REVE.Dreyer.20,Dreyer2023,66,4.8333333333333295,
few.REVE.Dreyer.20,Dreyer2023,67,-0.5,
few.REVE.Dreyer.20,Dreyer2023,68,-2.83333333333333,
few.REVE.Dreyer.20,Dreyer2023,69,1.0,
few.REVE.Dreyer.20,Dreyer2023,70,6.3333333333333295,
few.REVE.Dreyer.20,Dreyer2023,71,2.33333333333333,
few.REVE.Dreyer.20,Dreyer2023,72,5.66666666666666,
few.REVE.Dreyer.20,Dreyer2023,73,-1.49999999999999,
few.REVE.Dreyer.20,Dreyer2023,74,3.0,
few.REVE.Dreyer.20,Dreyer2023,75,1.1666666666666599,
few.REVE.Dreyer.20,Dreyer2023,76,-0.83333333333333,
few.REVE.Dreyer.20,Dreyer2023,77,3.0,
few.REVE.Dreyer.20,Dreyer2023,80,10.83333333333333,
few.REVE.Dreyer.20,Dreyer2023,81,1.99999999999999,
few.REVE.Dreyer.20,Dreyer2023,82,9.33333333333332,
few.REVE.Dreyer.20,Dreyer2023,83,4.33333333333333,
few.REVE.Dreyer.20,Dreyer2023,84,2.66666666666666,
few.REVE.Dreyer.20,Dreyer2023,85,3.16666666666666,
few.REVE.Dreyer.20,Dreyer2023,86,4.0245584642661925e-15,
few.REVE.Dreyer.20,Dreyer2023,87,-0.16666666666666,
few.REVE.Dreyer.40,Dreyer2023,1,0.99999999999999,
few.REVE.Dreyer.40,Dreyer2023,2,3.66666666666666,
few.REVE.Dreyer.40,Dreyer2023,3,-2.83333333333333,
few.REVE.Dreyer.40,Dreyer2023,5,0.49999999999999,
few.REVE.Dreyer.40,Dreyer2023,6,2.4999999999999902,
few.REVE.Dreyer.40,Dreyer2023,7,1.49999999999999,
few.REVE.Dreyer.40,Dreyer2023,8,10.66666666666666,
few.REVE.Dreyer.40,Dreyer2023,10,0.33333333333333004,
few.REVE.Dreyer.40,Dreyer2023,11,13.99999999999999,
few.REVE.Dreyer.40,Dreyer2023,12,-1.33333333333333,
few.REVE.Dreyer.40,Dreyer2023,13,0.49999999999999,
few.REVE.Dreyer.40,Dreyer2023,14,3.99999999999999,
few.REVE.Dreyer.40,Dreyer2023,15,1.66666666666666,
few.REVE.Dreyer.40,Dreyer2023,16,3.16666666666666,
few.REVE.Dreyer.40,Dreyer2023,18,-1.1666666666666599,
few.REVE.Dreyer.40,Dreyer2023,19,-2.33333333333333,
few.REVE.Dreyer.40,Dreyer2023,20,-0.16666666666666,
few.REVE.Dreyer.40,Dreyer2023,21,1.66666666666666,
few.REVE.Dreyer.40,Dreyer2023,22,-1.33333333333333,
few.REVE.Dreyer.40,Dreyer2023,23,0.83333333333333,
few.REVE.Dreyer.40,Dreyer2023,24,1.1666666666666599,
few.REVE.Dreyer.40,Dreyer2023,25,6.49999999999999,
few.REVE.Dreyer.40,Dreyer2023,26,2.33333333333333,
few.REVE.Dreyer.40,Dreyer2023,27,4.99999999999999,
few.REVE.Dreyer.40,Dreyer2023,28,2.66666666666666,
few.REVE.Dreyer.40,Dreyer2023,30,5.99999999999999,
few.REVE.Dreyer.40,Dreyer2023,31,0.83333333333333,
few.REVE.Dreyer.40,Dreyer2023,32,7.666666666666661,
few.REVE.Dreyer.40,Dreyer2023,33,1.83333333333333,
few.REVE.Dreyer.40,Dreyer2023,34,9.83333333333333,
few.REVE.Dreyer.40,Dreyer2023,35,3.49999999999999,
few.REVE.Dreyer.40,Dreyer2023,36,2.16666666666665,
few.REVE.Dreyer.40,Dreyer2023,37,9.16666666666666,
few.REVE.Dreyer.40,Dreyer2023,38,2.1666666666666603,
few.REVE.Dreyer.40,Dreyer2023,39,1.66666666666666,
few.REVE.Dreyer.40,Dreyer2023,40,2.5862068965517198,
few.REVE.Dreyer.40,Dreyer2023,42,5.33333333333333,
few.REVE.Dreyer.40,Dreyer2023,43,-0.6666666666666601,
few.REVE.Dreyer.40,Dreyer2023,44,-3.33333333333333,
few.REVE.Dreyer.40,Dreyer2023,45,9.33333333333333,
few.REVE.Dreyer.40,Dreyer2023,46,-0.16666666666666,
few.REVE.Dreyer.40,Dreyer2023,47,1.99999999999999,
few.REVE.Dreyer.40,Dreyer2023,48,-3.66666666666666,
few.REVE.Dreyer.40,Dreyer2023,49,6.999999999999989,
few.REVE.Dreyer.40,Dreyer2023,50,2.4999999999999902,
few.REVE.Dreyer.40,Dreyer2023,51,0.16666666666667,
few.REVE.Dreyer.40,Dreyer2023,52,7.8333333333333295,
few.REVE.Dreyer.40,Dreyer2023,53,1.33333333333333,
few.REVE.Dreyer.40,Dreyer2023,54,8.33333333333333,
few.REVE.Dreyer.40,Dreyer2023,55,4.5,
few.REVE.Dreyer.40,Dreyer2023,56,1.83333333333333,
few.REVE.Dreyer.40,Dreyer2023,57,4.99999999999999,
few.REVE.Dreyer.40,Dreyer2023,58,0.33333333333333004,
few.REVE.Dreyer.40,Dreyer2023,59,-1.24999999999999,
few.REVE.Dreyer.40,Dreyer2023,60,2.99999999999999,
few.REVE.Dreyer.40,Dreyer2023,61,5.16666666666666,
few.REVE.Dreyer.40,Dreyer2023,62,6.66666666666665,
few.REVE.Dreyer.40,Dreyer2023,63,2.83333333333332,
few.REVE.Dreyer.40,Dreyer2023,64,7.8333333333333295,
few.REVE.Dreyer.40,Dreyer2023,65,0.99999999999999,
few.REVE.Dreyer.40,Dreyer2023,66,8.166666666666659,
few.REVE.Dreyer.40,Dreyer2023,67,-1.83333333333333,
few.REVE.Dreyer.40,Dreyer2023,68,0.83333333333333,
few.REVE.Dreyer.40,Dreyer2023,69,1.99999999999999,
few.REVE.Dreyer.40,Dreyer2023,70,9.499999999999991,
few.REVE.Dreyer.40,Dreyer2023,71,3.33333333333333,
few.REVE.Dreyer.40,Dreyer2023,72,12.333333333333329,
few.REVE.Dreyer.40,Dreyer2023,73,0.16666666666666,
few.REVE.Dreyer.40,Dreyer2023,74,2.83333333333333,
few.REVE.Dreyer.40,Dreyer2023,75,2.99999999999999,
few.REVE.Dreyer.40,Dreyer2023,76,1.83333333333333,
few.REVE.Dreyer.40,Dreyer2023,77,3.66666666666666,
few.REVE.Dreyer.40,Dreyer2023,80,9.16666666666666,
few.REVE.Dreyer.40,Dreyer2023,81,-2.33333333333333,
few.REVE.Dreyer.40,Dreyer2023,82,10.66666666666666,
few.REVE.Dreyer.40,Dreyer2023,83,6.33333333333332,
few.REVE.Dreyer.40,Dreyer2023,84,3.66666666666666,
few.REVE.Dreyer.40,Dreyer2023,85,4.16666666666665,
few.REVE.Dreyer.40,Dreyer2023,86,0.5,
few.REVE.Dreyer.40,Dreyer2023,87,-6.33333333333332,
few.REVE.PhysioNet.5,PhysionetMI,1,-0.83333333333333,
few.REVE.PhysioNet.5,PhysionetMI,2,0.46153846153846,
few.REVE.PhysioNet.5,PhysionetMI,3,-0.9848484848484799,
few.REVE.PhysioNet.5,PhysionetMI,4,1.8181818181818101,
few.REVE.PhysioNet.5,PhysionetMI,5,5.5303030303030205,
few.REVE.PhysioNet.5,PhysionetMI,6,1.28787878787878,
few.REVE.PhysioNet.5,PhysionetMI,7,0.0,
few.REVE.PhysioNet.5,PhysionetMI,8,0.75757575757575,
few.REVE.PhysioNet.5,PhysionetMI,9,0.07692307692308001,
few.REVE.PhysioNet.5,PhysionetMI,10,-1.84615384615384,
few.REVE.PhysioNet.5,PhysionetMI,11,0.0,
few.REVE.PhysioNet.5,PhysionetMI,12,-2.5,
few.REVE.PhysioNet.5,PhysionetMI,13,0.07575757575757,
few.REVE.PhysioNet.5,PhysionetMI,14,1.06060606060605,
few.REVE.PhysioNet.5,PhysionetMI,15,1.53846153846153,
few.REVE.PhysioNet.5,PhysionetMI,16,2.27272727272727,
few.REVE.PhysioNet.5,PhysionetMI,17,2.87878787878787,
few.REVE.PhysioNet.5,PhysionetMI,18,0.0,
few.REVE.PhysioNet.5,PhysionetMI,19,-1.74242424242423,
few.REVE.PhysioNet.5,PhysionetMI,20,1.8181818181818101,
few.REVE.PhysioNet.5,PhysionetMI,21,4.6212121212121104,
few.REVE.PhysioNet.5,PhysionetMI,22,0.0,
few.REVE.PhysioNet.5,PhysionetMI,23,-2.84615384615384,
few.REVE.PhysioNet.5,PhysionetMI,24,0.5303030303030299,
few.REVE.PhysioNet.5,PhysionetMI,25,-11.51515151515151,
few.REVE.PhysioNet.5,PhysionetMI,26,0.07692307692308001,
few.REVE.PhysioNet.5,PhysionetMI,27,2.5,
few.REVE.PhysioNet.5,PhysionetMI,28,0.83333333333333,
few.REVE.PhysioNet.5,PhysionetMI,29,0.0,
few.REVE.PhysioNet.5,PhysionetMI,30,1.51515151515151,
few.REVE.PhysioNet.5,PhysionetMI,31,-0.75757575757575,
few.REVE.PhysioNet.5,PhysionetMI,32,1.0,
few.REVE.PhysioNet.5,PhysionetMI,33,4.99999999999999,
few.REVE.PhysioNet.5,PhysionetMI,34,4.46153846153845,
few.REVE.PhysioNet.5,PhysionetMI,35,0.9090909090909001,
few.REVE.PhysioNet.5,PhysionetMI,36,-0.9090909090909001,
few.REVE.PhysioNet.5,PhysionetMI,37,6.66666666666666,
few.REVE.PhysioNet.5,PhysionetMI,38,2.5,
few.REVE.PhysioNet.5,PhysionetMI,39,-4.9242424242424105,
few.REVE.PhysioNet.5,PhysionetMI,40,0.0,
few.REVE.PhysioNet.5,PhysionetMI,41,-0.76923076923076,
few.REVE.PhysioNet.5,PhysionetMI,42,-0.83333333333333,
few.REVE.PhysioNet.5,PhysionetMI,43,0.0,
few.REVE.PhysioNet.5,PhysionetMI,44,-0.15151515151515,
few.REVE.PhysioNet.5,PhysionetMI,45,0.9090909090909001,
few.REVE.PhysioNet.5,PhysionetMI,46,0.07575757575757,
few.REVE.PhysioNet.5,PhysionetMI,47,3.2575757575757502,
few.REVE.PhysioNet.5,PhysionetMI,48,0.83333333333333,
few.REVE.PhysioNet.5,PhysionetMI,49,1.66666666666666,
few.REVE.PhysioNet.5,PhysionetMI,50,8.4090909090909,
few.REVE.PhysioNet.5,PhysionetMI,51,0.90909090909091,
few.REVE.PhysioNet.5,PhysionetMI,52,0.99999999999999,
few.REVE.PhysioNet.5,PhysionetMI,53,-0.22727272727272002,
few.REVE.PhysioNet.5,PhysionetMI,54,-3.63636363636363,
few.REVE.PhysioNet.5,PhysionetMI,55,-5.37878787878787,
few.REVE.PhysioNet.5,PhysionetMI,56,0.83333333333333,
few.REVE.PhysioNet.5,PhysionetMI,57,0.15151515151515,
few.REVE.PhysioNet.5,PhysionetMI,58,8.307692307692301,
few.REVE.PhysioNet.5,PhysionetMI,59,1.8939393939393898,
few.REVE.PhysioNet.5,PhysionetMI,60,0.76923076923076,
few.REVE.PhysioNet.5,PhysionetMI,61,0.0,
few.REVE.PhysioNet.5,PhysionetMI,62,0.9848484848484799,
few.REVE.PhysioNet.5,PhysionetMI,63,-4.6969696969697,
few.REVE.PhysioNet.5,PhysionetMI,64,3.4090909090909,
few.REVE.PhysioNet.5,PhysionetMI,65,-2.72727272727272,
few.REVE.PhysioNet.5,PhysionetMI,66,0.0,
few.REVE.PhysioNet.5,PhysionetMI,67,0.83333333333333,
few.REVE.PhysioNet.5,PhysionetMI,68,1.66666666666666,
few.REVE.PhysioNet.5,PhysionetMI,69,6.15384615384615,
few.REVE.PhysioNet.5,PhysionetMI,70,0.0,
few.REVE.PhysioNet.5,PhysionetMI,71,-3.5606060606060503,
few.REVE.PhysioNet.5,PhysionetMI,72,0.0,
few.REVE.PhysioNet.5,PhysionetMI,73,-1.06060606060605,
few.REVE.PhysioNet.5,PhysionetMI,74,-2.5,
few.REVE.PhysioNet.5,PhysionetMI,75,-1.59090909090908,
few.REVE.PhysioNet.5,PhysionetMI,76,-6.36363636363636,
few.REVE.PhysioNet.5,PhysionetMI,77,0.75757575757575,
few.REVE.PhysioNet.5,PhysionetMI,78,-1.13636363636363,
few.REVE.PhysioNet.5,PhysionetMI,79,-3.1060606060606,
few.REVE.PhysioNet.5,PhysionetMI,80,3.2307692307692197,
few.REVE.PhysioNet.5,PhysionetMI,81,0.9848484848484799,
few.REVE.PhysioNet.5,PhysionetMI,82,0.45454545454545003,
few.REVE.PhysioNet.5,PhysionetMI,83,1.3076923076923,
few.REVE.PhysioNet.5,PhysionetMI,84,-1.13636363636363,
few.REVE.PhysioNet.5,PhysionetMI,85,-0.07575757575757,
few.REVE.PhysioNet.5,PhysionetMI,86,-1.0,
few.REVE.PhysioNet.5,PhysionetMI,87,2.8030303030303,
few.REVE.PhysioNet.5,PhysionetMI,90,0.83333333333333,
few.REVE.PhysioNet.5,PhysionetMI,91,-0.45454545454545003,
few.REVE.PhysioNet.5,PhysionetMI,93,1.74242424242423,
few.REVE.PhysioNet.5,PhysionetMI,94,-4.16666666666665,
few.REVE.PhysioNet.5,PhysionetMI,95,2.07692307692307,
few.REVE.PhysioNet.5,PhysionetMI,96,0.0,
few.REVE.PhysioNet.5,PhysionetMI,97,-0.9090909090909001,
few.REVE.PhysioNet.5,PhysionetMI,98,0.22727272727272002,
few.REVE.PhysioNet.5,PhysionetMI,99,0.9848484848484799,
few.REVE.PhysioNet.5,PhysionetMI,101,0.0,
few.REVE.PhysioNet.5,PhysionetMI,102,0.07575757575757,
few.REVE.PhysioNet.5,PhysionetMI,103,-1.8181818181818101,
few.REVE.PhysioNet.5,PhysionetMI,105,0.0,
few.REVE.PhysioNet.5,PhysionetMI,107,-1.9696969696969597,
few.REVE.PhysioNet.5,PhysionetMI,108,1.7424242424242402,
few.REVE.PhysioNet.5,PhysionetMI,109,2.8030303030303,
few.REVE.PhysioNet.10,PhysionetMI,1,-1.66666666666666,
few.REVE.PhysioNet.10,PhysionetMI,2,2.69230769230768,
few.REVE.PhysioNet.10,PhysionetMI,3,0.83333333333333,
few.REVE.PhysioNet.10,PhysionetMI,4,1.8181818181818101,
few.REVE.PhysioNet.10,PhysionetMI,5,0.9848484848484799,
few.REVE.PhysioNet.10,PhysionetMI,6,1.2121212121212,
few.REVE.PhysioNet.10,PhysionetMI,7,0.0,
few.REVE.PhysioNet.10,PhysionetMI,8,-1.2878787878787898,
few.REVE.PhysioNet.10,PhysionetMI,9,0.38461538461538,
few.REVE.PhysioNet.10,PhysionetMI,10,0.92307692307691,
few.REVE.PhysioNet.10,PhysionetMI,11,-0.15151515151515,
few.REVE.PhysioNet.10,PhysionetMI,12,1.59090909090908,
few.REVE.PhysioNet.10,PhysionetMI,13,1.8939393939393898,
few.REVE.PhysioNet.10,PhysionetMI,14,1.8939393939393898,
few.REVE.PhysioNet.10,PhysionetMI,15,1.53846153846153,
few.REVE.PhysioNet.10,PhysionetMI,16,4.2424242424242395,
few.REVE.PhysioNet.10,PhysionetMI,17,5.5303030303030205,
few.REVE.PhysioNet.10,PhysionetMI,18,0.0,
few.REVE.PhysioNet.10,PhysionetMI,19,2.19696969696969,
few.REVE.PhysioNet.10,PhysionetMI,20,2.87878787878787,
few.REVE.PhysioNet.10,PhysionetMI,21,5.37878787878787,
few.REVE.PhysioNet.10,PhysionetMI,22,0.0,
few.REVE.PhysioNet.10,PhysionetMI,23,-3.07692307692307,
few.REVE.PhysioNet.10,PhysionetMI,24,-1.0606060606060599,
few.REVE.PhysioNet.10,PhysionetMI,25,-8.1060606060606,
few.REVE.PhysioNet.10,PhysionetMI,26,-5.38461538461537,
few.REVE.PhysioNet.10,PhysionetMI,27,1.66666666666666,
few.REVE.PhysioNet.10,PhysionetMI,28,-0.15151515151515,
few.REVE.PhysioNet.10,PhysionetMI,29,-2.42424242424242,
few.REVE.PhysioNet.10,PhysionetMI,30,-2.95454545454545,
few.REVE.PhysioNet.10,PhysionetMI,31,-0.22727272727272002,
few.REVE.PhysioNet.10,PhysionetMI,32,-0.99999999999999,
few.REVE.PhysioNet.10,PhysionetMI,33,4.16666666666666,
few.REVE.PhysioNet.10,PhysionetMI,34,7.99999999999999,
few.REVE.PhysioNet.10,PhysionetMI,35,0.0,
few.REVE.PhysioNet.10,PhysionetMI,36,-0.15151515151515,
few.REVE.PhysioNet.10,PhysionetMI,37,4.84848484848484,
few.REVE.PhysioNet.10,PhysionetMI,38,5.83333333333333,
few.REVE.PhysioNet.10,PhysionetMI,39,-3.4090909090909,
few.REVE.PhysioNet.10,PhysionetMI,40,0.0,
few.REVE.PhysioNet.10,PhysionetMI,41,0.23076923076923,
few.REVE.PhysioNet.10,PhysionetMI,42,0.83333333333333,
few.REVE.PhysioNet.10,PhysionetMI,43,0.0,
few.REVE.PhysioNet.10,PhysionetMI,44,0.6060606060606,
few.REVE.PhysioNet.10,PhysionetMI,45,-0.9090909090909001,
few.REVE.PhysioNet.10,PhysionetMI,46,-0.75757575757575,
few.REVE.PhysioNet.10,PhysionetMI,47,-0.60606060606061,
few.REVE.PhysioNet.10,PhysionetMI,48,0.83333333333333,
few.REVE.PhysioNet.10,PhysionetMI,49,1.66666666666666,
few.REVE.PhysioNet.10,PhysionetMI,50,9.69696969696969,
few.REVE.PhysioNet.10,PhysionetMI,51,-4.54545454545454,
few.REVE.PhysioNet.10,PhysionetMI,52,3.99999999999999,
few.REVE.PhysioNet.10,PhysionetMI,53,-1.1363636363636198,
few.REVE.PhysioNet.10,PhysionetMI,54,-0.83333333333333,
few.REVE.PhysioNet.10,PhysionetMI,55,-3.63636363636363,
few.REVE.PhysioNet.10,PhysionetMI,56,0.9090909090909001,
few.REVE.PhysioNet.10,PhysionetMI,57,2.72727272727272,
few.REVE.PhysioNet.10,PhysionetMI,58,8.61538461538461,
few.REVE.PhysioNet.10,PhysionetMI,59,4.54545454545454,
few.REVE.PhysioNet.10,PhysionetMI,60,0.0,
few.REVE.PhysioNet.10,PhysionetMI,61,0.0,
few.REVE.PhysioNet.10,PhysionetMI,62,0.9090909090909001,
few.REVE.PhysioNet.10,PhysionetMI,63,-2.12121212121213,
few.REVE.PhysioNet.10,PhysionetMI,64,6.51515151515151,
few.REVE.PhysioNet.10,PhysionetMI,65,-2.72727272727272,
few.REVE.PhysioNet.10,PhysionetMI,66,1.81818181818182,
few.REVE.PhysioNet.10,PhysionetMI,67,-1.2121212121212,
few.REVE.PhysioNet.10,PhysionetMI,68,0.9848484848484799,
few.REVE.PhysioNet.10,PhysionetMI,69,4.38461538461537,
few.REVE.PhysioNet.10,PhysionetMI,70,0.0,
few.REVE.PhysioNet.10,PhysionetMI,71,-1.7424242424242402,
few.REVE.PhysioNet.10,PhysionetMI,72,0.0,
few.REVE.PhysioNet.10,PhysionetMI,73,-2.57575757575757,
few.REVE.PhysioNet.10,PhysionetMI,74,0.83333333333333,
few.REVE.PhysioNet.10,PhysionetMI,75,-4.09090909090909,
few.REVE.PhysioNet.10,PhysionetMI,76,-7.34848484848485,
few.REVE.PhysioNet.10,PhysionetMI,77,0.22727272727272002,
few.REVE.PhysioNet.10,PhysionetMI,78,5.45454545454545,
few.REVE.PhysioNet.10,PhysionetMI,79,-2.65151515151515,
few.REVE.PhysioNet.10,PhysionetMI,80,3.15384615384615,
few.REVE.PhysioNet.10,PhysionetMI,81,2.12121212121211,
few.REVE.PhysioNet.10,PhysionetMI,82,4.09090909090909,
few.REVE.PhysioNet.10,PhysionetMI,83,2.4615384615384603,
few.REVE.PhysioNet.10,PhysionetMI,84,-0.83333333333333,
few.REVE.PhysioNet.10,PhysionetMI,85,1.51515151515151,
few.REVE.PhysioNet.10,PhysionetMI,86,-0.23076923076923,
few.REVE.PhysioNet.10,PhysionetMI,87,-4.015151515151509,
few.REVE.PhysioNet.10,PhysionetMI,90,0.75757575757575,
few.REVE.PhysioNet.10,PhysionetMI,91,-0.5303030303030299,
few.REVE.PhysioNet.10,PhysionetMI,93,0.75757575757575,
few.REVE.PhysioNet.10,PhysionetMI,94,-3.33333333333332,
few.REVE.PhysioNet.10,PhysionetMI,95,-0.53846153846153,
few.REVE.PhysioNet.10,PhysionetMI,96,-0.9848484848484799,
few.REVE.PhysioNet.10,PhysionetMI,97,-1.06060606060605,
few.REVE.PhysioNet.10,PhysionetMI,98,0.0,
few.REVE.PhysioNet.10,PhysionetMI,99,3.03030303030302,
few.REVE.PhysioNet.10,PhysionetMI,101,0.0,
few.REVE.PhysioNet.10,PhysionetMI,102,1.59090909090909,
few.REVE.PhysioNet.10,PhysionetMI,103,0.90909090909091,
few.REVE.PhysioNet.10,PhysionetMI,105,-0.15151515151514,
few.REVE.PhysioNet.10,PhysionetMI,107,0.83333333333333,
few.REVE.PhysioNet.10,PhysionetMI,108,-0.75757575757575,
few.REVE.PhysioNet.10,PhysionetMI,109,1.9696969696969597,
few.REVE.PhysioNet.20,PhysionetMI,1,-2.5,
few.REVE.PhysioNet.20,PhysionetMI,2,2.69230769230768,
few.REVE.PhysioNet.20,PhysionetMI,3,1.8181818181818101,
few.REVE.PhysioNet.20,PhysionetMI,4,0.9090909090909001,
few.REVE.PhysioNet.20,PhysionetMI,5,6.1363636363636305,
few.REVE.PhysioNet.20,PhysionetMI,6,0.3030303030303,
few.REVE.PhysioNet.20,PhysionetMI,7,0.0,
few.REVE.PhysioNet.20,PhysionetMI,8,-4.92424242424242,
few.REVE.PhysioNet.20,PhysionetMI,9,-1.6153846153846099,
few.REVE.PhysioNet.20,PhysionetMI,10,2.69230769230768,
few.REVE.PhysioNet.20,PhysionetMI,11,-0.37878787878787,
few.REVE.PhysioNet.20,PhysionetMI,12,4.92424242424242,
few.REVE.PhysioNet.20,PhysionetMI,13,1.13636363636363,
few.REVE.PhysioNet.20,PhysionetMI,14,1.66666666666666,
few.REVE.PhysioNet.20,PhysionetMI,15,1.53846153846153,
few.REVE.PhysioNet.20,PhysionetMI,16,4.84848484848484,
few.REVE.PhysioNet.20,PhysionetMI,17,4.6212121212121104,
few.REVE.PhysioNet.20,PhysionetMI,18,0.0,
few.REVE.PhysioNet.20,PhysionetMI,19,-1.8181818181818101,
few.REVE.PhysioNet.20,PhysionetMI,20,4.46969696969696,
few.REVE.PhysioNet.20,PhysionetMI,21,2.4999999999999902,
few.REVE.PhysioNet.20,PhysionetMI,22,0.0,
few.REVE.PhysioNet.20,PhysionetMI,23,-0.07692307692306999,
few.REVE.PhysioNet.20,PhysionetMI,24,5.98484848484848,
few.REVE.PhysioNet.20,PhysionetMI,25,-2.57575757575757,
few.REVE.PhysioNet.20,PhysionetMI,26,4.8461538461538405,
few.REVE.PhysioNet.20,PhysionetMI,27,2.5,
few.REVE.PhysioNet.20,PhysionetMI,28,-1.8939393939393898,
few.REVE.PhysioNet.20,PhysionetMI,29,0.07575757575757,
few.REVE.PhysioNet.20,PhysionetMI,30,2.42424242424242,
few.REVE.PhysioNet.20,PhysionetMI,31,-0.9090909090909001,
few.REVE.PhysioNet.20,PhysionetMI,32,-1.99999999999999,
few.REVE.PhysioNet.20,PhysionetMI,33,6.66666666666666,
few.REVE.PhysioNet.20,PhysionetMI,34,7.76923076923076,
few.REVE.PhysioNet.20,PhysionetMI,35,-0.9090909090909001,
few.REVE.PhysioNet.20,PhysionetMI,36,0.83333333333333,
few.REVE.PhysioNet.20,PhysionetMI,37,6.66666666666666,
few.REVE.PhysioNet.20,PhysionetMI,38,-0.15151515151515,
few.REVE.PhysioNet.20,PhysionetMI,39,-3.4848484848484804,
few.REVE.PhysioNet.20,PhysionetMI,40,0.0,
few.REVE.PhysioNet.20,PhysionetMI,41,0.23076923076923,
few.REVE.PhysioNet.20,PhysionetMI,42,0.83333333333333,
few.REVE.PhysioNet.20,PhysionetMI,43,0.0,
few.REVE.PhysioNet.20,PhysionetMI,44,-3.1060606060606,
few.REVE.PhysioNet.20,PhysionetMI,45,1.51515151515151,
few.REVE.PhysioNet.20,PhysionetMI,46,1.36363636363636,
few.REVE.PhysioNet.20,PhysionetMI,47,1.9696969696969597,
few.REVE.PhysioNet.20,PhysionetMI,48,1.66666666666666,
few.REVE.PhysioNet.20,PhysionetMI,49,5.83333333333333,
few.REVE.PhysioNet.20,PhysionetMI,50,12.34848484848484,
few.REVE.PhysioNet.20,PhysionetMI,51,2.7272727272727297,
few.REVE.PhysioNet.20,PhysionetMI,52,0.99999999999999,
few.REVE.PhysioNet.20,PhysionetMI,53,2.5,
few.REVE.PhysioNet.20,PhysionetMI,54,0.07575757575757,
few.REVE.PhysioNet.20,PhysionetMI,55,0.9090909090909001,
few.REVE.PhysioNet.20,PhysionetMI,56,2.72727272727272,
few.REVE.PhysioNet.20,PhysionetMI,57,2.72727272727272,
few.REVE.PhysioNet.20,PhysionetMI,58,7.53846153846153,
few.REVE.PhysioNet.20,PhysionetMI,59,2.19696969696969,
few.REVE.PhysioNet.20,PhysionetMI,60,0.76923076923076,
few.REVE.PhysioNet.20,PhysionetMI,61,-0.9090909090909001,
few.REVE.PhysioNet.20,PhysionetMI,62,0.9090909090909001,
few.REVE.PhysioNet.20,PhysionetMI,63,-5.530303030303029,
few.REVE.PhysioNet.20,PhysionetMI,64,6.51515151515151,
few.REVE.PhysioNet.20,PhysionetMI,65,-1.8181818181818101,
few.REVE.PhysioNet.20,PhysionetMI,66,0.07575757575757,
few.REVE.PhysioNet.20,PhysionetMI,67,-4.54545454545454,
few.REVE.PhysioNet.20,PhysionetMI,68,1.7424242424242402,
few.REVE.PhysioNet.20,PhysionetMI,69,4.38461538461537,
few.REVE.PhysioNet.20,PhysionetMI,70,0.0,
few.REVE.PhysioNet.20,PhysionetMI,71,-2.72727272727272,
few.REVE.PhysioNet.20,PhysionetMI,72,0.0,
few.REVE.PhysioNet.20,PhysionetMI,73,-0.07575757575757,
few.REVE.PhysioNet.20,PhysionetMI,74,1.59090909090908,
few.REVE.PhysioNet.20,PhysionetMI,75,0.07575757575757,
few.REVE.PhysioNet.20,PhysionetMI,76,-8.1060606060606,
few.REVE.PhysioNet.20,PhysionetMI,77,1.8181818181818101,
few.REVE.PhysioNet.20,PhysionetMI,78,1.74242424242423,
few.REVE.PhysioNet.20,PhysionetMI,79,-1.59090909090908,
few.REVE.PhysioNet.20,PhysionetMI,80,0.23076923076923,
few.REVE.PhysioNet.20,PhysionetMI,81,3.03030303030302,
few.REVE.PhysioNet.20,PhysionetMI,82,2.34848484848484,
few.REVE.PhysioNet.20,PhysionetMI,83,3.99999999999999,
few.REVE.PhysioNet.20,PhysionetMI,84,2.5,
few.REVE.PhysioNet.20,PhysionetMI,85,0.68181818181818,
few.REVE.PhysioNet.20,PhysionetMI,86,0.76923076923076,
few.REVE.PhysioNet.20,PhysionetMI,87,2.57575757575757,
few.REVE.PhysioNet.20,PhysionetMI,90,1.66666666666666,
few.REVE.PhysioNet.20,PhysionetMI,91,0.37878787878787,
few.REVE.PhysioNet.20,PhysionetMI,93,3.33333333333333,
few.REVE.PhysioNet.20,PhysionetMI,94,4.0245584642661925e-15,
few.REVE.PhysioNet.20,PhysionetMI,95,1.07692307692307,
few.REVE.PhysioNet.20,PhysionetMI,96,-2.4999999999999902,
few.REVE.PhysioNet.20,PhysionetMI,97,0.90909090909091,
few.REVE.PhysioNet.20,PhysionetMI,98,7.49999999999999,
few.REVE.PhysioNet.20,PhysionetMI,99,4.84848484848484,
few.REVE.PhysioNet.20,PhysionetMI,101,0.76923076923076,
few.REVE.PhysioNet.20,PhysionetMI,102,2.42424242424242,
few.REVE.PhysioNet.20,PhysionetMI,103,7.5,
few.REVE.PhysioNet.20,PhysionetMI,105,1.7424242424242402,
few.REVE.PhysioNet.20,PhysionetMI,107,-3.885780586188048e-15,
few.REVE.PhysioNet.20,PhysionetMI,108,0.90909090909091,
few.REVE.PhysioNet.20,PhysionetMI,109,4.16666666666666,
few.LaBraM.Cho.5,Cho2017,1,-0.59999999999999,
few.LaBraM.Cho.5,Cho2017,2,-0.2,
few.LaBraM.Cho.5,Cho2017,3,1.79999999999999,
few.LaBraM.Cho.5,Cho2017,4,-3.2,
few.LaBraM.Cho.5,Cho2017,5,15.6,
few.LaBraM.Cho.5,Cho2017,6,-0.39999999999999003,
few.LaBraM.Cho.5,Cho2017,7,-0.16666666666666,
few.LaBraM.Cho.5,Cho2017,8,-5.79999999999999,
few.LaBraM.Cho.5,Cho2017,9,-0.83333333333333,
few.LaBraM.Cho.5,Cho2017,10,-3.3999999999999897,
few.LaBraM.Cho.5,Cho2017,11,-0.2,
few.LaBraM.Cho.5,Cho2017,12,0.6,
few.LaBraM.Cho.5,Cho2017,13,11.99999999999999,
few.LaBraM.Cho.5,Cho2017,14,1.7999999999999998,
few.LaBraM.Cho.5,Cho2017,15,2.19999999999999,
few.LaBraM.Cho.5,Cho2017,16,1.6,
few.LaBraM.Cho.5,Cho2017,17,1.7999999999999998,
few.LaBraM.Cho.5,Cho2017,18,-2.99999999999999,
few.LaBraM.Cho.5,Cho2017,19,1.4000000000000001,
few.LaBraM.Cho.5,Cho2017,20,0.39999999999999003,
few.LaBraM.Cho.5,Cho2017,21,1.7999999999999998,
few.LaBraM.Cho.5,Cho2017,22,-3.79999999999999,
few.LaBraM.Cho.5,Cho2017,23,0.8,
few.LaBraM.Cho.5,Cho2017,24,0.4,
few.LaBraM.Cho.5,Cho2017,25,-5.59999999999999,
few.LaBraM.Cho.5,Cho2017,26,0.4,
few.LaBraM.Cho.5,Cho2017,27,-0.39999999999999003,
few.LaBraM.Cho.5,Cho2017,28,15.199999999999992,
few.LaBraM.Cho.5,Cho2017,29,-2.0,
few.LaBraM.Cho.5,Cho2017,30,3.0,
few.LaBraM.Cho.5,Cho2017,31,0.8,
few.LaBraM.Cho.5,Cho2017,32,1.6,
few.LaBraM.Cho.5,Cho2017,33,-4.1999999999999895,
few.LaBraM.Cho.5,Cho2017,34,2.19999999999999,
few.LaBraM.Cho.5,Cho2017,35,1.19999999999999,
few.LaBraM.Cho.5,Cho2017,36,-1.99999999999999,
few.LaBraM.Cho.5,Cho2017,37,-1.7999999999999998,
few.LaBraM.Cho.5,Cho2017,38,0.4,
few.LaBraM.Cho.5,Cho2017,39,-1.2,
few.LaBraM.Cho.5,Cho2017,40,-1.2,
few.LaBraM.Cho.5,Cho2017,41,3.99999999999999,
few.LaBraM.Cho.5,Cho2017,42,-0.39999999999999003,
few.LaBraM.Cho.5,Cho2017,43,0.39999999999999003,
few.LaBraM.Cho.5,Cho2017,44,0.4,
few.LaBraM.Cho.5,Cho2017,45,1.39999999999999,
few.LaBraM.Cho.5,Cho2017,46,-2.83333333333333,
few.LaBraM.Cho.5,Cho2017,47,2.1999999999999997,
few.LaBraM.Cho.5,Cho2017,48,0.39999999999999003,
few.LaBraM.Cho.5,Cho2017,49,-0.2,
few.LaBraM.Cho.5,Cho2017,50,0.2,
few.LaBraM.Cho.5,Cho2017,51,2.6,
few.LaBraM.Cho.5,Cho2017,52,0.2,
few.LaBraM.Cho.10,Cho2017,1,3.59999999999999,
few.LaBraM.Cho.10,Cho2017,2,-0.6,
few.LaBraM.Cho.10,Cho2017,3,0.7999999999999899,
few.LaBraM.Cho.10,Cho2017,4,1.5999999999999899,
few.LaBraM.Cho.10,Cho2017,5,15.2,
few.LaBraM.Cho.10,Cho2017,6,3.0,
few.LaBraM.Cho.10,Cho2017,7,0.33333333333332,
few.LaBraM.Cho.10,Cho2017,8,-2.5999999999999903,
few.LaBraM.Cho.10,Cho2017,9,2.99999999999999,
few.LaBraM.Cho.10,Cho2017,10,-2.0,
few.LaBraM.Cho.10,Cho2017,11,-3.3999999999999897,
few.LaBraM.Cho.10,Cho2017,12,0.0,
few.LaBraM.Cho.10,Cho2017,13,21.599999999999987,
few.LaBraM.Cho.10,Cho2017,14,6.6000000000000005,
few.LaBraM.Cho.10,Cho2017,15,3.79999999999999,
few.LaBraM.Cho.10,Cho2017,16,-0.7999999999999899,
few.LaBraM.Cho.10,Cho2017,17,0.19999999999999,
few.LaBraM.Cho.10,Cho2017,18,-0.19999999999999,
few.LaBraM.Cho.10,Cho2017,19,3.8,
few.LaBraM.Cho.10,Cho2017,20,-0.39999999999999003,
few.LaBraM.Cho.10,Cho2017,21,-0.7999999999999899,
few.LaBraM.Cho.10,Cho2017,22,-3.3999999999999897,
few.LaBraM.Cho.10,Cho2017,23,4.3999999999999995,
few.LaBraM.Cho.10,Cho2017,24,2.39999999999999,
few.LaBraM.Cho.10,Cho2017,25,-1.2,
few.LaBraM.Cho.10,Cho2017,26,0.4,
few.LaBraM.Cho.10,Cho2017,27,-0.7999999999999899,
few.LaBraM.Cho.10,Cho2017,28,18.599999999999987,
few.LaBraM.Cho.10,Cho2017,29,-2.1999999999999997,
few.LaBraM.Cho.10,Cho2017,30,12.2,
few.LaBraM.Cho.10,Cho2017,31,1.39999999999999,
few.LaBraM.Cho.10,Cho2017,32,2.0,
few.LaBraM.Cho.10,Cho2017,33,-6.599999999999991,
few.LaBraM.Cho.10,Cho2017,34,1.99999999999999,
few.LaBraM.Cho.10,Cho2017,35,-2.99999999999999,
few.LaBraM.Cho.10,Cho2017,36,1.0,
few.LaBraM.Cho.10,Cho2017,37,-6.036837696399288e-15,
few.LaBraM.Cho.10,Cho2017,38,3.3999999999999897,
few.LaBraM.Cho.10,Cho2017,39,-2.0,
few.LaBraM.Cho.10,Cho2017,40,-0.59999999999999,
few.LaBraM.Cho.10,Cho2017,41,1.99999999999999,
few.LaBraM.Cho.10,Cho2017,42,3.8,
few.LaBraM.Cho.10,Cho2017,43,1.4000000000000001,
few.LaBraM.Cho.10,Cho2017,44,1.39999999999999,
few.LaBraM.Cho.10,Cho2017,45,3.2,
few.LaBraM.Cho.10,Cho2017,46,-4.0,
few.LaBraM.Cho.10,Cho2017,47,3.0,
few.LaBraM.Cho.10,Cho2017,48,4.39999999999999,
few.LaBraM.Cho.10,Cho2017,49,-1.99999999999999,
few.LaBraM.Cho.10,Cho2017,50,0.8,
few.LaBraM.Cho.10,Cho2017,51,0.39999999999999003,
few.LaBraM.Cho.10,Cho2017,52,1.6,
few.LaBraM.Cho.20,Cho2017,1,6.599999999999991,
few.LaBraM.Cho.20,Cho2017,2,0.0,
few.LaBraM.Cho.20,Cho2017,3,9.39999999999999,
few.LaBraM.Cho.20,Cho2017,4,4.99999999999999,
few.LaBraM.Cho.20,Cho2017,5,15.4,
few.LaBraM.Cho.20,Cho2017,6,3.0,
few.LaBraM.Cho.20,Cho2017,7,-0.33333333333333004,
few.LaBraM.Cho.20,Cho2017,8,-2.79999999999999,
few.LaBraM.Cho.20,Cho2017,9,2.4999999999999902,
few.LaBraM.Cho.20,Cho2017,10,1.2,
few.LaBraM.Cho.20,Cho2017,11,-0.59999999999999,
few.LaBraM.Cho.20,Cho2017,12,-1.79999999999999,
few.LaBraM.Cho.20,Cho2017,13,23.39999999999999,
few.LaBraM.Cho.20,Cho2017,14,10.39999999999999,
few.LaBraM.Cho.20,Cho2017,15,3.3999999999999897,
few.LaBraM.Cho.20,Cho2017,16,1.4000000000000001,
few.LaBraM.Cho.20,Cho2017,17,2.4,
few.LaBraM.Cho.20,Cho2017,18,4.232725281383409e-15,
few.LaBraM.Cho.20,Cho2017,19,0.19999999999999,
few.LaBraM.Cho.20,Cho2017,20,2.4,
few.LaBraM.Cho.20,Cho2017,21,1.6,
few.LaBraM.Cho.20,Cho2017,22,-1.39999999999999,
few.LaBraM.Cho.20,Cho2017,23,3.4000000000000004,
few.LaBraM.Cho.20,Cho2017,24,2.19999999999999,
few.LaBraM.Cho.20,Cho2017,25,0.6,
few.LaBraM.Cho.20,Cho2017,26,0.4,
few.LaBraM.Cho.20,Cho2017,27,1.19999999999999,
few.LaBraM.Cho.20,Cho2017,28,16.99999999999999,
few.LaBraM.Cho.20,Cho2017,29,-1.2,
few.LaBraM.Cho.20,Cho2017,30,22.8,
few.LaBraM.Cho.20,Cho2017,31,-0.39999999999999003,
few.LaBraM.Cho.20,Cho2017,32,2.6,
few.LaBraM.Cho.20,Cho2017,33,-5.399999999999991,
few.LaBraM.Cho.20,Cho2017,34,-0.2,
few.LaBraM.Cho.20,Cho2017,35,2.19999999999999,
few.LaBraM.Cho.20,Cho2017,36,2.5999999999999903,
few.LaBraM.Cho.20,Cho2017,37,1.99999999999999,
few.LaBraM.Cho.20,Cho2017,38,0.39999999999999003,
few.LaBraM.Cho.20,Cho2017,39,0.39999999999999003,
few.LaBraM.Cho.20,Cho2017,40,-0.59999999999999,
few.LaBraM.Cho.20,Cho2017,41,4.99999999999999,
few.LaBraM.Cho.20,Cho2017,42,4.1999999999999895,
few.LaBraM.Cho.20,Cho2017,43,1.7999999999999998,
few.LaBraM.Cho.20,Cho2017,44,2.19999999999999,
few.LaBraM.Cho.20,Cho2017,45,1.6,
few.LaBraM.Cho.20,Cho2017,46,-2.83333333333333,
few.LaBraM.Cho.20,Cho2017,47,4.79999999999999,
few.LaBraM.Cho.20,Cho2017,48,5.19999999999999,
few.LaBraM.Cho.20,Cho2017,49,-5.4,
few.LaBraM.Cho.20,Cho2017,50,0.8,
few.LaBraM.Cho.20,Cho2017,51,0.4,
few.LaBraM.Cho.20,Cho2017,52,4.59999999999999,
few.LaBraM.Cho.40,Cho2017,1,4.39999999999999,
few.LaBraM.Cho.40,Cho2017,2,2.0,
few.LaBraM.Cho.40,Cho2017,3,9.39999999999999,
few.LaBraM.Cho.40,Cho2017,4,-3.4000000000000004,
few.LaBraM.Cho.40,Cho2017,5,15.4,
few.LaBraM.Cho.40,Cho2017,6,-0.39999999999999003,
few.LaBraM.Cho.40,Cho2017,7,1.83333333333333,
few.LaBraM.Cho.40,Cho2017,8,1.19999999999999,
few.LaBraM.Cho.40,Cho2017,9,2.4999999999999902,
few.LaBraM.Cho.40,Cho2017,10,2.0,
few.LaBraM.Cho.40,Cho2017,11,0.2,
few.LaBraM.Cho.40,Cho2017,12,0.39999999999999003,
few.LaBraM.Cho.40,Cho2017,13,23.39999999999999,
few.LaBraM.Cho.40,Cho2017,14,14.79999999999999,
few.LaBraM.Cho.40,Cho2017,15,0.7999999999999899,
few.LaBraM.Cho.40,Cho2017,16,1.4000000000000001,
few.LaBraM.Cho.40,Cho2017,17,7.59999999999999,
few.LaBraM.Cho.40,Cho2017,18,1.4000000000000001,
few.LaBraM.Cho.40,Cho2017,19,4.0,
few.LaBraM.Cho.40,Cho2017,20,1.4000000000000001,
few.LaBraM.Cho.40,Cho2017,21,2.1999999999999997,
few.LaBraM.Cho.40,Cho2017,22,-0.8,
few.LaBraM.Cho.40,Cho2017,23,5.0,
few.LaBraM.Cho.40,Cho2017,24,5.19999999999999,
few.LaBraM.Cho.40,Cho2017,25,-0.19999999999999,
few.LaBraM.Cho.40,Cho2017,26,0.4,
few.LaBraM.Cho.40,Cho2017,27,4.99999999999999,
few.LaBraM.Cho.40,Cho2017,28,15.19999999999998,
few.LaBraM.Cho.40,Cho2017,29,-2.6,
few.LaBraM.Cho.40,Cho2017,30,24.4,
few.LaBraM.Cho.40,Cho2017,31,1.4000000000000001,
few.LaBraM.Cho.40,Cho2017,32,4.0,
few.LaBraM.Cho.40,Cho2017,33,-0.6,
few.LaBraM.Cho.40,Cho2017,34,-3.0,
few.LaBraM.Cho.40,Cho2017,35,-10.39999999999999,
few.LaBraM.Cho.40,Cho2017,36,2.4,
few.LaBraM.Cho.40,Cho2017,37,0.7999999999999899,
few.LaBraM.Cho.40,Cho2017,38,3.3999999999999897,
few.LaBraM.Cho.40,Cho2017,39,-2.0,
few.LaBraM.Cho.40,Cho2017,40,1.2,
few.LaBraM.Cho.40,Cho2017,41,4.99999999999999,
few.LaBraM.Cho.40,Cho2017,42,4.1999999999999895,
few.LaBraM.Cho.40,Cho2017,43,2.1999999999999997,
few.LaBraM.Cho.40,Cho2017,44,1.5999999999999899,
few.LaBraM.Cho.40,Cho2017,45,-0.19999999999999,
few.LaBraM.Cho.40,Cho2017,46,-1.66666666666667,
few.LaBraM.Cho.40,Cho2017,47,3.99999999999999,
few.LaBraM.Cho.40,Cho2017,48,5.399999999999991,
few.LaBraM.Cho.40,Cho2017,49,1.2,
few.LaBraM.Cho.40,Cho2017,50,0.8,
few.LaBraM.Cho.40,Cho2017,51,-1.19999999999999,
few.LaBraM.Cho.40,Cho2017,52,3.3999999999999897,
few.LaBraM.Dreyer.5,Dreyer2023,1,-0.5,
few.LaBraM.Dreyer.5,Dreyer2023,2,-3.99999999999999,
few.LaBraM.Dreyer.5,Dreyer2023,3,-10.999999999999991,
few.LaBraM.Dreyer.5,Dreyer2023,5,0.49999999999999,
few.LaBraM.Dreyer.5,Dreyer2023,6,-0.16666666666666,
few.LaBraM.Dreyer.5,Dreyer2023,7,-0.49999999999999,
few.LaBraM.Dreyer.5,Dreyer2023,8,2.4999999999999902,
few.LaBraM.Dreyer.5,Dreyer2023,10,-0.5,
few.LaBraM.Dreyer.5,Dreyer2023,11,1.99999999999999,
few.LaBraM.Dreyer.5,Dreyer2023,12,0.83333333333333,
few.LaBraM.Dreyer.5,Dreyer2023,13,1.66666666666666,
few.LaBraM.Dreyer.5,Dreyer2023,14,1.83333333333333,
few.LaBraM.Dreyer.5,Dreyer2023,15,1.49999999999999,
few.LaBraM.Dreyer.5,Dreyer2023,16,-0.83333333333333,
few.LaBraM.Dreyer.5,Dreyer2023,18,1.33333333333333,
few.LaBraM.Dreyer.5,Dreyer2023,19,5.833333333333321,
few.LaBraM.Dreyer.5,Dreyer2023,20,1.1666666666666599,
few.LaBraM.Dreyer.5,Dreyer2023,21,0.6666666666666601,
few.LaBraM.Dreyer.5,Dreyer2023,22,-3.16666666666666,
few.LaBraM.Dreyer.5,Dreyer2023,23,0.83333333333333,
few.LaBraM.Dreyer.5,Dreyer2023,24,0.6666666666666601,
few.LaBraM.Dreyer.5,Dreyer2023,25,-0.16666666666666,
few.LaBraM.Dreyer.5,Dreyer2023,26,0.49999999999999,
few.LaBraM.Dreyer.5,Dreyer2023,27,0.33333333333333004,
few.LaBraM.Dreyer.5,Dreyer2023,28,0.49999999999999,
few.LaBraM.Dreyer.5,Dreyer2023,30,-2.0,
few.LaBraM.Dreyer.5,Dreyer2023,31,0.49999999999999,
few.LaBraM.Dreyer.5,Dreyer2023,32,4.33333333333333,
few.LaBraM.Dreyer.5,Dreyer2023,33,-1.1666666666666599,
few.LaBraM.Dreyer.5,Dreyer2023,34,1.83333333333333,
few.LaBraM.Dreyer.5,Dreyer2023,35,-8.33333333333333,
few.LaBraM.Dreyer.5,Dreyer2023,36,-6.833333333333321,
few.LaBraM.Dreyer.5,Dreyer2023,37,-1.1666666666666599,
few.LaBraM.Dreyer.5,Dreyer2023,38,-3.66666666666666,
few.LaBraM.Dreyer.5,Dreyer2023,39,-1.99999999999999,
few.LaBraM.Dreyer.5,Dreyer2023,40,-1.72413793103448,
few.LaBraM.Dreyer.5,Dreyer2023,42,2.5,
few.LaBraM.Dreyer.5,Dreyer2023,43,-1.0,
few.LaBraM.Dreyer.5,Dreyer2023,44,-1.99999999999999,
few.LaBraM.Dreyer.5,Dreyer2023,45,1.83333333333333,
few.LaBraM.Dreyer.5,Dreyer2023,46,-0.33333333333333004,
few.LaBraM.Dreyer.5,Dreyer2023,47,-2.1666666666666603,
few.LaBraM.Dreyer.5,Dreyer2023,48,-3.5000000000000004,
few.LaBraM.Dreyer.5,Dreyer2023,49,-5.5,
few.LaBraM.Dreyer.5,Dreyer2023,50,-1.33333333333333,
few.LaBraM.Dreyer.5,Dreyer2023,51,2.5,
few.LaBraM.Dreyer.5,Dreyer2023,52,-0.99999999999999,
few.LaBraM.Dreyer.5,Dreyer2023,53,-3.66666666666666,
few.LaBraM.Dreyer.5,Dreyer2023,54,-3.99999999999999,
few.LaBraM.Dreyer.5,Dreyer2023,55,-0.5,
few.LaBraM.Dreyer.5,Dreyer2023,56,-1.1666666666666599,
few.LaBraM.Dreyer.5,Dreyer2023,57,3.33333333333333,
few.LaBraM.Dreyer.5,Dreyer2023,58,-0.16666666666666,
few.LaBraM.Dreyer.5,Dreyer2023,59,5.25,
few.LaBraM.Dreyer.5,Dreyer2023,60,0.16666666666666,
few.LaBraM.Dreyer.5,Dreyer2023,61,1.5,
few.LaBraM.Dreyer.5,Dreyer2023,62,-4.83333333333332,
few.LaBraM.Dreyer.5,Dreyer2023,63,-0.5,
few.LaBraM.Dreyer.5,Dreyer2023,64,6.3333333333333295,
few.LaBraM.Dreyer.5,Dreyer2023,65,1.16666666666667,
few.LaBraM.Dreyer.5,Dreyer2023,66,2.1666666666666603,
few.LaBraM.Dreyer.5,Dreyer2023,67,1.0,
few.LaBraM.Dreyer.5,Dreyer2023,68,2.1666666666666603,
few.LaBraM.Dreyer.5,Dreyer2023,69,-0.83333333333333,
few.LaBraM.Dreyer.5,Dreyer2023,70,1.49999999999999,
few.LaBraM.Dreyer.5,Dreyer2023,71,2.66666666666666,
few.LaBraM.Dreyer.5,Dreyer2023,72,-0.33333333333332,
few.LaBraM.Dreyer.5,Dreyer2023,73,0.6666666666666601,
few.LaBraM.Dreyer.5,Dreyer2023,74,4.8333333333333295,
few.LaBraM.Dreyer.5,Dreyer2023,75,-2.83333333333333,
few.LaBraM.Dreyer.5,Dreyer2023,76,-1.66666666666666,
few.LaBraM.Dreyer.5,Dreyer2023,77,-1.66666666666666,
few.LaBraM.Dreyer.5,Dreyer2023,80,4.66666666666666,
few.LaBraM.Dreyer.5,Dreyer2023,81,-2.66666666666666,
few.LaBraM.Dreyer.5,Dreyer2023,82,1.66666666666666,
few.LaBraM.Dreyer.5,Dreyer2023,83,0.99999999999999,
few.LaBraM.Dreyer.5,Dreyer2023,84,-0.49999999999999,
few.LaBraM.Dreyer.5,Dreyer2023,85,0.33333333333333004,
few.LaBraM.Dreyer.5,Dreyer2023,86,-1.83333333333333,
few.LaBraM.Dreyer.5,Dreyer2023,87,1.16666666666667,
few.LaBraM.Dreyer.10,Dreyer2023,1,-0.33333333333333004,
few.LaBraM.Dreyer.10,Dreyer2023,2,-8.33333333333333,
few.LaBraM.Dreyer.10,Dreyer2023,3,-0.83333333333333,
few.LaBraM.Dreyer.10,Dreyer2023,5,-0.83333333333333,
few.LaBraM.Dreyer.10,Dreyer2023,6,-8.66666666666666,
few.LaBraM.Dreyer.10,Dreyer2023,7,-0.49999999999999,
few.LaBraM.Dreyer.10,Dreyer2023,8,2.83333333333333,
few.LaBraM.Dreyer.10,Dreyer2023,10,0.5,
few.LaBraM.Dreyer.10,Dreyer2023,11,4.333333333333321,
few.LaBraM.Dreyer.10,Dreyer2023,12,-0.83333333333333,
few.LaBraM.Dreyer.10,Dreyer2023,13,0.33333333333332,
few.LaBraM.Dreyer.10,Dreyer2023,14,2.66666666666666,
few.LaBraM.Dreyer.10,Dreyer2023,15,0.49999999999999,
few.LaBraM.Dreyer.10,Dreyer2023,16,0.49999999999999,
few.LaBraM.Dreyer.10,Dreyer2023,18,1.1666666666666599,
few.LaBraM.Dreyer.10,Dreyer2023,19,6.833333333333321,
few.LaBraM.Dreyer.10,Dreyer2023,20,2.5,
few.LaBraM.Dreyer.10,Dreyer2023,21,1.33333333333333,
few.LaBraM.Dreyer.10,Dreyer2023,22,-6.3333333333333295,
few.LaBraM.Dreyer.10,Dreyer2023,23,-0.16666666666666,
few.LaBraM.Dreyer.10,Dreyer2023,24,0.33333333333333004,
few.LaBraM.Dreyer.10,Dreyer2023,25,1.1666666666666599,
few.LaBraM.Dreyer.10,Dreyer2023,26,-4.49999999999999,
few.LaBraM.Dreyer.10,Dreyer2023,27,-0.66666666666667,
few.LaBraM.Dreyer.10,Dreyer2023,28,-1.0,
few.LaBraM.Dreyer.10,Dreyer2023,30,0.83333333333333,
few.LaBraM.Dreyer.10,Dreyer2023,31,0.5,
few.LaBraM.Dreyer.10,Dreyer2023,32,4.333333333333321,
few.LaBraM.Dreyer.10,Dreyer2023,33,0.83333333333333,
few.LaBraM.Dreyer.10,Dreyer2023,34,-0.49999999999999,
few.LaBraM.Dreyer.10,Dreyer2023,35,-4.0,
few.LaBraM.Dreyer.10,Dreyer2023,36,-3.99999999999999,
few.LaBraM.Dreyer.10,Dreyer2023,37,-2.4999999999999902,
few.LaBraM.Dreyer.10,Dreyer2023,38,-0.16666666666666,
few.LaBraM.Dreyer.10,Dreyer2023,39,-0.6666666666666601,
few.LaBraM.Dreyer.10,Dreyer2023,40,-1.72413793103447,
few.LaBraM.Dreyer.10,Dreyer2023,42,3.0,
few.LaBraM.Dreyer.10,Dreyer2023,43,0.16666666666666,
few.LaBraM.Dreyer.10,Dreyer2023,44,0.99999999999999,
few.LaBraM.Dreyer.10,Dreyer2023,45,-0.33333333333333004,
few.LaBraM.Dreyer.10,Dreyer2023,46,1.16666666666667,
few.LaBraM.Dreyer.10,Dreyer2023,47,-2.0,
few.LaBraM.Dreyer.10,Dreyer2023,48,-4.16666666666666,
few.LaBraM.Dreyer.10,Dreyer2023,49,-6.83333333333333,
few.LaBraM.Dreyer.10,Dreyer2023,50,-1.66666666666666,
few.LaBraM.Dreyer.10,Dreyer2023,51,3.1666666666666696,
few.LaBraM.Dreyer.10,Dreyer2023,52,0.33333333333333004,
few.LaBraM.Dreyer.10,Dreyer2023,53,0.16666666666666,
few.LaBraM.Dreyer.10,Dreyer2023,54,-3.0,
few.LaBraM.Dreyer.10,Dreyer2023,55,0.0,
few.LaBraM.Dreyer.10,Dreyer2023,56,-0.16666666666666,
few.LaBraM.Dreyer.10,Dreyer2023,57,2.99999999999999,
few.LaBraM.Dreyer.10,Dreyer2023,58,-1.66666666666666,
few.LaBraM.Dreyer.10,Dreyer2023,59,-3.24999999999999,
few.LaBraM.Dreyer.10,Dreyer2023,60,1.0,
few.LaBraM.Dreyer.10,Dreyer2023,61,-0.16666666666666,
few.LaBraM.Dreyer.10,Dreyer2023,62,-0.66666666666667,
few.LaBraM.Dreyer.10,Dreyer2023,63,2.66666666666666,
few.LaBraM.Dreyer.10,Dreyer2023,64,4.66666666666665,
few.LaBraM.Dreyer.10,Dreyer2023,65,3.8333333333333304,
few.LaBraM.Dreyer.10,Dreyer2023,66,3.49999999999999,
few.LaBraM.Dreyer.10,Dreyer2023,67,-0.6666666666666601,
few.LaBraM.Dreyer.10,Dreyer2023,68,0.6666666666666601,
few.LaBraM.Dreyer.10,Dreyer2023,69,-1.3333333333333202,
few.LaBraM.Dreyer.10,Dreyer2023,70,0.99999999999999,
few.LaBraM.Dreyer.10,Dreyer2023,71,2.33333333333333,
few.LaBraM.Dreyer.10,Dreyer2023,72,1.33333333333333,
few.LaBraM.Dreyer.10,Dreyer2023,73,0.99999999999999,
few.LaBraM.Dreyer.10,Dreyer2023,74,1.942890293094024e-15,
few.LaBraM.Dreyer.10,Dreyer2023,75,-0.49999999999999,
few.LaBraM.Dreyer.10,Dreyer2023,76,-2.33333333333333,
few.LaBraM.Dreyer.10,Dreyer2023,77,2.33333333333333,
few.LaBraM.Dreyer.10,Dreyer2023,80,1.66666666666666,
few.LaBraM.Dreyer.10,Dreyer2023,81,2.775557561562892e-16,
few.LaBraM.Dreyer.10,Dreyer2023,82,0.5,
few.LaBraM.Dreyer.10,Dreyer2023,83,-0.16666666666666,
few.LaBraM.Dreyer.10,Dreyer2023,84,-0.99999999999999,
few.LaBraM.Dreyer.10,Dreyer2023,85,1.1666666666666599,
few.LaBraM.Dreyer.10,Dreyer2023,86,-0.16666666666666,
few.LaBraM.Dreyer.10,Dreyer2023,87,-5.833333333333321,
few.LaBraM.Dreyer.20,Dreyer2023,1,-0.6666666666666601,
few.LaBraM.Dreyer.20,Dreyer2023,2,-5.99999999999999,
few.LaBraM.Dreyer.20,Dreyer2023,3,0.16666666666666,
few.LaBraM.Dreyer.20,Dreyer2023,5,0.33333333333333004,
few.LaBraM.Dreyer.20,Dreyer2023,6,0.0,
few.LaBraM.Dreyer.20,Dreyer2023,7,0.16666666666667,
few.LaBraM.Dreyer.20,Dreyer2023,8,2.83333333333333,
few.LaBraM.Dreyer.20,Dreyer2023,10,0.16666666666666,
few.LaBraM.Dreyer.20,Dreyer2023,11,4.16666666666666,
few.LaBraM.Dreyer.20,Dreyer2023,12,-1.3333333333333202,
few.LaBraM.Dreyer.20,Dreyer2023,13,1.49999999999999,
few.LaBraM.Dreyer.20,Dreyer2023,14,1.99999999999999,
few.LaBraM.Dreyer.20,Dreyer2023,15,2.1666666666666603,
few.LaBraM.Dreyer.20,Dreyer2023,16,-1.942890293094024e-15,
few.LaBraM.Dreyer.20,Dreyer2023,18,-1.99999999999999,
few.LaBraM.Dreyer.20,Dreyer2023,19,6.16666666666666,
few.LaBraM.Dreyer.20,Dreyer2023,20,2.66666666666666,
few.LaBraM.Dreyer.20,Dreyer2023,21,0.5,
few.LaBraM.Dreyer.20,Dreyer2023,22,-1.66666666666666,
few.LaBraM.Dreyer.20,Dreyer2023,23,0.83333333333333,
few.LaBraM.Dreyer.20,Dreyer2023,24,0.99999999999999,
few.LaBraM.Dreyer.20,Dreyer2023,25,1.83333333333333,
few.LaBraM.Dreyer.20,Dreyer2023,26,-0.16666666666666,
few.LaBraM.Dreyer.20,Dreyer2023,27,0.83333333333333,
few.LaBraM.Dreyer.20,Dreyer2023,28,-3.16666666666666,
few.LaBraM.Dreyer.20,Dreyer2023,30,-1.5,
few.LaBraM.Dreyer.20,Dreyer2023,31,1.99999999999999,
few.LaBraM.Dreyer.20,Dreyer2023,32,3.8333333333333197,
few.LaBraM.Dreyer.20,Dreyer2023,33,-2.83333333333333,
few.LaBraM.Dreyer.20,Dreyer2023,34,0.6666666666666601,
few.LaBraM.Dreyer.20,Dreyer2023,35,-4.16666666666666,
few.LaBraM.Dreyer.20,Dreyer2023,36,-2.1666666666666603,
few.LaBraM.Dreyer.20,Dreyer2023,37,0.66666666666667,
few.LaBraM.Dreyer.20,Dreyer2023,38,-0.33333333333333004,
few.LaBraM.Dreyer.20,Dreyer2023,39,-2.33333333333333,
few.LaBraM.Dreyer.20,Dreyer2023,40,0.6896551724137899,
few.LaBraM.Dreyer.20,Dreyer2023,42,4.49999999999999,
few.LaBraM.Dreyer.20,Dreyer2023,43,-0.33333333333333004,
few.LaBraM.Dreyer.20,Dreyer2023,44,1.49999999999999,
few.LaBraM.Dreyer.20,Dreyer2023,45,1.83333333333333,
few.LaBraM.Dreyer.20,Dreyer2023,46,3.0,
few.LaBraM.Dreyer.20,Dreyer2023,47,-1.33333333333333,
few.LaBraM.Dreyer.20,Dreyer2023,48,-0.33333333333333004,
few.LaBraM.Dreyer.20,Dreyer2023,49,-1.33333333333333,
few.LaBraM.Dreyer.20,Dreyer2023,50,-3.49999999999999,
few.LaBraM.Dreyer.20,Dreyer2023,51,2.33333333333334,
few.LaBraM.Dreyer.20,Dreyer2023,52,4.3021142204224816e-15,
few.LaBraM.Dreyer.20,Dreyer2023,53,1.1666666666666599,
few.LaBraM.Dreyer.20,Dreyer2023,54,2.4999999999999902,
few.LaBraM.Dreyer.20,Dreyer2023,55,1.66666666666666,
few.LaBraM.Dreyer.20,Dreyer2023,56,-4.49999999999999,
few.LaBraM.Dreyer.20,Dreyer2023,57,1.66666666666666,
few.LaBraM.Dreyer.20,Dreyer2023,58,2.0122792321330962e-15,
few.LaBraM.Dreyer.20,Dreyer2023,59,0.5,
few.LaBraM.Dreyer.20,Dreyer2023,60,-0.83333333333333,
few.LaBraM.Dreyer.20,Dreyer2023,61,1.66666666666666,
few.LaBraM.Dreyer.20,Dreyer2023,62,0.16666666666666,
few.LaBraM.Dreyer.20,Dreyer2023,63,2.33333333333333,
few.LaBraM.Dreyer.20,Dreyer2023,64,7.666666666666649,
few.LaBraM.Dreyer.20,Dreyer2023,65,5.33333333333333,
few.LaBraM.Dreyer.20,Dreyer2023,66,3.16666666666666,
few.LaBraM.Dreyer.20,Dreyer2023,67,1.0,
few.LaBraM.Dreyer.20,Dreyer2023,68,-1.5,
few.LaBraM.Dreyer.20,Dreyer2023,69,-0.33333333333333004,
few.LaBraM.Dreyer.20,Dreyer2023,70,-2.33333333333333,
few.LaBraM.Dreyer.20,Dreyer2023,71,1.66666666666666,
few.LaBraM.Dreyer.20,Dreyer2023,72,1.49999999999999,
few.LaBraM.Dreyer.20,Dreyer2023,73,0.83333333333333,
few.LaBraM.Dreyer.20,Dreyer2023,74,-1.1666666666666599,
few.LaBraM.Dreyer.20,Dreyer2023,75,-2.33333333333333,
few.LaBraM.Dreyer.20,Dreyer2023,76,0.33333333333333004,
few.LaBraM.Dreyer.20,Dreyer2023,77,2.1666666666666603,
few.LaBraM.Dreyer.20,Dreyer2023,80,3.8333333333333197,
few.LaBraM.Dreyer.20,Dreyer2023,81,-0.6666666666666601,
few.LaBraM.Dreyer.20,Dreyer2023,82,2.4999999999999902,
few.LaBraM.Dreyer.20,Dreyer2023,83,2.66666666666667,
few.LaBraM.Dreyer.20,Dreyer2023,84,-1.1666666666666599,
few.LaBraM.Dreyer.20,Dreyer2023,85,-1.1666666666666599,
few.LaBraM.Dreyer.20,Dreyer2023,86,0.99999999999999,
few.LaBraM.Dreyer.20,Dreyer2023,87,-9.83333333333333,
few.LaBraM.Dreyer.40,Dreyer2023,1,0.33333333333333004,
few.LaBraM.Dreyer.40,Dreyer2023,2,-3.33333333333333,
few.LaBraM.Dreyer.40,Dreyer2023,3,0.5,
few.LaBraM.Dreyer.40,Dreyer2023,5,1.66666666666666,
few.LaBraM.Dreyer.40,Dreyer2023,6,0.99999999999999,
few.LaBraM.Dreyer.40,Dreyer2023,7,0.16666666666666,
few.LaBraM.Dreyer.40,Dreyer2023,8,4.333333333333321,
few.LaBraM.Dreyer.40,Dreyer2023,10,-0.16666666666666,
few.LaBraM.Dreyer.40,Dreyer2023,11,10.83333333333333,
few.LaBraM.Dreyer.40,Dreyer2023,12,-0.33333333333333004,
few.LaBraM.Dreyer.40,Dreyer2023,13,2.33333333333333,
few.LaBraM.Dreyer.40,Dreyer2023,14,3.99999999999999,
few.LaBraM.Dreyer.40,Dreyer2023,15,3.16666666666666,
few.LaBraM.Dreyer.40,Dreyer2023,16,0.99999999999999,
few.LaBraM.Dreyer.40,Dreyer2023,18,3.33333333333333,
few.LaBraM.Dreyer.40,Dreyer2023,19,6.999999999999989,
few.LaBraM.Dreyer.40,Dreyer2023,20,2.1666666666666603,
few.LaBraM.Dreyer.40,Dreyer2023,21,0.33333333333333004,
few.LaBraM.Dreyer.40,Dreyer2023,22,-2.33333333333333,
few.LaBraM.Dreyer.40,Dreyer2023,23,3.8333333333333304,
few.LaBraM.Dreyer.40,Dreyer2023,24,-0.83333333333333,
few.LaBraM.Dreyer.40,Dreyer2023,25,2.1666666666666603,
few.LaBraM.Dreyer.40,Dreyer2023,26,2.66666666666666,
few.LaBraM.Dreyer.40,Dreyer2023,27,0.49999999999999,
few.LaBraM.Dreyer.40,Dreyer2023,28,1.33333333333333,
few.LaBraM.Dreyer.40,Dreyer2023,30,3.33333333333332,
few.LaBraM.Dreyer.40,Dreyer2023,31,3.8333333333333304,
few.LaBraM.Dreyer.40,Dreyer2023,32,3.66666666666666,
few.LaBraM.Dreyer.40,Dreyer2023,33,-6.999999999999989,
few.LaBraM.Dreyer.40,Dreyer2023,34,1.33333333333333,
few.LaBraM.Dreyer.40,Dreyer2023,35,-3.8333333333333304,
few.LaBraM.Dreyer.40,Dreyer2023,36,-0.49999999999999,
few.LaBraM.Dreyer.40,Dreyer2023,37,6.49999999999999,
few.LaBraM.Dreyer.40,Dreyer2023,38,0.83333333333333,
few.LaBraM.Dreyer.40,Dreyer2023,39,0.83333333333333,
few.LaBraM.Dreyer.40,Dreyer2023,40,1.3793103448275799,
few.LaBraM.Dreyer.40,Dreyer2023,42,3.33333333333333,
few.LaBraM.Dreyer.40,Dreyer2023,43,-0.6666666666666601,
few.LaBraM.Dreyer.40,Dreyer2023,44,-1.0,
few.LaBraM.Dreyer.40,Dreyer2023,45,2.83333333333332,
few.LaBraM.Dreyer.40,Dreyer2023,46,0.5,
few.LaBraM.Dreyer.40,Dreyer2023,47,-2.0816681711721685e-15,
few.LaBraM.Dreyer.40,Dreyer2023,48,0.33333333333333004,
few.LaBraM.Dreyer.40,Dreyer2023,49,0.16666666666666,
few.LaBraM.Dreyer.40,Dreyer2023,50,-1.1666666666666599,
few.LaBraM.Dreyer.40,Dreyer2023,51,2.83333333333333,
few.LaBraM.Dreyer.40,Dreyer2023,52,-1.33333333333333,
few.LaBraM.Dreyer.40,Dreyer2023,53,0.16666666666666,
few.LaBraM.Dreyer.40,Dreyer2023,54,5.83333333333333,
few.LaBraM.Dreyer.40,Dreyer2023,55,2.66666666666666,
few.LaBraM.Dreyer.40,Dreyer2023,56,0.33333333333333004,
few.LaBraM.Dreyer.40,Dreyer2023,57,1.3333333333333202,
few.LaBraM.Dreyer.40,Dreyer2023,58,-2.33333333333333,
few.LaBraM.Dreyer.40,Dreyer2023,59,2.0,
few.LaBraM.Dreyer.40,Dreyer2023,60,0.83333333333333,
few.LaBraM.Dreyer.40,Dreyer2023,61,3.5000000000000004,
few.LaBraM.Dreyer.40,Dreyer2023,62,0.16666666666666,
few.LaBraM.Dreyer.40,Dreyer2023,63,3.99999999999999,
few.LaBraM.Dreyer.40,Dreyer2023,64,10.49999999999999,
few.LaBraM.Dreyer.40,Dreyer2023,65,4.16666666666666,
few.LaBraM.Dreyer.40,Dreyer2023,66,3.49999999999999,
few.LaBraM.Dreyer.40,Dreyer2023,67,0.33333333333333004,
few.LaBraM.Dreyer.40,Dreyer2023,68,1.1666666666666599,
few.LaBraM.Dreyer.40,Dreyer2023,69,-1.1666666666666599,
few.LaBraM.Dreyer.40,Dreyer2023,70,1.0,
few.LaBraM.Dreyer.40,Dreyer2023,71,1.3333333333333202,
few.LaBraM.Dreyer.40,Dreyer2023,72,2.83333333333332,
few.LaBraM.Dreyer.40,Dreyer2023,73,2.83333333333333,
few.LaBraM.Dreyer.40,Dreyer2023,74,0.99999999999999,
few.LaBraM.Dreyer.40,Dreyer2023,75,-1.0,
few.LaBraM.Dreyer.40,Dreyer2023,76,0.49999999999999,
few.LaBraM.Dreyer.40,Dreyer2023,77,-0.33333333333333004,
few.LaBraM.Dreyer.40,Dreyer2023,80,3.8333333333333197,
few.LaBraM.Dreyer.40,Dreyer2023,81,2.83333333333333,
few.LaBraM.Dreyer.40,Dreyer2023,82,2.33333333333333,
few.LaBraM.Dreyer.40,Dreyer2023,83,6.3333333333333295,
few.LaBraM.Dreyer.40,Dreyer2023,84,0.6666666666666601,
few.LaBraM.Dreyer.40,Dreyer2023,85,-1.33333333333334,
few.LaBraM.Dreyer.40,Dreyer2023,86,0.49999999999999,
few.LaBraM.Dreyer.40,Dreyer2023,87,-9.666666666666659,
few.LaBraM.PhysioNet.5,PhysionetMI,1,3.33333333333332,
few.LaBraM.PhysioNet.5,PhysionetMI,2,1.2307692307692302,
few.LaBraM.PhysioNet.5,PhysionetMI,3,-1.8181818181818101,
few.LaBraM.PhysioNet.5,PhysionetMI,4,12.72727272727272,
few.LaBraM.PhysioNet.5,PhysionetMI,5,3.33333333333333,
few.LaBraM.PhysioNet.5,PhysionetMI,6,2.42424242424242,
few.LaBraM.PhysioNet.5,PhysionetMI,7,0.0,
few.LaBraM.PhysioNet.5,PhysionetMI,8,-0.90909090909091,
few.LaBraM.PhysioNet.5,PhysionetMI,9,0.07692307692306999,
few.LaBraM.PhysioNet.5,PhysionetMI,10,3.61538461538461,
few.LaBraM.PhysioNet.5,PhysionetMI,11,-0.68181818181818,
few.LaBraM.PhysioNet.5,PhysionetMI,12,-4.92424242424242,
few.LaBraM.PhysioNet.5,PhysionetMI,13,1.13636363636363,
few.LaBraM.PhysioNet.5,PhysionetMI,14,-2.42424242424242,
few.LaBraM.PhysioNet.5,PhysionetMI,15,0.0,
few.LaBraM.PhysioNet.5,PhysionetMI,16,1.66666666666666,
few.LaBraM.PhysioNet.5,PhysionetMI,17,2.87878787878787,
few.LaBraM.PhysioNet.5,PhysionetMI,18,-1.66666666666666,
few.LaBraM.PhysioNet.5,PhysionetMI,19,-0.6060606060606,
few.LaBraM.PhysioNet.5,PhysionetMI,20,-1.942890293094024e-15,
few.LaBraM.PhysioNet.5,PhysionetMI,21,-0.9848484848484799,
few.LaBraM.PhysioNet.5,PhysionetMI,22,0.0,
few.LaBraM.PhysioNet.5,PhysionetMI,23,7.69230769230769,
few.LaBraM.PhysioNet.5,PhysionetMI,24,-5.6060606060606,
few.LaBraM.PhysioNet.5,PhysionetMI,25,0.3030303030303,
few.LaBraM.PhysioNet.5,PhysionetMI,26,-2.07692307692307,
few.LaBraM.PhysioNet.5,PhysionetMI,27,0.0,
few.LaBraM.PhysioNet.5,PhysionetMI,28,2.72727272727272,
few.LaBraM.PhysioNet.5,PhysionetMI,29,5.5303030303030205,
few.LaBraM.PhysioNet.5,PhysionetMI,30,2.1212121212121198,
few.LaBraM.PhysioNet.5,PhysionetMI,31,-0.83333333333333,
few.LaBraM.PhysioNet.5,PhysionetMI,32,0.0,
few.LaBraM.PhysioNet.5,PhysionetMI,33,9.09090909090908,
few.LaBraM.PhysioNet.5,PhysionetMI,34,7.8461538461538405,
few.LaBraM.PhysioNet.5,PhysionetMI,35,0.9848484848484799,
few.LaBraM.PhysioNet.5,PhysionetMI,36,-1.8181818181818101,
few.LaBraM.PhysioNet.5,PhysionetMI,37,10.75757575757575,
few.LaBraM.PhysioNet.5,PhysionetMI,38,-1.96969696969697,
few.LaBraM.PhysioNet.5,PhysionetMI,39,6.06060606060605,
few.LaBraM.PhysioNet.5,PhysionetMI,40,-1.66666666666666,
few.LaBraM.PhysioNet.5,PhysionetMI,41,-1.53846153846153,
few.LaBraM.PhysioNet.5,PhysionetMI,42,1.66666666666666,
few.LaBraM.PhysioNet.5,PhysionetMI,43,0.83333333333333,
few.LaBraM.PhysioNet.5,PhysionetMI,44,-0.07575757575757999,
few.LaBraM.PhysioNet.5,PhysionetMI,45,-0.9848484848484799,
few.LaBraM.PhysioNet.5,PhysionetMI,46,-0.75757575757575,
few.LaBraM.PhysioNet.5,PhysionetMI,47,0.9848484848484799,
few.LaBraM.PhysioNet.5,PhysionetMI,48,2.5,
few.LaBraM.PhysioNet.5,PhysionetMI,49,0.07575757575757,
few.LaBraM.PhysioNet.5,PhysionetMI,50,3.7878787878787796,
few.LaBraM.PhysioNet.5,PhysionetMI,51,2.8030303030303,
few.LaBraM.PhysioNet.5,PhysionetMI,52,3.2307692307692197,
few.LaBraM.PhysioNet.5,PhysionetMI,53,-0.9848484848484799,
few.LaBraM.PhysioNet.5,PhysionetMI,54,1.59090909090909,
few.LaBraM.PhysioNet.5,PhysionetMI,55,4.69696969696969,
few.LaBraM.PhysioNet.5,PhysionetMI,56,-1.13636363636363,
few.LaBraM.PhysioNet.5,PhysionetMI,57,0.0,
few.LaBraM.PhysioNet.5,PhysionetMI,58,5.92307692307692,
few.LaBraM.PhysioNet.5,PhysionetMI,59,4.54545454545454,
few.LaBraM.PhysioNet.5,PhysionetMI,60,1.53846153846153,
few.LaBraM.PhysioNet.5,PhysionetMI,61,0.9090909090909001,
few.LaBraM.PhysioNet.5,PhysionetMI,62,0.0,
few.LaBraM.PhysioNet.5,PhysionetMI,63,0.15151515151514,
few.LaBraM.PhysioNet.5,PhysionetMI,64,1.66666666666666,
few.LaBraM.PhysioNet.5,PhysionetMI,65,0.75757575757576,
few.LaBraM.PhysioNet.5,PhysionetMI,66,-0.9848484848484799,
few.LaBraM.PhysioNet.5,PhysionetMI,67,-0.90909090909091,
few.LaBraM.PhysioNet.5,PhysionetMI,68,0.15151515151514,
few.LaBraM.PhysioNet.5,PhysionetMI,69,1.07692307692308,
few.LaBraM.PhysioNet.5,PhysionetMI,70,0.0,
few.LaBraM.PhysioNet.5,PhysionetMI,71,4.46969696969695,
few.LaBraM.PhysioNet.5,PhysionetMI,72,0.0,
few.LaBraM.PhysioNet.5,PhysionetMI,73,-0.90909090909091,
few.LaBraM.PhysioNet.5,PhysionetMI,74,0.83333333333333,
few.LaBraM.PhysioNet.5,PhysionetMI,75,3.40909090909089,
few.LaBraM.PhysioNet.5,PhysionetMI,76,-4.621212121212119,
few.LaBraM.PhysioNet.5,PhysionetMI,77,2.27272727272726,
few.LaBraM.PhysioNet.5,PhysionetMI,78,-4.2424242424242395,
few.LaBraM.PhysioNet.5,PhysionetMI,79,-2.34848484848485,
few.LaBraM.PhysioNet.5,PhysionetMI,80,1.07692307692307,
few.LaBraM.PhysioNet.5,PhysionetMI,81,3.7878787878787796,
few.LaBraM.PhysioNet.5,PhysionetMI,82,1.59090909090908,
few.LaBraM.PhysioNet.5,PhysionetMI,83,7.38461538461538,
few.LaBraM.PhysioNet.5,PhysionetMI,84,-2.72727272727272,
few.LaBraM.PhysioNet.5,PhysionetMI,85,-4.16666666666666,
few.LaBraM.PhysioNet.5,PhysionetMI,86,1.53846153846153,
few.LaBraM.PhysioNet.5,PhysionetMI,87,1.8181818181818101,
few.LaBraM.PhysioNet.5,PhysionetMI,90,0.83333333333333,
few.LaBraM.PhysioNet.5,PhysionetMI,91,-0.60606060606061,
few.LaBraM.PhysioNet.5,PhysionetMI,93,-1.51515151515151,
few.LaBraM.PhysioNet.5,PhysionetMI,94,-0.83333333333333,
few.LaBraM.PhysioNet.5,PhysionetMI,95,0.53846153846154,
few.LaBraM.PhysioNet.5,PhysionetMI,96,0.83333333333333,
few.LaBraM.PhysioNet.5,PhysionetMI,97,2.5,
few.LaBraM.PhysioNet.5,PhysionetMI,98,0.83333333333333,
few.LaBraM.PhysioNet.5,PhysionetMI,99,-0.9090909090909001,
few.LaBraM.PhysioNet.5,PhysionetMI,101,0.0,
few.LaBraM.PhysioNet.5,PhysionetMI,102,1.8939393939393898,
few.LaBraM.PhysioNet.5,PhysionetMI,103,-0.15151515151514,
few.LaBraM.PhysioNet.5,PhysionetMI,105,2.4999999999999902,
few.LaBraM.PhysioNet.5,PhysionetMI,107,3.1060606060606,
few.LaBraM.PhysioNet.5,PhysionetMI,108,-7.348484848484841,
few.LaBraM.PhysioNet.5,PhysionetMI,109,-2.34848484848484,
few.LaBraM.PhysioNet.10,PhysionetMI,1,3.33333333333332,
few.LaBraM.PhysioNet.10,PhysionetMI,2,1.99999999999999,
few.LaBraM.PhysioNet.10,PhysionetMI,3,-0.9848484848484799,
few.LaBraM.PhysioNet.10,PhysionetMI,4,10.98484848484848,
few.LaBraM.PhysioNet.10,PhysionetMI,5,2.57575757575757,
few.LaBraM.PhysioNet.10,PhysionetMI,6,-1.36363636363635,
few.LaBraM.PhysioNet.10,PhysionetMI,7,0.0,
few.LaBraM.PhysioNet.10,PhysionetMI,8,1.36363636363636,
few.LaBraM.PhysioNet.10,PhysionetMI,9,1.07692307692307,
few.LaBraM.PhysioNet.10,PhysionetMI,10,1.2307692307692302,
few.LaBraM.PhysioNet.10,PhysionetMI,11,1.0606060606060599,
few.LaBraM.PhysioNet.10,PhysionetMI,12,3.18181818181818,
few.LaBraM.PhysioNet.10,PhysionetMI,13,2.87878787878787,
few.LaBraM.PhysioNet.10,PhysionetMI,14,-6.06060606060605,
few.LaBraM.PhysioNet.10,PhysionetMI,15,0.0,
few.LaBraM.PhysioNet.10,PhysionetMI,16,-2.72727272727272,
few.LaBraM.PhysioNet.10,PhysionetMI,17,9.24242424242423,
few.LaBraM.PhysioNet.10,PhysionetMI,18,0.0,
few.LaBraM.PhysioNet.10,PhysionetMI,19,-0.9090909090909001,
few.LaBraM.PhysioNet.10,PhysionetMI,20,0.9848484848484799,
few.LaBraM.PhysioNet.10,PhysionetMI,21,0.83333333333333,
few.LaBraM.PhysioNet.10,PhysionetMI,22,-0.9090909090909001,
few.LaBraM.PhysioNet.10,PhysionetMI,23,1.07692307692307,
few.LaBraM.PhysioNet.10,PhysionetMI,24,0.9848484848484799,
few.LaBraM.PhysioNet.10,PhysionetMI,25,1.21212121212121,
few.LaBraM.PhysioNet.10,PhysionetMI,26,-2.61538461538461,
few.LaBraM.PhysioNet.10,PhysionetMI,27,-3.1818181818181697,
few.LaBraM.PhysioNet.10,PhysionetMI,28,1.8939393939393898,
few.LaBraM.PhysioNet.10,PhysionetMI,29,5.68181818181817,
few.LaBraM.PhysioNet.10,PhysionetMI,30,3.03030303030303,
few.LaBraM.PhysioNet.10,PhysionetMI,31,0.83333333333333,
few.LaBraM.PhysioNet.10,PhysionetMI,32,-1.0,
few.LaBraM.PhysioNet.10,PhysionetMI,33,-0.9848484848484799,
few.LaBraM.PhysioNet.10,PhysionetMI,34,10.46153846153846,
few.LaBraM.PhysioNet.10,PhysionetMI,35,3.5606060606060503,
few.LaBraM.PhysioNet.10,PhysionetMI,36,-3.7121212121212,
few.LaBraM.PhysioNet.10,PhysionetMI,37,9.015151515151508,
few.LaBraM.PhysioNet.10,PhysionetMI,38,1.21212121212121,
few.LaBraM.PhysioNet.10,PhysionetMI,39,1.96969696969697,
few.LaBraM.PhysioNet.10,PhysionetMI,40,0.0,
few.LaBraM.PhysioNet.10,PhysionetMI,41,1.942890293094024e-15,
few.LaBraM.PhysioNet.10,PhysionetMI,42,1.59090909090909,
few.LaBraM.PhysioNet.10,PhysionetMI,43,2.4999999999999902,
few.LaBraM.PhysioNet.10,PhysionetMI,44,-0.22727272727272999,
few.LaBraM.PhysioNet.10,PhysionetMI,45,0.90909090909091,
few.LaBraM.PhysioNet.10,PhysionetMI,46,0.9848484848484799,
few.LaBraM.PhysioNet.10,PhysionetMI,47,2.65151515151515,
few.LaBraM.PhysioNet.10,PhysionetMI,48,2.5,
few.LaBraM.PhysioNet.10,PhysionetMI,49,0.07575757575757,
few.LaBraM.PhysioNet.10,PhysionetMI,50,7.727272727272711,
few.LaBraM.PhysioNet.10,PhysionetMI,51,-2.7272727272727297,
few.LaBraM.PhysioNet.10,PhysionetMI,52,3.46153846153845,
few.LaBraM.PhysioNet.10,PhysionetMI,53,-0.9848484848484799,
few.LaBraM.PhysioNet.10,PhysionetMI,54,1.66666666666666,
few.LaBraM.PhysioNet.10,PhysionetMI,55,5.68181818181817,
few.LaBraM.PhysioNet.10,PhysionetMI,56,-0.15151515151514,
few.LaBraM.PhysioNet.10,PhysionetMI,57,-4.16666666666666,
few.LaBraM.PhysioNet.10,PhysionetMI,58,6.999999999999989,
few.LaBraM.PhysioNet.10,PhysionetMI,59,8.4090909090909,
few.LaBraM.PhysioNet.10,PhysionetMI,60,1.99999999999999,
few.LaBraM.PhysioNet.10,PhysionetMI,61,1.8181818181818101,
few.LaBraM.PhysioNet.10,PhysionetMI,62,0.83333333333333,
few.LaBraM.PhysioNet.10,PhysionetMI,63,-0.3030303030303,
few.LaBraM.PhysioNet.10,PhysionetMI,64,3.2575757575757502,
few.LaBraM.PhysioNet.10,PhysionetMI,65,-0.15151515151514,
few.LaBraM.PhysioNet.10,PhysionetMI,66,0.75757575757575,
few.LaBraM.PhysioNet.10,PhysionetMI,67,-1.51515151515151,
few.LaBraM.PhysioNet.10,PhysionetMI,68,-2.42424242424242,
few.LaBraM.PhysioNet.10,PhysionetMI,69,-2.84615384615383,
few.LaBraM.PhysioNet.10,PhysionetMI,70,0.0,
few.LaBraM.PhysioNet.10,PhysionetMI,71,0.68181818181818,
few.LaBraM.PhysioNet.10,PhysionetMI,72,0.0,
few.LaBraM.PhysioNet.10,PhysionetMI,73,-1.942890293094024e-15,
few.LaBraM.PhysioNet.10,PhysionetMI,74,-0.07575757575757,
few.LaBraM.PhysioNet.10,PhysionetMI,75,1.8181818181818001,
few.LaBraM.PhysioNet.10,PhysionetMI,76,-4.99999999999999,
few.LaBraM.PhysioNet.10,PhysionetMI,77,0.75757575757575,
few.LaBraM.PhysioNet.10,PhysionetMI,78,-6.8181818181818095,
few.LaBraM.PhysioNet.10,PhysionetMI,79,0.07575757575757,
few.LaBraM.PhysioNet.10,PhysionetMI,80,7.0769230769230695,
few.LaBraM.PhysioNet.10,PhysionetMI,81,7.27272727272727,
few.LaBraM.PhysioNet.10,PhysionetMI,82,-0.22727272727272002,
few.LaBraM.PhysioNet.10,PhysionetMI,83,1.07692307692307,
few.LaBraM.PhysioNet.10,PhysionetMI,84,1.7424242424242402,
few.LaBraM.PhysioNet.10,PhysionetMI,85,-1.66666666666666,
few.LaBraM.PhysioNet.10,PhysionetMI,86,0.76923076923076,
few.LaBraM.PhysioNet.10,PhysionetMI,87,-1.21212121212121,
few.LaBraM.PhysioNet.10,PhysionetMI,90,2.34848484848485,
few.LaBraM.PhysioNet.10,PhysionetMI,91,3.63636363636363,
few.LaBraM.PhysioNet.10,PhysionetMI,93,2.95454545454545,
few.LaBraM.PhysioNet.10,PhysionetMI,94,0.75757575757575,
few.LaBraM.PhysioNet.10,PhysionetMI,95,-1.2307692307692302,
few.LaBraM.PhysioNet.10,PhysionetMI,96,0.0,
few.LaBraM.PhysioNet.10,PhysionetMI,97,3.2575757575757502,
few.LaBraM.PhysioNet.10,PhysionetMI,98,-0.83333333333333,
few.LaBraM.PhysioNet.10,PhysionetMI,99,1.28787878787878,
few.LaBraM.PhysioNet.10,PhysionetMI,101,0.0,
few.LaBraM.PhysioNet.10,PhysionetMI,102,-0.75757575757575,
few.LaBraM.PhysioNet.10,PhysionetMI,103,1.51515151515151,
few.LaBraM.PhysioNet.10,PhysionetMI,105,2.4999999999999902,
few.LaBraM.PhysioNet.10,PhysionetMI,107,1.9696969696969597,
few.LaBraM.PhysioNet.10,PhysionetMI,108,-6.51515151515151,
few.LaBraM.PhysioNet.10,PhysionetMI,109,2.57575757575757,
few.LaBraM.PhysioNet.20,PhysionetMI,1,1.66666666666666,
few.LaBraM.PhysioNet.20,PhysionetMI,2,2.4615384615384603,
few.LaBraM.PhysioNet.20,PhysionetMI,3,-0.83333333333333,
few.LaBraM.PhysioNet.20,PhysionetMI,4,10.98484848484848,
few.LaBraM.PhysioNet.20,PhysionetMI,5,3.18181818181818,
few.LaBraM.PhysioNet.20,PhysionetMI,6,2.34848484848485,
few.LaBraM.PhysioNet.20,PhysionetMI,7,0.0,
few.LaBraM.PhysioNet.20,PhysionetMI,8,-0.6060606060606,
few.LaBraM.PhysioNet.20,PhysionetMI,9,-1.3076923076923102,
few.LaBraM.PhysioNet.20,PhysionetMI,10,-1.6153846153846099,
few.LaBraM.PhysioNet.20,PhysionetMI,11,1.66666666666666,
few.LaBraM.PhysioNet.20,PhysionetMI,12,4.16666666666666,
few.LaBraM.PhysioNet.20,PhysionetMI,13,4.09090909090909,
few.LaBraM.PhysioNet.20,PhysionetMI,14,-2.34848484848485,
few.LaBraM.PhysioNet.20,PhysionetMI,15,0.76923076923076,
few.LaBraM.PhysioNet.20,PhysionetMI,16,0.37878787878787,
few.LaBraM.PhysioNet.20,PhysionetMI,17,4.69696969696969,
few.LaBraM.PhysioNet.20,PhysionetMI,18,0.0,
few.LaBraM.PhysioNet.20,PhysionetMI,19,-1.43939393939393,
few.LaBraM.PhysioNet.20,PhysionetMI,20,-0.9090909090909001,
few.LaBraM.PhysioNet.20,PhysionetMI,21,2.87878787878787,
few.LaBraM.PhysioNet.20,PhysionetMI,22,0.0,
few.LaBraM.PhysioNet.20,PhysionetMI,23,1.15384615384614,
few.LaBraM.PhysioNet.20,PhysionetMI,24,-3.63636363636363,
few.LaBraM.PhysioNet.20,PhysionetMI,25,3.03030303030302,
few.LaBraM.PhysioNet.20,PhysionetMI,26,-3.2307692307692197,
few.LaBraM.PhysioNet.20,PhysionetMI,27,0.9848484848484799,
few.LaBraM.PhysioNet.20,PhysionetMI,28,2.65151515151515,
few.LaBraM.PhysioNet.20,PhysionetMI,29,5.6060606060606,
few.LaBraM.PhysioNet.20,PhysionetMI,30,4.015151515151509,
few.LaBraM.PhysioNet.20,PhysionetMI,31,-1.59090909090908,
few.LaBraM.PhysioNet.20,PhysionetMI,32,-1.0,
few.LaBraM.PhysioNet.20,PhysionetMI,33,1.59090909090909,
few.LaBraM.PhysioNet.20,PhysionetMI,34,6.46153846153846,
few.LaBraM.PhysioNet.20,PhysionetMI,35,7.1212121212121104,
few.LaBraM.PhysioNet.20,PhysionetMI,36,0.9090909090909001,
few.LaBraM.PhysioNet.20,PhysionetMI,37,15.68181818181817,
few.LaBraM.PhysioNet.20,PhysionetMI,38,-1.0606060606060599,
few.LaBraM.PhysioNet.20,PhysionetMI,39,1.66666666666666,
few.LaBraM.PhysioNet.20,PhysionetMI,40,0.0,
few.LaBraM.PhysioNet.20,PhysionetMI,41,-0.76923076923076,
few.LaBraM.PhysioNet.20,PhysionetMI,42,-0.07575757575757,
few.LaBraM.PhysioNet.20,PhysionetMI,43,2.42424242424242,
few.LaBraM.PhysioNet.20,PhysionetMI,44,-3.7121212121212097,
few.LaBraM.PhysioNet.20,PhysionetMI,45,-2.57575757575757,
few.LaBraM.PhysioNet.20,PhysionetMI,46,0.3030303030303,
few.LaBraM.PhysioNet.20,PhysionetMI,47,2.57575757575757,
few.LaBraM.PhysioNet.20,PhysionetMI,48,2.5,
few.LaBraM.PhysioNet.20,PhysionetMI,49,3.2575757575757502,
few.LaBraM.PhysioNet.20,PhysionetMI,50,10.45454545454544,
few.LaBraM.PhysioNet.20,PhysionetMI,51,1.8181818181818101,
few.LaBraM.PhysioNet.20,PhysionetMI,52,2.99999999999999,
few.LaBraM.PhysioNet.20,PhysionetMI,53,2.72727272727272,
few.LaBraM.PhysioNet.20,PhysionetMI,54,1.59090909090909,
few.LaBraM.PhysioNet.20,PhysionetMI,55,1.74242424242423,
few.LaBraM.PhysioNet.20,PhysionetMI,56,0.83333333333333,
few.LaBraM.PhysioNet.20,PhysionetMI,57,-3.33333333333333,
few.LaBraM.PhysioNet.20,PhysionetMI,58,9.99999999999999,
few.LaBraM.PhysioNet.20,PhysionetMI,59,7.424242424242419,
few.LaBraM.PhysioNet.20,PhysionetMI,60,2.53846153846153,
few.LaBraM.PhysioNet.20,PhysionetMI,61,-0.90909090909091,
few.LaBraM.PhysioNet.20,PhysionetMI,62,0.0,
few.LaBraM.PhysioNet.20,PhysionetMI,63,-0.22727272727272002,
few.LaBraM.PhysioNet.20,PhysionetMI,64,4.92424242424242,
few.LaBraM.PhysioNet.20,PhysionetMI,65,-1.06060606060605,
few.LaBraM.PhysioNet.20,PhysionetMI,66,-1.28787878787878,
few.LaBraM.PhysioNet.20,PhysionetMI,67,-1.8939393939393898,
few.LaBraM.PhysioNet.20,PhysionetMI,68,-1.51515151515151,
few.LaBraM.PhysioNet.20,PhysionetMI,69,-0.15384615384613998,
few.LaBraM.PhysioNet.20,PhysionetMI,70,0.0,
few.LaBraM.PhysioNet.20,PhysionetMI,71,-0.22727272727272002,
few.LaBraM.PhysioNet.20,PhysionetMI,72,-0.9090909090909001,
few.LaBraM.PhysioNet.20,PhysionetMI,73,-2.8030303030303,
few.LaBraM.PhysioNet.20,PhysionetMI,74,1.59090909090909,
few.LaBraM.PhysioNet.20,PhysionetMI,75,-1.7424242424242402,
few.LaBraM.PhysioNet.20,PhysionetMI,76,1.28787878787878,
few.LaBraM.PhysioNet.20,PhysionetMI,77,-1.0606060606060599,
few.LaBraM.PhysioNet.20,PhysionetMI,78,-4.09090909090908,
few.LaBraM.PhysioNet.20,PhysionetMI,79,1.7424242424242402,
few.LaBraM.PhysioNet.20,PhysionetMI,80,3.53846153846153,
few.LaBraM.PhysioNet.20,PhysionetMI,81,6.36363636363636,
few.LaBraM.PhysioNet.20,PhysionetMI,82,1.59090909090908,
few.LaBraM.PhysioNet.20,PhysionetMI,83,1.38461538461538,
few.LaBraM.PhysioNet.20,PhysionetMI,84,-5.5303030303030205,
few.LaBraM.PhysioNet.20,PhysionetMI,85,-1.7424242424242402,
few.LaBraM.PhysioNet.20,PhysionetMI,86,1.53846153846153,
few.LaBraM.PhysioNet.20,PhysionetMI,87,-1.2121212121212,
few.LaBraM.PhysioNet.20,PhysionetMI,90,5.0,
few.LaBraM.PhysioNet.20,PhysionetMI,91,1.9696969696969597,
few.LaBraM.PhysioNet.20,PhysionetMI,93,0.9090909090909001,
few.LaBraM.PhysioNet.20,PhysionetMI,94,1.66666666666666,
few.LaBraM.PhysioNet.20,PhysionetMI,95,-4.23076923076923,
few.LaBraM.PhysioNet.20,PhysionetMI,96,-1.66666666666666,
few.LaBraM.PhysioNet.20,PhysionetMI,97,4.2424242424242395,
few.LaBraM.PhysioNet.20,PhysionetMI,98,-1.51515151515151,
few.LaBraM.PhysioNet.20,PhysionetMI,99,1.06060606060605,
few.LaBraM.PhysioNet.20,PhysionetMI,101,2.3076923076923,
few.LaBraM.PhysioNet.20,PhysionetMI,102,2.8030303030303,
few.LaBraM.PhysioNet.20,PhysionetMI,103,-1.7424242424242402,
few.LaBraM.PhysioNet.20,PhysionetMI,105,1.66666666666666,
few.LaBraM.PhysioNet.20,PhysionetMI,107,3.56060606060606,
few.LaBraM.PhysioNet.20,PhysionetMI,108,0.90909090909091,
few.LaBraM.PhysioNet.20,PhysionetMI,109,0.83333333333333,
context.film.B4,Cho2017,1,0.0,
context.film.B4,Cho2017,2,-0.40000000000000036,
context.film.B4,Cho2017,3,0.20000000000000018,
context.film.B4,Cho2017,4,2.8000000000000025,
context.film.B4,Cho2017,5,0.0,
context.film.B4,Cho2017,6,1.8000000000000016,
context.film.B4,Cho2017,7,-1.6666666666666607,
context.film.B4,Cho2017,8,-1.4000000000000123,
context.film.B4,Cho2017,9,0.5000000000000004,
context.film.B4,Cho2017,10,0.8000000000000007,
context.film.B4,Cho2017,11,0.5999999999999894,
context.film.B4,Cho2017,12,0.5999999999999894,
context.film.B4,Cho2017,13,-0.20000000000000018,
context.film.B4,Cho2017,14,-1.200000000000001,
context.film.B4,Cho2017,15,-0.6000000000000005,
context.film.B4,Cho2017,16,0.40000000000000036,
context.film.B4,Cho2017,17,0.8000000000000007,
context.film.B4,Cho2017,18,1.0000000000000009,
context.film.B4,Cho2017,19,0.0,
context.film.B4,Cho2017,20,0.0,
context.film.B4,Cho2017,21,0.20000000000000018,
context.film.B4,Cho2017,22,-0.8000000000000007,
context.film.B4,Cho2017,23,-2.200000000000002,
context.film.B4,Cho2017,24,-0.40000000000000036,
context.film.B4,Cho2017,25,1.200000000000001,
context.film.B4,Cho2017,26,0.0,
context.film.B4,Cho2017,27,-0.20000000000000018,
context.film.B4,Cho2017,28,2.8000000000000025,
context.film.B4,Cho2017,29,0.19999999999998908,
context.film.B4,Cho2017,30,-0.20000000000000018,
context.film.B4,Cho2017,31,0.40000000000000036,
context.film.B4,Cho2017,32,-0.8000000000000007,
context.film.B4,Cho2017,33,0.20000000000000018,
context.film.B4,Cho2017,34,0.0,
context.film.B4,Cho2017,35,-0.20000000000001128,
context.film.B4,Cho2017,36,0.8000000000000007,
context.film.B4,Cho2017,37,-0.20000000000000018,
context.film.B4,Cho2017,38,2.8000000000000025,
context.film.B4,Cho2017,39,-1.200000000000001,
context.film.B4,Cho2017,40,0.20000000000000018,
context.film.B4,Cho2017,41,2.0000000000000018,
context.film.B4,Cho2017,42,-0.6000000000000005,
context.film.B4,Cho2017,43,0.40000000000000036,
context.film.B4,Cho2017,44,0.0,
context.film.B4,Cho2017,45,1.4000000000000012,
context.film.B4,Cho2017,46,0.666666666666671,
context.film.B4,Cho2017,47,-1.7999999999999905,
context.film.B4,Cho2017,48,0.0,
context.film.B4,Cho2017,49,-1.200000000000001,
context.film.B4,Cho2017,50,-0.20000000000001128,
context.film.B4,Cho2017,51,0.0,
context.film.B4,Cho2017,52,-0.40000000000000036,
context.film.B4,Dreyer2023,1,0.33333333333332993,
context.film.B4,Dreyer2023,2,-0.666666666666671,
context.film.B4,Dreyer2023,3,0.0,
context.film.B4,Dreyer2023,5,0.16666666666667052,
context.film.B4,Dreyer2023,6,1.8333333333333313,
context.film.B4,Dreyer2023,7,0.3333333333333188,
context.film.B4,Dreyer2023,8,0.8333333333333193,
context.film.B4,Dreyer2023,10,0.0,
context.film.B4,Dreyer2023,11,-0.6666666666666599,
context.film.B4,Dreyer2023,12,0.1666666666666594,
context.film.B4,Dreyer2023,13,0.0,
context.film.B4,Dreyer2023,14,0.0,
context.film.B4,Dreyer2023,15,0.0,
context.film.B4,Dreyer2023,16,-0.1666666666666483,
context.film.B4,Dreyer2023,18,0.0,
context.film.B4,Dreyer2023,19,0.16666666666668162,
context.film.B4,Dreyer2023,20,0.1666666666666594,
context.film.B4,Dreyer2023,21,0.0,
context.film.B4,Dreyer2023,22,0.0,
context.film.B4,Dreyer2023,23,0.16666666666667052,
context.film.B4,Dreyer2023,24,-0.16666666666667052,
context.film.B4,Dreyer2023,25,-0.5000000000000004,
context.film.B4,Dreyer2023,26,0.0,
context.film.B4,Dreyer2023,27,-1.4999999999999902,
context.film.B4,Dreyer2023,28,0.5000000000000004,
context.film.B4,Dreyer2023,30,0.16666666666667052,
context.film.B4,Dreyer2023,31,0.33333333333332993,
context.film.B4,Dreyer2023,32,-1.333333333333342,
context.film.B4,Dreyer2023,33,0.0,
context.film.B4,Dreyer2023,34,-0.16666666666667052,
context.film.B4,Dreyer2023,35,0.1666666666666594,
context.film.B4,Dreyer2023,36,-0.1666666666666594,
context.film.B4,Dreyer2023,37,-0.33333333333334103,
context.film.B4,Dreyer2023,38,-0.1666666666666594,
context.film.B4,Dreyer2023,39,0.33333333333332993,
context.film.B4,Dreyer2023,40,0.0,
context.film.B4,Dreyer2023,42,-0.33333333333332993,
context.film.B4,Dreyer2023,43,-0.16666666666668162,
context.film.B4,Dreyer2023,44,0.16666666666667052,
context.film.B4,Dreyer2023,45,1.6666666666666607,
context.film.B4,Dreyer2023,46,-0.6666666666666821,
context.film.B4,Dreyer2023,47,0.1666666666666594,
context.film.B4,Dreyer2023,48,-0.33333333333332993,
context.film.B4,Dreyer2023,49,0.5000000000000004,
context.film.B4,Dreyer2023,50,0.0,
context.film.B4,Dreyer2023,51,0.1666666666666594,
context.film.B4,Dreyer2023,52,0.0,
context.film.B4,Dreyer2023,53,0.0,
context.film.B4,Dreyer2023,54,0.0,
context.film.B4,Dreyer2023,55,0.33333333333334103,
context.film.B4,Dreyer2023,56,-0.16666666666668162,
context.film.B4,Dreyer2023,57,0.33333333333332993,
context.film.B4,Dreyer2023,58,-0.1666666666666594,
context.film.B4,Dreyer2023,59,0.0,
context.film.B4,Dreyer2023,60,-0.5000000000000004,
context.film.B4,Dreyer2023,61,1.3333333333333197,
context.film.B4,Dreyer2023,62,-0.1666666666666594,
context.film.B4,Dreyer2023,63,0.16666666666667052,
context.film.B4,Dreyer2023,64,0.0,
context.film.B4,Dreyer2023,65,0.0,
context.film.B4,Dreyer2023,66,0.0,
context.film.B4,Dreyer2023,67,0.16666666666667052,
context.film.B4,Dreyer2023,68,0.0,
context.film.B4,Dreyer2023,69,0.0,
context.film.B4,Dreyer2023,70,0.0,
context.film.B4,Dreyer2023,71,1.1102230246251565e-14,
context.film.B4,Dreyer2023,72,-0.5000000000000004,
context.film.B4,Dreyer2023,73,-0.5000000000000004,
context.film.B4,Dreyer2023,74,0.33333333333332993,
context.film.B4,Dreyer2023,75,1.1666666666666603,
context.film.B4,Dreyer2023,76,0.0,
context.film.B4,Dreyer2023,77,-1.4999999999999902,
context.film.B4,Dreyer2023,80,-0.1666666666666594,
context.film.B4,Dreyer2023,81,0.0,
context.film.B4,Dreyer2023,82,0.0,
context.film.B4,Dreyer2023,83,0.5000000000000004,
context.film.B4,Dreyer2023,84,-0.33333333333332993,
context.film.B4,Dreyer2023,85,0.33333333333332993,
context.film.B4,Dreyer2023,86,0.0,
context.film.B4,Dreyer2023,87,0.16666666666667052,
context.film.B4,PhysionetMI,1,0.909090909090915,
context.film.B4,PhysionetMI,2,0.0,
context.film.B4,PhysionetMI,3,0.0,
context.film.B4,PhysionetMI,4,0.0,
context.film.B4,PhysionetMI,5,0.0,
context.film.B4,PhysionetMI,6,0.37878787878786735,
context.film.B4,PhysionetMI,7,0.0,
context.film.B4,PhysionetMI,8,0.0,
context.film.B4,PhysionetMI,9,-0.7692307692307665,
context.film.B4,PhysionetMI,10,1.0000000000000009,
context.film.B4,PhysionetMI,11,0.0,
context.film.B4,PhysionetMI,12,0.0,
context.film.B4,PhysionetMI,13,0.0,
context.film.B4,PhysionetMI,14,-2.500000000000002,
context.film.B4,PhysionetMI,15,0.0,
context.film.B4,PhysionetMI,16,-2.500000000000002,
context.film.B4,PhysionetMI,17,0.0,
context.film.B4,PhysionetMI,18,0.0,
context.film.B4,PhysionetMI,19,1.6666666666666607,
context.film.B4,PhysionetMI,20,0.9848484848484773,
context.film.B4,PhysionetMI,21,-0.9848484848484884,
context.film.B4,PhysionetMI,22,0.0,
context.film.B4,PhysionetMI,23,0.0,
context.film.B4,PhysionetMI,24,0.0,
context.film.B4,PhysionetMI,25,0.0,
context.film.B4,PhysionetMI,26,0.0,
context.film.B4,PhysionetMI,27,0.0,
context.film.B4,PhysionetMI,28,0.0,
context.film.B4,PhysionetMI,29,0.0,
context.film.B4,PhysionetMI,30,0.0,
context.film.B4,PhysionetMI,31,0.0,
context.film.B4,PhysionetMI,32,0.0,
context.film.B4,PhysionetMI,33,0.0,
context.film.B4,PhysionetMI,34,0.0,
context.film.B4,PhysionetMI,35,0.0,
context.film.B4,PhysionetMI,36,0.0,
context.film.B4,PhysionetMI,37,0.0,
context.film.B4,PhysionetMI,38,0.0,
context.film.B4,PhysionetMI,39,0.07575757575757347,
context.film.B4,PhysionetMI,40,-0.8333333333333415,
context.film.B4,PhysionetMI,41,0.0,
context.film.B4,PhysionetMI,42,0.0,
context.film.B4,PhysionetMI,43,0.0,
context.film.B4,PhysionetMI,44,-0.8333333333333415,
context.film.B4,PhysionetMI,45,0.0,
context.film.B4,PhysionetMI,46,0.0,
context.film.B4,PhysionetMI,47,-1.2878787878787934,
context.film.B4,PhysionetMI,48,1.8181818181817855,
context.film.B4,PhysionetMI,49,0.0,
context.film.B4,PhysionetMI,50,0.0,
context.film.B4,PhysionetMI,51,0.0,
context.film.B4,PhysionetMI,52,0.0,
context.film.B4,PhysionetMI,53,0.0,
context.film.B4,PhysionetMI,54,0.0,
context.film.B4,PhysionetMI,55,0.0,
context.film.B4,PhysionetMI,56,0.0,
context.film.B4,PhysionetMI,57,0.0,
context.film.B4,PhysionetMI,58,0.2307692307692233,
context.film.B4,PhysionetMI,59,-3.3333333333333326,
context.film.B4,PhysionetMI,60,0.0,
context.film.B4,PhysionetMI,61,0.0,
context.film.B4,PhysionetMI,62,0.0,
context.film.B4,PhysionetMI,63,0.0,
context.film.B4,PhysionetMI,64,1.8181818181818188,
context.film.B4,PhysionetMI,65,0.0,
context.film.B4,PhysionetMI,66,-0.909090909090915,
context.film.B4,PhysionetMI,67,0.0,
context.film.B4,PhysionetMI,68,0.07575757575757347,
context.film.B4,PhysionetMI,69,-0.2307692307692344,
context.film.B4,PhysionetMI,70,0.0,
context.film.B4,PhysionetMI,71,0.0,
context.film.B4,PhysionetMI,72,0.0,
context.film.B4,PhysionetMI,73,-1.6666666666666718,
context.film.B4,PhysionetMI,74,0.0,
context.film.B4,PhysionetMI,75,0.0,
context.film.B4,PhysionetMI,76,2.7272727272727337,
context.film.B4,PhysionetMI,77,0.07575757575758457,
context.film.B4,PhysionetMI,78,-1.5909090909090928,
context.film.B4,PhysionetMI,79,0.0,
context.film.B4,PhysionetMI,80,-1.3076923076922986,
context.film.B4,PhysionetMI,81,0.0,
context.film.B4,PhysionetMI,82,0.0,
context.film.B4,PhysionetMI,83,-1.538461538461533,
context.film.B4,PhysionetMI,84,0.0,
context.film.B4,PhysionetMI,85,0.0,
context.film.B4,PhysionetMI,86,0.0,
context.film.B4,PhysionetMI,87,0.0,
context.film.B4,PhysionetMI,90,0.0,
context.film.B4,PhysionetMI,91,0.909090909090915,
context.film.B4,PhysionetMI,93,0.0,
context.film.B4,PhysionetMI,94,0.0,
context.film.B4,PhysionetMI,95,0.0,
context.film.B4,PhysionetMI,96,0.0,
context.film.B4,PhysionetMI,97,0.0,
context.film.B4,PhysionetMI,98,0.0,
context.film.B4,PhysionetMI,99,-0.8333333333333304,
context.film.B4,PhysionetMI,101,0.0,
context.film.B4,PhysionetMI,102,0.0,
context.film.B4,PhysionetMI,103,0.0,
context.film.B4,PhysionetMI,105,0.0,
context.film.B4,PhysionetMI,107,0.0,
context.film.B4,PhysionetMI,108,0.0,
context.film.B4,PhysionetMI,109,-1.6666666666666718,
context.film.B3,Cho2017,1,-1.4000000000000123,
context.film.B3,Cho2017,2,-0.40000000000000036,
context.film.B3,Cho2017,3,-2.400000000000002,
context.film.B3,Cho2017,4,0.0,
context.film.B3,Cho2017,5,0.0,
context.film.B3,Cho2017,6,-5.600000000000005,
context.film.B3,Cho2017,7,0.16666666666667052,
context.film.B3,Cho2017,8,-1.6000000000000125,
context.film.B3,Cho2017,9,1.0000000000000009,
context.film.B3,Cho2017,10,-0.40000000000000036,
context.film.B3,Cho2017,11,1.3999999999999901,
context.film.B3,Cho2017,12,2.9999999999999973,
context.film.B3,Cho2017,13,-0.8000000000000007,
context.film.B3,Cho2017,14,0.20000000000000018,
context.film.B3,Cho2017,15,0.20000000000000018,
context.film.B3,Cho2017,16,0.9999999999999898,
context.film.B3,Cho2017,17,1.8000000000000016,
context.film.B3,Cho2017,18,1.200000000000001,
context.film.B3,Cho2017,19,0.6000000000000005,
context.film.B3,Cho2017,20,-2.400000000000002,
context.film.B3,Cho2017,21,1.200000000000001,
context.film.B3,Cho2017,22,0.9999999999999898,
context.film.B3,Cho2017,23,-1.8000000000000016,
context.film.B3,Cho2017,24,-1.000000000000012,
context.film.B3,Cho2017,25,-0.20000000000000018,
context.film.B3,Cho2017,26,0.0,
context.film.B3,Cho2017,27,0.8000000000000007,
context.film.B3,Cho2017,28,1.8000000000000016,
context.film.B3,Cho2017,29,1.19999999999999,
context.film.B3,Cho2017,30,0.40000000000001146,
context.film.B3,Cho2017,31,-1.8000000000000016,
context.film.B3,Cho2017,32,-1.200000000000001,
context.film.B3,Cho2017,33,0.6000000000000005,
context.film.B3,Cho2017,34,0.40000000000000036,
context.film.B3,Cho2017,35,4.599999999999987,
context.film.B3,Cho2017,36,0.6000000000000005,
context.film.B3,Cho2017,37,-6.599999999999994,
context.film.B3,Cho2017,38,-0.6000000000000005,
context.film.B3,Cho2017,39,1.0000000000000009,
context.film.B3,Cho2017,40,0.40000000000000036,
context.film.B3,Cho2017,41,2.6000000000000023,
context.film.B3,Cho2017,42,-0.6000000000000005,
context.film.B3,Cho2017,43,0.20000000000000018,
context.film.B3,Cho2017,44,0.20000000000000018,
context.film.B3,Cho2017,45,1.4000000000000012,
context.film.B3,Cho2017,46,-1.0000000000000009,
context.film.B3,Cho2017,47,-5.199999999999994,
context.film.B3,Cho2017,48,1.8000000000000127,
context.film.B3,Cho2017,49,1.200000000000001,
context.film.B3,Cho2017,50,2.9999999999999916,
context.film.B3,Cho2017,51,-2.0000000000000018,
context.film.B3,Cho2017,52,0.40000000000000036,
context.film.B3,Dreyer2023,1,0.666666666666671,
context.film.B3,Dreyer2023,2,-0.33333333333334103,
context.film.B3,Dreyer2023,3,-0.5000000000000115,
context.film.B3,Dreyer2023,5,-0.16666666666667052,
context.film.B3,Dreyer2023,6,-0.666666666666671,
context.film.B3,Dreyer2023,7,0.0,
context.film.B3,Dreyer2023,8,0.1666666666666594,
context.film.B3,Dreyer2023,10,0.0,
context.film.B3,Dreyer2023,11,0.0,
context.film.B3,Dreyer2023,12,-1.000000000000012,
context.film.B3,Dreyer2023,13,-0.16666666666667052,
context.film.B3,Dreyer2023,14,0.0,
context.film.B3,Dreyer2023,15,-0.33333333333332993,
context.film.B3,Dreyer2023,16,-0.6666666666666599,
context.film.B3,Dreyer2023,18,0.16666666666667052,
context.film.B3,Dreyer2023,19,0.33333333333334103,
context.film.B3,Dreyer2023,20,0.1666666666666594,
context.film.B3,Dreyer2023,21,0.33333333333334103,
context.film.B3,Dreyer2023,22,-0.1666666666666594,
context.film.B3,Dreyer2023,23,-1.1102230246251565e-14,
context.film.B3,Dreyer2023,24,0.0,
context.film.B3,Dreyer2023,25,-0.16666666666668162,
context.film.B3,Dreyer2023,26,0.1666666666666594,
context.film.B3,Dreyer2023,27,-1.0000000000000009,
context.film.B3,Dreyer2023,28,0.16666666666667052,
context.film.B3,Dreyer2023,30,0.0,
context.film.B3,Dreyer2023,31,0.0,
context.film.B3,Dreyer2023,32,-2.6666666666666727,
context.film.B3,Dreyer2023,33,-0.33333333333332993,
context.film.B3,Dreyer2023,34,0.0,
context.film.B3,Dreyer2023,35,-1.1102230246251565e-14,
context.film.B3,Dreyer2023,36,-0.1666666666666594,
context.film.B3,Dreyer2023,37,0.1666666666666594,
context.film.B3,Dreyer2023,38,-0.49999999999998934,
context.film.B3,Dreyer2023,39,-2.6666666666666616,
context.film.B3,Dreyer2023,40,0.34482758620688614,
context.film.B3,Dreyer2023,42,-1.8333333333333424,
context.film.B3,Dreyer2023,43,-1.0000000000000009,
context.film.B3,Dreyer2023,44,0.16666666666667052,
context.film.B3,Dreyer2023,45,0.0,
context.film.B3,Dreyer2023,46,-2.0000000000000018,
context.film.B3,Dreyer2023,47,0.5000000000000115,
context.film.B3,Dreyer2023,48,-0.6666666666666599,
context.film.B3,Dreyer2023,49,-1.3333333333333308,
context.film.B3,Dreyer2023,50,0.0,
context.film.B3,Dreyer2023,51,-1.0000000000000009,
context.film.B3,Dreyer2023,52,0.0,
context.film.B3,Dreyer2023,53,-0.6666666666666821,
context.film.B3,Dreyer2023,54,-0.9999999999999898,
context.film.B3,Dreyer2023,55,0.6666666666666821,
context.film.B3,Dreyer2023,56,0.1666666666666372,
context.film.B3,Dreyer2023,57,-1.8333333333333424,
context.film.B3,Dreyer2023,58,-1.1666666666666603,
context.film.B3,Dreyer2023,59,0.7500000000000062,
context.film.B3,Dreyer2023,60,-0.8333333333333304,
context.film.B3,Dreyer2023,61,-0.1666666666666594,
context.film.B3,Dreyer2023,62,1.000000000000012,
context.film.B3,Dreyer2023,63,-0.6666666666666599,
context.film.B3,Dreyer2023,64,-0.16666666666667052,
context.film.B3,Dreyer2023,65,-0.8333333333333193,
context.film.B3,Dreyer2023,66,-0.8333333333333304,
context.film.B3,Dreyer2023,67,0.16666666666667052,
context.film.B3,Dreyer2023,68,-0.1666666666666594,
context.film.B3,Dreyer2023,69,0.0,
context.film.B3,Dreyer2023,70,0.0,
context.film.B3,Dreyer2023,71,-2.499999999999991,
context.film.B3,Dreyer2023,72,0.5000000000000115,
context.film.B3,Dreyer2023,73,2.0000000000000018,
context.film.B3,Dreyer2023,74,-0.33333333333332993,
context.film.B3,Dreyer2023,75,-0.33333333333332993,
context.film.B3,Dreyer2023,76,0.5000000000000004,
context.film.B3,Dreyer2023,77,0.5000000000000004,
context.film.B3,Dreyer2023,80,-0.33333333333332993,
context.film.B3,Dreyer2023,81,-1.1666666666666603,
context.film.B3,Dreyer2023,82,0.0,
context.film.B3,Dreyer2023,83,-1.1102230246251565e-14,
context.film.B3,Dreyer2023,84,-0.8333333333333304,
context.film.B3,Dreyer2023,85,-2.3333333333333317,
context.film.B3,Dreyer2023,86,0.33333333333332993,
context.film.B3,Dreyer2023,87,1.333333333333342,
context.film.B3,PhysionetMI,1,0.0,
context.film.B3,PhysionetMI,2,0.0,
context.film.B3,PhysionetMI,3,0.0,
context.film.B3,PhysionetMI,4,0.0,
context.film.B3,PhysionetMI,5,-1.8181818181818077,
context.film.B3,PhysionetMI,6,-2.500000000000002,
context.film.B3,PhysionetMI,7,0.0,
context.film.B3,PhysionetMI,8,-0.8333333333333415,
context.film.B3,PhysionetMI,9,0.0,
context.film.B3,PhysionetMI,10,1.538461538461533,
context.film.B3,PhysionetMI,11,-0.07575757575757347,
context.film.B3,PhysionetMI,12,-2.5757575757575757,
context.film.B3,PhysionetMI,13,2.7272727272727226,
context.film.B3,PhysionetMI,14,-0.909090909090915,
context.film.B3,PhysionetMI,15,0.0,
context.film.B3,PhysionetMI,16,-3.409090909090906,
context.film.B3,PhysionetMI,17,0.909090909090915,
context.film.B3,PhysionetMI,18,0.0,
context.film.B3,PhysionetMI,19,2.4242424242424176,
context.film.B3,PhysionetMI,20,-1.8181818181818188,
context.film.B3,PhysionetMI,21,1.5151515151515138,
context.film.B3,PhysionetMI,22,-0.8333333333333193,
context.film.B3,PhysionetMI,23,0.0,
context.film.B3,PhysionetMI,24,-0.07575757575757347,
context.film.B3,PhysionetMI,25,-1.9696969696969657,
context.film.B3,PhysionetMI,26,0.5384615384615432,
context.film.B3,PhysionetMI,27,-0.9090909090908927,
context.film.B3,PhysionetMI,28,0.8333333333333304,
context.film.B3,PhysionetMI,29,-0.8333333333333304,
context.film.B3,PhysionetMI,30,0.0,
context.film.B3,PhysionetMI,31,1.7424242424242453,
context.film.B3,PhysionetMI,32,-1.7692307692307452,
context.film.B3,PhysionetMI,33,-1.8181818181818077,
context.film.B3,PhysionetMI,34,-2.538461538461545,
context.film.B3,PhysionetMI,35,0.0,
context.film.B3,PhysionetMI,36,0.15151515151514694,
context.film.B3,PhysionetMI,37,0.07575757575757347,
context.film.B3,PhysionetMI,38,-0.9090909090908983,
context.film.B3,PhysionetMI,39,0.8333333333333304,
context.film.B3,PhysionetMI,40,-0.8333333333333415,
context.film.B3,PhysionetMI,41,0.7692307692307665,
context.film.B3,PhysionetMI,42,0.8333333333333415,
context.film.B3,PhysionetMI,43,-0.7575757575757569,
context.film.B3,PhysionetMI,44,-2.7272727272727337,
context.film.B3,PhysionetMI,45,-0.8333333333333415,
context.film.B3,PhysionetMI,46,-1.7424242424242564,
context.film.B3,PhysionetMI,47,0.07575757575756237,
context.film.B3,PhysionetMI,48,-0.909090909090915,
context.film.B3,PhysionetMI,49,0.0,
context.film.B3,PhysionetMI,50,0.0,
context.film.B3,PhysionetMI,51,-0.07575757575757347,
context.film.B3,PhysionetMI,52,-3.230769230769237,
context.film.B3,PhysionetMI,53,0.0,
context.film.B3,PhysionetMI,54,0.909090909090915,
context.film.B3,PhysionetMI,55,-0.909090909090926,
context.film.B3,PhysionetMI,56,-0.07575757575758457,
context.film.B3,PhysionetMI,57,0.8333333333333415,
context.film.B3,PhysionetMI,58,0.0,
context.film.B3,PhysionetMI,59,-2.500000000000002,
context.film.B3,PhysionetMI,60,1.000000000000012,
context.film.B3,PhysionetMI,61,0.0,
context.film.B3,PhysionetMI,62,0.0,
context.film.B3,PhysionetMI,63,0.07575757575758457,
context.film.B3,PhysionetMI,64,0.8333333333333415,
context.film.B3,PhysionetMI,65,1.6666666666666607,
context.film.B3,PhysionetMI,66,-0.8333333333333304,
context.film.B3,PhysionetMI,67,0.0,
context.film.B3,PhysionetMI,68,0.0,
context.film.B3,PhysionetMI,69,-1.2307692307692353,
context.film.B3,PhysionetMI,70,-1.666666666666683,
context.film.B3,PhysionetMI,71,0.0,
context.film.B3,PhysionetMI,72,0.909090909090915,
context.film.B3,PhysionetMI,73,-2.575757575757587,
context.film.B3,PhysionetMI,74,-1.6666666666666607,
context.film.B3,PhysionetMI,75,0.0,
context.film.B3,PhysionetMI,76,2.5757575757575757,
context.film.B3,PhysionetMI,77,1.8939393939393923,
context.film.B3,PhysionetMI,78,-1.7424242424242398,
context.film.B3,PhysionetMI,79,0.0,
context.film.B3,PhysionetMI,80,2.3076923076922995,
context.film.B3,PhysionetMI,81,0.909090909090915,
context.film.B3,PhysionetMI,82,1.7424242424242453,
context.film.B3,PhysionetMI,83,-0.7692307692307665,
context.film.B3,PhysionetMI,84,-0.9090909090908927,
context.film.B3,PhysionetMI,85,-1.7424242424242453,
context.film.B3,PhysionetMI,86,-1.0000000000000009,
context.film.B3,PhysionetMI,87,1.7424242424242453,
context.film.B3,PhysionetMI,90,-0.9090909090909038,
context.film.B3,PhysionetMI,91,0.8333333333333193,
context.film.B3,PhysionetMI,93,0.8333333333333304,
context.film.B3,PhysionetMI,94,0.0,
context.film.B3,PhysionetMI,95,-1.1102230246251565e-14,
context.film.B3,PhysionetMI,96,-0.8333333333333193,
context.film.B3,PhysionetMI,97,0.0,
context.film.B3,PhysionetMI,98,0.0,
context.film.B3,PhysionetMI,99,-0.07575757575757347,
context.film.B3,PhysionetMI,101,0.7692307692307887,
context.film.B3,PhysionetMI,102,0.0,
context.film.B3,PhysionetMI,103,0.0,
context.film.B3,PhysionetMI,105,-1.1102230246251565e-14,
context.film.B3,PhysionetMI,107,-0.8333333333333415,
context.film.B3,PhysionetMI,108,-1.6666666666666607,
context.film.B3,PhysionetMI,109,0.8333333333333304,
context.lora.B4,Cho2017,1,0.20000000000000018,
context.lora.B4,Cho2017,2,0.6000000000000005,
context.lora.B4,Cho2017,3,-0.40000000000001146,
context.lora.B4,Cho2017,4,0.40000000000000036,
context.lora.B4,Cho2017,5,0.0,
context.lora.B4,Cho2017,6,0.0,
context.lora.B4,Cho2017,7,-0.5000000000000004,
context.lora.B4,Cho2017,8,-0.8000000000000007,
context.lora.B4,Cho2017,9,0.0,
context.lora.B4,Cho2017,10,-0.6000000000000005,
context.lora.B4,Cho2017,11,-0.40000000000000036,
context.lora.B4,Cho2017,12,-0.40000000000000036,
context.lora.B4,Cho2017,13,0.6000000000000005,
context.lora.B4,Cho2017,14,0.0,
context.lora.B4,Cho2017,15,-0.20000000000000018,
context.lora.B4,Cho2017,16,0.0,
context.lora.B4,Cho2017,17,-1.200000000000001,
context.lora.B4,Cho2017,18,0.0,
context.lora.B4,Cho2017,19,0.40000000000000036,
context.lora.B4,Cho2017,20,1.19999999999999,
context.lora.B4,Cho2017,21,0.40000000000000036,
context.lora.B4,Cho2017,22,-0.8000000000000007,
context.lora.B4,Cho2017,23,0.6000000000000116,
context.lora.B4,Cho2017,24,1.4000000000000012,
context.lora.B4,Cho2017,25,1.200000000000001,
context.lora.B4,Cho2017,26,0.0,
context.lora.B4,Cho2017,27,0.0,
context.lora.B4,Cho2017,28,0.20000000000000018,
context.lora.B4,Cho2017,29,1.4000000000000012,
context.lora.B4,Cho2017,30,-2.0000000000000018,
context.lora.B4,Cho2017,31,0.6000000000000005,
context.lora.B4,Cho2017,32,-0.20000000000000018,
context.lora.B4,Cho2017,33,0.0,
context.lora.B4,Cho2017,34,0.0,
context.lora.B4,Cho2017,35,-0.40000000000000036,
context.lora.B4,Cho2017,36,0.0,
context.lora.B4,Cho2017,37,0.0,
context.lora.B4,Cho2017,38,0.0,
context.lora.B4,Cho2017,39,0.40000000000000036,
context.lora.B4,Cho2017,40,0.20000000000000018,
context.lora.B4,Cho2017,41,-0.8000000000000007,
context.lora.B4,Cho2017,42,0.0,
context.lora.B4,Cho2017,43,-6.400000000000006,
context.lora.B4,Cho2017,44,0.0,
context.lora.B4,Cho2017,45,0.20000000000000018,
context.lora.B4,Cho2017,46,1.1666666666666603,
context.lora.B4,Cho2017,47,0.20000000000000018,
context.lora.B4,Cho2017,48,0.39999999999998925,
context.lora.B4,Cho2017,49,-0.20000000000002238,
context.lora.B4,Cho2017,50,0.6000000000000005,
context.lora.B4,Cho2017,51,0.0,
context.lora.B4,Cho2017,52,2.0000000000000018,
context.lora.B4,Dreyer2023,1,0.33333333333332993,
context.lora.B4,Dreyer2023,2,1.1666666666666603,
context.lora.B4,Dreyer2023,3,0.0,
context.lora.B4,Dreyer2023,5,-0.16666666666668162,
context.lora.B4,Dreyer2023,6,0.16666666666667052,
context.lora.B4,Dreyer2023,7,0.33333333333336324,
context.lora.B4,Dreyer2023,8,0.0,
context.lora.B4,Dreyer2023,10,0.0,
context.lora.B4,Dreyer2023,11,0.16666666666667052,
context.lora.B4,Dreyer2023,12,0.16666666666668162,
context.lora.B4,Dreyer2023,13,-0.33333333333334103,
context.lora.B4,Dreyer2023,14,-0.16666666666667052,
context.lora.B4,Dreyer2023,15,0.16666666666669272,
context.lora.B4,Dreyer2023,16,-0.16666666666667052,
context.lora.B4,Dreyer2023,18,0.1666666666666594,
context.lora.B4,Dreyer2023,19,0.0,
context.lora.B4,Dreyer2023,20,0.0,
context.lora.B4,Dreyer2023,21,0.49999999999997824,
context.lora.B4,Dreyer2023,22,0.0,
context.lora.B4,Dreyer2023,23,1.1102230246251565e-14,
context.lora.B4,Dreyer2023,24,0.5000000000000004,
context.lora.B4,Dreyer2023,25,-0.33333333333332993,
context.lora.B4,Dreyer2023,26,0.0,
context.lora.B4,Dreyer2023,27,0.33333333333335213,
context.lora.B4,Dreyer2023,28,0.0,
context.lora.B4,Dreyer2023,30,0.16666666666667052,
context.lora.B4,Dreyer2023,31,0.0,
context.lora.B4,Dreyer2023,32,-0.33333333333334103,
context.lora.B4,Dreyer2023,33,0.0,
context.lora.B4,Dreyer2023,34,0.0,
context.lora.B4,Dreyer2023,35,0.1666666666666594,
context.lora.B4,Dreyer2023,36,0.0,
context.lora.B4,Dreyer2023,37,-0.666666666666671,
context.lora.B4,Dreyer2023,38,0.0,
context.lora.B4,Dreyer2023,39,-0.16666666666668162,
context.lora.B4,Dreyer2023,40,-0.17241379310345417,
context.lora.B4,Dreyer2023,42,0.0,
context.lora.B4,Dreyer2023,43,0.0,
context.lora.B4,Dreyer2023,44,0.0,
context.lora.B4,Dreyer2023,45,0.33333333333332993,
context.lora.B4,Dreyer2023,46,-0.1666666666666594,
context.lora.B4,Dreyer2023,47,-0.33333333333335213,
context.lora.B4,Dreyer2023,48,-0.6666666666666599,
context.lora.B4,Dreyer2023,49,-0.16666666666667052,
context.lora.B4,Dreyer2023,50,0.8333333333333304,
context.lora.B4,Dreyer2023,51,0.0,
context.lora.B4,Dreyer2023,52,-0.8333333333333415,
context.lora.B4,Dreyer2023,53,0.0,
context.lora.B4,Dreyer2023,54,0.1666666666666594,
context.lora.B4,Dreyer2023,55,0.0,
context.lora.B4,Dreyer2023,56,0.0,
context.lora.B4,Dreyer2023,57,-1.0000000000000009,
context.lora.B4,Dreyer2023,58,0.3333333333333188,
context.lora.B4,Dreyer2023,59,0.0,
context.lora.B4,Dreyer2023,60,0.0,
context.lora.B4,Dreyer2023,61,0.0,
context.lora.B4,Dreyer2023,62,-0.1666666666666594,
context.lora.B4,Dreyer2023,63,0.0,
context.lora.B4,Dreyer2023,64,0.0,
context.lora.B4,Dreyer2023,65,0.1666666666666594,
context.lora.B4,Dreyer2023,66,0.16666666666667052,
context.lora.B4,Dreyer2023,67,0.1666666666666483,
context.lora.B4,Dreyer2023,68,0.0,
context.lora.B4,Dreyer2023,69,-0.33333333333332993,
context.lora.B4,Dreyer2023,70,0.16666666666667052,
context.lora.B4,Dreyer2023,71,-0.16666666666668162,
context.lora.B4,Dreyer2023,72,-1.5000000000000013,
context.lora.B4,Dreyer2023,73,0.33333333333332993,
context.lora.B4,Dreyer2023,74,0.0,
context.lora.B4,Dreyer2023,75,0.0,
context.lora.B4,Dreyer2023,76,0.0,
context.lora.B4,Dreyer2023,77,0.1666666666666483,
context.lora.B4,Dreyer2023,80,0.0,
context.lora.B4,Dreyer2023,81,0.0,
context.lora.B4,Dreyer2023,82,0.0,
context.lora.B4,Dreyer2023,83,-0.33333333333332993,
context.lora.B4,Dreyer2023,84,0.1666666666666594,
context.lora.B4,Dreyer2023,85,0.5000000000000115,
context.lora.B4,Dreyer2023,86,0.16666666666668162,
context.lora.B4,Dreyer2023,87,0.16666666666668162,
context.lora.B4,PhysionetMI,1,0.15151515151513584,
context.lora.B4,PhysionetMI,2,1.0000000000000009,
context.lora.B4,PhysionetMI,3,0.0,
context.lora.B4,PhysionetMI,4,0.0,
context.lora.B4,PhysionetMI,5,0.0,
context.lora.B4,PhysionetMI,6,0.0,
context.lora.B4,PhysionetMI,7,0.0,
context.lora.B4,PhysionetMI,8,0.0,
context.lora.B4,PhysionetMI,9,-6.307692307692292,
context.lora.B4,PhysionetMI,10,0.4615384615384577,
context.lora.B4,PhysionetMI,11,0.0,
context.lora.B4,PhysionetMI,12,-0.07575757575758457,
context.lora.B4,PhysionetMI,13,1.7424242424242342,
context.lora.B4,PhysionetMI,14,0.0,
context.lora.B4,PhysionetMI,15,0.0,
context.lora.B4,PhysionetMI,16,0.07575757575757347,
context.lora.B4,PhysionetMI,17,0.0,
context.lora.B4,PhysionetMI,18,0.0,
context.lora.B4,PhysionetMI,19,0.0,
context.lora.B4,PhysionetMI,20,0.07575757575759567,
context.lora.B4,PhysionetMI,21,0.0,
context.lora.B4,PhysionetMI,22,0.0,
context.lora.B4,PhysionetMI,23,-0.7692307692307665,
context.lora.B4,PhysionetMI,24,-0.07575757575758457,
context.lora.B4,PhysionetMI,25,0.8333333333333304,
context.lora.B4,PhysionetMI,26,-2.3076923076922995,
context.lora.B4,PhysionetMI,27,0.909090909090915,
context.lora.B4,PhysionetMI,28,0.0,
context.lora.B4,PhysionetMI,29,0.909090909090915,
context.lora.B4,PhysionetMI,30,0.0,
context.lora.B4,PhysionetMI,31,0.0,
context.lora.B4,PhysionetMI,32,0.0,
context.lora.B4,PhysionetMI,33,0.0,
context.lora.B4,PhysionetMI,34,-0.2307692307692233,
context.lora.B4,PhysionetMI,35,0.0,
context.lora.B4,PhysionetMI,36,0.0,
context.lora.B4,PhysionetMI,37,-0.909090909090926,
context.lora.B4,PhysionetMI,38,0.0,
context.lora.B4,PhysionetMI,39,-0.2272727272727204,
context.lora.B4,PhysionetMI,40,0.0,
context.lora.B4,PhysionetMI,41,-0.7692307692307665,
context.lora.B4,PhysionetMI,42,0.0,
context.lora.B4,PhysionetMI,43,0.8333333333333415,
context.lora.B4,PhysionetMI,44,0.0,
context.lora.B4,PhysionetMI,45,0.0,
context.lora.B4,PhysionetMI,46,0.0,
context.lora.B4,PhysionetMI,47,0.0,
context.lora.B4,PhysionetMI,48,0.0,
context.lora.B4,PhysionetMI,49,0.0,
context.lora.B4,PhysionetMI,50,0.0,
context.lora.B4,PhysionetMI,51,0.8333333333333193,
context.lora.B4,PhysionetMI,52,0.0,
context.lora.B4,PhysionetMI,53,0.0,
context.lora.B4,PhysionetMI,54,0.0,
context.lora.B4,PhysionetMI,55,0.0,
context.lora.B4,PhysionetMI,56,0.0,
context.lora.B4,PhysionetMI,57,0.0,
context.lora.B4,PhysionetMI,58,0.0,
context.lora.B4,PhysionetMI,59,3.4848484848484906,
context.lora.B4,PhysionetMI,60,1.7692307692307785,
context.lora.B4,PhysionetMI,61,2.727272727272745,
context.lora.B4,PhysionetMI,62,0.0,
context.lora.B4,PhysionetMI,63,-0.9090909090909038,
context.lora.B4,PhysionetMI,64,0.9848484848484884,
context.lora.B4,PhysionetMI,65,0.0,
context.lora.B4,PhysionetMI,66,0.9090909090909038,
context.lora.B4,PhysionetMI,67,0.0,
context.lora.B4,PhysionetMI,68,-2.803030303030307,
context.lora.B4,PhysionetMI,69,0.0,
context.lora.B4,PhysionetMI,70,0.0,
context.lora.B4,PhysionetMI,71,-0.8333333333333415,
context.lora.B4,PhysionetMI,72,0.0,
context.lora.B4,PhysionetMI,73,0.0,
context.lora.B4,PhysionetMI,74,0.0,
context.lora.B4,PhysionetMI,75,0.909090909090915,
context.lora.B4,PhysionetMI,76,-0.9090909090909038,
context.lora.B4,PhysionetMI,77,0.0,
context.lora.B4,PhysionetMI,78,0.0,
context.lora.B4,PhysionetMI,79,0.8333333333333304,
context.lora.B4,PhysionetMI,80,0.0,
context.lora.B4,PhysionetMI,81,0.07575757575757347,
context.lora.B4,PhysionetMI,82,0.0,
context.lora.B4,PhysionetMI,83,0.0,
context.lora.B4,PhysionetMI,84,-1.7424242424242564,
context.lora.B4,PhysionetMI,85,0.8333333333333193,
context.lora.B4,PhysionetMI,86,0.0,
context.lora.B4,PhysionetMI,87,0.0,
context.lora.B4,PhysionetMI,90,0.0,
context.lora.B4,PhysionetMI,91,0.0,
context.lora.B4,PhysionetMI,93,0.0,
context.lora.B4,PhysionetMI,94,-0.15151515151514694,
context.lora.B4,PhysionetMI,95,0.0,
context.lora.B4,PhysionetMI,96,0.0,
context.lora.B4,PhysionetMI,97,0.0,
context.lora.B4,PhysionetMI,98,0.8333333333333415,
context.lora.B4,PhysionetMI,99,1.6666666666666607,
context.lora.B4,PhysionetMI,101,0.0,
context.lora.B4,PhysionetMI,102,-0.909090909090915,
context.lora.B4,PhysionetMI,103,0.0,
context.lora.B4,PhysionetMI,105,0.8333333333333082,
context.lora.B4,PhysionetMI,107,-0.909090909090915,
context.lora.B4,PhysionetMI,108,0.0,
context.lora.B4,PhysionetMI,109,-0.15151515151514694,
context.lora.B3,Cho2017,1,-1.0000000000000009,
context.lora.B3,Cho2017,2,0.0,
context.lora.B3,Cho2017,3,-3.600000000000003,
context.lora.B3,Cho2017,4,-0.8000000000000007,
context.lora.B3,Cho2017,5,-0.20000000000000018,
context.lora.B3,Cho2017,6,-7.400000000000007,
context.lora.B3,Cho2017,7,0.5000000000000004,
context.lora.B3,Cho2017,8,-1.6000000000000014,
context.lora.B3,Cho2017,9,-0.6666666666666599,
context.lora.B3,Cho2017,10,-1.4000000000000012,
context.lora.B3,Cho2017,11,-1.6000000000000014,
context.lora.B3,Cho2017,12,0.40000000000000036,
context.lora.B3,Cho2017,13,0.0,
context.lora.B3,Cho2017,14,-0.6000000000000116,
context.lora.B3,Cho2017,15,-1.200000000000001,
context.lora.B3,Cho2017,16,-1.8000000000000016,
context.lora.B3,Cho2017,17,-0.20000000000000018,
context.lora.B3,Cho2017,18,-1.4000000000000123,
context.lora.B3,Cho2017,19,-1.0000000000000009,
context.lora.B3,Cho2017,20,0.19999999999998908,
context.lora.B3,Cho2017,21,-0.6000000000000005,
context.lora.B3,Cho2017,22,-0.19999999999998908,
context.lora.B3,Cho2017,23,-1.200000000000001,
context.lora.B3,Cho2017,24,1.8000000000000127,
context.lora.B3,Cho2017,25,0.20000000000000018,
context.lora.B3,Cho2017,26,0.0,
context.lora.B3,Cho2017,27,-0.8000000000000007,
context.lora.B3,Cho2017,28,-0.20000000000001128,
context.lora.B3,Cho2017,29,-0.40000000000000036,
context.lora.B3,Cho2017,30,-1.200000000000001,
context.lora.B3,Cho2017,31,-0.20000000000000018,
context.lora.B3,Cho2017,32,-2.200000000000002,
context.lora.B3,Cho2017,33,0.0,
context.lora.B3,Cho2017,34,0.40000000000000036,
context.lora.B3,Cho2017,35,1.1999999999999955,
context.lora.B3,Cho2017,36,-1.8000000000000016,
context.lora.B3,Cho2017,37,-7.399999999999995,
context.lora.B3,Cho2017,38,-0.20000000000001128,
context.lora.B3,Cho2017,39,0.20000000000000018,
context.lora.B3,Cho2017,40,-1.8000000000000016,
context.lora.B3,Cho2017,41,-1.7999999999999905,
context.lora.B3,Cho2017,42,-0.8000000000000007,
context.lora.B3,Cho2017,43,-16.600000000000005,
context.lora.B3,Cho2017,44,0.19999999999998908,
context.lora.B3,Cho2017,45,0.0,
context.lora.B3,Cho2017,46,0.6666666666666599,
context.lora.B3,Cho2017,47,-6.800000000000006,
context.lora.B3,Cho2017,48,0.7999999999999896,
context.lora.B3,Cho2017,49,-10.000000000000009,
context.lora.B3,Cho2017,50,0.20000000000000018,
context.lora.B3,Cho2017,51,-0.20000000000000018,
context.lora.B3,Cho2017,52,0.8000000000000007,
context.lora.B3,Dreyer2023,1,-0.16666666666667052,
context.lora.B3,Dreyer2023,2,-0.33333333333332993,
context.lora.B3,Dreyer2023,3,0.1666666666666594,
context.lora.B3,Dreyer2023,5,0.6666666666666488,
context.lora.B3,Dreyer2023,6,0.0,
context.lora.B3,Dreyer2023,7,-0.1666666666666594,
context.lora.B3,Dreyer2023,8,0.6666666666666821,
context.lora.B3,Dreyer2023,10,0.1666666666666372,
context.lora.B3,Dreyer2023,11,0.16666666666667052,
context.lora.B3,Dreyer2023,12,0.6666666666666932,
context.lora.B3,Dreyer2023,13,0.0,
context.lora.B3,Dreyer2023,14,0.0,
context.lora.B3,Dreyer2023,15,-0.3333333333332855,
context.lora.B3,Dreyer2023,16,-0.6666666666666821,
context.lora.B3,Dreyer2023,18,-0.33333333333334103,
context.lora.B3,Dreyer2023,19,0.16666666666668162,
context.lora.B3,Dreyer2023,20,-0.8333333333333415,
context.lora.B3,Dreyer2023,21,0.5000000000000226,
context.lora.B3,Dreyer2023,22,-0.16666666666668162,
context.lora.B3,Dreyer2023,23,-0.33333333333332993,
context.lora.B3,Dreyer2023,24,0.16666666666669272,
context.lora.B3,Dreyer2023,25,0.5000000000000004,
context.lora.B3,Dreyer2023,26,2.000000000000013,
context.lora.B3,Dreyer2023,27,-0.1666666666666594,
context.lora.B3,Dreyer2023,28,-0.16666666666668162,
context.lora.B3,Dreyer2023,30,0.16666666666667052,
context.lora.B3,Dreyer2023,31,-0.33333333333334103,
context.lora.B3,Dreyer2023,32,-0.33333333333334103,
context.lora.B3,Dreyer2023,33,-0.5000000000000004,
context.lora.B3,Dreyer2023,34,0.33333333333332993,
context.lora.B3,Dreyer2023,35,0.33333333333334103,
context.lora.B3,Dreyer2023,36,0.8333333333333415,
context.lora.B3,Dreyer2023,37,-1.0000000000000009,
context.lora.B3,Dreyer2023,38,0.0,
context.lora.B3,Dreyer2023,39,-0.33333333333334103,
context.lora.B3,Dreyer2023,40,-0.5172413793103625,
context.lora.B3,Dreyer2023,42,0.16666666666667052,
context.lora.B3,Dreyer2023,43,0.666666666666671,
context.lora.B3,Dreyer2023,44,0.0,
context.lora.B3,Dreyer2023,45,0.33333333333332993,
context.lora.B3,Dreyer2023,46,0.666666666666671,
context.lora.B3,Dreyer2023,47,0.1666666666666594,
context.lora.B3,Dreyer2023,48,-0.9999999999999898,
context.lora.B3,Dreyer2023,49,0.1666666666666594,
context.lora.B3,Dreyer2023,50,-0.33333333333332993,
context.lora.B3,Dreyer2023,51,0.1666666666666594,
context.lora.B3,Dreyer2023,52,-0.33333333333332993,
context.lora.B3,Dreyer2023,53,-0.33333333333334103,
context.lora.B3,Dreyer2023,54,0.6666666666666599,
context.lora.B3,Dreyer2023,55,0.0,
context.lora.B3,Dreyer2023,56,-0.16666666666669272,
context.lora.B3,Dreyer2023,57,-0.16666666666667052,
context.lora.B3,Dreyer2023,58,0.3333333333333188,
context.lora.B3,Dreyer2023,59,-0.24999999999999467,
context.lora.B3,Dreyer2023,60,-0.1666666666666594,
context.lora.B3,Dreyer2023,61,0.16666666666667052,
context.lora.B3,Dreyer2023,62,0.5000000000000004,
context.lora.B3,Dreyer2023,63,-0.1666666666666483,
context.lora.B3,Dreyer2023,64,0.49999999999998934,
context.lora.B3,Dreyer2023,65,0.0,
context.lora.B3,Dreyer2023,66,0.8333333333333304,
context.lora.B3,Dreyer2023,67,0.9999999999999898,
context.lora.B3,Dreyer2023,68,1.3333333333333308,
context.lora.B3,Dreyer2023,69,0.5000000000000115,
context.lora.B3,Dreyer2023,70,-0.49999999999998934,
context.lora.B3,Dreyer2023,71,-0.16666666666668162,
context.lora.B3,Dreyer2023,72,-1.9999999999999907,
context.lora.B3,Dreyer2023,73,0.0,
context.lora.B3,Dreyer2023,74,0.33333333333332993,
context.lora.B3,Dreyer2023,75,0.1666666666666594,
context.lora.B3,Dreyer2023,76,-0.33333333333332993,
context.lora.B3,Dreyer2023,77,0.16666666666667052,
context.lora.B3,Dreyer2023,80,0.0,
context.lora.B3,Dreyer2023,81,-0.1666666666666483,
context.lora.B3,Dreyer2023,82,-1.333333333333342,
context.lora.B3,Dreyer2023,83,0.0,
context.lora.B3,Dreyer2023,84,-0.16666666666667052,
context.lora.B3,Dreyer2023,85,-0.1666666666666594,
context.lora.B3,Dreyer2023,86,-0.9999999999999898,
context.lora.B3,Dreyer2023,87,0.33333333333332993,
context.lora.B3,PhysionetMI,1,0.0,
context.lora.B3,PhysionetMI,2,0.4615384615384688,
context.lora.B3,PhysionetMI,3,0.0,
context.lora.B3,PhysionetMI,4,0.0,
context.lora.B3,PhysionetMI,5,0.0,
context.lora.B3,PhysionetMI,6,-0.07575757575757347,
context.lora.B3,PhysionetMI,7,0.0,
context.lora.B3,PhysionetMI,8,0.0,
context.lora.B3,PhysionetMI,9,-6.538461538461526,
context.lora.B3,PhysionetMI,10,0.4615384615384577,
context.lora.B3,PhysionetMI,11,0.909090909090915,
context.lora.B3,PhysionetMI,12,-0.07575757575758457,
context.lora.B3,PhysionetMI,13,1.6666666666666718,
context.lora.B3,PhysionetMI,14,0.0,
context.lora.B3,PhysionetMI,15,0.0,
context.lora.B3,PhysionetMI,16,3.6363636363636376,
context.lora.B3,PhysionetMI,17,0.0,
context.lora.B3,PhysionetMI,18,0.0,
context.lora.B3,PhysionetMI,19,0.0,
context.lora.B3,PhysionetMI,20,0.0,
context.lora.B3,PhysionetMI,21,2.575757575757587,
context.lora.B3,PhysionetMI,22,0.0,
context.lora.B3,PhysionetMI,23,0.0,
context.lora.B3,PhysionetMI,24,1.6666666666666718,
context.lora.B3,PhysionetMI,25,-0.909090909090915,
context.lora.B3,PhysionetMI,26,-0.5384615384615321,
context.lora.B3,PhysionetMI,27,0.0,
context.lora.B3,PhysionetMI,28,0.0,
context.lora.B3,PhysionetMI,29,0.07575757575757347,
context.lora.B3,PhysionetMI,30,0.8333333333333415,
context.lora.B3,PhysionetMI,31,5.151515151515151,
context.lora.B3,PhysionetMI,32,0.0,
context.lora.B3,PhysionetMI,33,-0.9090909090908816,
context.lora.B3,PhysionetMI,34,-0.2307692307692233,
context.lora.B3,PhysionetMI,35,-0.909090909090915,
context.lora.B3,PhysionetMI,36,0.0,
context.lora.B3,PhysionetMI,37,0.0,
context.lora.B3,PhysionetMI,38,0.0,
context.lora.B3,PhysionetMI,39,-1.0606060606060619,
context.lora.B3,PhysionetMI,40,0.0,
context.lora.B3,PhysionetMI,41,-1.7692307692307674,
context.lora.B3,PhysionetMI,42,0.0,
context.lora.B3,PhysionetMI,43,0.8333333333333415,
context.lora.B3,PhysionetMI,44,0.909090909090915,
context.lora.B3,PhysionetMI,45,-1.7424242424242453,
context.lora.B3,PhysionetMI,46,0.909090909090915,
context.lora.B3,PhysionetMI,47,0.0,
context.lora.B3,PhysionetMI,48,0.0,
context.lora.B3,PhysionetMI,49,0.8333333333333304,
context.lora.B3,PhysionetMI,50,0.0,
context.lora.B3,PhysionetMI,51,1.7424242424242342,
context.lora.B3,PhysionetMI,52,0.0,
context.lora.B3,PhysionetMI,53,0.8333333333333193,
context.lora.B3,PhysionetMI,54,-1.7424242424242453,
context.lora.B3,PhysionetMI,55,0.9090909090908927,
context.lora.B3,PhysionetMI,56,0.8333333333333415,
context.lora.B3,PhysionetMI,57,0.0,
context.lora.B3,PhysionetMI,58,-1.000000000000012,
context.lora.B3,PhysionetMI,59,1.8181818181818188,
context.lora.B3,PhysionetMI,60,-0.7692307692307665,
context.lora.B3,PhysionetMI,61,0.0,
context.lora.B3,PhysionetMI,62,0.0,
context.lora.B3,PhysionetMI,63,-0.07575757575757347,
context.lora.B3,PhysionetMI,64,0.0,
context.lora.B3,PhysionetMI,65,0.07575757575759567,
context.lora.B3,PhysionetMI,66,1.6666666666666607,
context.lora.B3,PhysionetMI,67,0.0,
context.lora.B3,PhysionetMI,68,0.6818181818181834,
context.lora.B3,PhysionetMI,69,0.0,
context.lora.B3,PhysionetMI,70,0.909090909090915,
context.lora.B3,PhysionetMI,71,0.0,
context.lora.B3,PhysionetMI,72,0.0,
context.lora.B3,PhysionetMI,73,-0.9848484848484884,
context.lora.B3,PhysionetMI,74,0.909090909090915,
context.lora.B3,PhysionetMI,75,1.8181818181818188,
context.lora.B3,PhysionetMI,76,-0.07575757575757347,
context.lora.B3,PhysionetMI,77,0.8333333333333304,
context.lora.B3,PhysionetMI,78,3.560606060606064,
context.lora.B3,PhysionetMI,79,-0.07575757575758457,
context.lora.B3,PhysionetMI,80,-0.7692307692307665,
context.lora.B3,PhysionetMI,81,-0.8333333333333415,
context.lora.B3,PhysionetMI,82,1.666666666666683,
context.lora.B3,PhysionetMI,83,-1.7692307692307785,
context.lora.B3,PhysionetMI,84,-2.651515151515149,
context.lora.B3,PhysionetMI,85,1.6666666666666496,
context.lora.B3,PhysionetMI,86,0.0,
context.lora.B3,PhysionetMI,87,0.8333333333333304,
context.lora.B3,PhysionetMI,90,1.81818181818183,
context.lora.B3,PhysionetMI,91,0.0,
context.lora.B3,PhysionetMI,93,-0.8333333333333415,
context.lora.B3,PhysionetMI,94,-0.2272727272727315,
context.lora.B3,PhysionetMI,95,-0.7692307692307665,
context.lora.B3,PhysionetMI,96,0.0,
context.lora.B3,PhysionetMI,97,0.0,
context.lora.B3,PhysionetMI,98,0.0,
context.lora.B3,PhysionetMI,99,2.7272727272727226,
context.lora.B3,PhysionetMI,101,0.0,
context.lora.B3,PhysionetMI,102,-3.4848484848484906,
context.lora.B3,PhysionetMI,103,0.0,
context.lora.B3,PhysionetMI,105,0.8333333333333082,
context.lora.B3,PhysionetMI,107,-0.909090909090915,
context.lora.B3,PhysionetMI,108,-0.8333333333333304,
context.lora.B3,PhysionetMI,109,1.6666666666666718,
donor.film_offset.rest.nearest_gain,Cho2017,1,-1.0,
donor.film_offset.rest.nearest_gain,Cho2017,2,-1.1102230246251565e-15,
donor.film_offset.rest.nearest_gain,Cho2017,3,-0.6,
donor.film_offset.rest.nearest_gain,Cho2017,4,0.6,
donor.film_offset.rest.nearest_gain,Cho2017,5,-5.0,
donor.film_offset.rest.nearest_gain,Cho2017,6,-4.0,
donor.film_offset.rest.nearest_gain,Cho2017,7,-2.16666666666667,
donor.film_offset.rest.nearest_gain,Cho2017,8,-1.0,
donor.film_offset.rest.nearest_gain,Cho2017,9,7.49999999999999,
donor.film_offset.rest.nearest_gain,Cho2017,10,-0.39999999999999003,
donor.film_offset.rest.nearest_gain,Cho2017,11,-0.7999999999999899,
donor.film_offset.rest.nearest_gain,Cho2017,12,3.3999999999999897,
donor.film_offset.rest.nearest_gain,Cho2017,13,4.59999999999999,
donor.film_offset.rest.nearest_gain,Cho2017,14,-3.4000000000000004,
donor.film_offset.rest.nearest_gain,Cho2017,15,-2.4,
donor.film_offset.rest.nearest_gain,Cho2017,16,-0.4,
donor.film_offset.rest.nearest_gain,Cho2017,17,6.800000000000001,
donor.film_offset.rest.nearest_gain,Cho2017,18,-3.99999999999999,
donor.film_offset.rest.nearest_gain,Cho2017,19,-4.0,
donor.film_offset.rest.nearest_gain,Cho2017,20,3.3999999999999897,
donor.film_offset.rest.nearest_gain,Cho2017,21,2.99999999999999,
donor.film_offset.rest.nearest_gain,Cho2017,22,-2.19999999999999,
donor.film_offset.rest.nearest_gain,Cho2017,23,-0.4,
donor.film_offset.rest.nearest_gain,Cho2017,24,2.1999999999999997,
donor.film_offset.rest.nearest_gain,Cho2017,25,-0.99999999999999,
donor.film_offset.rest.nearest_gain,Cho2017,26,-1.5999999999999899,
donor.film_offset.rest.nearest_gain,Cho2017,27,0.59999999999999,
donor.film_offset.rest.nearest_gain,Cho2017,28,9.2,
donor.film_offset.rest.nearest_gain,Cho2017,29,3.8,
donor.film_offset.rest.nearest_gain,Cho2017,30,3.79999999999999,
donor.film_offset.rest.nearest_gain,Cho2017,31,-3.5999999999999996,
donor.film_offset.rest.nearest_gain,Cho2017,32,2.220446049250313e-15,
donor.film_offset.rest.nearest_gain,Cho2017,33,0.59999999999999,
donor.film_offset.rest.nearest_gain,Cho2017,34,-0.4,
donor.film_offset.rest.nearest_gain,Cho2017,35,4.6,
donor.film_offset.rest.nearest_gain,Cho2017,36,-4.0,
donor.film_offset.rest.nearest_gain,Cho2017,37,-4.2,
donor.film_offset.rest.nearest_gain,Cho2017,38,-4.2,
donor.film_offset.rest.nearest_gain,Cho2017,39,3.8,
donor.film_offset.rest.nearest_gain,Cho2017,40,-1.0,
donor.film_offset.rest.nearest_gain,Cho2017,41,5.0,
donor.film_offset.rest.nearest_gain,Cho2017,42,-1.7999999999999998,
donor.film_offset.rest.nearest_gain,Cho2017,43,-9.8,
donor.film_offset.rest.nearest_gain,Cho2017,44,5.0,
donor.film_offset.rest.nearest_gain,Cho2017,45,1.0,
donor.film_offset.rest.nearest_gain,Cho2017,46,-1.1666666666666599,
donor.film_offset.rest.nearest_gain,Cho2017,47,4.6,
donor.film_offset.rest.nearest_gain,Cho2017,48,-1.19999999999999,
donor.film_offset.rest.nearest_gain,Cho2017,49,0.2,
donor.film_offset.rest.nearest_gain,Cho2017,50,3.99999999999999,
donor.film_offset.rest.nearest_gain,Cho2017,51,-9.0,
donor.film_offset.rest.nearest_gain,Cho2017,52,4.8,
donor.film_offset.rest.nearest_gain,Dreyer2023,1,-1.33333333333333,
donor.film_offset.rest.nearest_gain,Dreyer2023,2,3.16666666666666,
donor.film_offset.rest.nearest_gain,Dreyer2023,3,-1.83333333333333,
donor.film_offset.rest.nearest_gain,Dreyer2023,5,-1.99999999999999,
donor.film_offset.rest.nearest_gain,Dreyer2023,6,-5.16666666666666,
donor.film_offset.rest.nearest_gain,Dreyer2023,7,-9.16666666666666,
donor.film_offset.rest.nearest_gain,Dreyer2023,8,-5.16666666666666,
donor.film_offset.rest.nearest_gain,Dreyer2023,10,-3.33333333333333,
donor.film_offset.rest.nearest_gain,Dreyer2023,11,4.8333333333333295,
donor.film_offset.rest.nearest_gain,Dreyer2023,12,-6.16666666666666,
donor.film_offset.rest.nearest_gain,Dreyer2023,13,-4.5,
donor.film_offset.rest.nearest_gain,Dreyer2023,14,-1.83333333333333,
donor.film_offset.rest.nearest_gain,Dreyer2023,15,0.5,
donor.film_offset.rest.nearest_gain,Dreyer2023,16,-2.66666666666666,
donor.film_offset.rest.nearest_gain,Dreyer2023,18,-2.66666666666666,
donor.film_offset.rest.nearest_gain,Dreyer2023,19,-5.16666666666666,
donor.film_offset.rest.nearest_gain,Dreyer2023,20,1.1666666666666599,
donor.film_offset.rest.nearest_gain,Dreyer2023,21,-0.16666666666666,
donor.film_offset.rest.nearest_gain,Dreyer2023,22,-5.0,
donor.film_offset.rest.nearest_gain,Dreyer2023,23,-3.8333333333333304,
donor.film_offset.rest.nearest_gain,Dreyer2023,24,-4.66666666666666,
donor.film_offset.rest.nearest_gain,Dreyer2023,25,-0.33333333333333004,
donor.film_offset.rest.nearest_gain,Dreyer2023,26,-4.5,
donor.film_offset.rest.nearest_gain,Dreyer2023,27,-8.166666666666659,
donor.film_offset.rest.nearest_gain,Dreyer2023,28,2.5,
donor.film_offset.rest.nearest_gain,Dreyer2023,30,-3.66666666666666,
donor.film_offset.rest.nearest_gain,Dreyer2023,31,-6.49999999999999,
donor.film_offset.rest.nearest_gain,Dreyer2023,32,-6.16666666666666,
donor.film_offset.rest.nearest_gain,Dreyer2023,33,0.5,
donor.film_offset.rest.nearest_gain,Dreyer2023,34,1.99999999999999,
donor.film_offset.rest.nearest_gain,Dreyer2023,35,-1.1666666666666599,
donor.film_offset.rest.nearest_gain,Dreyer2023,36,-8.83333333333333,
donor.film_offset.rest.nearest_gain,Dreyer2023,37,-3.99999999999999,
donor.film_offset.rest.nearest_gain,Dreyer2023,38,-7.33333333333333,
donor.film_offset.rest.nearest_gain,Dreyer2023,39,0.83333333333333,
donor.film_offset.rest.nearest_gain,Dreyer2023,40,0.6896551724137899,
donor.film_offset.rest.nearest_gain,Dreyer2023,42,-4.8333333333333295,
donor.film_offset.rest.nearest_gain,Dreyer2023,43,-0.16666666666666,
donor.film_offset.rest.nearest_gain,Dreyer2023,44,-3.1666666666666696,
donor.film_offset.rest.nearest_gain,Dreyer2023,45,1.1666666666666599,
donor.film_offset.rest.nearest_gain,Dreyer2023,46,-4.66666666666666,
donor.film_offset.rest.nearest_gain,Dreyer2023,47,4.333333333333321,
donor.film_offset.rest.nearest_gain,Dreyer2023,48,-4.5,
donor.film_offset.rest.nearest_gain,Dreyer2023,49,-3.16666666666666,
donor.film_offset.rest.nearest_gain,Dreyer2023,50,-1.33333333333333,
donor.film_offset.rest.nearest_gain,Dreyer2023,51,-1.99999999999999,
donor.film_offset.rest.nearest_gain,Dreyer2023,52,-4.99999999999999,
donor.film_offset.rest.nearest_gain,Dreyer2023,53,-1.5,
donor.film_offset.rest.nearest_gain,Dreyer2023,54,-0.6666666666666601,
donor.film_offset.rest.nearest_gain,Dreyer2023,55,-5.66666666666666,
donor.film_offset.rest.nearest_gain,Dreyer2023,56,-2.0,
donor.film_offset.rest.nearest_gain,Dreyer2023,57,-1.1666666666666599,
donor.film_offset.rest.nearest_gain,Dreyer2023,58,-4.5,
donor.film_offset.rest.nearest_gain,Dreyer2023,59,-4.5,
donor.film_offset.rest.nearest_gain,Dreyer2023,60,1.0,
donor.film_offset.rest.nearest_gain,Dreyer2023,61,-0.83333333333333,
donor.film_offset.rest.nearest_gain,Dreyer2023,62,9.16666666666667,
donor.film_offset.rest.nearest_gain,Dreyer2023,63,-2.66666666666666,
donor.film_offset.rest.nearest_gain,Dreyer2023,64,-2.3333333333333197,
donor.film_offset.rest.nearest_gain,Dreyer2023,65,-5.66666666666666,
donor.film_offset.rest.nearest_gain,Dreyer2023,66,-5.49999999999999,
donor.film_offset.rest.nearest_gain,Dreyer2023,67,0.16666666666666,
donor.film_offset.rest.nearest_gain,Dreyer2023,68,0.33333333333333004,
donor.film_offset.rest.nearest_gain,Dreyer2023,69,-6.16666666666666,
donor.film_offset.rest.nearest_gain,Dreyer2023,70,-0.33333333333333004,
donor.film_offset.rest.nearest_gain,Dreyer2023,71,-6.66666666666666,
donor.film_offset.rest.nearest_gain,Dreyer2023,72,-0.6666666666666601,
donor.film_offset.rest.nearest_gain,Dreyer2023,73,0.83333333333333,
donor.film_offset.rest.nearest_gain,Dreyer2023,74,-0.5,
donor.film_offset.rest.nearest_gain,Dreyer2023,75,-0.66666666666667,
donor.film_offset.rest.nearest_gain,Dreyer2023,76,-4.66666666666666,
donor.film_offset.rest.nearest_gain,Dreyer2023,77,-1.1666666666666599,
donor.film_offset.rest.nearest_gain,Dreyer2023,80,-8.0,
donor.film_offset.rest.nearest_gain,Dreyer2023,81,-5.66666666666667,
donor.film_offset.rest.nearest_gain,Dreyer2023,82,1.1666666666666599,
donor.film_offset.rest.nearest_gain,Dreyer2023,83,-4.16666666666666,
donor.film_offset.rest.nearest_gain,Dreyer2023,84,0.49999999999999,
donor.film_offset.rest.nearest_gain,Dreyer2023,85,-5.66666666666666,
donor.film_offset.rest.nearest_gain,Dreyer2023,86,-1.1666666666666599,
donor.film_offset.rest.nearest_gain,Dreyer2023,87,-1.49999999999999,
donor.film_offset.rest.nearest_gain,PhysionetMI,1,-1.8939393939393898,
donor.film_offset.rest.nearest_gain,PhysionetMI,2,-2.69230769230769,
donor.film_offset.rest.nearest_gain,PhysionetMI,3,-15.151515151515149,
donor.film_offset.rest.nearest_gain,PhysionetMI,4,0.22727272727272002,
donor.film_offset.rest.nearest_gain,PhysionetMI,5,-3.2575757575757502,
donor.film_offset.rest.nearest_gain,PhysionetMI,6,-6.51515151515151,
donor.film_offset.rest.nearest_gain,PhysionetMI,7,-2.12121212121211,
donor.film_offset.rest.nearest_gain,PhysionetMI,8,-6.66666666666667,
donor.film_offset.rest.nearest_gain,PhysionetMI,9,-3.9230769230769096,
donor.film_offset.rest.nearest_gain,PhysionetMI,10,-2.23076923076923,
donor.film_offset.rest.nearest_gain,PhysionetMI,11,-4.77272727272727,
donor.film_offset.rest.nearest_gain,PhysionetMI,12,-6.06060606060606,
donor.film_offset.rest.nearest_gain,PhysionetMI,13,-17.196969696969692,
donor.film_offset.rest.nearest_gain,PhysionetMI,14,-7.34848484848485,
donor.film_offset.rest.nearest_gain,PhysionetMI,15,-1.23076923076922,
donor.film_offset.rest.nearest_gain,PhysionetMI,16,1.43939393939393,
donor.film_offset.rest.nearest_gain,PhysionetMI,17,-3.03030303030303,
donor.film_offset.rest.nearest_gain,PhysionetMI,18,-0.07575757575757,
donor.film_offset.rest.nearest_gain,PhysionetMI,19,-11.66666666666666,
donor.film_offset.rest.nearest_gain,PhysionetMI,20,-0.22727272727272002,
donor.film_offset.rest.nearest_gain,PhysionetMI,21,6.28787878787878,
donor.film_offset.rest.nearest_gain,PhysionetMI,22,0.9090909090909001,
donor.film_offset.rest.nearest_gain,PhysionetMI,23,-3.46153846153845,
donor.film_offset.rest.nearest_gain,PhysionetMI,24,-9.24242424242423,
donor.film_offset.rest.nearest_gain,PhysionetMI,25,-0.6060606060606,
donor.film_offset.rest.nearest_gain,PhysionetMI,26,-0.69230769230768,
donor.film_offset.rest.nearest_gain,PhysionetMI,27,-1.66666666666666,
donor.film_offset.rest.nearest_gain,PhysionetMI,28,0.07575757575757,
donor.film_offset.rest.nearest_gain,PhysionetMI,29,-5.0,
donor.film_offset.rest.nearest_gain,PhysionetMI,30,-2.8030303030303,
donor.film_offset.rest.nearest_gain,PhysionetMI,31,-4.46969696969696,
donor.film_offset.rest.nearest_gain,PhysionetMI,32,-2.53846153846153,
donor.film_offset.rest.nearest_gain,PhysionetMI,33,-7.575757575757571,
donor.film_offset.rest.nearest_gain,PhysionetMI,34,1.92307692307692,
donor.film_offset.rest.nearest_gain,PhysionetMI,35,-6.51515151515151,
donor.film_offset.rest.nearest_gain,PhysionetMI,36,-2.12121212121211,
donor.film_offset.rest.nearest_gain,PhysionetMI,37,12.42424242424242,
donor.film_offset.rest.nearest_gain,PhysionetMI,38,9.09090909090908,
donor.film_offset.rest.nearest_gain,PhysionetMI,39,0.9848484848484799,
donor.film_offset.rest.nearest_gain,PhysionetMI,40,2.95454545454544,
donor.film_offset.rest.nearest_gain,PhysionetMI,41,-4.53846153846153,
donor.film_offset.rest.nearest_gain,PhysionetMI,42,-9.09090909090908,
donor.film_offset.rest.nearest_gain,PhysionetMI,43,-0.9090909090909001,
donor.film_offset.rest.nearest_gain,PhysionetMI,44,0.90909090909091,
donor.film_offset.rest.nearest_gain,PhysionetMI,45,1.66666666666666,
donor.film_offset.rest.nearest_gain,PhysionetMI,46,0.5303030303030201,
donor.film_offset.rest.nearest_gain,PhysionetMI,47,-17.5,
donor.film_offset.rest.nearest_gain,PhysionetMI,48,-6.51515151515151,
donor.film_offset.rest.nearest_gain,PhysionetMI,49,-2.19696969696969,
donor.film_offset.rest.nearest_gain,PhysionetMI,50,-1.8181818181818101,
donor.film_offset.rest.nearest_gain,PhysionetMI,51,-8.18181818181818,
donor.film_offset.rest.nearest_gain,PhysionetMI,52,-3.3846153846153797,
donor.film_offset.rest.nearest_gain,PhysionetMI,53,8.10606060606059,
donor.film_offset.rest.nearest_gain,PhysionetMI,54,4.16666666666666,
donor.film_offset.rest.nearest_gain,PhysionetMI,55,5.68181818181818,
donor.film_offset.rest.nearest_gain,PhysionetMI,56,-8.86363636363636,
donor.film_offset.rest.nearest_gain,PhysionetMI,57,0.75757575757575,
donor.film_offset.rest.nearest_gain,PhysionetMI,58,-4.23076923076922,
donor.film_offset.rest.nearest_gain,PhysionetMI,59,-2.5,
donor.film_offset.rest.nearest_gain,PhysionetMI,60,-0.38461538461539,
donor.film_offset.rest.nearest_gain,PhysionetMI,61,-0.9090909090909001,
donor.film_offset.rest.nearest_gain,PhysionetMI,62,-1.7424242424242402,
donor.film_offset.rest.nearest_gain,PhysionetMI,63,-0.83333333333333,
donor.film_offset.rest.nearest_gain,PhysionetMI,64,-5.68181818181818,
donor.film_offset.rest.nearest_gain,PhysionetMI,65,-14.77272727272727,
donor.film_offset.rest.nearest_gain,PhysionetMI,66,-15.68181818181818,
donor.film_offset.rest.nearest_gain,PhysionetMI,67,3.4090909090909,
donor.film_offset.rest.nearest_gain,PhysionetMI,68,-1.36363636363636,
donor.film_offset.rest.nearest_gain,PhysionetMI,69,-8.07692307692307,
donor.film_offset.rest.nearest_gain,PhysionetMI,70,-7.954545454545451,
donor.film_offset.rest.nearest_gain,PhysionetMI,71,-0.8333333333333399,
donor.film_offset.rest.nearest_gain,PhysionetMI,72,0.15151515151514,
donor.film_offset.rest.nearest_gain,PhysionetMI,73,4.2424242424242395,
donor.film_offset.rest.nearest_gain,PhysionetMI,74,-3.10606060606061,
donor.film_offset.rest.nearest_gain,PhysionetMI,75,-12.8030303030303,
donor.film_offset.rest.nearest_gain,PhysionetMI,76,7.65151515151515,
donor.film_offset.rest.nearest_gain,PhysionetMI,77,3.56060606060606,
donor.film_offset.rest.nearest_gain,PhysionetMI,78,3.4090909090909,
donor.film_offset.rest.nearest_gain,PhysionetMI,79,-6.66666666666666,
donor.film_offset.rest.nearest_gain,PhysionetMI,80,-3.9230769230769202,
donor.film_offset.rest.nearest_gain,PhysionetMI,81,-8.1060606060606,
donor.film_offset.rest.nearest_gain,PhysionetMI,82,-18.33333333333333,
donor.film_offset.rest.nearest_gain,PhysionetMI,83,2.53846153846153,
donor.film_offset.rest.nearest_gain,PhysionetMI,84,-1.8939393939393898,
donor.film_offset.rest.nearest_gain,PhysionetMI,85,-11.96969696969696,
donor.film_offset.rest.nearest_gain,PhysionetMI,86,-3.84615384615383,
donor.film_offset.rest.nearest_gain,PhysionetMI,87,1.59090909090908,
donor.film_offset.rest.nearest_gain,PhysionetMI,90,-3.56060606060606,
donor.film_offset.rest.nearest_gain,PhysionetMI,91,-0.07575757575756001,
donor.film_offset.rest.nearest_gain,PhysionetMI,93,-9.09090909090909,
donor.film_offset.rest.nearest_gain,PhysionetMI,94,-13.25757575757576,
donor.film_offset.rest.nearest_gain,PhysionetMI,95,-1.92307692307692,
donor.film_offset.rest.nearest_gain,PhysionetMI,96,7.5,
donor.film_offset.rest.nearest_gain,PhysionetMI,97,5.0,
donor.film_offset.rest.nearest_gain,PhysionetMI,98,6.28787878787878,
donor.film_offset.rest.nearest_gain,PhysionetMI,99,-1.36363636363636,
donor.film_offset.rest.nearest_gain,PhysionetMI,101,8.46153846153846,
donor.film_offset.rest.nearest_gain,PhysionetMI,102,1.59090909090908,
donor.film_offset.rest.nearest_gain,PhysionetMI,103,-11.81818181818181,
donor.film_offset.rest.nearest_gain,PhysionetMI,105,-21.13636363636363,
donor.film_offset.rest.nearest_gain,PhysionetMI,107,-6.28787878787878,
donor.film_offset.rest.nearest_gain,PhysionetMI,108,3.18181818181818,
donor.film_offset.rest.nearest_gain,PhysionetMI,109,5.22727272727272,
donor.film_offset.rest.random_gain,Cho2017,1,-3.6599999999999904,
donor.film_offset.rest.random_gain,Cho2017,2,0.7999999999999899,
donor.film_offset.rest.random_gain,Cho2017,3,-0.32,
donor.film_offset.rest.random_gain,Cho2017,4,-3.94,
donor.film_offset.rest.random_gain,Cho2017,5,-10.08,
donor.film_offset.rest.random_gain,Cho2017,6,-4.760000000000001,
donor.film_offset.rest.random_gain,Cho2017,7,-0.9166666666666601,
donor.film_offset.rest.random_gain,Cho2017,8,0.09999999999999,
donor.film_offset.rest.random_gain,Cho2017,9,3.9333333333333296,
donor.film_offset.rest.random_gain,Cho2017,10,-0.98,
donor.film_offset.rest.random_gain,Cho2017,11,-1.23999999999999,
donor.film_offset.rest.random_gain,Cho2017,12,0.71999999999999,
donor.film_offset.rest.random_gain,Cho2017,13,2.96,
donor.film_offset.rest.random_gain,Cho2017,14,-1.15999999999999,
donor.film_offset.rest.random_gain,Cho2017,15,-1.54,
donor.film_offset.rest.random_gain,Cho2017,16,-0.75999999999999,
donor.film_offset.rest.random_gain,Cho2017,17,2.96,
donor.film_offset.rest.random_gain,Cho2017,18,1.03999999999999,
donor.film_offset.rest.random_gain,Cho2017,19,-2.36,
donor.film_offset.rest.random_gain,Cho2017,20,-0.57999999999999,
donor.film_offset.rest.random_gain,Cho2017,21,2.51999999999999,
donor.film_offset.rest.random_gain,Cho2017,22,-2.16,
donor.film_offset.rest.random_gain,Cho2017,23,-0.7799999999999999,
donor.film_offset.rest.random_gain,Cho2017,24,2.1999999999999997,
donor.film_offset.rest.random_gain,Cho2017,25,-0.62,
donor.film_offset.rest.random_gain,Cho2017,26,-3.51999999999999,
donor.film_offset.rest.random_gain,Cho2017,27,0.27999999999999,
donor.film_offset.rest.random_gain,Cho2017,28,2.54,
donor.film_offset.rest.random_gain,Cho2017,29,-0.19999999999999,
donor.film_offset.rest.random_gain,Cho2017,30,1.75999999999999,
donor.film_offset.rest.random_gain,Cho2017,31,-1.0,
donor.film_offset.rest.random_gain,Cho2017,32,0.02,
donor.film_offset.rest.random_gain,Cho2017,33,-0.52,
donor.film_offset.rest.random_gain,Cho2017,34,-1.54,
donor.film_offset.rest.random_gain,Cho2017,35,6.73999999999999,
donor.film_offset.rest.random_gain,Cho2017,36,0.7000000000000001,
donor.film_offset.rest.random_gain,Cho2017,37,-1.8800000000000001,
donor.film_offset.rest.random_gain,Cho2017,38,-3.38,
donor.film_offset.rest.random_gain,Cho2017,39,1.08,
donor.film_offset.rest.random_gain,Cho2017,40,-0.32,
donor.film_offset.rest.random_gain,Cho2017,41,2.27999999999999,
donor.film_offset.rest.random_gain,Cho2017,42,-3.18,
donor.film_offset.rest.random_gain,Cho2017,43,-4.5,
donor.film_offset.rest.random_gain,Cho2017,44,-5.19999999999999,
donor.film_offset.rest.random_gain,Cho2017,45,-0.08,
donor.film_offset.rest.random_gain,Cho2017,46,-1.61666666666666,
donor.film_offset.rest.random_gain,Cho2017,47,3.7199999999999998,
donor.film_offset.rest.random_gain,Cho2017,48,-1.68,
donor.film_offset.rest.random_gain,Cho2017,49,0.23999999999999,
donor.film_offset.rest.random_gain,Cho2017,50,-4.16,
donor.film_offset.rest.random_gain,Cho2017,51,-6.72,
donor.film_offset.rest.random_gain,Cho2017,52,2.8000000000000003,
donor.film_offset.rest.random_gain,Dreyer2023,1,-4.2,
donor.film_offset.rest.random_gain,Dreyer2023,2,-1.51666666666666,
donor.film_offset.rest.random_gain,Dreyer2023,3,-4.13333333333333,
donor.film_offset.rest.random_gain,Dreyer2023,5,-2.3,
donor.film_offset.rest.random_gain,Dreyer2023,6,-3.91666666666666,
donor.film_offset.rest.random_gain,Dreyer2023,7,-4.86666666666667,
donor.film_offset.rest.random_gain,Dreyer2023,8,-2.46666666666666,
donor.film_offset.rest.random_gain,Dreyer2023,10,-5.1,
donor.film_offset.rest.random_gain,Dreyer2023,11,-2.220446049250313e-15,
donor.film_offset.rest.random_gain,Dreyer2023,12,-6.749999999999989,
donor.film_offset.rest.random_gain,Dreyer2023,13,-1.9666666666666701,
donor.film_offset.rest.random_gain,Dreyer2023,14,0.06666666666667001,
donor.film_offset.rest.random_gain,Dreyer2023,15,-1.8166666666666598,
donor.film_offset.rest.random_gain,Dreyer2023,16,-5.51666666666666,
donor.film_offset.rest.random_gain,Dreyer2023,18,-5.8999999999999995,
donor.film_offset.rest.random_gain,Dreyer2023,19,-2.76666666666667,
donor.film_offset.rest.random_gain,Dreyer2023,20,-1.98333333333333,
donor.film_offset.rest.random_gain,Dreyer2023,21,-1.56666666666666,
donor.film_offset.rest.random_gain,Dreyer2023,22,-1.56666666666666,
donor.film_offset.rest.random_gain,Dreyer2023,23,-5.46666666666666,
donor.film_offset.rest.random_gain,Dreyer2023,24,-6.68333333333333,
donor.film_offset.rest.random_gain,Dreyer2023,25,-0.95,
donor.film_offset.rest.random_gain,Dreyer2023,26,-2.75,
donor.film_offset.rest.random_gain,Dreyer2023,27,-4.0,
donor.film_offset.rest.random_gain,Dreyer2023,28,3.78333333333333,
donor.film_offset.rest.random_gain,Dreyer2023,30,-1.58333333333333,
donor.film_offset.rest.random_gain,Dreyer2023,31,-4.54999999999999,
donor.film_offset.rest.random_gain,Dreyer2023,32,-5.66666666666666,
donor.film_offset.rest.random_gain,Dreyer2023,33,-1.7833333333333299,
donor.film_offset.rest.random_gain,Dreyer2023,34,-1.48333333333333,
donor.film_offset.rest.random_gain,Dreyer2023,35,-3.8,
donor.film_offset.rest.random_gain,Dreyer2023,36,-1.01666666666666,
donor.film_offset.rest.random_gain,Dreyer2023,37,-3.14999999999999,
donor.film_offset.rest.random_gain,Dreyer2023,38,-2.4,
donor.film_offset.rest.random_gain,Dreyer2023,39,-1.01666666666666,
donor.film_offset.rest.random_gain,Dreyer2023,40,-4.13793103448275,
donor.film_offset.rest.random_gain,Dreyer2023,42,-4.13333333333333,
donor.film_offset.rest.random_gain,Dreyer2023,43,-2.46666666666666,
donor.film_offset.rest.random_gain,Dreyer2023,44,-4.183333333333341,
donor.film_offset.rest.random_gain,Dreyer2023,45,-0.78333333333333,
donor.film_offset.rest.random_gain,Dreyer2023,46,-4.18333333333333,
donor.film_offset.rest.random_gain,Dreyer2023,47,-1.4500000000000002,
donor.film_offset.rest.random_gain,Dreyer2023,48,-2.53333333333332,
donor.film_offset.rest.random_gain,Dreyer2023,49,-2.66666666666666,
donor.film_offset.rest.random_gain,Dreyer2023,50,0.61666666666666,
donor.film_offset.rest.random_gain,Dreyer2023,51,-2.66666666666666,
donor.film_offset.rest.random_gain,Dreyer2023,52,-2.99999999999999,
donor.film_offset.rest.random_gain,Dreyer2023,53,-1.9666666666666701,
donor.film_offset.rest.random_gain,Dreyer2023,54,-4.74999999999999,
donor.film_offset.rest.random_gain,Dreyer2023,55,-1.35,
donor.film_offset.rest.random_gain,Dreyer2023,56,-4.8333333333333295,
donor.film_offset.rest.random_gain,Dreyer2023,57,-3.1,
donor.film_offset.rest.random_gain,Dreyer2023,58,-3.7499999999999902,
donor.film_offset.rest.random_gain,Dreyer2023,59,0.02499999999999,
donor.film_offset.rest.random_gain,Dreyer2023,60,-3.65,
donor.film_offset.rest.random_gain,Dreyer2023,61,-4.14999999999999,
donor.film_offset.rest.random_gain,Dreyer2023,62,0.13333333333333,
donor.film_offset.rest.random_gain,Dreyer2023,63,-3.59999999999999,
donor.film_offset.rest.random_gain,Dreyer2023,64,-0.59999999999999,
donor.film_offset.rest.random_gain,Dreyer2023,65,-1.89999999999999,
donor.film_offset.rest.random_gain,Dreyer2023,66,-2.93333333333333,
donor.film_offset.rest.random_gain,Dreyer2023,67,-4.79999999999999,
donor.film_offset.rest.random_gain,Dreyer2023,68,1.33333333333333,
donor.film_offset.rest.random_gain,Dreyer2023,69,-3.85,
donor.film_offset.rest.random_gain,Dreyer2023,70,-0.6999999999999901,
donor.film_offset.rest.random_gain,Dreyer2023,71,-5.13333333333333,
donor.film_offset.rest.random_gain,Dreyer2023,72,0.84999999999999,
donor.film_offset.rest.random_gain,Dreyer2023,73,0.75,
donor.film_offset.rest.random_gain,Dreyer2023,74,-4.33333333333333,
donor.film_offset.rest.random_gain,Dreyer2023,75,-1.56666666666666,
donor.film_offset.rest.random_gain,Dreyer2023,76,-2.13333333333333,
donor.film_offset.rest.random_gain,Dreyer2023,77,-1.39999999999999,
donor.film_offset.rest.random_gain,Dreyer2023,80,-7.283333333333319,
donor.film_offset.rest.random_gain,Dreyer2023,81,-6.26666666666666,
donor.film_offset.rest.random_gain,Dreyer2023,82,0.6999999999999901,
donor.film_offset.rest.random_gain,Dreyer2023,83,-1.73333333333333,
donor.film_offset.rest.random_gain,Dreyer2023,84,-4.18333333333333,
donor.film_offset.rest.random_gain,Dreyer2023,85,-4.24999999999999,
donor.film_offset.rest.random_gain,Dreyer2023,86,-2.71666666666666,
donor.film_offset.rest.random_gain,Dreyer2023,87,-1.0833333333333302,
donor.film_offset.rest.random_gain,PhysionetMI,1,-5.96212121212121,
donor.film_offset.rest.random_gain,PhysionetMI,2,0.34615384615384,
donor.film_offset.rest.random_gain,PhysionetMI,3,-8.87878787878787,
donor.film_offset.rest.random_gain,PhysionetMI,4,-1.09848484848484,
donor.film_offset.rest.random_gain,PhysionetMI,5,-5.20454545454545,
donor.film_offset.rest.random_gain,PhysionetMI,6,-5.07575757575758,
donor.film_offset.rest.random_gain,PhysionetMI,7,-1.64393939393939,
donor.film_offset.rest.random_gain,PhysionetMI,8,-5.46212121212121,
donor.film_offset.rest.random_gain,PhysionetMI,9,-7.58461538461538,
donor.film_offset.rest.random_gain,PhysionetMI,10,-0.5076923076923,
donor.film_offset.rest.random_gain,PhysionetMI,11,-1.48484848484848,
donor.film_offset.rest.random_gain,PhysionetMI,12,-6.257575757575751,
donor.film_offset.rest.random_gain,PhysionetMI,13,-6.83333333333333,
donor.film_offset.rest.random_gain,PhysionetMI,14,3.2424242424242395,
donor.film_offset.rest.random_gain,PhysionetMI,15,-1.54615384615384,
donor.film_offset.rest.random_gain,PhysionetMI,16,-6.901515151515141,
donor.film_offset.rest.random_gain,PhysionetMI,17,-6.31060606060605,
donor.film_offset.rest.random_gain,PhysionetMI,18,-3.29545454545453,
donor.film_offset.rest.random_gain,PhysionetMI,19,-8.17424242424242,
donor.film_offset.rest.random_gain,PhysionetMI,20,1.71212121212121,
donor.film_offset.rest.random_gain,PhysionetMI,21,-2.56060606060606,
donor.film_offset.rest.random_gain,PhysionetMI,22,-3.0909090909090797,
donor.film_offset.rest.random_gain,PhysionetMI,23,-3.99999999999999,
donor.film_offset.rest.random_gain,PhysionetMI,24,-8.92424242424242,
donor.film_offset.rest.random_gain,PhysionetMI,25,0.71969696969697,
donor.film_offset.rest.random_gain,PhysionetMI,26,-2.73076923076922,
donor.film_offset.rest.random_gain,PhysionetMI,27,-3.62878787878788,
donor.film_offset.rest.random_gain,PhysionetMI,28,-3.20454545454545,
donor.film_offset.rest.random_gain,PhysionetMI,29,-4.17424242424242,
donor.film_offset.rest.random_gain,PhysionetMI,30,-1.28030303030302,
donor.film_offset.rest.random_gain,PhysionetMI,31,-1.72727272727271,
donor.film_offset.rest.random_gain,PhysionetMI,32,-9.876923076923081,
donor.film_offset.rest.random_gain,PhysionetMI,33,-1.66666666666666,
donor.film_offset.rest.random_gain,PhysionetMI,34,-3.5538461538461497,
donor.film_offset.rest.random_gain,PhysionetMI,35,-5.06818181818182,
donor.film_offset.rest.random_gain,PhysionetMI,36,-4.34848484848484,
donor.film_offset.rest.random_gain,PhysionetMI,37,4.87878787878788,
donor.film_offset.rest.random_gain,PhysionetMI,38,5.3560606060605895,
donor.film_offset.rest.random_gain,PhysionetMI,39,0.29545454545454,
donor.film_offset.rest.random_gain,PhysionetMI,40,-3.4015151515151403,
donor.film_offset.rest.random_gain,PhysionetMI,41,-6.476923076923081,
donor.film_offset.rest.random_gain,PhysionetMI,42,-3.39393939393939,
donor.film_offset.rest.random_gain,PhysionetMI,43,-1.31818181818181,
donor.film_offset.rest.random_gain,PhysionetMI,44,-2.59090909090909,
donor.film_offset.rest.random_gain,PhysionetMI,45,-1.73484848484848,
donor.film_offset.rest.random_gain,PhysionetMI,46,-0.60606060606061,
donor.film_offset.rest.random_gain,PhysionetMI,47,-3.13636363636363,
donor.film_offset.rest.random_gain,PhysionetMI,48,-2.3030303030303,
donor.film_offset.rest.random_gain,PhysionetMI,49,-1.21969696969697,
donor.film_offset.rest.random_gain,PhysionetMI,50,3.5000000000000004,
donor.film_offset.rest.random_gain,PhysionetMI,51,-5.17424242424242,
donor.film_offset.rest.random_gain,PhysionetMI,52,-7.39230769230768,
donor.film_offset.rest.random_gain,PhysionetMI,53,0.74999999999999,
donor.film_offset.rest.random_gain,PhysionetMI,54,-1.8560606060606,
donor.film_offset.rest.random_gain,PhysionetMI,55,1.09848484848484,
donor.film_offset.rest.random_gain,PhysionetMI,56,-6.94696969696969,
donor.film_offset.rest.random_gain,PhysionetMI,57,-1.94696969696968,
donor.film_offset.rest.random_gain,PhysionetMI,58,0.46153846153844996,
donor.film_offset.rest.random_gain,PhysionetMI,59,-3.9318181818181697,
donor.film_offset.rest.random_gain,PhysionetMI,60,-0.09230769230769,
donor.film_offset.rest.random_gain,PhysionetMI,61,-2.83333333333333,
donor.film_offset.rest.random_gain,PhysionetMI,62,-1.9621212121212002,
donor.film_offset.rest.random_gain,PhysionetMI,63,-3.66666666666666,
donor.film_offset.rest.random_gain,PhysionetMI,64,-2.59848484848485,
donor.film_offset.rest.random_gain,PhysionetMI,65,-1.9242424242424199,
donor.film_offset.rest.random_gain,PhysionetMI,66,-5.76515151515152,
donor.film_offset.rest.random_gain,PhysionetMI,67,1.9166666666666599,
donor.film_offset.rest.random_gain,PhysionetMI,68,-1.5530303030303,
donor.film_offset.rest.random_gain,PhysionetMI,69,0.30769230769231,
donor.film_offset.rest.random_gain,PhysionetMI,70,-6.83333333333333,
donor.film_offset.rest.random_gain,PhysionetMI,71,-3.63636363636363,
donor.film_offset.rest.random_gain,PhysionetMI,72,-1.12878787878787,
donor.film_offset.rest.random_gain,PhysionetMI,73,3.9090909090909003,
donor.film_offset.rest.random_gain,PhysionetMI,74,-5.96969696969697,
donor.film_offset.rest.random_gain,PhysionetMI,75,-2.8560606060606,
donor.film_offset.rest.random_gain,PhysionetMI,76,2.87878787878788,
donor.film_offset.rest.random_gain,PhysionetMI,77,1.24242424242424,
donor.film_offset.rest.random_gain,PhysionetMI,78,1.71969696969696,
donor.film_offset.rest.random_gain,PhysionetMI,79,-4.82575757575757,
donor.film_offset.rest.random_gain,PhysionetMI,80,-2.44615384615384,
donor.film_offset.rest.random_gain,PhysionetMI,81,-5.53787878787878,
donor.film_offset.rest.random_gain,PhysionetMI,82,-5.81060606060606,
donor.film_offset.rest.random_gain,PhysionetMI,83,-5.26153846153846,
donor.film_offset.rest.random_gain,PhysionetMI,84,-0.8560606060606,
donor.film_offset.rest.random_gain,PhysionetMI,85,-4.38636363636363,
donor.film_offset.rest.random_gain,PhysionetMI,86,-2.84615384615385,
donor.film_offset.rest.random_gain,PhysionetMI,87,-4.54545454545454,
donor.film_offset.rest.random_gain,PhysionetMI,90,-7.46212121212121,
donor.film_offset.rest.random_gain,PhysionetMI,91,-10.742424242424239,
donor.film_offset.rest.random_gain,PhysionetMI,93,-1.0530303030302999,
donor.film_offset.rest.random_gain,PhysionetMI,94,-7.68181818181818,
donor.film_offset.rest.random_gain,PhysionetMI,95,-2.5923076923076898,
donor.film_offset.rest.random_gain,PhysionetMI,96,-4.90151515151515,
donor.film_offset.rest.random_gain,PhysionetMI,97,-0.14393939393939,
donor.film_offset.rest.random_gain,PhysionetMI,98,3.8712121212121198,
donor.film_offset.rest.random_gain,PhysionetMI,99,-2.52272727272727,
donor.film_offset.rest.random_gain,PhysionetMI,101,2.2923076923077,
donor.film_offset.rest.random_gain,PhysionetMI,102,2.8560606060606,
donor.film_offset.rest.random_gain,PhysionetMI,103,-7.643939393939379,
donor.film_offset.rest.random_gain,PhysionetMI,105,-5.515151515151509,
donor.film_offset.rest.random_gain,PhysionetMI,107,-5.90151515151514,
donor.film_offset.rest.random_gain,PhysionetMI,108,-1.9242424242424199,
donor.film_offset.rest.random_gain,PhysionetMI,109,0.14393939393939,
donor.film_offset.rest.difference,Cho2017,1,2.6599999999999904,
donor.film_offset.rest.difference,Cho2017,2,-0.7999999999999899,
donor.film_offset.rest.difference,Cho2017,3,-0.27999999999999,
donor.film_offset.rest.difference,Cho2017,4,4.54,
donor.film_offset.rest.difference,Cho2017,5,5.07999999999999,
donor.film_offset.rest.difference,Cho2017,6,0.75999999999999,
donor.film_offset.rest.difference,Cho2017,7,-1.25,
donor.film_offset.rest.difference,Cho2017,8,-1.09999999999999,
donor.film_offset.rest.difference,Cho2017,9,3.5666666666666598,
donor.film_offset.rest.difference,Cho2017,10,0.58,
donor.film_offset.rest.difference,Cho2017,11,0.44,
donor.film_offset.rest.difference,Cho2017,12,2.68,
donor.film_offset.rest.difference,Cho2017,13,1.6399999999999901,
donor.film_offset.rest.difference,Cho2017,14,-2.2399999999999998,
donor.film_offset.rest.difference,Cho2017,15,-0.86,
donor.film_offset.rest.difference,Cho2017,16,0.35999999999999,
donor.film_offset.rest.difference,Cho2017,17,3.83999999999999,
donor.film_offset.rest.difference,Cho2017,18,-5.03999999999999,
donor.film_offset.rest.difference,Cho2017,19,-1.6399999999999901,
donor.film_offset.rest.difference,Cho2017,20,3.9799999999999898,
donor.film_offset.rest.difference,Cho2017,21,0.48,
donor.film_offset.rest.difference,Cho2017,22,-0.03999999999999,
donor.film_offset.rest.difference,Cho2017,23,0.38,
donor.film_offset.rest.difference,Cho2017,24,-1.942890293094024e-15,
donor.film_offset.rest.difference,Cho2017,25,-0.37999999999998996,
donor.film_offset.rest.difference,Cho2017,26,1.9199999999999902,
donor.film_offset.rest.difference,Cho2017,27,0.32,
donor.film_offset.rest.difference,Cho2017,28,6.6599999999999895,
donor.film_offset.rest.difference,Cho2017,29,3.99999999999999,
donor.film_offset.rest.difference,Cho2017,30,2.0399999999999903,
donor.film_offset.rest.difference,Cho2017,31,-2.5999999999999903,
donor.film_offset.rest.difference,Cho2017,32,-0.019999999999989998,
donor.film_offset.rest.difference,Cho2017,33,1.1199999999999999,
donor.film_offset.rest.difference,Cho2017,34,1.13999999999999,
donor.film_offset.rest.difference,Cho2017,35,-2.13999999999999,
donor.film_offset.rest.difference,Cho2017,36,-4.7,
donor.film_offset.rest.difference,Cho2017,37,-2.31999999999999,
donor.film_offset.rest.difference,Cho2017,38,-0.81999999999999,
donor.film_offset.rest.difference,Cho2017,39,2.71999999999999,
donor.film_offset.rest.difference,Cho2017,40,-0.67999999999999,
donor.film_offset.rest.difference,Cho2017,41,2.71999999999999,
donor.film_offset.rest.difference,Cho2017,42,1.38,
donor.film_offset.rest.difference,Cho2017,43,-5.29999999999999,
donor.film_offset.rest.difference,Cho2017,44,10.19999999999999,
donor.film_offset.rest.difference,Cho2017,45,1.08,
donor.film_offset.rest.difference,Cho2017,46,0.44999999999999996,
donor.film_offset.rest.difference,Cho2017,47,0.87999999999999,
donor.film_offset.rest.difference,Cho2017,48,0.48,
donor.film_offset.rest.difference,Cho2017,49,-0.03999999999999,
donor.film_offset.rest.difference,Cho2017,50,8.16,
donor.film_offset.rest.difference,Cho2017,51,-2.27999999999999,
donor.film_offset.rest.difference,Cho2017,52,1.99999999999999,
donor.film_offset.rest.difference,Dreyer2023,1,2.86666666666666,
donor.film_offset.rest.difference,Dreyer2023,2,4.68333333333333,
donor.film_offset.rest.difference,Dreyer2023,3,2.29999999999999,
donor.film_offset.rest.difference,Dreyer2023,5,0.3,
donor.film_offset.rest.difference,Dreyer2023,6,-1.24999999999999,
donor.film_offset.rest.difference,Dreyer2023,7,-4.29999999999999,
donor.film_offset.rest.difference,Dreyer2023,8,-2.69999999999999,
donor.film_offset.rest.difference,Dreyer2023,10,1.7666666666666602,
donor.film_offset.rest.difference,Dreyer2023,11,4.8333333333333295,
donor.film_offset.rest.difference,Dreyer2023,12,0.5833333333333299,
donor.film_offset.rest.difference,Dreyer2023,13,-2.53333333333333,
donor.film_offset.rest.difference,Dreyer2023,14,-1.89999999999999,
donor.film_offset.rest.difference,Dreyer2023,15,2.3166666666666598,
donor.film_offset.rest.difference,Dreyer2023,16,2.84999999999999,
donor.film_offset.rest.difference,Dreyer2023,18,3.23333333333333,
donor.film_offset.rest.difference,Dreyer2023,19,-2.39999999999999,
donor.film_offset.rest.difference,Dreyer2023,20,3.14999999999999,
donor.film_offset.rest.difference,Dreyer2023,21,1.4000000000000001,
donor.film_offset.rest.difference,Dreyer2023,22,-3.4333333333333202,
donor.film_offset.rest.difference,Dreyer2023,23,1.63333333333333,
donor.film_offset.rest.difference,Dreyer2023,24,2.01666666666666,
donor.film_offset.rest.difference,Dreyer2023,25,0.6166666666666699,
donor.film_offset.rest.difference,Dreyer2023,26,-1.7500000000000002,
donor.film_offset.rest.difference,Dreyer2023,27,-4.16666666666665,
donor.film_offset.rest.difference,Dreyer2023,28,-1.2833333333333201,
donor.film_offset.rest.difference,Dreyer2023,30,-2.08333333333332,
donor.film_offset.rest.difference,Dreyer2023,31,-1.94999999999999,
donor.film_offset.rest.difference,Dreyer2023,32,-0.5,
donor.film_offset.rest.difference,Dreyer2023,33,2.28333333333333,
donor.film_offset.rest.difference,Dreyer2023,34,3.48333333333332,
donor.film_offset.rest.difference,Dreyer2023,35,2.63333333333332,
donor.film_offset.rest.difference,Dreyer2023,36,-7.816666666666661,
donor.film_offset.rest.difference,Dreyer2023,37,-0.84999999999999,
donor.film_offset.rest.difference,Dreyer2023,38,-4.93333333333332,
donor.film_offset.rest.difference,Dreyer2023,39,1.8499999999999899,
donor.film_offset.rest.difference,Dreyer2023,40,4.82758620689654,
donor.film_offset.rest.difference,Dreyer2023,42,-0.6999999999999901,
donor.film_offset.rest.difference,Dreyer2023,43,2.29999999999999,
donor.film_offset.rest.difference,Dreyer2023,44,1.0166666666666702,
donor.film_offset.rest.difference,Dreyer2023,45,1.94999999999999,
donor.film_offset.rest.difference,Dreyer2023,46,-0.48333333333332995,
donor.film_offset.rest.difference,Dreyer2023,47,5.78333333333332,
donor.film_offset.rest.difference,Dreyer2023,48,-1.96666666666666,
donor.film_offset.rest.difference,Dreyer2023,49,-0.49999999999999,
donor.film_offset.rest.difference,Dreyer2023,50,-1.94999999999999,
donor.film_offset.rest.difference,Dreyer2023,51,0.6666666666666601,
donor.film_offset.rest.difference,Dreyer2023,52,-1.99999999999999,
donor.film_offset.rest.difference,Dreyer2023,53,0.46666666666667,
donor.film_offset.rest.difference,Dreyer2023,54,4.08333333333332,
donor.film_offset.rest.difference,Dreyer2023,55,-4.31666666666666,
donor.film_offset.rest.difference,Dreyer2023,56,2.83333333333333,
donor.film_offset.rest.difference,Dreyer2023,57,1.93333333333333,
donor.film_offset.rest.difference,Dreyer2023,58,-0.75,
donor.film_offset.rest.difference,Dreyer2023,59,-4.5249999999999995,
donor.film_offset.rest.difference,Dreyer2023,60,4.65,
donor.film_offset.rest.difference,Dreyer2023,61,3.31666666666666,
donor.film_offset.rest.difference,Dreyer2023,62,9.033333333333319,
donor.film_offset.rest.difference,Dreyer2023,63,0.9333333333333299,
donor.film_offset.rest.difference,Dreyer2023,64,-1.73333333333333,
donor.film_offset.rest.difference,Dreyer2023,65,-3.76666666666666,
donor.film_offset.rest.difference,Dreyer2023,66,-2.56666666666665,
donor.film_offset.rest.difference,Dreyer2023,67,4.966666666666661,
donor.film_offset.rest.difference,Dreyer2023,68,-0.99999999999999,
donor.film_offset.rest.difference,Dreyer2023,69,-2.3166666666666598,
donor.film_offset.rest.difference,Dreyer2023,70,0.36666666666666,
donor.film_offset.rest.difference,Dreyer2023,71,-1.5333333333333299,
donor.film_offset.rest.difference,Dreyer2023,72,-1.51666666666666,
donor.film_offset.rest.difference,Dreyer2023,73,0.08333333333333,
donor.film_offset.rest.difference,Dreyer2023,74,3.8333333333333304,
donor.film_offset.rest.difference,Dreyer2023,75,0.89999999999999,
donor.film_offset.rest.difference,Dreyer2023,76,-2.53333333333333,
donor.film_offset.rest.difference,Dreyer2023,77,0.23333333333333,
donor.film_offset.rest.difference,Dreyer2023,80,-0.71666666666667,
donor.film_offset.rest.difference,Dreyer2023,81,0.59999999999999,
donor.film_offset.rest.difference,Dreyer2023,82,0.46666666666666,
donor.film_offset.rest.difference,Dreyer2023,83,-2.43333333333332,
donor.film_offset.rest.difference,Dreyer2023,84,4.68333333333332,
donor.film_offset.rest.difference,Dreyer2023,85,-1.41666666666666,
donor.film_offset.rest.difference,Dreyer2023,86,1.55,
donor.film_offset.rest.difference,Dreyer2023,87,-0.41666666666665997,
donor.film_offset.rest.difference,PhysionetMI,1,4.0681818181818095,
donor.film_offset.rest.difference,PhysionetMI,2,-3.0384615384615303,
donor.film_offset.rest.difference,PhysionetMI,3,-6.27272727272727,
donor.film_offset.rest.difference,PhysionetMI,4,1.3257575757575701,
donor.film_offset.rest.difference,PhysionetMI,5,1.9469696969696901,
donor.film_offset.rest.difference,PhysionetMI,6,-1.4393939393939201,
donor.film_offset.rest.difference,PhysionetMI,7,-0.47727272727272,
donor.film_offset.rest.difference,PhysionetMI,8,-1.20454545454545,
donor.film_offset.rest.difference,PhysionetMI,9,3.6615384615384596,
donor.film_offset.rest.difference,PhysionetMI,10,-1.7230769230769198,
donor.film_offset.rest.difference,PhysionetMI,11,-3.2878787878787903,
donor.film_offset.rest.difference,PhysionetMI,12,0.19696969696969,
donor.film_offset.rest.difference,PhysionetMI,13,-10.363636363636349,
donor.film_offset.rest.difference,PhysionetMI,14,-10.59090909090909,
donor.film_offset.rest.difference,PhysionetMI,15,0.31538461538461,
donor.film_offset.rest.difference,PhysionetMI,16,8.34090909090907,
donor.film_offset.rest.difference,PhysionetMI,17,3.28030303030302,
donor.film_offset.rest.difference,PhysionetMI,18,3.21969696969695,
donor.film_offset.rest.difference,PhysionetMI,19,-3.49242424242424,
donor.film_offset.rest.difference,PhysionetMI,20,-1.9393939393939301,
donor.film_offset.rest.difference,PhysionetMI,21,8.84848484848484,
donor.film_offset.rest.difference,PhysionetMI,22,3.99999999999998,
donor.film_offset.rest.difference,PhysionetMI,23,0.53846153846153,
donor.film_offset.rest.difference,PhysionetMI,24,-0.31818181818181,
donor.film_offset.rest.difference,PhysionetMI,25,-1.32575757575758,
donor.film_offset.rest.difference,PhysionetMI,26,2.03846153846153,
donor.film_offset.rest.difference,PhysionetMI,27,1.96212121212121,
donor.film_offset.rest.difference,PhysionetMI,28,3.28030303030302,
donor.film_offset.rest.difference,PhysionetMI,29,-0.8257575757575699,
donor.film_offset.rest.difference,PhysionetMI,30,-1.52272727272727,
donor.film_offset.rest.difference,PhysionetMI,31,-2.74242424242424,
donor.film_offset.rest.difference,PhysionetMI,32,7.33846153846154,
donor.film_offset.rest.difference,PhysionetMI,33,-5.9090909090909,
donor.film_offset.rest.difference,PhysionetMI,34,5.47692307692307,
donor.film_offset.rest.difference,PhysionetMI,35,-1.44696969696969,
donor.film_offset.rest.difference,PhysionetMI,36,2.22727272727272,
donor.film_offset.rest.difference,PhysionetMI,37,7.54545454545454,
donor.film_offset.rest.difference,PhysionetMI,38,3.73484848484848,
donor.film_offset.rest.difference,PhysionetMI,39,0.68939393939393,
donor.film_offset.rest.difference,PhysionetMI,40,6.35606060606059,
donor.film_offset.rest.difference,PhysionetMI,41,1.93846153846154,
donor.film_offset.rest.difference,PhysionetMI,42,-5.69696969696968,
donor.film_offset.rest.difference,PhysionetMI,43,0.4090909090909,
donor.film_offset.rest.difference,PhysionetMI,44,3.5000000000000004,
donor.film_offset.rest.difference,PhysionetMI,45,3.4015151515151403,
donor.film_offset.rest.difference,PhysionetMI,46,1.13636363636363,
donor.film_offset.rest.difference,PhysionetMI,47,-14.36363636363636,
donor.film_offset.rest.difference,PhysionetMI,48,-4.2121212121211995,
donor.film_offset.rest.difference,PhysionetMI,49,-0.9772727272727201,
donor.film_offset.rest.difference,PhysionetMI,50,-5.31818181818181,
donor.film_offset.rest.difference,PhysionetMI,51,-3.00757575757575,
donor.film_offset.rest.difference,PhysionetMI,52,4.00769230769229,
donor.film_offset.rest.difference,PhysionetMI,53,7.3560606060605895,
donor.film_offset.rest.difference,PhysionetMI,54,6.02272727272726,
donor.film_offset.rest.difference,PhysionetMI,55,4.58333333333333,
donor.film_offset.rest.difference,PhysionetMI,56,-1.91666666666667,
donor.film_offset.rest.difference,PhysionetMI,57,2.70454545454544,
donor.film_offset.rest.difference,PhysionetMI,58,-4.69230769230768,
donor.film_offset.rest.difference,PhysionetMI,59,1.43181818181817,
donor.film_offset.rest.difference,PhysionetMI,60,-0.29230769230769,
donor.film_offset.rest.difference,PhysionetMI,61,1.9242424242424199,
donor.film_offset.rest.difference,PhysionetMI,62,0.21969696969696,
donor.film_offset.rest.difference,PhysionetMI,63,2.83333333333332,
donor.film_offset.rest.difference,PhysionetMI,64,-3.08333333333333,
donor.film_offset.rest.difference,PhysionetMI,65,-12.848484848484839,
donor.film_offset.rest.difference,PhysionetMI,66,-9.916666666666659,
donor.film_offset.rest.difference,PhysionetMI,67,1.49242424242424,
donor.film_offset.rest.difference,PhysionetMI,68,0.18939393939394,
donor.film_offset.rest.difference,PhysionetMI,69,-8.384615384615381,
donor.film_offset.rest.difference,PhysionetMI,70,-1.12121212121211,
donor.film_offset.rest.difference,PhysionetMI,71,2.80303030303029,
donor.film_offset.rest.difference,PhysionetMI,72,1.28030303030302,
donor.film_offset.rest.difference,PhysionetMI,73,0.33333333333333004,
donor.film_offset.rest.difference,PhysionetMI,74,2.86363636363635,
donor.film_offset.rest.difference,PhysionetMI,75,-9.94696969696969,
donor.film_offset.rest.difference,PhysionetMI,76,4.77272727272726,
donor.film_offset.rest.difference,PhysionetMI,77,2.31818181818181,
donor.film_offset.rest.difference,PhysionetMI,78,1.68939393939394,
donor.film_offset.rest.difference,PhysionetMI,79,-1.84090909090909,
donor.film_offset.rest.difference,PhysionetMI,80,-1.47692307692307,
donor.film_offset.rest.difference,PhysionetMI,81,-2.56818181818182,
donor.film_offset.rest.difference,PhysionetMI,82,-12.522727272727261,
donor.film_offset.rest.difference,PhysionetMI,83,7.79999999999999,
donor.film_offset.rest.difference,PhysionetMI,84,-1.03787878787878,
donor.film_offset.rest.difference,PhysionetMI,85,-7.5833333333333295,
donor.film_offset.rest.difference,PhysionetMI,86,-0.99999999999999,
donor.film_offset.rest.difference,PhysionetMI,87,6.1363636363636305,
donor.film_offset.rest.difference,PhysionetMI,90,3.9015151515151505,
donor.film_offset.rest.difference,PhysionetMI,91,10.66666666666666,
donor.film_offset.rest.difference,PhysionetMI,93,-8.03787878787878,
donor.film_offset.rest.difference,PhysionetMI,94,-5.57575757575756,
donor.film_offset.rest.difference,PhysionetMI,95,0.66923076923076,
donor.film_offset.rest.difference,PhysionetMI,96,12.40151515151514,
donor.film_offset.rest.difference,PhysionetMI,97,5.14393939393938,
donor.film_offset.rest.difference,PhysionetMI,98,2.41666666666666,
donor.film_offset.rest.difference,PhysionetMI,99,1.1590909090909,
donor.film_offset.rest.difference,PhysionetMI,101,6.16923076923076,
donor.film_offset.rest.difference,PhysionetMI,102,-1.26515151515151,
donor.film_offset.rest.difference,PhysionetMI,103,-4.17424242424242,
donor.film_offset.rest.difference,PhysionetMI,105,-15.62121212121211,
donor.film_offset.rest.difference,PhysionetMI,107,-0.38636363636363,
donor.film_offset.rest.difference,PhysionetMI,108,5.1060606060606,
donor.film_offset.rest.difference,PhysionetMI,109,5.08333333333333,
donor.film_offset.task.nearest_gain,Cho2017,1,-2.6,
donor.film_offset.task.nearest_gain,Cho2017,2,1.7999999999999998,
donor.film_offset.task.nearest_gain,Cho2017,3,2.19999999999999,
donor.film_offset.task.nearest_gain,Cho2017,4,0.6,
donor.film_offset.task.nearest_gain,Cho2017,5,-5.0,
donor.film_offset.task.nearest_gain,Cho2017,6,-3.2,
donor.film_offset.task.nearest_gain,Cho2017,7,-2.16666666666667,
donor.film_offset.task.nearest_gain,Cho2017,8,0.6,
donor.film_offset.task.nearest_gain,Cho2017,9,7.49999999999999,
donor.film_offset.task.nearest_gain,Cho2017,10,-0.39999999999999003,
donor.film_offset.task.nearest_gain,Cho2017,11,-0.7999999999999899,
donor.film_offset.task.nearest_gain,Cho2017,12,3.3999999999999897,
donor.film_offset.task.nearest_gain,Cho2017,13,-1.7999999999999998,
donor.film_offset.task.nearest_gain,Cho2017,14,-1.79999999999999,
donor.film_offset.task.nearest_gain,Cho2017,15,-1.1102230246251565e-15,
donor.film_offset.task.nearest_gain,Cho2017,16,-3.79999999999999,
donor.film_offset.task.nearest_gain,Cho2017,17,5.800000000000001,
donor.film_offset.task.nearest_gain,Cho2017,18,-2.6,
donor.film_offset.task.nearest_gain,Cho2017,19,-4.0,
donor.film_offset.task.nearest_gain,Cho2017,20,2.8000000000000003,
donor.film_offset.task.nearest_gain,Cho2017,21,2.99999999999999,
donor.film_offset.task.nearest_gain,Cho2017,22,-0.99999999999999,
donor.film_offset.task.nearest_gain,Cho2017,23,-0.2,
donor.film_offset.task.nearest_gain,Cho2017,24,2.1999999999999997,
donor.film_offset.task.nearest_gain,Cho2017,25,-0.99999999999999,
donor.film_offset.task.nearest_gain,Cho2017,26,1.7999999999999998,
donor.film_offset.task.nearest_gain,Cho2017,27,-0.6,
donor.film_offset.task.nearest_gain,Cho2017,28,3.4000000000000004,
donor.film_offset.task.nearest_gain,Cho2017,29,3.8,
donor.film_offset.task.nearest_gain,Cho2017,30,0.39999999999999003,
donor.film_offset.task.nearest_gain,Cho2017,31,-3.5999999999999996,
donor.film_offset.task.nearest_gain,Cho2017,32,1.0,
donor.film_offset.task.nearest_gain,Cho2017,33,-1.6,
donor.film_offset.task.nearest_gain,Cho2017,34,-0.4,
donor.film_offset.task.nearest_gain,Cho2017,35,10.19999999999999,
donor.film_offset.task.nearest_gain,Cho2017,36,3.8,
donor.film_offset.task.nearest_gain,Cho2017,37,-5.0,
donor.film_offset.task.nearest_gain,Cho2017,38,-4.0,
donor.film_offset.task.nearest_gain,Cho2017,39,3.8,
donor.film_offset.task.nearest_gain,Cho2017,40,-0.2,
donor.film_offset.task.nearest_gain,Cho2017,41,2.6,
donor.film_offset.task.nearest_gain,Cho2017,42,-1.7999999999999998,
donor.film_offset.task.nearest_gain,Cho2017,43,0.2,
donor.film_offset.task.nearest_gain,Cho2017,44,-3.3999999999999897,
donor.film_offset.task.nearest_gain,Cho2017,45,2.99999999999999,
donor.film_offset.task.nearest_gain,Cho2017,46,-3.16666666666666,
donor.film_offset.task.nearest_gain,Cho2017,47,-3.79999999999999,
donor.film_offset.task.nearest_gain,Cho2017,48,2.39999999999999,
donor.film_offset.task.nearest_gain,Cho2017,49,0.4,
donor.film_offset.task.nearest_gain,Cho2017,50,-13.99999999999999,
donor.film_offset.task.nearest_gain,Cho2017,51,-9.0,
donor.film_offset.task.nearest_gain,Cho2017,52,4.8,
donor.film_offset.task.nearest_gain,Dreyer2023,1,-1.33333333333333,
donor.film_offset.task.nearest_gain,Dreyer2023,2,3.16666666666666,
donor.film_offset.task.nearest_gain,Dreyer2023,3,-1.83333333333333,
donor.film_offset.task.nearest_gain,Dreyer2023,5,-2.83333333333333,
donor.film_offset.task.nearest_gain,Dreyer2023,6,-5.16666666666666,
donor.film_offset.task.nearest_gain,Dreyer2023,7,-4.66666666666666,
donor.film_offset.task.nearest_gain,Dreyer2023,8,0.16666666666666,
donor.film_offset.task.nearest_gain,Dreyer2023,10,-3.33333333333333,
donor.film_offset.task.nearest_gain,Dreyer2023,11,-2.66666666666667,
donor.film_offset.task.nearest_gain,Dreyer2023,12,-3.16666666666666,
donor.film_offset.task.nearest_gain,Dreyer2023,13,-4.5,
donor.film_offset.task.nearest_gain,Dreyer2023,14,-1.83333333333333,
donor.film_offset.task.nearest_gain,Dreyer2023,15,0.5,
donor.film_offset.task.nearest_gain,Dreyer2023,16,-2.66666666666666,
donor.film_offset.task.nearest_gain,Dreyer2023,18,-1.49999999999999,
donor.film_offset.task.nearest_gain,Dreyer2023,19,-2.0,
donor.film_offset.task.nearest_gain,Dreyer2023,20,1.1666666666666599,
donor.film_offset.task.nearest_gain,Dreyer2023,21,-1.0,
donor.film_offset.task.nearest_gain,Dreyer2023,22,2.4999999999999902,
donor.film_offset.task.nearest_gain,Dreyer2023,23,-3.8333333333333304,
donor.film_offset.task.nearest_gain,Dreyer2023,24,-4.66666666666666,
donor.film_offset.task.nearest_gain,Dreyer2023,25,-3.99999999999999,
donor.film_offset.task.nearest_gain,Dreyer2023,26,-4.5,
donor.film_offset.task.nearest_gain,Dreyer2023,27,-11.66666666666667,
donor.film_offset.task.nearest_gain,Dreyer2023,28,7.666666666666661,
donor.film_offset.task.nearest_gain,Dreyer2023,30,1.66666666666666,
donor.film_offset.task.nearest_gain,Dreyer2023,31,-5.33333333333333,
donor.film_offset.task.nearest_gain,Dreyer2023,32,-10.83333333333333,
donor.film_offset.task.nearest_gain,Dreyer2023,33,0.5,
donor.film_offset.task.nearest_gain,Dreyer2023,34,1.99999999999999,
donor.film_offset.task.nearest_gain,Dreyer2023,35,-7.6666666666666705,
donor.film_offset.task.nearest_gain,Dreyer2023,36,-8.83333333333333,
donor.film_offset.task.nearest_gain,Dreyer2023,37,2.33333333333333,
donor.film_offset.task.nearest_gain,Dreyer2023,38,-2.1666666666666603,
donor.film_offset.task.nearest_gain,Dreyer2023,39,0.83333333333333,
donor.film_offset.task.nearest_gain,Dreyer2023,40,2.06896551724138,
donor.film_offset.task.nearest_gain,Dreyer2023,42,1.83333333333333,
donor.film_offset.task.nearest_gain,Dreyer2023,43,-4.16666666666667,
donor.film_offset.task.nearest_gain,Dreyer2023,44,-1.33333333333333,
donor.film_offset.task.nearest_gain,Dreyer2023,45,-8.0,
donor.film_offset.task.nearest_gain,Dreyer2023,46,-8.5,
donor.film_offset.task.nearest_gain,Dreyer2023,47,1.66666666666667,
donor.film_offset.task.nearest_gain,Dreyer2023,48,-1.5,
donor.film_offset.task.nearest_gain,Dreyer2023,49,3.66666666666667,
donor.film_offset.task.nearest_gain,Dreyer2023,50,-1.33333333333333,
donor.film_offset.task.nearest_gain,Dreyer2023,51,-11.66666666666666,
donor.film_offset.task.nearest_gain,Dreyer2023,52,-4.99999999999999,
donor.film_offset.task.nearest_gain,Dreyer2023,53,-1.49999999999999,
donor.film_offset.task.nearest_gain,Dreyer2023,54,-0.6666666666666601,
donor.film_offset.task.nearest_gain,Dreyer2023,55,-5.66666666666666,
donor.film_offset.task.nearest_gain,Dreyer2023,56,-4.8333333333333295,
donor.film_offset.task.nearest_gain,Dreyer2023,57,-1.1666666666666599,
donor.film_offset.task.nearest_gain,Dreyer2023,58,-1.5,
donor.film_offset.task.nearest_gain,Dreyer2023,59,-4.5,
donor.film_offset.task.nearest_gain,Dreyer2023,60,1.0,
donor.film_offset.task.nearest_gain,Dreyer2023,61,-2.3333333333333197,
donor.film_offset.task.nearest_gain,Dreyer2023,62,9.16666666666667,
donor.film_offset.task.nearest_gain,Dreyer2023,63,-5.0,
donor.film_offset.task.nearest_gain,Dreyer2023,64,-0.33333333333333004,
donor.film_offset.task.nearest_gain,Dreyer2023,65,-4.0,
donor.film_offset.task.nearest_gain,Dreyer2023,66,0.16666666666667,
donor.film_offset.task.nearest_gain,Dreyer2023,67,0.16666666666666,
donor.film_offset.task.nearest_gain,Dreyer2023,68,0.33333333333333004,
donor.film_offset.task.nearest_gain,Dreyer2023,69,-6.16666666666666,
donor.film_offset.task.nearest_gain,Dreyer2023,70,-0.33333333333333004,
donor.film_offset.task.nearest_gain,Dreyer2023,71,-6.66666666666666,
donor.film_offset.task.nearest_gain,Dreyer2023,72,-0.6666666666666601,
donor.film_offset.task.nearest_gain,Dreyer2023,73,0.83333333333333,
donor.film_offset.task.nearest_gain,Dreyer2023,74,0.83333333333333,
donor.film_offset.task.nearest_gain,Dreyer2023,75,-3.33333333333333,
donor.film_offset.task.nearest_gain,Dreyer2023,76,-0.6666666666666601,
donor.film_offset.task.nearest_gain,Dreyer2023,77,-1.0,
donor.film_offset.task.nearest_gain,Dreyer2023,80,-1.1666666666666599,
donor.film_offset.task.nearest_gain,Dreyer2023,81,-3.8333333333333304,
donor.film_offset.task.nearest_gain,Dreyer2023,82,1.1666666666666599,
donor.film_offset.task.nearest_gain,Dreyer2023,83,-4.16666666666666,
donor.film_offset.task.nearest_gain,Dreyer2023,84,-0.83333333333333,
donor.film_offset.task.nearest_gain,Dreyer2023,85,-5.66666666666666,
donor.film_offset.task.nearest_gain,Dreyer2023,86,-1.1666666666666599,
donor.film_offset.task.nearest_gain,Dreyer2023,87,-1.49999999999999,
donor.film_offset.task.nearest_gain,PhysionetMI,1,1.36363636363635,
donor.film_offset.task.nearest_gain,PhysionetMI,2,0.46153846153846,
donor.film_offset.task.nearest_gain,PhysionetMI,3,-4.16666666666665,
donor.film_offset.task.nearest_gain,PhysionetMI,4,0.22727272727272002,
donor.film_offset.task.nearest_gain,PhysionetMI,5,-3.2575757575757502,
donor.film_offset.task.nearest_gain,PhysionetMI,6,-3.7121212121212,
donor.film_offset.task.nearest_gain,PhysionetMI,7,-2.12121212121211,
donor.film_offset.task.nearest_gain,PhysionetMI,8,-6.66666666666667,
donor.film_offset.task.nearest_gain,PhysionetMI,9,-3.9230769230769096,
donor.film_offset.task.nearest_gain,PhysionetMI,10,-7.23076923076923,
donor.film_offset.task.nearest_gain,PhysionetMI,11,0.07575757575757,
donor.film_offset.task.nearest_gain,PhysionetMI,12,-8.18181818181818,
donor.film_offset.task.nearest_gain,PhysionetMI,13,-17.196969696969692,
donor.film_offset.task.nearest_gain,PhysionetMI,14,-7.34848484848485,
donor.film_offset.task.nearest_gain,PhysionetMI,15,-1.23076923076922,
donor.film_offset.task.nearest_gain,PhysionetMI,16,1.43939393939393,
donor.film_offset.task.nearest_gain,PhysionetMI,17,-3.03030303030303,
donor.film_offset.task.nearest_gain,PhysionetMI,18,-9.015151515151508,
donor.film_offset.task.nearest_gain,PhysionetMI,19,-4.16666666666666,
donor.film_offset.task.nearest_gain,PhysionetMI,20,-0.22727272727272002,
donor.film_offset.task.nearest_gain,PhysionetMI,21,6.28787878787878,
donor.film_offset.task.nearest_gain,PhysionetMI,22,0.9090909090909001,
donor.film_offset.task.nearest_gain,PhysionetMI,23,-1.76923076923076,
donor.film_offset.task.nearest_gain,PhysionetMI,24,-9.69696969696969,
donor.film_offset.task.nearest_gain,PhysionetMI,25,-5.6060606060606,
donor.film_offset.task.nearest_gain,PhysionetMI,26,-0.69230769230768,
donor.film_offset.task.nearest_gain,PhysionetMI,27,-3.63636363636363,
donor.film_offset.task.nearest_gain,PhysionetMI,28,-3.63636363636363,
donor.film_offset.task.nearest_gain,PhysionetMI,29,-0.9090909090909001,
donor.film_offset.task.nearest_gain,PhysionetMI,30,-0.9090909090909001,
donor.film_offset.task.nearest_gain,PhysionetMI,31,-4.46969696969696,
donor.film_offset.task.nearest_gain,PhysionetMI,32,-5.53846153846153,
donor.film_offset.task.nearest_gain,PhysionetMI,33,-7.575757575757571,
donor.film_offset.task.nearest_gain,PhysionetMI,34,-5.6153846153846105,
donor.film_offset.task.nearest_gain,PhysionetMI,35,-7.19696969696969,
donor.film_offset.task.nearest_gain,PhysionetMI,36,-2.12121212121211,
donor.film_offset.task.nearest_gain,PhysionetMI,37,12.42424242424242,
donor.film_offset.task.nearest_gain,PhysionetMI,38,2.72727272727272,
donor.film_offset.task.nearest_gain,PhysionetMI,39,-1.06060606060605,
donor.film_offset.task.nearest_gain,PhysionetMI,40,-1.7424242424242402,
donor.film_offset.task.nearest_gain,PhysionetMI,41,2.53846153846153,
donor.film_offset.task.nearest_gain,PhysionetMI,42,-3.4090909090909,
donor.film_offset.task.nearest_gain,PhysionetMI,43,-0.9090909090909001,
donor.film_offset.task.nearest_gain,PhysionetMI,44,0.90909090909091,
donor.film_offset.task.nearest_gain,PhysionetMI,45,6.43939393939394,
donor.film_offset.task.nearest_gain,PhysionetMI,46,0.5303030303030201,
donor.film_offset.task.nearest_gain,PhysionetMI,47,-9.54545454545454,
donor.film_offset.task.nearest_gain,PhysionetMI,48,-6.51515151515151,
donor.film_offset.task.nearest_gain,PhysionetMI,49,-0.5303030303030201,
donor.film_offset.task.nearest_gain,PhysionetMI,50,4.92424242424243,
donor.film_offset.task.nearest_gain,PhysionetMI,51,-8.18181818181818,
donor.film_offset.task.nearest_gain,PhysionetMI,52,-7.15384615384615,
donor.film_offset.task.nearest_gain,PhysionetMI,53,3.56060606060606,
donor.film_offset.task.nearest_gain,PhysionetMI,54,4.16666666666666,
donor.film_offset.task.nearest_gain,PhysionetMI,55,4.6969696969697,
donor.film_offset.task.nearest_gain,PhysionetMI,56,3.40909090909091,
donor.film_offset.task.nearest_gain,PhysionetMI,57,0.75757575757575,
donor.film_offset.task.nearest_gain,PhysionetMI,58,-3.07692307692307,
donor.film_offset.task.nearest_gain,PhysionetMI,59,-2.57575757575757,
donor.film_offset.task.nearest_gain,PhysionetMI,60,-0.38461538461539,
donor.film_offset.task.nearest_gain,PhysionetMI,61,1.8181818181818101,
donor.film_offset.task.nearest_gain,PhysionetMI,62,-1.7424242424242402,
donor.film_offset.task.nearest_gain,PhysionetMI,63,-0.83333333333333,
donor.film_offset.task.nearest_gain,PhysionetMI,64,-5.68181818181818,
donor.film_offset.task.nearest_gain,PhysionetMI,65,-15.909090909090901,
donor.film_offset.task.nearest_gain,PhysionetMI,66,-15.68181818181818,
donor.film_offset.task.nearest_gain,PhysionetMI,67,2.04545454545454,
donor.film_offset.task.nearest_gain,PhysionetMI,68,1.96969696969697,
donor.film_offset.task.nearest_gain,PhysionetMI,69,1.76923076923076,
donor.film_offset.task.nearest_gain,PhysionetMI,70,-4.77272727272727,
donor.film_offset.task.nearest_gain,PhysionetMI,71,-0.22727272727272999,
donor.film_offset.task.nearest_gain,PhysionetMI,72,0.15151515151514,
donor.film_offset.task.nearest_gain,PhysionetMI,73,-5.0,
donor.film_offset.task.nearest_gain,PhysionetMI,74,-4.31818181818182,
donor.film_offset.task.nearest_gain,PhysionetMI,75,-12.8030303030303,
donor.film_offset.task.nearest_gain,PhysionetMI,76,5.68181818181818,
donor.film_offset.task.nearest_gain,PhysionetMI,77,2.5,
donor.film_offset.task.nearest_gain,PhysionetMI,78,9.242424242424239,
donor.film_offset.task.nearest_gain,PhysionetMI,79,-6.66666666666666,
donor.film_offset.task.nearest_gain,PhysionetMI,80,-10.92307692307692,
donor.film_offset.task.nearest_gain,PhysionetMI,81,-8.1060606060606,
donor.film_offset.task.nearest_gain,PhysionetMI,82,-6.81818181818182,
donor.film_offset.task.nearest_gain,PhysionetMI,83,-7.69230769230769,
donor.film_offset.task.nearest_gain,PhysionetMI,84,-1.8939393939393898,
donor.film_offset.task.nearest_gain,PhysionetMI,85,-11.96969696969696,
donor.film_offset.task.nearest_gain,PhysionetMI,86,-1.76923076923076,
donor.film_offset.task.nearest_gain,PhysionetMI,87,2.1969696969697,
donor.film_offset.task.nearest_gain,PhysionetMI,90,-3.56060606060606,
donor.film_offset.task.nearest_gain,PhysionetMI,91,-11.51515151515151,
donor.film_offset.task.nearest_gain,PhysionetMI,93,-2.65151515151515,
donor.film_offset.task.nearest_gain,PhysionetMI,94,-13.25757575757576,
donor.film_offset.task.nearest_gain,PhysionetMI,95,-1.92307692307692,
donor.film_offset.task.nearest_gain,PhysionetMI,96,2.04545454545455,
donor.film_offset.task.nearest_gain,PhysionetMI,97,4.621212121212119,
donor.film_offset.task.nearest_gain,PhysionetMI,98,6.28787878787878,
donor.film_offset.task.nearest_gain,PhysionetMI,99,-2.57575757575757,
donor.film_offset.task.nearest_gain,PhysionetMI,101,8.46153846153846,
donor.film_offset.task.nearest_gain,PhysionetMI,102,5.45454545454545,
donor.film_offset.task.nearest_gain,PhysionetMI,103,-5.3030303030303,
donor.film_offset.task.nearest_gain,PhysionetMI,105,-4.39393939393938,
donor.film_offset.task.nearest_gain,PhysionetMI,107,-6.28787878787878,
donor.film_offset.task.nearest_gain,PhysionetMI,108,-9.31818181818181,
donor.film_offset.task.nearest_gain,PhysionetMI,109,1.66666666666666,
donor.film_offset.task.random_gain,Cho2017,1,-3.6599999999999904,
donor.film_offset.task.random_gain,Cho2017,2,0.7999999999999899,
donor.film_offset.task.random_gain,Cho2017,3,-0.32,
donor.film_offset.task.random_gain,Cho2017,4,-3.94,
donor.film_offset.task.random_gain,Cho2017,5,-10.08,
donor.film_offset.task.random_gain,Cho2017,6,-4.760000000000001,
donor.film_offset.task.random_gain,Cho2017,7,-0.9166666666666601,
donor.film_offset.task.random_gain,Cho2017,8,0.09999999999999,
donor.film_offset.task.random_gain,Cho2017,9,3.9333333333333296,
donor.film_offset.task.random_gain,Cho2017,10,-0.98,
donor.film_offset.task.random_gain,Cho2017,11,-1.23999999999999,
donor.film_offset.task.random_gain,Cho2017,12,0.71999999999999,
donor.film_offset.task.random_gain,Cho2017,13,2.96,
donor.film_offset.task.random_gain,Cho2017,14,-1.15999999999999,
donor.film_offset.task.random_gain,Cho2017,15,-1.54,
donor.film_offset.task.random_gain,Cho2017,16,-0.75999999999999,
donor.film_offset.task.random_gain,Cho2017,17,2.96,
donor.film_offset.task.random_gain,Cho2017,18,1.03999999999999,
donor.film_offset.task.random_gain,Cho2017,19,-2.36,
donor.film_offset.task.random_gain,Cho2017,20,-0.57999999999999,
donor.film_offset.task.random_gain,Cho2017,21,2.51999999999999,
donor.film_offset.task.random_gain,Cho2017,22,-2.16,
donor.film_offset.task.random_gain,Cho2017,23,-0.7799999999999999,
donor.film_offset.task.random_gain,Cho2017,24,2.1999999999999997,
donor.film_offset.task.random_gain,Cho2017,25,-0.62,
donor.film_offset.task.random_gain,Cho2017,26,-3.51999999999999,
donor.film_offset.task.random_gain,Cho2017,27,0.27999999999999,
donor.film_offset.task.random_gain,Cho2017,28,2.54,
donor.film_offset.task.random_gain,Cho2017,29,-0.19999999999999,
donor.film_offset.task.random_gain,Cho2017,30,1.75999999999999,
donor.film_offset.task.random_gain,Cho2017,31,-1.0,
donor.film_offset.task.random_gain,Cho2017,32,0.02,
donor.film_offset.task.random_gain,Cho2017,33,-0.52,
donor.film_offset.task.random_gain,Cho2017,34,-1.54,
donor.film_offset.task.random_gain,Cho2017,35,6.73999999999999,
donor.film_offset.task.random_gain,Cho2017,36,0.7000000000000001,
donor.film_offset.task.random_gain,Cho2017,37,-1.8800000000000001,
donor.film_offset.task.random_gain,Cho2017,38,-3.38,
donor.film_offset.task.random_gain,Cho2017,39,1.08,
donor.film_offset.task.random_gain,Cho2017,40,-0.32,
donor.film_offset.task.random_gain,Cho2017,41,2.27999999999999,
donor.film_offset.task.random_gain,Cho2017,42,-3.18,
donor.film_offset.task.random_gain,Cho2017,43,-4.5,
donor.film_offset.task.random_gain,Cho2017,44,-5.19999999999999,
donor.film_offset.task.random_gain,Cho2017,45,-0.08,
donor.film_offset.task.random_gain,Cho2017,46,-1.61666666666666,
donor.film_offset.task.random_gain,Cho2017,47,3.7199999999999998,
donor.film_offset.task.random_gain,Cho2017,48,-1.68,
donor.film_offset.task.random_gain,Cho2017,49,0.23999999999999,
donor.film_offset.task.random_gain,Cho2017,50,-4.16,
donor.film_offset.task.random_gain,Cho2017,51,-6.72,
donor.film_offset.task.random_gain,Cho2017,52,2.8000000000000003,
donor.film_offset.task.random_gain,Dreyer2023,1,-4.2,
donor.film_offset.task.random_gain,Dreyer2023,2,-1.51666666666666,
donor.film_offset.task.random_gain,Dreyer2023,3,-4.13333333333333,
donor.film_offset.task.random_gain,Dreyer2023,5,-2.3,
donor.film_offset.task.random_gain,Dreyer2023,6,-3.91666666666666,
donor.film_offset.task.random_gain,Dreyer2023,7,-4.86666666666667,
donor.film_offset.task.random_gain,Dreyer2023,8,-2.46666666666666,
donor.film_offset.task.random_gain,Dreyer2023,10,-5.1,
donor.film_offset.task.random_gain,Dreyer2023,11,-2.220446049250313e-15,
donor.film_offset.task.random_gain,Dreyer2023,12,-6.749999999999989,
donor.film_offset.task.random_gain,Dreyer2023,13,-1.9666666666666701,
donor.film_offset.task.random_gain,Dreyer2023,14,0.06666666666667001,
donor.film_offset.task.random_gain,Dreyer2023,15,-1.8166666666666598,
donor.film_offset.task.random_gain,Dreyer2023,16,-5.51666666666666,
donor.film_offset.task.random_gain,Dreyer2023,18,-5.8999999999999995,
donor.film_offset.task.random_gain,Dreyer2023,19,-2.76666666666667,
donor.film_offset.task.random_gain,Dreyer2023,20,-1.98333333333333,
donor.film_offset.task.random_gain,Dreyer2023,21,-1.56666666666666,
donor.film_offset.task.random_gain,Dreyer2023,22,-1.56666666666666,
donor.film_offset.task.random_gain,Dreyer2023,23,-5.46666666666666,
donor.film_offset.task.random_gain,Dreyer2023,24,-6.68333333333333,
donor.film_offset.task.random_gain,Dreyer2023,25,-0.95,
donor.film_offset.task.random_gain,Dreyer2023,26,-2.75,
donor.film_offset.task.random_gain,Dreyer2023,27,-4.0,
donor.film_offset.task.random_gain,Dreyer2023,28,3.78333333333333,
donor.film_offset.task.random_gain,Dreyer2023,30,-1.58333333333333,
donor.film_offset.task.random_gain,Dreyer2023,31,-4.54999999999999,
donor.film_offset.task.random_gain,Dreyer2023,32,-5.66666666666666,
donor.film_offset.task.random_gain,Dreyer2023,33,-1.7833333333333299,
donor.film_offset.task.random_gain,Dreyer2023,34,-1.48333333333333,
donor.film_offset.task.random_gain,Dreyer2023,35,-3.8,
donor.film_offset.task.random_gain,Dreyer2023,36,-1.01666666666666,
donor.film_offset.task.random_gain,Dreyer2023,37,-3.14999999999999,
donor.film_offset.task.random_gain,Dreyer2023,38,-2.4,
donor.film_offset.task.random_gain,Dreyer2023,39,-1.01666666666666,
donor.film_offset.task.random_gain,Dreyer2023,40,-4.13793103448275,
donor.film_offset.task.random_gain,Dreyer2023,42,-4.13333333333333,
donor.film_offset.task.random_gain,Dreyer2023,43,-2.46666666666666,
donor.film_offset.task.random_gain,Dreyer2023,44,-4.183333333333341,
donor.film_offset.task.random_gain,Dreyer2023,45,-0.78333333333333,
donor.film_offset.task.random_gain,Dreyer2023,46,-4.18333333333333,
donor.film_offset.task.random_gain,Dreyer2023,47,-1.4500000000000002,
donor.film_offset.task.random_gain,Dreyer2023,48,-2.53333333333332,
donor.film_offset.task.random_gain,Dreyer2023,49,-2.66666666666666,
donor.film_offset.task.random_gain,Dreyer2023,50,0.61666666666666,
donor.film_offset.task.random_gain,Dreyer2023,51,-2.66666666666666,
donor.film_offset.task.random_gain,Dreyer2023,52,-2.99999999999999,
donor.film_offset.task.random_gain,Dreyer2023,53,-1.9666666666666701,
donor.film_offset.task.random_gain,Dreyer2023,54,-4.74999999999999,
donor.film_offset.task.random_gain,Dreyer2023,55,-1.35,
donor.film_offset.task.random_gain,Dreyer2023,56,-4.8333333333333295,
donor.film_offset.task.random_gain,Dreyer2023,57,-3.1,
donor.film_offset.task.random_gain,Dreyer2023,58,-3.7499999999999902,
donor.film_offset.task.random_gain,Dreyer2023,59,0.02499999999999,
donor.film_offset.task.random_gain,Dreyer2023,60,-3.65,
donor.film_offset.task.random_gain,Dreyer2023,61,-4.14999999999999,
donor.film_offset.task.random_gain,Dreyer2023,62,0.13333333333333,
donor.film_offset.task.random_gain,Dreyer2023,63,-3.59999999999999,
donor.film_offset.task.random_gain,Dreyer2023,64,-0.59999999999999,
donor.film_offset.task.random_gain,Dreyer2023,65,-1.89999999999999,
donor.film_offset.task.random_gain,Dreyer2023,66,-2.93333333333333,
donor.film_offset.task.random_gain,Dreyer2023,67,-4.79999999999999,
donor.film_offset.task.random_gain,Dreyer2023,68,1.33333333333333,
donor.film_offset.task.random_gain,Dreyer2023,69,-3.85,
donor.film_offset.task.random_gain,Dreyer2023,70,-0.6999999999999901,
donor.film_offset.task.random_gain,Dreyer2023,71,-5.13333333333333,
donor.film_offset.task.random_gain,Dreyer2023,72,0.84999999999999,
donor.film_offset.task.random_gain,Dreyer2023,73,0.75,
donor.film_offset.task.random_gain,Dreyer2023,74,-4.33333333333333,
donor.film_offset.task.random_gain,Dreyer2023,75,-1.56666666666666,
donor.film_offset.task.random_gain,Dreyer2023,76,-2.13333333333333,
donor.film_offset.task.random_gain,Dreyer2023,77,-1.39999999999999,
donor.film_offset.task.random_gain,Dreyer2023,80,-7.283333333333319,
donor.film_offset.task.random_gain,Dreyer2023,81,-6.26666666666666,
donor.film_offset.task.random_gain,Dreyer2023,82,0.6999999999999901,
donor.film_offset.task.random_gain,Dreyer2023,83,-1.73333333333333,
donor.film_offset.task.random_gain,Dreyer2023,84,-4.18333333333333,
donor.film_offset.task.random_gain,Dreyer2023,85,-4.24999999999999,
donor.film_offset.task.random_gain,Dreyer2023,86,-2.71666666666666,
donor.film_offset.task.random_gain,Dreyer2023,87,-1.0833333333333302,
donor.film_offset.task.random_gain,PhysionetMI,1,-5.96212121212121,
donor.film_offset.task.random_gain,PhysionetMI,2,0.34615384615384,
donor.film_offset.task.random_gain,PhysionetMI,3,-8.87878787878787,
donor.film_offset.task.random_gain,PhysionetMI,4,-1.09848484848484,
donor.film_offset.task.random_gain,PhysionetMI,5,-5.20454545454545,
donor.film_offset.task.random_gain,PhysionetMI,6,-5.07575757575758,
donor.film_offset.task.random_gain,PhysionetMI,7,-1.64393939393939,
donor.film_offset.task.random_gain,PhysionetMI,8,-5.46212121212121,
donor.film_offset.task.random_gain,PhysionetMI,9,-7.58461538461538,
donor.film_offset.task.random_gain,PhysionetMI,10,-0.5076923076923,
donor.film_offset.task.random_gain,PhysionetMI,11,-1.48484848484848,
donor.film_offset.task.random_gain,PhysionetMI,12,-6.257575757575751,
donor.film_offset.task.random_gain,PhysionetMI,13,-6.83333333333333,
donor.film_offset.task.random_gain,PhysionetMI,14,3.2424242424242395,
donor.film_offset.task.random_gain,PhysionetMI,15,-1.54615384615384,
donor.film_offset.task.random_gain,PhysionetMI,16,-6.901515151515141,
donor.film_offset.task.random_gain,PhysionetMI,17,-6.31060606060605,
donor.film_offset.task.random_gain,PhysionetMI,18,-3.29545454545453,
donor.film_offset.task.random_gain,PhysionetMI,19,-8.17424242424242,
donor.film_offset.task.random_gain,PhysionetMI,20,1.71212121212121,
donor.film_offset.task.random_gain,PhysionetMI,21,-2.56060606060606,
donor.film_offset.task.random_gain,PhysionetMI,22,-3.0909090909090797,
donor.film_offset.task.random_gain,PhysionetMI,23,-3.99999999999999,
donor.film_offset.task.random_gain,PhysionetMI,24,-8.92424242424242,
donor.film_offset.task.random_gain,PhysionetMI,25,0.71969696969697,
donor.film_offset.task.random_gain,PhysionetMI,26,-2.73076923076922,
donor.film_offset.task.random_gain,PhysionetMI,27,-3.62878787878788,
donor.film_offset.task.random_gain,PhysionetMI,28,-3.20454545454545,
donor.film_offset.task.random_gain,PhysionetMI,29,-4.17424242424242,
donor.film_offset.task.random_gain,PhysionetMI,30,-1.28030303030302,
donor.film_offset.task.random_gain,PhysionetMI,31,-1.72727272727271,
donor.film_offset.task.random_gain,PhysionetMI,32,-9.876923076923081,
donor.film_offset.task.random_gain,PhysionetMI,33,-1.66666666666666,
donor.film_offset.task.random_gain,PhysionetMI,34,-3.5538461538461497,
donor.film_offset.task.random_gain,PhysionetMI,35,-5.06818181818182,
donor.film_offset.task.random_gain,PhysionetMI,36,-4.34848484848484,
donor.film_offset.task.random_gain,PhysionetMI,37,4.87878787878788,
donor.film_offset.task.random_gain,PhysionetMI,38,5.3560606060605895,
donor.film_offset.task.random_gain,PhysionetMI,39,0.29545454545454,
donor.film_offset.task.random_gain,PhysionetMI,40,-3.4015151515151403,
donor.film_offset.task.random_gain,PhysionetMI,41,-6.476923076923081,
donor.film_offset.task.random_gain,PhysionetMI,42,-3.39393939393939,
donor.film_offset.task.random_gain,PhysionetMI,43,-1.31818181818181,
donor.film_offset.task.random_gain,PhysionetMI,44,-2.59090909090909,
donor.film_offset.task.random_gain,PhysionetMI,45,-1.73484848484848,
donor.film_offset.task.random_gain,PhysionetMI,46,-0.60606060606061,
donor.film_offset.task.random_gain,PhysionetMI,47,-3.13636363636363,
donor.film_offset.task.random_gain,PhysionetMI,48,-2.3030303030303,
donor.film_offset.task.random_gain,PhysionetMI,49,-1.21969696969697,
donor.film_offset.task.random_gain,PhysionetMI,50,3.5000000000000004,
donor.film_offset.task.random_gain,PhysionetMI,51,-5.17424242424242,
donor.film_offset.task.random_gain,PhysionetMI,52,-7.39230769230768,
donor.film_offset.task.random_gain,PhysionetMI,53,0.74999999999999,
donor.film_offset.task.random_gain,PhysionetMI,54,-1.8560606060606,
donor.film_offset.task.random_gain,PhysionetMI,55,1.09848484848484,
donor.film_offset.task.random_gain,PhysionetMI,56,-6.94696969696969,
donor.film_offset.task.random_gain,PhysionetMI,57,-1.94696969696968,
donor.film_offset.task.random_gain,PhysionetMI,58,0.46153846153844996,
donor.film_offset.task.random_gain,PhysionetMI,59,-3.9318181818181697,
donor.film_offset.task.random_gain,PhysionetMI,60,-0.09230769230769,
donor.film_offset.task.random_gain,PhysionetMI,61,-2.83333333333333,
donor.film_offset.task.random_gain,PhysionetMI,62,-1.9621212121212002,
donor.film_offset.task.random_gain,PhysionetMI,63,-3.66666666666666,
donor.film_offset.task.random_gain,PhysionetMI,64,-2.59848484848485,
donor.film_offset.task.random_gain,PhysionetMI,65,-1.9242424242424199,
donor.film_offset.task.random_gain,PhysionetMI,66,-5.76515151515152,
donor.film_offset.task.random_gain,PhysionetMI,67,1.9166666666666599,
donor.film_offset.task.random_gain,PhysionetMI,68,-1.5530303030303,
donor.film_offset.task.random_gain,PhysionetMI,69,0.30769230769231,
donor.film_offset.task.random_gain,PhysionetMI,70,-6.83333333333333,
donor.film_offset.task.random_gain,PhysionetMI,71,-3.63636363636363,
donor.film_offset.task.random_gain,PhysionetMI,72,-1.12878787878787,
donor.film_offset.task.random_gain,PhysionetMI,73,3.9090909090909003,
donor.film_offset.task.random_gain,PhysionetMI,74,-5.96969696969697,
donor.film_offset.task.random_gain,PhysionetMI,75,-2.8560606060606,
donor.film_offset.task.random_gain,PhysionetMI,76,2.87878787878788,
donor.film_offset.task.random_gain,PhysionetMI,77,1.24242424242424,
donor.film_offset.task.random_gain,PhysionetMI,78,1.71969696969696,
donor.film_offset.task.random_gain,PhysionetMI,79,-4.82575757575757,
donor.film_offset.task.random_gain,PhysionetMI,80,-2.44615384615384,
donor.film_offset.task.random_gain,PhysionetMI,81,-5.53787878787878,
donor.film_offset.task.random_gain,PhysionetMI,82,-5.81060606060606,
donor.film_offset.task.random_gain,PhysionetMI,83,-5.26153846153846,
donor.film_offset.task.random_gain,PhysionetMI,84,-0.8560606060606,
donor.film_offset.task.random_gain,PhysionetMI,85,-4.38636363636363,
donor.film_offset.task.random_gain,PhysionetMI,86,-2.84615384615385,
donor.film_offset.task.random_gain,PhysionetMI,87,-4.54545454545454,
donor.film_offset.task.random_gain,PhysionetMI,90,-7.46212121212121,
donor.film_offset.task.random_gain,PhysionetMI,91,-10.742424242424239,
donor.film_offset.task.random_gain,PhysionetMI,93,-1.0530303030302999,
donor.film_offset.task.random_gain,PhysionetMI,94,-7.68181818181818,
donor.film_offset.task.random_gain,PhysionetMI,95,-2.5923076923076898,
donor.film_offset.task.random_gain,PhysionetMI,96,-4.90151515151515,
donor.film_offset.task.random_gain,PhysionetMI,97,-0.14393939393939,
donor.film_offset.task.random_gain,PhysionetMI,98,3.8712121212121198,
donor.film_offset.task.random_gain,PhysionetMI,99,-2.52272727272727,
donor.film_offset.task.random_gain,PhysionetMI,101,2.2923076923077,
donor.film_offset.task.random_gain,PhysionetMI,102,2.8560606060606,
donor.film_offset.task.random_gain,PhysionetMI,103,-7.643939393939379,
donor.film_offset.task.random_gain,PhysionetMI,105,-5.515151515151509,
donor.film_offset.task.random_gain,PhysionetMI,107,-5.90151515151514,
donor.film_offset.task.random_gain,PhysionetMI,108,-1.9242424242424199,
donor.film_offset.task.random_gain,PhysionetMI,109,0.14393939393939,
donor.film_offset.task.difference,Cho2017,1,1.0599999999999898,
donor.film_offset.task.difference,Cho2017,2,1.0,
donor.film_offset.task.difference,Cho2017,3,2.52,
donor.film_offset.task.difference,Cho2017,4,4.54,
donor.film_offset.task.difference,Cho2017,5,5.07999999999999,
donor.film_offset.task.difference,Cho2017,6,1.5599999999999998,
donor.film_offset.task.difference,Cho2017,7,-1.25,
donor.film_offset.task.difference,Cho2017,8,0.5,
donor.film_offset.task.difference,Cho2017,9,3.5666666666666598,
donor.film_offset.task.difference,Cho2017,10,0.58,
donor.film_offset.task.difference,Cho2017,11,0.44,
donor.film_offset.task.difference,Cho2017,12,2.68,
donor.film_offset.task.difference,Cho2017,13,-4.760000000000001,
donor.film_offset.task.difference,Cho2017,14,-0.64,
donor.film_offset.task.difference,Cho2017,15,1.53999999999999,
donor.film_offset.task.difference,Cho2017,16,-3.03999999999999,
donor.film_offset.task.difference,Cho2017,17,2.83999999999999,
donor.film_offset.task.difference,Cho2017,18,-3.63999999999999,
donor.film_offset.task.difference,Cho2017,19,-1.6399999999999901,
donor.film_offset.task.difference,Cho2017,20,3.37999999999999,
donor.film_offset.task.difference,Cho2017,21,0.48,
donor.film_offset.task.difference,Cho2017,22,1.16,
donor.film_offset.task.difference,Cho2017,23,0.58,
donor.film_offset.task.difference,Cho2017,24,-1.942890293094024e-15,
donor.film_offset.task.difference,Cho2017,25,-0.37999999999998996,
donor.film_offset.task.difference,Cho2017,26,5.31999999999999,
donor.film_offset.task.difference,Cho2017,27,-0.87999999999999,
donor.film_offset.task.difference,Cho2017,28,0.8599999999999899,
donor.film_offset.task.difference,Cho2017,29,3.99999999999999,
donor.film_offset.task.difference,Cho2017,30,-1.35999999999999,
donor.film_offset.task.difference,Cho2017,31,-2.5999999999999903,
donor.film_offset.task.difference,Cho2017,32,0.98,
donor.film_offset.task.difference,Cho2017,33,-1.07999999999999,
donor.film_offset.task.difference,Cho2017,34,1.13999999999999,
donor.film_offset.task.difference,Cho2017,35,3.45999999999999,
donor.film_offset.task.difference,Cho2017,36,3.09999999999999,
donor.film_offset.task.difference,Cho2017,37,-3.1199999999999903,
donor.film_offset.task.difference,Cho2017,38,-0.61999999999999,
donor.film_offset.task.difference,Cho2017,39,2.71999999999999,
donor.film_offset.task.difference,Cho2017,40,0.12,
donor.film_offset.task.difference,Cho2017,41,0.32,
donor.film_offset.task.difference,Cho2017,42,1.38,
donor.film_offset.task.difference,Cho2017,43,4.69999999999999,
donor.film_offset.task.difference,Cho2017,44,1.7999999999999998,
donor.film_offset.task.difference,Cho2017,45,3.07999999999999,
donor.film_offset.task.difference,Cho2017,46,-1.55,
donor.film_offset.task.difference,Cho2017,47,-7.5200000000000005,
donor.film_offset.task.difference,Cho2017,48,4.07999999999999,
donor.film_offset.task.difference,Cho2017,49,0.16,
donor.film_offset.task.difference,Cho2017,50,-9.839999999999991,
donor.film_offset.task.difference,Cho2017,51,-2.27999999999999,
donor.film_offset.task.difference,Cho2017,52,1.99999999999999,
donor.film_offset.task.difference,Dreyer2023,1,2.86666666666666,
donor.film_offset.task.difference,Dreyer2023,2,4.68333333333333,
donor.film_offset.task.difference,Dreyer2023,3,2.29999999999999,
donor.film_offset.task.difference,Dreyer2023,5,-0.53333333333333,
donor.film_offset.task.difference,Dreyer2023,6,-1.24999999999999,
donor.film_offset.task.difference,Dreyer2023,7,0.20000000000000998,
donor.film_offset.task.difference,Dreyer2023,8,2.6333333333333298,
donor.film_offset.task.difference,Dreyer2023,10,1.7666666666666602,
donor.film_offset.task.difference,Dreyer2023,11,-2.66666666666666,
donor.film_offset.task.difference,Dreyer2023,12,3.58333333333332,
donor.film_offset.task.difference,Dreyer2023,13,-2.53333333333333,
donor.film_offset.task.difference,Dreyer2023,14,-1.89999999999999,
donor.film_offset.task.difference,Dreyer2023,15,2.3166666666666598,
donor.film_offset.task.difference,Dreyer2023,16,2.84999999999999,
donor.film_offset.task.difference,Dreyer2023,18,4.39999999999999,
donor.film_offset.task.difference,Dreyer2023,19,0.7666666666666601,
donor.film_offset.task.difference,Dreyer2023,20,3.14999999999999,
donor.film_offset.task.difference,Dreyer2023,21,0.56666666666666,
donor.film_offset.task.difference,Dreyer2023,22,4.0666666666666496,
donor.film_offset.task.difference,Dreyer2023,23,1.63333333333333,
donor.film_offset.task.difference,Dreyer2023,24,2.01666666666666,
donor.film_offset.task.difference,Dreyer2023,25,-3.0499999999999803,
donor.film_offset.task.difference,Dreyer2023,26,-1.7500000000000002,
donor.film_offset.task.difference,Dreyer2023,27,-7.666666666666661,
donor.film_offset.task.difference,Dreyer2023,28,3.88333333333333,
donor.film_offset.task.difference,Dreyer2023,30,3.24999999999999,
donor.film_offset.task.difference,Dreyer2023,31,-0.78333333333333,
donor.film_offset.task.difference,Dreyer2023,32,-5.16666666666666,
donor.film_offset.task.difference,Dreyer2023,33,2.28333333333333,
donor.film_offset.task.difference,Dreyer2023,34,3.48333333333332,
donor.film_offset.task.difference,Dreyer2023,35,-3.86666666666666,
donor.film_offset.task.difference,Dreyer2023,36,-7.816666666666661,
donor.film_offset.task.difference,Dreyer2023,37,5.48333333333332,
donor.film_offset.task.difference,Dreyer2023,38,0.23333333333333,
donor.film_offset.task.difference,Dreyer2023,39,1.8499999999999899,
donor.film_offset.task.difference,Dreyer2023,40,6.20689655172413,
donor.film_offset.task.difference,Dreyer2023,42,5.96666666666666,
donor.film_offset.task.difference,Dreyer2023,43,-1.7000000000000002,
donor.film_offset.task.difference,Dreyer2023,44,2.85,
donor.film_offset.task.difference,Dreyer2023,45,-7.21666666666666,
donor.film_offset.task.difference,Dreyer2023,46,-4.3166666666666496,
donor.film_offset.task.difference,Dreyer2023,47,3.11666666666666,
donor.film_offset.task.difference,Dreyer2023,48,1.03333333333332,
donor.film_offset.task.difference,Dreyer2023,49,6.3333333333333295,
donor.film_offset.task.difference,Dreyer2023,50,-1.94999999999999,
donor.film_offset.task.difference,Dreyer2023,51,-8.99999999999999,
donor.film_offset.task.difference,Dreyer2023,52,-1.99999999999999,
donor.film_offset.task.difference,Dreyer2023,53,0.46666666666667,
donor.film_offset.task.difference,Dreyer2023,54,4.08333333333332,
donor.film_offset.task.difference,Dreyer2023,55,-4.31666666666666,
donor.film_offset.task.difference,Dreyer2023,56,4.0245584642661925e-15,
donor.film_offset.task.difference,Dreyer2023,57,1.93333333333333,
donor.film_offset.task.difference,Dreyer2023,58,2.24999999999998,
donor.film_offset.task.difference,Dreyer2023,59,-4.5249999999999995,
donor.film_offset.task.difference,Dreyer2023,60,4.65,
donor.film_offset.task.difference,Dreyer2023,61,1.8166666666666598,
donor.film_offset.task.difference,Dreyer2023,62,9.033333333333319,
donor.film_offset.task.difference,Dreyer2023,63,-1.4000000000000001,
donor.film_offset.task.difference,Dreyer2023,64,0.26666666666666,
donor.film_offset.task.difference,Dreyer2023,65,-2.1,
donor.film_offset.task.difference,Dreyer2023,66,3.1,
donor.film_offset.task.difference,Dreyer2023,67,4.966666666666661,
donor.film_offset.task.difference,Dreyer2023,68,-0.99999999999999,
donor.film_offset.task.difference,Dreyer2023,69,-2.3166666666666598,
donor.film_offset.task.difference,Dreyer2023,70,0.36666666666666,
donor.film_offset.task.difference,Dreyer2023,71,-1.5333333333333299,
donor.film_offset.task.difference,Dreyer2023,72,-1.51666666666666,
donor.film_offset.task.difference,Dreyer2023,73,0.08333333333333,
donor.film_offset.task.difference,Dreyer2023,74,5.16666666666666,
donor.film_offset.task.difference,Dreyer2023,75,-1.76666666666667,
donor.film_offset.task.difference,Dreyer2023,76,1.4666666666666601,
donor.film_offset.task.difference,Dreyer2023,77,0.39999999999999003,
donor.film_offset.task.difference,Dreyer2023,80,6.11666666666665,
donor.film_offset.task.difference,Dreyer2023,81,2.43333333333333,
donor.film_offset.task.difference,Dreyer2023,82,0.46666666666666,
donor.film_offset.task.difference,Dreyer2023,83,-2.43333333333332,
donor.film_offset.task.difference,Dreyer2023,84,3.34999999999999,
donor.film_offset.task.difference,Dreyer2023,85,-1.41666666666666,
donor.film_offset.task.difference,Dreyer2023,86,1.55,
donor.film_offset.task.difference,Dreyer2023,87,-0.41666666666665997,
donor.film_offset.task.difference,PhysionetMI,1,7.32575757575756,
donor.film_offset.task.difference,PhysionetMI,2,0.11538461538460999,
donor.film_offset.task.difference,PhysionetMI,3,4.71212121212121,
donor.film_offset.task.difference,PhysionetMI,4,1.3257575757575701,
donor.film_offset.task.difference,PhysionetMI,5,1.9469696969696901,
donor.film_offset.task.difference,PhysionetMI,6,1.36363636363637,
donor.film_offset.task.difference,PhysionetMI,7,-0.47727272727272,
donor.film_offset.task.difference,PhysionetMI,8,-1.20454545454545,
donor.film_offset.task.difference,PhysionetMI,9,3.6615384615384596,
donor.film_offset.task.difference,PhysionetMI,10,-6.7230769230769205,
donor.film_offset.task.difference,PhysionetMI,11,1.5606060606060501,
donor.film_offset.task.difference,PhysionetMI,12,-1.9242424242424199,
donor.film_offset.task.difference,PhysionetMI,13,-10.363636363636349,
donor.film_offset.task.difference,PhysionetMI,14,-10.59090909090909,
donor.film_offset.task.difference,PhysionetMI,15,0.31538461538461,
donor.film_offset.task.difference,PhysionetMI,16,8.34090909090907,
donor.film_offset.task.difference,PhysionetMI,17,3.28030303030302,
donor.film_offset.task.difference,PhysionetMI,18,-5.71969696969697,
donor.film_offset.task.difference,PhysionetMI,19,4.00757575757575,
donor.film_offset.task.difference,PhysionetMI,20,-1.9393939393939301,
donor.film_offset.task.difference,PhysionetMI,21,8.84848484848484,
donor.film_offset.task.difference,PhysionetMI,22,3.99999999999998,
donor.film_offset.task.difference,PhysionetMI,23,2.2307692307692197,
donor.film_offset.task.difference,PhysionetMI,24,-0.77272727272726,
donor.film_offset.task.difference,PhysionetMI,25,-6.325757575757569,
donor.film_offset.task.difference,PhysionetMI,26,2.03846153846153,
donor.film_offset.task.difference,PhysionetMI,27,-0.0075757575757601225,
donor.film_offset.task.difference,PhysionetMI,28,-0.43181818181818,
donor.film_offset.task.difference,PhysionetMI,29,3.26515151515151,
donor.film_offset.task.difference,PhysionetMI,30,0.37121212121211,
donor.film_offset.task.difference,PhysionetMI,31,-2.74242424242424,
donor.film_offset.task.difference,PhysionetMI,32,4.33846153846154,
donor.film_offset.task.difference,PhysionetMI,33,-5.9090909090909,
donor.film_offset.task.difference,PhysionetMI,34,-2.06153846153846,
donor.film_offset.task.difference,PhysionetMI,35,-2.12878787878787,
donor.film_offset.task.difference,PhysionetMI,36,2.22727272727272,
donor.film_offset.task.difference,PhysionetMI,37,7.54545454545454,
donor.film_offset.task.difference,PhysionetMI,38,-2.62878787878787,
donor.film_offset.task.difference,PhysionetMI,39,-1.35606060606061,
donor.film_offset.task.difference,PhysionetMI,40,1.6590909090909,
donor.film_offset.task.difference,PhysionetMI,41,9.01538461538461,
donor.film_offset.task.difference,PhysionetMI,42,-0.015151515151499999,
donor.film_offset.task.difference,PhysionetMI,43,0.4090909090909,
donor.film_offset.task.difference,PhysionetMI,44,3.5000000000000004,
donor.film_offset.task.difference,PhysionetMI,45,8.17424242424242,
donor.film_offset.task.difference,PhysionetMI,46,1.13636363636363,
donor.film_offset.task.difference,PhysionetMI,47,-6.40909090909091,
donor.film_offset.task.difference,PhysionetMI,48,-4.2121212121211995,
donor.film_offset.task.difference,PhysionetMI,49,0.68939393939393,
donor.film_offset.task.difference,PhysionetMI,50,1.4242424242424299,
donor.film_offset.task.difference,PhysionetMI,51,-3.00757575757575,
donor.film_offset.task.difference,PhysionetMI,52,0.23846153846152,
donor.film_offset.task.difference,PhysionetMI,53,2.81060606060605,
donor.film_offset.task.difference,PhysionetMI,54,6.02272727272726,
donor.film_offset.task.difference,PhysionetMI,55,3.59848484848485,
donor.film_offset.task.difference,PhysionetMI,56,10.35606060606059,
donor.film_offset.task.difference,PhysionetMI,57,2.70454545454544,
donor.film_offset.task.difference,PhysionetMI,58,-3.53846153846153,
donor.film_offset.task.difference,PhysionetMI,59,1.3560606060606,
donor.film_offset.task.difference,PhysionetMI,60,-0.29230769230769,
donor.film_offset.task.difference,PhysionetMI,61,4.65151515151514,
donor.film_offset.task.difference,PhysionetMI,62,0.21969696969696,
donor.film_offset.task.difference,PhysionetMI,63,2.83333333333332,
donor.film_offset.task.difference,PhysionetMI,64,-3.08333333333333,
donor.film_offset.task.difference,PhysionetMI,65,-13.98484848484848,
donor.film_offset.task.difference,PhysionetMI,66,-9.916666666666659,
donor.film_offset.task.difference,PhysionetMI,67,0.12878787878788,
donor.film_offset.task.difference,PhysionetMI,68,3.52272727272727,
donor.film_offset.task.difference,PhysionetMI,69,1.4615384615384501,
donor.film_offset.task.difference,PhysionetMI,70,2.06060606060606,
donor.film_offset.task.difference,PhysionetMI,71,3.4090909090909,
donor.film_offset.task.difference,PhysionetMI,72,1.28030303030302,
donor.film_offset.task.difference,PhysionetMI,73,-8.90909090909091,
donor.film_offset.task.difference,PhysionetMI,74,1.6515151515151398,
donor.film_offset.task.difference,PhysionetMI,75,-9.94696969696969,
donor.film_offset.task.difference,PhysionetMI,76,2.8030303030303,
donor.film_offset.task.difference,PhysionetMI,77,1.25757575757576,
donor.film_offset.task.difference,PhysionetMI,78,7.52272727272727,
donor.film_offset.task.difference,PhysionetMI,79,-1.84090909090909,
donor.film_offset.task.difference,PhysionetMI,80,-8.47692307692306,
donor.film_offset.task.difference,PhysionetMI,81,-2.56818181818182,
donor.film_offset.task.difference,PhysionetMI,82,-1.00757575757575,
donor.film_offset.task.difference,PhysionetMI,83,-2.43076923076923,
donor.film_offset.task.difference,PhysionetMI,84,-1.03787878787878,
donor.film_offset.task.difference,PhysionetMI,85,-7.5833333333333295,
donor.film_offset.task.difference,PhysionetMI,86,1.07692307692308,
donor.film_offset.task.difference,PhysionetMI,87,6.74242424242424,
donor.film_offset.task.difference,PhysionetMI,90,3.9015151515151505,
donor.film_offset.task.difference,PhysionetMI,91,-0.7727272727272699,
donor.film_offset.task.difference,PhysionetMI,93,-1.59848484848484,
donor.film_offset.task.difference,PhysionetMI,94,-5.57575757575756,
donor.film_offset.task.difference,PhysionetMI,95,0.66923076923076,
donor.film_offset.task.difference,PhysionetMI,96,6.94696969696969,
donor.film_offset.task.difference,PhysionetMI,97,4.765151515151509,
donor.film_offset.task.difference,PhysionetMI,98,2.41666666666666,
donor.film_offset.task.difference,PhysionetMI,99,-0.0530303030303,
donor.film_offset.task.difference,PhysionetMI,101,6.16923076923076,
donor.film_offset.task.difference,PhysionetMI,102,2.5984848484848397,
donor.film_offset.task.difference,PhysionetMI,103,2.34090909090908,
donor.film_offset.task.difference,PhysionetMI,105,1.12121212121212,
donor.film_offset.task.difference,PhysionetMI,107,-0.38636363636363,
donor.film_offset.task.difference,PhysionetMI,108,-7.39393939393938,
donor.film_offset.task.difference,PhysionetMI,109,1.52272727272727,
donor.lora8.rest.nearest_gain,Cho2017,1,-8.99999999999999,
donor.lora8.rest.nearest_gain,Cho2017,2,0.0,
donor.lora8.rest.nearest_gain,Cho2017,3,7.3999999999999995,
donor.lora8.rest.nearest_gain,Cho2017,4,2.8000000000000003,
donor.lora8.rest.nearest_gain,Cho2017,5,-2.6,
donor.lora8.rest.nearest_gain,Cho2017,6,-3.0,
donor.lora8.rest.nearest_gain,Cho2017,7,1.33333333333333,
donor.lora8.rest.nearest_gain,Cho2017,8,1.0,
donor.lora8.rest.nearest_gain,Cho2017,9,0.66666666666667,
donor.lora8.rest.nearest_gain,Cho2017,10,-3.2,
donor.lora8.rest.nearest_gain,Cho2017,11,-5.59999999999999,
donor.lora8.rest.nearest_gain,Cho2017,12,1.39999999999999,
donor.lora8.rest.nearest_gain,Cho2017,13,-3.79999999999999,
donor.lora8.rest.nearest_gain,Cho2017,14,1.0,
donor.lora8.rest.nearest_gain,Cho2017,15,-0.99999999999999,
donor.lora8.rest.nearest_gain,Cho2017,16,-0.2,
donor.lora8.rest.nearest_gain,Cho2017,17,1.39999999999999,
donor.lora8.rest.nearest_gain,Cho2017,18,-6.399999999999991,
donor.lora8.rest.nearest_gain,Cho2017,19,-0.4,
donor.lora8.rest.nearest_gain,Cho2017,20,-6.399999999999991,
donor.lora8.rest.nearest_gain,Cho2017,21,6.4,
donor.lora8.rest.nearest_gain,Cho2017,22,3.3999999999999897,
donor.lora8.rest.nearest_gain,Cho2017,23,-5.800000000000001,
donor.lora8.rest.nearest_gain,Cho2017,24,2.1999999999999997,
donor.lora8.rest.nearest_gain,Cho2017,25,6.0,
donor.lora8.rest.nearest_gain,Cho2017,26,0.2,
donor.lora8.rest.nearest_gain,Cho2017,27,3.5999999999999996,
donor.lora8.rest.nearest_gain,Cho2017,28,4.6,
donor.lora8.rest.nearest_gain,Cho2017,29,1.19999999999999,
donor.lora8.rest.nearest_gain,Cho2017,30,-4.0,
donor.lora8.rest.nearest_gain,Cho2017,31,-11.200000000000001,
donor.lora8.rest.nearest_gain,Cho2017,32,2.220446049250313e-15,
donor.lora8.rest.nearest_gain,Cho2017,33,-0.59999999999999,
donor.lora8.rest.nearest_gain,Cho2017,34,1.39999999999999,
donor.lora8.rest.nearest_gain,Cho2017,35,-17.4,
donor.lora8.rest.nearest_gain,Cho2017,36,-2.4,
donor.lora8.rest.nearest_gain,Cho2017,37,0.2,
donor.lora8.rest.nearest_gain,Cho2017,38,-4.1999999999999895,
donor.lora8.rest.nearest_gain,Cho2017,39,-0.8,
donor.lora8.rest.nearest_gain,Cho2017,40,-5.19999999999999,
donor.lora8.rest.nearest_gain,Cho2017,41,-3.0,
donor.lora8.rest.nearest_gain,Cho2017,42,0.59999999999999,
donor.lora8.rest.nearest_gain,Cho2017,43,0.0,
donor.lora8.rest.nearest_gain,Cho2017,44,0.4,
donor.lora8.rest.nearest_gain,Cho2017,45,0.7999999999999899,
donor.lora8.rest.nearest_gain,Cho2017,46,4.33333333333333,
donor.lora8.rest.nearest_gain,Cho2017,47,-4.2,
donor.lora8.rest.nearest_gain,Cho2017,48,-0.7999999999999899,
donor.lora8.rest.nearest_gain,Cho2017,49,0.2,
donor.lora8.rest.nearest_gain,Cho2017,50,1.19999999999999,
donor.lora8.rest.nearest_gain,Cho2017,51,0.0,
donor.lora8.rest.nearest_gain,Cho2017,52,-1.7999999999999998,
donor.lora8.rest.nearest_gain,Dreyer2023,1,1.1666666666666599,
donor.lora8.rest.nearest_gain,Dreyer2023,2,1.5,
donor.lora8.rest.nearest_gain,Dreyer2023,3,-3.16666666666666,
donor.lora8.rest.nearest_gain,Dreyer2023,5,-2.66666666666667,
donor.lora8.rest.nearest_gain,Dreyer2023,6,2.4999999999999902,
donor.lora8.rest.nearest_gain,Dreyer2023,7,-3.66666666666666,
donor.lora8.rest.nearest_gain,Dreyer2023,8,4.0,
donor.lora8.rest.nearest_gain,Dreyer2023,10,-2.66666666666666,
donor.lora8.rest.nearest_gain,Dreyer2023,11,4.66666666666666,
donor.lora8.rest.nearest_gain,Dreyer2023,12,0.33333333333333004,
donor.lora8.rest.nearest_gain,Dreyer2023,13,-4.16666666666666,
donor.lora8.rest.nearest_gain,Dreyer2023,14,-0.16666666666666,
donor.lora8.rest.nearest_gain,Dreyer2023,15,-0.6666666666666601,
donor.lora8.rest.nearest_gain,Dreyer2023,16,-2.33333333333333,
donor.lora8.rest.nearest_gain,Dreyer2023,18,-0.83333333333333,
donor.lora8.rest.nearest_gain,Dreyer2023,19,-6.49999999999999,
donor.lora8.rest.nearest_gain,Dreyer2023,20,2.1666666666666603,
donor.lora8.rest.nearest_gain,Dreyer2023,21,0.99999999999999,
donor.lora8.rest.nearest_gain,Dreyer2023,22,-5.99999999999999,
donor.lora8.rest.nearest_gain,Dreyer2023,23,0.6666666666666601,
donor.lora8.rest.nearest_gain,Dreyer2023,24,-1.66666666666665,
donor.lora8.rest.nearest_gain,Dreyer2023,25,-0.33333333333333004,
donor.lora8.rest.nearest_gain,Dreyer2023,26,-7.33333333333332,
donor.lora8.rest.nearest_gain,Dreyer2023,27,-3.0,
donor.lora8.rest.nearest_gain,Dreyer2023,28,-1.33333333333333,
donor.lora8.rest.nearest_gain,Dreyer2023,30,0.5,
donor.lora8.rest.nearest_gain,Dreyer2023,31,-3.33333333333332,
donor.lora8.rest.nearest_gain,Dreyer2023,32,-0.83333333333333,
donor.lora8.rest.nearest_gain,Dreyer2023,33,-0.8333333333333199,
donor.lora8.rest.nearest_gain,Dreyer2023,34,4.99999999999999,
donor.lora8.rest.nearest_gain,Dreyer2023,35,-0.66666666666665,
donor.lora8.rest.nearest_gain,Dreyer2023,36,-4.5,
donor.lora8.rest.nearest_gain,Dreyer2023,37,-4.33333333333333,
donor.lora8.rest.nearest_gain,Dreyer2023,38,-8.166666666666659,
donor.lora8.rest.nearest_gain,Dreyer2023,39,2.66666666666666,
donor.lora8.rest.nearest_gain,Dreyer2023,40,-2.41379310344827,
donor.lora8.rest.nearest_gain,Dreyer2023,42,-7.5,
donor.lora8.rest.nearest_gain,Dreyer2023,43,1.5,
donor.lora8.rest.nearest_gain,Dreyer2023,44,-0.99999999999999,
donor.lora8.rest.nearest_gain,Dreyer2023,45,3.8333333333333304,
donor.lora8.rest.nearest_gain,Dreyer2023,46,-2.1666666666666603,
donor.lora8.rest.nearest_gain,Dreyer2023,47,-2.5,
donor.lora8.rest.nearest_gain,Dreyer2023,48,-1.49999999999999,
donor.lora8.rest.nearest_gain,Dreyer2023,49,-6.66666666666666,
donor.lora8.rest.nearest_gain,Dreyer2023,50,-4.33333333333333,
donor.lora8.rest.nearest_gain,Dreyer2023,51,-0.6666666666666601,
donor.lora8.rest.nearest_gain,Dreyer2023,52,0.16666666666666,
donor.lora8.rest.nearest_gain,Dreyer2023,53,-0.33333333333333004,
donor.lora8.rest.nearest_gain,Dreyer2023,54,-4.333333333333321,
donor.lora8.rest.nearest_gain,Dreyer2023,55,-4.8333333333333295,
donor.lora8.rest.nearest_gain,Dreyer2023,56,-1.66666666666667,
donor.lora8.rest.nearest_gain,Dreyer2023,57,1.33333333333333,
donor.lora8.rest.nearest_gain,Dreyer2023,58,-3.1666666666666696,
donor.lora8.rest.nearest_gain,Dreyer2023,59,-5.5,
donor.lora8.rest.nearest_gain,Dreyer2023,60,0.99999999999999,
donor.lora8.rest.nearest_gain,Dreyer2023,61,1.99999999999999,
donor.lora8.rest.nearest_gain,Dreyer2023,62,8.166666666666659,
donor.lora8.rest.nearest_gain,Dreyer2023,63,-2.33333333333333,
donor.lora8.rest.nearest_gain,Dreyer2023,64,-1.66666666666666,
donor.lora8.rest.nearest_gain,Dreyer2023,65,-5.16666666666666,
donor.lora8.rest.nearest_gain,Dreyer2023,66,-4.16666666666667,
donor.lora8.rest.nearest_gain,Dreyer2023,67,1.83333333333333,
donor.lora8.rest.nearest_gain,Dreyer2023,68,0.6666666666666601,
donor.lora8.rest.nearest_gain,Dreyer2023,69,-1.83333333333333,
donor.lora8.rest.nearest_gain,Dreyer2023,70,-2.1666666666666603,
donor.lora8.rest.nearest_gain,Dreyer2023,71,-7.33333333333333,
donor.lora8.rest.nearest_gain,Dreyer2023,72,-4.8333333333333295,
donor.lora8.rest.nearest_gain,Dreyer2023,73,-3.33333333333333,
donor.lora8.rest.nearest_gain,Dreyer2023,74,2.1666666666666603,
donor.lora8.rest.nearest_gain,Dreyer2023,75,-0.33333333333333004,
donor.lora8.rest.nearest_gain,Dreyer2023,76,-3.66666666666666,
donor.lora8.rest.nearest_gain,Dreyer2023,77,-0.33333333333333004,
donor.lora8.rest.nearest_gain,Dreyer2023,80,1.1666666666666599,
donor.lora8.rest.nearest_gain,Dreyer2023,81,-2.83333333333333,
donor.lora8.rest.nearest_gain,Dreyer2023,82,-3.8333333333333304,
donor.lora8.rest.nearest_gain,Dreyer2023,83,-1.83333333333333,
donor.lora8.rest.nearest_gain,Dreyer2023,84,-0.99999999999999,
donor.lora8.rest.nearest_gain,Dreyer2023,85,-1.33333333333333,
donor.lora8.rest.nearest_gain,Dreyer2023,86,2.83333333333333,
donor.lora8.rest.nearest_gain,Dreyer2023,87,3.16666666666666,
donor.lora8.rest.nearest_gain,PhysionetMI,1,-1.74242424242423,
donor.lora8.rest.nearest_gain,PhysionetMI,2,-4.0,
donor.lora8.rest.nearest_gain,PhysionetMI,3,-16.74242424242423,
donor.lora8.rest.nearest_gain,PhysionetMI,4,2.57575757575757,
donor.lora8.rest.nearest_gain,PhysionetMI,5,5.75757575757576,
donor.lora8.rest.nearest_gain,PhysionetMI,6,1.59090909090908,
donor.lora8.rest.nearest_gain,PhysionetMI,7,-2.80303030303029,
donor.lora8.rest.nearest_gain,PhysionetMI,8,-3.4090909090909,
donor.lora8.rest.nearest_gain,PhysionetMI,9,-8.76923076923076,
donor.lora8.rest.nearest_gain,PhysionetMI,10,-3.3076923076922995,
donor.lora8.rest.nearest_gain,PhysionetMI,11,-3.93939393939393,
donor.lora8.rest.nearest_gain,PhysionetMI,12,1.43939393939394,
donor.lora8.rest.nearest_gain,PhysionetMI,13,-9.31818181818181,
donor.lora8.rest.nearest_gain,PhysionetMI,14,-12.95454545454545,
donor.lora8.rest.nearest_gain,PhysionetMI,15,1.53846153846153,
donor.lora8.rest.nearest_gain,PhysionetMI,16,3.78787878787879,
donor.lora8.rest.nearest_gain,PhysionetMI,17,1.0606060606060599,
donor.lora8.rest.nearest_gain,PhysionetMI,18,0.0,
donor.lora8.rest.nearest_gain,PhysionetMI,19,-16.21212121212121,
donor.lora8.rest.nearest_gain,PhysionetMI,20,2.57575757575757,
donor.lora8.rest.nearest_gain,PhysionetMI,21,2.8030303030303,
donor.lora8.rest.nearest_gain,PhysionetMI,22,0.9090909090909001,
donor.lora8.rest.nearest_gain,PhysionetMI,23,-4.0,
donor.lora8.rest.nearest_gain,PhysionetMI,24,-4.2424242424242395,
donor.lora8.rest.nearest_gain,PhysionetMI,25,1.0606060606060599,
donor.lora8.rest.nearest_gain,PhysionetMI,26,-0.30769230769231,
donor.lora8.rest.nearest_gain,PhysionetMI,27,-0.83333333333333,
donor.lora8.rest.nearest_gain,PhysionetMI,28,-0.3030303030303,
donor.lora8.rest.nearest_gain,PhysionetMI,29,-0.83333333333333,
donor.lora8.rest.nearest_gain,PhysionetMI,30,-0.9848484848484799,
donor.lora8.rest.nearest_gain,PhysionetMI,31,2.87878787878787,
donor.lora8.rest.nearest_gain,PhysionetMI,32,-0.76923076923076,
donor.lora8.rest.nearest_gain,PhysionetMI,33,-3.1060606060606,
donor.lora8.rest.nearest_gain,PhysionetMI,34,-12.07692307692307,
donor.lora8.rest.nearest_gain,PhysionetMI,35,-7.803030303030301,
donor.lora8.rest.nearest_gain,PhysionetMI,36,-2.65151515151515,
donor.lora8.rest.nearest_gain,PhysionetMI,37,2.5,
donor.lora8.rest.nearest_gain,PhysionetMI,38,-8.63636363636363,
donor.lora8.rest.nearest_gain,PhysionetMI,39,-7.87878787878788,
donor.lora8.rest.nearest_gain,PhysionetMI,40,-3.56060606060606,
donor.lora8.rest.nearest_gain,PhysionetMI,41,-2.99999999999999,
donor.lora8.rest.nearest_gain,PhysionetMI,42,-7.424242424242419,
donor.lora8.rest.nearest_gain,PhysionetMI,43,-4.3181818181818095,
donor.lora8.rest.nearest_gain,PhysionetMI,44,3.63636363636364,
donor.lora8.rest.nearest_gain,PhysionetMI,45,-4.92424242424242,
donor.lora8.rest.nearest_gain,PhysionetMI,46,3.2575757575757502,
donor.lora8.rest.nearest_gain,PhysionetMI,47,-9.242424242424239,
donor.lora8.rest.nearest_gain,PhysionetMI,48,-0.9090909090909001,
donor.lora8.rest.nearest_gain,PhysionetMI,49,-2.57575757575757,
donor.lora8.rest.nearest_gain,PhysionetMI,50,-5.68181818181818,
donor.lora8.rest.nearest_gain,PhysionetMI,51,-7.49999999999999,
donor.lora8.rest.nearest_gain,PhysionetMI,52,-4.8461538461538405,
donor.lora8.rest.nearest_gain,PhysionetMI,53,4.54545454545454,
donor.lora8.rest.nearest_gain,PhysionetMI,54,0.83333333333333,
donor.lora8.rest.nearest_gain,PhysionetMI,55,1.8939393939393898,
donor.lora8.rest.nearest_gain,PhysionetMI,56,-13.63636363636363,
donor.lora8.rest.nearest_gain,PhysionetMI,57,0.8333333333333101,
donor.lora8.rest.nearest_gain,PhysionetMI,58,-8.53846153846154,
donor.lora8.rest.nearest_gain,PhysionetMI,59,-0.15151515151515,
donor.lora8.rest.nearest_gain,PhysionetMI,60,-5.92307692307692,
donor.lora8.rest.nearest_gain,PhysionetMI,61,0.0,
donor.lora8.rest.nearest_gain,PhysionetMI,62,-6.66666666666665,
donor.lora8.rest.nearest_gain,PhysionetMI,63,3.33333333333333,
donor.lora8.rest.nearest_gain,PhysionetMI,64,-0.68181818181818,
donor.lora8.rest.nearest_gain,PhysionetMI,65,-4.92424242424242,
donor.lora8.rest.nearest_gain,PhysionetMI,66,-1.21212121212121,
donor.lora8.rest.nearest_gain,PhysionetMI,67,-8.33333333333333,
donor.lora8.rest.nearest_gain,PhysionetMI,68,-4.39393939393939,
donor.lora8.rest.nearest_gain,PhysionetMI,69,-18.38461538461538,
donor.lora8.rest.nearest_gain,PhysionetMI,70,-0.07575757575757,
donor.lora8.rest.nearest_gain,PhysionetMI,71,-0.68181818181818,
donor.lora8.rest.nearest_gain,PhysionetMI,72,-0.83333333333333,
donor.lora8.rest.nearest_gain,PhysionetMI,73,-0.5303030303030201,
donor.lora8.rest.nearest_gain,PhysionetMI,74,-5.90909090909091,
donor.lora8.rest.nearest_gain,PhysionetMI,75,-2.04545454545454,
donor.lora8.rest.nearest_gain,PhysionetMI,76,0.9090909090909001,
donor.lora8.rest.nearest_gain,PhysionetMI,77,3.56060606060606,
donor.lora8.rest.nearest_gain,PhysionetMI,78,-1.43939393939394,
donor.lora8.rest.nearest_gain,PhysionetMI,79,1.7424242424242402,
donor.lora8.rest.nearest_gain,PhysionetMI,80,0.07692307692306999,
donor.lora8.rest.nearest_gain,PhysionetMI,81,4.440892098500626e-15,
donor.lora8.rest.nearest_gain,PhysionetMI,82,-7.954545454545451,
donor.lora8.rest.nearest_gain,PhysionetMI,83,8.0,
donor.lora8.rest.nearest_gain,PhysionetMI,84,-1.06060606060605,
donor.lora8.rest.nearest_gain,PhysionetMI,85,-4.77272727272727,
donor.lora8.rest.nearest_gain,PhysionetMI,86,-1.53846153846153,
donor.lora8.rest.nearest_gain,PhysionetMI,87,0.07575757575757,
donor.lora8.rest.nearest_gain,PhysionetMI,90,-6.13636363636364,
donor.lora8.rest.nearest_gain,PhysionetMI,91,-1.51515151515151,
donor.lora8.rest.nearest_gain,PhysionetMI,93,-3.33333333333333,
donor.lora8.rest.nearest_gain,PhysionetMI,94,0.90909090909091,
donor.lora8.rest.nearest_gain,PhysionetMI,95,3.4615384615384603,
donor.lora8.rest.nearest_gain,PhysionetMI,96,3.33333333333333,
donor.lora8.rest.nearest_gain,PhysionetMI,97,7.04545454545454,
donor.lora8.rest.nearest_gain,PhysionetMI,98,-2.57575757575757,
donor.lora8.rest.nearest_gain,PhysionetMI,99,2.95454545454545,
donor.lora8.rest.nearest_gain,PhysionetMI,101,3.61538461538461,
donor.lora8.rest.nearest_gain,PhysionetMI,102,-6.59090909090909,
donor.lora8.rest.nearest_gain,PhysionetMI,103,1.7424242424242402,
donor.lora8.rest.nearest_gain,PhysionetMI,105,-3.4848484848484698,
donor.lora8.rest.nearest_gain,PhysionetMI,107,-1.28787878787878,
donor.lora8.rest.nearest_gain,PhysionetMI,108,-3.33333333333333,
donor.lora8.rest.nearest_gain,PhysionetMI,109,-4.92424242424242,
donor.lora8.rest.random_gain,Cho2017,1,-6.12,
donor.lora8.rest.random_gain,Cho2017,2,-0.33999999999999997,
donor.lora8.rest.random_gain,Cho2017,3,4.71999999999999,
donor.lora8.rest.random_gain,Cho2017,4,-4.33999999999999,
donor.lora8.rest.random_gain,Cho2017,5,-1.66,
donor.lora8.rest.random_gain,Cho2017,6,-2.4,
donor.lora8.rest.random_gain,Cho2017,7,0.48333333333332995,
donor.lora8.rest.random_gain,Cho2017,8,-1.47999999999999,
donor.lora8.rest.random_gain,Cho2017,9,1.1666666666666599,
donor.lora8.rest.random_gain,Cho2017,10,-3.61999999999999,
donor.lora8.rest.random_gain,Cho2017,11,-3.03999999999999,
donor.lora8.rest.random_gain,Cho2017,12,-2.01999999999999,
donor.lora8.rest.random_gain,Cho2017,13,-5.1,
donor.lora8.rest.random_gain,Cho2017,14,0.02,
donor.lora8.rest.random_gain,Cho2017,15,1.07999999999999,
donor.lora8.rest.random_gain,Cho2017,16,-2.0,
donor.lora8.rest.random_gain,Cho2017,17,-1.4399999999999902,
donor.lora8.rest.random_gain,Cho2017,18,-2.99999999999999,
donor.lora8.rest.random_gain,Cho2017,19,0.74,
donor.lora8.rest.random_gain,Cho2017,20,-4.69999999999999,
donor.lora8.rest.random_gain,Cho2017,21,1.34,
donor.lora8.rest.random_gain,Cho2017,22,-2.1,
donor.lora8.rest.random_gain,Cho2017,23,-1.7399999999999902,
donor.lora8.rest.random_gain,Cho2017,24,0.84,
donor.lora8.rest.random_gain,Cho2017,25,2.34,
donor.lora8.rest.random_gain,Cho2017,26,0.0,
donor.lora8.rest.random_gain,Cho2017,27,-1.9800000000000002,
donor.lora8.rest.random_gain,Cho2017,28,-1.8399999999999999,
donor.lora8.rest.random_gain,Cho2017,29,-0.8399999999999901,
donor.lora8.rest.random_gain,Cho2017,30,-7.139999999999989,
donor.lora8.rest.random_gain,Cho2017,31,-6.259999999999991,
donor.lora8.rest.random_gain,Cho2017,32,0.13999999999999999,
donor.lora8.rest.random_gain,Cho2017,33,-2.48,
donor.lora8.rest.random_gain,Cho2017,34,-0.36,
donor.lora8.rest.random_gain,Cho2017,35,-3.16,
donor.lora8.rest.random_gain,Cho2017,36,3.2800000000000002,
donor.lora8.rest.random_gain,Cho2017,37,-0.8,
donor.lora8.rest.random_gain,Cho2017,38,-2.53999999999999,
donor.lora8.rest.random_gain,Cho2017,39,1.65999999999999,
donor.lora8.rest.random_gain,Cho2017,40,0.54,
donor.lora8.rest.random_gain,Cho2017,41,-3.47999999999999,
donor.lora8.rest.random_gain,Cho2017,42,-0.8,
donor.lora8.rest.random_gain,Cho2017,43,-0.04,
donor.lora8.rest.random_gain,Cho2017,44,-1.19999999999999,
donor.lora8.rest.random_gain,Cho2017,45,0.67999999999999,
donor.lora8.rest.random_gain,Cho2017,46,3.9333333333333296,
donor.lora8.rest.random_gain,Cho2017,47,-1.8399999999999999,
donor.lora8.rest.random_gain,Cho2017,48,-2.85999999999999,
donor.lora8.rest.random_gain,Cho2017,49,-0.88,
donor.lora8.rest.random_gain,Cho2017,50,-6.5600000000000005,
donor.lora8.rest.random_gain,Cho2017,51,0.81999999999999,
donor.lora8.rest.random_gain,Cho2017,52,-1.1400000000000001,
donor.lora8.rest.random_gain,Dreyer2023,1,-1.03333333333332,
donor.lora8.rest.random_gain,Dreyer2023,2,-1.6,
donor.lora8.rest.random_gain,Dreyer2023,3,-4.26666666666667,
donor.lora8.rest.random_gain,Dreyer2023,5,-2.06666666666667,
donor.lora8.rest.random_gain,Dreyer2023,6,1.03333333333332,
donor.lora8.rest.random_gain,Dreyer2023,7,-2.4833333333333303,
donor.lora8.rest.random_gain,Dreyer2023,8,2.18333333333333,
donor.lora8.rest.random_gain,Dreyer2023,10,-1.48333333333333,
donor.lora8.rest.random_gain,Dreyer2023,11,-1.31666666666667,
donor.lora8.rest.random_gain,Dreyer2023,12,-0.64999999999999,
donor.lora8.rest.random_gain,Dreyer2023,13,0.29999999999999,
donor.lora8.rest.random_gain,Dreyer2023,14,-0.7833333333333199,
donor.lora8.rest.random_gain,Dreyer2023,15,-0.73333333333332,
donor.lora8.rest.random_gain,Dreyer2023,16,-3.25,
donor.lora8.rest.random_gain,Dreyer2023,18,-0.7666666666666601,
donor.lora8.rest.random_gain,Dreyer2023,19,-2.86666666666666,
donor.lora8.rest.random_gain,Dreyer2023,20,-2.43333333333332,
donor.lora8.rest.random_gain,Dreyer2023,21,-1.8666666666666598,
donor.lora8.rest.random_gain,Dreyer2023,22,-5.38333333333333,
donor.lora8.rest.random_gain,Dreyer2023,23,-1.99999999999999,
donor.lora8.rest.random_gain,Dreyer2023,24,-2.88333333333333,
donor.lora8.rest.random_gain,Dreyer2023,25,1.18333333333333,
donor.lora8.rest.random_gain,Dreyer2023,26,-3.4166666666666603,
donor.lora8.rest.random_gain,Dreyer2023,27,-2.71666666666666,
donor.lora8.rest.random_gain,Dreyer2023,28,0.7666666666666601,
donor.lora8.rest.random_gain,Dreyer2023,30,0.83333333333333,
donor.lora8.rest.random_gain,Dreyer2023,31,-3.71666666666665,
donor.lora8.rest.random_gain,Dreyer2023,32,-1.4000000000000001,
donor.lora8.rest.random_gain,Dreyer2023,33,-2.33333333333333,
donor.lora8.rest.random_gain,Dreyer2023,34,1.1666666666666599,
donor.lora8.rest.random_gain,Dreyer2023,35,-3.4166666666666603,
donor.lora8.rest.random_gain,Dreyer2023,36,-1.43333333333333,
donor.lora8.rest.random_gain,Dreyer2023,37,-4.0,
donor.lora8.rest.random_gain,Dreyer2023,38,-4.16666666666666,
donor.lora8.rest.random_gain,Dreyer2023,39,1.60000000000001,
donor.lora8.rest.random_gain,Dreyer2023,40,-3.8103448275861997,
donor.lora8.rest.random_gain,Dreyer2023,42,-6.9,
donor.lora8.rest.random_gain,Dreyer2023,43,-0.68333333333332,
donor.lora8.rest.random_gain,Dreyer2023,44,0.53333333333333,
donor.lora8.rest.random_gain,Dreyer2023,45,2.66666666666667,
donor.lora8.rest.random_gain,Dreyer2023,46,-2.44999999999999,
donor.lora8.rest.random_gain,Dreyer2023,47,-3.1999999999999895,
donor.lora8.rest.random_gain,Dreyer2023,48,-1.41666666666666,
donor.lora8.rest.random_gain,Dreyer2023,49,-2.71666666666666,
donor.lora8.rest.random_gain,Dreyer2023,50,-2.8000000000000003,
donor.lora8.rest.random_gain,Dreyer2023,51,-0.6666666666666601,
donor.lora8.rest.random_gain,Dreyer2023,52,-1.4500000000000002,
donor.lora8.rest.random_gain,Dreyer2023,53,-0.9666666666666599,
donor.lora8.rest.random_gain,Dreyer2023,54,-1.94999999999999,
donor.lora8.rest.random_gain,Dreyer2023,55,-1.73333333333332,
donor.lora8.rest.random_gain,Dreyer2023,56,-2.73333333333333,
donor.lora8.rest.random_gain,Dreyer2023,57,1.23333333333333,
donor.lora8.rest.random_gain,Dreyer2023,58,-1.23333333333333,
donor.lora8.rest.random_gain,Dreyer2023,59,-3.65,
donor.lora8.rest.random_gain,Dreyer2023,60,-2.65,
donor.lora8.rest.random_gain,Dreyer2023,61,-0.36666666666666,
donor.lora8.rest.random_gain,Dreyer2023,62,-0.19999999999999,
donor.lora8.rest.random_gain,Dreyer2023,63,-1.83333333333333,
donor.lora8.rest.random_gain,Dreyer2023,64,2.28333333333333,
donor.lora8.rest.random_gain,Dreyer2023,65,-2.4833333333333303,
donor.lora8.rest.random_gain,Dreyer2023,66,-2.06666666666667,
donor.lora8.rest.random_gain,Dreyer2023,67,-1.7000000000000002,
donor.lora8.rest.random_gain,Dreyer2023,68,-3.23333333333333,
donor.lora8.rest.random_gain,Dreyer2023,69,-1.7666666666666602,
donor.lora8.rest.random_gain,Dreyer2023,70,-2.73333333333333,
donor.lora8.rest.random_gain,Dreyer2023,71,-5.11666666666667,
donor.lora8.rest.random_gain,Dreyer2023,72,-1.28333333333333,
donor.lora8.rest.random_gain,Dreyer2023,73,-1.0,
donor.lora8.rest.random_gain,Dreyer2023,74,-2.11666666666666,
donor.lora8.rest.random_gain,Dreyer2023,75,-1.8166666666666598,
donor.lora8.rest.random_gain,Dreyer2023,76,-0.18333333333333,
donor.lora8.rest.random_gain,Dreyer2023,77,-2.53333333333333,
donor.lora8.rest.random_gain,Dreyer2023,80,-3.11666666666666,
donor.lora8.rest.random_gain,Dreyer2023,81,-4.66666666666667,
donor.lora8.rest.random_gain,Dreyer2023,82,-3.9499999999999904,
donor.lora8.rest.random_gain,Dreyer2023,83,-0.43333333333333,
donor.lora8.rest.random_gain,Dreyer2023,84,-3.59999999999999,
donor.lora8.rest.random_gain,Dreyer2023,85,-1.0166666666666702,
donor.lora8.rest.random_gain,Dreyer2023,86,-1.21666666666666,
donor.lora8.rest.random_gain,Dreyer2023,87,2.41666666666666,
donor.lora8.rest.random_gain,PhysionetMI,1,-2.5984848484848397,
donor.lora8.rest.random_gain,PhysionetMI,2,-1.81538461538462,
donor.lora8.rest.random_gain,PhysionetMI,3,-1.8560606060606,
donor.lora8.rest.random_gain,PhysionetMI,4,-0.060606060606050005,
donor.lora8.rest.random_gain,PhysionetMI,5,-0.81060606060605,
donor.lora8.rest.random_gain,PhysionetMI,6,-3.4318181818181803,
donor.lora8.rest.random_gain,PhysionetMI,7,0.5,
donor.lora8.rest.random_gain,PhysionetMI,8,-0.9545454545454499,
donor.lora8.rest.random_gain,PhysionetMI,9,-4.30769230769231,
donor.lora8.rest.random_gain,PhysionetMI,10,0.93076923076923,
donor.lora8.rest.random_gain,PhysionetMI,11,0.5303030303030299,
donor.lora8.rest.random_gain,PhysionetMI,12,-1.78030303030303,
donor.lora8.rest.random_gain,PhysionetMI,13,-3.58333333333333,
donor.lora8.rest.random_gain,PhysionetMI,14,-2.75,
donor.lora8.rest.random_gain,PhysionetMI,15,2.0538461538461497,
donor.lora8.rest.random_gain,PhysionetMI,16,-0.59848484848485,
donor.lora8.rest.random_gain,PhysionetMI,17,3.34848484848485,
donor.lora8.rest.random_gain,PhysionetMI,18,-1.06818181818181,
donor.lora8.rest.random_gain,PhysionetMI,19,-4.98484848484848,
donor.lora8.rest.random_gain,PhysionetMI,20,-0.26515151515151003,
donor.lora8.rest.random_gain,PhysionetMI,21,0.18181818181818,
donor.lora8.rest.random_gain,PhysionetMI,22,-2.28787878787878,
donor.lora8.rest.random_gain,PhysionetMI,23,-1.19230769230768,
donor.lora8.rest.random_gain,PhysionetMI,24,-1.96212121212121,
donor.lora8.rest.random_gain,PhysionetMI,25,-2.93181818181818,
donor.lora8.rest.random_gain,PhysionetMI,26,-1.97692307692308,
donor.lora8.rest.random_gain,PhysionetMI,27,-1.37121212121211,
donor.lora8.rest.random_gain,PhysionetMI,28,0.17424242424242,
donor.lora8.rest.random_gain,PhysionetMI,29,-0.74999999999999,
donor.lora8.rest.random_gain,PhysionetMI,30,1.43939393939393,
donor.lora8.rest.random_gain,PhysionetMI,31,-0.8106060606060599,
donor.lora8.rest.random_gain,PhysionetMI,32,-1.33846153846154,
donor.lora8.rest.random_gain,PhysionetMI,33,0.31818181818181,
donor.lora8.rest.random_gain,PhysionetMI,34,-4.192307692307691,
donor.lora8.rest.random_gain,PhysionetMI,35,-2.16666666666667,
donor.lora8.rest.random_gain,PhysionetMI,36,-2.3030303030303,
donor.lora8.rest.random_gain,PhysionetMI,37,2.92424242424242,
donor.lora8.rest.random_gain,PhysionetMI,38,-4.47727272727273,
donor.lora8.rest.random_gain,PhysionetMI,39,-0.59848484848485,
donor.lora8.rest.random_gain,PhysionetMI,40,-5.12121212121212,
donor.lora8.rest.random_gain,PhysionetMI,41,-2.23076923076923,
donor.lora8.rest.random_gain,PhysionetMI,42,-1.20454545454545,
donor.lora8.rest.random_gain,PhysionetMI,43,-1.7121212121212,
donor.lora8.rest.random_gain,PhysionetMI,44,3.41666666666667,
donor.lora8.rest.random_gain,PhysionetMI,45,-0.37121212121211,
donor.lora8.rest.random_gain,PhysionetMI,46,0.96969696969696,
donor.lora8.rest.random_gain,PhysionetMI,47,-0.07575757575756001,
donor.lora8.rest.random_gain,PhysionetMI,48,-0.59090909090909,
donor.lora8.rest.random_gain,PhysionetMI,49,0.25,
donor.lora8.rest.random_gain,PhysionetMI,50,0.84090909090909,
donor.lora8.rest.random_gain,PhysionetMI,51,-2.33333333333333,
donor.lora8.rest.random_gain,PhysionetMI,52,-2.6153846153846203,
donor.lora8.rest.random_gain,PhysionetMI,53,-2.18939393939392,
donor.lora8.rest.random_gain,PhysionetMI,54,-0.8257575757575699,
donor.lora8.rest.random_gain,PhysionetMI,55,-1.37878787878788,
donor.lora8.rest.random_gain,PhysionetMI,56,-1.7651515151515098,
donor.lora8.rest.random_gain,PhysionetMI,57,-0.67424242424241,
donor.lora8.rest.random_gain,PhysionetMI,58,-0.86923076923076,
donor.lora8.rest.random_gain,PhysionetMI,59,-4.37878787878788,
donor.lora8.rest.random_gain,PhysionetMI,60,-3.1384615384615397,
donor.lora8.rest.random_gain,PhysionetMI,61,-0.49999999999999,
donor.lora8.rest.random_gain,PhysionetMI,62,-3.3409090909090797,
donor.lora8.rest.random_gain,PhysionetMI,63,-2.15909090909091,
donor.lora8.rest.random_gain,PhysionetMI,64,1.81818181818182,
donor.lora8.rest.random_gain,PhysionetMI,65,-2.17424242424242,
donor.lora8.rest.random_gain,PhysionetMI,66,3.31818181818181,
donor.lora8.rest.random_gain,PhysionetMI,67,-0.42424242424242004,
donor.lora8.rest.random_gain,PhysionetMI,68,-3.40909090909091,
donor.lora8.rest.random_gain,PhysionetMI,69,0.74615384615385,
donor.lora8.rest.random_gain,PhysionetMI,70,0.43939393939393995,
donor.lora8.rest.random_gain,PhysionetMI,71,1.14393939393939,
donor.lora8.rest.random_gain,PhysionetMI,72,-1.40151515151514,
donor.lora8.rest.random_gain,PhysionetMI,73,-1.99999999999999,
donor.lora8.rest.random_gain,PhysionetMI,74,-1.6212121212121198,
donor.lora8.rest.random_gain,PhysionetMI,75,-0.1060606060606,
donor.lora8.rest.random_gain,PhysionetMI,76,2.6515151515151403,
donor.lora8.rest.random_gain,PhysionetMI,77,1.84848484848485,
donor.lora8.rest.random_gain,PhysionetMI,78,-3.89393939393939,
donor.lora8.rest.random_gain,PhysionetMI,79,0.57575757575757,
donor.lora8.rest.random_gain,PhysionetMI,80,1.93076923076922,
donor.lora8.rest.random_gain,PhysionetMI,81,-1.5,
donor.lora8.rest.random_gain,PhysionetMI,82,3.21969696969697,
donor.lora8.rest.random_gain,PhysionetMI,83,-0.8076923076923,
donor.lora8.rest.random_gain,PhysionetMI,84,-0.030303030303019996,
donor.lora8.rest.random_gain,PhysionetMI,85,-0.17424242424242,
donor.lora8.rest.random_gain,PhysionetMI,86,-1.26923076923076,
donor.lora8.rest.random_gain,PhysionetMI,87,-4.05303030303029,
donor.lora8.rest.random_gain,PhysionetMI,90,-1.87121212121212,
donor.lora8.rest.random_gain,PhysionetMI,91,-4.17424242424242,
donor.lora8.rest.random_gain,PhysionetMI,93,1.7727272727272698,
donor.lora8.rest.random_gain,PhysionetMI,94,1.5303030303030298,
donor.lora8.rest.random_gain,PhysionetMI,95,0.32307692307691,
donor.lora8.rest.random_gain,PhysionetMI,96,-1.24999999999999,
donor.lora8.rest.random_gain,PhysionetMI,97,2.87121212121213,
donor.lora8.rest.random_gain,PhysionetMI,98,1.4545454545454501,
donor.lora8.rest.random_gain,PhysionetMI,99,1.33333333333333,
donor.lora8.rest.random_gain,PhysionetMI,101,-2.79999999999999,
donor.lora8.rest.random_gain,PhysionetMI,102,-3.47727272727273,
donor.lora8.rest.random_gain,PhysionetMI,103,-0.69696969696969,
donor.lora8.rest.random_gain,PhysionetMI,105,2.1060606060605997,
donor.lora8.rest.random_gain,PhysionetMI,107,-5.39393939393939,
donor.lora8.rest.random_gain,PhysionetMI,108,0.60606060606061,
donor.lora8.rest.random_gain,PhysionetMI,109,-3.31818181818182,
donor.lora8.rest.difference,Cho2017,1,-2.8799999999999897,
donor.lora8.rest.difference,Cho2017,2,0.33999999999999003,
donor.lora8.rest.difference,Cho2017,3,2.68,
donor.lora8.rest.difference,Cho2017,4,7.139999999999989,
donor.lora8.rest.difference,Cho2017,5,-0.9400000000000001,
donor.lora8.rest.difference,Cho2017,6,-0.59999999999999,
donor.lora8.rest.difference,Cho2017,7,0.8500000000000001,
donor.lora8.rest.difference,Cho2017,8,2.48,
donor.lora8.rest.difference,Cho2017,9,-0.49999999999999,
donor.lora8.rest.difference,Cho2017,10,0.41999999999999,
donor.lora8.rest.difference,Cho2017,11,-2.55999999999999,
donor.lora8.rest.difference,Cho2017,12,3.4199999999999897,
donor.lora8.rest.difference,Cho2017,13,1.3,
donor.lora8.rest.difference,Cho2017,14,0.98,
donor.lora8.rest.difference,Cho2017,15,-2.07999999999999,
donor.lora8.rest.difference,Cho2017,16,1.7999999999999998,
donor.lora8.rest.difference,Cho2017,17,2.83999999999999,
donor.lora8.rest.difference,Cho2017,18,-3.3999999999999897,
donor.lora8.rest.difference,Cho2017,19,-1.1400000000000001,
donor.lora8.rest.difference,Cho2017,20,-1.7000000000000002,
donor.lora8.rest.difference,Cho2017,21,5.05999999999999,
donor.lora8.rest.difference,Cho2017,22,5.49999999999999,
donor.lora8.rest.difference,Cho2017,23,-4.06,
donor.lora8.rest.difference,Cho2017,24,1.3599999999999999,
donor.lora8.rest.difference,Cho2017,25,3.6599999999999904,
donor.lora8.rest.difference,Cho2017,26,0.2,
donor.lora8.rest.difference,Cho2017,27,5.58,
donor.lora8.rest.difference,Cho2017,28,6.4399999999999995,
donor.lora8.rest.difference,Cho2017,29,2.0399999999999903,
donor.lora8.rest.difference,Cho2017,30,3.13999999999999,
donor.lora8.rest.difference,Cho2017,31,-4.939999999999991,
donor.lora8.rest.difference,Cho2017,32,-0.13999999999999999,
donor.lora8.rest.difference,Cho2017,33,1.8800000000000001,
donor.lora8.rest.difference,Cho2017,34,1.75999999999999,
donor.lora8.rest.difference,Cho2017,35,-14.23999999999999,
donor.lora8.rest.difference,Cho2017,36,-5.680000000000001,
donor.lora8.rest.difference,Cho2017,37,0.99999999999999,
donor.lora8.rest.difference,Cho2017,38,-1.66,
donor.lora8.rest.difference,Cho2017,39,-2.45999999999999,
donor.lora8.rest.difference,Cho2017,40,-5.73999999999999,
donor.lora8.rest.difference,Cho2017,41,0.47999999999999,
donor.lora8.rest.difference,Cho2017,42,1.4000000000000001,
donor.lora8.rest.difference,Cho2017,43,0.04,
donor.lora8.rest.difference,Cho2017,44,1.5999999999999899,
donor.lora8.rest.difference,Cho2017,45,0.12,
donor.lora8.rest.difference,Cho2017,46,0.4,
donor.lora8.rest.difference,Cho2017,47,-2.3599999999999897,
donor.lora8.rest.difference,Cho2017,48,2.05999999999999,
donor.lora8.rest.difference,Cho2017,49,1.08,
donor.lora8.rest.difference,Cho2017,50,7.759999999999991,
donor.lora8.rest.difference,Cho2017,51,-0.81999999999999,
donor.lora8.rest.difference,Cho2017,52,-0.65999999999999,
donor.lora8.rest.difference,Dreyer2023,1,2.19999999999998,
donor.lora8.rest.difference,Dreyer2023,2,3.09999999999999,
donor.lora8.rest.difference,Dreyer2023,3,1.0999999999999999,
donor.lora8.rest.difference,Dreyer2023,5,-0.59999999999999,
donor.lora8.rest.difference,Dreyer2023,6,1.46666666666667,
donor.lora8.rest.difference,Dreyer2023,7,-1.18333333333332,
donor.lora8.rest.difference,Dreyer2023,8,1.8166666666666598,
donor.lora8.rest.difference,Dreyer2023,10,-1.18333333333333,
donor.lora8.rest.difference,Dreyer2023,11,5.98333333333333,
donor.lora8.rest.difference,Dreyer2023,12,0.98333333333332,
donor.lora8.rest.difference,Dreyer2023,13,-4.46666666666665,
donor.lora8.rest.difference,Dreyer2023,14,0.61666666666666,
donor.lora8.rest.difference,Dreyer2023,15,0.06666666666665,
donor.lora8.rest.difference,Dreyer2023,16,0.9166666666666601,
donor.lora8.rest.difference,Dreyer2023,18,-0.06666666666667001,
donor.lora8.rest.difference,Dreyer2023,19,-3.63333333333333,
donor.lora8.rest.difference,Dreyer2023,20,4.59999999999999,
donor.lora8.rest.difference,Dreyer2023,21,2.86666666666666,
donor.lora8.rest.difference,Dreyer2023,22,-0.61666666666666,
donor.lora8.rest.difference,Dreyer2023,23,2.66666666666666,
donor.lora8.rest.difference,Dreyer2023,24,1.21666666666666,
donor.lora8.rest.difference,Dreyer2023,25,-1.51666666666666,
donor.lora8.rest.difference,Dreyer2023,26,-3.91666666666665,
donor.lora8.rest.difference,Dreyer2023,27,-0.28333333333333,
donor.lora8.rest.difference,Dreyer2023,28,-2.09999999999999,
donor.lora8.rest.difference,Dreyer2023,30,-0.33333333333333004,
donor.lora8.rest.difference,Dreyer2023,31,0.38333333333333003,
donor.lora8.rest.difference,Dreyer2023,32,0.56666666666666,
donor.lora8.rest.difference,Dreyer2023,33,1.49999999999999,
donor.lora8.rest.difference,Dreyer2023,34,3.8333333333333197,
donor.lora8.rest.difference,Dreyer2023,35,2.75,
donor.lora8.rest.difference,Dreyer2023,36,-3.0666666666666598,
donor.lora8.rest.difference,Dreyer2023,37,-0.33333333333332,
donor.lora8.rest.difference,Dreyer2023,38,-4.0,
donor.lora8.rest.difference,Dreyer2023,39,1.06666666666665,
donor.lora8.rest.difference,Dreyer2023,40,1.39655172413792,
donor.lora8.rest.difference,Dreyer2023,42,-0.6,
donor.lora8.rest.difference,Dreyer2023,43,2.1833333333333202,
donor.lora8.rest.difference,Dreyer2023,44,-1.5333333333333299,
donor.lora8.rest.difference,Dreyer2023,45,1.1666666666666599,
donor.lora8.rest.difference,Dreyer2023,46,0.28333333333332,
donor.lora8.rest.difference,Dreyer2023,47,0.6999999999999901,
donor.lora8.rest.difference,Dreyer2023,48,-0.08333333333333,
donor.lora8.rest.difference,Dreyer2023,49,-3.9499999999999904,
donor.lora8.rest.difference,Dreyer2023,50,-1.5333333333333201,
donor.lora8.rest.difference,Dreyer2023,51,-9.992007221626407e-15,
donor.lora8.rest.difference,Dreyer2023,52,1.61666666666666,
donor.lora8.rest.difference,Dreyer2023,53,0.63333333333333,
donor.lora8.rest.difference,Dreyer2023,54,-2.38333333333332,
donor.lora8.rest.difference,Dreyer2023,55,-3.1,
donor.lora8.rest.difference,Dreyer2023,56,1.06666666666665,
donor.lora8.rest.difference,Dreyer2023,57,0.09999999999999,
donor.lora8.rest.difference,Dreyer2023,58,-1.93333333333333,
donor.lora8.rest.difference,Dreyer2023,59,-1.8499999999999899,
donor.lora8.rest.difference,Dreyer2023,60,3.64999999999999,
donor.lora8.rest.difference,Dreyer2023,61,2.36666666666666,
donor.lora8.rest.difference,Dreyer2023,62,8.36666666666665,
donor.lora8.rest.difference,Dreyer2023,63,-0.49999999999999,
donor.lora8.rest.difference,Dreyer2023,64,-3.9499999999999904,
donor.lora8.rest.difference,Dreyer2023,65,-2.68333333333333,
donor.lora8.rest.difference,Dreyer2023,66,-2.09999999999999,
donor.lora8.rest.difference,Dreyer2023,67,3.53333333333333,
donor.lora8.rest.difference,Dreyer2023,68,3.9,
donor.lora8.rest.difference,Dreyer2023,69,-0.06666666666667001,
donor.lora8.rest.difference,Dreyer2023,70,0.56666666666666,
donor.lora8.rest.difference,Dreyer2023,71,-2.2166666666666597,
donor.lora8.rest.difference,Dreyer2023,72,-3.5499999999999803,
donor.lora8.rest.difference,Dreyer2023,73,-2.33333333333333,
donor.lora8.rest.difference,Dreyer2023,74,4.28333333333333,
donor.lora8.rest.difference,Dreyer2023,75,1.48333333333332,
donor.lora8.rest.difference,Dreyer2023,76,-3.48333333333332,
donor.lora8.rest.difference,Dreyer2023,77,2.1999999999999997,
donor.lora8.rest.difference,Dreyer2023,80,4.28333333333332,
donor.lora8.rest.difference,Dreyer2023,81,1.83333333333334,
donor.lora8.rest.difference,Dreyer2023,82,0.11666666666666,
donor.lora8.rest.difference,Dreyer2023,83,-1.4000000000000001,
donor.lora8.rest.difference,Dreyer2023,84,2.5999999999999903,
donor.lora8.rest.difference,Dreyer2023,85,-0.31666666666666,
donor.lora8.rest.difference,Dreyer2023,86,4.04999999999999,
donor.lora8.rest.difference,Dreyer2023,87,0.74999999999999,
donor.lora8.rest.difference,PhysionetMI,1,0.8560606060606,
donor.lora8.rest.difference,PhysionetMI,2,-2.1846153846153697,
donor.lora8.rest.difference,PhysionetMI,3,-14.886363636363631,
donor.lora8.rest.difference,PhysionetMI,4,2.63636363636363,
donor.lora8.rest.difference,PhysionetMI,5,6.56818181818181,
donor.lora8.rest.difference,PhysionetMI,6,5.02272727272727,
donor.lora8.rest.difference,PhysionetMI,7,-3.3030303030303,
donor.lora8.rest.difference,PhysionetMI,8,-2.4545454545454497,
donor.lora8.rest.difference,PhysionetMI,9,-4.46153846153845,
donor.lora8.rest.difference,PhysionetMI,10,-4.23846153846153,
donor.lora8.rest.difference,PhysionetMI,11,-4.46969696969696,
donor.lora8.rest.difference,PhysionetMI,12,3.21969696969696,
donor.lora8.rest.difference,PhysionetMI,13,-5.73484848484848,
donor.lora8.rest.difference,PhysionetMI,14,-10.20454545454545,
donor.lora8.rest.difference,PhysionetMI,15,-0.51538461538462,
donor.lora8.rest.difference,PhysionetMI,16,4.38636363636364,
donor.lora8.rest.difference,PhysionetMI,17,-2.2878787878787903,
donor.lora8.rest.difference,PhysionetMI,18,1.06818181818181,
donor.lora8.rest.difference,PhysionetMI,19,-11.227272727272721,
donor.lora8.rest.difference,PhysionetMI,20,2.84090909090908,
donor.lora8.rest.difference,PhysionetMI,21,2.62121212121211,
donor.lora8.rest.difference,PhysionetMI,22,3.1969696969696897,
donor.lora8.rest.difference,PhysionetMI,23,-2.80769230769231,
donor.lora8.rest.difference,PhysionetMI,24,-2.2803030303030303,
donor.lora8.rest.difference,PhysionetMI,25,3.9924242424242395,
donor.lora8.rest.difference,PhysionetMI,26,1.66923076923076,
donor.lora8.rest.difference,PhysionetMI,27,0.53787878787878,
donor.lora8.rest.difference,PhysionetMI,28,-0.47727272727272,
donor.lora8.rest.difference,PhysionetMI,29,-0.08333333333333,
donor.lora8.rest.difference,PhysionetMI,30,-2.42424242424241,
donor.lora8.rest.difference,PhysionetMI,31,3.6893939393939403,
donor.lora8.rest.difference,PhysionetMI,32,0.56923076923077,
donor.lora8.rest.difference,PhysionetMI,33,-3.42424242424242,
donor.lora8.rest.difference,PhysionetMI,34,-7.884615384615371,
donor.lora8.rest.difference,PhysionetMI,35,-5.63636363636362,
donor.lora8.rest.difference,PhysionetMI,36,-0.34848484848484,
donor.lora8.rest.difference,PhysionetMI,37,-0.42424242424241,
donor.lora8.rest.difference,PhysionetMI,38,-4.159090909090899,
donor.lora8.rest.difference,PhysionetMI,39,-7.28030303030303,
donor.lora8.rest.difference,PhysionetMI,40,1.5606060606060501,
donor.lora8.rest.difference,PhysionetMI,41,-0.76923076923076,
donor.lora8.rest.difference,PhysionetMI,42,-6.219696969696971,
donor.lora8.rest.difference,PhysionetMI,43,-2.6060606060605997,
donor.lora8.rest.difference,PhysionetMI,44,0.21969696969696997,
donor.lora8.rest.difference,PhysionetMI,45,-4.5530303030303,
donor.lora8.rest.difference,PhysionetMI,46,2.28787878787878,
donor.lora8.rest.difference,PhysionetMI,47,-9.16666666666667,
donor.lora8.rest.difference,PhysionetMI,48,-0.31818181818181,
donor.lora8.rest.difference,PhysionetMI,49,-2.82575757575757,
donor.lora8.rest.difference,PhysionetMI,50,-6.522727272727271,
donor.lora8.rest.difference,PhysionetMI,51,-5.16666666666666,
donor.lora8.rest.difference,PhysionetMI,52,-2.2307692307692197,
donor.lora8.rest.difference,PhysionetMI,53,6.73484848484846,
donor.lora8.rest.difference,PhysionetMI,54,1.6590909090909,
donor.lora8.rest.difference,PhysionetMI,55,3.2727272727272703,
donor.lora8.rest.difference,PhysionetMI,56,-11.87121212121211,
donor.lora8.rest.difference,PhysionetMI,57,1.50757575757574,
donor.lora8.rest.difference,PhysionetMI,58,-7.6692307692307695,
donor.lora8.rest.difference,PhysionetMI,59,4.2272727272727195,
donor.lora8.rest.difference,PhysionetMI,60,-2.78461538461538,
donor.lora8.rest.difference,PhysionetMI,61,0.49999999999997996,
donor.lora8.rest.difference,PhysionetMI,62,-3.32575757575757,
donor.lora8.rest.difference,PhysionetMI,63,5.49242424242424,
donor.lora8.rest.difference,PhysionetMI,64,-2.5,
donor.lora8.rest.difference,PhysionetMI,65,-2.75,
donor.lora8.rest.difference,PhysionetMI,66,-4.53030303030303,
donor.lora8.rest.difference,PhysionetMI,67,-7.9090909090909,
donor.lora8.rest.difference,PhysionetMI,68,-0.9848484848484799,
donor.lora8.rest.difference,PhysionetMI,69,-19.13076923076923,
donor.lora8.rest.difference,PhysionetMI,70,-0.51515151515152,
donor.lora8.rest.difference,PhysionetMI,71,-1.82575757575758,
donor.lora8.rest.difference,PhysionetMI,72,0.5681818181818099,
donor.lora8.rest.difference,PhysionetMI,73,1.4696969696969602,
donor.lora8.rest.difference,PhysionetMI,74,-4.28787878787878,
donor.lora8.rest.difference,PhysionetMI,75,-1.9393939393939401,
donor.lora8.rest.difference,PhysionetMI,76,-1.74242424242423,
donor.lora8.rest.difference,PhysionetMI,77,1.71212121212121,
donor.lora8.rest.difference,PhysionetMI,78,2.4545454545454497,
donor.lora8.rest.difference,PhysionetMI,79,1.1666666666666599,
donor.lora8.rest.difference,PhysionetMI,80,-1.85384615384615,
donor.lora8.rest.difference,PhysionetMI,81,1.5,
donor.lora8.rest.difference,PhysionetMI,82,-11.17424242424242,
donor.lora8.rest.difference,PhysionetMI,83,8.8076923076923,
donor.lora8.rest.difference,PhysionetMI,84,-1.0303030303030198,
donor.lora8.rest.difference,PhysionetMI,85,-4.59848484848484,
donor.lora8.rest.difference,PhysionetMI,86,-0.26923076923077,
donor.lora8.rest.difference,PhysionetMI,87,4.12878787878786,
donor.lora8.rest.difference,PhysionetMI,90,-4.26515151515151,
donor.lora8.rest.difference,PhysionetMI,91,2.6590909090909,
donor.lora8.rest.difference,PhysionetMI,93,-5.1060606060606,
donor.lora8.rest.difference,PhysionetMI,94,-0.62121212121211,
donor.lora8.rest.difference,PhysionetMI,95,3.1384615384615304,
donor.lora8.rest.difference,PhysionetMI,96,4.58333333333332,
donor.lora8.rest.difference,PhysionetMI,97,4.1742424242424105,
donor.lora8.rest.difference,PhysionetMI,98,-4.0303030303030205,
donor.lora8.rest.difference,PhysionetMI,99,1.6212121212121102,
donor.lora8.rest.difference,PhysionetMI,101,6.415384615384601,
donor.lora8.rest.difference,PhysionetMI,102,-3.11363636363636,
donor.lora8.rest.difference,PhysionetMI,103,2.43939393939393,
donor.lora8.rest.difference,PhysionetMI,105,-5.590909090909079,
donor.lora8.rest.difference,PhysionetMI,107,4.10606060606061,
donor.lora8.rest.difference,PhysionetMI,108,-3.93939393939393,
donor.lora8.rest.difference,PhysionetMI,109,-1.60606060606059,
donor.lora8.task.nearest_gain,Cho2017,1,-5.59999999999999,
donor.lora8.task.nearest_gain,Cho2017,2,1.7999999999999998,
donor.lora8.task.nearest_gain,Cho2017,3,-1.0,
donor.lora8.task.nearest_gain,Cho2017,4,2.8000000000000003,
donor.lora8.task.nearest_gain,Cho2017,5,-2.6,
donor.lora8.task.nearest_gain,Cho2017,6,-2.1999999999999997,
donor.lora8.task.nearest_gain,Cho2017,7,1.33333333333333,
donor.lora8.task.nearest_gain,Cho2017,8,0.6,
donor.lora8.task.nearest_gain,Cho2017,9,0.66666666666667,
donor.lora8.task.nearest_gain,Cho2017,10,-3.2,
donor.lora8.task.nearest_gain,Cho2017,11,-1.99999999999999,
donor.lora8.task.nearest_gain,Cho2017,12,1.39999999999999,
donor.lora8.task.nearest_gain,Cho2017,13,-1.7999999999999998,
donor.lora8.task.nearest_gain,Cho2017,14,-1.6,
donor.lora8.task.nearest_gain,Cho2017,15,3.1999999999999895,
donor.lora8.task.nearest_gain,Cho2017,16,-1.2,
donor.lora8.task.nearest_gain,Cho2017,17,2.5999999999999903,
donor.lora8.task.nearest_gain,Cho2017,18,-7.39999999999999,
donor.lora8.task.nearest_gain,Cho2017,19,-0.4,
donor.lora8.task.nearest_gain,Cho2017,20,0.8,
donor.lora8.task.nearest_gain,Cho2017,21,6.4,
donor.lora8.task.nearest_gain,Cho2017,22,-4.0,
donor.lora8.task.nearest_gain,Cho2017,23,-0.6,
donor.lora8.task.nearest_gain,Cho2017,24,2.1999999999999997,
donor.lora8.task.nearest_gain,Cho2017,25,6.0,
donor.lora8.task.nearest_gain,Cho2017,26,0.2,
donor.lora8.task.nearest_gain,Cho2017,27,-4.99999999999999,
donor.lora8.task.nearest_gain,Cho2017,28,1.2,
donor.lora8.task.nearest_gain,Cho2017,29,1.19999999999999,
donor.lora8.task.nearest_gain,Cho2017,30,-8.599999999999989,
donor.lora8.task.nearest_gain,Cho2017,31,-11.200000000000001,
donor.lora8.task.nearest_gain,Cho2017,32,-0.39999999999999003,
donor.lora8.task.nearest_gain,Cho2017,33,-4.3999999999999995,
donor.lora8.task.nearest_gain,Cho2017,34,1.39999999999999,
donor.lora8.task.nearest_gain,Cho2017,35,7.199999999999999,
donor.lora8.task.nearest_gain,Cho2017,36,5.399999999999991,
donor.lora8.task.nearest_gain,Cho2017,37,-2.220446049250313e-15,
donor.lora8.task.nearest_gain,Cho2017,38,-3.59999999999999,
donor.lora8.task.nearest_gain,Cho2017,39,-0.8,
donor.lora8.task.nearest_gain,Cho2017,40,2.8000000000000003,
donor.lora8.task.nearest_gain,Cho2017,41,-6.999999999999989,
donor.lora8.task.nearest_gain,Cho2017,42,0.59999999999999,
donor.lora8.task.nearest_gain,Cho2017,43,0.0,
donor.lora8.task.nearest_gain,Cho2017,44,-13.59999999999999,
donor.lora8.task.nearest_gain,Cho2017,45,0.4,
donor.lora8.task.nearest_gain,Cho2017,46,4.16666666666666,
donor.lora8.task.nearest_gain,Cho2017,47,-4.0,
donor.lora8.task.nearest_gain,Cho2017,48,1.2,
donor.lora8.task.nearest_gain,Cho2017,49,-0.4,
donor.lora8.task.nearest_gain,Cho2017,50,-12.4,
donor.lora8.task.nearest_gain,Cho2017,51,0.0,
donor.lora8.task.nearest_gain,Cho2017,52,-1.7999999999999998,
donor.lora8.task.nearest_gain,Dreyer2023,1,1.1666666666666599,
donor.lora8.task.nearest_gain,Dreyer2023,2,1.5,
donor.lora8.task.nearest_gain,Dreyer2023,3,-3.16666666666666,
donor.lora8.task.nearest_gain,Dreyer2023,5,-1.33333333333333,
donor.lora8.task.nearest_gain,Dreyer2023,6,2.4999999999999902,
donor.lora8.task.nearest_gain,Dreyer2023,7,-1.66666666666666,
donor.lora8.task.nearest_gain,Dreyer2023,8,5.83333333333333,
donor.lora8.task.nearest_gain,Dreyer2023,10,-2.66666666666666,
donor.lora8.task.nearest_gain,Dreyer2023,11,-3.83333333333334,
donor.lora8.task.nearest_gain,Dreyer2023,12,-0.66666666666667,
donor.lora8.task.nearest_gain,Dreyer2023,13,-4.16666666666666,
donor.lora8.task.nearest_gain,Dreyer2023,14,-0.16666666666666,
donor.lora8.task.nearest_gain,Dreyer2023,15,-0.6666666666666601,
donor.lora8.task.nearest_gain,Dreyer2023,16,-2.33333333333333,
donor.lora8.task.nearest_gain,Dreyer2023,18,0.5,
donor.lora8.task.nearest_gain,Dreyer2023,19,-4.33333333333333,
donor.lora8.task.nearest_gain,Dreyer2023,20,2.1666666666666603,
donor.lora8.task.nearest_gain,Dreyer2023,21,-0.16666666666665,
donor.lora8.task.nearest_gain,Dreyer2023,22,-4.0,
donor.lora8.task.nearest_gain,Dreyer2023,23,0.6666666666666601,
donor.lora8.task.nearest_gain,Dreyer2023,24,-1.66666666666665,
donor.lora8.task.nearest_gain,Dreyer2023,25,0.66666666666665,
donor.lora8.task.nearest_gain,Dreyer2023,26,-7.33333333333332,
donor.lora8.task.nearest_gain,Dreyer2023,27,-2.83333333333333,
donor.lora8.task.nearest_gain,Dreyer2023,28,2.1666666666666603,
donor.lora8.task.nearest_gain,Dreyer2023,30,-0.6666666666666601,
donor.lora8.task.nearest_gain,Dreyer2023,31,-9.99999999999999,
donor.lora8.task.nearest_gain,Dreyer2023,32,0.16666666666666,
donor.lora8.task.nearest_gain,Dreyer2023,33,-0.8333333333333199,
donor.lora8.task.nearest_gain,Dreyer2023,34,4.99999999999999,
donor.lora8.task.nearest_gain,Dreyer2023,35,-5.49999999999999,
donor.lora8.task.nearest_gain,Dreyer2023,36,-4.5,
donor.lora8.task.nearest_gain,Dreyer2023,37,-0.83333333333333,
donor.lora8.task.nearest_gain,Dreyer2023,38,-5.16666666666666,
donor.lora8.task.nearest_gain,Dreyer2023,39,2.66666666666666,
donor.lora8.task.nearest_gain,Dreyer2023,40,-0.86206896551724,
donor.lora8.task.nearest_gain,Dreyer2023,42,-4.5,
donor.lora8.task.nearest_gain,Dreyer2023,43,-5.16666666666666,
donor.lora8.task.nearest_gain,Dreyer2023,44,4.5,
donor.lora8.task.nearest_gain,Dreyer2023,45,-0.99999999999999,
donor.lora8.task.nearest_gain,Dreyer2023,46,-2.99999999999999,
donor.lora8.task.nearest_gain,Dreyer2023,47,1.3333333333333202,
donor.lora8.task.nearest_gain,Dreyer2023,48,-2.66666666666666,
donor.lora8.task.nearest_gain,Dreyer2023,49,1.99999999999999,
donor.lora8.task.nearest_gain,Dreyer2023,50,-4.33333333333333,
donor.lora8.task.nearest_gain,Dreyer2023,51,-3.8333333333333304,
donor.lora8.task.nearest_gain,Dreyer2023,52,0.16666666666666,
donor.lora8.task.nearest_gain,Dreyer2023,53,0.33333333333333004,
donor.lora8.task.nearest_gain,Dreyer2023,54,-4.333333333333321,
donor.lora8.task.nearest_gain,Dreyer2023,55,-4.8333333333333295,
donor.lora8.task.nearest_gain,Dreyer2023,56,-4.8333333333333295,
donor.lora8.task.nearest_gain,Dreyer2023,57,1.33333333333333,
donor.lora8.task.nearest_gain,Dreyer2023,58,-0.99999999999999,
donor.lora8.task.nearest_gain,Dreyer2023,59,-5.5,
donor.lora8.task.nearest_gain,Dreyer2023,60,0.99999999999999,
donor.lora8.task.nearest_gain,Dreyer2023,61,2.33333333333333,
donor.lora8.task.nearest_gain,Dreyer2023,62,8.166666666666659,
donor.lora8.task.nearest_gain,Dreyer2023,63,-0.83333333333333,
donor.lora8.task.nearest_gain,Dreyer2023,64,1.49999999999999,
donor.lora8.task.nearest_gain,Dreyer2023,65,-5.49999999999999,
donor.lora8.task.nearest_gain,Dreyer2023,66,-0.16666666666667,
donor.lora8.task.nearest_gain,Dreyer2023,67,1.83333333333333,
donor.lora8.task.nearest_gain,Dreyer2023,68,0.6666666666666601,
donor.lora8.task.nearest_gain,Dreyer2023,69,-1.83333333333333,
donor.lora8.task.nearest_gain,Dreyer2023,70,-2.1666666666666603,
donor.lora8.task.nearest_gain,Dreyer2023,71,-7.33333333333333,
donor.lora8.task.nearest_gain,Dreyer2023,72,-4.8333333333333295,
donor.lora8.task.nearest_gain,Dreyer2023,73,-3.33333333333333,
donor.lora8.task.nearest_gain,Dreyer2023,74,0.83333333333333,
donor.lora8.task.nearest_gain,Dreyer2023,75,-2.33333333333333,
donor.lora8.task.nearest_gain,Dreyer2023,76,3.16666666666666,
donor.lora8.task.nearest_gain,Dreyer2023,77,-1.49999999999999,
donor.lora8.task.nearest_gain,Dreyer2023,80,2.33333333333333,
donor.lora8.task.nearest_gain,Dreyer2023,81,-2.66666666666666,
donor.lora8.task.nearest_gain,Dreyer2023,82,-3.8333333333333304,
donor.lora8.task.nearest_gain,Dreyer2023,83,-1.83333333333333,
donor.lora8.task.nearest_gain,Dreyer2023,84,-1.83333333333333,
donor.lora8.task.nearest_gain,Dreyer2023,85,-1.33333333333333,
donor.lora8.task.nearest_gain,Dreyer2023,86,2.83333333333333,
donor.lora8.task.nearest_gain,Dreyer2023,87,3.16666666666666,
donor.lora8.task.nearest_gain,PhysionetMI,1,-5.833333333333321,
donor.lora8.task.nearest_gain,PhysionetMI,2,0.99999999999999,
donor.lora8.task.nearest_gain,PhysionetMI,3,-2.5,
donor.lora8.task.nearest_gain,PhysionetMI,4,2.57575757575757,
donor.lora8.task.nearest_gain,PhysionetMI,5,5.75757575757576,
donor.lora8.task.nearest_gain,PhysionetMI,6,0.6060606060606,
donor.lora8.task.nearest_gain,PhysionetMI,7,-2.80303030303029,
donor.lora8.task.nearest_gain,PhysionetMI,8,-3.4090909090909,
donor.lora8.task.nearest_gain,PhysionetMI,9,-8.76923076923076,
donor.lora8.task.nearest_gain,PhysionetMI,10,-5.38461538461538,
donor.lora8.task.nearest_gain,PhysionetMI,11,1.96969696969697,
donor.lora8.task.nearest_gain,PhysionetMI,12,-1.66666666666666,
donor.lora8.task.nearest_gain,PhysionetMI,13,-9.31818181818181,
donor.lora8.task.nearest_gain,PhysionetMI,14,-12.95454545454545,
donor.lora8.task.nearest_gain,PhysionetMI,15,1.53846153846153,
donor.lora8.task.nearest_gain,PhysionetMI,16,3.78787878787879,
donor.lora8.task.nearest_gain,PhysionetMI,17,1.0606060606060599,
donor.lora8.task.nearest_gain,PhysionetMI,18,-2.57575757575757,
donor.lora8.task.nearest_gain,PhysionetMI,19,-0.9848484848484799,
donor.lora8.task.nearest_gain,PhysionetMI,20,2.57575757575757,
donor.lora8.task.nearest_gain,PhysionetMI,21,2.8030303030303,
donor.lora8.task.nearest_gain,PhysionetMI,22,0.9090909090909001,
donor.lora8.task.nearest_gain,PhysionetMI,23,-0.53846153846154,
donor.lora8.task.nearest_gain,PhysionetMI,24,0.90909090909091,
donor.lora8.task.nearest_gain,PhysionetMI,25,-3.18181818181818,
donor.lora8.task.nearest_gain,PhysionetMI,26,-0.30769230769231,
donor.lora8.task.nearest_gain,PhysionetMI,27,-2.04545454545454,
donor.lora8.task.nearest_gain,PhysionetMI,28,3.63636363636363,
donor.lora8.task.nearest_gain,PhysionetMI,29,1.8181818181818101,
donor.lora8.task.nearest_gain,PhysionetMI,30,4.440892098500626e-15,
donor.lora8.task.nearest_gain,PhysionetMI,31,2.87878787878787,
donor.lora8.task.nearest_gain,PhysionetMI,32,2.23076923076923,
donor.lora8.task.nearest_gain,PhysionetMI,33,-3.1060606060606,
donor.lora8.task.nearest_gain,PhysionetMI,34,-8.84615384615384,
donor.lora8.task.nearest_gain,PhysionetMI,35,-5.37878787878787,
donor.lora8.task.nearest_gain,PhysionetMI,36,-2.65151515151515,
donor.lora8.task.nearest_gain,PhysionetMI,37,2.5,
donor.lora8.task.nearest_gain,PhysionetMI,38,-7.95454545454546,
donor.lora8.task.nearest_gain,PhysionetMI,39,-2.65151515151515,
donor.lora8.task.nearest_gain,PhysionetMI,40,-4.54545454545454,
donor.lora8.task.nearest_gain,PhysionetMI,41,0.76923076923076,
donor.lora8.task.nearest_gain,PhysionetMI,42,-4.92424242424242,
donor.lora8.task.nearest_gain,PhysionetMI,43,-4.3181818181818095,
donor.lora8.task.nearest_gain,PhysionetMI,44,3.63636363636364,
donor.lora8.task.nearest_gain,PhysionetMI,45,0.75757575757575,
donor.lora8.task.nearest_gain,PhysionetMI,46,3.2575757575757502,
donor.lora8.task.nearest_gain,PhysionetMI,47,-3.1060606060606,
donor.lora8.task.nearest_gain,PhysionetMI,48,-0.9090909090909001,
donor.lora8.task.nearest_gain,PhysionetMI,49,0.07575757575757,
donor.lora8.task.nearest_gain,PhysionetMI,50,8.030303030303031,
donor.lora8.task.nearest_gain,PhysionetMI,51,-7.49999999999999,
donor.lora8.task.nearest_gain,PhysionetMI,52,-5.38461538461538,
donor.lora8.task.nearest_gain,PhysionetMI,53,-3.40909090909091,
donor.lora8.task.nearest_gain,PhysionetMI,54,0.83333333333333,
donor.lora8.task.nearest_gain,PhysionetMI,55,1.06060606060605,
donor.lora8.task.nearest_gain,PhysionetMI,56,1.21212121212121,
donor.lora8.task.nearest_gain,PhysionetMI,57,1.66666666666665,
donor.lora8.task.nearest_gain,PhysionetMI,58,4.38461538461538,
donor.lora8.task.nearest_gain,PhysionetMI,59,-3.56060606060606,
donor.lora8.task.nearest_gain,PhysionetMI,60,-5.92307692307692,
donor.lora8.task.nearest_gain,PhysionetMI,61,0.9090909090909001,
donor.lora8.task.nearest_gain,PhysionetMI,62,-6.66666666666665,
donor.lora8.task.nearest_gain,PhysionetMI,63,3.33333333333333,
donor.lora8.task.nearest_gain,PhysionetMI,64,-0.68181818181818,
donor.lora8.task.nearest_gain,PhysionetMI,65,-5.833333333333321,
donor.lora8.task.nearest_gain,PhysionetMI,66,-1.21212121212121,
donor.lora8.task.nearest_gain,PhysionetMI,67,4.77272727272727,
donor.lora8.task.nearest_gain,PhysionetMI,68,-2.19696969696969,
donor.lora8.task.nearest_gain,PhysionetMI,69,3.76923076923077,
donor.lora8.task.nearest_gain,PhysionetMI,70,-1.8939393939393898,
donor.lora8.task.nearest_gain,PhysionetMI,71,2.57575757575757,
donor.lora8.task.nearest_gain,PhysionetMI,72,-0.83333333333333,
donor.lora8.task.nearest_gain,PhysionetMI,73,-6.66666666666666,
donor.lora8.task.nearest_gain,PhysionetMI,74,-3.33333333333333,
donor.lora8.task.nearest_gain,PhysionetMI,75,-2.04545454545454,
donor.lora8.task.nearest_gain,PhysionetMI,76,5.37878787878787,
donor.lora8.task.nearest_gain,PhysionetMI,77,1.8939393939393898,
donor.lora8.task.nearest_gain,PhysionetMI,78,-3.2575757575757502,
donor.lora8.task.nearest_gain,PhysionetMI,79,1.7424242424242402,
donor.lora8.task.nearest_gain,PhysionetMI,80,-10.61538461538461,
donor.lora8.task.nearest_gain,PhysionetMI,81,4.440892098500626e-15,
donor.lora8.task.nearest_gain,PhysionetMI,82,6.8181818181818095,
donor.lora8.task.nearest_gain,PhysionetMI,83,0.15384615384615,
donor.lora8.task.nearest_gain,PhysionetMI,84,-1.06060606060605,
donor.lora8.task.nearest_gain,PhysionetMI,85,-4.77272727272727,
donor.lora8.task.nearest_gain,PhysionetMI,86,-2.3076923076923,
donor.lora8.task.nearest_gain,PhysionetMI,87,3.93939393939394,
donor.lora8.task.nearest_gain,PhysionetMI,90,-6.13636363636364,
donor.lora8.task.nearest_gain,PhysionetMI,91,-0.68181818181816,
donor.lora8.task.nearest_gain,PhysionetMI,93,-0.15151515151515,
donor.lora8.task.nearest_gain,PhysionetMI,94,0.90909090909091,
donor.lora8.task.nearest_gain,PhysionetMI,95,3.4615384615384603,
donor.lora8.task.nearest_gain,PhysionetMI,96,-0.8333333333333199,
donor.lora8.task.nearest_gain,PhysionetMI,97,4.621212121212119,
donor.lora8.task.nearest_gain,PhysionetMI,98,-2.57575757575757,
donor.lora8.task.nearest_gain,PhysionetMI,99,0.68181818181818,
donor.lora8.task.nearest_gain,PhysionetMI,101,3.61538461538461,
donor.lora8.task.nearest_gain,PhysionetMI,102,-1.36363636363636,
donor.lora8.task.nearest_gain,PhysionetMI,103,0.0,
donor.lora8.task.nearest_gain,PhysionetMI,105,3.4848484848484804,
donor.lora8.task.nearest_gain,PhysionetMI,107,-1.28787878787878,
donor.lora8.task.nearest_gain,PhysionetMI,108,-3.33333333333333,
donor.lora8.task.nearest_gain,PhysionetMI,109,-4.2424242424242395,
donor.lora8.task.random_gain,Cho2017,1,-6.12,
donor.lora8.task.random_gain,Cho2017,2,-0.33999999999999997,
donor.lora8.task.random_gain,Cho2017,3,4.71999999999999,
donor.lora8.task.random_gain,Cho2017,4,-4.33999999999999,
donor.lora8.task.random_gain,Cho2017,5,-1.66,
donor.lora8.task.random_gain,Cho2017,6,-2.4,
donor.lora8.task.random_gain,Cho2017,7,0.48333333333332995,
donor.lora8.task.random_gain,Cho2017,8,-1.47999999999999,
donor.lora8.task.random_gain,Cho2017,9,1.1666666666666599,
donor.lora8.task.random_gain,Cho2017,10,-3.61999999999999,
donor.lora8.task.random_gain,Cho2017,11,-3.03999999999999,
donor.lora8.task.random_gain,Cho2017,12,-2.01999999999999,
donor.lora8.task.random_gain,Cho2017,13,-5.1,
donor.lora8.task.random_gain,Cho2017,14,0.02,
donor.lora8.task.random_gain,Cho2017,15,1.07999999999999,
donor.lora8.task.random_gain,Cho2017,16,-2.0,
donor.lora8.task.random_gain,Cho2017,17,-1.4399999999999902,
donor.lora8.task.random_gain,Cho2017,18,-2.99999999999999,
donor.lora8.task.random_gain,Cho2017,19,0.74,
donor.lora8.task.random_gain,Cho2017,20,-4.69999999999999,
donor.lora8.task.random_gain,Cho2017,21,1.34,
donor.lora8.task.random_gain,Cho2017,22,-2.1,
donor.lora8.task.random_gain,Cho2017,23,-1.7399999999999902,
donor.lora8.task.random_gain,Cho2017,24,0.84,
donor.lora8.task.random_gain,Cho2017,25,2.34,
donor.lora8.task.random_gain,Cho2017,26,0.0,
donor.lora8.task.random_gain,Cho2017,27,-1.9800000000000002,
donor.lora8.task.random_gain,Cho2017,28,-1.8399999999999999,
donor.lora8.task.random_gain,Cho2017,29,-0.8399999999999901,
donor.lora8.task.random_gain,Cho2017,30,-7.139999999999989,
donor.lora8.task.random_gain,Cho2017,31,-6.259999999999991,
donor.lora8.task.random_gain,Cho2017,32,0.13999999999999999,
donor.lora8.task.random_gain,Cho2017,33,-2.48,
donor.lora8.task.random_gain,Cho2017,34,-0.36,
donor.lora8.task.random_gain,Cho2017,35,-3.16,
donor.lora8.task.random_gain,Cho2017,36,3.2800000000000002,
donor.lora8.task.random_gain,Cho2017,37,-0.8,
donor.lora8.task.random_gain,Cho2017,38,-2.53999999999999,
donor.lora8.task.random_gain,Cho2017,39,1.65999999999999,
donor.lora8.task.random_gain,Cho2017,40,0.54,
donor.lora8.task.random_gain,Cho2017,41,-3.47999999999999,
donor.lora8.task.random_gain,Cho2017,42,-0.8,
donor.lora8.task.random_gain,Cho2017,43,-0.04,
donor.lora8.task.random_gain,Cho2017,44,-1.19999999999999,
donor.lora8.task.random_gain,Cho2017,45,0.67999999999999,
donor.lora8.task.random_gain,Cho2017,46,3.9333333333333296,
donor.lora8.task.random_gain,Cho2017,47,-1.8399999999999999,
donor.lora8.task.random_gain,Cho2017,48,-2.85999999999999,
donor.lora8.task.random_gain,Cho2017,49,-0.88,
donor.lora8.task.random_gain,Cho2017,50,-6.5600000000000005,
donor.lora8.task.random_gain,Cho2017,51,0.81999999999999,
donor.lora8.task.random_gain,Cho2017,52,-1.1400000000000001,
donor.lora8.task.random_gain,Dreyer2023,1,-1.03333333333332,
donor.lora8.task.random_gain,Dreyer2023,2,-1.6,
donor.lora8.task.random_gain,Dreyer2023,3,-4.26666666666667,
donor.lora8.task.random_gain,Dreyer2023,5,-2.06666666666667,
donor.lora8.task.random_gain,Dreyer2023,6,1.03333333333332,
donor.lora8.task.random_gain,Dreyer2023,7,-2.4833333333333303,
donor.lora8.task.random_gain,Dreyer2023,8,2.18333333333333,
donor.lora8.task.random_gain,Dreyer2023,10,-1.48333333333333,
donor.lora8.task.random_gain,Dreyer2023,11,-1.31666666666667,
donor.lora8.task.random_gain,Dreyer2023,12,-0.64999999999999,
donor.lora8.task.random_gain,Dreyer2023,13,0.29999999999999,
donor.lora8.task.random_gain,Dreyer2023,14,-0.7833333333333199,
donor.lora8.task.random_gain,Dreyer2023,15,-0.73333333333332,
donor.lora8.task.random_gain,Dreyer2023,16,-3.25,
donor.lora8.task.random_gain,Dreyer2023,18,-0.7666666666666601,
donor.lora8.task.random_gain,Dreyer2023,19,-2.86666666666666,
donor.lora8.task.random_gain,Dreyer2023,20,-2.43333333333332,
donor.lora8.task.random_gain,Dreyer2023,21,-1.8666666666666598,
donor.lora8.task.random_gain,Dreyer2023,22,-5.38333333333333,
donor.lora8.task.random_gain,Dreyer2023,23,-1.99999999999999,
donor.lora8.task.random_gain,Dreyer2023,24,-2.88333333333333,
donor.lora8.task.random_gain,Dreyer2023,25,1.18333333333333,
donor.lora8.task.random_gain,Dreyer2023,26,-3.4166666666666603,
donor.lora8.task.random_gain,Dreyer2023,27,-2.71666666666666,
donor.lora8.task.random_gain,Dreyer2023,28,0.7666666666666601,
donor.lora8.task.random_gain,Dreyer2023,30,0.83333333333333,
donor.lora8.task.random_gain,Dreyer2023,31,-3.71666666666665,
donor.lora8.task.random_gain,Dreyer2023,32,-1.4000000000000001,
donor.lora8.task.random_gain,Dreyer2023,33,-2.33333333333333,
donor.lora8.task.random_gain,Dreyer2023,34,1.1666666666666599,
donor.lora8.task.random_gain,Dreyer2023,35,-3.4166666666666603,
donor.lora8.task.random_gain,Dreyer2023,36,-1.43333333333333,
donor.lora8.task.random_gain,Dreyer2023,37,-4.0,
donor.lora8.task.random_gain,Dreyer2023,38,-4.16666666666666,
donor.lora8.task.random_gain,Dreyer2023,39,1.60000000000001,
donor.lora8.task.random_gain,Dreyer2023,40,-3.8103448275861997,
donor.lora8.task.random_gain,Dreyer2023,42,-6.9,
donor.lora8.task.random_gain,Dreyer2023,43,-0.68333333333332,
donor.lora8.task.random_gain,Dreyer2023,44,0.53333333333333,
donor.lora8.task.random_gain,Dreyer2023,45,2.66666666666667,
donor.lora8.task.random_gain,Dreyer2023,46,-2.44999999999999,
donor.lora8.task.random_gain,Dreyer2023,47,-3.1999999999999895,
donor.lora8.task.random_gain,Dreyer2023,48,-1.41666666666666,
donor.lora8.task.random_gain,Dreyer2023,49,-2.71666666666666,
donor.lora8.task.random_gain,Dreyer2023,50,-2.8000000000000003,
donor.lora8.task.random_gain,Dreyer2023,51,-0.6666666666666601,
donor.lora8.task.random_gain,Dreyer2023,52,-1.4500000000000002,
donor.lora8.task.random_gain,Dreyer2023,53,-0.9666666666666599,
donor.lora8.task.random_gain,Dreyer2023,54,-1.94999999999999,
donor.lora8.task.random_gain,Dreyer2023,55,-1.73333333333332,
donor.lora8.task.random_gain,Dreyer2023,56,-2.73333333333333,
donor.lora8.task.random_gain,Dreyer2023,57,1.23333333333333,
donor.lora8.task.random_gain,Dreyer2023,58,-1.23333333333333,
donor.lora8.task.random_gain,Dreyer2023,59,-3.65,
donor.lora8.task.random_gain,Dreyer2023,60,-2.65,
donor.lora8.task.random_gain,Dreyer2023,61,-0.36666666666666,
donor.lora8.task.random_gain,Dreyer2023,62,-0.19999999999999,
donor.lora8.task.random_gain,Dreyer2023,63,-1.83333333333333,
donor.lora8.task.random_gain,Dreyer2023,64,2.28333333333333,
donor.lora8.task.random_gain,Dreyer2023,65,-2.4833333333333303,
donor.lora8.task.random_gain,Dreyer2023,66,-2.06666666666667,
donor.lora8.task.random_gain,Dreyer2023,67,-1.7000000000000002,
donor.lora8.task.random_gain,Dreyer2023,68,-3.23333333333333,
donor.lora8.task.random_gain,Dreyer2023,69,-1.7666666666666602,
donor.lora8.task.random_gain,Dreyer2023,70,-2.73333333333333,
donor.lora8.task.random_gain,Dreyer2023,71,-5.11666666666667,
donor.lora8.task.random_gain,Dreyer2023,72,-1.28333333333333,
donor.lora8.task.random_gain,Dreyer2023,73,-1.0,
donor.lora8.task.random_gain,Dreyer2023,74,-2.11666666666666,
donor.lora8.task.random_gain,Dreyer2023,75,-1.8166666666666598,
donor.lora8.task.random_gain,Dreyer2023,76,-0.18333333333333,
donor.lora8.task.random_gain,Dreyer2023,77,-2.53333333333333,
donor.lora8.task.random_gain,Dreyer2023,80,-3.11666666666666,
donor.lora8.task.random_gain,Dreyer2023,81,-4.66666666666667,
donor.lora8.task.random_gain,Dreyer2023,82,-3.9499999999999904,
donor.lora8.task.random_gain,Dreyer2023,83,-0.43333333333333,
donor.lora8.task.random_gain,Dreyer2023,84,-3.59999999999999,
donor.lora8.task.random_gain,Dreyer2023,85,-1.0166666666666702,
donor.lora8.task.random_gain,Dreyer2023,86,-1.21666666666666,
donor.lora8.task.random_gain,Dreyer2023,87,2.41666666666666,
donor.lora8.task.random_gain,PhysionetMI,1,-2.5984848484848397,
donor.lora8.task.random_gain,PhysionetMI,2,-1.81538461538462,
donor.lora8.task.random_gain,PhysionetMI,3,-1.8560606060606,
donor.lora8.task.random_gain,PhysionetMI,4,-0.060606060606050005,
donor.lora8.task.random_gain,PhysionetMI,5,-0.81060606060605,
donor.lora8.task.random_gain,PhysionetMI,6,-3.4318181818181803,
donor.lora8.task.random_gain,PhysionetMI,7,0.5,
donor.lora8.task.random_gain,PhysionetMI,8,-0.9545454545454499,
donor.lora8.task.random_gain,PhysionetMI,9,-4.30769230769231,
donor.lora8.task.random_gain,PhysionetMI,10,0.93076923076923,
donor.lora8.task.random_gain,PhysionetMI,11,0.5303030303030299,
donor.lora8.task.random_gain,PhysionetMI,12,-1.78030303030303,
donor.lora8.task.random_gain,PhysionetMI,13,-3.58333333333333,
donor.lora8.task.random_gain,PhysionetMI,14,-2.75,
donor.lora8.task.random_gain,PhysionetMI,15,2.0538461538461497,
donor.lora8.task.random_gain,PhysionetMI,16,-0.59848484848485,
donor.lora8.task.random_gain,PhysionetMI,17,3.34848484848485,
donor.lora8.task.random_gain,PhysionetMI,18,-1.06818181818181,
donor.lora8.task.random_gain,PhysionetMI,19,-4.98484848484848,
donor.lora8.task.random_gain,PhysionetMI,20,-0.26515151515151003,
donor.lora8.task.random_gain,PhysionetMI,21,0.18181818181818,
donor.lora8.task.random_gain,PhysionetMI,22,-2.28787878787878,
donor.lora8.task.random_gain,PhysionetMI,23,-1.19230769230768,
donor.lora8.task.random_gain,PhysionetMI,24,-1.96212121212121,
donor.lora8.task.random_gain,PhysionetMI,25,-2.93181818181818,
donor.lora8.task.random_gain,PhysionetMI,26,-1.97692307692308,
donor.lora8.task.random_gain,PhysionetMI,27,-1.37121212121211,
donor.lora8.task.random_gain,PhysionetMI,28,0.17424242424242,
donor.lora8.task.random_gain,PhysionetMI,29,-0.74999999999999,
donor.lora8.task.random_gain,PhysionetMI,30,1.43939393939393,
donor.lora8.task.random_gain,PhysionetMI,31,-0.8106060606060599,
donor.lora8.task.random_gain,PhysionetMI,32,-1.33846153846154,
donor.lora8.task.random_gain,PhysionetMI,33,0.31818181818181,
donor.lora8.task.random_gain,PhysionetMI,34,-4.192307692307691,
donor.lora8.task.random_gain,PhysionetMI,35,-2.16666666666667,
donor.lora8.task.random_gain,PhysionetMI,36,-2.3030303030303,
donor.lora8.task.random_gain,PhysionetMI,37,2.92424242424242,
donor.lora8.task.random_gain,PhysionetMI,38,-4.47727272727273,
donor.lora8.task.random_gain,PhysionetMI,39,-0.59848484848485,
donor.lora8.task.random_gain,PhysionetMI,40,-5.12121212121212,
donor.lora8.task.random_gain,PhysionetMI,41,-2.23076923076923,
donor.lora8.task.random_gain,PhysionetMI,42,-1.20454545454545,
donor.lora8.task.random_gain,PhysionetMI,43,-1.7121212121212,
donor.lora8.task.random_gain,PhysionetMI,44,3.41666666666667,
donor.lora8.task.random_gain,PhysionetMI,45,-0.37121212121211,
donor.lora8.task.random_gain,PhysionetMI,46,0.96969696969696,
donor.lora8.task.random_gain,PhysionetMI,47,-0.07575757575756001,
donor.lora8.task.random_gain,PhysionetMI,48,-0.59090909090909,
donor.lora8.task.random_gain,PhysionetMI,49,0.25,
donor.lora8.task.random_gain,PhysionetMI,50,0.84090909090909,
donor.lora8.task.random_gain,PhysionetMI,51,-2.33333333333333,
donor.lora8.task.random_gain,PhysionetMI,52,-2.6153846153846203,
donor.lora8.task.random_gain,PhysionetMI,53,-2.18939393939392,
donor.lora8.task.random_gain,PhysionetMI,54,-0.8257575757575699,
donor.lora8.task.random_gain,PhysionetMI,55,-1.37878787878788,
donor.lora8.task.random_gain,PhysionetMI,56,-1.7651515151515098,
donor.lora8.task.random_gain,PhysionetMI,57,-0.67424242424241,
donor.lora8.task.random_gain,PhysionetMI,58,-0.86923076923076,
donor.lora8.task.random_gain,PhysionetMI,59,-4.37878787878788,
donor.lora8.task.random_gain,PhysionetMI,60,-3.1384615384615397,
donor.lora8.task.random_gain,PhysionetMI,61,-0.49999999999999,
donor.lora8.task.random_gain,PhysionetMI,62,-3.3409090909090797,
donor.lora8.task.random_gain,PhysionetMI,63,-2.15909090909091,
donor.lora8.task.random_gain,PhysionetMI,64,1.81818181818182,
donor.lora8.task.random_gain,PhysionetMI,65,-2.17424242424242,
donor.lora8.task.random_gain,PhysionetMI,66,3.31818181818181,
donor.lora8.task.random_gain,PhysionetMI,67,-0.42424242424242004,
donor.lora8.task.random_gain,PhysionetMI,68,-3.40909090909091,
donor.lora8.task.random_gain,PhysionetMI,69,0.74615384615385,
donor.lora8.task.random_gain,PhysionetMI,70,0.43939393939393995,
donor.lora8.task.random_gain,PhysionetMI,71,1.14393939393939,
donor.lora8.task.random_gain,PhysionetMI,72,-1.40151515151514,
donor.lora8.task.random_gain,PhysionetMI,73,-1.99999999999999,
donor.lora8.task.random_gain,PhysionetMI,74,-1.6212121212121198,
donor.lora8.task.random_gain,PhysionetMI,75,-0.1060606060606,
donor.lora8.task.random_gain,PhysionetMI,76,2.6515151515151403,
donor.lora8.task.random_gain,PhysionetMI,77,1.84848484848485,
donor.lora8.task.random_gain,PhysionetMI,78,-3.89393939393939,
donor.lora8.task.random_gain,PhysionetMI,79,0.57575757575757,
donor.lora8.task.random_gain,PhysionetMI,80,1.93076923076922,
donor.lora8.task.random_gain,PhysionetMI,81,-1.5,
donor.lora8.task.random_gain,PhysionetMI,82,3.21969696969697,
donor.lora8.task.random_gain,PhysionetMI,83,-0.8076923076923,
donor.lora8.task.random_gain,PhysionetMI,84,-0.030303030303019996,
donor.lora8.task.random_gain,PhysionetMI,85,-0.17424242424242,
donor.lora8.task.random_gain,PhysionetMI,86,-1.26923076923076,
donor.lora8.task.random_gain,PhysionetMI,87,-4.05303030303029,
donor.lora8.task.random_gain,PhysionetMI,90,-1.87121212121212,
donor.lora8.task.random_gain,PhysionetMI,91,-4.17424242424242,
donor.lora8.task.random_gain,PhysionetMI,93,1.7727272727272698,
donor.lora8.task.random_gain,PhysionetMI,94,1.5303030303030298,
donor.lora8.task.random_gain,PhysionetMI,95,0.32307692307691,
donor.lora8.task.random_gain,PhysionetMI,96,-1.24999999999999,
donor.lora8.task.random_gain,PhysionetMI,97,2.87121212121213,
donor.lora8.task.random_gain,PhysionetMI,98,1.4545454545454501,
donor.lora8.task.random_gain,PhysionetMI,99,1.33333333333333,
donor.lora8.task.random_gain,PhysionetMI,101,-2.79999999999999,
donor.lora8.task.random_gain,PhysionetMI,102,-3.47727272727273,
donor.lora8.task.random_gain,PhysionetMI,103,-0.69696969696969,
donor.lora8.task.random_gain,PhysionetMI,105,2.1060606060605997,
donor.lora8.task.random_gain,PhysionetMI,107,-5.39393939393939,
donor.lora8.task.random_gain,PhysionetMI,108,0.60606060606061,
donor.lora8.task.random_gain,PhysionetMI,109,-3.31818181818182,
donor.lora8.task.difference,Cho2017,1,0.52,
donor.lora8.task.difference,Cho2017,2,2.13999999999999,
donor.lora8.task.difference,Cho2017,3,-5.71999999999999,
donor.lora8.task.difference,Cho2017,4,7.139999999999989,
donor.lora8.task.difference,Cho2017,5,-0.9400000000000001,
donor.lora8.task.difference,Cho2017,6,0.2,
donor.lora8.task.difference,Cho2017,7,0.8500000000000001,
donor.lora8.task.difference,Cho2017,8,2.08,
donor.lora8.task.difference,Cho2017,9,-0.49999999999999,
donor.lora8.task.difference,Cho2017,10,0.41999999999999,
donor.lora8.task.difference,Cho2017,11,1.04,
donor.lora8.task.difference,Cho2017,12,3.4199999999999897,
donor.lora8.task.difference,Cho2017,13,3.2999999999999896,
donor.lora8.task.difference,Cho2017,14,-1.6199999999999999,
donor.lora8.task.difference,Cho2017,15,2.12,
donor.lora8.task.difference,Cho2017,16,0.7999999999999899,
donor.lora8.task.difference,Cho2017,17,4.03999999999999,
donor.lora8.task.difference,Cho2017,18,-4.39999999999999,
donor.lora8.task.difference,Cho2017,19,-1.1400000000000001,
donor.lora8.task.difference,Cho2017,20,5.49999999999999,
donor.lora8.task.difference,Cho2017,21,5.05999999999999,
donor.lora8.task.difference,Cho2017,22,-1.89999999999999,
donor.lora8.task.difference,Cho2017,23,1.13999999999999,
donor.lora8.task.difference,Cho2017,24,1.3599999999999999,
donor.lora8.task.difference,Cho2017,25,3.6599999999999904,
donor.lora8.task.difference,Cho2017,26,0.2,
donor.lora8.task.difference,Cho2017,27,-3.0199999999999902,
donor.lora8.task.difference,Cho2017,28,3.04,
donor.lora8.task.difference,Cho2017,29,2.0399999999999903,
donor.lora8.task.difference,Cho2017,30,-1.45999999999999,
donor.lora8.task.difference,Cho2017,31,-4.939999999999991,
donor.lora8.task.difference,Cho2017,32,-0.54,
donor.lora8.task.difference,Cho2017,33,-1.9199999999999902,
donor.lora8.task.difference,Cho2017,34,1.75999999999999,
donor.lora8.task.difference,Cho2017,35,10.36,
donor.lora8.task.difference,Cho2017,36,2.11999999999999,
donor.lora8.task.difference,Cho2017,37,0.7999999999999899,
donor.lora8.task.difference,Cho2017,38,-1.06,
donor.lora8.task.difference,Cho2017,39,-2.45999999999999,
donor.lora8.task.difference,Cho2017,40,2.25999999999999,
donor.lora8.task.difference,Cho2017,41,-3.51999999999999,
donor.lora8.task.difference,Cho2017,42,1.4000000000000001,
donor.lora8.task.difference,Cho2017,43,0.04,
donor.lora8.task.difference,Cho2017,44,-12.4,
donor.lora8.task.difference,Cho2017,45,-0.27999999999999,
donor.lora8.task.difference,Cho2017,46,0.23333333333333,
donor.lora8.task.difference,Cho2017,47,-2.15999999999999,
donor.lora8.task.difference,Cho2017,48,4.05999999999999,
donor.lora8.task.difference,Cho2017,49,0.48,
donor.lora8.task.difference,Cho2017,50,-5.83999999999999,
donor.lora8.task.difference,Cho2017,51,-0.81999999999999,
donor.lora8.task.difference,Cho2017,52,-0.65999999999999,
donor.lora8.task.difference,Dreyer2023,1,2.19999999999998,
donor.lora8.task.difference,Dreyer2023,2,3.09999999999999,
donor.lora8.task.difference,Dreyer2023,3,1.0999999999999999,
donor.lora8.task.difference,Dreyer2023,5,0.7333333333333301,
donor.lora8.task.difference,Dreyer2023,6,1.46666666666667,
donor.lora8.task.difference,Dreyer2023,7,0.81666666666666,
donor.lora8.task.difference,Dreyer2023,8,3.64999999999999,
donor.lora8.task.difference,Dreyer2023,10,-1.18333333333333,
donor.lora8.task.difference,Dreyer2023,11,-2.51666666666666,
donor.lora8.task.difference,Dreyer2023,12,-0.01666666666666,
donor.lora8.task.difference,Dreyer2023,13,-4.46666666666665,
donor.lora8.task.difference,Dreyer2023,14,0.61666666666666,
donor.lora8.task.difference,Dreyer2023,15,0.06666666666665,
donor.lora8.task.difference,Dreyer2023,16,0.9166666666666601,
donor.lora8.task.difference,Dreyer2023,18,1.26666666666666,
donor.lora8.task.difference,Dreyer2023,19,-1.4666666666666601,
donor.lora8.task.difference,Dreyer2023,20,4.59999999999999,
donor.lora8.task.difference,Dreyer2023,21,1.7000000000000002,
donor.lora8.task.difference,Dreyer2023,22,1.38333333333333,
donor.lora8.task.difference,Dreyer2023,23,2.66666666666666,
donor.lora8.task.difference,Dreyer2023,24,1.21666666666666,
donor.lora8.task.difference,Dreyer2023,25,-0.5166666666666699,
donor.lora8.task.difference,Dreyer2023,26,-3.91666666666665,
donor.lora8.task.difference,Dreyer2023,27,-0.11666666666666,
donor.lora8.task.difference,Dreyer2023,28,1.39999999999999,
donor.lora8.task.difference,Dreyer2023,30,-1.5,
donor.lora8.task.difference,Dreyer2023,31,-6.28333333333333,
donor.lora8.task.difference,Dreyer2023,32,1.56666666666666,
donor.lora8.task.difference,Dreyer2023,33,1.49999999999999,
donor.lora8.task.difference,Dreyer2023,34,3.8333333333333197,
donor.lora8.task.difference,Dreyer2023,35,-2.08333333333333,
donor.lora8.task.difference,Dreyer2023,36,-3.0666666666666598,
donor.lora8.task.difference,Dreyer2023,37,3.16666666666666,
donor.lora8.task.difference,Dreyer2023,38,-1.0,
donor.lora8.task.difference,Dreyer2023,39,1.06666666666665,
donor.lora8.task.difference,Dreyer2023,40,2.94827586206895,
donor.lora8.task.difference,Dreyer2023,42,2.39999999999999,
donor.lora8.task.difference,Dreyer2023,43,-4.48333333333333,
donor.lora8.task.difference,Dreyer2023,44,3.96666666666666,
donor.lora8.task.difference,Dreyer2023,45,-3.66666666666666,
donor.lora8.task.difference,Dreyer2023,46,-0.5499999999999999,
donor.lora8.task.difference,Dreyer2023,47,4.53333333333332,
donor.lora8.task.difference,Dreyer2023,48,-1.25,
donor.lora8.task.difference,Dreyer2023,49,4.71666666666666,
donor.lora8.task.difference,Dreyer2023,50,-1.5333333333333201,
donor.lora8.task.difference,Dreyer2023,51,-3.1666666666666696,
donor.lora8.task.difference,Dreyer2023,52,1.61666666666666,
donor.lora8.task.difference,Dreyer2023,53,1.3,
donor.lora8.task.difference,Dreyer2023,54,-2.38333333333332,
donor.lora8.task.difference,Dreyer2023,55,-3.1,
donor.lora8.task.difference,Dreyer2023,56,-2.1,
donor.lora8.task.difference,Dreyer2023,57,0.09999999999999,
donor.lora8.task.difference,Dreyer2023,58,0.23333333333332,
donor.lora8.task.difference,Dreyer2023,59,-1.8499999999999899,
donor.lora8.task.difference,Dreyer2023,60,3.64999999999999,
donor.lora8.task.difference,Dreyer2023,61,2.69999999999999,
donor.lora8.task.difference,Dreyer2023,62,8.36666666666665,
donor.lora8.task.difference,Dreyer2023,63,1.0,
donor.lora8.task.difference,Dreyer2023,64,-0.78333333333333,
donor.lora8.task.difference,Dreyer2023,65,-3.01666666666665,
donor.lora8.task.difference,Dreyer2023,66,1.9,
donor.lora8.task.difference,Dreyer2023,67,3.53333333333333,
donor.lora8.task.difference,Dreyer2023,68,3.9,
donor.lora8.task.difference,Dreyer2023,69,-0.06666666666667001,
donor.lora8.task.difference,Dreyer2023,70,0.56666666666666,
donor.lora8.task.difference,Dreyer2023,71,-2.2166666666666597,
donor.lora8.task.difference,Dreyer2023,72,-3.5499999999999803,
donor.lora8.task.difference,Dreyer2023,73,-2.33333333333333,
donor.lora8.task.difference,Dreyer2023,74,2.94999999999999,
donor.lora8.task.difference,Dreyer2023,75,-0.5166666666666699,
donor.lora8.task.difference,Dreyer2023,76,3.35,
donor.lora8.task.difference,Dreyer2023,77,1.03333333333333,
donor.lora8.task.difference,Dreyer2023,80,5.44999999999998,
donor.lora8.task.difference,Dreyer2023,81,2.0,
donor.lora8.task.difference,Dreyer2023,82,0.11666666666666,
donor.lora8.task.difference,Dreyer2023,83,-1.4000000000000001,
donor.lora8.task.difference,Dreyer2023,84,1.7666666666666602,
donor.lora8.task.difference,Dreyer2023,85,-0.31666666666666,
donor.lora8.task.difference,Dreyer2023,86,4.04999999999999,
donor.lora8.task.difference,Dreyer2023,87,0.74999999999999,
donor.lora8.task.difference,PhysionetMI,1,-3.23484848484848,
donor.lora8.task.difference,PhysionetMI,2,2.81538461538462,
donor.lora8.task.difference,PhysionetMI,3,-0.64393939393939,
donor.lora8.task.difference,PhysionetMI,4,2.63636363636363,
donor.lora8.task.difference,PhysionetMI,5,6.56818181818181,
donor.lora8.task.difference,PhysionetMI,6,4.03787878787878,
donor.lora8.task.difference,PhysionetMI,7,-3.3030303030303,
donor.lora8.task.difference,PhysionetMI,8,-2.4545454545454497,
donor.lora8.task.difference,PhysionetMI,9,-4.46153846153845,
donor.lora8.task.difference,PhysionetMI,10,-6.31538461538462,
donor.lora8.task.difference,PhysionetMI,11,1.43939393939394,
donor.lora8.task.difference,PhysionetMI,12,0.11363636363636001,
donor.lora8.task.difference,PhysionetMI,13,-5.73484848484848,
donor.lora8.task.difference,PhysionetMI,14,-10.20454545454545,
donor.lora8.task.difference,PhysionetMI,15,-0.51538461538462,
donor.lora8.task.difference,PhysionetMI,16,4.38636363636364,
donor.lora8.task.difference,PhysionetMI,17,-2.2878787878787903,
donor.lora8.task.difference,PhysionetMI,18,-1.50757575757575,
donor.lora8.task.difference,PhysionetMI,19,3.99999999999999,
donor.lora8.task.difference,PhysionetMI,20,2.84090909090908,
donor.lora8.task.difference,PhysionetMI,21,2.62121212121211,
donor.lora8.task.difference,PhysionetMI,22,3.1969696969696897,
donor.lora8.task.difference,PhysionetMI,23,0.65384615384614,
donor.lora8.task.difference,PhysionetMI,24,2.8712121212121198,
donor.lora8.task.difference,PhysionetMI,25,-0.24999999999998998,
donor.lora8.task.difference,PhysionetMI,26,1.66923076923076,
donor.lora8.task.difference,PhysionetMI,27,-0.67424242424242,
donor.lora8.task.difference,PhysionetMI,28,3.4621212121211995,
donor.lora8.task.difference,PhysionetMI,29,2.56818181818181,
donor.lora8.task.difference,PhysionetMI,30,-1.43939393939393,
donor.lora8.task.difference,PhysionetMI,31,3.6893939393939403,
donor.lora8.task.difference,PhysionetMI,32,3.56923076923077,
donor.lora8.task.difference,PhysionetMI,33,-3.42424242424242,
donor.lora8.task.difference,PhysionetMI,34,-4.65384615384614,
donor.lora8.task.difference,PhysionetMI,35,-3.2121212121212004,
donor.lora8.task.difference,PhysionetMI,36,-0.34848484848484,
donor.lora8.task.difference,PhysionetMI,37,-0.42424242424241,
donor.lora8.task.difference,PhysionetMI,38,-3.47727272727271,
donor.lora8.task.difference,PhysionetMI,39,-2.0530303030303,
donor.lora8.task.difference,PhysionetMI,40,0.57575757575757,
donor.lora8.task.difference,PhysionetMI,41,3.0,
donor.lora8.task.difference,PhysionetMI,42,-3.7196969696969604,
donor.lora8.task.difference,PhysionetMI,43,-2.6060606060605997,
donor.lora8.task.difference,PhysionetMI,44,0.21969696969696997,
donor.lora8.task.difference,PhysionetMI,45,1.12878787878787,
donor.lora8.task.difference,PhysionetMI,46,2.28787878787878,
donor.lora8.task.difference,PhysionetMI,47,-3.03030303030303,
donor.lora8.task.difference,PhysionetMI,48,-0.31818181818181,
donor.lora8.task.difference,PhysionetMI,49,-0.17424242424242,
donor.lora8.task.difference,PhysionetMI,50,7.189393939393931,
donor.lora8.task.difference,PhysionetMI,51,-5.16666666666666,
donor.lora8.task.difference,PhysionetMI,52,-2.76923076923076,
donor.lora8.task.difference,PhysionetMI,53,-1.21969696969698,
donor.lora8.task.difference,PhysionetMI,54,1.6590909090909,
donor.lora8.task.difference,PhysionetMI,55,2.43939393939394,
donor.lora8.task.difference,PhysionetMI,56,2.97727272727272,
donor.lora8.task.difference,PhysionetMI,57,2.34090909090908,
donor.lora8.task.difference,PhysionetMI,58,5.25384615384615,
donor.lora8.task.difference,PhysionetMI,59,0.8181818181818099,
donor.lora8.task.difference,PhysionetMI,60,-2.78461538461538,
donor.lora8.task.difference,PhysionetMI,61,1.40909090909089,
donor.lora8.task.difference,PhysionetMI,62,-3.32575757575757,
donor.lora8.task.difference,PhysionetMI,63,5.49242424242424,
donor.lora8.task.difference,PhysionetMI,64,-2.5,
donor.lora8.task.difference,PhysionetMI,65,-3.6590909090909,
donor.lora8.task.difference,PhysionetMI,66,-4.53030303030303,
donor.lora8.task.difference,PhysionetMI,67,5.19696969696969,
donor.lora8.task.difference,PhysionetMI,68,1.21212121212121,
donor.lora8.task.difference,PhysionetMI,69,3.02307692307692,
donor.lora8.task.difference,PhysionetMI,70,-2.33333333333333,
donor.lora8.task.difference,PhysionetMI,71,1.43181818181817,
donor.lora8.task.difference,PhysionetMI,72,0.5681818181818099,
donor.lora8.task.difference,PhysionetMI,73,-4.66666666666667,
donor.lora8.task.difference,PhysionetMI,74,-1.71212121212121,
donor.lora8.task.difference,PhysionetMI,75,-1.9393939393939401,
donor.lora8.task.difference,PhysionetMI,76,2.72727272727272,
donor.lora8.task.difference,PhysionetMI,77,0.04545454545454,
donor.lora8.task.difference,PhysionetMI,78,0.63636363636364,
donor.lora8.task.difference,PhysionetMI,79,1.1666666666666599,
donor.lora8.task.difference,PhysionetMI,80,-12.54615384615384,
donor.lora8.task.difference,PhysionetMI,81,1.5,
donor.lora8.task.difference,PhysionetMI,82,3.5984848484848397,
donor.lora8.task.difference,PhysionetMI,83,0.96153846153846,
donor.lora8.task.difference,PhysionetMI,84,-1.0303030303030198,
donor.lora8.task.difference,PhysionetMI,85,-4.59848484848484,
donor.lora8.task.difference,PhysionetMI,86,-1.03846153846154,
donor.lora8.task.difference,PhysionetMI,87,7.99242424242423,
donor.lora8.task.difference,PhysionetMI,90,-4.26515151515151,
donor.lora8.task.difference,PhysionetMI,91,3.49242424242424,
donor.lora8.task.difference,PhysionetMI,93,-1.9242424242424199,
donor.lora8.task.difference,PhysionetMI,94,-0.62121212121211,
donor.lora8.task.difference,PhysionetMI,95,3.1384615384615304,
donor.lora8.task.difference,PhysionetMI,96,0.41666666666665997,
donor.lora8.task.difference,PhysionetMI,97,1.74999999999999,
donor.lora8.task.difference,PhysionetMI,98,-4.0303030303030205,
donor.lora8.task.difference,PhysionetMI,99,-0.6515151515151401,
donor.lora8.task.difference,PhysionetMI,101,6.415384615384601,
donor.lora8.task.difference,PhysionetMI,102,2.11363636363637,
donor.lora8.task.difference,PhysionetMI,103,0.69696969696969,
donor.lora8.task.difference,PhysionetMI,105,1.37878787878787,
donor.lora8.task.difference,PhysionetMI,107,4.10606060606061,
donor.lora8.task.difference,PhysionetMI,108,-3.93939393939394,
donor.lora8.task.difference,PhysionetMI,109,-0.9242424242424101,
meta.M1.Before,Cho2017,1,0.20000000000000018,
meta.M1.Before,Cho2017,2,1.0000000000000009,
meta.M1.Before,Cho2017,3,-2.200000000000002,
meta.M1.Before,Cho2017,4,-7.800000000000007,
meta.M1.Before,Cho2017,5,-0.20000000000000018,
meta.M1.Before,Cho2017,6,-0.8000000000000007,
meta.M1.Before,Cho2017,7,-0.33333333333334103,
meta.M1.Before,Cho2017,8,-1.0000000000000009,
meta.M1.Before,Cho2017,9,2.6666666666666505,
meta.M1.Before,Cho2017,10,-4.5999999999999925,
meta.M1.Before,Cho2017,11,-0.6000000000000005,
meta.M1.Before,Cho2017,12,1.1102230246251565e-14,
meta.M1.Before,Cho2017,13,-3.599999999999992,
meta.M1.Before,Cho2017,14,-1.6000000000000014,
meta.M1.Before,Cho2017,15,3.0000000000000027,
meta.M1.Before,Cho2017,16,-6.600000000000006,
meta.M1.Before,Cho2017,17,-3.8000000000000034,
meta.M1.Before,Cho2017,18,-1.200000000000001,
meta.M1.Before,Cho2017,19,-2.200000000000002,
meta.M1.Before,Cho2017,20,-4.399999999999993,
meta.M1.Before,Cho2017,21,-1.8000000000000016,
meta.M1.Before,Cho2017,22,-2.400000000000002,
meta.M1.Before,Cho2017,23,-2.7999999999999914,
meta.M1.Before,Cho2017,24,-3.0000000000000027,
meta.M1.Before,Cho2017,25,0.0,
meta.M1.Before,Cho2017,26,-0.20000000000000018,
meta.M1.Before,Cho2017,27,0.0,
meta.M1.Before,Cho2017,28,-0.6000000000000116,
meta.M1.Before,Cho2017,29,-1.8000000000000016,
meta.M1.Before,Cho2017,30,-14.600000000000001,
meta.M1.Before,Cho2017,31,-3.400000000000003,
meta.M1.Before,Cho2017,32,-2.200000000000002,
meta.M1.Before,Cho2017,33,-2.200000000000002,
meta.M1.Before,Cho2017,34,0.0,
meta.M1.Before,Cho2017,35,8.400000000000002,
meta.M1.Before,Cho2017,36,1.200000000000001,
meta.M1.Before,Cho2017,37,-1.4000000000000012,
meta.M1.Before,Cho2017,38,0.0,
meta.M1.Before,Cho2017,39,0.20000000000000018,
meta.M1.Before,Cho2017,40,0.6000000000000005,
meta.M1.Before,Cho2017,41,4.799999999999994,
meta.M1.Before,Cho2017,42,-0.8000000000000007,
meta.M1.Before,Cho2017,43,0.0,
meta.M1.Before,Cho2017,44,0.39999999999998925,
meta.M1.Before,Cho2017,45,3.399999999999992,
meta.M1.Before,Cho2017,46,-0.8333333333333415,
meta.M1.Before,Cho2017,47,0.20000000000000018,
meta.M1.Before,Cho2017,48,-2.399999999999991,
meta.M1.Before,Cho2017,49,-0.20000000000000018,
meta.M1.Before,Cho2017,50,1.200000000000001,
meta.M1.Before,Cho2017,51,-2.200000000000013,
meta.M1.Before,Cho2017,52,3.7999999999999923,
meta.M1.Before,Dreyer2023,1,0.16666666666668162,
meta.M1.Before,Dreyer2023,2,-2.3333333333333317,
meta.M1.Before,Dreyer2023,3,-1.8333333333333424,
meta.M1.Before,Dreyer2023,5,-0.33333333333335213,
meta.M1.Before,Dreyer2023,6,-1.4999999999999902,
meta.M1.Before,Dreyer2023,7,0.3333333333333188,
meta.M1.Before,Dreyer2023,8,1.6666666666666607,
meta.M1.Before,Dreyer2023,10,-1.0000000000000009,
meta.M1.Before,Dreyer2023,11,2.8333333333333433,
meta.M1.Before,Dreyer2023,12,0.1666666666666594,
meta.M1.Before,Dreyer2023,13,-0.9999999999999898,
meta.M1.Before,Dreyer2023,14,0.8333333333333304,
meta.M1.Before,Dreyer2023,15,-1.000000000000023,
meta.M1.Before,Dreyer2023,16,0.3333333333333188,
meta.M1.Before,Dreyer2023,18,2.6666666666666727,
meta.M1.Before,Dreyer2023,19,-1.833333333333298,
meta.M1.Before,Dreyer2023,20,0.0,
meta.M1.Before,Dreyer2023,21,0.16666666666668162,
meta.M1.Before,Dreyer2023,22,-0.5000000000000004,
meta.M1.Before,Dreyer2023,23,1.1666666666666603,
meta.M1.Before,Dreyer2023,24,-0.1666666666666594,
meta.M1.Before,Dreyer2023,25,-0.5000000000000004,
meta.M1.Before,Dreyer2023,26,-1.5000000000000013,
meta.M1.Before,Dreyer2023,27,-1.6666666666666607,
meta.M1.Before,Dreyer2023,28,0.1666666666666594,
meta.M1.Before,Dreyer2023,30,-1.1666666666666714,
meta.M1.Before,Dreyer2023,31,0.33333333333334103,
meta.M1.Before,Dreyer2023,32,1.9999999999999907,
meta.M1.Before,Dreyer2023,33,-2.500000000000002,
meta.M1.Before,Dreyer2023,34,1.1666666666666492,
meta.M1.Before,Dreyer2023,35,0.16666666666668162,
meta.M1.Before,Dreyer2023,36,0.5000000000000115,
meta.M1.Before,Dreyer2023,37,0.49999999999998934,
meta.M1.Before,Dreyer2023,38,-1.6666666666666607,
meta.M1.Before,Dreyer2023,39,-0.1666666666666594,
meta.M1.Before,Dreyer2023,40,-1.206896551724146,
meta.M1.Before,Dreyer2023,42,1.333333333333342,
meta.M1.Before,Dreyer2023,43,0.16666666666667052,
meta.M1.Before,Dreyer2023,44,2.833333333333332,
meta.M1.Before,Dreyer2023,45,0.0,
meta.M1.Before,Dreyer2023,46,0.666666666666671,
meta.M1.Before,Dreyer2023,47,-0.33333333333334103,
meta.M1.Before,Dreyer2023,48,1.6666666666666607,
meta.M1.Before,Dreyer2023,49,-1.1666666666666603,
meta.M1.Before,Dreyer2023,50,-1.8333333333333313,
meta.M1.Before,Dreyer2023,51,0.0,
meta.M1.Before,Dreyer2023,52,0.8333333333333193,
meta.M1.Before,Dreyer2023,53,1.4999999999999902,
meta.M1.Before,Dreyer2023,54,-1.9999999999999907,
meta.M1.Before,Dreyer2023,55,0.5000000000000004,
meta.M1.Before,Dreyer2023,56,-1.5000000000000124,
meta.M1.Before,Dreyer2023,57,-1.6666666666666607,
meta.M1.Before,Dreyer2023,58,0.6666666666666932,
meta.M1.Before,Dreyer2023,59,1.750000000000007,
meta.M1.Before,Dreyer2023,60,0.0,
meta.M1.Before,Dreyer2023,61,0.5000000000000115,
meta.M1.Before,Dreyer2023,62,1.333333333333342,
meta.M1.Before,Dreyer2023,63,-1.9999999999999907,
meta.M1.Before,Dreyer2023,64,-1.4999999999999902,
meta.M1.Before,Dreyer2023,65,0.666666666666671,
meta.M1.Before,Dreyer2023,66,0.6666666666666599,
meta.M1.Before,Dreyer2023,67,2.000000000000013,
meta.M1.Before,Dreyer2023,68,-0.1666666666666594,
meta.M1.Before,Dreyer2023,69,-2.3333333333333317,
meta.M1.Before,Dreyer2023,70,0.8333333333333304,
meta.M1.Before,Dreyer2023,71,0.6666666666666821,
meta.M1.Before,Dreyer2023,72,0.666666666666671,
meta.M1.Before,Dreyer2023,73,-0.666666666666671,
meta.M1.Before,Dreyer2023,74,0.33333333333334103,
meta.M1.Before,Dreyer2023,75,0.16666666666667052,
meta.M1.Before,Dreyer2023,76,-0.16666666666667052,
meta.M1.Before,Dreyer2023,77,-0.1666666666666594,
meta.M1.Before,Dreyer2023,80,2.8333333333333433,
meta.M1.Before,Dreyer2023,81,0.6666666666666599,
meta.M1.Before,Dreyer2023,82,0.49999999999998934,
meta.M1.Before,Dreyer2023,83,-2.5000000000000133,
meta.M1.Before,Dreyer2023,84,-0.49999999999998934,
meta.M1.Before,Dreyer2023,85,-0.8333333333333304,
meta.M1.Before,Dreyer2023,86,-0.9999999999999898,
meta.M1.Before,Dreyer2023,87,-3.833333333333322,
meta.M1.Before,PhysionetMI,1,0.7575757575757569,
meta.M1.Before,PhysionetMI,2,-0.2307692307692344,
meta.M1.Before,PhysionetMI,3,1.7424242424242675,
meta.M1.Before,PhysionetMI,4,2.7272727272727337,
meta.M1.Before,PhysionetMI,5,0.8333333333333415,
meta.M1.Before,PhysionetMI,6,0.757575757575768,
meta.M1.Before,PhysionetMI,7,-0.8333333333333526,
meta.M1.Before,PhysionetMI,8,0.07575757575756237,
meta.M1.Before,PhysionetMI,9,0.7692307692307776,
meta.M1.Before,PhysionetMI,10,1.3076923076922986,
meta.M1.Before,PhysionetMI,11,-1.81818181818183,
meta.M1.Before,PhysionetMI,12,0.909090909090915,
meta.M1.Before,PhysionetMI,13,-2.9545454545454652,
meta.M1.Before,PhysionetMI,14,-2.651515151515149,
meta.M1.Before,PhysionetMI,15,1.3076923076923208,
meta.M1.Before,PhysionetMI,16,-1.7424242424242453,
meta.M1.Before,PhysionetMI,17,2.7272727272727115,
meta.M1.Before,PhysionetMI,18,0.0,
meta.M1.Before,PhysionetMI,19,0.9848484848484884,
meta.M1.Before,PhysionetMI,20,-0.8333333333333415,
meta.M1.Before,PhysionetMI,21,-0.15151515151514694,
meta.M1.Before,PhysionetMI,22,0.0,
meta.M1.Before,PhysionetMI,23,0.0,
meta.M1.Before,PhysionetMI,24,-3.4848484848484795,
meta.M1.Before,PhysionetMI,25,3.409090909090917,
meta.M1.Before,PhysionetMI,26,-1.538461538461533,
meta.M1.Before,PhysionetMI,27,-1.666666666666683,
meta.M1.Before,PhysionetMI,28,-0.9090909090909038,
meta.M1.Before,PhysionetMI,29,2.5757575757575757,
meta.M1.Before,PhysionetMI,30,-1.8181818181818188,
meta.M1.Before,PhysionetMI,31,-4.166666666666674,
meta.M1.Before,PhysionetMI,32,-1.9999999999999907,
meta.M1.Before,PhysionetMI,33,0.909090909090915,
meta.M1.Before,PhysionetMI,34,1.538461538461533,
meta.M1.Before,PhysionetMI,35,-2.651515151515149,
meta.M1.Before,PhysionetMI,36,-6.36363636363636,
meta.M1.Before,PhysionetMI,37,3.409090909090906,
meta.M1.Before,PhysionetMI,38,3.257575757575765,
meta.M1.Before,PhysionetMI,39,-0.757575757575768,
meta.M1.Before,PhysionetMI,40,0.909090909090915,
meta.M1.Before,PhysionetMI,41,-1.538461538461544,
meta.M1.Before,PhysionetMI,42,3.3333333333333437,
meta.M1.Before,PhysionetMI,43,0.0,
meta.M1.Before,PhysionetMI,44,-1.6666666666666718,
meta.M1.Before,PhysionetMI,45,0.8333333333333304,
meta.M1.Before,PhysionetMI,46,1.8939393939393923,
meta.M1.Before,PhysionetMI,47,-0.2272727272727315,
meta.M1.Before,PhysionetMI,48,0.0,
meta.M1.Before,PhysionetMI,49,1.7424242424242453,
meta.M1.Before,PhysionetMI,50,0.0,
meta.M1.Before,PhysionetMI,51,0.909090909090915,
meta.M1.Before,PhysionetMI,52,0.2307692307692233,
meta.M1.Before,PhysionetMI,53,0.8333333333333415,
meta.M1.Before,PhysionetMI,54,-3.4848484848484906,
meta.M1.Before,PhysionetMI,55,-0.9090909090909038,
meta.M1.Before,PhysionetMI,56,-1.6666666666666718,
meta.M1.Before,PhysionetMI,57,0.8333333333333304,
meta.M1.Before,PhysionetMI,58,-3.076923076923088,
meta.M1.Before,PhysionetMI,59,-0.9848484848484884,
meta.M1.Before,PhysionetMI,60,-0.7692307692307665,
meta.M1.Before,PhysionetMI,61,0.0,
meta.M1.Before,PhysionetMI,62,0.0,
meta.M1.Before,PhysionetMI,63,-1.8939393939393923,
meta.M1.Before,PhysionetMI,64,-0.8333333333333304,
meta.M1.Before,PhysionetMI,65,1.6666666666666718,
meta.M1.Before,PhysionetMI,66,-0.07575757575757347,
meta.M1.Before,PhysionetMI,67,-0.07575757575757347,
meta.M1.Before,PhysionetMI,68,-2.500000000000002,
meta.M1.Before,PhysionetMI,69,1.2307692307692353,
meta.M1.Before,PhysionetMI,70,1.7424242424242342,
meta.M1.Before,PhysionetMI,71,-1.5909090909090984,
meta.M1.Before,PhysionetMI,72,0.0,
meta.M1.Before,PhysionetMI,73,0.07575757575757347,
meta.M1.Before,PhysionetMI,74,-0.909090909090915,
meta.M1.Before,PhysionetMI,75,3.409090909090917,
meta.M1.Before,PhysionetMI,76,-3.6363636363636265,
meta.M1.Before,PhysionetMI,77,2.7272727272727226,
meta.M1.Before,PhysionetMI,78,-5.3787878787878824,
meta.M1.Before,PhysionetMI,79,0.0,
meta.M1.Before,PhysionetMI,80,-0.7692307692307665,
meta.M1.Before,PhysionetMI,81,-0.8333333333333415,
meta.M1.Before,PhysionetMI,82,0.8333333333333304,
meta.M1.Before,PhysionetMI,83,-2.7692307692307683,
meta.M1.Before,PhysionetMI,84,0.0,
meta.M1.Before,PhysionetMI,85,0.8333333333333415,
meta.M1.Before,PhysionetMI,86,-0.7692307692307776,
meta.M1.Before,PhysionetMI,87,0.07575757575757347,
meta.M1.Before,PhysionetMI,90,-0.07575757575758457,
meta.M1.Before,PhysionetMI,91,0.8333333333333415,
meta.M1.Before,PhysionetMI,93,3.4848484848484906,
meta.M1.Before,PhysionetMI,94,-2.5757575757575757,
meta.M1.Before,PhysionetMI,95,-1.2307692307692353,
meta.M1.Before,PhysionetMI,96,0.0,
meta.M1.Before,PhysionetMI,97,1.6666666666666718,
meta.M1.Before,PhysionetMI,98,-1.8939393939393978,
meta.M1.Before,PhysionetMI,99,1.8181818181818188,
meta.M1.Before,PhysionetMI,101,-0.2307692307692233,
meta.M1.Before,PhysionetMI,102,-2.6515151515151603,
meta.M1.Before,PhysionetMI,103,1.0606060606060619,
meta.M1.Before,PhysionetMI,105,-0.8333333333333415,
meta.M1.Before,PhysionetMI,107,-3.560606060606064,
meta.M1.Before,PhysionetMI,108,2.5757575757575757,
meta.M1.Before,PhysionetMI,109,4.3939393939393945,
meta.M1.After,Cho2017,1,-3.0000000000000138,
meta.M1.After,Cho2017,2,4.200000000000004,
meta.M1.After,Cho2017,3,3.200000000000003,
meta.M1.After,Cho2017,4,-3.400000000000003,
meta.M1.After,Cho2017,5,0.20000000000000018,
meta.M1.After,Cho2017,6,0.0,
meta.M1.After,Cho2017,7,1.0000000000000009,
meta.M1.After,Cho2017,8,-0.40000000000000036,
meta.M1.After,Cho2017,9,4.333333333333345,
meta.M1.After,Cho2017,10,1.000000000000012,
meta.M1.After,Cho2017,11,-0.40000000000000036,
meta.M1.After,Cho2017,12,-3.1999999999999917,
meta.M1.After,Cho2017,13,0.20000000000000018,
meta.M1.After,Cho2017,14,1.3999999999999901,
meta.M1.After,Cho2017,15,2.9999999999999916,
meta.M1.After,Cho2017,16,0.39999999999998925,
meta.M1.After,Cho2017,17,0.0,
meta.M1.After,Cho2017,18,1.8000000000000016,
meta.M1.After,Cho2017,19,-1.6000000000000014,
meta.M1.After,Cho2017,20,-2.200000000000002,
meta.M1.After,Cho2017,21,-1.19999999999999,
meta.M1.After,Cho2017,22,-1.200000000000001,
meta.M1.After,Cho2017,23,-1.6000000000000014,
meta.M1.After,Cho2017,24,-3.1999999999999917,
meta.M1.After,Cho2017,25,0.6000000000000116,
meta.M1.After,Cho2017,26,-0.20000000000000018,
meta.M1.After,Cho2017,27,-1.19999999999999,
meta.M1.After,Cho2017,28,-1.6000000000000014,
meta.M1.After,Cho2017,29,-4.400000000000015,
meta.M1.After,Cho2017,30,-7.000000000000006,
meta.M1.After,Cho2017,31,0.20000000000001128,
meta.M1.After,Cho2017,32,-0.6000000000000005,
meta.M1.After,Cho2017,33,0.20000000000000018,
meta.M1.After,Cho2017,34,-0.8000000000000007,
meta.M1.After,Cho2017,35,9.200000000000003,
meta.M1.After,Cho2017,36,0.20000000000000018,
meta.M1.After,Cho2017,37,-2.599999999999991,
meta.M1.After,Cho2017,38,1.7999999999999905,
meta.M1.After,Cho2017,39,-0.20000000000000018,
meta.M1.After,Cho2017,40,0.6000000000000005,
meta.M1.After,Cho2017,41,2.7999999999999914,
meta.M1.After,Cho2017,42,2.000000000000013,
meta.M1.After,Cho2017,43,0.0,
meta.M1.After,Cho2017,44,0.19999999999998908,
meta.M1.After,Cho2017,45,-1.0000000000000009,
meta.M1.After,Cho2017,46,-0.5000000000000004,
meta.M1.After,Cho2017,47,-1.8000000000000016,
meta.M1.After,Cho2017,48,-2.6000000000000023,
meta.M1.After,Cho2017,49,0.0,
meta.M1.After,Cho2017,50,1.200000000000001,
meta.M1.After,Cho2017,51,2.400000000000002,
meta.M1.After,Cho2017,52,3.200000000000003,
meta.M1.After,Dreyer2023,1,-0.16666666666669272,
meta.M1.After,Dreyer2023,2,0.16666666666667052,
meta.M1.After,Dreyer2023,3,-2.220446049250313e-14,
meta.M1.After,Dreyer2023,5,0.16666666666667052,
meta.M1.After,Dreyer2023,6,3.6666666666666736,
meta.M1.After,Dreyer2023,7,-0.8333333333333193,
meta.M1.After,Dreyer2023,8,1.1666666666666714,
meta.M1.After,Dreyer2023,10,0.8333333333333082,
meta.M1.After,Dreyer2023,11,4.333333333333334,
meta.M1.After,Dreyer2023,12,0.49999999999997824,
meta.M1.After,Dreyer2023,13,-0.33333333333332993,
meta.M1.After,Dreyer2023,14,0.5000000000000004,
meta.M1.After,Dreyer2023,15,-0.33333333333332993,
meta.M1.After,Dreyer2023,16,1.1666666666666492,
meta.M1.After,Dreyer2023,18,1.0000000000000342,
meta.M1.After,Dreyer2023,19,1.0000000000000009,
meta.M1.After,Dreyer2023,20,0.5000000000000004,
meta.M1.After,Dreyer2023,21,0.666666666666671,
meta.M1.After,Dreyer2023,22,-0.16666666666667052,
meta.M1.After,Dreyer2023,23,-0.33333333333332993,
meta.M1.After,Dreyer2023,24,0.0,
meta.M1.After,Dreyer2023,25,-0.9999999999999898,
meta.M1.After,Dreyer2023,26,-1.5000000000000013,
meta.M1.After,Dreyer2023,27,-0.666666666666671,
meta.M1.After,Dreyer2023,28,1.6666666666666718,
meta.M1.After,Dreyer2023,30,1.333333333333342,
meta.M1.After,Dreyer2023,31,0.5000000000000004,
meta.M1.After,Dreyer2023,32,1.3333333333333197,
meta.M1.After,Dreyer2023,33,-1.6666666666666607,
meta.M1.After,Dreyer2023,34,1.5000000000000013,
meta.M1.After,Dreyer2023,35,-2.833333333333332,
meta.M1.After,Dreyer2023,36,-2.1666666666666723,
meta.M1.After,Dreyer2023,37,0.16666666666667052,
meta.M1.After,Dreyer2023,38,-0.33333333333334103,
meta.M1.After,Dreyer2023,39,-0.33333333333334103,
meta.M1.After,Dreyer2023,40,-0.34482758620688614,
meta.M1.After,Dreyer2023,42,-0.1666666666666483,
meta.M1.After,Dreyer2023,43,0.9999999999999898,
meta.M1.After,Dreyer2023,44,1.1666666666666603,
meta.M1.After,Dreyer2023,45,-0.6666666666666599,
meta.M1.After,Dreyer2023,46,-1.5000000000000013,
meta.M1.After,Dreyer2023,47,0.5000000000000115,
meta.M1.After,Dreyer2023,48,2.333333333333343,
meta.M1.After,Dreyer2023,49,-0.8333333333333193,
meta.M1.After,Dreyer2023,50,-1.6666666666666607,
meta.M1.After,Dreyer2023,51,-0.49999999999998934,
meta.M1.After,Dreyer2023,52,0.16666666666667052,
meta.M1.After,Dreyer2023,53,2.166666666666661,
meta.M1.After,Dreyer2023,54,-1.6666666666666718,
meta.M1.After,Dreyer2023,55,-0.1666666666666483,
meta.M1.After,Dreyer2023,56,-0.5000000000000338,
meta.M1.After,Dreyer2023,57,-1.5000000000000013,
meta.M1.After,Dreyer2023,58,0.49999999999997824,
meta.M1.After,Dreyer2023,59,1.2500000000000067,
meta.M1.After,Dreyer2023,60,-1.1666666666666714,
meta.M1.After,Dreyer2023,61,0.6666666666666488,
meta.M1.After,Dreyer2023,62,0.1666666666666594,
meta.M1.After,Dreyer2023,63,-1.1666666666666714,
meta.M1.After,Dreyer2023,64,-0.5000000000000004,
meta.M1.After,Dreyer2023,65,1.8333333333333424,
meta.M1.After,Dreyer2023,66,-0.33333333333332993,
meta.M1.After,Dreyer2023,67,0.8333333333333304,
meta.M1.After,Dreyer2023,68,-1.5000000000000124,
meta.M1.After,Dreyer2023,69,0.49999999999998934,
meta.M1.After,Dreyer2023,70,-0.5000000000000004,
meta.M1.After,Dreyer2023,71,0.0,
meta.M1.After,Dreyer2023,72,0.49999999999998934,
meta.M1.After,Dreyer2023,73,-0.33333333333335213,
meta.M1.After,Dreyer2023,74,1.1666666666666603,
meta.M1.After,Dreyer2023,75,0.9999999999999898,
meta.M1.After,Dreyer2023,76,-0.3333333333333188,
meta.M1.After,Dreyer2023,77,-0.33333333333332993,
meta.M1.After,Dreyer2023,80,-1.0000000000000009,
meta.M1.After,Dreyer2023,81,-1.333333333333342,
meta.M1.After,Dreyer2023,82,2.6666666666666616,
meta.M1.After,Dreyer2023,83,-1.0000000000000009,
meta.M1.After,Dreyer2023,84,0.6666666666666599,
meta.M1.After,Dreyer2023,85,-0.5000000000000004,
meta.M1.After,Dreyer2023,86,0.6666666666666821,
meta.M1.After,Dreyer2023,87,-2.3333333333333317,
meta.M1.After,PhysionetMI,1,1.666666666666683,
meta.M1.After,PhysionetMI,2,0.0,
meta.M1.After,PhysionetMI,3,1.7424242424242675,
meta.M1.After,PhysionetMI,4,-0.15151515151516914,
meta.M1.After,PhysionetMI,5,1.81818181818183,
meta.M1.After,PhysionetMI,6,0.9090909090909038,
meta.M1.After,PhysionetMI,7,-0.8333333333333526,
meta.M1.After,PhysionetMI,8,-0.2272727272727204,
meta.M1.After,PhysionetMI,9,-2.538461538461534,
meta.M1.After,PhysionetMI,10,1.7692307692307674,
meta.M1.After,PhysionetMI,11,-0.757575757575768,
meta.M1.After,PhysionetMI,12,-2.575757575757587,
meta.M1.After,PhysionetMI,13,-6.590909090909081,
meta.M1.After,PhysionetMI,14,0.9090909090909038,
meta.M1.After,PhysionetMI,15,-1.5384615384615663,
meta.M1.After,PhysionetMI,16,1.7424242424242564,
meta.M1.After,PhysionetMI,17,-2.500000000000002,
meta.M1.After,PhysionetMI,18,0.0,
meta.M1.After,PhysionetMI,19,0.9848484848484884,
meta.M1.After,PhysionetMI,20,0.909090909090926,
meta.M1.After,PhysionetMI,21,-2.7272727272727226,
meta.M1.After,PhysionetMI,22,0.0,
meta.M1.After,PhysionetMI,23,0.0,
meta.M1.After,PhysionetMI,24,0.07575757575758457,
meta.M1.After,PhysionetMI,25,-0.5303030303030365,
meta.M1.After,PhysionetMI,26,2.230769230769236,
meta.M1.After,PhysionetMI,27,0.0,
meta.M1.After,PhysionetMI,28,4.696969696969688,
meta.M1.After,PhysionetMI,29,0.8333333333333415,
meta.M1.After,PhysionetMI,30,1.666666666666683,
meta.M1.After,PhysionetMI,31,-1.7424242424242453,
meta.M1.After,PhysionetMI,32,1.0000000000000009,
meta.M1.After,PhysionetMI,33,1.8181818181817966,
meta.M1.After,PhysionetMI,34,-0.4615384615384577,
meta.M1.After,PhysionetMI,35,-2.651515151515149,
meta.M1.After,PhysionetMI,36,-1.5909090909090873,
meta.M1.After,PhysionetMI,37,1.7424242424242342,
meta.M1.After,PhysionetMI,38,4.318181818181816,
meta.M1.After,PhysionetMI,39,-7.651515151515154,
meta.M1.After,PhysionetMI,40,-5.909090909090898,
meta.M1.After,PhysionetMI,41,0.7692307692307554,
meta.M1.After,PhysionetMI,42,-0.07575757575756237,
meta.M1.After,PhysionetMI,43,-1.6666666666666607,
meta.M1.After,PhysionetMI,44,-0.8333333333333304,
meta.M1.After,PhysionetMI,45,1.8181818181818188,
meta.M1.After,PhysionetMI,46,0.07575757575757347,
meta.M1.After,PhysionetMI,47,0.15151515151515804,
meta.M1.After,PhysionetMI,48,0.0,
meta.M1.After,PhysionetMI,49,1.6666666666666607,
meta.M1.After,PhysionetMI,50,2.651515151515149,
meta.M1.After,PhysionetMI,51,-3.6363636363636376,
meta.M1.After,PhysionetMI,52,-0.7692307692307665,
meta.M1.After,PhysionetMI,53,0.8333333333333193,
meta.M1.After,PhysionetMI,54,0.8333333333333304,
meta.M1.After,PhysionetMI,55,1.6666666666666607,
meta.M1.After,PhysionetMI,56,0.0,
meta.M1.After,PhysionetMI,57,-0.9090909090909038,
meta.M1.After,PhysionetMI,58,-0.5384615384615321,
meta.M1.After,PhysionetMI,59,2.5757575757575757,
meta.M1.After,PhysionetMI,60,1.7692307692307785,
meta.M1.After,PhysionetMI,61,0.0,
meta.M1.After,PhysionetMI,62,0.8333333333333193,
meta.M1.After,PhysionetMI,63,-0.7575757575757458,
meta.M1.After,PhysionetMI,64,1.666666666666683,
meta.M1.After,PhysionetMI,65,-2.220446049250313e-14,
meta.M1.After,PhysionetMI,66,-0.07575757575757347,
meta.M1.After,PhysionetMI,67,-0.909090909090926,
meta.M1.After,PhysionetMI,68,-1.6666666666666607,
meta.M1.After,PhysionetMI,69,-1.0769230769230753,
meta.M1.After,PhysionetMI,70,0.0,
meta.M1.After,PhysionetMI,71,-2.4242424242424288,
meta.M1.After,PhysionetMI,72,-0.07575757575757347,
meta.M1.After,PhysionetMI,73,-0.8333333333333415,
meta.M1.After,PhysionetMI,74,-1.8181818181818188,
meta.M1.After,PhysionetMI,75,2.6515151515151603,
meta.M1.After,PhysionetMI,76,4.3939393939394,
meta.M1.After,PhysionetMI,77,5.378787878787872,
meta.M1.After,PhysionetMI,78,-4.3939393939393945,
meta.M1.After,PhysionetMI,79,-0.8333333333333415,
meta.M1.After,PhysionetMI,80,-1.7692307692307674,
meta.M1.After,PhysionetMI,81,-2.6515151515151603,
meta.M1.After,PhysionetMI,82,0.0,
meta.M1.After,PhysionetMI,83,1.7692307692307674,
meta.M1.After,PhysionetMI,84,-1.8181818181818188,
meta.M1.After,PhysionetMI,85,0.07575757575758457,
meta.M1.After,PhysionetMI,86,-0.7692307692307776,
meta.M1.After,PhysionetMI,87,-3.1818181818181746,
meta.M1.After,PhysionetMI,90,0.8333333333333304,
meta.M1.After,PhysionetMI,91,-1.6666666666666607,
meta.M1.After,PhysionetMI,93,-1.8181818181818188,
meta.M1.After,PhysionetMI,94,-2.500000000000002,
meta.M1.After,PhysionetMI,95,1.0769230769230753,
meta.M1.After,PhysionetMI,96,5.303030303030298,
meta.M1.After,PhysionetMI,97,0.8333333333333304,
meta.M1.After,PhysionetMI,98,1.6666666666666607,
meta.M1.After,PhysionetMI,99,-2.4242424242424176,
meta.M1.After,PhysionetMI,101,-1.538461538461544,
meta.M1.After,PhysionetMI,102,-2.651515151515138,
meta.M1.After,PhysionetMI,103,-1.8181818181818188,
meta.M1.After,PhysionetMI,105,-0.8333333333333415,
meta.M1.After,PhysionetMI,107,-4.545454545454552,
meta.M1.After,PhysionetMI,108,2.5757575757575757,
meta.M1.After,PhysionetMI,109,0.07575757575757347,
meta.M1.Increment,Cho2017,1,-3.200000000000014,
meta.M1.Increment,Cho2017,2,3.200000000000003,
meta.M1.Increment,Cho2017,3,5.400000000000005,
meta.M1.Increment,Cho2017,4,4.400000000000004,
meta.M1.Increment,Cho2017,5,0.40000000000000036,
meta.M1.Increment,Cho2017,6,0.8000000000000007,
meta.M1.Increment,Cho2017,7,1.333333333333342,
meta.M1.Increment,Cho2017,8,0.6000000000000005,
meta.M1.Increment,Cho2017,9,1.666666666666694,
meta.M1.Increment,Cho2017,10,5.600000000000005,
meta.M1.Increment,Cho2017,11,0.20000000000000018,
meta.M1.Increment,Cho2017,12,-3.200000000000003,
meta.M1.Increment,Cho2017,13,3.7999999999999923,
meta.M1.Increment,Cho2017,14,2.9999999999999916,
meta.M1.Increment,Cho2017,15,-1.1102230246251565e-14,
meta.M1.Increment,Cho2017,16,6.999999999999995,
meta.M1.Increment,Cho2017,17,3.8000000000000034,
meta.M1.Increment,Cho2017,18,3.0000000000000027,
meta.M1.Increment,Cho2017,19,0.6000000000000005,
meta.M1.Increment,Cho2017,20,2.199999999999991,
meta.M1.Increment,Cho2017,21,0.6000000000000116,
meta.M1.Increment,Cho2017,22,1.200000000000001,
meta.M1.Increment,Cho2017,23,1.19999999999999,
meta.M1.Increment,Cho2017,24,-0.19999999999998908,
meta.M1.Increment,Cho2017,25,0.6000000000000116,
meta.M1.Increment,Cho2017,26,0.0,
meta.M1.Increment,Cho2017,27,-1.19999999999999,
meta.M1.Increment,Cho2017,28,-0.9999999999999898,
meta.M1.Increment,Cho2017,29,-2.6000000000000134,
meta.M1.Increment,Cho2017,30,7.599999999999996,
meta.M1.Increment,Cho2017,31,3.6000000000000143,
meta.M1.Increment,Cho2017,32,1.6000000000000014,
meta.M1.Increment,Cho2017,33,2.400000000000002,
meta.M1.Increment,Cho2017,34,-0.8000000000000007,
meta.M1.Increment,Cho2017,35,0.8000000000000007,
meta.M1.Increment,Cho2017,36,-1.0000000000000009,
meta.M1.Increment,Cho2017,37,-1.19999999999999,
meta.M1.Increment,Cho2017,38,1.7999999999999905,
meta.M1.Increment,Cho2017,39,-0.40000000000000036,
meta.M1.Increment,Cho2017,40,0.0,
meta.M1.Increment,Cho2017,41,-2.0000000000000018,
meta.M1.Increment,Cho2017,42,2.8000000000000136,
meta.M1.Increment,Cho2017,43,0.0,
meta.M1.Increment,Cho2017,44,-0.20000000000000018,
meta.M1.Increment,Cho2017,45,-4.399999999999993,
meta.M1.Increment,Cho2017,46,0.33333333333334103,
meta.M1.Increment,Cho2017,47,-2.0000000000000018,
meta.M1.Increment,Cho2017,48,-0.20000000000001128,
meta.M1.Increment,Cho2017,49,0.20000000000000018,
meta.M1.Increment,Cho2017,50,0.0,
meta.M1.Increment,Cho2017,51,4.600000000000016,
meta.M1.Increment,Cho2017,52,-0.5999999999999894,
meta.M1.Increment,Dreyer2023,1,-0.33333333333337434,
meta.M1.Increment,Dreyer2023,2,2.500000000000002,
meta.M1.Increment,Dreyer2023,3,1.8333333333333202,
meta.M1.Increment,Dreyer2023,5,0.5000000000000226,
meta.M1.Increment,Dreyer2023,6,5.166666666666664,
meta.M1.Increment,Dreyer2023,7,-1.166666666666638,
meta.M1.Increment,Dreyer2023,8,-0.49999999999998934,
meta.M1.Increment,Dreyer2023,10,1.833333333333309,
meta.M1.Increment,Dreyer2023,11,1.4999999999999902,
meta.M1.Increment,Dreyer2023,12,0.3333333333333188,
meta.M1.Increment,Dreyer2023,13,0.6666666666666599,
meta.M1.Increment,Dreyer2023,14,-0.33333333333332993,
meta.M1.Increment,Dreyer2023,15,0.6666666666666932,
meta.M1.Increment,Dreyer2023,16,0.8333333333333304,
meta.M1.Increment,Dreyer2023,18,-1.6666666666666385,
meta.M1.Increment,Dreyer2023,19,2.833333333333299,
meta.M1.Increment,Dreyer2023,20,0.5000000000000004,
meta.M1.Increment,Dreyer2023,21,0.49999999999998934,
meta.M1.Increment,Dreyer2023,22,0.33333333333332993,
meta.M1.Increment,Dreyer2023,23,-1.4999999999999902,
meta.M1.Increment,Dreyer2023,24,0.1666666666666594,
meta.M1.Increment,Dreyer2023,25,-0.49999999999998934,
meta.M1.Increment,Dreyer2023,26,0.0,
meta.M1.Increment,Dreyer2023,27,0.9999999999999898,
meta.M1.Increment,Dreyer2023,28,1.5000000000000124,
meta.M1.Increment,Dreyer2023,30,2.5000000000000133,
meta.M1.Increment,Dreyer2023,31,0.1666666666666594,
meta.M1.Increment,Dreyer2023,32,-0.666666666666671,
meta.M1.Increment,Dreyer2023,33,0.8333333333333415,
meta.M1.Increment,Dreyer2023,34,0.33333333333335213,
meta.M1.Increment,Dreyer2023,35,-3.0000000000000138,
meta.M1.Increment,Dreyer2023,36,-2.666666666666684,
meta.M1.Increment,Dreyer2023,37,-0.3333333333333188,
meta.M1.Increment,Dreyer2023,38,1.3333333333333197,
meta.M1.Increment,Dreyer2023,39,-0.16666666666668162,
meta.M1.Increment,Dreyer2023,40,0.8620689655172598,
meta.M1.Increment,Dreyer2023,42,-1.4999999999999902,
meta.M1.Increment,Dreyer2023,43,0.8333333333333193,
meta.M1.Increment,Dreyer2023,44,-1.6666666666666718,
meta.M1.Increment,Dreyer2023,45,-0.6666666666666599,
meta.M1.Increment,Dreyer2023,46,-2.1666666666666723,
meta.M1.Increment,Dreyer2023,47,0.8333333333333526,
meta.M1.Increment,Dreyer2023,48,0.6666666666666821,
meta.M1.Increment,Dreyer2023,49,0.33333333333334103,
meta.M1.Increment,Dreyer2023,50,0.16666666666667052,
meta.M1.Increment,Dreyer2023,51,-0.49999999999998934,
meta.M1.Increment,Dreyer2023,52,-0.6666666666666488,
meta.M1.Increment,Dreyer2023,53,0.666666666666671,
meta.M1.Increment,Dreyer2023,54,0.3333333333333188,
meta.M1.Increment,Dreyer2023,55,-0.6666666666666488,
meta.M1.Increment,Dreyer2023,56,0.9999999999999787,
meta.M1.Increment,Dreyer2023,57,0.1666666666666594,
meta.M1.Increment,Dreyer2023,58,-0.16666666666671492,
meta.M1.Increment,Dreyer2023,59,-0.5000000000000004,
meta.M1.Increment,Dreyer2023,60,-1.1666666666666714,
meta.M1.Increment,Dreyer2023,61,0.1666666666666372,
meta.M1.Increment,Dreyer2023,62,-1.1666666666666825,
meta.M1.Increment,Dreyer2023,63,0.8333333333333193,
meta.M1.Increment,Dreyer2023,64,0.9999999999999898,
meta.M1.Increment,Dreyer2023,65,1.1666666666666714,
meta.M1.Increment,Dreyer2023,66,-0.9999999999999898,
meta.M1.Increment,Dreyer2023,67,-1.1666666666666825,
meta.M1.Increment,Dreyer2023,68,-1.333333333333353,
meta.M1.Increment,Dreyer2023,69,2.833333333333321,
meta.M1.Increment,Dreyer2023,70,-1.3333333333333308,
meta.M1.Increment,Dreyer2023,71,-0.6666666666666821,
meta.M1.Increment,Dreyer2023,72,-0.16666666666668162,
meta.M1.Increment,Dreyer2023,73,0.3333333333333188,
meta.M1.Increment,Dreyer2023,74,0.8333333333333193,
meta.M1.Increment,Dreyer2023,75,0.8333333333333193,
meta.M1.Increment,Dreyer2023,76,-0.1666666666666483,
meta.M1.Increment,Dreyer2023,77,-0.16666666666667052,
meta.M1.Increment,Dreyer2023,80,-3.833333333333344,
meta.M1.Increment,Dreyer2023,81,-2.0000000000000018,
meta.M1.Increment,Dreyer2023,82,2.1666666666666723,
meta.M1.Increment,Dreyer2023,83,1.5000000000000124,
meta.M1.Increment,Dreyer2023,84,1.1666666666666492,
meta.M1.Increment,Dreyer2023,85,0.33333333333332993,
meta.M1.Increment,Dreyer2023,86,1.6666666666666718,
meta.M1.Increment,Dreyer2023,87,1.4999999999999902,
meta.M1.Increment,PhysionetMI,1,0.909090909090926,
meta.M1.Increment,PhysionetMI,2,0.2307692307692344,
meta.M1.Increment,PhysionetMI,3,0.0,
meta.M1.Increment,PhysionetMI,4,-2.878787878787903,
meta.M1.Increment,PhysionetMI,5,0.9848484848484884,
meta.M1.Increment,PhysionetMI,6,0.15151515151513584,
meta.M1.Increment,PhysionetMI,7,0.0,
meta.M1.Increment,PhysionetMI,8,-0.3030303030302828,
meta.M1.Increment,PhysionetMI,9,-3.3076923076923115,
meta.M1.Increment,PhysionetMI,10,0.4615384615384688,
meta.M1.Increment,PhysionetMI,11,1.0606060606060619,
meta.M1.Increment,PhysionetMI,12,-3.4848484848485017,
meta.M1.Increment,PhysionetMI,13,-3.6363636363636154,
meta.M1.Increment,PhysionetMI,14,3.560606060606053,
meta.M1.Increment,PhysionetMI,15,-2.846153846153887,
meta.M1.Increment,PhysionetMI,16,3.4848484848485017,
meta.M1.Increment,PhysionetMI,17,-5.227272727272714,
meta.M1.Increment,PhysionetMI,18,0.0,
meta.M1.Increment,PhysionetMI,19,0.0,
meta.M1.Increment,PhysionetMI,20,1.7424242424242675,
meta.M1.Increment,PhysionetMI,21,-2.5757575757575757,
meta.M1.Increment,PhysionetMI,22,0.0,
meta.M1.Increment,PhysionetMI,23,0.0,
meta.M1.Increment,PhysionetMI,24,3.560606060606064,
meta.M1.Increment,PhysionetMI,25,-3.9393939393939537,
meta.M1.Increment,PhysionetMI,26,3.769230769230769,
meta.M1.Increment,PhysionetMI,27,1.666666666666683,
meta.M1.Increment,PhysionetMI,28,5.606060606060592,
meta.M1.Increment,PhysionetMI,29,-1.7424242424242342,
meta.M1.Increment,PhysionetMI,30,3.4848484848485017,
meta.M1.Increment,PhysionetMI,31,2.4242424242424288,
meta.M1.Increment,PhysionetMI,32,2.9999999999999916,
meta.M1.Increment,PhysionetMI,33,0.9090909090908816,
meta.M1.Increment,PhysionetMI,34,-1.9999999999999907,
meta.M1.Increment,PhysionetMI,35,0.0,
meta.M1.Increment,PhysionetMI,36,4.772727272727273,
meta.M1.Increment,PhysionetMI,37,-1.6666666666666718,
meta.M1.Increment,PhysionetMI,38,1.0606060606060508,
meta.M1.Increment,PhysionetMI,39,-6.893939393939386,
meta.M1.Increment,PhysionetMI,40,-6.818181818181812,
meta.M1.Increment,PhysionetMI,41,2.3076923076922995,
meta.M1.Increment,PhysionetMI,42,-3.409090909090906,
meta.M1.Increment,PhysionetMI,43,-1.6666666666666607,
meta.M1.Increment,PhysionetMI,44,0.8333333333333415,
meta.M1.Increment,PhysionetMI,45,0.9848484848484884,
meta.M1.Increment,PhysionetMI,46,-1.8181818181818188,
meta.M1.Increment,PhysionetMI,47,0.37878787878788955,
meta.M1.Increment,PhysionetMI,48,0.0,
meta.M1.Increment,PhysionetMI,49,-0.07575757575758457,
meta.M1.Increment,PhysionetMI,50,2.651515151515149,
meta.M1.Increment,PhysionetMI,51,-4.545454545454552,
meta.M1.Increment,PhysionetMI,52,-0.9999999999999898,
meta.M1.Increment,PhysionetMI,53,-2.220446049250313e-14,
meta.M1.Increment,PhysionetMI,54,4.318181818181821,
meta.M1.Increment,PhysionetMI,55,2.5757575757575646,
meta.M1.Increment,PhysionetMI,56,1.6666666666666718,
meta.M1.Increment,PhysionetMI,57,-1.7424242424242342,
meta.M1.Increment,PhysionetMI,58,2.538461538461556,
meta.M1.Increment,PhysionetMI,59,3.560606060606064,
meta.M1.Increment,PhysionetMI,60,2.538461538461545,
meta.M1.Increment,PhysionetMI,61,0.0,
meta.M1.Increment,PhysionetMI,62,0.8333333333333193,
meta.M1.Increment,PhysionetMI,63,1.1363636363636465,
meta.M1.Increment,PhysionetMI,64,2.5000000000000133,
meta.M1.Increment,PhysionetMI,65,-1.666666666666694,
meta.M1.Increment,PhysionetMI,66,0.0,
meta.M1.Increment,PhysionetMI,67,-0.8333333333333526,
meta.M1.Increment,PhysionetMI,68,0.8333333333333415,
meta.M1.Increment,PhysionetMI,69,-2.3076923076923106,
meta.M1.Increment,PhysionetMI,70,-1.7424242424242342,
meta.M1.Increment,PhysionetMI,71,-0.8333333333333304,
meta.M1.Increment,PhysionetMI,72,-0.07575757575757347,
meta.M1.Increment,PhysionetMI,73,-0.909090909090915,
meta.M1.Increment,PhysionetMI,74,-0.9090909090909038,
meta.M1.Increment,PhysionetMI,75,-0.7575757575757569,
meta.M1.Increment,PhysionetMI,76,8.030303030303026,
meta.M1.Increment,PhysionetMI,77,2.651515151515149,
meta.M1.Increment,PhysionetMI,78,0.9848484848484884,
meta.M1.Increment,PhysionetMI,79,-0.8333333333333415,
meta.M1.Increment,PhysionetMI,80,-1.0000000000000009,
meta.M1.Increment,PhysionetMI,81,-1.8181818181818188,
meta.M1.Increment,PhysionetMI,82,-0.8333333333333304,
meta.M1.Increment,PhysionetMI,83,4.538461538461536,
meta.M1.Increment,PhysionetMI,84,-1.8181818181818188,
meta.M1.Increment,PhysionetMI,85,-0.7575757575757569,
meta.M1.Increment,PhysionetMI,86,0.0,
meta.M1.Increment,PhysionetMI,87,-3.257575757575748,
meta.M1.Increment,PhysionetMI,90,0.909090909090915,
meta.M1.Increment,PhysionetMI,91,-2.500000000000002,
meta.M1.Increment,PhysionetMI,93,-5.30303030303031,
meta.M1.Increment,PhysionetMI,94,0.07575757575757347,
meta.M1.Increment,PhysionetMI,95,2.3076923076923106,
meta.M1.Increment,PhysionetMI,96,5.303030303030298,
meta.M1.Increment,PhysionetMI,97,-0.8333333333333415,
meta.M1.Increment,PhysionetMI,98,3.5606060606060588,
meta.M1.Increment,PhysionetMI,99,-4.242424242424237,
meta.M1.Increment,PhysionetMI,101,-1.3076923076923208,
meta.M1.Increment,PhysionetMI,102,2.220446049250313e-14,
meta.M1.Increment,PhysionetMI,103,-2.8787878787878807,
meta.M1.Increment,PhysionetMI,105,0.0,
meta.M1.Increment,PhysionetMI,107,-0.9848484848484884,
meta.M1.Increment,PhysionetMI,108,0.0,
meta.M1.Increment,PhysionetMI,109,-4.318181818181821,
meta.M2.Before,Cho2017,1,0.0,
meta.M2.Before,Cho2017,2,0.20000000000000018,
meta.M2.Before,Cho2017,3,0.20000000000000018,
meta.M2.Before,Cho2017,4,-6.799999999999995,
meta.M2.Before,Cho2017,5,-0.20000000000000018,
meta.M2.Before,Cho2017,6,-0.20000000000001128,
meta.M2.Before,Cho2017,7,0.8333333333333304,
meta.M2.Before,Cho2017,8,-0.40000000000000036,
meta.M2.Before,Cho2017,9,2.3333333333333206,
meta.M2.Before,Cho2017,10,-2.200000000000002,
meta.M2.Before,Cho2017,11,-0.20000000000000018,
meta.M2.Before,Cho2017,12,-0.5999999999999894,
meta.M2.Before,Cho2017,13,-5.799999999999983,
meta.M2.Before,Cho2017,14,-4.799999999999994,
meta.M2.Before,Cho2017,15,2.8000000000000025,
meta.M2.Before,Cho2017,16,-3.599999999999992,
meta.M2.Before,Cho2017,17,-3.400000000000003,
meta.M2.Before,Cho2017,18,-3.8000000000000034,
meta.M2.Before,Cho2017,19,-2.6000000000000023,
meta.M2.Before,Cho2017,20,-3.399999999999992,
meta.M2.Before,Cho2017,21,0.20000000000000018,
meta.M2.Before,Cho2017,22,1.19999999999999,
meta.M2.Before,Cho2017,23,-2.400000000000002,
meta.M2.Before,Cho2017,24,-2.0000000000000018,
meta.M2.Before,Cho2017,25,-1.4000000000000123,
meta.M2.Before,Cho2017,26,-0.40000000000000036,
meta.M2.Before,Cho2017,27,1.1102230246251565e-14,
meta.M2.Before,Cho2017,28,0.5999999999999894,
meta.M2.Before,Cho2017,29,-2.6000000000000023,
meta.M2.Before,Cho2017,30,-13.200000000000001,
meta.M2.Before,Cho2017,31,-2.8000000000000025,
meta.M2.Before,Cho2017,32,-4.200000000000004,
meta.M2.Before,Cho2017,33,-1.4000000000000012,
meta.M2.Before,Cho2017,34,-1.7999999999999905,
meta.M2.Before,Cho2017,35,6.6000000000000005,
meta.M2.Before,Cho2017,36,0.9999999999999898,
meta.M2.Before,Cho2017,37,-1.7999999999999905,
meta.M2.Before,Cho2017,38,0.20000000000000018,
meta.M2.Before,Cho2017,39,1.0000000000000009,
meta.M2.Before,Cho2017,40,3.0000000000000027,
meta.M2.Before,Cho2017,41,4.199999999999992,
meta.M2.Before,Cho2017,42,0.6000000000000005,
meta.M2.Before,Cho2017,43,0.0,
meta.M2.Before,Cho2017,44,0.5999999999999894,
meta.M2.Before,Cho2017,45,3.7999999999999923,
meta.M2.Before,Cho2017,46,2.500000000000002,
meta.M2.Before,Cho2017,47,-1.000000000000012,
meta.M2.Before,Cho2017,48,-3.200000000000003,
meta.M2.Before,Cho2017,49,-0.20000000000000018,
meta.M2.Before,Cho2017,50,0.8000000000000007,
meta.M2.Before,Cho2017,51,1.9999999999999907,
meta.M2.Before,Cho2017,52,1.6000000000000014,
meta.M2.Before,Dreyer2023,1,-0.3333333333333188,
meta.M2.Before,Dreyer2023,2,-1.6666666666666718,
meta.M2.Before,Dreyer2023,3,-2.333333333333343,
meta.M2.Before,Dreyer2023,5,-0.33333333333335213,
meta.M2.Before,Dreyer2023,6,-1.3333333333333308,
meta.M2.Before,Dreyer2023,7,-0.16666666666668162,
meta.M2.Before,Dreyer2023,8,1.9999999999999907,
meta.M2.Before,Dreyer2023,10,-1.0000000000000342,
meta.M2.Before,Dreyer2023,11,2.833333333333332,
meta.M2.Before,Dreyer2023,12,-0.33333333333336324,
meta.M2.Before,Dreyer2023,13,-1.3333333333333308,
meta.M2.Before,Dreyer2023,14,0.6666666666666599,
meta.M2.Before,Dreyer2023,15,-0.5000000000000226,
meta.M2.Before,Dreyer2023,16,-0.33333333333335213,
meta.M2.Before,Dreyer2023,18,2.833333333333332,
meta.M2.Before,Dreyer2023,19,-2.166666666666639,
meta.M2.Before,Dreyer2023,20,0.1666666666666483,
meta.M2.Before,Dreyer2023,21,-0.1666666666666483,
meta.M2.Before,Dreyer2023,22,-1.5000000000000013,
meta.M2.Before,Dreyer2023,23,0.0,
meta.M2.Before,Dreyer2023,24,-0.5000000000000004,
meta.M2.Before,Dreyer2023,25,0.16666666666668162,
meta.M2.Before,Dreyer2023,26,-0.16666666666667052,
meta.M2.Before,Dreyer2023,27,-2.333333333333343,
meta.M2.Before,Dreyer2023,28,1.3333333333333308,
meta.M2.Before,Dreyer2023,30,-0.16666666666668162,
meta.M2.Before,Dreyer2023,31,0.0,
meta.M2.Before,Dreyer2023,32,2.1666666666666723,
meta.M2.Before,Dreyer2023,33,-2.8333333333333433,
meta.M2.Before,Dreyer2023,34,1.6666666666666607,
meta.M2.Before,Dreyer2023,35,-0.33333333333332993,
meta.M2.Before,Dreyer2023,36,0.666666666666671,
meta.M2.Before,Dreyer2023,37,1.0000000000000009,
meta.M2.Before,Dreyer2023,38,-1.4999999999999902,
meta.M2.Before,Dreyer2023,39,-0.49999999999996714,
meta.M2.Before,Dreyer2023,40,-1.0344827586206917,
meta.M2.Before,Dreyer2023,42,1.1666666666666714,
meta.M2.Before,Dreyer2023,43,0.6666666666666488,
meta.M2.Before,Dreyer2023,44,1.333333333333342,
meta.M2.Before,Dreyer2023,45,-0.16666666666668162,
meta.M2.Before,Dreyer2023,46,0.0,
meta.M2.Before,Dreyer2023,47,-0.1666666666666594,
meta.M2.Before,Dreyer2023,48,2.3333333333333317,
meta.M2.Before,Dreyer2023,49,-1.3333333333333308,
meta.M2.Before,Dreyer2023,50,-1.1666666666666603,
meta.M2.Before,Dreyer2023,51,1.5000000000000013,
meta.M2.Before,Dreyer2023,52,1.1666666666666492,
meta.M2.Before,Dreyer2023,53,1.1666666666666714,
meta.M2.Before,Dreyer2023,54,-1.1666666666666603,
meta.M2.Before,Dreyer2023,55,0.3333333333333188,
meta.M2.Before,Dreyer2023,56,-1.4999999999999902,
meta.M2.Before,Dreyer2023,57,-1.6666666666666607,
meta.M2.Before,Dreyer2023,58,1.1666666666666714,
meta.M2.Before,Dreyer2023,59,1.5000000000000013,
meta.M2.Before,Dreyer2023,60,1.6666666666666607,
meta.M2.Before,Dreyer2023,61,0.0,
meta.M2.Before,Dreyer2023,62,-0.33333333333332993,
meta.M2.Before,Dreyer2023,63,-1.6666666666666607,
meta.M2.Before,Dreyer2023,64,-2.3333333333333206,
meta.M2.Before,Dreyer2023,65,-0.8333333333333304,
meta.M2.Before,Dreyer2023,66,0.8333333333333304,
meta.M2.Before,Dreyer2023,67,2.000000000000013,
meta.M2.Before,Dreyer2023,68,-0.5000000000000004,
meta.M2.Before,Dreyer2023,69,-1.8333333333333424,
meta.M2.Before,Dreyer2023,70,0.8333333333333304,
meta.M2.Before,Dreyer2023,71,1.8333333333333424,
meta.M2.Before,Dreyer2023,72,0.8333333333333415,
meta.M2.Before,Dreyer2023,73,-2.0000000000000018,
meta.M2.Before,Dreyer2023,74,0.33333333333334103,
meta.M2.Before,Dreyer2023,75,0.6666666666666599,
meta.M2.Before,Dreyer2023,76,0.33333333333334103,
meta.M2.Before,Dreyer2023,77,-0.1666666666666594,
meta.M2.Before,Dreyer2023,80,2.500000000000002,
meta.M2.Before,Dreyer2023,81,0.1666666666666594,
meta.M2.Before,Dreyer2023,82,0.0,
meta.M2.Before,Dreyer2023,83,-2.1666666666666723,
meta.M2.Before,Dreyer2023,84,-0.49999999999998934,
meta.M2.Before,Dreyer2023,85,0.6666666666666821,
meta.M2.Before,Dreyer2023,86,-1.9999999999999907,
meta.M2.Before,Dreyer2023,87,-4.1666666666666625,
meta.M2.Before,PhysionetMI,1,-0.15151515151515804,
meta.M2.Before,PhysionetMI,2,-0.2307692307692344,
meta.M2.Before,PhysionetMI,3,0.909090909090926,
meta.M2.Before,PhysionetMI,4,1.8181818181818188,
meta.M2.Before,PhysionetMI,5,0.8333333333333415,
meta.M2.Before,PhysionetMI,6,-0.909090909090915,
meta.M2.Before,PhysionetMI,7,-0.8333333333333526,
meta.M2.Before,PhysionetMI,8,0.07575757575756237,
meta.M2.Before,PhysionetMI,9,0.7692307692307776,
meta.M2.Before,PhysionetMI,10,2.076923076923076,
meta.M2.Before,PhysionetMI,11,-1.81818181818183,
meta.M2.Before,PhysionetMI,12,0.909090909090915,
meta.M2.Before,PhysionetMI,13,-1.1363636363636465,
meta.M2.Before,PhysionetMI,14,-1.7424242424242453,
meta.M2.Before,PhysionetMI,15,1.3076923076923208,
meta.M2.Before,PhysionetMI,16,-1.8181818181818188,
meta.M2.Before,PhysionetMI,17,0.9090909090908927,
meta.M2.Before,PhysionetMI,18,0.0,
meta.M2.Before,PhysionetMI,19,-0.7575757575757569,
meta.M2.Before,PhysionetMI,20,0.2272727272727315,
meta.M2.Before,PhysionetMI,21,-0.07575757575757347,
meta.M2.Before,PhysionetMI,22,0.0,
meta.M2.Before,PhysionetMI,23,0.0,
meta.M2.Before,PhysionetMI,24,-2.5757575757575646,
meta.M2.Before,PhysionetMI,25,3.409090909090917,
meta.M2.Before,PhysionetMI,26,-1.7692307692307674,
meta.M2.Before,PhysionetMI,27,-0.7575757575757569,
meta.M2.Before,PhysionetMI,28,-0.8333333333333415,
meta.M2.Before,PhysionetMI,29,1.7424242424242453,
meta.M2.Before,PhysionetMI,30,-1.8181818181818188,
meta.M2.Before,PhysionetMI,31,-6.742424242424249,
meta.M2.Before,PhysionetMI,32,-1.9999999999999907,
meta.M2.Before,PhysionetMI,33,0.909090909090915,
meta.M2.Before,PhysionetMI,34,1.538461538461533,
meta.M2.Before,PhysionetMI,35,-0.8333333333333193,
meta.M2.Before,PhysionetMI,36,-5.3787878787878824,
meta.M2.Before,PhysionetMI,37,3.409090909090906,
meta.M2.Before,PhysionetMI,38,3.3333333333333384,
meta.M2.Before,PhysionetMI,39,0.0,
meta.M2.Before,PhysionetMI,40,0.0,
meta.M2.Before,PhysionetMI,41,-1.538461538461544,
meta.M2.Before,PhysionetMI,42,3.3333333333333437,
meta.M2.Before,PhysionetMI,43,0.0,
meta.M2.Before,PhysionetMI,44,-0.8333333333333304,
meta.M2.Before,PhysionetMI,45,-0.07575757575757347,
meta.M2.Before,PhysionetMI,46,1.8939393939393923,
meta.M2.Before,PhysionetMI,47,0.7575757575757569,
meta.M2.Before,PhysionetMI,48,0.0,
meta.M2.Before,PhysionetMI,49,1.7424242424242453,
meta.M2.Before,PhysionetMI,50,-1.8181818181818188,
meta.M2.Before,PhysionetMI,51,1.8181818181818077,
meta.M2.Before,PhysionetMI,52,0.2307692307692233,
meta.M2.Before,PhysionetMI,53,2.651515151515138,
meta.M2.Before,PhysionetMI,54,-3.4848484848484906,
meta.M2.Before,PhysionetMI,55,-0.9090909090909038,
meta.M2.Before,PhysionetMI,56,-0.8333333333333304,
meta.M2.Before,PhysionetMI,57,0.8333333333333304,
meta.M2.Before,PhysionetMI,58,-4.615384615384621,
meta.M2.Before,PhysionetMI,59,1.5151515151515138,
meta.M2.Before,PhysionetMI,60,0.0,
meta.M2.Before,PhysionetMI,61,0.0,
meta.M2.Before,PhysionetMI,62,-0.8333333333333526,
meta.M2.Before,PhysionetMI,63,-1.8939393939394034,
meta.M2.Before,PhysionetMI,64,-0.7575757575757569,
meta.M2.Before,PhysionetMI,65,1.6666666666666718,
meta.M2.Before,PhysionetMI,66,-0.07575757575757347,
meta.M2.Before,PhysionetMI,67,0.8333333333333304,
meta.M2.Before,PhysionetMI,68,-1.6666666666666718,
meta.M2.Before,PhysionetMI,69,1.2307692307692353,
meta.M2.Before,PhysionetMI,70,1.7424242424242342,
meta.M2.Before,PhysionetMI,71,-1.5909090909090984,
meta.M2.Before,PhysionetMI,72,0.0,
meta.M2.Before,PhysionetMI,73,0.07575757575757347,
meta.M2.Before,PhysionetMI,74,-1.8181818181818188,
meta.M2.Before,PhysionetMI,75,0.909090909090915,
meta.M2.Before,PhysionetMI,76,-3.4848484848484684,
meta.M2.Before,PhysionetMI,77,2.7272727272727226,
meta.M2.Before,PhysionetMI,78,-1.7424242424242453,
meta.M2.Before,PhysionetMI,79,0.07575757575758457,
meta.M2.Before,PhysionetMI,80,-0.7692307692307665,
meta.M2.Before,PhysionetMI,81,-0.8333333333333415,
meta.M2.Before,PhysionetMI,82,0.0,
meta.M2.Before,PhysionetMI,83,-2.7692307692307683,
meta.M2.Before,PhysionetMI,84,0.0,
meta.M2.Before,PhysionetMI,85,0.8333333333333415,
meta.M2.Before,PhysionetMI,86,-0.7692307692307776,
meta.M2.Before,PhysionetMI,87,-0.7575757575757569,
meta.M2.Before,PhysionetMI,90,-0.07575757575758457,
meta.M2.Before,PhysionetMI,91,0.0,
meta.M2.Before,PhysionetMI,93,1.7424242424242342,
meta.M2.Before,PhysionetMI,94,-2.5757575757575757,
meta.M2.Before,PhysionetMI,95,-0.2307692307692233,
meta.M2.Before,PhysionetMI,96,0.0,
meta.M2.Before,PhysionetMI,97,1.6666666666666718,
meta.M2.Before,PhysionetMI,98,-1.81818181818183,
meta.M2.Before,PhysionetMI,99,0.9848484848484884,
meta.M2.Before,PhysionetMI,101,-0.2307692307692233,
meta.M2.Before,PhysionetMI,102,-2.6515151515151603,
meta.M2.Before,PhysionetMI,103,1.8939393939393923,
meta.M2.Before,PhysionetMI,105,-0.8333333333333415,
meta.M2.Before,PhysionetMI,107,-1.7424242424242342,
meta.M2.Before,PhysionetMI,108,1.6666666666666607,
meta.M2.Before,PhysionetMI,109,3.4848484848484795,
meta.M2.After,Cho2017,1,-2.6000000000000023,
meta.M2.After,Cho2017,2,3.400000000000003,
meta.M2.After,Cho2017,3,4.600000000000004,
meta.M2.After,Cho2017,4,-3.8000000000000034,
meta.M2.After,Cho2017,5,0.0,
meta.M2.After,Cho2017,6,-0.8000000000000007,
meta.M2.After,Cho2017,7,0.33333333333332993,
meta.M2.After,Cho2017,8,0.6000000000000005,
meta.M2.After,Cho2017,9,2.500000000000002,
meta.M2.After,Cho2017,10,0.20000000000001128,
meta.M2.After,Cho2017,11,0.20000000000000018,
meta.M2.After,Cho2017,12,-0.5999999999999894,
meta.M2.After,Cho2017,13,-1.5999999999999903,
meta.M2.After,Cho2017,14,1.200000000000001,
meta.M2.After,Cho2017,15,2.200000000000002,
meta.M2.After,Cho2017,16,2.199999999999991,
meta.M2.After,Cho2017,17,0.0,
meta.M2.After,Cho2017,18,-1.200000000000001,
meta.M2.After,Cho2017,19,-1.200000000000001,
meta.M2.After,Cho2017,20,-1.0000000000000009,
meta.M2.After,Cho2017,21,-1.4000000000000012,
meta.M2.After,Cho2017,22,-0.8000000000000007,
meta.M2.After,Cho2017,23,1.200000000000001,
meta.M2.After,Cho2017,24,-0.7999999999999896,
meta.M2.After,Cho2017,25,0.40000000000000036,
meta.M2.After,Cho2017,26,-0.40000000000000036,
meta.M2.After,Cho2017,27,1.1102230246251565e-14,
meta.M2.After,Cho2017,28,-1.19999999999999,
meta.M2.After,Cho2017,29,-5.200000000000005,
meta.M2.After,Cho2017,30,-7.399999999999995,
meta.M2.After,Cho2017,31,-1.200000000000001,
meta.M2.After,Cho2017,32,1.4000000000000012,
meta.M2.After,Cho2017,33,0.6000000000000005,
meta.M2.After,Cho2017,34,-0.20000000000001128,
meta.M2.After,Cho2017,35,8.200000000000001,
meta.M2.After,Cho2017,36,-2.599999999999991,
meta.M2.After,Cho2017,37,-1.6000000000000014,
meta.M2.After,Cho2017,38,2.599999999999991,
meta.M2.After,Cho2017,39,0.0,
meta.M2.After,Cho2017,40,0.40000000000000036,
meta.M2.After,Cho2017,41,2.400000000000002,
meta.M2.After,Cho2017,42,2.000000000000013,
meta.M2.After,Cho2017,43,0.0,
meta.M2.After,Cho2017,44,-0.20000000000000018,
meta.M2.After,Cho2017,45,1.8000000000000016,
meta.M2.After,Cho2017,46,-0.33333333333334103,
meta.M2.After,Cho2017,47,-1.6000000000000014,
meta.M2.After,Cho2017,48,-1.6000000000000014,
meta.M2.After,Cho2017,49,0.0,
meta.M2.After,Cho2017,50,1.0000000000000009,
meta.M2.After,Cho2017,51,1.7999999999999905,
meta.M2.After,Cho2017,52,3.399999999999992,
meta.M2.After,Dreyer2023,1,-0.5000000000000338,
meta.M2.After,Dreyer2023,2,0.666666666666671,
meta.M2.After,Dreyer2023,3,-0.16666666666668162,
meta.M2.After,Dreyer2023,5,1.1102230246251565e-14,
meta.M2.After,Dreyer2023,6,4.333333333333345,
meta.M2.After,Dreyer2023,7,-1.1666666666666825,
meta.M2.After,Dreyer2023,8,1.3333333333333308,
meta.M2.After,Dreyer2023,10,0.6666666666666488,
meta.M2.After,Dreyer2023,11,3.833333333333333,
meta.M2.After,Dreyer2023,12,0.49999999999997824,
meta.M2.After,Dreyer2023,13,-0.16666666666667052,
meta.M2.After,Dreyer2023,14,1.5000000000000013,
meta.M2.After,Dreyer2023,15,-0.8333333333333304,
meta.M2.After,Dreyer2023,16,1.5000000000000013,
meta.M2.After,Dreyer2023,18,1.0000000000000342,
meta.M2.After,Dreyer2023,19,1.0000000000000009,
meta.M2.After,Dreyer2023,20,0.33333333333335213,
meta.M2.After,Dreyer2023,21,0.49999999999997824,
meta.M2.After,Dreyer2023,22,0.5000000000000115,
meta.M2.After,Dreyer2023,23,-0.666666666666671,
meta.M2.After,Dreyer2023,24,0.0,
meta.M2.After,Dreyer2023,25,-0.5000000000000004,
meta.M2.After,Dreyer2023,26,-2.6666666666666616,
meta.M2.After,Dreyer2023,27,-1.333333333333342,
meta.M2.After,Dreyer2023,28,2.333333333333343,
meta.M2.After,Dreyer2023,30,1.1666666666666714,
meta.M2.After,Dreyer2023,31,0.5000000000000004,
meta.M2.After,Dreyer2023,32,1.3333333333333197,
meta.M2.After,Dreyer2023,33,-2.3333333333333317,
meta.M2.After,Dreyer2023,34,0.6666666666666821,
meta.M2.After,Dreyer2023,35,-1.8333333333333424,
meta.M2.After,Dreyer2023,36,-3.833333333333333,
meta.M2.After,Dreyer2023,37,-0.5000000000000004,
meta.M2.After,Dreyer2023,38,0.33333333333332993,
meta.M2.After,Dreyer2023,39,-0.16666666666668162,
meta.M2.After,Dreyer2023,40,0.34482758620690834,
meta.M2.After,Dreyer2023,42,0.0,
meta.M2.After,Dreyer2023,43,1.4999999999999902,
meta.M2.After,Dreyer2023,44,1.8333333333333313,
meta.M2.After,Dreyer2023,45,-0.8333333333333415,
meta.M2.After,Dreyer2023,46,-0.16666666666667052,
meta.M2.After,Dreyer2023,47,0.33333333333332993,
meta.M2.After,Dreyer2023,48,2.500000000000002,
meta.M2.After,Dreyer2023,49,-0.1666666666666594,
meta.M2.After,Dreyer2023,50,-0.1666666666666594,
meta.M2.After,Dreyer2023,51,0.16666666666667052,
meta.M2.After,Dreyer2023,52,-1.8333333333333424,
meta.M2.After,Dreyer2023,53,2.6666666666666727,
meta.M2.After,Dreyer2023,54,-2.166666666666661,
meta.M2.After,Dreyer2023,55,0.33333333333335213,
meta.M2.After,Dreyer2023,56,0.1666666666666483,
meta.M2.After,Dreyer2023,57,-1.1666666666666714,
meta.M2.After,Dreyer2023,58,0.33333333333334103,
meta.M2.After,Dreyer2023,59,0.5000000000000004,
meta.M2.After,Dreyer2023,60,-0.9999999999999898,
meta.M2.After,Dreyer2023,61,1.6666666666666607,
meta.M2.After,Dreyer2023,62,0.9999999999999898,
meta.M2.After,Dreyer2023,63,-0.6666666666666821,
meta.M2.After,Dreyer2023,64,-0.5000000000000004,
meta.M2.After,Dreyer2023,65,0.6666666666666821,
meta.M2.After,Dreyer2023,66,0.5000000000000004,
meta.M2.After,Dreyer2023,67,1.3333333333333308,
meta.M2.After,Dreyer2023,68,-1.000000000000012,
meta.M2.After,Dreyer2023,69,-1.000000000000012,
meta.M2.After,Dreyer2023,70,-0.16666666666667052,
meta.M2.After,Dreyer2023,71,0.33333333333332993,
meta.M2.After,Dreyer2023,72,0.6666666666666599,
meta.M2.After,Dreyer2023,73,-2.166666666666661,
meta.M2.After,Dreyer2023,74,-0.16666666666667052,
meta.M2.After,Dreyer2023,75,0.9999999999999898,
meta.M2.After,Dreyer2023,76,0.33333333333335213,
meta.M2.After,Dreyer2023,77,-0.1666666666666594,
meta.M2.After,Dreyer2023,80,-1.3333333333333308,
meta.M2.After,Dreyer2023,81,-1.1666666666666714,
meta.M2.After,Dreyer2023,82,2.500000000000002,
meta.M2.After,Dreyer2023,83,-0.16666666666667052,
meta.M2.After,Dreyer2023,84,0.0,
meta.M2.After,Dreyer2023,85,0.33333333333332993,
meta.M2.After,Dreyer2023,86,0.16666666666668162,
meta.M2.After,Dreyer2023,87,-3.166666666666673,
meta.M2.After,PhysionetMI,1,2.500000000000002,
meta.M2.After,PhysionetMI,2,0.0,
meta.M2.After,PhysionetMI,3,0.909090909090926,
meta.M2.After,PhysionetMI,4,-0.15151515151516914,
meta.M2.After,PhysionetMI,5,1.81818181818183,
meta.M2.After,PhysionetMI,6,0.909090909090915,
meta.M2.After,PhysionetMI,7,-0.8333333333333526,
meta.M2.After,PhysionetMI,8,0.8333333333333415,
meta.M2.After,PhysionetMI,9,-1.9999999999999796,
meta.M2.After,PhysionetMI,10,3.076923076923077,
meta.M2.After,PhysionetMI,11,0.0,
meta.M2.After,PhysionetMI,12,-0.757575757575768,
meta.M2.After,PhysionetMI,13,-5.681818181818188,
meta.M2.After,PhysionetMI,14,-3.4848484848484906,
meta.M2.After,PhysionetMI,15,-1.5384615384615663,
meta.M2.After,PhysionetMI,16,1.7424242424242564,
meta.M2.After,PhysionetMI,17,-3.409090909090917,
meta.M2.After,PhysionetMI,18,0.0,
meta.M2.After,PhysionetMI,19,-0.7575757575757569,
meta.M2.After,PhysionetMI,20,0.909090909090926,
meta.M2.After,PhysionetMI,21,-1.7424242424242342,
meta.M2.After,PhysionetMI,22,0.0,
meta.M2.After,PhysionetMI,23,0.0,
meta.M2.After,PhysionetMI,24,0.909090909090915,
meta.M2.After,PhysionetMI,25,-0.5303030303030365,
meta.M2.After,PhysionetMI,26,-1.2307692307692242,
meta.M2.After,PhysionetMI,27,0.07575757575757347,
meta.M2.After,PhysionetMI,28,2.954545454545454,
meta.M2.After,PhysionetMI,29,0.8333333333333415,
meta.M2.After,PhysionetMI,30,1.666666666666683,
meta.M2.After,PhysionetMI,31,-1.7424242424242453,
meta.M2.After,PhysionetMI,32,2.7692307692307683,
meta.M2.After,PhysionetMI,33,0.9090909090908816,
meta.M2.After,PhysionetMI,34,0.5384615384615432,
meta.M2.After,PhysionetMI,35,-0.9090909090908927,
meta.M2.After,PhysionetMI,36,-4.318181818181821,
meta.M2.After,PhysionetMI,37,3.3333333333333326,
meta.M2.After,PhysionetMI,38,1.8181818181818132,
meta.M2.After,PhysionetMI,39,-5.984848484848493,
meta.M2.After,PhysionetMI,40,-5.909090909090898,
meta.M2.After,PhysionetMI,41,1.0000000000000009,
meta.M2.After,PhysionetMI,42,0.0,
meta.M2.After,PhysionetMI,43,-2.499999999999991,
meta.M2.After,PhysionetMI,44,-0.8333333333333304,
meta.M2.After,PhysionetMI,45,1.7424242424242453,
meta.M2.After,PhysionetMI,46,-4.318181818181821,
meta.M2.After,PhysionetMI,47,-1.7424242424242453,
meta.M2.After,PhysionetMI,48,0.0,
meta.M2.After,PhysionetMI,49,1.6666666666666607,
meta.M2.After,PhysionetMI,50,1.7424242424242564,
meta.M2.After,PhysionetMI,51,-2.7272727272727226,
meta.M2.After,PhysionetMI,52,-1.538461538461533,
meta.M2.After,PhysionetMI,53,0.8333333333333193,
meta.M2.After,PhysionetMI,54,-0.909090909090915,
meta.M2.After,PhysionetMI,55,-1.060606060606073,
meta.M2.After,PhysionetMI,56,0.0,
meta.M2.After,PhysionetMI,57,-0.07575757575758457,
meta.M2.After,PhysionetMI,58,3.0000000000000138,
meta.M2.After,PhysionetMI,59,-0.07575757575757347,
meta.M2.After,PhysionetMI,60,-0.2307692307692344,
meta.M2.After,PhysionetMI,61,0.0,
meta.M2.After,PhysionetMI,62,-0.8333333333333526,
meta.M2.After,PhysionetMI,63,0.9848484848484995,
meta.M2.After,PhysionetMI,64,2.5757575757575757,
meta.M2.After,PhysionetMI,65,0.9090909090908816,
meta.M2.After,PhysionetMI,66,-3.712121212121211,
meta.M2.After,PhysionetMI,67,-0.909090909090926,
meta.M2.After,PhysionetMI,68,0.15151515151515804,
meta.M2.After,PhysionetMI,69,-0.7692307692307665,
meta.M2.After,PhysionetMI,70,0.0,
meta.M2.After,PhysionetMI,71,-3.333333333333355,
meta.M2.After,PhysionetMI,72,-0.07575757575757347,
meta.M2.After,PhysionetMI,73,-1.8181818181818188,
meta.M2.After,PhysionetMI,74,-0.15151515151514694,
meta.M2.After,PhysionetMI,75,0.9848484848484884,
meta.M2.After,PhysionetMI,76,4.469696969696973,
meta.M2.After,PhysionetMI,77,4.469696969696968,
meta.M2.After,PhysionetMI,78,-4.1666666666666625,
meta.M2.After,PhysionetMI,79,-0.9090909090909038,
meta.M2.After,PhysionetMI,80,-0.7692307692307665,
meta.M2.After,PhysionetMI,81,-0.9090909090909038,
meta.M2.After,PhysionetMI,82,0.8333333333333415,
meta.M2.After,PhysionetMI,83,0.7692307692307665,
meta.M2.After,PhysionetMI,84,-0.909090909090915,
meta.M2.After,PhysionetMI,85,0.07575757575758457,
meta.M2.After,PhysionetMI,86,-0.7692307692307776,
meta.M2.After,PhysionetMI,87,-3.3333333333333326,
meta.M2.After,PhysionetMI,90,-0.9848484848484773,
meta.M2.After,PhysionetMI,91,-2.500000000000002,
meta.M2.After,PhysionetMI,93,-2.7272727272727226,
meta.M2.After,PhysionetMI,94,-1.5909090909091095,
meta.M2.After,PhysionetMI,95,1.8461538461538418,
meta.M2.After,PhysionetMI,96,2.651515151515138,
meta.M2.After,PhysionetMI,97,2.651515151515138,
meta.M2.After,PhysionetMI,98,-0.07575757575757902,
meta.M2.After,PhysionetMI,99,-3.4848484848484684,
meta.M2.After,PhysionetMI,101,-1.538461538461544,
meta.M2.After,PhysionetMI,102,-2.651515151515138,
meta.M2.After,PhysionetMI,103,-0.07575757575758457,
meta.M2.After,PhysionetMI,105,-0.8333333333333415,
meta.M2.After,PhysionetMI,107,-1.9696969696969768,
meta.M2.After,PhysionetMI,108,1.6666666666666607,
meta.M2.After,PhysionetMI,109,0.9848484848484884,
meta.M2.Increment,Cho2017,1,-2.6000000000000023,
meta.M2.Increment,Cho2017,2,3.200000000000003,
meta.M2.Increment,Cho2017,3,4.400000000000004,
meta.M2.Increment,Cho2017,4,2.9999999999999916,
meta.M2.Increment,Cho2017,5,0.20000000000000018,
meta.M2.Increment,Cho2017,6,-0.5999999999999894,
meta.M2.Increment,Cho2017,7,-0.5000000000000004,
meta.M2.Increment,Cho2017,8,1.0000000000000009,
meta.M2.Increment,Cho2017,9,0.16666666666668162,
meta.M2.Increment,Cho2017,10,2.4000000000000132,
meta.M2.Increment,Cho2017,11,0.40000000000000036,
meta.M2.Increment,Cho2017,12,0.0,
meta.M2.Increment,Cho2017,13,4.199999999999992,
meta.M2.Increment,Cho2017,14,5.999999999999995,
meta.M2.Increment,Cho2017,15,-0.6000000000000005,
meta.M2.Increment,Cho2017,16,5.799999999999983,
meta.M2.Increment,Cho2017,17,3.400000000000003,
meta.M2.Increment,Cho2017,18,2.6000000000000023,
meta.M2.Increment,Cho2017,19,1.4000000000000012,
meta.M2.Increment,Cho2017,20,2.399999999999991,
meta.M2.Increment,Cho2017,21,-1.6000000000000014,
meta.M2.Increment,Cho2017,22,-1.9999999999999907,
meta.M2.Increment,Cho2017,23,3.600000000000003,
meta.M2.Increment,Cho2017,24,1.2000000000000122,
meta.M2.Increment,Cho2017,25,1.8000000000000127,
meta.M2.Increment,Cho2017,26,0.0,
meta.M2.Increment,Cho2017,27,0.0,
meta.M2.Increment,Cho2017,28,-1.7999999999999794,
meta.M2.Increment,Cho2017,29,-2.6000000000000023,
meta.M2.Increment,Cho2017,30,5.800000000000005,
meta.M2.Increment,Cho2017,31,1.6000000000000014,
meta.M2.Increment,Cho2017,32,5.600000000000005,
meta.M2.Increment,Cho2017,33,2.0000000000000018,
meta.M2.Increment,Cho2017,34,1.5999999999999792,
meta.M2.Increment,Cho2017,35,1.6000000000000014,
meta.M2.Increment,Cho2017,36,-3.599999999999981,
meta.M2.Increment,Cho2017,37,0.19999999999998908,
meta.M2.Increment,Cho2017,38,2.399999999999991,
meta.M2.Increment,Cho2017,39,-1.0000000000000009,
meta.M2.Increment,Cho2017,40,-2.6000000000000023,
meta.M2.Increment,Cho2017,41,-1.7999999999999905,
meta.M2.Increment,Cho2017,42,1.4000000000000123,
meta.M2.Increment,Cho2017,43,0.0,
meta.M2.Increment,Cho2017,44,-0.7999999999999896,
meta.M2.Increment,Cho2017,45,-1.9999999999999907,
meta.M2.Increment,Cho2017,46,-2.8333333333333433,
meta.M2.Increment,Cho2017,47,-0.5999999999999894,
meta.M2.Increment,Cho2017,48,1.6000000000000014,
meta.M2.Increment,Cho2017,49,0.20000000000000018,
meta.M2.Increment,Cho2017,50,0.20000000000000018,
meta.M2.Increment,Cho2017,51,-0.20000000000000018,
meta.M2.Increment,Cho2017,52,1.7999999999999905,
meta.M2.Increment,Dreyer2023,1,-0.16666666666671492,
meta.M2.Increment,Dreyer2023,2,2.333333333333343,
meta.M2.Increment,Dreyer2023,3,2.166666666666661,
meta.M2.Increment,Dreyer2023,5,0.33333333333336324,
meta.M2.Increment,Dreyer2023,6,5.666666666666675,
meta.M2.Increment,Dreyer2023,7,-1.0000000000000009,
meta.M2.Increment,Dreyer2023,8,-0.6666666666666599,
meta.M2.Increment,Dreyer2023,10,1.666666666666683,
meta.M2.Increment,Dreyer2023,11,1.0000000000000009,
meta.M2.Increment,Dreyer2023,12,0.8333333333333415,
meta.M2.Increment,Dreyer2023,13,1.1666666666666603,
meta.M2.Increment,Dreyer2023,14,0.8333333333333415,
meta.M2.Increment,Dreyer2023,15,-0.3333333333333077,
meta.M2.Increment,Dreyer2023,16,1.8333333333333535,
meta.M2.Increment,Dreyer2023,18,-1.833333333333298,
meta.M2.Increment,Dreyer2023,19,3.16666666666664,
meta.M2.Increment,Dreyer2023,20,0.16666666666670382,
meta.M2.Increment,Dreyer2023,21,0.6666666666666266,
meta.M2.Increment,Dreyer2023,22,2.000000000000013,
meta.M2.Increment,Dreyer2023,23,-0.666666666666671,
meta.M2.Increment,Dreyer2023,24,0.5000000000000004,
meta.M2.Increment,Dreyer2023,25,-0.6666666666666821,
meta.M2.Increment,Dreyer2023,26,-2.499999999999991,
meta.M2.Increment,Dreyer2023,27,1.0000000000000009,
meta.M2.Increment,Dreyer2023,28,1.000000000000012,
meta.M2.Increment,Dreyer2023,30,1.333333333333353,
meta.M2.Increment,Dreyer2023,31,0.5000000000000004,
meta.M2.Increment,Dreyer2023,32,-0.8333333333333526,
meta.M2.Increment,Dreyer2023,33,0.5000000000000115,
meta.M2.Increment,Dreyer2023,34,-0.9999999999999787,
meta.M2.Increment,Dreyer2023,35,-1.5000000000000124,
meta.M2.Increment,Dreyer2023,36,-4.5000000000000036,
meta.M2.Increment,Dreyer2023,37,-1.5000000000000013,
meta.M2.Increment,Dreyer2023,38,1.8333333333333202,
meta.M2.Increment,Dreyer2023,39,0.3333333333332855,
meta.M2.Increment,Dreyer2023,40,1.3793103448276,
meta.M2.Increment,Dreyer2023,42,-1.1666666666666714,
meta.M2.Increment,Dreyer2023,43,0.8333333333333415,
meta.M2.Increment,Dreyer2023,44,0.49999999999998934,
meta.M2.Increment,Dreyer2023,45,-0.6666666666666599,
meta.M2.Increment,Dreyer2023,46,-0.16666666666667052,
meta.M2.Increment,Dreyer2023,47,0.49999999999998934,
meta.M2.Increment,Dreyer2023,48,0.16666666666667052,
meta.M2.Increment,Dreyer2023,49,1.1666666666666714,
meta.M2.Increment,Dreyer2023,50,1.0000000000000009,
meta.M2.Increment,Dreyer2023,51,-1.3333333333333308,
meta.M2.Increment,Dreyer2023,52,-2.9999999999999916,
meta.M2.Increment,Dreyer2023,53,1.5000000000000013,
meta.M2.Increment,Dreyer2023,54,-1.0000000000000009,
meta.M2.Increment,Dreyer2023,55,3.3306690738754696e-14,
meta.M2.Increment,Dreyer2023,56,1.6666666666666385,
meta.M2.Increment,Dreyer2023,57,0.49999999999998934,
meta.M2.Increment,Dreyer2023,58,-0.8333333333333304,
meta.M2.Increment,Dreyer2023,59,-1.0000000000000009,
meta.M2.Increment,Dreyer2023,60,-2.6666666666666505,
meta.M2.Increment,Dreyer2023,61,1.6666666666666607,
meta.M2.Increment,Dreyer2023,62,1.3333333333333197,
meta.M2.Increment,Dreyer2023,63,0.9999999999999787,
meta.M2.Increment,Dreyer2023,64,1.8333333333333202,
meta.M2.Increment,Dreyer2023,65,1.5000000000000124,
meta.M2.Increment,Dreyer2023,66,-0.33333333333332993,
meta.M2.Increment,Dreyer2023,67,-0.6666666666666821,
meta.M2.Increment,Dreyer2023,68,-0.5000000000000115,
meta.M2.Increment,Dreyer2023,69,0.8333333333333304,
meta.M2.Increment,Dreyer2023,70,-1.0000000000000009,
meta.M2.Increment,Dreyer2023,71,-1.5000000000000124,
meta.M2.Increment,Dreyer2023,72,-0.16666666666668162,
meta.M2.Increment,Dreyer2023,73,-0.1666666666666594,
meta.M2.Increment,Dreyer2023,74,-0.5000000000000115,
meta.M2.Increment,Dreyer2023,75,0.33333333333332993,
meta.M2.Increment,Dreyer2023,76,1.1102230246251565e-14,
meta.M2.Increment,Dreyer2023,77,0.0,
meta.M2.Increment,Dreyer2023,80,-3.833333333333333,
meta.M2.Increment,Dreyer2023,81,-1.3333333333333308,
meta.M2.Increment,Dreyer2023,82,2.500000000000002,
meta.M2.Increment,Dreyer2023,83,2.0000000000000018,
meta.M2.Increment,Dreyer2023,84,0.49999999999998934,
meta.M2.Increment,Dreyer2023,85,-0.33333333333335213,
meta.M2.Increment,Dreyer2023,86,2.1666666666666723,
meta.M2.Increment,Dreyer2023,87,0.9999999999999898,
meta.M2.Increment,PhysionetMI,1,2.6515151515151603,
meta.M2.Increment,PhysionetMI,2,0.2307692307692344,
meta.M2.Increment,PhysionetMI,3,0.0,
meta.M2.Increment,PhysionetMI,4,-1.969696969696988,
meta.M2.Increment,PhysionetMI,5,0.9848484848484884,
meta.M2.Increment,PhysionetMI,6,1.81818181818183,
meta.M2.Increment,PhysionetMI,7,0.0,
meta.M2.Increment,PhysionetMI,8,0.7575757575757791,
meta.M2.Increment,PhysionetMI,9,-2.769230769230757,
meta.M2.Increment,PhysionetMI,10,1.0000000000000009,
meta.M2.Increment,PhysionetMI,11,1.81818181818183,
meta.M2.Increment,PhysionetMI,12,-1.666666666666683,
meta.M2.Increment,PhysionetMI,13,-4.545454545454541,
meta.M2.Increment,PhysionetMI,14,-1.7424242424242453,
meta.M2.Increment,PhysionetMI,15,-2.846153846153887,
meta.M2.Increment,PhysionetMI,16,3.560606060606075,
meta.M2.Increment,PhysionetMI,17,-4.3181818181818095,
meta.M2.Increment,PhysionetMI,18,0.0,
meta.M2.Increment,PhysionetMI,19,0.0,
meta.M2.Increment,PhysionetMI,20,0.6818181818181945,
meta.M2.Increment,PhysionetMI,21,-1.6666666666666607,
meta.M2.Increment,PhysionetMI,22,0.0,
meta.M2.Increment,PhysionetMI,23,0.0,
meta.M2.Increment,PhysionetMI,24,3.4848484848484795,
meta.M2.Increment,PhysionetMI,25,-3.9393939393939537,
meta.M2.Increment,PhysionetMI,26,0.5384615384615432,
meta.M2.Increment,PhysionetMI,27,0.8333333333333304,
meta.M2.Increment,PhysionetMI,28,3.7878787878787956,
meta.M2.Increment,PhysionetMI,29,-0.9090909090909038,
meta.M2.Increment,PhysionetMI,30,3.4848484848485017,
meta.M2.Increment,PhysionetMI,31,5.000000000000004,
meta.M2.Increment,PhysionetMI,32,4.769230769230759,
meta.M2.Increment,PhysionetMI,33,-3.3306690738754696e-14,
meta.M2.Increment,PhysionetMI,34,-0.9999999999999898,
meta.M2.Increment,PhysionetMI,35,-0.07575757575757347,
meta.M2.Increment,PhysionetMI,36,1.0606060606060619,
meta.M2.Increment,PhysionetMI,37,-0.07575757575757347,
meta.M2.Increment,PhysionetMI,38,-1.515151515151525,
meta.M2.Increment,PhysionetMI,39,-5.984848484848493,
meta.M2.Increment,PhysionetMI,40,-5.909090909090898,
meta.M2.Increment,PhysionetMI,41,2.538461538461545,
meta.M2.Increment,PhysionetMI,42,-3.3333333333333437,
meta.M2.Increment,PhysionetMI,43,-2.499999999999991,
meta.M2.Increment,PhysionetMI,44,0.0,
meta.M2.Increment,PhysionetMI,45,1.8181818181818188,
meta.M2.Increment,PhysionetMI,46,-6.212121212121213,
meta.M2.Increment,PhysionetMI,47,-2.500000000000002,
meta.M2.Increment,PhysionetMI,48,0.0,
meta.M2.Increment,PhysionetMI,49,-0.07575757575758457,
meta.M2.Increment,PhysionetMI,50,3.560606060606075,
meta.M2.Increment,PhysionetMI,51,-4.545454545454531,
meta.M2.Increment,PhysionetMI,52,-1.7692307692307563,
meta.M2.Increment,PhysionetMI,53,-1.8181818181818188,
meta.M2.Increment,PhysionetMI,54,2.5757575757575757,
meta.M2.Increment,PhysionetMI,55,-0.15151515151516914,
meta.M2.Increment,PhysionetMI,56,0.8333333333333304,
meta.M2.Increment,PhysionetMI,57,-0.909090909090915,
meta.M2.Increment,PhysionetMI,58,7.6153846153846345,
meta.M2.Increment,PhysionetMI,59,-1.5909090909090873,
meta.M2.Increment,PhysionetMI,60,-0.2307692307692344,
meta.M2.Increment,PhysionetMI,61,0.0,
meta.M2.Increment,PhysionetMI,62,0.0,
meta.M2.Increment,PhysionetMI,63,2.878787878787903,
meta.M2.Increment,PhysionetMI,64,3.3333333333333326,
meta.M2.Increment,PhysionetMI,65,-0.7575757575757902,
meta.M2.Increment,PhysionetMI,66,-3.6363636363636376,
meta.M2.Increment,PhysionetMI,67,-1.7424242424242564,
meta.M2.Increment,PhysionetMI,68,1.81818181818183,
meta.M2.Increment,PhysionetMI,69,-2.0000000000000018,
meta.M2.Increment,PhysionetMI,70,-1.7424242424242342,
meta.M2.Increment,PhysionetMI,71,-1.7424242424242564,
meta.M2.Increment,PhysionetMI,72,-0.07575757575757347,
meta.M2.Increment,PhysionetMI,73,-1.8939393939393923,
meta.M2.Increment,PhysionetMI,74,1.6666666666666718,
meta.M2.Increment,PhysionetMI,75,0.07575757575757347,
meta.M2.Increment,PhysionetMI,76,7.954545454545442,
meta.M2.Increment,PhysionetMI,77,1.7424242424242453,
meta.M2.Increment,PhysionetMI,78,-2.4242424242424176,
meta.M2.Increment,PhysionetMI,79,-0.9848484848484884,
meta.M2.Increment,PhysionetMI,80,0.0,
meta.M2.Increment,PhysionetMI,81,-0.07575757575756237,
meta.M2.Increment,PhysionetMI,82,0.8333333333333415,
meta.M2.Increment,PhysionetMI,83,3.5384615384615348,
meta.M2.Increment,PhysionetMI,84,-0.909090909090915,
meta.M2.Increment,PhysionetMI,85,-0.7575757575757569,
meta.M2.Increment,PhysionetMI,86,0.0,
meta.M2.Increment,PhysionetMI,87,-2.5757575757575757,
meta.M2.Increment,PhysionetMI,90,-0.9090909090908927,
meta.M2.Increment,PhysionetMI,91,-2.500000000000002,
meta.M2.Increment,PhysionetMI,93,-4.469696969696956,
meta.M2.Increment,PhysionetMI,94,0.9848484848484662,
meta.M2.Increment,PhysionetMI,95,2.076923076923065,
meta.M2.Increment,PhysionetMI,96,2.651515151515138,
meta.M2.Increment,PhysionetMI,97,0.9848484848484662,
meta.M2.Increment,PhysionetMI,98,1.7424242424242509,
meta.M2.Increment,PhysionetMI,99,-4.469696969696956,
meta.M2.Increment,PhysionetMI,101,-1.3076923076923208,
meta.M2.Increment,PhysionetMI,102,2.220446049250313e-14,
meta.M2.Increment,PhysionetMI,103,-1.9696969696969768,
meta.M2.Increment,PhysionetMI,105,0.0,
meta.M2.Increment,PhysionetMI,107,-0.22727272727274261,
meta.M2.Increment,PhysionetMI,108,0.0,
meta.M2.Increment,PhysionetMI,109,-2.499999999999991,
extension.Lee.film_offset.own_gain,Lee2019_MI,1,-3.1999999999999895,
extension.Lee.film_offset.own_gain,Lee2019_MI,2,1.39999999999999,
extension.Lee.film_offset.own_gain,Lee2019_MI,3,-2.8000000000000003,
extension.Lee.film_offset.own_gain,Lee2019_MI,4,0.6,
extension.Lee.film_offset.own_gain,Lee2019_MI,5,4.79999999999999,
extension.Lee.film_offset.own_gain,Lee2019_MI,6,3.8,
extension.Lee.film_offset.own_gain,Lee2019_MI,7,-8.200000000000001,
extension.Lee.film_offset.own_gain,Lee2019_MI,8,1.4000000000000001,
extension.Lee.film_offset.own_gain,Lee2019_MI,9,1.19999999999999,
extension.Lee.film_offset.own_gain,Lee2019_MI,10,0.4,
extension.Lee.film_offset.own_gain,Lee2019_MI,11,-5.99999999999999,
extension.Lee.film_offset.own_gain,Lee2019_MI,12,1.2,
extension.Lee.film_offset.own_gain,Lee2019_MI,13,-5.79999999999999,
extension.Lee.film_offset.own_gain,Lee2019_MI,14,0.6,
extension.Lee.film_offset.own_gain,Lee2019_MI,15,3.2,
extension.Lee.film_offset.own_gain,Lee2019_MI,16,-4.79999999999999,
extension.Lee.film_offset.own_gain,Lee2019_MI,17,-0.99999999999999,
extension.Lee.film_offset.own_gain,Lee2019_MI,18,0.19999999999999,
extension.Lee.film_offset.own_gain,Lee2019_MI,19,1.2,
extension.Lee.film_offset.own_gain,Lee2019_MI,20,-9.0,
extension.Lee.film_offset.own_gain,Lee2019_MI,21,11.39999999999999,
extension.Lee.film_offset.own_gain,Lee2019_MI,22,-3.0,
extension.Lee.film_offset.own_gain,Lee2019_MI,23,2.8000000000000003,
extension.Lee.film_offset.own_gain,Lee2019_MI,24,-2.8000000000000003,
extension.Lee.film_offset.own_gain,Lee2019_MI,25,2.19999999999999,
extension.Lee.film_offset.own_gain,Lee2019_MI,26,2.6,
extension.Lee.film_offset.own_gain,Lee2019_MI,27,-1.39999999999999,
extension.Lee.film_offset.own_gain,Lee2019_MI,28,3.59999999999999,
extension.Lee.film_offset.own_gain,Lee2019_MI,29,18.39999999999999,
extension.Lee.film_offset.own_gain,Lee2019_MI,30,-1.99999999999999,
extension.Lee.film_offset.own_gain,Lee2019_MI,31,-0.4,
extension.Lee.film_offset.own_gain,Lee2019_MI,32,-2.5999999999999903,
extension.Lee.film_offset.own_gain,Lee2019_MI,33,-7.199999999999999,
extension.Lee.film_offset.own_gain,Lee2019_MI,34,6.2,
extension.Lee.film_offset.own_gain,Lee2019_MI,35,4.1999999999999895,
extension.Lee.film_offset.own_gain,Lee2019_MI,36,6.599999999999991,
extension.Lee.film_offset.own_gain,Lee2019_MI,37,-1.99999999999999,
extension.Lee.film_offset.own_gain,Lee2019_MI,38,-4.1999999999999895,
extension.Lee.film_offset.own_gain,Lee2019_MI,39,-4.8,
extension.Lee.film_offset.own_gain,Lee2019_MI,40,-3.3999999999999897,
extension.Lee.film_offset.own_gain,Lee2019_MI,41,-2.99999999999999,
extension.Lee.film_offset.own_gain,Lee2019_MI,42,-2.39999999999999,
extension.Lee.film_offset.own_gain,Lee2019_MI,43,4.3999999999999995,
extension.Lee.film_offset.own_gain,Lee2019_MI,44,9.39999999999999,
extension.Lee.film_offset.own_gain,Lee2019_MI,45,-12.79999999999999,
extension.Lee.film_offset.own_gain,Lee2019_MI,46,-11.79999999999999,
extension.Lee.film_offset.own_gain,Lee2019_MI,47,1.4000000000000001,
extension.Lee.film_offset.own_gain,Lee2019_MI,48,-4.39999999999999,
extension.Lee.film_offset.own_gain,Lee2019_MI,49,-0.6,
extension.Lee.film_offset.own_gain,Lee2019_MI,50,-0.2,
extension.Lee.film_offset.own_gain,Lee2019_MI,51,-5.399999999999991,
extension.Lee.film_offset.own_gain,Lee2019_MI,52,0.8,
extension.Lee.film_offset.own_gain,Lee2019_MI,53,-8.99999999999999,
extension.Lee.film_offset.own_gain,Lee2019_MI,54,-5.800000000000001,
extension.Lee.film_offset.upper_bound,Lee2019_MI,1,-1.23999999999999,
extension.Lee.film_offset.upper_bound,Lee2019_MI,2,6.3599999999999905,
extension.Lee.film_offset.upper_bound,Lee2019_MI,3,5.33999999999999,
extension.Lee.film_offset.upper_bound,Lee2019_MI,4,1.67999999999999,
extension.Lee.film_offset.upper_bound,Lee2019_MI,5,7.039999999999989,
extension.Lee.film_offset.upper_bound,Lee2019_MI,6,11.55999999999999,
extension.Lee.film_offset.upper_bound,Lee2019_MI,7,-0.75999999999999,
extension.Lee.film_offset.upper_bound,Lee2019_MI,8,9.499999999999991,
extension.Lee.film_offset.upper_bound,Lee2019_MI,9,4.63999999999999,
extension.Lee.film_offset.upper_bound,Lee2019_MI,10,1.9199999999999902,
extension.Lee.film_offset.upper_bound,Lee2019_MI,11,-3.5599999999999903,
extension.Lee.film_offset.upper_bound,Lee2019_MI,12,0.9199999999999999,
extension.Lee.film_offset.upper_bound,Lee2019_MI,13,2.22,
extension.Lee.film_offset.upper_bound,Lee2019_MI,14,-0.02,
extension.Lee.film_offset.upper_bound,Lee2019_MI,15,22.939999999999998,
extension.Lee.film_offset.upper_bound,Lee2019_MI,16,-0.9400000000000001,
extension.Lee.film_offset.upper_bound,Lee2019_MI,17,0.12,
extension.Lee.film_offset.upper_bound,Lee2019_MI,18,11.31999999999999,
extension.Lee.film_offset.upper_bound,Lee2019_MI,19,6.52,
extension.Lee.film_offset.upper_bound,Lee2019_MI,20,-1.9199999999999902,
extension.Lee.film_offset.upper_bound,Lee2019_MI,21,20.82,
extension.Lee.film_offset.upper_bound,Lee2019_MI,22,-0.43999999999998995,
extension.Lee.film_offset.upper_bound,Lee2019_MI,23,1.92,
extension.Lee.film_offset.upper_bound,Lee2019_MI,24,-0.84,
extension.Lee.film_offset.upper_bound,Lee2019_MI,25,2.76,
extension.Lee.film_offset.upper_bound,Lee2019_MI,26,10.01999999999999,
extension.Lee.film_offset.upper_bound,Lee2019_MI,27,8.79999999999999,
extension.Lee.film_offset.upper_bound,Lee2019_MI,28,6.13999999999998,
extension.Lee.film_offset.upper_bound,Lee2019_MI,29,30.41999999999999,
extension.Lee.film_offset.upper_bound,Lee2019_MI,30,-2.33999999999999,
extension.Lee.film_offset.upper_bound,Lee2019_MI,31,8.83999999999999,
extension.Lee.film_offset.upper_bound,Lee2019_MI,32,0.7799999999999999,
extension.Lee.film_offset.upper_bound,Lee2019_MI,33,-0.7799999999999999,
extension.Lee.film_offset.upper_bound,Lee2019_MI,34,2.5999999999999903,
extension.Lee.film_offset.upper_bound,Lee2019_MI,35,5.67999999999999,
extension.Lee.film_offset.upper_bound,Lee2019_MI,36,11.27999999999999,
extension.Lee.film_offset.upper_bound,Lee2019_MI,37,4.15999999999999,
extension.Lee.film_offset.upper_bound,Lee2019_MI,38,-3.06,
extension.Lee.film_offset.upper_bound,Lee2019_MI,39,2.77999999999999,
extension.Lee.film_offset.upper_bound,Lee2019_MI,40,-1.1400000000000001,
extension.Lee.film_offset.upper_bound,Lee2019_MI,41,3.35999999999999,
extension.Lee.film_offset.upper_bound,Lee2019_MI,42,3.25999999999999,
extension.Lee.film_offset.upper_bound,Lee2019_MI,43,8.66,
extension.Lee.film_offset.upper_bound,Lee2019_MI,44,12.879999999999999,
extension.Lee.film_offset.upper_bound,Lee2019_MI,45,-1.38,
extension.Lee.film_offset.upper_bound,Lee2019_MI,46,-8.69999999999999,
extension.Lee.film_offset.upper_bound,Lee2019_MI,47,4.55999999999999,
extension.Lee.film_offset.upper_bound,Lee2019_MI,48,-1.4399999999999902,
extension.Lee.film_offset.upper_bound,Lee2019_MI,49,2.4,
extension.Lee.film_offset.upper_bound,Lee2019_MI,50,-1.02,
extension.Lee.film_offset.upper_bound,Lee2019_MI,51,-3.92,
extension.Lee.film_offset.upper_bound,Lee2019_MI,52,5.47999999999999,
extension.Lee.film_offset.upper_bound,Lee2019_MI,53,-3.8799999999999897,
extension.Lee.film_offset.upper_bound,Lee2019_MI,54,-1.4000000000000001,
extension.Lee.lora8.own_gain,Lee2019_MI,1,4.1999999999999895,
extension.Lee.lora8.own_gain,Lee2019_MI,2,4.1999999999999895,
extension.Lee.lora8.own_gain,Lee2019_MI,3,5.19999999999999,
extension.Lee.lora8.own_gain,Lee2019_MI,4,-1.4000000000000001,
extension.Lee.lora8.own_gain,Lee2019_MI,5,3.79999999999999,
extension.Lee.lora8.own_gain,Lee2019_MI,6,5.19999999999999,
extension.Lee.lora8.own_gain,Lee2019_MI,7,-2.99999999999999,
extension.Lee.lora8.own_gain,Lee2019_MI,8,1.2,
extension.Lee.lora8.own_gain,Lee2019_MI,9,-0.7999999999999899,
extension.Lee.lora8.own_gain,Lee2019_MI,10,-0.2,
extension.Lee.lora8.own_gain,Lee2019_MI,11,-0.2,
extension.Lee.lora8.own_gain,Lee2019_MI,12,7.99999999999999,
extension.Lee.lora8.own_gain,Lee2019_MI,13,-4.99999999999999,
extension.Lee.lora8.own_gain,Lee2019_MI,14,0.6,
extension.Lee.lora8.own_gain,Lee2019_MI,15,5.99999999999999,
extension.Lee.lora8.own_gain,Lee2019_MI,16,-0.8,
extension.Lee.lora8.own_gain,Lee2019_MI,17,3.99999999999999,
extension.Lee.lora8.own_gain,Lee2019_MI,18,9.79999999999999,
extension.Lee.lora8.own_gain,Lee2019_MI,19,-4.59999999999999,
extension.Lee.lora8.own_gain,Lee2019_MI,20,-2.79999999999999,
extension.Lee.lora8.own_gain,Lee2019_MI,21,5.79999999999999,
extension.Lee.lora8.own_gain,Lee2019_MI,22,2.99999999999999,
extension.Lee.lora8.own_gain,Lee2019_MI,23,-3.2,
extension.Lee.lora8.own_gain,Lee2019_MI,24,-7.000000000000001,
extension.Lee.lora8.own_gain,Lee2019_MI,25,2.1999999999999997,
extension.Lee.lora8.own_gain,Lee2019_MI,26,2.5999999999999903,
extension.Lee.lora8.own_gain,Lee2019_MI,27,-1.5999999999999899,
extension.Lee.lora8.own_gain,Lee2019_MI,28,1.19999999999999,
extension.Lee.lora8.own_gain,Lee2019_MI,29,13.39999999999999,
extension.Lee.lora8.own_gain,Lee2019_MI,30,-2.19999999999999,
extension.Lee.lora8.own_gain,Lee2019_MI,31,2.5999999999999903,
extension.Lee.lora8.own_gain,Lee2019_MI,32,-2.5999999999999903,
extension.Lee.lora8.own_gain,Lee2019_MI,33,-5.4,
extension.Lee.lora8.own_gain,Lee2019_MI,34,3.0,
extension.Lee.lora8.own_gain,Lee2019_MI,35,0.8,
extension.Lee.lora8.own_gain,Lee2019_MI,36,-1.7999999999999998,
extension.Lee.lora8.own_gain,Lee2019_MI,37,7.39999999999999,
extension.Lee.lora8.own_gain,Lee2019_MI,38,-1.2,
extension.Lee.lora8.own_gain,Lee2019_MI,39,2.4,
extension.Lee.lora8.own_gain,Lee2019_MI,40,-0.8,
extension.Lee.lora8.own_gain,Lee2019_MI,41,3.79999999999999,
extension.Lee.lora8.own_gain,Lee2019_MI,42,-4.1999999999999895,
extension.Lee.lora8.own_gain,Lee2019_MI,43,3.59999999999999,
extension.Lee.lora8.own_gain,Lee2019_MI,44,4.39999999999999,
extension.Lee.lora8.own_gain,Lee2019_MI,45,2.1999999999999997,
extension.Lee.lora8.own_gain,Lee2019_MI,46,-7.99999999999999,
extension.Lee.lora8.own_gain,Lee2019_MI,47,-1.99999999999999,
extension.Lee.lora8.own_gain,Lee2019_MI,48,4.1999999999999895,
extension.Lee.lora8.own_gain,Lee2019_MI,49,-2.79999999999999,
extension.Lee.lora8.own_gain,Lee2019_MI,50,-0.8,
extension.Lee.lora8.own_gain,Lee2019_MI,51,-1.5999999999999899,
extension.Lee.lora8.own_gain,Lee2019_MI,52,1.6,
extension.Lee.lora8.own_gain,Lee2019_MI,53,-0.7999999999999899,
extension.Lee.lora8.own_gain,Lee2019_MI,54,3.4000000000000004,
extension.Lee.lora8.upper_bound,Lee2019_MI,1,2.16,
extension.Lee.lora8.upper_bound,Lee2019_MI,2,6.53999999999999,
extension.Lee.lora8.upper_bound,Lee2019_MI,3,5.53999999999999,
extension.Lee.lora8.upper_bound,Lee2019_MI,4,0.74,
extension.Lee.lora8.upper_bound,Lee2019_MI,5,6.639999999999981,
extension.Lee.lora8.upper_bound,Lee2019_MI,6,8.79999999999999,
extension.Lee.lora8.upper_bound,Lee2019_MI,7,-0.52,
extension.Lee.lora8.upper_bound,Lee2019_MI,8,4.71999999999999,
extension.Lee.lora8.upper_bound,Lee2019_MI,9,3.61999999999999,
extension.Lee.lora8.upper_bound,Lee2019_MI,10,2.13999999999999,
extension.Lee.lora8.upper_bound,Lee2019_MI,11,-0.3,
extension.Lee.lora8.upper_bound,Lee2019_MI,12,5.67999999999999,
extension.Lee.lora8.upper_bound,Lee2019_MI,13,3.25999999999999,
extension.Lee.lora8.upper_bound,Lee2019_MI,14,-2.2800000000000002,
extension.Lee.lora8.upper_bound,Lee2019_MI,15,15.199999999999992,
extension.Lee.lora8.upper_bound,Lee2019_MI,16,0.25999999999999,
extension.Lee.lora8.upper_bound,Lee2019_MI,17,4.459999999999989,
extension.Lee.lora8.upper_bound,Lee2019_MI,18,14.07999999999999,
extension.Lee.lora8.upper_bound,Lee2019_MI,19,2.02,
extension.Lee.lora8.upper_bound,Lee2019_MI,20,-1.01999999999999,
extension.Lee.lora8.upper_bound,Lee2019_MI,21,9.75999999999999,
extension.Lee.lora8.upper_bound,Lee2019_MI,22,4.23999999999999,
extension.Lee.lora8.upper_bound,Lee2019_MI,23,-1.93999999999999,
extension.Lee.lora8.upper_bound,Lee2019_MI,24,-2.54,
extension.Lee.lora8.upper_bound,Lee2019_MI,25,2.99999999999999,
extension.Lee.lora8.upper_bound,Lee2019_MI,26,7.97999999999999,
extension.Lee.lora8.upper_bound,Lee2019_MI,27,3.63999999999999,
extension.Lee.lora8.upper_bound,Lee2019_MI,28,2.63999999999999,
extension.Lee.lora8.upper_bound,Lee2019_MI,29,25.47999999999999,
extension.Lee.lora8.upper_bound,Lee2019_MI,30,-1.32,
extension.Lee.lora8.upper_bound,Lee2019_MI,31,9.03999999999998,
extension.Lee.lora8.upper_bound,Lee2019_MI,32,1.33999999999999,
extension.Lee.lora8.upper_bound,Lee2019_MI,33,2.1999999999999997,
extension.Lee.lora8.upper_bound,Lee2019_MI,34,2.06,
extension.Lee.lora8.upper_bound,Lee2019_MI,35,2.51999999999999,
extension.Lee.lora8.upper_bound,Lee2019_MI,36,1.08,
extension.Lee.lora8.upper_bound,Lee2019_MI,37,10.25999999999999,
extension.Lee.lora8.upper_bound,Lee2019_MI,38,1.54,
extension.Lee.lora8.upper_bound,Lee2019_MI,39,6.55999999999999,
extension.Lee.lora8.upper_bound,Lee2019_MI,40,1.24,
extension.Lee.lora8.upper_bound,Lee2019_MI,41,5.67999999999999,
extension.Lee.lora8.upper_bound,Lee2019_MI,42,1.13999999999999,
extension.Lee.lora8.upper_bound,Lee2019_MI,43,5.31999999999999,
extension.Lee.lora8.upper_bound,Lee2019_MI,44,12.01999999999999,
extension.Lee.lora8.upper_bound,Lee2019_MI,45,9.33999999999999,
extension.Lee.lora8.upper_bound,Lee2019_MI,46,-6.47999999999999,
extension.Lee.lora8.upper_bound,Lee2019_MI,47,2.36,
extension.Lee.lora8.upper_bound,Lee2019_MI,48,1.71999999999999,
extension.Lee.lora8.upper_bound,Lee2019_MI,49,-1.71999999999999,
extension.Lee.lora8.upper_bound,Lee2019_MI,50,-3.82,
extension.Lee.lora8.upper_bound,Lee2019_MI,51,-0.48,
extension.Lee.lora8.upper_bound,Lee2019_MI,52,3.6799999999999904,
extension.Lee.lora8.upper_bound,Lee2019_MI,53,-0.87999999999999,
extension.Lee.lora8.upper_bound,Lee2019_MI,54,5.73999999999999,
extension.BNCI.film_offset.own_gain,BNCI2014_001,1,4.444444444444439,
extension.BNCI.film_offset.own_gain,BNCI2014_001,2,5.55555555555555,
extension.BNCI.film_offset.own_gain,BNCI2014_001,3,11.94444444444444,
extension.BNCI.film_offset.own_gain,BNCI2014_001,4,-2.49999999999998,
extension.BNCI.film_offset.own_gain,BNCI2014_001,5,13.33333333333332,
extension.BNCI.film_offset.own_gain,BNCI2014_001,6,-2.2222222222222197,
extension.BNCI.film_offset.own_gain,BNCI2014_001,7,0.27777777777776996,
extension.BNCI.film_offset.own_gain,BNCI2014_001,8,9.72222222222222,
extension.BNCI.film_offset.own_gain,BNCI2014_001,9,5.55555555555555,
extension.BNCI.film_offset.upper_bound,BNCI2014_001,1,7.49999999999999,
extension.BNCI.film_offset.upper_bound,BNCI2014_001,2,-3.6111111111110996,
extension.BNCI.film_offset.upper_bound,BNCI2014_001,3,19.44444444444444,
extension.BNCI.film_offset.upper_bound,BNCI2014_001,4,2.2222222222222197,
extension.BNCI.film_offset.upper_bound,BNCI2014_001,5,16.1111111111111,
extension.BNCI.film_offset.upper_bound,BNCI2014_001,6,-0.27777777777776996,
extension.BNCI.film_offset.upper_bound,BNCI2014_001,7,6.38888888888888,
extension.BNCI.film_offset.upper_bound,BNCI2014_001,8,15.0,
extension.BNCI.lora8.own_gain,BNCI2014_001,1,4.72222222222221,
extension.BNCI.lora8.own_gain,BNCI2014_001,2,-3.6111111111110996,
extension.BNCI.lora8.own_gain,BNCI2014_001,3,11.38888888888888,
extension.BNCI.lora8.own_gain,BNCI2014_001,4,4.99999999999999,
extension.BNCI.lora8.own_gain,BNCI2014_001,5,7.77777777777777,
extension.BNCI.lora8.own_gain,BNCI2014_001,6,-5.27777777777777,
extension.BNCI.lora8.own_gain,BNCI2014_001,7,1.1111111111111,
extension.BNCI.lora8.own_gain,BNCI2014_001,8,9.72222222222222,
extension.BNCI.lora8.own_gain,BNCI2014_001,9,12.5,
extension.BNCI.lora8.upper_bound,BNCI2014_001,1,8.33333333333332,
extension.BNCI.lora8.upper_bound,BNCI2014_001,2,-0.83333333333333,
extension.BNCI.lora8.upper_bound,BNCI2014_001,3,17.222222222222218,
extension.BNCI.lora8.upper_bound,BNCI2014_001,4,13.611111111111098,
extension.BNCI.lora8.upper_bound,BNCI2014_001,5,14.72222222222222,
extension.BNCI.lora8.upper_bound,BNCI2014_001,6,0.55555555555555,
extension.BNCI.lora8.upper_bound,BNCI2014_001,7,10.55555555555554,
extension.BNCI.lora8.upper_bound,BNCI2014_001,8,13.88888888888889,
