dataset,subject,seed,point,fold,G_BA,own_ba,swap_ba,own_gain,upper_bound,fit_left,fit_right,fit_balanced,query_left,query_right,query_balanced,model,total_steps,multiplier,observed
PhysionetMI,1,11,1x,2.0,0.875,0.7386363636363636,0.7647727272727274,-0.1363636363636363,-0.0261363636363637,12.0,10.0,True,11.0,12.0,True,CBraMod,5250.0,1.0,True
PhysionetMI,1,11,2x,2.0,0.875,0.7840909090909092,0.7988636363636364,-0.0909090909090908,-0.0147727272727272,12.0,10.0,True,11.0,12.0,True,CBraMod,10500.0,2.0,True
PhysionetMI,1,11,4x,2.0,0.7840909090909092,0.7803030303030303,0.8253787878787879,-0.0037878787878788,-0.0450757575757576,12.0,10.0,True,11.0,12.0,True,CBraMod,21000.0,4.0,True
PhysionetMI,1,23,1x,2.0,0.8712121212121212,0.8674242424242424,0.7962121212121213,-0.0037878787878787,0.0712121212121211,12.0,10.0,True,11.0,12.0,True,CBraMod,3250.0,1.0,True
PhysionetMI,1,23,2x,2.0,0.8295454545454546,0.696969696969697,0.8178030303030305,-0.1325757575757575,-0.1208333333333334,12.0,10.0,True,11.0,12.0,True,CBraMod,6500.0,2.0,True
PhysionetMI,1,23,4x,2.0,0.7878787878787878,0.7878787878787878,0.7776515151515151,0.0,0.0102272727272727,12.0,10.0,True,11.0,12.0,True,CBraMod,13000.0,4.0,True
PhysionetMI,1,37,1x,2.0,0.8712121212121212,0.8295454545454546,0.875,-0.0416666666666666,-0.0454545454545454,12.0,10.0,True,11.0,12.0,True,CBraMod,3000.0,1.0,True
PhysionetMI,1,37,2x,2.0,0.8295454545454546,0.8257575757575758,0.8136363636363637,-0.0037878787878787,0.012121212121212,12.0,10.0,True,11.0,12.0,True,CBraMod,6000.0,2.0,True
PhysionetMI,1,37,4x,2.0,0.8295454545454546,0.821969696969697,0.8234848484848486,-0.0075757575757575,-0.0015151515151515,12.0,10.0,True,11.0,12.0,True,CBraMod,12000.0,4.0,True
PhysionetMI,1,53,1x,2.0,0.9128787878787878,0.8712121212121212,0.8840909090909091,-0.0416666666666666,-0.0128787878787879,12.0,10.0,True,11.0,12.0,True,CBraMod,4000.0,1.0,True
PhysionetMI,1,53,2x,2.0,0.7840909090909092,0.696969696969697,0.756818181818182,-0.0871212121212121,-0.0598484848484849,12.0,10.0,True,11.0,12.0,True,CBraMod,8000.0,2.0,True
PhysionetMI,1,53,4x,2.0,0.8295454545454546,0.8295454545454546,0.8598484848484848,0.0,-0.0303030303030301,12.0,10.0,True,11.0,12.0,True,CBraMod,16000.0,4.0,True
PhysionetMI,1,71,1x,2.0,0.7348484848484849,0.7424242424242424,0.8151515151515151,0.0075757575757575,-0.0727272727272726,12.0,10.0,True,11.0,12.0,True,CBraMod,3500.0,1.0,True
PhysionetMI,1,71,2x,2.0,0.7348484848484849,0.7348484848484849,0.7678030303030303,0.0,-0.0329545454545454,12.0,10.0,True,11.0,12.0,True,CBraMod,7000.0,2.0,True
PhysionetMI,1,71,4x,2.0,0.7840909090909092,0.7386363636363636,0.7799242424242425,-0.0454545454545455,-0.0412878787878788,12.0,10.0,True,11.0,12.0,True,CBraMod,14000.0,4.0,True
PhysionetMI,2,11,1x,1.0,0.9,0.95,0.8869230769230768,0.0499999999999999,0.0630769230769231,10.0,12.0,True,13.0,10.0,True,CBraMod,3000.0,1.0,True
PhysionetMI,2,11,2x,1.0,1.0,0.95,0.941153846153846,-0.05,0.0088461538461538,10.0,12.0,True,13.0,10.0,True,CBraMod,6000.0,2.0,True
PhysionetMI,2,11,4x,1.0,0.9115384615384616,0.9615384615384616,0.9092307692307692,0.0499999999999999,0.0523076923076923,10.0,12.0,True,13.0,10.0,True,CBraMod,12000.0,4.0,True
PhysionetMI,2,23,1x,1.0,0.9,0.9115384615384616,0.8984615384615384,0.0115384615384616,0.0130769230769232,10.0,12.0,True,13.0,10.0,True,CBraMod,3000.0,1.0,True
PhysionetMI,2,23,2x,1.0,0.823076923076923,0.9115384615384616,0.8392307692307692,0.0884615384615385,0.0723076923076924,10.0,12.0,True,13.0,10.0,True,CBraMod,6000.0,2.0,True
PhysionetMI,2,23,4x,1.0,0.9115384615384616,0.95,0.8238461538461539,0.0384615384615383,0.126153846153846,10.0,12.0,True,13.0,10.0,True,CBraMod,12000.0,4.0,True
PhysionetMI,2,37,1x,,,,,,,,,,,,,,,,False
PhysionetMI,2,37,2x,,,,,,,,,,,,,,,,False
PhysionetMI,2,37,4x,,,,,,,,,,,,,,,,False
PhysionetMI,2,53,1x,1.0,0.9115384615384616,0.95,0.8957692307692307,0.0384615384615383,0.0542307692307693,10.0,12.0,True,13.0,10.0,True,CBraMod,3000.0,1.0,True
PhysionetMI,2,53,2x,1.0,0.95,0.9115384615384616,0.8996153846153847,-0.0384615384615383,0.0119230769230769,10.0,12.0,True,13.0,10.0,True,CBraMod,6000.0,2.0,True
PhysionetMI,2,53,4x,1.0,0.8115384615384615,0.95,0.8576923076923076,0.1384615384615384,0.0923076923076923,10.0,12.0,True,13.0,10.0,True,CBraMod,12000.0,4.0,True
PhysionetMI,2,71,1x,1.0,0.9115384615384616,0.9115384615384616,0.8926923076923077,0.0,0.0188461538461539,10.0,12.0,True,13.0,10.0,True,CBraMod,3500.0,1.0,True
PhysionetMI,2,71,2x,1.0,0.95,0.95,0.89,0.0,0.0599999999999999,10.0,12.0,True,13.0,10.0,True,CBraMod,7000.0,2.0,True
PhysionetMI,2,71,4x,1.0,0.8615384615384616,0.8615384615384616,0.8415384615384616,0.0,0.02,10.0,12.0,True,13.0,10.0,True,CBraMod,14000.0,4.0,True
PhysionetMI,3,11,1x,3.0,0.9545454545454546,0.9545454545454546,0.9424242424242424,0.0,0.0121212121212122,12.0,10.0,True,11.0,12.0,True,CBraMod,3000.0,1.0,True
PhysionetMI,3,11,2x,3.0,0.9545454545454546,0.9545454545454546,0.9416666666666668,0.0,0.0128787878787878,12.0,10.0,True,11.0,12.0,True,CBraMod,6000.0,2.0,True
PhysionetMI,3,11,4x,3.0,0.9545454545454546,0.9090909090909092,0.9299242424242424,-0.0454545454545454,-0.0208333333333332,12.0,10.0,True,11.0,12.0,True,CBraMod,12000.0,4.0,True
PhysionetMI,3,23,1x,3.0,0.9545454545454546,0.9545454545454546,0.9227272727272726,0.0,0.0318181818181819,12.0,10.0,True,11.0,12.0,True,CBraMod,3000.0,1.0,True
PhysionetMI,3,23,2x,3.0,0.9583333333333331,1.0,0.944318181818182,0.0416666666666667,0.0556818181818179,12.0,10.0,True,11.0,12.0,True,CBraMod,6000.0,2.0,True
PhysionetMI,3,23,4x,3.0,0.9128787878787878,0.9128787878787878,0.8954545454545455,0.0,0.0174242424242423,12.0,10.0,True,11.0,12.0,True,CBraMod,12000.0,4.0,True
PhysionetMI,3,37,1x,3.0,0.9583333333333331,0.9166666666666669,0.9272727272727274,-0.0416666666666665,-0.0106060606060606,12.0,10.0,True,11.0,12.0,True,CBraMod,3000.0,1.0,True
PhysionetMI,3,37,2x,3.0,0.8295454545454546,0.9128787878787878,0.8746212121212121,0.0833333333333332,0.0382575757575757,12.0,10.0,True,11.0,12.0,True,CBraMod,6000.0,2.0,True
PhysionetMI,3,37,4x,3.0,1.0,1.0,0.9193181818181818,0.0,0.0806818181818181,12.0,10.0,True,11.0,12.0,True,CBraMod,12000.0,4.0,True
PhysionetMI,3,53,1x,3.0,0.9583333333333331,1.0,0.9791666666666669,0.0416666666666667,0.0208333333333332,12.0,10.0,True,11.0,12.0,True,CBraMod,3750.0,1.0,True
PhysionetMI,3,53,2x,3.0,0.9166666666666669,0.9545454545454546,0.8924242424242423,0.0378787878787878,0.0621212121212122,12.0,10.0,True,11.0,12.0,True,CBraMod,7500.0,2.0,True
PhysionetMI,3,53,4x,3.0,1.0,1.0,0.922348484848485,0.0,0.077651515151515,12.0,10.0,True,11.0,12.0,True,CBraMod,15000.0,4.0,True
PhysionetMI,3,71,1x,3.0,1.0,1.0,0.9613636363636364,0.0,0.0386363636363636,12.0,10.0,True,11.0,12.0,True,CBraMod,3250.0,1.0,True
PhysionetMI,3,71,2x,3.0,0.9583333333333331,1.0,0.906818181818182,0.0416666666666667,0.0931818181818181,12.0,10.0,True,11.0,12.0,True,CBraMod,6500.0,2.0,True
PhysionetMI,3,71,4x,3.0,1.0,0.9545454545454546,0.9242424242424242,-0.0454545454545454,0.0303030303030303,12.0,10.0,True,11.0,12.0,True,CBraMod,13000.0,4.0,True
PhysionetMI,4,11,1x,4.0,0.8674242424242424,0.9128787878787878,0.8537878787878788,0.0454545454545454,0.059090909090909,12.0,10.0,True,11.0,12.0,True,CBraMod,3000.0,1.0,True
PhysionetMI,4,11,2x,4.0,0.9090909090909092,0.9583333333333331,0.8719696969696968,0.049242424242424,0.0863636363636364,12.0,10.0,True,11.0,12.0,True,CBraMod,6000.0,2.0,True
PhysionetMI,4,11,4x,4.0,0.8636363636363636,0.9166666666666669,0.8515151515151516,0.053030303030303,0.0651515151515151,12.0,10.0,True,11.0,12.0,True,CBraMod,12000.0,4.0,True
PhysionetMI,4,23,1x,4.0,0.8636363636363636,0.8636363636363636,0.878409090909091,0.0,-0.0147727272727273,12.0,10.0,True,11.0,12.0,True,CBraMod,3500.0,1.0,True
PhysionetMI,4,23,2x,4.0,0.8636363636363636,0.8636363636363636,0.9003787878787879,0.0,-0.0367424242424242,12.0,10.0,True,11.0,12.0,True,CBraMod,7000.0,2.0,True
PhysionetMI,4,23,4x,4.0,0.9545454545454546,0.9545454545454546,0.950378787878788,0.0,0.0041666666666666,12.0,10.0,True,11.0,12.0,True,CBraMod,14000.0,4.0,True
PhysionetMI,4,37,1x,4.0,0.9090909090909092,0.9128787878787878,0.9200757575757578,0.0037878787878786,-0.0071969696969699,12.0,10.0,True,11.0,12.0,True,CBraMod,3000.0,1.0,True
PhysionetMI,4,37,2x,4.0,0.9128787878787878,0.9545454545454546,0.9026515151515152,0.0416666666666667,0.0518939393939393,12.0,10.0,True,11.0,12.0,True,CBraMod,6000.0,2.0,True
PhysionetMI,4,37,4x,4.0,0.9545454545454546,0.8636363636363636,0.9280303030303032,-0.0909090909090909,-0.0643939393939394,12.0,10.0,True,11.0,12.0,True,CBraMod,12000.0,4.0,True
PhysionetMI,4,53,1x,4.0,1.0,1.0,0.968560606060606,0.0,0.0314393939393939,12.0,10.0,True,11.0,12.0,True,CBraMod,3000.0,1.0,True
PhysionetMI,4,53,2x,4.0,0.9545454545454546,0.9128787878787878,0.9231060606060606,-0.0416666666666667,-0.0102272727272727,12.0,10.0,True,11.0,12.0,True,CBraMod,6000.0,2.0,True
PhysionetMI,4,53,4x,4.0,0.9090909090909092,0.9128787878787878,0.8681818181818182,0.0037878787878786,0.0446969696969696,12.0,10.0,True,11.0,12.0,True,CBraMod,12000.0,4.0,True
PhysionetMI,4,71,1x,4.0,0.821969696969697,0.8674242424242424,0.8382575757575758,0.0454545454545454,0.0291666666666666,12.0,10.0,True,11.0,12.0,True,CBraMod,3250.0,1.0,True
PhysionetMI,4,71,2x,4.0,0.8674242424242424,0.9128787878787878,0.8655303030303031,0.0454545454545454,0.0473484848484847,12.0,10.0,True,11.0,12.0,True,CBraMod,6500.0,2.0,True
PhysionetMI,4,71,4x,4.0,1.0,1.0,0.9109848484848484,0.0,0.0890151515151516,12.0,10.0,True,11.0,12.0,True,CBraMod,13000.0,4.0,True
PhysionetMI,5,11,1x,4.0,0.6666666666666666,0.6515151515151515,0.6625,-0.0151515151515151,-0.0109848484848484,10.0,12.0,True,11.0,12.0,True,CBraMod,3000.0,1.0,True
PhysionetMI,5,11,2x,4.0,0.5757575757575758,0.6136363636363636,0.6481060606060607,0.0378787878787878,-0.034469696969697,10.0,12.0,True,11.0,12.0,True,CBraMod,6000.0,2.0,True
PhysionetMI,5,11,4x,4.0,0.571969696969697,0.6590909090909092,0.6761363636363636,0.0871212121212121,-0.0170454545454544,10.0,12.0,True,11.0,12.0,True,CBraMod,12000.0,4.0,True
PhysionetMI,5,23,1x,4.0,0.7386363636363636,0.7840909090909092,0.7382575757575759,0.0454545454545455,0.0458333333333332,10.0,12.0,True,11.0,12.0,True,CBraMod,3500.0,1.0,True
PhysionetMI,5,23,2x,4.0,0.7840909090909092,0.7386363636363636,0.7617424242424242,-0.0454545454545455,-0.0231060606060605,10.0,12.0,True,11.0,12.0,True,CBraMod,7000.0,2.0,True
PhysionetMI,5,23,4x,4.0,0.7840909090909092,0.7386363636363636,0.7890151515151517,-0.0454545454545455,-0.050378787878788,10.0,12.0,True,11.0,12.0,True,CBraMod,14000.0,4.0,True
PhysionetMI,5,37,1x,4.0,0.7386363636363636,0.7386363636363636,0.7310606060606061,0.0,0.0075757575757575,10.0,12.0,True,11.0,12.0,True,CBraMod,3000.0,1.0,True
PhysionetMI,5,37,2x,4.0,0.6553030303030303,0.5643939393939394,0.6996212121212121,-0.0909090909090908,-0.1352272727272726,10.0,12.0,True,11.0,12.0,True,CBraMod,6000.0,2.0,True
PhysionetMI,5,37,4x,4.0,0.7840909090909092,0.7462121212121212,0.7579545454545454,-0.0378787878787879,-0.0117424242424242,10.0,12.0,True,11.0,12.0,True,CBraMod,12000.0,4.0,True
PhysionetMI,5,53,1x,4.0,0.8333333333333333,0.606060606060606,0.7659090909090909,-0.2272727272727273,-0.1598484848484849,10.0,12.0,True,11.0,12.0,True,CBraMod,3000.0,1.0,True
PhysionetMI,5,53,2x,4.0,0.8712121212121212,0.7424242424242424,0.825,-0.1287878787878787,-0.0825757575757575,10.0,12.0,True,11.0,12.0,True,CBraMod,6000.0,2.0,True
PhysionetMI,5,53,4x,4.0,0.7386363636363636,0.6515151515151515,0.7026515151515152,-0.0871212121212121,-0.0511363636363637,10.0,12.0,True,11.0,12.0,True,CBraMod,12000.0,4.0,True
PhysionetMI,5,71,1x,4.0,0.6098484848484849,0.5757575757575758,0.6488636363636364,-0.034090909090909,-0.0731060606060606,10.0,12.0,True,11.0,12.0,True,CBraMod,3250.0,1.0,True
PhysionetMI,5,71,2x,4.0,0.5303030303030303,0.8295454545454546,0.6636363636363636,0.2992424242424243,0.165909090909091,10.0,12.0,True,11.0,12.0,True,CBraMod,6500.0,2.0,True
PhysionetMI,5,71,4x,4.0,0.6553030303030303,0.7007575757575758,0.7053030303030303,0.0454545454545455,-0.0045454545454545,10.0,12.0,True,11.0,12.0,True,CBraMod,13000.0,4.0,True
PhysionetMI,6,11,1x,3.0,0.8712121212121212,0.8674242424242424,0.8106060606060606,-0.0037878787878787,0.0568181818181818,12.0,10.0,True,12.0,11.0,True,CBraMod,3000.0,1.0,True
PhysionetMI,6,11,2x,3.0,0.9128787878787878,0.8636363636363636,0.8181818181818183,-0.0492424242424242,0.0454545454545453,12.0,10.0,True,12.0,11.0,True,CBraMod,6000.0,2.0,True
PhysionetMI,6,11,4x,3.0,0.8674242424242424,0.8636363636363636,0.8534090909090908,-0.0037878787878787,0.0102272727272728,12.0,10.0,True,12.0,11.0,True,CBraMod,12000.0,4.0,True
PhysionetMI,6,23,1x,3.0,0.875,0.9545454545454546,0.8617424242424242,0.0795454545454545,0.0928030303030303,12.0,10.0,True,12.0,11.0,True,CBraMod,3000.0,1.0,True
PhysionetMI,6,23,2x,3.0,0.9166666666666669,0.9090909090909092,0.8803030303030303,-0.0075757575757575,0.0287878787878789,12.0,10.0,True,12.0,11.0,True,CBraMod,6000.0,2.0,True
PhysionetMI,6,23,4x,3.0,1.0,1.0,0.8431818181818181,0.0,0.1568181818181818,12.0,10.0,True,12.0,11.0,True,CBraMod,12000.0,4.0,True
PhysionetMI,6,37,1x,3.0,0.875,0.8712121212121212,0.7856060606060605,-0.0037878787878787,0.0856060606060606,12.0,10.0,True,12.0,11.0,True,CBraMod,3000.0,1.0,True
PhysionetMI,6,37,2x,3.0,0.8295454545454546,0.8712121212121212,0.806060606060606,0.0416666666666666,0.0651515151515151,12.0,10.0,True,12.0,11.0,True,CBraMod,6000.0,2.0,True
PhysionetMI,6,37,4x,3.0,0.7916666666666667,0.8712121212121212,0.7803030303030304,0.0795454545454544,0.0909090909090908,12.0,10.0,True,12.0,11.0,True,CBraMod,12000.0,4.0,True
PhysionetMI,6,53,1x,3.0,0.9166666666666669,0.9583333333333331,0.903030303030303,0.0416666666666665,0.0553030303030303,12.0,10.0,True,12.0,11.0,True,CBraMod,3750.0,1.0,True
PhysionetMI,6,53,2x,3.0,0.875,0.9166666666666669,0.8606060606060606,0.0416666666666667,0.0560606060606061,12.0,10.0,True,12.0,11.0,True,CBraMod,7500.0,2.0,True
PhysionetMI,6,53,4x,3.0,0.9166666666666669,0.9166666666666669,0.8511363636363637,0.0,0.065530303030303,12.0,10.0,True,12.0,11.0,True,CBraMod,15000.0,4.0,True
PhysionetMI,6,71,1x,3.0,0.7878787878787878,0.8295454545454546,0.7931818181818182,0.0416666666666667,0.0363636363636363,12.0,10.0,True,12.0,11.0,True,CBraMod,3250.0,1.0,True
PhysionetMI,6,71,2x,3.0,0.9583333333333331,0.9128787878787878,0.8901515151515152,-0.0454545454545454,0.0227272727272725,12.0,10.0,True,12.0,11.0,True,CBraMod,6500.0,2.0,True
PhysionetMI,6,71,4x,3.0,0.8333333333333333,0.875,0.8287878787878787,0.0416666666666667,0.0462121212121212,12.0,10.0,True,12.0,11.0,True,CBraMod,13000.0,4.0,True
PhysionetMI,7,11,1x,4.0,1.0,1.0,0.9875,0.0,0.0124999999999999,12.0,10.0,True,11.0,12.0,True,CBraMod,3000.0,1.0,True
PhysionetMI,7,11,2x,4.0,1.0,0.9583333333333331,0.987121212121212,-0.0416666666666667,-0.0287878787878788,12.0,10.0,True,11.0,12.0,True,CBraMod,6000.0,2.0,True
PhysionetMI,7,11,4x,4.0,1.0,0.9583333333333331,0.975,-0.0416666666666667,-0.0166666666666667,12.0,10.0,True,11.0,12.0,True,CBraMod,12000.0,4.0,True
PhysionetMI,7,23,1x,4.0,0.9545454545454546,1.0,0.981818181818182,0.0454545454545454,0.0181818181818179,12.0,10.0,True,11.0,12.0,True,CBraMod,3500.0,1.0,True
PhysionetMI,7,23,2x,4.0,1.0,1.0,0.98219696969697,0.0,0.0178030303030301,12.0,10.0,True,11.0,12.0,True,CBraMod,7000.0,2.0,True
PhysionetMI,7,23,4x,4.0,1.0,1.0,0.9871212121212124,0.0,0.0128787878787877,12.0,10.0,True,11.0,12.0,True,CBraMod,14000.0,4.0,True
PhysionetMI,7,37,1x,4.0,1.0,0.9583333333333331,0.9833333333333334,-0.0416666666666667,-0.0250000000000001,12.0,10.0,True,11.0,12.0,True,CBraMod,3000.0,1.0,True
PhysionetMI,7,37,2x,4.0,0.9583333333333331,0.9583333333333331,0.975,0.0,-0.0166666666666667,12.0,10.0,True,11.0,12.0,True,CBraMod,6000.0,2.0,True
PhysionetMI,7,37,4x,4.0,0.9583333333333331,0.9583333333333331,0.9791666666666666,0.0,-0.0208333333333333,12.0,10.0,True,11.0,12.0,True,CBraMod,12000.0,4.0,True
PhysionetMI,7,53,1x,4.0,1.0,1.0,1.0,0.0,0.0,12.0,10.0,True,11.0,12.0,True,CBraMod,3000.0,1.0,True
PhysionetMI,7,53,2x,4.0,1.0,1.0,1.0,0.0,0.0,12.0,10.0,True,11.0,12.0,True,CBraMod,6000.0,2.0,True
PhysionetMI,7,53,4x,4.0,1.0,0.9583333333333331,0.990909090909091,-0.0416666666666667,-0.0325757575757577,12.0,10.0,True,11.0,12.0,True,CBraMod,12000.0,4.0,True
PhysionetMI,7,71,1x,4.0,0.9128787878787878,0.9166666666666669,0.9397727272727272,0.0037878787878788,-0.0231060606060605,12.0,10.0,True,11.0,12.0,True,CBraMod,3250.0,1.0,True
PhysionetMI,7,71,2x,4.0,1.0,0.9583333333333331,0.9621212121212122,-0.0416666666666667,-0.0037878787878788,12.0,10.0,True,11.0,12.0,True,CBraMod,6500.0,2.0,True
PhysionetMI,7,71,4x,4.0,1.0,0.9166666666666669,0.9700757575757576,-0.0833333333333332,-0.0534090909090908,12.0,10.0,True,11.0,12.0,True,CBraMod,13000.0,4.0,True
PhysionetMI,8,11,1x,4.0,0.8333333333333333,0.9545454545454546,0.8325757575757574,0.1212121212121213,0.1219696969696971,11.0,11.0,True,11.0,12.0,True,CBraMod,3000.0,1.0,True
PhysionetMI,8,11,2x,4.0,0.8674242424242424,0.9583333333333331,0.7901515151515152,0.0909090909090908,0.1681818181818181,11.0,11.0,True,11.0,12.0,True,CBraMod,6000.0,2.0,True
PhysionetMI,8,11,4x,4.0,0.8295454545454546,0.875,0.8303030303030303,0.0454545454545454,0.0446969696969696,11.0,11.0,True,11.0,12.0,True,CBraMod,12000.0,4.0,True
PhysionetMI,8,23,1x,4.0,0.9128787878787878,0.9090909090909092,0.8666666666666666,-0.0037878787878786,0.0424242424242425,11.0,11.0,True,11.0,12.0,True,CBraMod,3500.0,1.0,True
PhysionetMI,8,23,2x,4.0,0.875,0.9090909090909092,0.7852272727272727,0.0340909090909091,0.1238636363636365,11.0,11.0,True,11.0,12.0,True,CBraMod,7000.0,2.0,True
PhysionetMI,8,23,4x,4.0,0.8333333333333333,0.8712121212121212,0.7772727272727273,0.0378787878787879,0.0939393939393938,11.0,11.0,True,11.0,12.0,True,CBraMod,14000.0,4.0,True
PhysionetMI,8,37,1x,4.0,0.8333333333333333,0.9583333333333331,0.8488636363636364,0.125,0.1094696969696968,11.0,11.0,True,11.0,12.0,True,CBraMod,3000.0,1.0,True
PhysionetMI,8,37,2x,4.0,0.8333333333333333,0.7878787878787878,0.8443181818181819,-0.0454545454545454,-0.056439393939394,11.0,11.0,True,11.0,12.0,True,CBraMod,6000.0,2.0,True
PhysionetMI,8,37,4x,4.0,0.7916666666666667,0.7803030303030303,0.7901515151515153,-0.0113636363636364,-0.0098484848484849,11.0,11.0,True,11.0,12.0,True,CBraMod,12000.0,4.0,True
PhysionetMI,8,53,1x,4.0,0.8295454545454546,0.821969696969697,0.8147727272727273,-0.0075757575757575,0.0071969696969697,11.0,11.0,True,11.0,12.0,True,CBraMod,3000.0,1.0,True
PhysionetMI,8,53,2x,4.0,0.7007575757575758,0.7348484848484849,0.725,0.034090909090909,0.0098484848484848,11.0,11.0,True,11.0,12.0,True,CBraMod,6000.0,2.0,True
PhysionetMI,8,53,4x,4.0,0.8712121212121212,0.7272727272727273,0.8212121212121213,-0.1439393939393939,-0.0939393939393939,11.0,11.0,True,11.0,12.0,True,CBraMod,12000.0,4.0,True
PhysionetMI,8,71,1x,4.0,0.875,0.8636363636363636,0.8734848484848484,-0.0113636363636363,-0.0098484848484847,11.0,11.0,True,11.0,12.0,True,CBraMod,3250.0,1.0,True
PhysionetMI,8,71,2x,4.0,0.9128787878787878,0.9090909090909092,0.8477272727272729,-0.0037878787878786,0.0613636363636362,11.0,11.0,True,11.0,12.0,True,CBraMod,6500.0,2.0,True
PhysionetMI,8,71,4x,4.0,0.8295454545454546,0.8181818181818181,0.8106060606060606,-0.0113636363636364,0.0075757575757575,11.0,11.0,True,11.0,12.0,True,CBraMod,13000.0,4.0,True
PhysionetMI,9,11,1x,2.0,0.95,0.9115384615384616,0.8919230769230768,-0.0384615384615383,0.0196153846153848,11.0,11.0,True,13.0,10.0,True,CBraMod,5250.0,1.0,True
PhysionetMI,9,11,2x,2.0,0.9115384615384616,0.8730769230769231,0.9,-0.0384615384615385,-0.0269230769230769,11.0,11.0,True,13.0,10.0,True,CBraMod,10500.0,2.0,True
PhysionetMI,9,11,4x,2.0,0.8461538461538461,0.9615384615384616,0.8615384615384615,0.1153846153846154,0.1,11.0,11.0,True,13.0,10.0,True,CBraMod,21000.0,4.0,True
PhysionetMI,9,23,1x,2.0,0.9230769230769232,1.0,0.8169230769230769,0.0769230769230768,0.1830769230769231,11.0,11.0,True,13.0,10.0,True,CBraMod,3250.0,1.0,True
PhysionetMI,9,23,2x,2.0,0.8461538461538461,0.95,0.8311538461538461,0.1038461538461538,0.1188461538461538,11.0,11.0,True,13.0,10.0,True,CBraMod,6500.0,2.0,True
PhysionetMI,9,23,4x,2.0,0.8346153846153846,0.9115384615384616,0.8434615384615384,0.0769230769230769,0.0680769230769232,11.0,11.0,True,13.0,10.0,True,CBraMod,13000.0,4.0,True
PhysionetMI,9,37,1x,2.0,0.8076923076923077,0.95,0.845,0.1423076923076922,0.1049999999999999,11.0,11.0,True,13.0,10.0,True,CBraMod,3000.0,1.0,True
PhysionetMI,9,37,2x,2.0,0.9230769230769232,0.9115384615384616,0.8584615384615384,-0.0115384615384614,0.0530769230769232,11.0,11.0,True,13.0,10.0,True,CBraMod,6000.0,2.0,True
PhysionetMI,9,37,4x,2.0,0.9115384615384616,0.8730769230769231,0.8603846153846153,-0.0384615384615385,0.0126923076923077,11.0,11.0,True,13.0,10.0,True,CBraMod,12000.0,4.0,True
PhysionetMI,9,53,1x,2.0,0.8846153846153846,0.95,0.8403846153846153,0.0653846153846153,0.1096153846153846,11.0,11.0,True,13.0,10.0,True,CBraMod,4000.0,1.0,True
PhysionetMI,9,53,2x,2.0,0.8346153846153846,0.8346153846153846,0.8134615384615385,0.0,0.0211538461538461,11.0,11.0,True,13.0,10.0,True,CBraMod,8000.0,2.0,True
PhysionetMI,9,53,4x,2.0,0.8846153846153846,0.9230769230769232,0.801923076923077,0.0384615384615385,0.1211538461538461,11.0,11.0,True,13.0,10.0,True,CBraMod,16000.0,4.0,True
PhysionetMI,9,71,1x,2.0,0.95,0.95,0.9057692307692308,0.0,0.0442307692307692,11.0,11.0,True,13.0,10.0,True,CBraMod,3500.0,1.0,True
PhysionetMI,9,71,2x,2.0,0.9230769230769232,0.9115384615384616,0.9076923076923076,-0.0115384615384614,0.0038461538461539,11.0,11.0,True,13.0,10.0,True,CBraMod,7000.0,2.0,True
PhysionetMI,9,71,4x,2.0,0.9115384615384616,0.9115384615384616,0.9326923076923076,0.0,-0.021153846153846,11.0,11.0,True,13.0,10.0,True,CBraMod,14000.0,4.0,True
PhysionetMI,10,11,1x,2.0,0.6461538461538461,0.6807692307692308,0.6703846153846154,0.0346153846153847,0.0103846153846154,11.0,11.0,True,13.0,10.0,True,CBraMod,5250.0,1.0,True
PhysionetMI,10,11,2x,2.0,0.823076923076923,0.7846153846153847,0.7488461538461538,-0.0384615384615383,0.0357692307692308,11.0,11.0,True,13.0,10.0,True,CBraMod,10500.0,2.0,True
PhysionetMI,10,11,4x,2.0,0.7961538461538462,0.8346153846153846,0.7546153846153846,0.0384615384615384,0.08,11.0,11.0,True,13.0,10.0,True,CBraMod,21000.0,4.0,True
PhysionetMI,10,23,1x,2.0,0.7076923076923077,0.7076923076923077,0.7100000000000001,0.0,-0.0023076923076923,11.0,11.0,True,13.0,10.0,True,CBraMod,3250.0,1.0,True
PhysionetMI,10,23,2x,2.0,0.6307692307692307,0.6307692307692307,0.7088461538461538,0.0,-0.078076923076923,11.0,11.0,True,13.0,10.0,True,CBraMod,6500.0,2.0,True
PhysionetMI,10,23,4x,2.0,0.7461538461538462,0.7846153846153847,0.7230769230769232,0.0384615384615385,0.0615384615384615,11.0,11.0,True,13.0,10.0,True,CBraMod,13000.0,4.0,True
PhysionetMI,10,37,1x,2.0,0.6692307692307693,0.7076923076923077,0.6546153846153847,0.0384615384615384,0.053076923076923,11.0,11.0,True,13.0,10.0,True,CBraMod,3000.0,1.0,True
PhysionetMI,10,37,2x,2.0,0.7076923076923077,0.7076923076923077,0.6642307692307693,0.0,0.0434615384615384,11.0,11.0,True,13.0,10.0,True,CBraMod,6000.0,2.0,True
PhysionetMI,10,37,4x,2.0,0.6576923076923077,0.7461538461538462,0.668846153846154,0.0884615384615384,0.0773076923076921,11.0,11.0,True,13.0,10.0,True,CBraMod,12000.0,4.0,True
PhysionetMI,10,53,1x,2.0,0.6961538461538461,0.7846153846153847,0.7119230769230771,0.0884615384615385,0.0726923076923076,11.0,11.0,True,13.0,10.0,True,CBraMod,4000.0,1.0,True
PhysionetMI,10,53,2x,2.0,0.7076923076923077,0.7076923076923077,0.7023076923076924,0.0,0.0053846153846153,11.0,11.0,True,13.0,10.0,True,CBraMod,8000.0,2.0,True
PhysionetMI,10,53,4x,2.0,0.6576923076923077,0.6692307692307693,0.6684615384615386,0.0115384615384616,0.0007692307692307,11.0,11.0,True,13.0,10.0,True,CBraMod,16000.0,4.0,True
PhysionetMI,10,71,1x,2.0,0.6307692307692307,0.5923076923076923,0.6496153846153845,-0.0384615384615384,-0.0573076923076921,11.0,11.0,True,13.0,10.0,True,CBraMod,3500.0,1.0,True
PhysionetMI,10,71,2x,2.0,0.7192307692307692,0.7576923076923077,0.7384615384615385,0.0384615384615384,0.0192307692307691,11.0,11.0,True,13.0,10.0,True,CBraMod,7000.0,2.0,True
PhysionetMI,10,71,4x,2.0,0.7846153846153847,0.7461538461538462,0.7673076923076924,-0.0384615384615385,-0.0211538461538461,11.0,11.0,True,13.0,10.0,True,CBraMod,14000.0,4.0,True
PhysionetMI,11,11,1x,3.0,0.6931818181818181,0.6931818181818181,0.7231060606060606,0.0,-0.0299242424242425,12.0,10.0,True,11.0,12.0,True,CBraMod,3000.0,1.0,True
PhysionetMI,11,11,2x,3.0,0.6893939393939394,0.6477272727272727,0.7238636363636364,-0.0416666666666667,-0.0761363636363636,12.0,10.0,True,11.0,12.0,True,CBraMod,6000.0,2.0,True
PhysionetMI,11,11,4x,3.0,0.7348484848484849,0.7348484848484849,0.7575757575757575,0.0,-0.0227272727272725,12.0,10.0,True,11.0,12.0,True,CBraMod,12000.0,4.0,True
PhysionetMI,11,23,1x,3.0,0.7765151515151515,0.6515151515151515,0.7799242424242424,-0.125,-0.1284090909090909,12.0,10.0,True,11.0,12.0,True,CBraMod,3000.0,1.0,True
PhysionetMI,11,23,2x,3.0,0.7386363636363636,0.6477272727272727,0.7329545454545455,-0.0909090909090909,-0.0852272727272728,12.0,10.0,True,11.0,12.0,True,CBraMod,6000.0,2.0,True
PhysionetMI,11,23,4x,3.0,0.7840909090909092,0.6931818181818181,0.7768939393939394,-0.090909090909091,-0.0837121212121212,12.0,10.0,True,11.0,12.0,True,CBraMod,12000.0,4.0,True
PhysionetMI,11,37,1x,3.0,0.7348484848484849,0.6477272727272727,0.6700757575757575,-0.0871212121212121,-0.0223484848484848,12.0,10.0,True,11.0,12.0,True,CBraMod,3000.0,1.0,True
PhysionetMI,11,37,2x,3.0,0.6931818181818181,0.606060606060606,0.6799242424242424,-0.0871212121212121,-0.0738636363636364,12.0,10.0,True,11.0,12.0,True,CBraMod,6000.0,2.0,True
PhysionetMI,11,37,4x,3.0,0.7386363636363636,0.606060606060606,0.7337121212121213,-0.1325757575757576,-0.1276515151515153,12.0,10.0,True,11.0,12.0,True,CBraMod,12000.0,4.0,True
PhysionetMI,11,53,1x,3.0,0.7386363636363636,0.6893939393939394,0.7712121212121212,-0.0492424242424242,-0.0818181818181817,12.0,10.0,True,11.0,12.0,True,CBraMod,3750.0,1.0,True
PhysionetMI,11,53,2x,3.0,0.7765151515151515,0.6893939393939394,0.7488636363636363,-0.087121212121212,-0.0594696969696968,12.0,10.0,True,11.0,12.0,True,CBraMod,7500.0,2.0,True
PhysionetMI,11,53,4x,3.0,0.7765151515151515,0.6477272727272727,0.7367424242424243,-0.1287878787878787,-0.0890151515151516,12.0,10.0,True,11.0,12.0,True,CBraMod,15000.0,4.0,True
PhysionetMI,11,71,1x,3.0,0.6477272727272727,0.6893939393939394,0.6731060606060606,0.0416666666666667,0.0162878787878788,12.0,10.0,True,11.0,12.0,True,CBraMod,3250.0,1.0,True
PhysionetMI,11,71,2x,3.0,0.6893939393939394,0.6477272727272727,0.6996212121212121,-0.0416666666666667,-0.0518939393939393,12.0,10.0,True,11.0,12.0,True,CBraMod,6500.0,2.0,True
PhysionetMI,11,71,4x,3.0,0.7803030303030303,0.6477272727272727,0.7196969696969696,-0.1325757575757575,-0.0719696969696969,12.0,10.0,True,11.0,12.0,True,CBraMod,13000.0,4.0,True
PhysionetMI,12,11,1x,1.0,0.875,0.9166666666666669,0.8553030303030302,0.0416666666666667,0.0613636363636365,10.0,12.0,True,11.0,12.0,True,CBraMod,3000.0,1.0,True
PhysionetMI,12,11,2x,1.0,0.875,0.8712121212121212,0.8734848484848486,-0.0037878787878787,-0.0022727272727274,10.0,12.0,True,11.0,12.0,True,CBraMod,6000.0,2.0,True
PhysionetMI,12,11,4x,1.0,0.875,0.9128787878787878,0.8621212121212121,0.0378787878787878,0.0507575757575757,10.0,12.0,True,11.0,12.0,True,CBraMod,12000.0,4.0,True
PhysionetMI,12,23,1x,1.0,0.8712121212121212,0.8674242424242424,0.8617424242424242,-0.0037878787878787,0.0056818181818182,10.0,12.0,True,11.0,12.0,True,CBraMod,3000.0,1.0,True
PhysionetMI,12,23,2x,1.0,0.8712121212121212,0.9166666666666669,0.85,0.0454545454545455,0.0666666666666667,10.0,12.0,True,11.0,12.0,True,CBraMod,6000.0,2.0,True
PhysionetMI,12,23,4x,1.0,0.7878787878787878,0.7916666666666667,0.8140151515151516,0.0037878787878788,-0.0223484848484848,10.0,12.0,True,11.0,12.0,True,CBraMod,12000.0,4.0,True
PhysionetMI,12,37,1x,,,,,,,,,,,,,,,,False
PhysionetMI,12,37,2x,,,,,,,,,,,,,,,,False
PhysionetMI,12,37,4x,,,,,,,,,,,,,,,,False
PhysionetMI,12,53,1x,1.0,0.875,0.8257575757575758,0.853409090909091,-0.0492424242424242,-0.0276515151515152,10.0,12.0,True,11.0,12.0,True,CBraMod,3000.0,1.0,True
PhysionetMI,12,53,2x,1.0,0.8295454545454546,0.9166666666666669,0.8128787878787879,0.0871212121212121,0.1037878787878788,10.0,12.0,True,11.0,12.0,True,CBraMod,6000.0,2.0,True
PhysionetMI,12,53,4x,1.0,0.7765151515151515,0.9128787878787878,0.7871212121212121,0.1363636363636363,0.1257575757575757,10.0,12.0,True,11.0,12.0,True,CBraMod,12000.0,4.0,True
PhysionetMI,12,71,1x,1.0,0.9128787878787878,0.8712121212121212,0.8753787878787879,-0.0416666666666666,-0.0041666666666666,10.0,12.0,True,11.0,12.0,True,CBraMod,3500.0,1.0,True
PhysionetMI,12,71,2x,1.0,0.8712121212121212,0.8712121212121212,0.8837121212121213,0.0,-0.0125,10.0,12.0,True,11.0,12.0,True,CBraMod,7000.0,2.0,True
PhysionetMI,12,71,4x,1.0,0.8295454545454546,0.8295454545454546,0.8378787878787879,0.0,-0.0083333333333333,10.0,12.0,True,11.0,12.0,True,CBraMod,14000.0,4.0,True
PhysionetMI,13,11,1x,2.0,0.821969696969697,0.8674242424242424,0.7450757575757576,0.0454545454545454,0.1223484848484848,12.0,10.0,True,11.0,12.0,True,CBraMod,5250.0,1.0,True
PhysionetMI,13,11,2x,2.0,0.8674242424242424,0.8295454545454546,0.7916666666666667,-0.0378787878787878,0.0378787878787878,12.0,10.0,True,11.0,12.0,True,CBraMod,10500.0,2.0,True
PhysionetMI,13,11,4x,2.0,0.6363636363636364,0.7348484848484849,0.6500000000000001,0.0984848484848485,0.0848484848484847,12.0,10.0,True,11.0,12.0,True,CBraMod,21000.0,4.0,True
PhysionetMI,13,23,1x,2.0,0.8181818181818181,0.7916666666666667,0.7965909090909091,-0.0265151515151513,-0.0049242424242423,12.0,10.0,True,11.0,12.0,True,CBraMod,3250.0,1.0,True
PhysionetMI,13,23,2x,2.0,0.7272727272727273,0.9545454545454546,0.7935606060606061,0.2272727272727273,0.1609848484848485,12.0,10.0,True,11.0,12.0,True,CBraMod,6500.0,2.0,True
PhysionetMI,13,23,4x,2.0,0.6553030303030303,0.7878787878787878,0.7609848484848485,0.1325757575757575,0.0268939393939393,12.0,10.0,True,11.0,12.0,True,CBraMod,13000.0,4.0,True
PhysionetMI,13,37,1x,2.0,0.8181818181818181,0.8636363636363636,0.7912878787878788,0.0454545454545455,0.0723484848484848,12.0,10.0,True,11.0,12.0,True,CBraMod,3000.0,1.0,True
PhysionetMI,13,37,2x,2.0,0.6818181818181819,0.8674242424242424,0.7295454545454546,0.1856060606060605,0.1378787878787878,12.0,10.0,True,11.0,12.0,True,CBraMod,6000.0,2.0,True
PhysionetMI,13,37,4x,2.0,0.8636363636363636,0.9090909090909092,0.8003787878787879,0.0454545454545455,0.1087121212121212,12.0,10.0,True,11.0,12.0,True,CBraMod,12000.0,4.0,True
PhysionetMI,13,53,1x,2.0,0.6856060606060606,0.821969696969697,0.7124999999999999,0.1363636363636364,0.1094696969696971,12.0,10.0,True,11.0,12.0,True,CBraMod,4000.0,1.0,True
PhysionetMI,13,53,2x,2.0,0.731060606060606,0.8674242424242424,0.7401515151515151,0.1363636363636364,0.1272727272727273,12.0,10.0,True,11.0,12.0,True,CBraMod,8000.0,2.0,True
PhysionetMI,13,53,4x,2.0,0.7272727272727273,0.8636363636363636,0.7227272727272728,0.1363636363636363,0.1409090909090908,12.0,10.0,True,11.0,12.0,True,CBraMod,16000.0,4.0,True
PhysionetMI,13,71,1x,2.0,0.8295454545454546,0.7424242424242424,0.7488636363636363,-0.0871212121212121,-0.0064393939393938,12.0,10.0,True,11.0,12.0,True,CBraMod,3500.0,1.0,True
PhysionetMI,13,71,2x,2.0,0.7765151515151515,0.7765151515151515,0.7799242424242425,0.0,-0.003409090909091,12.0,10.0,True,11.0,12.0,True,CBraMod,7000.0,2.0,True
PhysionetMI,13,71,4x,2.0,0.7348484848484849,0.6856060606060606,0.7253787878787878,-0.0492424242424243,-0.0397727272727272,12.0,10.0,True,11.0,12.0,True,CBraMod,14000.0,4.0,True
PhysionetMI,14,11,1x,3.0,0.696969696969697,0.8295454545454546,0.7090909090909091,0.1325757575757575,0.1204545454545454,10.0,12.0,True,12.0,11.0,True,CBraMod,3000.0,1.0,True
PhysionetMI,14,11,2x,3.0,0.8257575757575758,0.821969696969697,0.8015151515151515,-0.0037878787878787,0.0204545454545455,10.0,12.0,True,12.0,11.0,True,CBraMod,6000.0,2.0,True
PhysionetMI,14,11,4x,3.0,0.8636363636363636,0.7765151515151515,0.7579545454545454,-0.0871212121212121,0.018560606060606,10.0,12.0,True,12.0,11.0,True,CBraMod,12000.0,4.0,True
PhysionetMI,14,23,1x,3.0,0.8295454545454546,0.8295454545454546,0.7496212121212121,0.0,0.0799242424242424,10.0,12.0,True,12.0,11.0,True,CBraMod,3000.0,1.0,True
PhysionetMI,14,23,2x,3.0,0.7765151515151515,0.7803030303030303,0.7178030303030303,0.0037878787878787,0.0625,10.0,12.0,True,12.0,11.0,True,CBraMod,6000.0,2.0,True
PhysionetMI,14,23,4x,3.0,0.731060606060606,0.8712121212121212,0.7340909090909091,0.1401515151515152,0.1371212121212121,10.0,12.0,True,12.0,11.0,True,CBraMod,12000.0,4.0,True
PhysionetMI,14,37,1x,3.0,0.8636363636363636,0.9545454545454546,0.8530303030303031,0.0909090909090909,0.1015151515151514,10.0,12.0,True,12.0,11.0,True,CBraMod,3000.0,1.0,True
PhysionetMI,14,37,2x,3.0,0.9545454545454546,0.9090909090909092,0.821969696969697,-0.0454545454545454,0.0871212121212121,10.0,12.0,True,12.0,11.0,True,CBraMod,6000.0,2.0,True
PhysionetMI,14,37,4x,3.0,1.0,0.8674242424242424,0.8454545454545455,-0.1325757575757575,0.0219696969696969,10.0,12.0,True,12.0,11.0,True,CBraMod,12000.0,4.0,True
PhysionetMI,14,53,1x,3.0,0.8295454545454546,0.8257575757575758,0.8109848484848484,-0.0037878787878787,0.0147727272727273,10.0,12.0,True,12.0,11.0,True,CBraMod,3750.0,1.0,True
PhysionetMI,14,53,2x,3.0,0.8295454545454546,0.7840909090909092,0.8613636363636366,-0.0454545454545454,-0.0772727272727273,10.0,12.0,True,12.0,11.0,True,CBraMod,7500.0,2.0,True
PhysionetMI,14,53,4x,3.0,0.8712121212121212,0.8295454545454546,0.8231060606060607,-0.0416666666666666,0.0064393939393938,10.0,12.0,True,12.0,11.0,True,CBraMod,15000.0,4.0,True
PhysionetMI,14,71,1x,3.0,0.8712121212121212,0.9128787878787878,0.8306818181818182,0.0416666666666666,0.0821969696969696,10.0,12.0,True,12.0,11.0,True,CBraMod,3250.0,1.0,True
PhysionetMI,14,71,2x,3.0,0.6856060606060606,0.9128787878787878,0.7534090909090909,0.2272727272727273,0.1594696969696969,10.0,12.0,True,12.0,11.0,True,CBraMod,6500.0,2.0,True
PhysionetMI,14,71,4x,3.0,0.8674242424242424,0.9545454545454546,0.815909090909091,0.0871212121212121,0.1386363636363635,10.0,12.0,True,12.0,11.0,True,CBraMod,13000.0,4.0,True
PhysionetMI,15,11,1x,4.0,0.9615384615384616,1.0,0.9807692307692308,0.0384615384615384,0.0192307692307691,10.0,12.0,True,13.0,10.0,True,CBraMod,3000.0,1.0,True
PhysionetMI,15,11,2x,4.0,0.9615384615384616,0.9615384615384616,0.9730769230769232,0.0,-0.0115384615384616,10.0,12.0,True,13.0,10.0,True,CBraMod,6000.0,2.0,True
PhysionetMI,15,11,4x,4.0,0.9615384615384616,1.0,0.9692307692307692,0.0384615384615384,0.0307692307692306,10.0,12.0,True,13.0,10.0,True,CBraMod,12000.0,4.0,True
PhysionetMI,15,23,1x,4.0,0.8846153846153846,1.0,0.9153846153846156,0.1153846153846154,0.0846153846153845,10.0,12.0,True,13.0,10.0,True,CBraMod,3500.0,1.0,True
PhysionetMI,15,23,2x,4.0,0.9230769230769232,0.9615384615384616,0.9538461538461538,0.0384615384615384,0.0076923076923077,10.0,12.0,True,13.0,10.0,True,CBraMod,7000.0,2.0,True
PhysionetMI,15,23,4x,4.0,0.9615384615384616,1.0,0.973076923076923,0.0384615384615384,0.026923076923077,10.0,12.0,True,13.0,10.0,True,CBraMod,14000.0,4.0,True
PhysionetMI,15,37,1x,4.0,1.0,1.0,0.9884615384615384,0.0,0.0115384615384614,10.0,12.0,True,13.0,10.0,True,CBraMod,3000.0,1.0,True
PhysionetMI,15,37,2x,4.0,1.0,1.0,0.9846153846153848,0.0,0.0153846153846153,10.0,12.0,True,13.0,10.0,True,CBraMod,6000.0,2.0,True
PhysionetMI,15,37,4x,4.0,0.9230769230769232,1.0,0.95,0.0769230769230768,0.05,10.0,12.0,True,13.0,10.0,True,CBraMod,12000.0,4.0,True
PhysionetMI,15,53,1x,4.0,0.8461538461538461,1.0,0.9538461538461538,0.1538461538461538,0.0461538461538462,10.0,12.0,True,13.0,10.0,True,CBraMod,3000.0,1.0,True
PhysionetMI,15,53,2x,4.0,0.9615384615384616,0.9615384615384616,0.9653846153846156,0.0,-0.0038461538461539,10.0,12.0,True,13.0,10.0,True,CBraMod,6000.0,2.0,True
PhysionetMI,15,53,4x,4.0,0.9615384615384616,0.9615384615384616,0.9526923076923076,0.0,0.0088461538461538,10.0,12.0,True,13.0,10.0,True,CBraMod,12000.0,4.0,True
PhysionetMI,15,71,1x,4.0,0.9230769230769232,0.9615384615384616,0.8796153846153846,0.0384615384615384,0.0819230769230769,10.0,12.0,True,13.0,10.0,True,CBraMod,3250.0,1.0,True
PhysionetMI,15,71,2x,4.0,0.9230769230769232,0.95,0.9473076923076922,0.0269230769230768,0.0026923076923077,10.0,12.0,True,13.0,10.0,True,CBraMod,6500.0,2.0,True
PhysionetMI,15,71,4x,4.0,0.8846153846153846,1.0,0.9080769230769232,0.1153846153846154,0.0919230769230768,10.0,12.0,True,13.0,10.0,True,CBraMod,13000.0,4.0,True
PhysionetMI,16,11,1x,2.0,0.6931818181818181,0.696969696969697,0.6723484848484848,0.0037878787878788,0.0246212121212122,11.0,11.0,True,11.0,12.0,True,CBraMod,5250.0,1.0,True
PhysionetMI,16,11,2x,2.0,0.696969696969697,0.7840909090909092,0.7094696969696969,0.0871212121212121,0.0746212121212123,11.0,11.0,True,11.0,12.0,True,CBraMod,10500.0,2.0,True
PhysionetMI,16,11,4x,2.0,0.6931818181818181,0.7386363636363636,0.6931818181818181,0.0454545454545455,0.0454545454545455,11.0,11.0,True,11.0,12.0,True,CBraMod,21000.0,4.0,True
PhysionetMI,16,23,1x,2.0,0.4772727272727273,0.5681818181818181,0.552651515151515,0.0909090909090908,0.0155303030303031,11.0,11.0,True,11.0,12.0,True,CBraMod,3250.0,1.0,True
PhysionetMI,16,23,2x,2.0,0.6515151515151515,0.5265151515151515,0.6303030303030301,-0.125,-0.1037878787878786,11.0,11.0,True,11.0,12.0,True,CBraMod,6500.0,2.0,True
PhysionetMI,16,23,4x,2.0,0.7424242424242424,0.5265151515151515,0.6515151515151516,-0.2159090909090909,-0.1250000000000001,11.0,11.0,True,11.0,12.0,True,CBraMod,13000.0,4.0,True
PhysionetMI,16,37,1x,2.0,0.606060606060606,0.571969696969697,0.621969696969697,-0.0340909090909089,-0.0499999999999999,11.0,11.0,True,11.0,12.0,True,CBraMod,3000.0,1.0,True
PhysionetMI,16,37,2x,2.0,0.6893939393939394,0.5265151515151515,0.6007575757575758,-0.1628787878787879,-0.0742424242424243,11.0,11.0,True,11.0,12.0,True,CBraMod,6000.0,2.0,True
PhysionetMI,16,37,4x,2.0,0.6893939393939394,0.6136363636363636,0.6390151515151514,-0.0757575757575758,-0.0253787878787877,11.0,11.0,True,11.0,12.0,True,CBraMod,12000.0,4.0,True
PhysionetMI,16,53,1x,2.0,0.6931818181818181,0.5265151515151515,0.6814393939393939,-0.1666666666666666,-0.1549242424242424,11.0,11.0,True,11.0,12.0,True,CBraMod,4000.0,1.0,True
PhysionetMI,16,53,2x,2.0,0.7840909090909092,0.571969696969697,0.609469696969697,-0.2121212121212121,-0.0374999999999999,11.0,11.0,True,11.0,12.0,True,CBraMod,8000.0,2.0,True
PhysionetMI,16,53,4x,2.0,0.7007575757575758,0.6174242424242424,0.6121212121212121,-0.0833333333333333,0.0053030303030303,11.0,11.0,True,11.0,12.0,True,CBraMod,16000.0,4.0,True
PhysionetMI,16,71,1x,2.0,0.7386363636363636,0.6553030303030303,0.6499999999999999,-0.0833333333333333,0.0053030303030303,11.0,11.0,True,11.0,12.0,True,CBraMod,3500.0,1.0,True
PhysionetMI,16,71,2x,2.0,0.5643939393939394,0.6590909090909092,0.5693181818181817,0.0946969696969697,0.0897727272727274,11.0,11.0,True,11.0,12.0,True,CBraMod,7000.0,2.0,True
PhysionetMI,16,71,4x,2.0,0.7045454545454546,0.7045454545454546,0.6731060606060607,0.0,0.0314393939393938,11.0,11.0,True,11.0,12.0,True,CBraMod,14000.0,4.0,True
PhysionetMI,17,11,1x,0.0,0.731060606060606,0.9545454545454546,0.793939393939394,0.2234848484848486,0.1606060606060606,11.0,11.0,True,12.0,11.0,True,CBraMod,3000.0,1.0,True
PhysionetMI,17,11,2x,0.0,0.8674242424242424,0.9545454545454546,0.8575757575757574,0.0871212121212121,0.0969696969696971,11.0,11.0,True,12.0,11.0,True,CBraMod,6000.0,2.0,True
PhysionetMI,17,11,4x,0.0,0.731060606060606,0.8674242424242424,0.8064393939393939,0.1363636363636364,0.0609848484848485,11.0,11.0,True,12.0,11.0,True,CBraMod,12000.0,4.0,True
PhysionetMI,17,23,1x,0.0,0.731060606060606,0.8674242424242424,0.8037878787878789,0.1363636363636364,0.0636363636363634,11.0,11.0,True,12.0,11.0,True,CBraMod,3500.0,1.0,True
PhysionetMI,17,23,2x,0.0,0.7765151515151515,0.9128787878787878,0.8382575757575758,0.1363636363636363,0.074621212121212,11.0,11.0,True,12.0,11.0,True,CBraMod,7000.0,2.0,True
PhysionetMI,17,23,4x,0.0,0.6856060606060606,0.731060606060606,0.7128787878787879,0.0454545454545454,0.018181818181818,11.0,11.0,True,12.0,11.0,True,CBraMod,14000.0,4.0,True
PhysionetMI,17,37,1x,0.0,0.8674242424242424,0.8674242424242424,0.8541666666666666,0.0,0.0132575757575758,11.0,11.0,True,12.0,11.0,True,CBraMod,3000.0,1.0,True
PhysionetMI,17,37,2x,0.0,0.6401515151515151,0.7840909090909092,0.6946969696969696,0.143939393939394,0.0893939393939395,11.0,11.0,True,12.0,11.0,True,CBraMod,6000.0,2.0,True
PhysionetMI,17,37,4x,0.0,0.7765151515151515,0.8257575757575758,0.7511363636363637,0.0492424242424243,0.074621212121212,11.0,11.0,True,12.0,11.0,True,CBraMod,12000.0,4.0,True
PhysionetMI,17,53,1x,0.0,0.9583333333333331,0.9128787878787878,0.9276515151515152,-0.0454545454545454,-0.0147727272727273,11.0,11.0,True,12.0,11.0,True,CBraMod,3000.0,1.0,True
PhysionetMI,17,53,2x,0.0,0.7765151515151515,0.7765151515151515,0.8075757575757576,0.0,-0.0310606060606061,11.0,11.0,True,12.0,11.0,True,CBraMod,6000.0,2.0,True
PhysionetMI,17,53,4x,0.0,0.821969696969697,0.8674242424242424,0.8268939393939394,0.0454545454545454,0.040530303030303,11.0,11.0,True,12.0,11.0,True,CBraMod,12000.0,4.0,True
PhysionetMI,17,71,1x,0.0,0.6401515151515151,0.8674242424242424,0.7159090909090909,0.2272727272727273,0.1515151515151515,11.0,11.0,True,12.0,11.0,True,CBraMod,3000.0,1.0,True
PhysionetMI,17,71,2x,0.0,0.821969696969697,0.875,0.7848484848484849,0.0530303030303029,0.0901515151515151,11.0,11.0,True,12.0,11.0,True,CBraMod,6000.0,2.0,True
PhysionetMI,17,71,4x,0.0,0.8674242424242424,0.8674242424242424,0.8571969696969697,0.0,0.0102272727272727,11.0,11.0,True,12.0,11.0,True,CBraMod,12000.0,4.0,True
PhysionetMI,18,11,1x,0.0,1.0,1.0,0.9825757575757575,0.0,0.0174242424242423,11.0,11.0,True,11.0,12.0,True,CBraMod,3000.0,1.0,True
PhysionetMI,18,11,2x,0.0,1.0,1.0,0.9734848484848484,0.0,0.0265151515151516,11.0,11.0,True,11.0,12.0,True,CBraMod,6000.0,2.0,True
PhysionetMI,18,11,4x,0.0,1.0,1.0,0.9606060606060608,0.0,0.0393939393939393,11.0,11.0,True,11.0,12.0,True,CBraMod,12000.0,4.0,True
PhysionetMI,18,23,1x,0.0,1.0,1.0,1.0,0.0,0.0,11.0,11.0,True,11.0,12.0,True,CBraMod,3500.0,1.0,True
PhysionetMI,18,23,2x,0.0,1.0,1.0,0.9954545454545456,0.0,0.0045454545454545,11.0,11.0,True,11.0,12.0,True,CBraMod,7000.0,2.0,True
PhysionetMI,18,23,4x,0.0,1.0,1.0,0.9958333333333332,0.0,0.0041666666666667,11.0,11.0,True,11.0,12.0,True,CBraMod,14000.0,4.0,True
PhysionetMI,18,37,1x,0.0,1.0,1.0,0.9954545454545456,0.0,0.0045454545454545,11.0,11.0,True,11.0,12.0,True,CBraMod,3000.0,1.0,True
PhysionetMI,18,37,2x,0.0,1.0,1.0,0.9912878787878788,0.0,0.008712121212121,11.0,11.0,True,11.0,12.0,True,CBraMod,6000.0,2.0,True
PhysionetMI,18,37,4x,0.0,1.0,1.0,0.990909090909091,0.0,0.009090909090909,11.0,11.0,True,11.0,12.0,True,CBraMod,12000.0,4.0,True
PhysionetMI,18,53,1x,0.0,1.0,1.0,0.968560606060606,0.0,0.0314393939393939,11.0,11.0,True,11.0,12.0,True,CBraMod,3000.0,1.0,True
PhysionetMI,18,53,2x,0.0,1.0,1.0,0.9647727272727272,0.0,0.0352272727272726,11.0,11.0,True,11.0,12.0,True,CBraMod,6000.0,2.0,True
PhysionetMI,18,53,4x,0.0,1.0,1.0,0.9825757575757575,0.0,0.0174242424242423,11.0,11.0,True,11.0,12.0,True,CBraMod,12000.0,4.0,True
PhysionetMI,18,71,1x,0.0,1.0,1.0,1.0,0.0,0.0,11.0,11.0,True,11.0,12.0,True,CBraMod,3000.0,1.0,True
PhysionetMI,18,71,2x,0.0,1.0,1.0,1.0,0.0,0.0,11.0,11.0,True,11.0,12.0,True,CBraMod,6000.0,2.0,True
PhysionetMI,18,71,4x,0.0,1.0,1.0,0.9954545454545456,0.0,0.0045454545454545,11.0,11.0,True,11.0,12.0,True,CBraMod,12000.0,4.0,True
PhysionetMI,19,11,1x,3.0,0.9128787878787878,0.8674242424242424,0.8215909090909091,-0.0454545454545454,0.0458333333333332,11.0,11.0,True,12.0,11.0,True,CBraMod,3000.0,1.0,True
PhysionetMI,19,11,2x,3.0,0.9128787878787878,0.875,0.8363636363636363,-0.0378787878787878,0.0386363636363636,11.0,11.0,True,12.0,11.0,True,CBraMod,6000.0,2.0,True
PhysionetMI,19,11,4x,3.0,0.9128787878787878,0.9166666666666669,0.8765151515151516,0.0037878787878788,0.0401515151515151,11.0,11.0,True,12.0,11.0,True,CBraMod,12000.0,4.0,True
PhysionetMI,19,23,1x,3.0,0.9545454545454546,0.8712121212121212,0.8795454545454545,-0.0833333333333333,-0.0083333333333333,11.0,11.0,True,12.0,11.0,True,CBraMod,3000.0,1.0,True
PhysionetMI,19,23,2x,3.0,0.9090909090909092,0.821969696969697,0.909469696969697,-0.0871212121212121,-0.0875,11.0,11.0,True,12.0,11.0,True,CBraMod,6000.0,2.0,True
PhysionetMI,19,23,4x,3.0,0.9090909090909092,0.8674242424242424,0.8708333333333332,-0.0416666666666667,-0.0034090909090908,11.0,11.0,True,12.0,11.0,True,CBraMod,12000.0,4.0,True
PhysionetMI,19,37,1x,3.0,0.9545454545454546,0.7803030303030303,0.8678030303030303,-0.1742424242424243,-0.0875,11.0,11.0,True,12.0,11.0,True,CBraMod,3000.0,1.0,True
PhysionetMI,19,37,2x,3.0,0.9545454545454546,0.8712121212121212,0.8666666666666666,-0.0833333333333333,0.0045454545454546,11.0,11.0,True,12.0,11.0,True,CBraMod,6000.0,2.0,True
PhysionetMI,19,37,4x,3.0,0.8257575757575758,0.7386363636363636,0.8231060606060605,-0.0871212121212121,-0.0844696969696968,11.0,11.0,True,12.0,11.0,True,CBraMod,12000.0,4.0,True
PhysionetMI,19,53,1x,3.0,0.8257575757575758,0.8295454545454546,0.8348484848484847,0.0037878787878787,-0.0053030303030301,11.0,11.0,True,12.0,11.0,True,CBraMod,3750.0,1.0,True
PhysionetMI,19,53,2x,3.0,0.8636363636363636,0.8712121212121212,0.8109848484848486,0.0075757575757575,0.0602272727272725,11.0,11.0,True,12.0,11.0,True,CBraMod,7500.0,2.0,True
PhysionetMI,19,53,4x,3.0,0.8181818181818181,0.7803030303030303,0.8140151515151516,-0.0378787878787878,-0.0337121212121213,11.0,11.0,True,12.0,11.0,True,CBraMod,15000.0,4.0,True
PhysionetMI,19,71,1x,3.0,0.9128787878787878,0.9583333333333331,0.9075757575757576,0.0454545454545454,0.0507575757575756,11.0,11.0,True,12.0,11.0,True,CBraMod,3250.0,1.0,True
PhysionetMI,19,71,2x,3.0,0.9090909090909092,1.0,0.8556818181818182,0.0909090909090908,0.1443181818181818,11.0,11.0,True,12.0,11.0,True,CBraMod,6500.0,2.0,True
PhysionetMI,19,71,4x,3.0,0.8712121212121212,0.8712121212121212,0.8473484848484849,0.0,0.0238636363636363,11.0,11.0,True,12.0,11.0,True,CBraMod,13000.0,4.0,True
PhysionetMI,20,11,1x,2.0,0.7803030303030303,0.9545454545454546,0.8053030303030303,0.1742424242424243,0.1492424242424243,11.0,11.0,True,12.0,11.0,True,CBraMod,5250.0,1.0,True
PhysionetMI,20,11,2x,2.0,0.8636363636363636,0.9090909090909092,0.8276515151515152,0.0454545454545455,0.0814393939393939,11.0,11.0,True,12.0,11.0,True,CBraMod,10500.0,2.0,True
PhysionetMI,20,11,4x,2.0,0.8636363636363636,0.9545454545454546,0.8545454545454545,0.0909090909090909,0.1,11.0,11.0,True,12.0,11.0,True,CBraMod,21000.0,4.0,True
PhysionetMI,20,23,1x,2.0,0.9090909090909092,0.9545454545454546,0.8939393939393941,0.0454545454545454,0.0606060606060604,11.0,11.0,True,12.0,11.0,True,CBraMod,3250.0,1.0,True
PhysionetMI,20,23,2x,2.0,0.9583333333333331,1.0,0.943181818181818,0.0416666666666667,0.0568181818181818,11.0,11.0,True,12.0,11.0,True,CBraMod,6500.0,2.0,True
PhysionetMI,20,23,4x,2.0,0.9545454545454546,0.9128787878787878,0.8890151515151515,-0.0416666666666667,0.0238636363636363,11.0,11.0,True,12.0,11.0,True,CBraMod,13000.0,4.0,True
PhysionetMI,20,37,1x,2.0,0.9128787878787878,0.9583333333333331,0.8901515151515152,0.0454545454545454,0.068181818181818,11.0,11.0,True,12.0,11.0,True,CBraMod,3000.0,1.0,True
PhysionetMI,20,37,2x,2.0,0.9583333333333331,0.9545454545454546,0.8984848484848487,-0.0037878787878786,0.0560606060606059,11.0,11.0,True,12.0,11.0,True,CBraMod,6000.0,2.0,True
PhysionetMI,20,37,4x,2.0,0.9128787878787878,0.9583333333333331,0.8977272727272727,0.0454545454545454,0.0606060606060605,11.0,11.0,True,12.0,11.0,True,CBraMod,12000.0,4.0,True
PhysionetMI,20,53,1x,2.0,0.8674242424242424,1.0,0.8481060606060605,0.1325757575757575,0.1518939393939394,11.0,11.0,True,12.0,11.0,True,CBraMod,4000.0,1.0,True
PhysionetMI,20,53,2x,2.0,0.9128787878787878,0.9128787878787878,0.8806818181818183,0.0,0.0321969696969695,11.0,11.0,True,12.0,11.0,True,CBraMod,8000.0,2.0,True
PhysionetMI,20,53,4x,2.0,0.9545454545454546,0.9583333333333331,0.8886363636363637,0.0037878787878786,0.0696969696969695,11.0,11.0,True,12.0,11.0,True,CBraMod,16000.0,4.0,True
PhysionetMI,20,71,1x,2.0,0.8674242424242424,0.9583333333333331,0.8863636363636364,0.0909090909090908,0.0719696969696969,11.0,11.0,True,12.0,11.0,True,CBraMod,3500.0,1.0,True
PhysionetMI,20,71,2x,2.0,0.9166666666666669,0.9166666666666669,0.9015151515151514,0.0,0.0151515151515153,11.0,11.0,True,12.0,11.0,True,CBraMod,7000.0,2.0,True
PhysionetMI,20,71,4x,2.0,0.9090909090909092,0.9545454545454546,0.8772727272727273,0.0454545454545454,0.0772727272727272,11.0,11.0,True,12.0,11.0,True,CBraMod,14000.0,4.0,True
PhysionetMI,21,11,1x,2.0,0.7878787878787878,0.8295454545454546,0.7696969696969697,0.0416666666666667,0.0598484848484849,12.0,10.0,True,12.0,11.0,True,CBraMod,5250.0,1.0,True
PhysionetMI,21,11,2x,2.0,0.7878787878787878,0.875,0.7727272727272727,0.0871212121212121,0.1022727272727272,12.0,10.0,True,12.0,11.0,True,CBraMod,10500.0,2.0,True
PhysionetMI,21,11,4x,2.0,0.7916666666666667,0.8295454545454546,0.7988636363636363,0.0378787878787878,0.0306818181818182,12.0,10.0,True,12.0,11.0,True,CBraMod,21000.0,4.0,True
PhysionetMI,21,23,1x,2.0,0.7840909090909092,0.7462121212121212,0.7454545454545455,-0.0378787878787879,0.0007575757575757,12.0,10.0,True,12.0,11.0,True,CBraMod,3250.0,1.0,True
PhysionetMI,21,23,2x,2.0,0.7424242424242424,0.8333333333333333,0.718939393939394,0.0909090909090908,0.1143939393939392,12.0,10.0,True,12.0,11.0,True,CBraMod,6500.0,2.0,True
PhysionetMI,21,23,4x,2.0,0.8295454545454546,0.75,0.7632575757575758,-0.0795454545454545,-0.0132575757575758,12.0,10.0,True,12.0,11.0,True,CBraMod,13000.0,4.0,True
PhysionetMI,21,37,1x,2.0,0.7424242424242424,0.7840909090909092,0.7715909090909092,0.0416666666666667,0.0124999999999999,12.0,10.0,True,12.0,11.0,True,CBraMod,3000.0,1.0,True
PhysionetMI,21,37,2x,2.0,0.7840909090909092,0.8295454545454546,0.7295454545454546,0.0454545454545454,0.0999999999999999,12.0,10.0,True,12.0,11.0,True,CBraMod,6000.0,2.0,True
PhysionetMI,21,37,4x,2.0,0.7424242424242424,0.8295454545454546,0.7295454545454547,0.0871212121212121,0.0999999999999998,12.0,10.0,True,12.0,11.0,True,CBraMod,12000.0,4.0,True
PhysionetMI,21,53,1x,2.0,0.7840909090909092,0.875,0.7761363636363637,0.0909090909090908,0.0988636363636362,12.0,10.0,True,12.0,11.0,True,CBraMod,4000.0,1.0,True
PhysionetMI,21,53,2x,2.0,0.8295454545454546,0.8712121212121212,0.8151515151515152,0.0416666666666666,0.056060606060606,12.0,10.0,True,12.0,11.0,True,CBraMod,8000.0,2.0,True
PhysionetMI,21,53,4x,2.0,0.7007575757575758,0.875,0.7242424242424242,0.1742424242424242,0.1507575757575757,12.0,10.0,True,12.0,11.0,True,CBraMod,16000.0,4.0,True
PhysionetMI,21,71,1x,2.0,0.7007575757575758,0.875,0.7454545454545455,0.1742424242424242,0.1295454545454545,12.0,10.0,True,12.0,11.0,True,CBraMod,3500.0,1.0,True
PhysionetMI,21,71,2x,2.0,0.7462121212121212,0.8712121212121212,0.7545454545454546,0.125,0.1166666666666665,12.0,10.0,True,12.0,11.0,True,CBraMod,7000.0,2.0,True
PhysionetMI,21,71,4x,2.0,0.8295454545454546,0.8295454545454546,0.8333333333333334,0.0,-0.0037878787878787,12.0,10.0,True,12.0,11.0,True,CBraMod,14000.0,4.0,True
PhysionetMI,22,11,1x,0.0,1.0,1.0,0.959090909090909,0.0,0.040909090909091,10.0,12.0,True,12.0,11.0,True,CBraMod,3000.0,1.0,True
PhysionetMI,22,11,2x,0.0,1.0,1.0,0.9416666666666668,0.0,0.0583333333333332,10.0,12.0,True,12.0,11.0,True,CBraMod,6000.0,2.0,True
PhysionetMI,22,11,4x,0.0,0.9545454545454546,0.9545454545454546,0.9193181818181818,0.0,0.0352272727272727,10.0,12.0,True,12.0,11.0,True,CBraMod,12000.0,4.0,True
PhysionetMI,22,23,1x,0.0,0.9545454545454546,0.9545454545454546,0.9477272727272728,0.0,0.0068181818181817,10.0,12.0,True,12.0,11.0,True,CBraMod,3500.0,1.0,True
PhysionetMI,22,23,2x,0.0,0.9545454545454546,1.0,0.943939393939394,0.0454545454545454,0.056060606060606,10.0,12.0,True,12.0,11.0,True,CBraMod,7000.0,2.0,True
PhysionetMI,22,23,4x,0.0,0.9545454545454546,1.0,0.937878787878788,0.0454545454545454,0.0621212121212121,10.0,12.0,True,12.0,11.0,True,CBraMod,14000.0,4.0,True
PhysionetMI,22,37,1x,0.0,0.9545454545454546,0.9545454545454546,0.9215909090909092,0.0,0.0329545454545454,10.0,12.0,True,12.0,11.0,True,CBraMod,3000.0,1.0,True
PhysionetMI,22,37,2x,0.0,0.9545454545454546,0.9545454545454546,0.95,0.0,0.0045454545454546,10.0,12.0,True,12.0,11.0,True,CBraMod,6000.0,2.0,True
PhysionetMI,22,37,4x,0.0,0.9545454545454546,0.9583333333333331,0.909090909090909,0.0037878787878786,0.0492424242424243,10.0,12.0,True,12.0,11.0,True,CBraMod,12000.0,4.0,True
PhysionetMI,22,53,1x,0.0,0.9545454545454546,0.9545454545454546,0.9428030303030304,0.0,0.0117424242424243,10.0,12.0,True,12.0,11.0,True,CBraMod,3000.0,1.0,True
PhysionetMI,22,53,2x,0.0,0.9128787878787878,0.9545454545454546,0.9250000000000002,0.0416666666666667,0.0295454545454544,10.0,12.0,True,12.0,11.0,True,CBraMod,6000.0,2.0,True
PhysionetMI,22,53,4x,0.0,0.9545454545454546,0.9545454545454546,0.9363636363636364,0.0,0.018181818181818,10.0,12.0,True,12.0,11.0,True,CBraMod,12000.0,4.0,True
PhysionetMI,22,71,1x,0.0,0.9545454545454546,0.9545454545454546,0.9325757575757576,0.0,0.0219696969696969,10.0,12.0,True,12.0,11.0,True,CBraMod,3000.0,1.0,True
PhysionetMI,22,71,2x,0.0,0.9128787878787878,0.9545454545454546,0.8958333333333333,0.0416666666666667,0.0587121212121213,10.0,12.0,True,12.0,11.0,True,CBraMod,6000.0,2.0,True
PhysionetMI,22,71,4x,0.0,0.9545454545454546,0.9545454545454546,0.8878787878787879,0.0,0.0666666666666666,10.0,12.0,True,12.0,11.0,True,CBraMod,12000.0,4.0,True
PhysionetMI,23,11,1x,0.0,0.8115384615384615,0.8115384615384615,0.8003846153846155,0.0,0.011153846153846,12.0,10.0,True,10.0,13.0,True,CBraMod,3000.0,1.0,True
PhysionetMI,23,11,2x,0.0,0.8115384615384615,0.7846153846153847,0.813076923076923,-0.0269230769230768,-0.0284615384615383,12.0,10.0,True,10.0,13.0,True,CBraMod,6000.0,2.0,True
PhysionetMI,23,11,4x,0.0,0.7615384615384615,0.573076923076923,0.7649999999999999,-0.1884615384615384,-0.1919230769230768,12.0,10.0,True,10.0,13.0,True,CBraMod,12000.0,4.0,True
PhysionetMI,23,23,1x,0.0,0.85,0.85,0.8111538461538462,0.0,0.0388461538461537,12.0,10.0,True,10.0,13.0,True,CBraMod,3500.0,1.0,True
PhysionetMI,23,23,2x,0.0,0.85,0.8115384615384615,0.8061538461538461,-0.0384615384615384,0.0053846153846154,12.0,10.0,True,10.0,13.0,True,CBraMod,7000.0,2.0,True
PhysionetMI,23,23,4x,0.0,0.85,0.8,0.8046153846153846,-0.0499999999999999,-0.0046153846153845,12.0,10.0,True,10.0,13.0,True,CBraMod,14000.0,4.0,True
PhysionetMI,23,37,1x,0.0,0.7615384615384615,0.773076923076923,0.7403846153846154,0.0115384615384614,0.0326923076923075,12.0,10.0,True,10.0,13.0,True,CBraMod,3000.0,1.0,True
PhysionetMI,23,37,2x,0.0,0.8115384615384615,0.7346153846153847,0.7780769230769231,-0.0769230769230768,-0.0434615384615384,12.0,10.0,True,10.0,13.0,True,CBraMod,6000.0,2.0,True
PhysionetMI,23,37,4x,0.0,0.7615384615384615,0.823076923076923,0.743076923076923,0.0615384615384615,0.08,12.0,10.0,True,10.0,13.0,True,CBraMod,12000.0,4.0,True
PhysionetMI,23,53,1x,0.0,0.7115384615384616,0.7615384615384615,0.751923076923077,0.0499999999999999,0.0096153846153844,12.0,10.0,True,10.0,13.0,True,CBraMod,3000.0,1.0,True
PhysionetMI,23,53,2x,0.0,0.75,0.7115384615384616,0.706923076923077,-0.0384615384615384,0.0046153846153845,12.0,10.0,True,10.0,13.0,True,CBraMod,6000.0,2.0,True
PhysionetMI,23,53,4x,0.0,0.7615384615384615,0.7846153846153847,0.7457692307692307,0.0230769230769232,0.0388461538461539,12.0,10.0,True,10.0,13.0,True,CBraMod,12000.0,4.0,True
PhysionetMI,23,71,1x,0.0,0.8615384615384616,0.823076923076923,0.8326923076923078,-0.0384615384615385,-0.0096153846153848,12.0,10.0,True,10.0,13.0,True,CBraMod,3000.0,1.0,True
PhysionetMI,23,71,2x,0.0,0.85,0.8115384615384615,0.8057692307692307,-0.0384615384615384,0.0057692307692308,12.0,10.0,True,10.0,13.0,True,CBraMod,6000.0,2.0,True
PhysionetMI,23,71,4x,0.0,0.8,0.8,0.7807692307692308,0.0,0.0192307692307692,12.0,10.0,True,10.0,13.0,True,CBraMod,12000.0,4.0,True
PhysionetMI,24,11,1x,0.0,0.7462121212121212,0.7878787878787878,0.7803030303030303,0.0416666666666666,0.0075757575757575,11.0,11.0,True,11.0,12.0,True,CBraMod,3000.0,1.0,True
PhysionetMI,24,11,2x,0.0,0.8295454545454546,0.7878787878787878,0.7795454545454545,-0.0416666666666667,0.0083333333333333,11.0,11.0,True,11.0,12.0,True,CBraMod,6000.0,2.0,True
PhysionetMI,24,11,4x,0.0,0.7840909090909092,0.7840909090909092,0.7469696969696971,0.0,0.0371212121212121,11.0,11.0,True,11.0,12.0,True,CBraMod,12000.0,4.0,True
PhysionetMI,24,23,1x,0.0,0.9128787878787878,0.7840909090909092,0.7897727272727273,-0.1287878787878786,-0.0056818181818181,11.0,11.0,True,11.0,12.0,True,CBraMod,3500.0,1.0,True
PhysionetMI,24,23,2x,0.0,0.8257575757575758,0.7878787878787878,0.7712121212121212,-0.0378787878787879,0.0166666666666666,11.0,11.0,True,11.0,12.0,True,CBraMod,7000.0,2.0,True
PhysionetMI,24,23,4x,0.0,0.7765151515151515,0.8295454545454546,0.7102272727272727,0.053030303030303,0.1193181818181818,11.0,11.0,True,11.0,12.0,True,CBraMod,14000.0,4.0,True
PhysionetMI,24,37,1x,0.0,0.75,0.8295454545454546,0.7640151515151514,0.0795454545454545,0.0655303030303031,11.0,11.0,True,11.0,12.0,True,CBraMod,3000.0,1.0,True
PhysionetMI,24,37,2x,0.0,0.7878787878787878,0.7878787878787878,0.825,0.0,-0.0371212121212121,11.0,11.0,True,11.0,12.0,True,CBraMod,6000.0,2.0,True
PhysionetMI,24,37,4x,0.0,0.8295454545454546,0.7803030303030303,0.7378787878787879,-0.0492424242424243,0.0424242424242423,11.0,11.0,True,11.0,12.0,True,CBraMod,12000.0,4.0,True
PhysionetMI,24,53,1x,0.0,0.7803030303030303,0.8295454545454546,0.7723484848484848,0.0492424242424243,0.0571969696969697,11.0,11.0,True,11.0,12.0,True,CBraMod,3000.0,1.0,True
PhysionetMI,24,53,2x,0.0,0.821969696969697,0.7424242424242424,0.7140151515151516,-0.0795454545454545,0.0284090909090908,11.0,11.0,True,11.0,12.0,True,CBraMod,6000.0,2.0,True
PhysionetMI,24,53,4x,0.0,0.6893939393939394,0.7803030303030303,0.7231060606060604,0.0909090909090908,0.0571969696969698,11.0,11.0,True,11.0,12.0,True,CBraMod,12000.0,4.0,True
PhysionetMI,24,71,1x,0.0,0.7840909090909092,0.5681818181818181,0.768939393939394,-0.215909090909091,-0.2007575757575759,11.0,11.0,True,11.0,12.0,True,CBraMod,3000.0,1.0,True
PhysionetMI,24,71,2x,0.0,0.821969696969697,0.7386363636363636,0.7325757575757575,-0.0833333333333333,0.0060606060606061,11.0,11.0,True,11.0,12.0,True,CBraMod,6000.0,2.0,True
PhysionetMI,24,71,4x,0.0,0.7424242424242424,0.8295454545454546,0.7128787878787879,0.0871212121212121,0.1166666666666667,11.0,11.0,True,11.0,12.0,True,CBraMod,12000.0,4.0,True
PhysionetMI,25,11,1x,0.0,0.7083333333333334,0.5833333333333334,0.6295454545454545,-0.125,-0.0462121212121211,10.0,12.0,True,12.0,11.0,True,CBraMod,3000.0,1.0,True
PhysionetMI,25,11,2x,0.0,0.6515151515151515,0.4962121212121212,0.6045454545454545,-0.1553030303030302,-0.1083333333333332,10.0,12.0,True,12.0,11.0,True,CBraMod,6000.0,2.0,True
PhysionetMI,25,11,4x,0.0,0.5303030303030303,0.4545454545454545,0.5272727272727272,-0.0757575757575757,-0.0727272727272727,10.0,12.0,True,12.0,11.0,True,CBraMod,12000.0,4.0,True
PhysionetMI,25,23,1x,0.0,0.5757575757575758,0.5795454545454546,0.5734848484848485,0.0037878787878787,0.0060606060606061,10.0,12.0,True,12.0,11.0,True,CBraMod,3500.0,1.0,True
PhysionetMI,25,23,2x,0.0,0.5378787878787878,0.6628787878787878,0.5712121212121211,0.125,0.0916666666666667,10.0,12.0,True,12.0,11.0,True,CBraMod,7000.0,2.0,True
PhysionetMI,25,23,4x,0.0,0.4886363636363636,0.4962121212121212,0.5223484848484848,0.0075757575757575,-0.0261363636363636,10.0,12.0,True,12.0,11.0,True,CBraMod,14000.0,4.0,True
PhysionetMI,25,37,1x,0.0,0.5303030303030303,0.5795454545454546,0.5590909090909091,0.0492424242424243,0.0204545454545455,10.0,12.0,True,12.0,11.0,True,CBraMod,3000.0,1.0,True
PhysionetMI,25,37,2x,0.0,0.5378787878787878,0.5416666666666666,0.5545454545454545,0.0037878787878787,-0.0128787878787878,10.0,12.0,True,12.0,11.0,True,CBraMod,6000.0,2.0,True
PhysionetMI,25,37,4x,0.0,0.5757575757575758,0.5416666666666666,0.5401515151515153,-0.0340909090909091,0.0015151515151513,10.0,12.0,True,12.0,11.0,True,CBraMod,12000.0,4.0,True
PhysionetMI,25,53,1x,0.0,0.5378787878787878,0.4962121212121212,0.531439393939394,-0.0416666666666666,-0.0352272727272727,10.0,12.0,True,12.0,11.0,True,CBraMod,3000.0,1.0,True
PhysionetMI,25,53,2x,0.0,0.6590909090909092,0.5795454545454546,0.5984848484848484,-0.0795454545454545,-0.0189393939393938,10.0,12.0,True,12.0,11.0,True,CBraMod,6000.0,2.0,True
PhysionetMI,25,53,4x,0.0,0.5681818181818181,0.5378787878787878,0.5765151515151514,-0.0303030303030302,-0.0386363636363635,10.0,12.0,True,12.0,11.0,True,CBraMod,12000.0,4.0,True
PhysionetMI,25,71,1x,0.0,0.6628787878787878,0.5340909090909092,0.575,-0.1287878787878786,-0.0409090909090907,10.0,12.0,True,12.0,11.0,True,CBraMod,3000.0,1.0,True
PhysionetMI,25,71,2x,0.0,0.5795454545454546,0.5378787878787878,0.5412878787878788,-0.0416666666666667,-0.0034090909090909,10.0,12.0,True,12.0,11.0,True,CBraMod,6000.0,2.0,True
PhysionetMI,25,71,4x,0.0,0.5833333333333334,0.4469696969696969,0.5272727272727273,-0.1363636363636364,-0.0803030303030303,10.0,12.0,True,12.0,11.0,True,CBraMod,12000.0,4.0,True
PhysionetMI,26,11,1x,1.0,0.6730769230769231,0.5692307692307692,0.633076923076923,-0.1038461538461539,-0.0638461538461537,11.0,11.0,True,13.0,10.0,True,CBraMod,3000.0,1.0,True
PhysionetMI,26,11,2x,1.0,0.5192307692307692,0.5692307692307692,0.5869230769230769,0.05,-0.0176923076923076,11.0,11.0,True,13.0,10.0,True,CBraMod,6000.0,2.0,True
PhysionetMI,26,11,4x,1.0,0.5807692307692307,0.5423076923076923,0.5238461538461537,-0.0384615384615384,0.0184615384615385,11.0,11.0,True,13.0,10.0,True,CBraMod,12000.0,4.0,True
PhysionetMI,26,23,1x,1.0,0.6076923076923078,0.5807692307692307,0.6165384615384616,-0.026923076923077,-0.0357692307692308,11.0,11.0,True,13.0,10.0,True,CBraMod,3000.0,1.0,True
PhysionetMI,26,23,2x,1.0,0.5692307692307692,0.5692307692307692,0.5819230769230769,0.0,-0.0126923076923076,11.0,11.0,True,13.0,10.0,True,CBraMod,6000.0,2.0,True
PhysionetMI,26,23,4x,1.0,0.5846153846153846,0.4923076923076923,0.6153846153846153,-0.0923076923076923,-0.1230769230769229,11.0,11.0,True,13.0,10.0,True,CBraMod,12000.0,4.0,True
PhysionetMI,26,37,1x,,,,,,,,,,,,,,,,False
PhysionetMI,26,37,2x,,,,,,,,,,,,,,,,False
PhysionetMI,26,37,4x,,,,,,,,,,,,,,,,False
PhysionetMI,26,53,1x,1.0,0.6576923076923077,0.5423076923076923,0.6007692307692307,-0.1153846153846154,-0.0584615384615384,11.0,11.0,True,13.0,10.0,True,CBraMod,3000.0,1.0,True
PhysionetMI,26,53,2x,1.0,0.6192307692307693,0.5923076923076923,0.6034615384615385,-0.0269230769230769,-0.0111538461538461,11.0,11.0,True,13.0,10.0,True,CBraMod,6000.0,2.0,True
PhysionetMI,26,53,4x,1.0,0.6576923076923077,0.5192307692307692,0.6403846153846153,-0.1384615384615385,-0.1211538461538461,11.0,11.0,True,13.0,10.0,True,CBraMod,12000.0,4.0,True
PhysionetMI,26,71,1x,1.0,0.6076923076923078,0.6807692307692308,0.6292307692307693,0.073076923076923,0.0515384615384615,11.0,11.0,True,13.0,10.0,True,CBraMod,3500.0,1.0,True
PhysionetMI,26,71,2x,1.0,0.5346153846153846,0.5846153846153846,0.5642307692307692,0.05,0.0203846153846154,11.0,11.0,True,13.0,10.0,True,CBraMod,7000.0,2.0,True
PhysionetMI,26,71,4x,1.0,0.6961538461538461,0.5961538461538461,0.6273076923076923,-0.0999999999999999,-0.0311538461538462,11.0,11.0,True,13.0,10.0,True,CBraMod,14000.0,4.0,True
PhysionetMI,27,11,1x,1.0,0.9128787878787878,0.9128787878787878,0.8867424242424242,0.0,0.0261363636363636,12.0,10.0,True,11.0,12.0,True,CBraMod,3000.0,1.0,True
PhysionetMI,27,11,2x,1.0,0.8674242424242424,0.9128787878787878,0.8999999999999998,0.0454545454545454,0.012878787878788,12.0,10.0,True,11.0,12.0,True,CBraMod,6000.0,2.0,True
PhysionetMI,27,11,4x,1.0,0.9128787878787878,0.9128787878787878,0.8992424242424242,0.0,0.0136363636363636,12.0,10.0,True,11.0,12.0,True,CBraMod,12000.0,4.0,True
PhysionetMI,27,23,1x,1.0,0.8712121212121212,0.8712121212121212,0.8712121212121213,0.0,-1.1102230246251563e-16,12.0,10.0,True,11.0,12.0,True,CBraMod,3000.0,1.0,True
PhysionetMI,27,23,2x,1.0,0.821969696969697,0.7424242424242424,0.8818181818181818,-0.0795454545454545,-0.1393939393939394,12.0,10.0,True,11.0,12.0,True,CBraMod,6000.0,2.0,True
PhysionetMI,27,23,4x,1.0,0.8712121212121212,0.8712121212121212,0.8617424242424242,0.0,0.009469696969697,12.0,10.0,True,11.0,12.0,True,CBraMod,12000.0,4.0,True
PhysionetMI,27,37,1x,,,,,,,,,,,,,,,,False
PhysionetMI,27,37,2x,,,,,,,,,,,,,,,,False
PhysionetMI,27,37,4x,,,,,,,,,,,,,,,,False
PhysionetMI,27,53,1x,1.0,0.8712121212121212,0.8712121212121212,0.8352272727272727,0.0,0.0359848484848485,12.0,10.0,True,11.0,12.0,True,CBraMod,3000.0,1.0,True
PhysionetMI,27,53,2x,1.0,0.8712121212121212,0.8712121212121212,0.8299242424242423,0.0,0.0412878787878788,12.0,10.0,True,11.0,12.0,True,CBraMod,6000.0,2.0,True
PhysionetMI,27,53,4x,1.0,0.7765151515151515,0.821969696969697,0.8015151515151515,0.0454545454545455,0.0204545454545455,12.0,10.0,True,11.0,12.0,True,CBraMod,12000.0,4.0,True
PhysionetMI,27,71,1x,1.0,0.8674242424242424,0.7424242424242424,0.8458333333333334,-0.125,-0.103409090909091,12.0,10.0,True,11.0,12.0,True,CBraMod,3500.0,1.0,True
PhysionetMI,27,71,2x,1.0,0.8295454545454546,0.8712121212121212,0.8537878787878789,0.0416666666666666,0.0174242424242423,12.0,10.0,True,11.0,12.0,True,CBraMod,7000.0,2.0,True
PhysionetMI,27,71,4x,1.0,0.8674242424242424,0.8257575757575758,0.8424242424242424,-0.0416666666666666,-0.0166666666666666,12.0,10.0,True,11.0,12.0,True,CBraMod,14000.0,4.0,True
PhysionetMI,28,11,1x,3.0,0.8257575757575758,0.8257575757575758,0.8170454545454545,0.0,0.0087121212121212,11.0,11.0,True,11.0,12.0,True,CBraMod,3000.0,1.0,True
PhysionetMI,28,11,2x,3.0,0.8295454545454546,0.821969696969697,0.8128787878787879,-0.0075757575757575,0.0090909090909091,11.0,11.0,True,11.0,12.0,True,CBraMod,6000.0,2.0,True
PhysionetMI,28,11,4x,3.0,0.8257575757575758,0.7462121212121212,0.7606060606060606,-0.0795454545454545,-0.0143939393939394,11.0,11.0,True,11.0,12.0,True,CBraMod,12000.0,4.0,True
PhysionetMI,28,23,1x,3.0,0.7765151515151515,0.8674242424242424,0.7606060606060605,0.0909090909090909,0.1068181818181819,11.0,11.0,True,11.0,12.0,True,CBraMod,3000.0,1.0,True
PhysionetMI,28,23,2x,3.0,0.8295454545454546,0.9128787878787878,0.7670454545454545,0.0833333333333332,0.1458333333333333,11.0,11.0,True,11.0,12.0,True,CBraMod,6000.0,2.0,True
PhysionetMI,28,23,4x,3.0,0.8712121212121212,0.7840909090909092,0.8401515151515151,-0.087121212121212,-0.0560606060606059,11.0,11.0,True,11.0,12.0,True,CBraMod,12000.0,4.0,True
PhysionetMI,28,37,1x,3.0,0.7386363636363636,0.7765151515151515,0.7742424242424242,0.0378787878787878,0.0022727272727273,11.0,11.0,True,11.0,12.0,True,CBraMod,3000.0,1.0,True
PhysionetMI,28,37,2x,3.0,0.7803030303030303,0.7765151515151515,0.7632575757575758,-0.0037878787878787,0.0132575757575756,11.0,11.0,True,11.0,12.0,True,CBraMod,6000.0,2.0,True
PhysionetMI,28,37,4x,3.0,0.8257575757575758,0.7765151515151515,0.7647727272727274,-0.0492424242424243,0.0117424242424241,11.0,11.0,True,11.0,12.0,True,CBraMod,12000.0,4.0,True
PhysionetMI,28,53,1x,3.0,0.8674242424242424,0.8712121212121212,0.846969696969697,0.0037878787878787,0.0242424242424241,11.0,11.0,True,11.0,12.0,True,CBraMod,3750.0,1.0,True
PhysionetMI,28,53,2x,3.0,0.8674242424242424,0.875,0.8594696969696969,0.0075757575757575,0.0155303030303031,11.0,11.0,True,11.0,12.0,True,CBraMod,7500.0,2.0,True
PhysionetMI,28,53,4x,3.0,0.9128787878787878,0.8333333333333333,0.8507575757575758,-0.0795454545454545,-0.0174242424242425,11.0,11.0,True,11.0,12.0,True,CBraMod,15000.0,4.0,True
PhysionetMI,28,71,1x,3.0,0.7803030303030303,0.8257575757575758,0.7984848484848486,0.0454545454545455,0.0272727272727272,11.0,11.0,True,11.0,12.0,True,CBraMod,3250.0,1.0,True
PhysionetMI,28,71,2x,3.0,0.8257575757575758,0.7840909090909092,0.765530303030303,-0.0416666666666666,0.0185606060606061,11.0,11.0,True,11.0,12.0,True,CBraMod,6500.0,2.0,True
PhysionetMI,28,71,4x,3.0,0.7348484848484849,0.7765151515151515,0.7424242424242424,0.0416666666666666,0.034090909090909,11.0,11.0,True,11.0,12.0,True,CBraMod,13000.0,4.0,True
PhysionetMI,29,11,1x,1.0,0.8181818181818181,0.9545454545454546,0.8056818181818182,0.1363636363636364,0.1488636363636364,12.0,10.0,True,11.0,12.0,True,CBraMod,3000.0,1.0,True
PhysionetMI,29,11,2x,1.0,0.8181818181818181,0.9128787878787878,0.8375,0.0946969696969697,0.0753787878787878,12.0,10.0,True,11.0,12.0,True,CBraMod,6000.0,2.0,True
PhysionetMI,29,11,4x,1.0,0.7727272727272727,0.9545454545454546,0.8090909090909092,0.1818181818181818,0.1454545454545454,12.0,10.0,True,11.0,12.0,True,CBraMod,12000.0,4.0,True
PhysionetMI,29,23,1x,1.0,0.7727272727272727,0.7765151515151515,0.7363636363636364,0.0037878787878787,0.040151515151515,12.0,10.0,True,11.0,12.0,True,CBraMod,3000.0,1.0,True
PhysionetMI,29,23,2x,1.0,0.6818181818181819,0.8257575757575758,0.7049242424242425,0.1439393939393939,0.1208333333333333,12.0,10.0,True,11.0,12.0,True,CBraMod,6000.0,2.0,True
PhysionetMI,29,23,4x,1.0,0.7727272727272727,0.7727272727272727,0.740909090909091,0.0,0.0318181818181817,12.0,10.0,True,11.0,12.0,True,CBraMod,12000.0,4.0,True
PhysionetMI,29,37,1x,,,,,,,,,,,,,,,,False
PhysionetMI,29,37,2x,,,,,,,,,,,,,,,,False
PhysionetMI,29,37,4x,,,,,,,,,,,,,,,,False
PhysionetMI,29,53,1x,1.0,0.7272727272727273,0.9545454545454546,0.7727272727272727,0.2272727272727273,0.1818181818181818,12.0,10.0,True,11.0,12.0,True,CBraMod,3000.0,1.0,True
PhysionetMI,29,53,2x,1.0,0.7272727272727273,0.8674242424242424,0.7780303030303031,0.1401515151515151,0.0893939393939393,12.0,10.0,True,11.0,12.0,True,CBraMod,6000.0,2.0,True
PhysionetMI,29,53,4x,1.0,0.7727272727272727,0.7765151515151515,0.7787878787878787,0.0037878787878787,-0.0022727272727272,12.0,10.0,True,11.0,12.0,True,CBraMod,12000.0,4.0,True
PhysionetMI,29,71,1x,1.0,0.7765151515151515,0.9545454545454546,0.7647727272727273,0.1780303030303031,0.1897727272727273,12.0,10.0,True,11.0,12.0,True,CBraMod,3500.0,1.0,True
PhysionetMI,29,71,2x,1.0,0.7727272727272727,0.9128787878787878,0.7909090909090909,0.1401515151515151,0.1219696969696969,12.0,10.0,True,11.0,12.0,True,CBraMod,7000.0,2.0,True
PhysionetMI,29,71,4x,1.0,0.7727272727272727,0.9090909090909092,0.7727272727272727,0.1363636363636364,0.1363636363636364,12.0,10.0,True,11.0,12.0,True,CBraMod,14000.0,4.0,True
PhysionetMI,30,11,1x,4.0,0.8674242424242424,0.9090909090909092,0.8950757575757576,0.0416666666666667,0.0140151515151515,12.0,10.0,True,12.0,11.0,True,CBraMod,3000.0,1.0,True
PhysionetMI,30,11,2x,4.0,0.9090909090909092,0.9090909090909092,0.8696969696969697,0.0,0.0393939393939394,12.0,10.0,True,12.0,11.0,True,CBraMod,6000.0,2.0,True
PhysionetMI,30,11,4x,4.0,0.9090909090909092,0.9545454545454546,0.8893939393939394,0.0454545454545454,0.0651515151515151,12.0,10.0,True,12.0,11.0,True,CBraMod,12000.0,4.0,True
PhysionetMI,30,23,1x,4.0,0.9128787878787878,0.9128787878787878,0.912121212121212,0.0,0.0007575757575757,12.0,10.0,True,12.0,11.0,True,CBraMod,3500.0,1.0,True
PhysionetMI,30,23,2x,4.0,0.9545454545454546,0.9545454545454546,0.8996212121212122,0.0,0.0549242424242424,12.0,10.0,True,12.0,11.0,True,CBraMod,7000.0,2.0,True
PhysionetMI,30,23,4x,4.0,0.8674242424242424,0.9128787878787878,0.8897727272727274,0.0454545454545454,0.0231060606060604,12.0,10.0,True,12.0,11.0,True,CBraMod,14000.0,4.0,True
PhysionetMI,30,37,1x,4.0,0.8674242424242424,0.8636363636363636,0.8488636363636364,-0.0037878787878787,0.0147727272727272,12.0,10.0,True,12.0,11.0,True,CBraMod,3000.0,1.0,True
PhysionetMI,30,37,2x,4.0,0.821969696969697,0.9090909090909092,0.8318181818181818,0.0871212121212121,0.0772727272727273,12.0,10.0,True,12.0,11.0,True,CBraMod,6000.0,2.0,True
PhysionetMI,30,37,4x,4.0,0.821969696969697,0.9545454545454546,0.8246212121212121,0.1325757575757575,0.1299242424242425,12.0,10.0,True,12.0,11.0,True,CBraMod,12000.0,4.0,True
PhysionetMI,30,53,1x,4.0,0.8257575757575758,0.9090909090909092,0.8848484848484848,0.0833333333333333,0.0242424242424244,12.0,10.0,True,12.0,11.0,True,CBraMod,3000.0,1.0,True
PhysionetMI,30,53,2x,4.0,0.9128787878787878,0.9545454545454546,0.9075757575757576,0.0416666666666667,0.0469696969696969,12.0,10.0,True,12.0,11.0,True,CBraMod,6000.0,2.0,True
PhysionetMI,30,53,4x,4.0,0.821969696969697,0.8674242424242424,0.8666666666666668,0.0454545454545454,0.0007575757575756,12.0,10.0,True,12.0,11.0,True,CBraMod,12000.0,4.0,True
PhysionetMI,30,71,1x,4.0,0.8674242424242424,0.8674242424242424,0.8719696969696968,0.0,-0.0045454545454544,12.0,10.0,True,12.0,11.0,True,CBraMod,3250.0,1.0,True
PhysionetMI,30,71,2x,4.0,0.8674242424242424,0.9128787878787878,0.8950757575757576,0.0454545454545454,0.0178030303030302,12.0,10.0,True,12.0,11.0,True,CBraMod,6500.0,2.0,True
PhysionetMI,30,71,4x,4.0,0.8674242424242424,0.9128787878787878,0.8943181818181817,0.0454545454545454,0.0185606060606061,12.0,10.0,True,12.0,11.0,True,CBraMod,13000.0,4.0,True
PhysionetMI,31,11,1x,2.0,0.7840909090909092,0.7878787878787878,0.7132575757575756,0.0037878787878786,0.0746212121212122,11.0,11.0,True,11.0,12.0,True,CBraMod,5250.0,1.0,True
PhysionetMI,31,11,2x,2.0,0.8295454545454546,0.7045454545454546,0.7651515151515151,-0.125,-0.0606060606060605,11.0,11.0,True,11.0,12.0,True,CBraMod,10500.0,2.0,True
PhysionetMI,31,11,4x,2.0,0.7348484848484849,0.7348484848484849,0.7484848484848483,0.0,-0.0136363636363634,11.0,11.0,True,11.0,12.0,True,CBraMod,21000.0,4.0,True
PhysionetMI,31,23,1x,2.0,0.696969696969697,0.7424242424242424,0.7113636363636363,0.0454545454545454,0.0310606060606061,11.0,11.0,True,11.0,12.0,True,CBraMod,3250.0,1.0,True
PhysionetMI,31,23,2x,2.0,0.7840909090909092,0.7386363636363636,0.7689393939393939,-0.0454545454545455,-0.0303030303030302,11.0,11.0,True,11.0,12.0,True,CBraMod,6500.0,2.0,True
PhysionetMI,31,23,4x,2.0,0.7840909090909092,0.7007575757575758,0.6829545454545455,-0.0833333333333333,0.0178030303030303,11.0,11.0,True,11.0,12.0,True,CBraMod,13000.0,4.0,True
PhysionetMI,31,37,1x,2.0,0.7462121212121212,0.8333333333333333,0.7628787878787879,0.087121212121212,0.0704545454545453,11.0,11.0,True,11.0,12.0,True,CBraMod,3000.0,1.0,True
PhysionetMI,31,37,2x,2.0,0.6628787878787878,0.7007575757575758,0.7492424242424243,0.0378787878787879,-0.0484848484848484,11.0,11.0,True,11.0,12.0,True,CBraMod,6000.0,2.0,True
PhysionetMI,31,37,4x,2.0,0.696969696969697,0.7424242424242424,0.7087121212121212,0.0454545454545454,0.0337121212121211,11.0,11.0,True,11.0,12.0,True,CBraMod,12000.0,4.0,True
PhysionetMI,31,53,1x,2.0,0.7840909090909092,0.7424242424242424,0.7693181818181818,-0.0416666666666667,-0.0268939393939393,11.0,11.0,True,11.0,12.0,True,CBraMod,4000.0,1.0,True
PhysionetMI,31,53,2x,2.0,0.7386363636363636,0.7007575757575758,0.746969696969697,-0.0378787878787878,-0.0462121212121211,11.0,11.0,True,11.0,12.0,True,CBraMod,8000.0,2.0,True
PhysionetMI,31,53,4x,2.0,0.696969696969697,0.7462121212121212,0.7037878787878789,0.0492424242424242,0.0424242424242423,11.0,11.0,True,11.0,12.0,True,CBraMod,16000.0,4.0,True
PhysionetMI,31,71,1x,2.0,0.6893939393939394,0.7424242424242424,0.7034090909090909,0.0530303030303029,0.0390151515151515,11.0,11.0,True,11.0,12.0,True,CBraMod,3500.0,1.0,True
PhysionetMI,31,71,2x,2.0,0.821969696969697,0.8257575757575758,0.7643939393939394,0.0037878787878787,0.0613636363636364,11.0,11.0,True,11.0,12.0,True,CBraMod,7000.0,2.0,True
PhysionetMI,31,71,4x,2.0,0.6515151515151515,0.6515151515151515,0.7037878787878787,0.0,-0.0522727272727272,11.0,11.0,True,11.0,12.0,True,CBraMod,14000.0,4.0,True
PhysionetMI,32,11,1x,4.0,0.95,0.95,0.9069230769230768,0.0,0.043076923076923,11.0,11.0,True,10.0,13.0,True,CBraMod,3000.0,1.0,True
PhysionetMI,32,11,2x,4.0,0.95,0.9115384615384616,0.8823076923076923,-0.0384615384615383,0.0292307692307692,11.0,11.0,True,10.0,13.0,True,CBraMod,6000.0,2.0,True
PhysionetMI,32,11,4x,4.0,0.95,0.95,0.925,0.0,0.0249999999999999,11.0,11.0,True,10.0,13.0,True,CBraMod,12000.0,4.0,True
PhysionetMI,32,23,1x,4.0,0.95,0.9,0.93,-0.0499999999999999,-0.0299999999999999,11.0,11.0,True,10.0,13.0,True,CBraMod,3500.0,1.0,True
PhysionetMI,32,23,2x,4.0,0.9,0.9,0.941153846153846,0.0,-0.041153846153846,11.0,11.0,True,10.0,13.0,True,CBraMod,7000.0,2.0,True
PhysionetMI,32,23,4x,4.0,1.0,0.9,0.966153846153846,-0.0999999999999999,-0.0661538461538461,11.0,11.0,True,10.0,13.0,True,CBraMod,14000.0,4.0,True
PhysionetMI,32,37,1x,4.0,0.95,1.0,0.985,0.05,0.015,11.0,11.0,True,10.0,13.0,True,CBraMod,3000.0,1.0,True
PhysionetMI,32,37,2x,4.0,0.95,0.9,0.95,-0.0499999999999999,-0.0499999999999999,11.0,11.0,True,10.0,13.0,True,CBraMod,6000.0,2.0,True
PhysionetMI,32,37,4x,4.0,0.9615384615384616,1.0,0.9684615384615384,0.0384615384615384,0.0315384615384616,11.0,11.0,True,10.0,13.0,True,CBraMod,12000.0,4.0,True
PhysionetMI,32,53,1x,4.0,0.95,0.95,0.931153846153846,0.0,0.0188461538461538,11.0,11.0,True,10.0,13.0,True,CBraMod,3000.0,1.0,True
PhysionetMI,32,53,2x,4.0,0.95,0.95,0.98,0.0,-0.0299999999999999,11.0,11.0,True,10.0,13.0,True,CBraMod,6000.0,2.0,True
PhysionetMI,32,53,4x,4.0,0.95,0.95,0.9184615384615384,0.0,0.0315384615384615,11.0,11.0,True,10.0,13.0,True,CBraMod,12000.0,4.0,True
PhysionetMI,32,71,1x,4.0,0.85,0.8615384615384616,0.8299999999999998,0.0115384615384616,0.0315384615384617,11.0,11.0,True,10.0,13.0,True,CBraMod,3250.0,1.0,True
PhysionetMI,32,71,2x,4.0,0.8,0.85,0.8234615384615385,0.0499999999999999,0.0265384615384615,11.0,11.0,True,10.0,13.0,True,CBraMod,6500.0,2.0,True
PhysionetMI,32,71,4x,4.0,0.9,0.95,0.9184615384615386,0.0499999999999999,0.0315384615384614,11.0,11.0,True,10.0,13.0,True,CBraMod,13000.0,4.0,True
PhysionetMI,33,11,1x,0.0,0.8712121212121212,0.9166666666666669,0.9284090909090909,0.0454545454545455,-0.0117424242424241,12.0,10.0,True,11.0,12.0,True,CBraMod,3000.0,1.0,True
PhysionetMI,33,11,2x,0.0,0.8674242424242424,0.9128787878787878,0.925378787878788,0.0454545454545454,-0.0125,12.0,10.0,True,11.0,12.0,True,CBraMod,6000.0,2.0,True
PhysionetMI,33,11,4x,0.0,0.8295454545454546,0.7840909090909092,0.8791666666666667,-0.0454545454545454,-0.0950757575757574,12.0,10.0,True,11.0,12.0,True,CBraMod,12000.0,4.0,True
PhysionetMI,33,23,1x,0.0,0.9090909090909092,0.9090909090909092,0.937121212121212,0.0,-0.0280303030303029,12.0,10.0,True,11.0,12.0,True,CBraMod,3500.0,1.0,True
PhysionetMI,33,23,2x,0.0,0.9545454545454546,0.9166666666666669,0.956439393939394,-0.0378787878787878,-0.0397727272727271,12.0,10.0,True,11.0,12.0,True,CBraMod,7000.0,2.0,True
PhysionetMI,33,23,4x,0.0,0.9166666666666669,0.9166666666666669,0.9363636363636364,0.0,-0.0196969696969697,12.0,10.0,True,11.0,12.0,True,CBraMod,14000.0,4.0,True
PhysionetMI,33,37,1x,0.0,0.9128787878787878,0.9583333333333331,0.9170454545454544,0.0454545454545454,0.0412878787878787,12.0,10.0,True,11.0,12.0,True,CBraMod,3000.0,1.0,True
PhysionetMI,33,37,2x,0.0,0.9583333333333331,0.9545454545454546,0.9446969696969696,-0.0037878787878786,0.0098484848484848,12.0,10.0,True,11.0,12.0,True,CBraMod,6000.0,2.0,True
PhysionetMI,33,37,4x,0.0,0.9128787878787878,0.9545454545454546,0.9174242424242424,0.0416666666666667,0.0371212121212122,12.0,10.0,True,11.0,12.0,True,CBraMod,12000.0,4.0,True
PhysionetMI,33,53,1x,0.0,0.9545454545454546,0.9545454545454546,0.9481060606060608,0.0,0.0064393939393938,12.0,10.0,True,11.0,12.0,True,CBraMod,3000.0,1.0,True
PhysionetMI,33,53,2x,0.0,0.9545454545454546,0.875,0.9011363636363636,-0.0795454545454545,-0.0261363636363635,12.0,10.0,True,11.0,12.0,True,CBraMod,6000.0,2.0,True
PhysionetMI,33,53,4x,0.0,0.9545454545454546,1.0,0.9132575757575758,0.0454545454545454,0.0867424242424241,12.0,10.0,True,11.0,12.0,True,CBraMod,12000.0,4.0,True
PhysionetMI,33,71,1x,0.0,0.9545454545454546,0.9128787878787878,0.8875,-0.0416666666666667,0.0253787878787878,12.0,10.0,True,11.0,12.0,True,CBraMod,3000.0,1.0,True
PhysionetMI,33,71,2x,0.0,0.9128787878787878,0.9166666666666669,0.8946969696969698,0.0037878787878788,0.0219696969696969,12.0,10.0,True,11.0,12.0,True,CBraMod,6000.0,2.0,True
PhysionetMI,33,71,4x,0.0,0.9545454545454546,0.8674242424242424,0.9079545454545452,-0.0871212121212121,-0.0405303030303029,12.0,10.0,True,11.0,12.0,True,CBraMod,12000.0,4.0,True
PhysionetMI,34,11,1x,0.0,0.8115384615384615,0.823076923076923,0.7688461538461538,0.0115384615384614,0.0542307692307691,11.0,11.0,True,10.0,13.0,True,CBraMod,3000.0,1.0,True
PhysionetMI,34,11,2x,0.0,0.8615384615384616,0.9115384615384616,0.8180769230769231,0.05,0.0934615384615384,11.0,11.0,True,10.0,13.0,True,CBraMod,6000.0,2.0,True
PhysionetMI,34,11,4x,0.0,0.9115384615384616,0.8730769230769231,0.775,-0.0384615384615385,0.098076923076923,11.0,11.0,True,10.0,13.0,True,CBraMod,12000.0,4.0,True
PhysionetMI,34,23,1x,0.0,0.7230769230769231,0.823076923076923,0.7534615384615384,0.0999999999999999,0.0696153846153846,11.0,11.0,True,10.0,13.0,True,CBraMod,3500.0,1.0,True
PhysionetMI,34,23,2x,0.0,0.8615384615384616,0.823076923076923,0.7719230769230769,-0.0384615384615385,0.0511538461538461,11.0,11.0,True,10.0,13.0,True,CBraMod,7000.0,2.0,True
PhysionetMI,34,23,4x,0.0,0.9115384615384616,0.823076923076923,0.8242307692307692,-0.0884615384615385,-0.0011538461538461,11.0,11.0,True,10.0,13.0,True,CBraMod,14000.0,4.0,True
PhysionetMI,34,37,1x,0.0,0.9115384615384616,0.8730769230769231,0.8253846153846153,-0.0384615384615385,0.0476923076923078,11.0,11.0,True,10.0,13.0,True,CBraMod,3000.0,1.0,True
PhysionetMI,34,37,2x,0.0,0.9,0.9115384615384616,0.9061538461538464,0.0115384615384616,0.0053846153846153,11.0,11.0,True,10.0,13.0,True,CBraMod,6000.0,2.0,True
PhysionetMI,34,37,4x,0.0,0.9,0.8730769230769231,0.8011538461538461,-0.0269230769230769,0.0719230769230769,11.0,11.0,True,10.0,13.0,True,CBraMod,12000.0,4.0,True
PhysionetMI,34,53,1x,0.0,0.8115384615384615,0.9115384615384616,0.7426923076923078,0.1,0.1688461538461538,11.0,11.0,True,10.0,13.0,True,CBraMod,3000.0,1.0,True
PhysionetMI,34,53,2x,0.0,0.823076923076923,0.8730769230769231,0.7326923076923076,0.05,0.1403846153846154,11.0,11.0,True,10.0,13.0,True,CBraMod,6000.0,2.0,True
PhysionetMI,34,53,4x,0.0,0.85,0.8730769230769231,0.7865384615384616,0.0230769230769231,0.0865384615384614,11.0,11.0,True,10.0,13.0,True,CBraMod,12000.0,4.0,True
PhysionetMI,34,71,1x,0.0,0.85,0.8730769230769231,0.8076923076923077,0.0230769230769231,0.0653846153846153,11.0,11.0,True,10.0,13.0,True,CBraMod,3000.0,1.0,True
PhysionetMI,34,71,2x,0.0,0.8615384615384616,0.9,0.8469230769230771,0.0384615384615384,0.0530769230769229,11.0,11.0,True,10.0,13.0,True,CBraMod,6000.0,2.0,True
PhysionetMI,34,71,4x,0.0,0.7115384615384616,0.773076923076923,0.6688461538461539,0.0615384615384614,0.1042307692307691,11.0,11.0,True,10.0,13.0,True,CBraMod,12000.0,4.0,True
PhysionetMI,35,11,1x,0.0,0.7803030303030303,0.821969696969697,0.7628787878787879,0.0416666666666667,0.059090909090909,11.0,11.0,True,11.0,12.0,True,CBraMod,3000.0,1.0,True
PhysionetMI,35,11,2x,0.0,0.7348484848484849,0.821969696969697,0.6996212121212121,0.0871212121212121,0.1223484848484849,11.0,11.0,True,11.0,12.0,True,CBraMod,6000.0,2.0,True
PhysionetMI,35,11,4x,0.0,0.821969696969697,0.8674242424242424,0.7795454545454545,0.0454545454545454,0.0878787878787878,11.0,11.0,True,11.0,12.0,True,CBraMod,12000.0,4.0,True
PhysionetMI,35,23,1x,0.0,0.7765151515151515,0.7765151515151515,0.7602272727272726,0.0,0.0162878787878788,11.0,11.0,True,11.0,12.0,True,CBraMod,3500.0,1.0,True
PhysionetMI,35,23,2x,0.0,0.821969696969697,0.821969696969697,0.778030303030303,0.0,0.043939393939394,11.0,11.0,True,11.0,12.0,True,CBraMod,7000.0,2.0,True
PhysionetMI,35,23,4x,0.0,0.7803030303030303,0.821969696969697,0.7708333333333333,0.0416666666666667,0.0511363636363637,11.0,11.0,True,11.0,12.0,True,CBraMod,14000.0,4.0,True
PhysionetMI,35,37,1x,0.0,0.821969696969697,0.821969696969697,0.7765151515151514,0.0,0.0454545454545456,11.0,11.0,True,11.0,12.0,True,CBraMod,3000.0,1.0,True
PhysionetMI,35,37,2x,0.0,0.8257575757575758,0.8257575757575758,0.8257575757575758,0.0,0.0,11.0,11.0,True,11.0,12.0,True,CBraMod,6000.0,2.0,True
PhysionetMI,35,37,4x,0.0,0.8674242424242424,0.8674242424242424,0.7734848484848487,0.0,0.0939393939393937,11.0,11.0,True,11.0,12.0,True,CBraMod,12000.0,4.0,True
PhysionetMI,35,53,1x,0.0,0.821969696969697,0.821969696969697,0.7594696969696969,0.0,0.0625000000000001,11.0,11.0,True,11.0,12.0,True,CBraMod,3000.0,1.0,True
PhysionetMI,35,53,2x,0.0,0.7840909090909092,0.821969696969697,0.7253787878787878,0.0378787878787878,0.0965909090909091,11.0,11.0,True,11.0,12.0,True,CBraMod,6000.0,2.0,True
PhysionetMI,35,53,4x,0.0,0.7803030303030303,0.7765151515151515,0.7803030303030303,-0.0037878787878787,-0.0037878787878787,11.0,11.0,True,11.0,12.0,True,CBraMod,12000.0,4.0,True
PhysionetMI,35,71,1x,0.0,0.7803030303030303,0.7765151515151515,0.8136363636363637,-0.0037878787878787,-0.0371212121212122,11.0,11.0,True,11.0,12.0,True,CBraMod,3000.0,1.0,True
PhysionetMI,35,71,2x,0.0,0.821969696969697,0.821969696969697,0.7458333333333333,0.0,0.0761363636363636,11.0,11.0,True,11.0,12.0,True,CBraMod,6000.0,2.0,True
PhysionetMI,35,71,4x,0.0,0.7803030303030303,0.821969696969697,0.7518939393939394,0.0416666666666667,0.0700757575757575,11.0,11.0,True,11.0,12.0,True,CBraMod,12000.0,4.0,True
PhysionetMI,36,11,1x,4.0,0.8674242424242424,0.8712121212121212,0.8193181818181818,0.0037878787878787,0.0518939393939393,12.0,10.0,True,11.0,12.0,True,CBraMod,3000.0,1.0,True
PhysionetMI,36,11,2x,4.0,0.9128787878787878,0.9128787878787878,0.8662878787878789,0.0,0.0465909090909089,12.0,10.0,True,11.0,12.0,True,CBraMod,6000.0,2.0,True
PhysionetMI,36,11,4x,4.0,0.8674242424242424,0.821969696969697,0.8708333333333333,-0.0454545454545454,-0.0488636363636363,12.0,10.0,True,11.0,12.0,True,CBraMod,12000.0,4.0,True
PhysionetMI,36,23,1x,4.0,0.7727272727272727,0.821969696969697,0.8053030303030303,0.0492424242424243,0.0166666666666667,12.0,10.0,True,11.0,12.0,True,CBraMod,3500.0,1.0,True
PhysionetMI,36,23,2x,4.0,0.9583333333333331,0.9583333333333331,0.8473484848484848,0.0,0.1109848484848484,12.0,10.0,True,11.0,12.0,True,CBraMod,7000.0,2.0,True
PhysionetMI,36,23,4x,4.0,0.9583333333333331,0.9583333333333331,0.9435606060606062,0.0,0.014772727272727,12.0,10.0,True,11.0,12.0,True,CBraMod,14000.0,4.0,True
PhysionetMI,36,37,1x,4.0,0.9090909090909092,0.9166666666666669,0.8571969696969697,0.0075757575757575,0.059469696969697,12.0,10.0,True,11.0,12.0,True,CBraMod,3000.0,1.0,True
PhysionetMI,36,37,2x,4.0,0.9090909090909092,0.9583333333333331,0.8962121212121211,0.049242424242424,0.0621212121212121,12.0,10.0,True,11.0,12.0,True,CBraMod,6000.0,2.0,True
PhysionetMI,36,37,4x,4.0,0.9545454545454546,0.821969696969697,0.8757575757575757,-0.1325757575757575,-0.0537878787878787,12.0,10.0,True,11.0,12.0,True,CBraMod,12000.0,4.0,True
PhysionetMI,36,53,1x,4.0,0.8636363636363636,0.9166666666666669,0.8386363636363636,0.053030303030303,0.0780303030303031,12.0,10.0,True,11.0,12.0,True,CBraMod,3000.0,1.0,True
PhysionetMI,36,53,2x,4.0,0.9090909090909092,0.9128787878787878,0.8492424242424242,0.0037878787878786,0.0636363636363636,12.0,10.0,True,11.0,12.0,True,CBraMod,6000.0,2.0,True
PhysionetMI,36,53,4x,4.0,0.7803030303030303,0.8712121212121212,0.7890151515151514,0.0909090909090909,0.0821969696969697,12.0,10.0,True,11.0,12.0,True,CBraMod,12000.0,4.0,True
PhysionetMI,36,71,1x,4.0,0.9128787878787878,0.9545454545454546,0.890151515151515,0.0416666666666667,0.0643939393939395,12.0,10.0,True,11.0,12.0,True,CBraMod,3250.0,1.0,True
PhysionetMI,36,71,2x,4.0,0.8674242424242424,0.9166666666666669,0.7833333333333332,0.0492424242424243,0.1333333333333335,12.0,10.0,True,11.0,12.0,True,CBraMod,6500.0,2.0,True
PhysionetMI,36,71,4x,4.0,0.8674242424242424,0.8712121212121212,0.8234848484848485,0.0037878787878787,0.0477272727272727,12.0,10.0,True,11.0,12.0,True,CBraMod,13000.0,4.0,True
PhysionetMI,37,11,1x,2.0,0.6628787878787878,0.7878787878787878,0.6556818181818181,0.125,0.1321969696969697,12.0,10.0,True,11.0,12.0,True,CBraMod,5250.0,1.0,True
PhysionetMI,37,11,2x,2.0,0.6628787878787878,0.8712121212121212,0.6420454545454546,0.2083333333333333,0.2291666666666666,12.0,10.0,True,11.0,12.0,True,CBraMod,10500.0,2.0,True
PhysionetMI,37,11,4x,2.0,0.7462121212121212,0.7462121212121212,0.7045454545454546,0.0,0.0416666666666666,12.0,10.0,True,11.0,12.0,True,CBraMod,21000.0,4.0,True
PhysionetMI,37,23,1x,2.0,0.6212121212121212,0.7462121212121212,0.6628787878787878,0.125,0.0833333333333333,12.0,10.0,True,11.0,12.0,True,CBraMod,3250.0,1.0,True
PhysionetMI,37,23,2x,2.0,0.7045454545454546,0.8712121212121212,0.7545454545454546,0.1666666666666666,0.1166666666666665,12.0,10.0,True,11.0,12.0,True,CBraMod,6500.0,2.0,True
PhysionetMI,37,23,4x,2.0,0.5795454545454546,0.7045454545454546,0.6636363636363637,0.125,0.0409090909090908,12.0,10.0,True,11.0,12.0,True,CBraMod,13000.0,4.0,True
PhysionetMI,37,37,1x,2.0,0.7045454545454546,0.7386363636363636,0.6753787878787879,0.034090909090909,0.0632575757575757,12.0,10.0,True,11.0,12.0,True,CBraMod,3000.0,1.0,True
PhysionetMI,37,37,2x,2.0,0.6212121212121212,0.7878787878787878,0.6541666666666666,0.1666666666666666,0.1337121212121212,12.0,10.0,True,11.0,12.0,True,CBraMod,6000.0,2.0,True
PhysionetMI,37,37,4x,2.0,0.6628787878787878,0.7878787878787878,0.6670454545454546,0.125,0.1208333333333332,12.0,10.0,True,11.0,12.0,True,CBraMod,12000.0,4.0,True
PhysionetMI,37,53,1x,2.0,0.6590909090909092,0.7840909090909092,0.7227272727272728,0.125,0.0613636363636364,12.0,10.0,True,11.0,12.0,True,CBraMod,4000.0,1.0,True
PhysionetMI,37,53,2x,2.0,0.6628787878787878,0.7462121212121212,0.7420454545454546,0.0833333333333333,0.0041666666666666,12.0,10.0,True,11.0,12.0,True,CBraMod,8000.0,2.0,True
PhysionetMI,37,53,4x,2.0,0.6666666666666666,0.7007575757575758,0.6409090909090909,0.0340909090909091,0.0598484848484849,12.0,10.0,True,11.0,12.0,True,CBraMod,16000.0,4.0,True
PhysionetMI,37,71,1x,2.0,0.5795454545454546,0.7840909090909092,0.6568181818181819,0.2045454545454545,0.1272727272727273,12.0,10.0,True,11.0,12.0,True,CBraMod,3500.0,1.0,True
PhysionetMI,37,71,2x,2.0,0.7045454545454546,0.7840909090909092,0.6583333333333334,0.0795454545454545,0.1257575757575757,12.0,10.0,True,11.0,12.0,True,CBraMod,7000.0,2.0,True
PhysionetMI,37,71,4x,2.0,0.6628787878787878,0.8257575757575758,0.6469696969696971,0.1628787878787879,0.1787878787878787,12.0,10.0,True,11.0,12.0,True,CBraMod,14000.0,4.0,True
PhysionetMI,38,11,1x,0.0,0.5113636363636364,0.5492424242424242,0.4734848484848484,0.0378787878787878,0.0757575757575757,11.0,11.0,True,12.0,11.0,True,CBraMod,3000.0,1.0,True
PhysionetMI,38,11,2x,0.0,0.3901515151515151,0.5227272727272727,0.4518939393939393,0.1325757575757575,0.0708333333333333,11.0,11.0,True,12.0,11.0,True,CBraMod,6000.0,2.0,True
PhysionetMI,38,11,4x,0.0,0.6363636363636364,0.5643939393939394,0.5443181818181818,-0.0719696969696969,0.0200757575757576,11.0,11.0,True,12.0,11.0,True,CBraMod,12000.0,4.0,True
PhysionetMI,38,23,1x,0.0,0.4318181818181818,0.6401515151515151,0.4571969696969696,0.2083333333333333,0.1829545454545454,11.0,11.0,True,12.0,11.0,True,CBraMod,3500.0,1.0,True
PhysionetMI,38,23,2x,0.0,0.5984848484848485,0.3787878787878788,0.4799242424242423,-0.2196969696969697,-0.1011363636363635,11.0,11.0,True,12.0,11.0,True,CBraMod,7000.0,2.0,True
PhysionetMI,38,23,4x,0.0,0.4583333333333333,0.4734848484848485,0.4901515151515152,0.0151515151515151,-0.0166666666666667,11.0,11.0,True,12.0,11.0,True,CBraMod,14000.0,4.0,True
PhysionetMI,38,37,1x,0.0,0.5568181818181819,0.571969696969697,0.4549242424242424,0.0151515151515151,0.1170454545454546,11.0,11.0,True,12.0,11.0,True,CBraMod,3000.0,1.0,True
PhysionetMI,38,37,2x,0.0,0.5075757575757576,0.4696969696969696,0.4856060606060605,-0.0378787878787879,-0.0159090909090908,11.0,11.0,True,12.0,11.0,True,CBraMod,6000.0,2.0,True
PhysionetMI,38,37,4x,0.0,0.5151515151515151,0.3825757575757575,0.4844696969696969,-0.1325757575757575,-0.1018939393939393,11.0,11.0,True,12.0,11.0,True,CBraMod,12000.0,4.0,True
PhysionetMI,38,53,1x,0.0,0.4242424242424242,0.4318181818181818,0.3863636363636363,0.0075757575757576,0.0454545454545454,11.0,11.0,True,12.0,11.0,True,CBraMod,3000.0,1.0,True
PhysionetMI,38,53,2x,0.0,0.553030303030303,0.6893939393939394,0.4765151515151514,0.1363636363636364,0.212878787878788,11.0,11.0,True,12.0,11.0,True,CBraMod,6000.0,2.0,True
PhysionetMI,38,53,4x,0.0,0.5151515151515151,0.4318181818181818,0.4109848484848484,-0.0833333333333333,0.0208333333333333,11.0,11.0,True,12.0,11.0,True,CBraMod,12000.0,4.0,True
PhysionetMI,38,71,1x,0.0,0.5151515151515151,0.4734848484848485,0.443560606060606,-0.0416666666666666,0.0299242424242424,11.0,11.0,True,12.0,11.0,True,CBraMod,3000.0,1.0,True
PhysionetMI,38,71,2x,0.0,0.5151515151515151,0.4356060606060606,0.4295454545454545,-0.0795454545454545,0.0060606060606061,11.0,11.0,True,12.0,11.0,True,CBraMod,6000.0,2.0,True
PhysionetMI,38,71,4x,0.0,0.4696969696969696,0.3863636363636363,0.4518939393939394,-0.0833333333333333,-0.0655303030303031,11.0,11.0,True,12.0,11.0,True,CBraMod,12000.0,4.0,True
PhysionetMI,39,11,1x,2.0,0.8712121212121212,0.7386363636363636,0.759090909090909,-0.1325757575757575,-0.0204545454545453,11.0,11.0,True,12.0,11.0,True,CBraMod,5250.0,1.0,True
PhysionetMI,39,11,2x,2.0,0.7878787878787878,0.7462121212121212,0.697348484848485,-0.0416666666666666,0.0488636363636362,11.0,11.0,True,12.0,11.0,True,CBraMod,10500.0,2.0,True
PhysionetMI,39,11,4x,2.0,0.7045454545454546,0.7462121212121212,0.7295454545454545,0.0416666666666666,0.0166666666666667,11.0,11.0,True,12.0,11.0,True,CBraMod,21000.0,4.0,True
PhysionetMI,39,23,1x,2.0,0.7840909090909092,0.7916666666666667,0.6931818181818181,0.0075757575757575,0.0984848484848486,11.0,11.0,True,12.0,11.0,True,CBraMod,3250.0,1.0,True
PhysionetMI,39,23,2x,2.0,0.7462121212121212,0.7045454545454546,0.665530303030303,-0.0416666666666666,0.0390151515151515,11.0,11.0,True,12.0,11.0,True,CBraMod,6500.0,2.0,True
PhysionetMI,39,23,4x,2.0,0.7386363636363636,0.7007575757575758,0.7632575757575758,-0.0378787878787878,-0.0625,11.0,11.0,True,12.0,11.0,True,CBraMod,13000.0,4.0,True
PhysionetMI,39,37,1x,2.0,0.6628787878787878,0.7462121212121212,0.7257575757575758,0.0833333333333333,0.0204545454545453,11.0,11.0,True,12.0,11.0,True,CBraMod,3000.0,1.0,True
PhysionetMI,39,37,2x,2.0,0.7878787878787878,0.6553030303030303,0.690530303030303,-0.1325757575757575,-0.0352272727272727,11.0,11.0,True,12.0,11.0,True,CBraMod,6000.0,2.0,True
PhysionetMI,39,37,4x,2.0,0.7045454545454546,0.7878787878787878,0.6549242424242424,0.0833333333333332,0.1329545454545454,11.0,11.0,True,12.0,11.0,True,CBraMod,12000.0,4.0,True
PhysionetMI,39,53,1x,2.0,0.571969696969697,0.7916666666666667,0.6958333333333334,0.2196969696969697,0.0958333333333333,11.0,11.0,True,12.0,11.0,True,CBraMod,4000.0,1.0,True
PhysionetMI,39,53,2x,2.0,0.8295454545454546,0.8333333333333333,0.7943181818181818,0.0037878787878786,0.0390151515151514,11.0,11.0,True,12.0,11.0,True,CBraMod,8000.0,2.0,True
PhysionetMI,39,53,4x,2.0,0.7045454545454546,0.7878787878787878,0.6946969696969697,0.0833333333333332,0.0931818181818181,11.0,11.0,True,12.0,11.0,True,CBraMod,16000.0,4.0,True
PhysionetMI,39,71,1x,2.0,0.696969696969697,0.875,0.6833333333333333,0.1780303030303029,0.1916666666666666,11.0,11.0,True,12.0,11.0,True,CBraMod,3500.0,1.0,True
PhysionetMI,39,71,2x,2.0,0.6628787878787878,0.6553030303030303,0.6503787878787879,-0.0075757575757575,0.0049242424242423,11.0,11.0,True,12.0,11.0,True,CBraMod,7000.0,2.0,True
PhysionetMI,39,71,4x,2.0,0.6515151515151515,0.606060606060606,0.6768939393939395,-0.0454545454545455,-0.0708333333333335,11.0,11.0,True,12.0,11.0,True,CBraMod,14000.0,4.0,True
PhysionetMI,40,11,1x,2.0,0.9545454545454546,0.8712121212121212,0.9011363636363636,-0.0833333333333333,-0.0299242424242422,10.0,12.0,True,11.0,12.0,True,CBraMod,5250.0,1.0,True
PhysionetMI,40,11,2x,2.0,0.9545454545454546,0.9090909090909092,0.959848484848485,-0.0454545454545454,-0.0507575757575757,10.0,12.0,True,11.0,12.0,True,CBraMod,10500.0,2.0,True
PhysionetMI,40,11,4x,2.0,0.9545454545454546,0.9166666666666669,0.9772727272727272,-0.0378787878787878,-0.0606060606060605,10.0,12.0,True,11.0,12.0,True,CBraMod,21000.0,4.0,True
PhysionetMI,40,23,1x,2.0,1.0,0.9128787878787878,0.943181818181818,-0.0871212121212121,-0.0303030303030302,10.0,12.0,True,11.0,12.0,True,CBraMod,3250.0,1.0,True
PhysionetMI,40,23,2x,2.0,0.9545454545454546,0.9583333333333331,0.9329545454545456,0.0037878787878786,0.0253787878787877,10.0,12.0,True,11.0,12.0,True,CBraMod,6500.0,2.0,True
PhysionetMI,40,23,4x,2.0,0.9090909090909092,0.9583333333333331,0.937121212121212,0.049242424242424,0.0212121212121211,10.0,12.0,True,11.0,12.0,True,CBraMod,13000.0,4.0,True
PhysionetMI,40,37,1x,2.0,1.0,1.0,0.990909090909091,0.0,0.009090909090909,10.0,12.0,True,11.0,12.0,True,CBraMod,3000.0,1.0,True
PhysionetMI,40,37,2x,2.0,1.0,0.9545454545454546,0.969318181818182,-0.0454545454545454,-0.0147727272727272,10.0,12.0,True,11.0,12.0,True,CBraMod,6000.0,2.0,True
PhysionetMI,40,37,4x,2.0,1.0,1.0,0.9731060606060604,0.0,0.0268939393939394,10.0,12.0,True,11.0,12.0,True,CBraMod,12000.0,4.0,True
PhysionetMI,40,53,1x,2.0,1.0,1.0,0.968560606060606,0.0,0.0314393939393939,10.0,12.0,True,11.0,12.0,True,CBraMod,4000.0,1.0,True
PhysionetMI,40,53,2x,2.0,1.0,1.0,0.9772727272727272,0.0,0.0227272727272727,10.0,12.0,True,11.0,12.0,True,CBraMod,8000.0,2.0,True
PhysionetMI,40,53,4x,2.0,1.0,1.0,0.9556818181818184,0.0,0.0443181818181817,10.0,12.0,True,11.0,12.0,True,CBraMod,16000.0,4.0,True
PhysionetMI,40,71,1x,2.0,1.0,1.0,0.8946969696969699,0.0,0.1053030303030301,10.0,12.0,True,11.0,12.0,True,CBraMod,3500.0,1.0,True
PhysionetMI,40,71,2x,2.0,1.0,0.9583333333333331,0.953409090909091,-0.0416666666666667,0.0049242424242422,10.0,12.0,True,11.0,12.0,True,CBraMod,7000.0,2.0,True
PhysionetMI,40,71,4x,2.0,0.9583333333333331,0.9583333333333331,0.9583333333333334,0.0,-1.1102230246251563e-16,10.0,12.0,True,11.0,12.0,True,CBraMod,14000.0,4.0,True
PhysionetMI,41,11,1x,1.0,0.9615384615384616,0.8730769230769231,0.94,-0.0884615384615384,-0.0669230769230769,11.0,11.0,True,13.0,10.0,True,CBraMod,3000.0,1.0,True
PhysionetMI,41,11,2x,1.0,0.9615384615384616,0.8346153846153846,0.9423076923076924,-0.1269230769230769,-0.1076923076923076,11.0,11.0,True,13.0,10.0,True,CBraMod,6000.0,2.0,True
PhysionetMI,41,11,4x,1.0,0.9615384615384616,0.8730769230769231,0.9257692307692308,-0.0884615384615384,-0.0526923076923077,11.0,11.0,True,13.0,10.0,True,CBraMod,12000.0,4.0,True
PhysionetMI,41,23,1x,1.0,1.0,1.0,1.0,0.0,0.0,11.0,11.0,True,13.0,10.0,True,CBraMod,3000.0,1.0,True
PhysionetMI,41,23,2x,1.0,1.0,0.9115384615384616,0.995,-0.0884615384615383,-0.0834615384615382,11.0,11.0,True,13.0,10.0,True,CBraMod,6000.0,2.0,True
PhysionetMI,41,23,4x,1.0,1.0,0.9115384615384616,0.9811538461538462,-0.0884615384615383,-0.0696153846153845,11.0,11.0,True,13.0,10.0,True,CBraMod,12000.0,4.0,True
PhysionetMI,41,37,1x,,,,,,,,,,,,,,,,False
PhysionetMI,41,37,2x,,,,,,,,,,,,,,,,False
PhysionetMI,41,37,4x,,,,,,,,,,,,,,,,False
PhysionetMI,41,53,1x,1.0,0.9615384615384616,0.9230769230769232,0.9692307692307692,-0.0384615384615384,-0.0461538461538462,11.0,11.0,True,13.0,10.0,True,CBraMod,3000.0,1.0,True
PhysionetMI,41,53,2x,1.0,0.9615384615384616,0.9230769230769232,0.9000000000000001,-0.0384615384615384,0.0230769230769229,11.0,11.0,True,13.0,10.0,True,CBraMod,6000.0,2.0,True
PhysionetMI,41,53,4x,1.0,0.9615384615384616,0.8346153846153846,0.95,-0.1269230769230769,-0.1153846153846153,11.0,11.0,True,13.0,10.0,True,CBraMod,12000.0,4.0,True
PhysionetMI,41,71,1x,1.0,1.0,0.8346153846153846,0.9073076923076924,-0.1653846153846153,-0.0726923076923077,11.0,11.0,True,13.0,10.0,True,CBraMod,3500.0,1.0,True
PhysionetMI,41,71,2x,1.0,0.95,0.8730769230769231,0.9611538461538462,-0.0769230769230768,-0.0880769230769231,11.0,11.0,True,13.0,10.0,True,CBraMod,7000.0,2.0,True
PhysionetMI,41,71,4x,1.0,1.0,0.9615384615384616,0.9784615384615384,-0.0384615384615384,-0.0169230769230769,11.0,11.0,True,13.0,10.0,True,CBraMod,14000.0,4.0,True
PhysionetMI,42,11,1x,1.0,0.9166666666666669,0.8257575757575758,0.8776515151515152,-0.0909090909090909,-0.0518939393939393,11.0,11.0,True,11.0,12.0,True,CBraMod,3000.0,1.0,True
PhysionetMI,42,11,2x,1.0,0.7916666666666667,1.0,0.8458333333333334,0.2083333333333332,0.1541666666666665,11.0,11.0,True,11.0,12.0,True,CBraMod,6000.0,2.0,True
PhysionetMI,42,11,4x,1.0,0.875,0.7803030303030303,0.875,-0.0946969696969697,-0.0946969696969697,11.0,11.0,True,11.0,12.0,True,CBraMod,12000.0,4.0,True
PhysionetMI,42,23,1x,1.0,0.9583333333333331,0.9583333333333331,0.9416666666666668,0.0,0.0166666666666666,11.0,11.0,True,11.0,12.0,True,CBraMod,3000.0,1.0,True
PhysionetMI,42,23,2x,1.0,0.8333333333333333,0.9583333333333331,0.8875,0.125,0.0708333333333333,11.0,11.0,True,11.0,12.0,True,CBraMod,6000.0,2.0,True
PhysionetMI,42,23,4x,1.0,0.7083333333333334,0.9545454545454546,0.7916666666666667,0.2462121212121212,0.1628787878787878,11.0,11.0,True,11.0,12.0,True,CBraMod,12000.0,4.0,True
PhysionetMI,42,37,1x,,,,,,,,,,,,,,,,False
PhysionetMI,42,37,2x,,,,,,,,,,,,,,,,False
PhysionetMI,42,37,4x,,,,,,,,,,,,,,,,False
PhysionetMI,42,53,1x,1.0,0.875,0.9166666666666669,0.8912878787878787,0.0416666666666667,0.025378787878788,11.0,11.0,True,11.0,12.0,True,CBraMod,3000.0,1.0,True
PhysionetMI,42,53,2x,1.0,0.9166666666666669,0.9166666666666669,0.8875,0.0,0.0291666666666667,11.0,11.0,True,11.0,12.0,True,CBraMod,6000.0,2.0,True
PhysionetMI,42,53,4x,1.0,0.7916666666666667,0.7424242424242424,0.8291666666666668,-0.0492424242424243,-0.0867424242424244,11.0,11.0,True,11.0,12.0,True,CBraMod,12000.0,4.0,True
PhysionetMI,42,71,1x,1.0,1.0,1.0,0.9159090909090908,0.0,0.0840909090909092,11.0,11.0,True,11.0,12.0,True,CBraMod,3500.0,1.0,True
PhysionetMI,42,71,2x,1.0,0.9166666666666669,0.9583333333333331,0.925,0.0416666666666665,0.0333333333333332,11.0,11.0,True,11.0,12.0,True,CBraMod,7000.0,2.0,True
PhysionetMI,42,71,4x,1.0,0.8333333333333333,0.875,0.8416666666666666,0.0416666666666667,0.0333333333333334,11.0,11.0,True,11.0,12.0,True,CBraMod,14000.0,4.0,True
PhysionetMI,43,11,1x,4.0,0.7878787878787878,0.8712121212121212,0.8125,0.0833333333333333,0.0587121212121212,12.0,10.0,True,11.0,12.0,True,CBraMod,3000.0,1.0,True
PhysionetMI,43,11,2x,4.0,0.7462121212121212,0.8295454545454546,0.7617424242424243,0.0833333333333333,0.0678030303030302,12.0,10.0,True,11.0,12.0,True,CBraMod,6000.0,2.0,True
PhysionetMI,43,11,4x,4.0,0.8295454545454546,0.9128787878787878,0.8196969696969697,0.0833333333333332,0.0931818181818181,12.0,10.0,True,11.0,12.0,True,CBraMod,12000.0,4.0,True
PhysionetMI,43,23,1x,4.0,0.9545454545454546,0.8674242424242424,0.9053030303030304,-0.0871212121212121,-0.0378787878787878,12.0,10.0,True,11.0,12.0,True,CBraMod,3500.0,1.0,True
PhysionetMI,43,23,2x,4.0,0.8712121212121212,0.8712121212121212,0.8757575757575757,0.0,-0.0045454545454545,12.0,10.0,True,11.0,12.0,True,CBraMod,7000.0,2.0,True
PhysionetMI,43,23,4x,4.0,0.9128787878787878,0.875,0.890151515151515,-0.0378787878787878,-0.015151515151515,12.0,10.0,True,11.0,12.0,True,CBraMod,14000.0,4.0,True
PhysionetMI,43,37,1x,4.0,0.8295454545454546,0.8295454545454546,0.8125,0.0,0.0170454545454545,12.0,10.0,True,11.0,12.0,True,CBraMod,3000.0,1.0,True
PhysionetMI,43,37,2x,4.0,0.7878787878787878,0.8712121212121212,0.8352272727272727,0.0833333333333333,0.0359848484848485,12.0,10.0,True,11.0,12.0,True,CBraMod,6000.0,2.0,True
PhysionetMI,43,37,4x,4.0,0.8295454545454546,0.8257575757575758,0.8170454545454545,-0.0037878787878787,0.0087121212121212,12.0,10.0,True,11.0,12.0,True,CBraMod,12000.0,4.0,True
PhysionetMI,43,53,1x,4.0,0.9128787878787878,0.9128787878787878,0.8829545454545455,0.0,0.0299242424242422,12.0,10.0,True,11.0,12.0,True,CBraMod,3000.0,1.0,True
PhysionetMI,43,53,2x,4.0,0.9166666666666669,0.8712121212121212,0.884469696969697,-0.0454545454545455,-0.0132575757575758,12.0,10.0,True,11.0,12.0,True,CBraMod,6000.0,2.0,True
PhysionetMI,43,53,4x,4.0,1.0,0.9545454545454546,0.9125,-0.0454545454545454,0.0420454545454546,12.0,10.0,True,11.0,12.0,True,CBraMod,12000.0,4.0,True
PhysionetMI,43,71,1x,4.0,0.8295454545454546,0.8295454545454546,0.8155303030303032,0.0,0.0140151515151514,12.0,10.0,True,11.0,12.0,True,CBraMod,3250.0,1.0,True
PhysionetMI,43,71,2x,4.0,0.8295454545454546,0.8295454545454546,0.8375,0.0,-0.0079545454545454,12.0,10.0,True,11.0,12.0,True,CBraMod,6500.0,2.0,True
PhysionetMI,43,71,4x,4.0,0.7878787878787878,0.875,0.8352272727272727,0.0871212121212121,0.0397727272727272,12.0,10.0,True,11.0,12.0,True,CBraMod,13000.0,4.0,True
PhysionetMI,44,11,1x,3.0,0.8674242424242424,0.8257575757575758,0.8727272727272728,-0.0416666666666666,-0.0469696969696969,11.0,11.0,True,11.0,12.0,True,CBraMod,3000.0,1.0,True
PhysionetMI,44,11,2x,3.0,0.8712121212121212,0.8712121212121212,0.8962121212121211,0.0,-0.0249999999999999,11.0,11.0,True,11.0,12.0,True,CBraMod,6000.0,2.0,True
PhysionetMI,44,11,4x,3.0,0.8712121212121212,0.8712121212121212,0.8617424242424242,0.0,0.009469696969697,11.0,11.0,True,11.0,12.0,True,CBraMod,12000.0,4.0,True
PhysionetMI,44,23,1x,3.0,0.821969696969697,0.8674242424242424,0.8734848484848486,0.0454545454545454,-0.0060606060606062,11.0,11.0,True,11.0,12.0,True,CBraMod,3000.0,1.0,True
PhysionetMI,44,23,2x,3.0,0.8712121212121212,0.8674242424242424,0.8742424242424243,-0.0037878787878787,-0.0068181818181818,11.0,11.0,True,11.0,12.0,True,CBraMod,6000.0,2.0,True
PhysionetMI,44,23,4x,3.0,0.8712121212121212,0.8712121212121212,0.8344696969696969,0.0,0.0367424242424243,11.0,11.0,True,11.0,12.0,True,CBraMod,12000.0,4.0,True
PhysionetMI,44,37,1x,3.0,0.8712121212121212,0.9090909090909092,0.896590909090909,0.0378787878787879,0.0125000000000001,11.0,11.0,True,11.0,12.0,True,CBraMod,3000.0,1.0,True
PhysionetMI,44,37,2x,3.0,0.8712121212121212,0.875,0.8928030303030304,0.0037878787878787,-0.0178030303030304,11.0,11.0,True,11.0,12.0,True,CBraMod,6000.0,2.0,True
PhysionetMI,44,37,4x,3.0,0.8674242424242424,0.8674242424242424,0.912121212121212,0.0,-0.0446969696969696,11.0,11.0,True,11.0,12.0,True,CBraMod,12000.0,4.0,True
PhysionetMI,44,53,1x,3.0,0.7803030303030303,0.9090909090909092,0.8337121212121212,0.1287878787878789,0.0753787878787879,11.0,11.0,True,11.0,12.0,True,CBraMod,3750.0,1.0,True
PhysionetMI,44,53,2x,3.0,0.8674242424242424,0.8674242424242424,0.8715909090909092,0.0,-0.0041666666666667,11.0,11.0,True,11.0,12.0,True,CBraMod,7500.0,2.0,True
PhysionetMI,44,53,4x,3.0,0.8712121212121212,0.821969696969697,0.8950757575757576,-0.0492424242424242,-0.0731060606060606,11.0,11.0,True,11.0,12.0,True,CBraMod,15000.0,4.0,True
PhysionetMI,44,71,1x,3.0,0.8257575757575758,0.8257575757575758,0.8609848484848486,0.0,-0.0352272727272727,11.0,11.0,True,11.0,12.0,True,CBraMod,3250.0,1.0,True
PhysionetMI,44,71,2x,3.0,0.9128787878787878,0.8636363636363636,0.8962121212121212,-0.0492424242424242,-0.0325757575757575,11.0,11.0,True,11.0,12.0,True,CBraMod,6500.0,2.0,True
PhysionetMI,44,71,4x,3.0,0.9166666666666669,0.8257575757575758,0.8981060606060606,-0.0909090909090909,-0.0723484848484847,11.0,11.0,True,11.0,12.0,True,CBraMod,13000.0,4.0,True
PhysionetMI,45,11,1x,1.0,0.7916666666666667,0.7916666666666667,0.7647727272727274,0.0,0.0268939393939393,11.0,11.0,True,12.0,11.0,True,CBraMod,3000.0,1.0,True
PhysionetMI,45,11,2x,1.0,0.75,0.7916666666666667,0.7708333333333333,0.0416666666666667,0.0208333333333334,11.0,11.0,True,12.0,11.0,True,CBraMod,6000.0,2.0,True
PhysionetMI,45,11,4x,1.0,0.8333333333333333,0.7424242424242424,0.7727272727272728,-0.0909090909090908,-0.0303030303030303,11.0,11.0,True,12.0,11.0,True,CBraMod,12000.0,4.0,True
PhysionetMI,45,23,1x,1.0,0.8333333333333333,0.875,0.7916666666666666,0.0416666666666667,0.0833333333333333,11.0,11.0,True,12.0,11.0,True,CBraMod,3000.0,1.0,True
PhysionetMI,45,23,2x,1.0,0.75,0.7916666666666667,0.7473484848484849,0.0416666666666667,0.0443181818181818,11.0,11.0,True,12.0,11.0,True,CBraMod,6000.0,2.0,True
PhysionetMI,45,23,4x,1.0,0.7424242424242424,0.9128787878787878,0.743560606060606,0.1704545454545454,0.1693181818181818,11.0,11.0,True,12.0,11.0,True,CBraMod,12000.0,4.0,True
PhysionetMI,45,37,1x,,,,,,,,,,,,,,,,False
PhysionetMI,45,37,2x,,,,,,,,,,,,,,,,False
PhysionetMI,45,37,4x,,,,,,,,,,,,,,,,False
PhysionetMI,45,53,1x,1.0,0.7878787878787878,0.7386363636363636,0.7772727272727273,-0.0492424242424242,-0.0386363636363636,11.0,11.0,True,12.0,11.0,True,CBraMod,3000.0,1.0,True
PhysionetMI,45,53,2x,1.0,0.8333333333333333,0.7878787878787878,0.7856060606060606,-0.0454545454545454,0.0022727272727272,11.0,11.0,True,12.0,11.0,True,CBraMod,6000.0,2.0,True
PhysionetMI,45,53,4x,1.0,0.7916666666666667,0.7424242424242424,0.8166666666666668,-0.0492424242424243,-0.0742424242424243,11.0,11.0,True,12.0,11.0,True,CBraMod,12000.0,4.0,True
PhysionetMI,45,71,1x,1.0,0.8295454545454546,0.8333333333333333,0.8109848484848484,0.0037878787878786,0.0223484848484848,11.0,11.0,True,12.0,11.0,True,CBraMod,3500.0,1.0,True
PhysionetMI,45,71,2x,1.0,0.8333333333333333,0.9166666666666669,0.8287878787878787,0.0833333333333334,0.087878787878788,11.0,11.0,True,12.0,11.0,True,CBraMod,7000.0,2.0,True
PhysionetMI,45,71,4x,1.0,0.875,0.9166666666666669,0.8625,0.0416666666666667,0.0541666666666666,11.0,11.0,True,12.0,11.0,True,CBraMod,14000.0,4.0,True
PhysionetMI,46,11,1x,4.0,0.696969696969697,0.7007575757575758,0.7132575757575756,0.0037878787878787,-0.0124999999999998,12.0,10.0,True,11.0,12.0,True,CBraMod,3000.0,1.0,True
PhysionetMI,46,11,2x,4.0,0.7878787878787878,0.6590909090909092,0.7056818181818183,-0.1287878787878786,-0.0465909090909091,12.0,10.0,True,11.0,12.0,True,CBraMod,6000.0,2.0,True
PhysionetMI,46,11,4x,4.0,0.6931818181818181,0.7007575757575758,0.7276515151515153,0.0075757575757576,-0.0268939393939394,12.0,10.0,True,11.0,12.0,True,CBraMod,12000.0,4.0,True
PhysionetMI,46,23,1x,4.0,0.7424242424242424,0.7424242424242424,0.7662878787878789,0.0,-0.0238636363636364,12.0,10.0,True,11.0,12.0,True,CBraMod,3500.0,1.0,True
PhysionetMI,46,23,2x,4.0,0.875,0.875,0.8011363636363636,0.0,0.0738636363636363,12.0,10.0,True,11.0,12.0,True,CBraMod,7000.0,2.0,True
PhysionetMI,46,23,4x,4.0,0.875,0.8333333333333333,0.8390151515151516,-0.0416666666666667,-0.0056818181818183,12.0,10.0,True,11.0,12.0,True,CBraMod,14000.0,4.0,True
PhysionetMI,46,37,1x,4.0,0.7424242424242424,0.7462121212121212,0.743560606060606,0.0037878787878787,0.0026515151515151,12.0,10.0,True,11.0,12.0,True,CBraMod,3000.0,1.0,True
PhysionetMI,46,37,2x,4.0,0.75,0.7462121212121212,0.7712121212121212,-0.0037878787878787,-0.025,12.0,10.0,True,11.0,12.0,True,CBraMod,6000.0,2.0,True
PhysionetMI,46,37,4x,4.0,0.8295454545454546,0.696969696969697,0.7568181818181818,-0.1325757575757575,-0.0598484848484848,12.0,10.0,True,11.0,12.0,True,CBraMod,12000.0,4.0,True
PhysionetMI,46,53,1x,4.0,0.7803030303030303,0.6553030303030303,0.7556818181818181,-0.125,-0.1003787878787878,12.0,10.0,True,11.0,12.0,True,CBraMod,3000.0,1.0,True
PhysionetMI,46,53,2x,4.0,0.8257575757575758,0.7462121212121212,0.8102272727272727,-0.0795454545454545,-0.0640151515151514,12.0,10.0,True,11.0,12.0,True,CBraMod,6000.0,2.0,True
PhysionetMI,46,53,4x,4.0,0.7840909090909092,0.7386363636363636,0.7651515151515151,-0.0454545454545455,-0.0265151515151514,12.0,10.0,True,11.0,12.0,True,CBraMod,12000.0,4.0,True
PhysionetMI,46,71,1x,4.0,0.6098484848484849,0.6098484848484849,0.6416666666666666,0.0,-0.0318181818181817,12.0,10.0,True,11.0,12.0,True,CBraMod,3250.0,1.0,True
PhysionetMI,46,71,2x,4.0,0.7424242424242424,0.6590909090909092,0.7196969696969698,-0.0833333333333332,-0.0606060606060606,12.0,10.0,True,11.0,12.0,True,CBraMod,6500.0,2.0,True
PhysionetMI,46,71,4x,4.0,0.7424242424242424,0.7386363636363636,0.7613636363636365,-0.0037878787878787,-0.0227272727272728,12.0,10.0,True,11.0,12.0,True,CBraMod,13000.0,4.0,True
PhysionetMI,47,11,1x,3.0,0.7007575757575758,0.7386363636363636,0.6905303030303032,0.0378787878787878,0.0481060606060604,12.0,10.0,True,12.0,11.0,True,CBraMod,3000.0,1.0,True
PhysionetMI,47,11,2x,3.0,0.571969696969697,0.7348484848484849,0.6409090909090909,0.1628787878787878,0.0939393939393939,12.0,10.0,True,12.0,11.0,True,CBraMod,6000.0,2.0,True
PhysionetMI,47,11,4x,3.0,0.696969696969697,0.7803030303030303,0.7727272727272728,0.0833333333333332,0.0075757575757574,12.0,10.0,True,12.0,11.0,True,CBraMod,12000.0,4.0,True
PhysionetMI,47,23,1x,3.0,0.7045454545454546,0.7424242424242424,0.7178030303030304,0.0378787878787878,0.024621212121212,12.0,10.0,True,12.0,11.0,True,CBraMod,3000.0,1.0,True
PhysionetMI,47,23,2x,3.0,0.6515151515151515,0.7424242424242424,0.7303030303030302,0.0909090909090909,0.0121212121212122,12.0,10.0,True,12.0,11.0,True,CBraMod,6000.0,2.0,True
PhysionetMI,47,23,4x,3.0,0.7348484848484849,0.7803030303030303,0.7215909090909091,0.0454545454545454,0.0587121212121212,12.0,10.0,True,12.0,11.0,True,CBraMod,12000.0,4.0,True
PhysionetMI,47,37,1x,3.0,0.6553030303030303,0.6174242424242424,0.6875,-0.0378787878787878,-0.0700757575757575,12.0,10.0,True,12.0,11.0,True,CBraMod,3000.0,1.0,True
PhysionetMI,47,37,2x,3.0,0.7840909090909092,0.8295454545454546,0.7590909090909091,0.0454545454545454,0.0704545454545454,12.0,10.0,True,12.0,11.0,True,CBraMod,6000.0,2.0,True
PhysionetMI,47,37,4x,3.0,0.696969696969697,0.821969696969697,0.6901515151515152,0.125,0.1318181818181818,12.0,10.0,True,12.0,11.0,True,CBraMod,12000.0,4.0,True
PhysionetMI,47,53,1x,3.0,0.8674242424242424,0.8257575757575758,0.8287878787878789,-0.0416666666666666,-0.003030303030303,12.0,10.0,True,12.0,11.0,True,CBraMod,3750.0,1.0,True
PhysionetMI,47,53,2x,3.0,0.6931818181818181,0.7803030303030303,0.7859848484848485,0.0871212121212121,-0.0056818181818182,12.0,10.0,True,12.0,11.0,True,CBraMod,7500.0,2.0,True
PhysionetMI,47,53,4x,3.0,0.8257575757575758,0.7348484848484849,0.7772727272727273,-0.0909090909090909,-0.0424242424242424,12.0,10.0,True,12.0,11.0,True,CBraMod,15000.0,4.0,True
PhysionetMI,47,71,1x,3.0,0.7878787878787878,0.8257575757575758,0.7875000000000001,0.0378787878787879,0.0382575757575757,12.0,10.0,True,12.0,11.0,True,CBraMod,3250.0,1.0,True
PhysionetMI,47,71,2x,3.0,0.8257575757575758,0.8636363636363636,0.8007575757575758,0.0378787878787878,0.0628787878787878,12.0,10.0,True,12.0,11.0,True,CBraMod,6500.0,2.0,True
PhysionetMI,47,71,4x,3.0,0.7840909090909092,0.7348484848484849,0.7359848484848486,-0.0492424242424243,-0.0011363636363637,12.0,10.0,True,12.0,11.0,True,CBraMod,13000.0,4.0,True
PhysionetMI,48,11,1x,3.0,1.0,1.0,0.9958333333333332,0.0,0.0041666666666667,11.0,11.0,True,11.0,12.0,True,CBraMod,3000.0,1.0,True
PhysionetMI,48,11,2x,3.0,1.0,0.9090909090909092,0.9734848484848486,-0.0909090909090908,-0.0643939393939394,11.0,11.0,True,11.0,12.0,True,CBraMod,6000.0,2.0,True
PhysionetMI,48,11,4x,3.0,1.0,0.9090909090909092,0.9958333333333332,-0.0909090909090908,-0.086742424242424,11.0,11.0,True,11.0,12.0,True,CBraMod,12000.0,4.0,True
PhysionetMI,48,23,1x,3.0,0.9545454545454546,1.0,0.9727272727272728,0.0454545454545454,0.0272727272727271,11.0,11.0,True,11.0,12.0,True,CBraMod,3000.0,1.0,True
PhysionetMI,48,23,2x,3.0,0.9583333333333331,1.0,0.9518939393939394,0.0416666666666667,0.0481060606060606,11.0,11.0,True,11.0,12.0,True,CBraMod,6000.0,2.0,True
PhysionetMI,48,23,4x,3.0,0.9545454545454546,1.0,0.9647727272727272,0.0454545454545454,0.0352272727272726,11.0,11.0,True,11.0,12.0,True,CBraMod,12000.0,4.0,True
PhysionetMI,48,37,1x,3.0,1.0,1.0,0.9833333333333332,0.0,0.0166666666666668,11.0,11.0,True,11.0,12.0,True,CBraMod,3000.0,1.0,True
PhysionetMI,48,37,2x,3.0,1.0,1.0,0.975,0.0,0.025,11.0,11.0,True,11.0,12.0,True,CBraMod,6000.0,2.0,True
PhysionetMI,48,37,4x,3.0,1.0,1.0,0.9833333333333334,0.0,0.0166666666666666,11.0,11.0,True,11.0,12.0,True,CBraMod,12000.0,4.0,True
PhysionetMI,48,53,1x,3.0,1.0,1.0,1.0,0.0,0.0,11.0,11.0,True,11.0,12.0,True,CBraMod,3750.0,1.0,True
PhysionetMI,48,53,2x,3.0,1.0,0.9545454545454546,0.9640151515151516,-0.0454545454545454,-0.009469696969697,11.0,11.0,True,11.0,12.0,True,CBraMod,7500.0,2.0,True
PhysionetMI,48,53,4x,3.0,1.0,0.9545454545454546,0.9833333333333334,-0.0454545454545454,-0.0287878787878788,11.0,11.0,True,11.0,12.0,True,CBraMod,15000.0,4.0,True
PhysionetMI,48,71,1x,3.0,1.0,0.9545454545454546,0.9731060606060608,-0.0454545454545454,-0.0185606060606061,11.0,11.0,True,11.0,12.0,True,CBraMod,3250.0,1.0,True
PhysionetMI,48,71,2x,3.0,0.9583333333333331,1.0,0.975,0.0416666666666667,0.025,11.0,11.0,True,11.0,12.0,True,CBraMod,6500.0,2.0,True
PhysionetMI,48,71,4x,3.0,1.0,0.9545454545454546,0.9655303030303032,-0.0454545454545454,-0.0109848484848484,11.0,11.0,True,11.0,12.0,True,CBraMod,13000.0,4.0,True
PhysionetMI,49,11,1x,4.0,0.7916666666666667,0.6666666666666666,0.7386363636363636,-0.1250000000000001,-0.071969696969697,11.0,11.0,True,12.0,11.0,True,CBraMod,3000.0,1.0,True
PhysionetMI,49,11,2x,4.0,0.7424242424242424,0.6666666666666666,0.7443181818181819,-0.0757575757575758,-0.0776515151515152,11.0,11.0,True,12.0,11.0,True,CBraMod,6000.0,2.0,True
PhysionetMI,49,11,4x,4.0,0.8333333333333333,0.7083333333333334,0.7446969696969697,-0.1249999999999998,-0.0363636363636363,11.0,11.0,True,12.0,11.0,True,CBraMod,12000.0,4.0,True
PhysionetMI,49,23,1x,4.0,0.7916666666666667,0.7916666666666667,0.7696969696969698,0.0,0.0219696969696969,11.0,11.0,True,12.0,11.0,True,CBraMod,3500.0,1.0,True
PhysionetMI,49,23,2x,4.0,0.8295454545454546,0.7007575757575758,0.7428030303030304,-0.1287878787878787,-0.0420454545454546,11.0,11.0,True,12.0,11.0,True,CBraMod,7000.0,2.0,True
PhysionetMI,49,23,4x,4.0,0.7462121212121212,0.7083333333333334,0.7837121212121213,-0.0378787878787878,-0.0753787878787879,11.0,11.0,True,12.0,11.0,True,CBraMod,14000.0,4.0,True
PhysionetMI,49,37,1x,4.0,0.7462121212121212,0.875,0.8083333333333333,0.1287878787878787,0.0666666666666666,11.0,11.0,True,12.0,11.0,True,CBraMod,3000.0,1.0,True
PhysionetMI,49,37,2x,4.0,0.7916666666666667,0.8333333333333333,0.7738636363636363,0.0416666666666665,0.0594696969696969,11.0,11.0,True,12.0,11.0,True,CBraMod,6000.0,2.0,True
PhysionetMI,49,37,4x,4.0,0.7878787878787878,0.8295454545454546,0.8261363636363637,0.0416666666666667,0.0034090909090909,11.0,11.0,True,12.0,11.0,True,CBraMod,12000.0,4.0,True
PhysionetMI,49,53,1x,4.0,0.7878787878787878,0.7916666666666667,0.7772727272727273,0.0037878787878788,0.0143939393939394,11.0,11.0,True,12.0,11.0,True,CBraMod,3000.0,1.0,True
PhysionetMI,49,53,2x,4.0,0.8257575757575758,0.8333333333333333,0.759848484848485,0.0075757575757574,0.0734848484848482,11.0,11.0,True,12.0,11.0,True,CBraMod,6000.0,2.0,True
PhysionetMI,49,53,4x,4.0,0.6515151515151515,0.8333333333333333,0.7791666666666667,0.1818181818181817,0.0541666666666665,11.0,11.0,True,12.0,11.0,True,CBraMod,12000.0,4.0,True
PhysionetMI,49,71,1x,4.0,0.6174242424242424,0.5757575757575758,0.653409090909091,-0.0416666666666666,-0.0776515151515152,11.0,11.0,True,12.0,11.0,True,CBraMod,3250.0,1.0,True
PhysionetMI,49,71,2x,4.0,0.6628787878787878,0.7045454545454546,0.6568181818181819,0.0416666666666667,0.0477272727272727,11.0,11.0,True,12.0,11.0,True,CBraMod,6500.0,2.0,True
PhysionetMI,49,71,4x,4.0,0.7462121212121212,0.7916666666666667,0.7045454545454546,0.0454545454545455,0.0871212121212121,11.0,11.0,True,12.0,11.0,True,CBraMod,13000.0,4.0,True
PhysionetMI,50,11,1x,0.0,0.7803030303030303,0.9128787878787878,0.7685606060606062,0.1325757575757575,0.1443181818181816,11.0,11.0,True,12.0,11.0,True,CBraMod,3000.0,1.0,True
PhysionetMI,50,11,2x,0.0,0.8257575757575758,0.875,0.8064393939393939,0.0492424242424242,0.0685606060606061,11.0,11.0,True,12.0,11.0,True,CBraMod,6000.0,2.0,True
PhysionetMI,50,11,4x,0.0,0.6893939393939394,0.8257575757575758,0.6890151515151516,0.1363636363636363,0.1367424242424242,11.0,11.0,True,12.0,11.0,True,CBraMod,12000.0,4.0,True
PhysionetMI,50,23,1x,0.0,0.9583333333333331,0.8333333333333333,0.8359848484848484,-0.125,-0.0026515151515151,11.0,11.0,True,12.0,11.0,True,CBraMod,3500.0,1.0,True
PhysionetMI,50,23,2x,0.0,0.7765151515151515,0.875,0.8579545454545455,0.0984848484848485,0.0170454545454544,11.0,11.0,True,12.0,11.0,True,CBraMod,7000.0,2.0,True
PhysionetMI,50,23,4x,0.0,0.731060606060606,0.9166666666666669,0.7503787878787878,0.1856060606060607,0.1662878787878789,11.0,11.0,True,12.0,11.0,True,CBraMod,14000.0,4.0,True
PhysionetMI,50,37,1x,0.0,0.7348484848484849,0.875,0.7950757575757577,0.1401515151515151,0.0799242424242423,11.0,11.0,True,12.0,11.0,True,CBraMod,3000.0,1.0,True
PhysionetMI,50,37,2x,0.0,0.6477272727272727,0.875,0.706439393939394,0.2272727272727273,0.1685606060606059,11.0,11.0,True,12.0,11.0,True,CBraMod,6000.0,2.0,True
PhysionetMI,50,37,4x,0.0,0.6439393939393939,0.875,0.7431818181818182,0.231060606060606,0.1318181818181818,11.0,11.0,True,12.0,11.0,True,CBraMod,12000.0,4.0,True
PhysionetMI,50,53,1x,0.0,0.7840909090909092,0.875,0.7992424242424243,0.0909090909090908,0.0757575757575756,11.0,11.0,True,12.0,11.0,True,CBraMod,3000.0,1.0,True
PhysionetMI,50,53,2x,0.0,0.6856060606060606,0.8333333333333333,0.8037878787878787,0.1477272727272727,0.0295454545454545,11.0,11.0,True,12.0,11.0,True,CBraMod,6000.0,2.0,True
PhysionetMI,50,53,4x,0.0,0.7348484848484849,0.8295454545454546,0.7484848484848485,0.0946969696969697,0.081060606060606,11.0,11.0,True,12.0,11.0,True,CBraMod,12000.0,4.0,True
PhysionetMI,50,71,1x,0.0,0.6893939393939394,0.875,0.7901515151515152,0.1856060606060605,0.0848484848484848,11.0,11.0,True,12.0,11.0,True,CBraMod,3000.0,1.0,True
PhysionetMI,50,71,2x,0.0,0.7840909090909092,0.875,0.8155303030303032,0.0909090909090908,0.0594696969696968,11.0,11.0,True,12.0,11.0,True,CBraMod,6000.0,2.0,True
PhysionetMI,50,71,4x,0.0,0.8257575757575758,0.9166666666666669,0.768560606060606,0.0909090909090909,0.1481060606060606,11.0,11.0,True,12.0,11.0,True,CBraMod,12000.0,4.0,True
PhysionetMI,51,11,1x,1.0,0.8674242424242424,0.9128787878787878,0.8409090909090908,0.0454545454545454,0.071969696969697,12.0,10.0,True,12.0,11.0,True,CBraMod,3000.0,1.0,True
PhysionetMI,51,11,2x,1.0,0.8674242424242424,0.9128787878787878,0.8367424242424242,0.0454545454545454,0.0761363636363636,12.0,10.0,True,12.0,11.0,True,CBraMod,6000.0,2.0,True
PhysionetMI,51,11,4x,1.0,0.9128787878787878,1.0,0.8856060606060605,0.0871212121212121,0.1143939393939394,12.0,10.0,True,12.0,11.0,True,CBraMod,12000.0,4.0,True
PhysionetMI,51,23,1x,1.0,0.8636363636363636,0.8181818181818181,0.8530303030303029,-0.0454545454545455,-0.0348484848484847,12.0,10.0,True,12.0,11.0,True,CBraMod,3000.0,1.0,True
PhysionetMI,51,23,2x,1.0,0.8674242424242424,0.8674242424242424,0.8064393939393939,0.0,0.0609848484848485,12.0,10.0,True,12.0,11.0,True,CBraMod,6000.0,2.0,True
PhysionetMI,51,23,4x,1.0,0.731060606060606,0.9128787878787878,0.8056818181818182,0.1818181818181818,0.1071969696969696,12.0,10.0,True,12.0,11.0,True,CBraMod,12000.0,4.0,True
PhysionetMI,51,37,1x,,,,,,,,,,,,,,,,False
PhysionetMI,51,37,2x,,,,,,,,,,,,,,,,False
PhysionetMI,51,37,4x,,,,,,,,,,,,,,,,False
PhysionetMI,51,53,1x,1.0,0.8712121212121212,0.9090909090909092,0.865909090909091,0.0378787878787879,0.0431818181818182,12.0,10.0,True,12.0,11.0,True,CBraMod,3000.0,1.0,True
PhysionetMI,51,53,2x,1.0,0.8257575757575758,1.0,0.7901515151515153,0.1742424242424242,0.2098484848484847,12.0,10.0,True,12.0,11.0,True,CBraMod,6000.0,2.0,True
PhysionetMI,51,53,4x,1.0,0.821969696969697,0.9090909090909092,0.865151515151515,0.0871212121212121,0.0439393939393941,12.0,10.0,True,12.0,11.0,True,CBraMod,12000.0,4.0,True
PhysionetMI,51,71,1x,1.0,0.7765151515151515,0.8636363636363636,0.7693181818181818,0.0871212121212121,0.0943181818181818,12.0,10.0,True,12.0,11.0,True,CBraMod,3500.0,1.0,True
PhysionetMI,51,71,2x,1.0,0.8636363636363636,0.8674242424242424,0.8268939393939394,0.0037878787878787,0.040530303030303,12.0,10.0,True,12.0,11.0,True,CBraMod,7000.0,2.0,True
PhysionetMI,51,71,4x,1.0,0.8181818181818181,0.7765151515151515,0.7799242424242424,-0.0416666666666666,-0.0034090909090909,12.0,10.0,True,12.0,11.0,True,CBraMod,14000.0,4.0,True
PhysionetMI,52,11,1x,3.0,0.9115384615384616,0.8461538461538461,0.8896153846153846,-0.0653846153846154,-0.0434615384615384,11.0,11.0,True,13.0,10.0,True,CBraMod,3000.0,1.0,True
PhysionetMI,52,11,2x,3.0,0.9115384615384616,0.8461538461538461,0.8684615384615386,-0.0653846153846154,-0.0223076923076924,11.0,11.0,True,13.0,10.0,True,CBraMod,6000.0,2.0,True
PhysionetMI,52,11,4x,3.0,0.823076923076923,0.8846153846153846,0.8523076923076924,0.0615384615384615,0.0323076923076921,11.0,11.0,True,13.0,10.0,True,CBraMod,12000.0,4.0,True
PhysionetMI,52,23,1x,3.0,0.9115384615384616,0.8461538461538461,0.8076923076923077,-0.0653846153846154,0.0384615384615384,11.0,11.0,True,13.0,10.0,True,CBraMod,3000.0,1.0,True
PhysionetMI,52,23,2x,3.0,0.9115384615384616,0.8846153846153846,0.8707692307692309,-0.026923076923077,0.0138461538461537,11.0,11.0,True,13.0,10.0,True,CBraMod,6000.0,2.0,True
PhysionetMI,52,23,4x,3.0,0.8730769230769231,0.8346153846153846,0.8534615384615385,-0.0384615384615384,-0.0188461538461538,11.0,11.0,True,13.0,10.0,True,CBraMod,12000.0,4.0,True
PhysionetMI,52,37,1x,3.0,0.7615384615384615,0.7961538461538462,0.7503846153846153,0.0346153846153847,0.0457692307692308,11.0,11.0,True,13.0,10.0,True,CBraMod,3000.0,1.0,True
PhysionetMI,52,37,2x,3.0,0.8615384615384616,0.7461538461538462,0.7846153846153847,-0.1153846153846154,-0.0384615384615385,11.0,11.0,True,13.0,10.0,True,CBraMod,6000.0,2.0,True
PhysionetMI,52,37,4x,3.0,0.9115384615384616,0.7961538461538462,0.8553846153846154,-0.1153846153846154,-0.0592307692307692,11.0,11.0,True,13.0,10.0,True,CBraMod,12000.0,4.0,True
PhysionetMI,52,53,1x,3.0,0.9115384615384616,0.9230769230769232,0.9165384615384616,0.0115384615384614,0.0065384615384616,11.0,11.0,True,13.0,10.0,True,CBraMod,3750.0,1.0,True
PhysionetMI,52,53,2x,3.0,0.9115384615384616,0.9230769230769232,0.8546153846153846,0.0115384615384614,0.0684615384615385,11.0,11.0,True,13.0,10.0,True,CBraMod,7500.0,2.0,True
PhysionetMI,52,53,4x,3.0,0.9115384615384616,0.9615384615384616,0.9073076923076924,0.0499999999999999,0.0542307692307691,11.0,11.0,True,13.0,10.0,True,CBraMod,15000.0,4.0,True
PhysionetMI,52,71,1x,3.0,0.9115384615384616,0.8461538461538461,0.9126923076923076,-0.0653846153846154,-0.0665384615384615,11.0,11.0,True,13.0,10.0,True,CBraMod,3250.0,1.0,True
PhysionetMI,52,71,2x,3.0,0.95,0.8346153846153846,0.8865384615384615,-0.1153846153846153,-0.0519230769230768,11.0,11.0,True,13.0,10.0,True,CBraMod,6500.0,2.0,True
PhysionetMI,52,71,4x,3.0,0.95,0.7576923076923077,0.8850000000000001,-0.1923076923076923,-0.1273076923076924,11.0,11.0,True,13.0,10.0,True,CBraMod,13000.0,4.0,True
PhysionetMI,53,11,1x,4.0,0.8636363636363636,1.0,0.8704545454545455,0.1363636363636363,0.1295454545454545,10.0,12.0,True,12.0,11.0,True,CBraMod,3000.0,1.0,True
PhysionetMI,53,11,2x,4.0,0.8181818181818181,0.9090909090909092,0.8284090909090909,0.090909090909091,0.0806818181818183,10.0,12.0,True,12.0,11.0,True,CBraMod,6000.0,2.0,True
PhysionetMI,53,11,4x,4.0,0.9545454545454546,0.9545454545454546,0.918939393939394,0.0,0.0356060606060606,10.0,12.0,True,12.0,11.0,True,CBraMod,12000.0,4.0,True
PhysionetMI,53,23,1x,4.0,0.9583333333333331,1.0,0.9280303030303032,0.0416666666666667,0.0719696969696969,10.0,12.0,True,12.0,11.0,True,CBraMod,3500.0,1.0,True
PhysionetMI,53,23,2x,4.0,0.8712121212121212,0.9545454545454546,0.8969696969696969,0.0833333333333333,0.0575757575757577,10.0,12.0,True,12.0,11.0,True,CBraMod,7000.0,2.0,True
PhysionetMI,53,23,4x,4.0,0.8257575757575758,0.9545454545454546,0.8946969696969695,0.1287878787878787,0.059848484848485,10.0,12.0,True,12.0,11.0,True,CBraMod,14000.0,4.0,True
PhysionetMI,53,37,1x,4.0,0.9128787878787878,1.0,0.9344696969696972,0.0871212121212121,0.0655303030303029,10.0,12.0,True,12.0,11.0,True,CBraMod,3000.0,1.0,True
PhysionetMI,53,37,2x,4.0,0.8674242424242424,0.9545454545454546,0.8928030303030304,0.0871212121212121,0.0617424242424241,10.0,12.0,True,12.0,11.0,True,CBraMod,6000.0,2.0,True
PhysionetMI,53,37,4x,4.0,0.9090909090909092,0.9545454545454546,0.9015151515151516,0.0454545454545454,0.0530303030303029,10.0,12.0,True,12.0,11.0,True,CBraMod,12000.0,4.0,True
PhysionetMI,53,53,1x,4.0,0.9545454545454546,1.0,0.9166666666666669,0.0454545454545454,0.0833333333333332,10.0,12.0,True,12.0,11.0,True,CBraMod,3000.0,1.0,True
PhysionetMI,53,53,2x,4.0,0.9090909090909092,0.9545454545454546,0.915151515151515,0.0454545454545454,0.0393939393939395,10.0,12.0,True,12.0,11.0,True,CBraMod,6000.0,2.0,True
PhysionetMI,53,53,4x,4.0,0.9090909090909092,0.9128787878787878,0.8867424242424244,0.0037878787878786,0.0261363636363634,10.0,12.0,True,12.0,11.0,True,CBraMod,12000.0,4.0,True
PhysionetMI,53,71,1x,4.0,0.8712121212121212,0.9166666666666669,0.8015151515151515,0.0454545454545455,0.1151515151515152,10.0,12.0,True,12.0,11.0,True,CBraMod,3250.0,1.0,True
PhysionetMI,53,71,2x,4.0,0.9128787878787878,1.0,0.8462121212121213,0.0871212121212121,0.1537878787878787,10.0,12.0,True,12.0,11.0,True,CBraMod,6500.0,2.0,True
PhysionetMI,53,71,4x,4.0,0.8181818181818181,0.9090909090909092,0.843560606060606,0.090909090909091,0.0655303030303031,10.0,12.0,True,12.0,11.0,True,CBraMod,13000.0,4.0,True
PhysionetMI,54,11,1x,2.0,0.875,0.9583333333333331,0.840909090909091,0.0833333333333332,0.1174242424242422,12.0,10.0,True,11.0,12.0,True,CBraMod,5250.0,1.0,True
PhysionetMI,54,11,2x,2.0,0.8333333333333333,0.9583333333333331,0.8537878787878788,0.125,0.1045454545454545,12.0,10.0,True,11.0,12.0,True,CBraMod,10500.0,2.0,True
PhysionetMI,54,11,4x,2.0,0.9166666666666669,0.9128787878787878,0.8871212121212121,-0.0037878787878788,0.0257575757575757,12.0,10.0,True,11.0,12.0,True,CBraMod,21000.0,4.0,True
PhysionetMI,54,23,1x,2.0,0.8333333333333333,0.8712121212121212,0.8704545454545455,0.0378787878787879,0.0007575757575757,12.0,10.0,True,11.0,12.0,True,CBraMod,3250.0,1.0,True
PhysionetMI,54,23,2x,2.0,0.875,0.9166666666666669,0.8833333333333334,0.0416666666666667,0.0333333333333333,12.0,10.0,True,11.0,12.0,True,CBraMod,6500.0,2.0,True
PhysionetMI,54,23,4x,2.0,0.875,0.9166666666666669,0.8375,0.0416666666666667,0.0791666666666667,12.0,10.0,True,11.0,12.0,True,CBraMod,13000.0,4.0,True
PhysionetMI,54,37,1x,2.0,0.9583333333333331,0.9545454545454546,0.9162878787878788,-0.0037878787878786,0.0382575757575758,12.0,10.0,True,11.0,12.0,True,CBraMod,3000.0,1.0,True
PhysionetMI,54,37,2x,2.0,0.8333333333333333,0.9166666666666669,0.8030303030303031,0.0833333333333334,0.1136363636363636,12.0,10.0,True,11.0,12.0,True,CBraMod,6000.0,2.0,True
PhysionetMI,54,37,4x,2.0,0.8712121212121212,0.8712121212121212,0.9280303030303032,0.0,-0.0568181818181818,12.0,10.0,True,11.0,12.0,True,CBraMod,12000.0,4.0,True
PhysionetMI,54,53,1x,2.0,0.875,0.9583333333333331,0.8613636363636363,0.0833333333333332,0.0969696969696969,12.0,10.0,True,11.0,12.0,True,CBraMod,4000.0,1.0,True
PhysionetMI,54,53,2x,2.0,0.875,0.9583333333333331,0.8621212121212121,0.0833333333333332,0.0962121212121212,12.0,10.0,True,11.0,12.0,True,CBraMod,8000.0,2.0,True
PhysionetMI,54,53,4x,2.0,0.875,1.0,0.8992424242424242,0.125,0.1007575757575758,12.0,10.0,True,11.0,12.0,True,CBraMod,16000.0,4.0,True
PhysionetMI,54,71,1x,2.0,0.8712121212121212,0.8712121212121212,0.8825757575757576,0.0,-0.0113636363636363,12.0,10.0,True,11.0,12.0,True,CBraMod,3500.0,1.0,True
PhysionetMI,54,71,2x,2.0,0.8712121212121212,0.8712121212121212,0.884469696969697,0.0,-0.0132575757575758,12.0,10.0,True,11.0,12.0,True,CBraMod,7000.0,2.0,True
PhysionetMI,54,71,4x,2.0,0.9166666666666669,0.9128787878787878,0.8931818181818182,-0.0037878787878788,0.0196969696969696,12.0,10.0,True,11.0,12.0,True,CBraMod,14000.0,4.0,True
PhysionetMI,55,11,1x,1.0,0.8295454545454546,0.8712121212121212,0.8897727272727272,0.0416666666666666,-0.0185606060606059,11.0,11.0,True,12.0,11.0,True,CBraMod,3000.0,1.0,True
PhysionetMI,55,11,2x,1.0,0.9166666666666669,0.8257575757575758,0.8511363636363637,-0.0909090909090909,-0.0253787878787878,11.0,11.0,True,12.0,11.0,True,CBraMod,6000.0,2.0,True
PhysionetMI,55,11,4x,1.0,0.875,0.9583333333333331,0.8746212121212121,0.0833333333333332,0.0837121212121211,11.0,11.0,True,12.0,11.0,True,CBraMod,12000.0,4.0,True
PhysionetMI,55,23,1x,1.0,0.9166666666666669,0.9166666666666669,0.8678030303030303,0.0,0.0488636363636364,11.0,11.0,True,12.0,11.0,True,CBraMod,3000.0,1.0,True
PhysionetMI,55,23,2x,1.0,0.8712121212121212,0.8712121212121212,0.8162878787878787,0.0,0.0549242424242425,11.0,11.0,True,12.0,11.0,True,CBraMod,6000.0,2.0,True
PhysionetMI,55,23,4x,1.0,0.6893939393939394,0.8712121212121212,0.8193181818181818,0.1818181818181817,0.0518939393939393,11.0,11.0,True,12.0,11.0,True,CBraMod,12000.0,4.0,True
PhysionetMI,55,37,1x,,,,,,,,,,,,,,,,False
PhysionetMI,55,37,2x,,,,,,,,,,,,,,,,False
PhysionetMI,55,37,4x,,,,,,,,,,,,,,,,False
PhysionetMI,55,53,1x,1.0,0.8295454545454546,0.8295454545454546,0.8473484848484848,0.0,-0.0178030303030302,11.0,11.0,True,12.0,11.0,True,CBraMod,3000.0,1.0,True
PhysionetMI,55,53,2x,1.0,0.7840909090909092,0.8674242424242424,0.8212121212121213,0.0833333333333332,0.0462121212121211,11.0,11.0,True,12.0,11.0,True,CBraMod,6000.0,2.0,True
PhysionetMI,55,53,4x,1.0,0.7878787878787878,0.8674242424242424,0.8011363636363636,0.0795454545454545,0.0662878787878787,11.0,11.0,True,12.0,11.0,True,CBraMod,12000.0,4.0,True
PhysionetMI,55,71,1x,1.0,0.8712121212121212,0.9166666666666669,0.8352272727272728,0.0454545454545455,0.0814393939393939,11.0,11.0,True,12.0,11.0,True,CBraMod,3500.0,1.0,True
PhysionetMI,55,71,2x,1.0,0.9128787878787878,0.8674242424242424,0.8708333333333333,-0.0454545454545454,-0.0034090909090909,11.0,11.0,True,12.0,11.0,True,CBraMod,7000.0,2.0,True
PhysionetMI,55,71,4x,1.0,0.9583333333333331,0.9583333333333331,0.937121212121212,0.0,0.0212121212121211,11.0,11.0,True,12.0,11.0,True,CBraMod,14000.0,4.0,True
PhysionetMI,56,11,1x,3.0,0.8712121212121212,0.821969696969697,0.8363636363636363,-0.0492424242424242,-0.0143939393939392,11.0,11.0,True,11.0,12.0,True,CBraMod,3000.0,1.0,True
PhysionetMI,56,11,2x,3.0,0.9128787878787878,0.8674242424242424,0.8670454545454545,-0.0454545454545454,0.0003787878787879,11.0,11.0,True,11.0,12.0,True,CBraMod,6000.0,2.0,True
PhysionetMI,56,11,4x,3.0,0.8257575757575758,0.7840909090909092,0.7977272727272726,-0.0416666666666666,-0.0136363636363634,11.0,11.0,True,11.0,12.0,True,CBraMod,12000.0,4.0,True
PhysionetMI,56,23,1x,3.0,0.7765151515151515,0.821969696969697,0.7799242424242423,0.0454545454545455,0.0420454545454547,11.0,11.0,True,11.0,12.0,True,CBraMod,3000.0,1.0,True
PhysionetMI,56,23,2x,3.0,0.8257575757575758,0.7386363636363636,0.8234848484848485,-0.0871212121212121,-0.0848484848484848,11.0,11.0,True,11.0,12.0,True,CBraMod,6000.0,2.0,True
PhysionetMI,56,23,4x,3.0,0.8257575757575758,0.8674242424242424,0.7916666666666666,0.0416666666666666,0.0757575757575758,11.0,11.0,True,11.0,12.0,True,CBraMod,12000.0,4.0,True
PhysionetMI,56,37,1x,3.0,0.8674242424242424,0.8712121212121212,0.8291666666666666,0.0037878787878787,0.0420454545454546,11.0,11.0,True,11.0,12.0,True,CBraMod,3000.0,1.0,True
PhysionetMI,56,37,2x,3.0,0.8295454545454546,0.9128787878787878,0.8363636363636363,0.0833333333333332,0.0765151515151515,11.0,11.0,True,11.0,12.0,True,CBraMod,6000.0,2.0,True
PhysionetMI,56,37,4x,3.0,0.7386363636363636,0.8257575757575758,0.7647727272727274,0.0871212121212121,0.0609848484848484,11.0,11.0,True,11.0,12.0,True,CBraMod,12000.0,4.0,True
PhysionetMI,56,53,1x,3.0,0.8257575757575758,0.8712121212121212,0.8568181818181818,0.0454545454545454,0.0143939393939394,11.0,11.0,True,11.0,12.0,True,CBraMod,3750.0,1.0,True
PhysionetMI,56,53,2x,3.0,0.821969696969697,0.8295454545454546,0.8424242424242424,0.0075757575757575,-0.0128787878787878,11.0,11.0,True,11.0,12.0,True,CBraMod,7500.0,2.0,True
PhysionetMI,56,53,4x,3.0,0.8712121212121212,0.8712121212121212,0.8117424242424243,0.0,0.0594696969696969,11.0,11.0,True,11.0,12.0,True,CBraMod,15000.0,4.0,True
PhysionetMI,56,71,1x,3.0,0.8712121212121212,0.8257575757575758,0.8215909090909091,-0.0454545454545454,0.0041666666666666,11.0,11.0,True,11.0,12.0,True,CBraMod,3250.0,1.0,True
PhysionetMI,56,71,2x,3.0,0.8295454545454546,0.8295454545454546,0.7950757575757577,0.0,0.0344696969696969,11.0,11.0,True,11.0,12.0,True,CBraMod,6500.0,2.0,True
PhysionetMI,56,71,4x,3.0,0.7840909090909092,0.8257575757575758,0.7984848484848485,0.0416666666666666,0.0272727272727273,11.0,11.0,True,11.0,12.0,True,CBraMod,13000.0,4.0,True
PhysionetMI,57,11,1x,1.0,0.9583333333333331,0.9583333333333331,0.9625,0.0,-0.0041666666666667,12.0,10.0,True,12.0,11.0,True,CBraMod,3000.0,1.0,True
PhysionetMI,57,11,2x,1.0,0.9583333333333331,0.9583333333333331,0.9583333333333331,0.0,0.0,12.0,10.0,True,12.0,11.0,True,CBraMod,6000.0,2.0,True
PhysionetMI,57,11,4x,1.0,0.9583333333333331,0.9583333333333331,0.9166666666666669,0.0,0.0416666666666665,12.0,10.0,True,12.0,11.0,True,CBraMod,12000.0,4.0,True
PhysionetMI,57,23,1x,1.0,0.9583333333333331,0.9583333333333331,0.9583333333333334,0.0,-1.1102230246251563e-16,12.0,10.0,True,12.0,11.0,True,CBraMod,3000.0,1.0,True
PhysionetMI,57,23,2x,1.0,0.9166666666666669,0.9583333333333331,0.9196969696969696,0.0416666666666665,0.0386363636363635,12.0,10.0,True,12.0,11.0,True,CBraMod,6000.0,2.0,True
PhysionetMI,57,23,4x,1.0,0.9583333333333331,0.9583333333333331,0.9375,0.0,0.0208333333333332,12.0,10.0,True,12.0,11.0,True,CBraMod,12000.0,4.0,True
PhysionetMI,57,37,1x,,,,,,,,,,,,,,,,False
PhysionetMI,57,37,2x,,,,,,,,,,,,,,,,False
PhysionetMI,57,37,4x,,,,,,,,,,,,,,,,False
PhysionetMI,57,53,1x,1.0,0.9583333333333331,0.9583333333333331,0.9416666666666668,0.0,0.0166666666666666,12.0,10.0,True,12.0,11.0,True,CBraMod,3000.0,1.0,True
PhysionetMI,57,53,2x,1.0,0.9583333333333331,0.9583333333333331,0.9450757575757576,0.0,0.0132575757575756,12.0,10.0,True,12.0,11.0,True,CBraMod,6000.0,2.0,True
PhysionetMI,57,53,4x,1.0,0.9128787878787878,0.9583333333333331,0.9280303030303032,0.0454545454545454,0.0303030303030301,12.0,10.0,True,12.0,11.0,True,CBraMod,12000.0,4.0,True
PhysionetMI,57,71,1x,1.0,0.9583333333333331,0.9583333333333331,0.9625,0.0,-0.0041666666666667,12.0,10.0,True,12.0,11.0,True,CBraMod,3500.0,1.0,True
PhysionetMI,57,71,2x,1.0,1.0,0.9166666666666669,1.0,-0.0833333333333332,-0.0833333333333332,12.0,10.0,True,12.0,11.0,True,CBraMod,7000.0,2.0,True
PhysionetMI,57,71,4x,1.0,0.9583333333333331,0.9583333333333331,0.9583333333333334,0.0,-1.1102230246251563e-16,12.0,10.0,True,12.0,11.0,True,CBraMod,14000.0,4.0,True
PhysionetMI,58,11,1x,3.0,0.7461538461538462,0.773076923076923,0.8065384615384616,0.0269230769230768,-0.0334615384615386,11.0,11.0,True,13.0,10.0,True,CBraMod,3000.0,1.0,True
PhysionetMI,58,11,2x,3.0,0.823076923076923,0.8115384615384615,0.7907692307692307,-0.0115384615384614,0.0207692307692308,11.0,11.0,True,13.0,10.0,True,CBraMod,6000.0,2.0,True
PhysionetMI,58,11,4x,3.0,0.8346153846153846,0.85,0.8423076923076923,0.0153846153846153,0.0076923076923076,11.0,11.0,True,13.0,10.0,True,CBraMod,12000.0,4.0,True
PhysionetMI,58,23,1x,3.0,0.6923076923076923,0.823076923076923,0.8038461538461539,0.1307692307692307,0.0192307692307691,11.0,11.0,True,13.0,10.0,True,CBraMod,3000.0,1.0,True
PhysionetMI,58,23,2x,3.0,0.9,0.8615384615384616,0.8373076923076923,-0.0384615384615384,0.0242307692307692,11.0,11.0,True,13.0,10.0,True,CBraMod,6000.0,2.0,True
PhysionetMI,58,23,4x,3.0,0.8846153846153846,0.8346153846153846,0.8357692307692307,-0.0499999999999999,-0.001153846153846,11.0,11.0,True,13.0,10.0,True,CBraMod,12000.0,4.0,True
PhysionetMI,58,37,1x,3.0,0.9230769230769232,0.95,0.7892307692307692,0.0269230769230768,0.1607692307692307,11.0,11.0,True,13.0,10.0,True,CBraMod,3000.0,1.0,True
PhysionetMI,58,37,2x,3.0,0.8076923076923077,0.8615384615384616,0.7530769230769231,0.0538461538461538,0.1084615384615385,11.0,11.0,True,13.0,10.0,True,CBraMod,6000.0,2.0,True
PhysionetMI,58,37,4x,3.0,0.8346153846153846,0.9,0.791923076923077,0.0653846153846153,0.108076923076923,11.0,11.0,True,13.0,10.0,True,CBraMod,12000.0,4.0,True
PhysionetMI,58,53,1x,3.0,0.8846153846153846,0.95,0.8034615384615386,0.0653846153846153,0.1465384615384614,11.0,11.0,True,13.0,10.0,True,CBraMod,3750.0,1.0,True
PhysionetMI,58,53,2x,3.0,0.8346153846153846,0.9,0.8188461538461539,0.0653846153846153,0.0811538461538461,11.0,11.0,True,13.0,10.0,True,CBraMod,7500.0,2.0,True
PhysionetMI,58,53,4x,3.0,0.8346153846153846,0.8730769230769231,0.8319230769230769,0.0384615384615384,0.0411538461538462,11.0,11.0,True,13.0,10.0,True,CBraMod,15000.0,4.0,True
PhysionetMI,58,71,1x,3.0,0.7961538461538462,0.9115384615384616,0.7957692307692308,0.1153846153846154,0.1157692307692308,11.0,11.0,True,13.0,10.0,True,CBraMod,3250.0,1.0,True
PhysionetMI,58,71,2x,3.0,0.8730769230769231,0.8615384615384616,0.8346153846153846,-0.0115384615384614,0.0269230769230769,11.0,11.0,True,13.0,10.0,True,CBraMod,6500.0,2.0,True
PhysionetMI,58,71,4x,3.0,0.7461538461538462,0.8730769230769231,0.8392307692307692,0.1269230769230769,0.0338461538461538,11.0,11.0,True,13.0,10.0,True,CBraMod,13000.0,4.0,True
PhysionetMI,59,11,1x,2.0,0.6893939393939394,0.8257575757575758,0.6450757575757576,0.1363636363636363,0.1806818181818181,12.0,10.0,True,12.0,11.0,True,CBraMod,5250.0,1.0,True
PhysionetMI,59,11,2x,2.0,0.6477272727272727,0.696969696969697,0.6162878787878787,0.0492424242424243,0.0806818181818183,12.0,10.0,True,12.0,11.0,True,CBraMod,10500.0,2.0,True
PhysionetMI,59,11,4x,2.0,0.606060606060606,0.6515151515151515,0.6053030303030302,0.0454545454545455,0.0462121212121212,12.0,10.0,True,12.0,11.0,True,CBraMod,21000.0,4.0,True
PhysionetMI,59,23,1x,2.0,0.6893939393939394,0.821969696969697,0.6534090909090909,0.1325757575757575,0.168560606060606,12.0,10.0,True,12.0,11.0,True,CBraMod,3250.0,1.0,True
PhysionetMI,59,23,2x,2.0,0.6931818181818181,0.7386363636363636,0.6363636363636364,0.0454545454545455,0.1022727272727272,12.0,10.0,True,12.0,11.0,True,CBraMod,6500.0,2.0,True
PhysionetMI,59,23,4x,2.0,0.5113636363636364,0.6515151515151515,0.5840909090909091,0.1401515151515151,0.0674242424242423,12.0,10.0,True,12.0,11.0,True,CBraMod,13000.0,4.0,True
PhysionetMI,59,37,1x,2.0,0.7386363636363636,0.7803030303030303,0.6799242424242424,0.0416666666666666,0.1003787878787878,12.0,10.0,True,12.0,11.0,True,CBraMod,3000.0,1.0,True
PhysionetMI,59,37,2x,2.0,0.6477272727272727,0.7386363636363636,0.6382575757575757,0.0909090909090909,0.1003787878787879,12.0,10.0,True,12.0,11.0,True,CBraMod,6000.0,2.0,True
PhysionetMI,59,37,4x,2.0,0.7386363636363636,0.6931818181818181,0.6662878787878788,-0.0454545454545455,0.0268939393939393,12.0,10.0,True,12.0,11.0,True,CBraMod,12000.0,4.0,True
PhysionetMI,59,53,1x,2.0,0.6439393939393939,0.8257575757575758,0.5890151515151516,0.1818181818181818,0.2367424242424242,12.0,10.0,True,12.0,11.0,True,CBraMod,4000.0,1.0,True
PhysionetMI,59,53,2x,2.0,0.6893939393939394,0.731060606060606,0.6496212121212122,0.0416666666666665,0.0814393939393938,12.0,10.0,True,12.0,11.0,True,CBraMod,8000.0,2.0,True
PhysionetMI,59,53,4x,2.0,0.606060606060606,0.6477272727272727,0.5848484848484848,0.0416666666666667,0.0628787878787878,12.0,10.0,True,12.0,11.0,True,CBraMod,16000.0,4.0,True
PhysionetMI,59,71,1x,2.0,0.6098484848484849,0.7803030303030303,0.5848484848484847,0.1704545454545454,0.1954545454545455,12.0,10.0,True,12.0,11.0,True,CBraMod,3500.0,1.0,True
PhysionetMI,59,71,2x,2.0,0.8257575757575758,0.8257575757575758,0.7636363636363637,0.0,0.0621212121212121,12.0,10.0,True,12.0,11.0,True,CBraMod,7000.0,2.0,True
PhysionetMI,59,71,4x,2.0,0.6856060606060606,0.6439393939393939,0.6768939393939393,-0.0416666666666666,-0.0329545454545453,12.0,10.0,True,12.0,11.0,True,CBraMod,14000.0,4.0,True
PhysionetMI,60,11,1x,1.0,0.8730769230769231,0.9615384615384616,0.8296153846153846,0.0884615384615384,0.1319230769230769,10.0,12.0,True,13.0,10.0,True,CBraMod,3000.0,1.0,True
PhysionetMI,60,11,2x,1.0,0.9230769230769232,0.9615384615384616,0.8488461538461539,0.0384615384615384,0.1126923076923076,10.0,12.0,True,13.0,10.0,True,CBraMod,6000.0,2.0,True
PhysionetMI,60,11,4x,1.0,0.8461538461538461,0.9615384615384616,0.8326923076923076,0.1153846153846154,0.1288461538461539,10.0,12.0,True,13.0,10.0,True,CBraMod,12000.0,4.0,True
PhysionetMI,60,23,1x,1.0,0.9115384615384616,0.9115384615384616,0.883076923076923,0.0,0.0284615384615386,10.0,12.0,True,13.0,10.0,True,CBraMod,3000.0,1.0,True
PhysionetMI,60,23,2x,1.0,0.7961538461538462,0.9230769230769232,0.8319230769230769,0.1269230769230769,0.0911538461538462,10.0,12.0,True,13.0,10.0,True,CBraMod,6000.0,2.0,True
PhysionetMI,60,23,4x,1.0,0.8346153846153846,0.9115384615384616,0.8323076923076922,0.0769230769230769,0.0792307692307694,10.0,12.0,True,13.0,10.0,True,CBraMod,12000.0,4.0,True
PhysionetMI,60,37,1x,,,,,,,,,,,,,,,,False
PhysionetMI,60,37,2x,,,,,,,,,,,,,,,,False
PhysionetMI,60,37,4x,,,,,,,,,,,,,,,,False
PhysionetMI,60,53,1x,1.0,0.8730769230769231,0.8730769230769231,0.8707692307692309,0.0,0.0023076923076922,10.0,12.0,True,13.0,10.0,True,CBraMod,3000.0,1.0,True
PhysionetMI,60,53,2x,1.0,0.8730769230769231,0.823076923076923,0.8511538461538463,-0.05,-0.0280769230769232,10.0,12.0,True,13.0,10.0,True,CBraMod,6000.0,2.0,True
PhysionetMI,60,53,4x,1.0,0.8615384615384616,0.9115384615384616,0.8646153846153846,0.05,0.046923076923077,10.0,12.0,True,13.0,10.0,True,CBraMod,12000.0,4.0,True
PhysionetMI,60,71,1x,1.0,0.9115384615384616,0.9230769230769232,0.8588461538461539,0.0115384615384614,0.0642307692307692,10.0,12.0,True,13.0,10.0,True,CBraMod,3500.0,1.0,True
PhysionetMI,60,71,2x,1.0,0.8730769230769231,0.9115384615384616,0.9023076923076924,0.0384615384615385,0.0092307692307693,10.0,12.0,True,13.0,10.0,True,CBraMod,7000.0,2.0,True
PhysionetMI,60,71,4x,1.0,0.9615384615384616,0.9615384615384616,0.9565384615384616,0.0,0.005,10.0,12.0,True,13.0,10.0,True,CBraMod,14000.0,4.0,True
PhysionetMI,61,11,1x,2.0,0.9545454545454546,0.9128787878787878,0.9507575757575758,-0.0416666666666667,-0.0378787878787879,11.0,11.0,True,11.0,12.0,True,CBraMod,5250.0,1.0,True
PhysionetMI,61,11,2x,2.0,0.9545454545454546,0.9128787878787878,0.940909090909091,-0.0416666666666667,-0.0280303030303031,11.0,11.0,True,11.0,12.0,True,CBraMod,10500.0,2.0,True
PhysionetMI,61,11,4x,2.0,0.9545454545454546,0.9545454545454546,0.9363636363636364,0.0,0.018181818181818,11.0,11.0,True,11.0,12.0,True,CBraMod,21000.0,4.0,True
PhysionetMI,61,23,1x,2.0,0.9545454545454546,0.9545454545454546,0.9462121212121212,0.0,0.0083333333333333,11.0,11.0,True,11.0,12.0,True,CBraMod,3250.0,1.0,True
PhysionetMI,61,23,2x,2.0,0.9545454545454546,0.9545454545454546,0.9545454545454548,0.0,-1.1102230246251563e-16,11.0,11.0,True,11.0,12.0,True,CBraMod,6500.0,2.0,True
PhysionetMI,61,23,4x,2.0,0.9545454545454546,0.9545454545454546,0.9462121212121212,0.0,0.0083333333333335,11.0,11.0,True,11.0,12.0,True,CBraMod,13000.0,4.0,True
PhysionetMI,61,37,1x,2.0,0.9545454545454546,0.9545454545454546,0.9545454545454548,0.0,-1.1102230246251563e-16,11.0,11.0,True,11.0,12.0,True,CBraMod,3000.0,1.0,True
PhysionetMI,61,37,2x,2.0,0.9545454545454546,0.9545454545454546,0.9462121212121212,0.0,0.0083333333333333,11.0,11.0,True,11.0,12.0,True,CBraMod,6000.0,2.0,True
PhysionetMI,61,37,4x,2.0,0.9545454545454546,0.9545454545454546,0.9507575757575758,0.0,0.0037878787878787,11.0,11.0,True,11.0,12.0,True,CBraMod,12000.0,4.0,True
PhysionetMI,61,53,1x,2.0,0.9545454545454546,0.9545454545454546,0.9545454545454548,0.0,-1.1102230246251563e-16,11.0,11.0,True,11.0,12.0,True,CBraMod,4000.0,1.0,True
PhysionetMI,61,53,2x,2.0,0.9545454545454546,0.9545454545454546,0.9500000000000002,0.0,0.0045454545454544,11.0,11.0,True,11.0,12.0,True,CBraMod,8000.0,2.0,True
PhysionetMI,61,53,4x,2.0,0.9545454545454546,0.9545454545454546,0.9500000000000002,0.0,0.0045454545454544,11.0,11.0,True,11.0,12.0,True,CBraMod,16000.0,4.0,True
PhysionetMI,61,71,1x,2.0,0.9545454545454546,0.9545454545454546,0.9416666666666668,0.0,0.0128787878787878,11.0,11.0,True,11.0,12.0,True,CBraMod,3500.0,1.0,True
PhysionetMI,61,71,2x,2.0,0.9545454545454546,0.9545454545454546,0.9545454545454548,0.0,-1.1102230246251563e-16,11.0,11.0,True,11.0,12.0,True,CBraMod,7000.0,2.0,True
PhysionetMI,61,71,4x,2.0,0.9545454545454546,0.9545454545454546,0.9545454545454548,0.0,-1.1102230246251563e-16,11.0,11.0,True,11.0,12.0,True,CBraMod,14000.0,4.0,True
PhysionetMI,62,11,1x,0.0,0.9583333333333331,0.9583333333333331,0.9371212121212122,0.0,0.021212121212121,11.0,11.0,True,12.0,11.0,True,CBraMod,3000.0,1.0,True
PhysionetMI,62,11,2x,0.0,0.9166666666666669,0.9166666666666669,0.912121212121212,0.0,0.0045454545454546,11.0,11.0,True,12.0,11.0,True,CBraMod,6000.0,2.0,True
PhysionetMI,62,11,4x,0.0,0.9166666666666669,0.9166666666666669,0.8867424242424242,0.0,0.0299242424242425,11.0,11.0,True,12.0,11.0,True,CBraMod,12000.0,4.0,True
PhysionetMI,62,23,1x,0.0,0.9583333333333331,0.9583333333333331,0.9166666666666666,0.0,0.0416666666666666,11.0,11.0,True,12.0,11.0,True,CBraMod,3500.0,1.0,True
PhysionetMI,62,23,2x,0.0,0.9166666666666669,0.9166666666666669,0.8958333333333334,0.0,0.0208333333333333,11.0,11.0,True,12.0,11.0,True,CBraMod,7000.0,2.0,True
PhysionetMI,62,23,4x,0.0,0.9166666666666669,0.9166666666666669,0.9375000000000002,0.0,-0.0208333333333334,11.0,11.0,True,12.0,11.0,True,CBraMod,14000.0,4.0,True
PhysionetMI,62,37,1x,0.0,0.9583333333333331,0.9583333333333331,0.9166666666666666,0.0,0.0416666666666666,11.0,11.0,True,12.0,11.0,True,CBraMod,3000.0,1.0,True
PhysionetMI,62,37,2x,0.0,0.9583333333333331,0.9583333333333331,0.9500000000000002,0.0,0.008333333333333,11.0,11.0,True,12.0,11.0,True,CBraMod,6000.0,2.0,True
PhysionetMI,62,37,4x,0.0,0.9583333333333331,0.9545454545454546,0.9291666666666666,-0.0037878787878786,0.025378787878788,11.0,11.0,True,12.0,11.0,True,CBraMod,12000.0,4.0,True
PhysionetMI,62,53,1x,0.0,0.9166666666666669,0.9583333333333331,0.8958333333333333,0.0416666666666665,0.0625,11.0,11.0,True,12.0,11.0,True,CBraMod,3000.0,1.0,True
PhysionetMI,62,53,2x,0.0,0.9583333333333331,0.9166666666666669,0.9166666666666669,-0.0416666666666665,0.0,11.0,11.0,True,12.0,11.0,True,CBraMod,6000.0,2.0,True
PhysionetMI,62,53,4x,0.0,0.9166666666666669,0.9583333333333331,0.9083333333333334,0.0416666666666665,0.0499999999999998,11.0,11.0,True,12.0,11.0,True,CBraMod,12000.0,4.0,True
PhysionetMI,62,71,1x,0.0,1.0,1.0,0.9583333333333334,0.0,0.0416666666666666,11.0,11.0,True,12.0,11.0,True,CBraMod,3000.0,1.0,True
PhysionetMI,62,71,2x,0.0,0.9166666666666669,0.9583333333333331,0.9416666666666668,0.0416666666666665,0.0166666666666666,11.0,11.0,True,12.0,11.0,True,CBraMod,6000.0,2.0,True
PhysionetMI,62,71,4x,0.0,0.9583333333333331,0.9166666666666669,0.95,-0.0416666666666665,-0.0333333333333332,11.0,11.0,True,12.0,11.0,True,CBraMod,12000.0,4.0,True
PhysionetMI,63,11,1x,0.0,0.8181818181818181,0.7386363636363636,0.7265151515151516,-0.0795454545454544,0.012121212121212,10.0,12.0,True,12.0,11.0,True,CBraMod,3000.0,1.0,True
PhysionetMI,63,11,2x,0.0,0.8674242424242424,0.8257575757575758,0.7056818181818183,-0.0416666666666666,0.1200757575757575,10.0,12.0,True,12.0,11.0,True,CBraMod,6000.0,2.0,True
PhysionetMI,63,11,4x,0.0,0.731060606060606,0.8295454545454546,0.6746212121212121,0.0984848484848486,0.1549242424242425,10.0,12.0,True,12.0,11.0,True,CBraMod,12000.0,4.0,True
PhysionetMI,63,23,1x,0.0,0.7840909090909092,0.8295454545454546,0.7147727272727272,0.0454545454545454,0.1147727272727273,10.0,12.0,True,12.0,11.0,True,CBraMod,3500.0,1.0,True
PhysionetMI,63,23,2x,0.0,0.875,0.7424242424242424,0.8018939393939395,-0.1325757575757575,-0.059469696969697,10.0,12.0,True,12.0,11.0,True,CBraMod,7000.0,2.0,True
PhysionetMI,63,23,4x,0.0,0.7348484848484849,0.7803030303030303,0.7515151515151516,0.0454545454545454,0.0287878787878786,10.0,12.0,True,12.0,11.0,True,CBraMod,14000.0,4.0,True
PhysionetMI,63,37,1x,0.0,0.696969696969697,0.7878787878787878,0.7382575757575757,0.0909090909090908,0.0496212121212121,10.0,12.0,True,12.0,11.0,True,CBraMod,3000.0,1.0,True
PhysionetMI,63,37,2x,0.0,0.8712121212121212,0.8295454545454546,0.8602272727272728,-0.0416666666666666,-0.0306818181818182,10.0,12.0,True,12.0,11.0,True,CBraMod,6000.0,2.0,True
PhysionetMI,63,37,4x,0.0,0.7840909090909092,0.7878787878787878,0.8196969696969697,0.0037878787878786,-0.0318181818181818,10.0,12.0,True,12.0,11.0,True,CBraMod,12000.0,4.0,True
PhysionetMI,63,53,1x,0.0,0.7386363636363636,0.8333333333333333,0.7155303030303031,0.0946969696969696,0.1178030303030301,10.0,12.0,True,12.0,11.0,True,CBraMod,3000.0,1.0,True
PhysionetMI,63,53,2x,0.0,0.6893939393939394,0.6515151515151515,0.703409090909091,-0.0378787878787879,-0.0518939393939394,10.0,12.0,True,12.0,11.0,True,CBraMod,6000.0,2.0,True
PhysionetMI,63,53,4x,0.0,0.7803030303030303,0.7424242424242424,0.7613636363636365,-0.0378787878787878,-0.018939393939394,10.0,12.0,True,12.0,11.0,True,CBraMod,12000.0,4.0,True
PhysionetMI,63,71,1x,0.0,0.6477272727272727,0.7386363636363636,0.6825757575757576,0.0909090909090909,0.056060606060606,10.0,12.0,True,12.0,11.0,True,CBraMod,3000.0,1.0,True
PhysionetMI,63,71,2x,0.0,0.6477272727272727,0.696969696969697,0.7424242424242424,0.0492424242424243,-0.0454545454545454,10.0,12.0,True,12.0,11.0,True,CBraMod,6000.0,2.0,True
PhysionetMI,63,71,4x,0.0,0.7386363636363636,0.7386363636363636,0.7329545454545455,0.0,0.0056818181818181,10.0,12.0,True,12.0,11.0,True,CBraMod,12000.0,4.0,True
PhysionetMI,64,11,1x,2.0,0.7462121212121212,0.7462121212121212,0.7371212121212121,0.0,0.0090909090909091,11.0,11.0,True,12.0,11.0,True,CBraMod,5250.0,1.0,True
PhysionetMI,64,11,2x,2.0,0.7007575757575758,0.7462121212121212,0.7428030303030304,0.0454545454545454,0.0034090909090908,11.0,11.0,True,12.0,11.0,True,CBraMod,10500.0,2.0,True
PhysionetMI,64,11,4x,2.0,0.7462121212121212,0.8295454545454546,0.7503787878787879,0.0833333333333333,0.0791666666666667,11.0,11.0,True,12.0,11.0,True,CBraMod,21000.0,4.0,True
PhysionetMI,64,23,1x,2.0,0.7878787878787878,0.7424242424242424,0.7666666666666668,-0.0454545454545454,-0.0242424242424244,11.0,11.0,True,12.0,11.0,True,CBraMod,3250.0,1.0,True
PhysionetMI,64,23,2x,2.0,0.7878787878787878,0.7878787878787878,0.7575757575757576,0.0,0.0303030303030302,11.0,11.0,True,12.0,11.0,True,CBraMod,6500.0,2.0,True
PhysionetMI,64,23,4x,2.0,0.7878787878787878,0.7462121212121212,0.7871212121212121,-0.0416666666666666,-0.0409090909090908,11.0,11.0,True,12.0,11.0,True,CBraMod,13000.0,4.0,True
PhysionetMI,64,37,1x,2.0,0.7462121212121212,0.8295454545454546,0.7545454545454545,0.0833333333333333,0.075,11.0,11.0,True,12.0,11.0,True,CBraMod,3000.0,1.0,True
PhysionetMI,64,37,2x,2.0,0.8295454545454546,0.7916666666666667,0.7776515151515151,-0.0378787878787878,0.0140151515151516,11.0,11.0,True,12.0,11.0,True,CBraMod,6000.0,2.0,True
PhysionetMI,64,37,4x,2.0,0.7916666666666667,0.7916666666666667,0.7931818181818182,0.0,-0.0015151515151514,11.0,11.0,True,12.0,11.0,True,CBraMod,12000.0,4.0,True
PhysionetMI,64,53,1x,2.0,0.7424242424242424,0.7462121212121212,0.7696969696969698,0.0037878787878787,-0.0234848484848485,11.0,11.0,True,12.0,11.0,True,CBraMod,4000.0,1.0,True
PhysionetMI,64,53,2x,2.0,0.7007575757575758,0.7878787878787878,0.7227272727272728,0.087121212121212,0.065151515151515,11.0,11.0,True,12.0,11.0,True,CBraMod,8000.0,2.0,True
PhysionetMI,64,53,4x,2.0,0.8295454545454546,0.7462121212121212,0.7602272727272729,-0.0833333333333333,-0.0140151515151516,11.0,11.0,True,12.0,11.0,True,CBraMod,16000.0,4.0,True
PhysionetMI,64,71,1x,2.0,0.6174242424242424,0.7462121212121212,0.703030303030303,0.1287878787878787,0.0431818181818182,11.0,11.0,True,12.0,11.0,True,CBraMod,3500.0,1.0,True
PhysionetMI,64,71,2x,2.0,0.7878787878787878,0.7878787878787878,0.7791666666666666,0.0,0.0087121212121212,11.0,11.0,True,12.0,11.0,True,CBraMod,7000.0,2.0,True
PhysionetMI,64,71,4x,2.0,0.7878787878787878,0.7462121212121212,0.7912878787878788,-0.0416666666666666,-0.0450757575757575,11.0,11.0,True,12.0,11.0,True,CBraMod,14000.0,4.0,True
PhysionetMI,65,11,1x,3.0,0.9128787878787878,0.821969696969697,0.8799242424242424,-0.0909090909090908,-0.0579545454545453,12.0,10.0,True,12.0,11.0,True,CBraMod,3000.0,1.0,True
PhysionetMI,65,11,2x,3.0,0.9166666666666669,0.9090909090909092,0.8708333333333333,-0.0075757575757575,0.0382575757575758,12.0,10.0,True,12.0,11.0,True,CBraMod,6000.0,2.0,True
PhysionetMI,65,11,4x,3.0,0.9166666666666669,0.8712121212121212,0.8488636363636364,-0.0454545454545455,0.0223484848484848,12.0,10.0,True,12.0,11.0,True,CBraMod,12000.0,4.0,True
PhysionetMI,65,23,1x,3.0,0.9166666666666669,0.9128787878787878,0.8791666666666668,-0.0037878787878788,0.033712121212121,12.0,10.0,True,12.0,11.0,True,CBraMod,3000.0,1.0,True
PhysionetMI,65,23,2x,3.0,0.9545454545454546,0.7840909090909092,0.8261363636363637,-0.1704545454545454,-0.0420454545454545,12.0,10.0,True,12.0,11.0,True,CBraMod,6000.0,2.0,True
PhysionetMI,65,23,4x,3.0,0.9166666666666669,0.8712121212121212,0.8867424242424242,-0.0454545454545455,-0.015530303030303,12.0,10.0,True,12.0,11.0,True,CBraMod,12000.0,4.0,True
PhysionetMI,65,37,1x,3.0,0.9166666666666669,0.9128787878787878,0.8950757575757576,-0.0037878787878788,0.0178030303030302,12.0,10.0,True,12.0,11.0,True,CBraMod,3000.0,1.0,True
PhysionetMI,65,37,2x,3.0,0.9166666666666669,0.8712121212121212,0.8746212121212121,-0.0454545454545455,-0.0034090909090909,12.0,10.0,True,12.0,11.0,True,CBraMod,6000.0,2.0,True
PhysionetMI,65,37,4x,3.0,0.875,0.8674242424242424,0.8666666666666668,-0.0075757575757575,0.0007575757575756,12.0,10.0,True,12.0,11.0,True,CBraMod,12000.0,4.0,True
PhysionetMI,65,53,1x,3.0,0.9166666666666669,1.0,0.9416666666666668,0.0833333333333332,0.0583333333333332,12.0,10.0,True,12.0,11.0,True,CBraMod,3750.0,1.0,True
PhysionetMI,65,53,2x,3.0,0.9166666666666669,0.8674242424242424,0.9079545454545456,-0.0492424242424243,-0.040530303030303,12.0,10.0,True,12.0,11.0,True,CBraMod,7500.0,2.0,True
PhysionetMI,65,53,4x,3.0,0.875,0.9128787878787878,0.8825757575757576,0.0378787878787878,0.0303030303030302,12.0,10.0,True,12.0,11.0,True,CBraMod,15000.0,4.0,True
PhysionetMI,65,71,1x,3.0,0.9583333333333331,0.9583333333333331,0.9166666666666666,0.0,0.0416666666666666,12.0,10.0,True,12.0,11.0,True,CBraMod,3250.0,1.0,True
PhysionetMI,65,71,2x,3.0,0.9583333333333331,0.9090909090909092,0.8791666666666668,-0.049242424242424,0.0299242424242424,12.0,10.0,True,12.0,11.0,True,CBraMod,6500.0,2.0,True
PhysionetMI,65,71,4x,3.0,0.9166666666666669,0.9545454545454546,0.8833333333333332,0.0378787878787878,0.0712121212121214,12.0,10.0,True,12.0,11.0,True,CBraMod,13000.0,4.0,True
PhysionetMI,66,11,1x,0.0,0.875,0.6477272727272727,0.8375,-0.2272727272727273,-0.1897727272727273,11.0,11.0,True,11.0,12.0,True,CBraMod,3000.0,1.0,True
PhysionetMI,66,11,2x,0.0,0.7424242424242424,0.696969696969697,0.7863636363636364,-0.0454545454545454,-0.0893939393939393,11.0,11.0,True,11.0,12.0,True,CBraMod,6000.0,2.0,True
PhysionetMI,66,11,4x,0.0,0.7424242424242424,0.7840909090909092,0.7742424242424242,0.0416666666666667,0.0098484848484849,11.0,11.0,True,11.0,12.0,True,CBraMod,12000.0,4.0,True
PhysionetMI,66,23,1x,0.0,0.7840909090909092,0.7803030303030303,0.8132575757575757,-0.0037878787878788,-0.0329545454545454,11.0,11.0,True,11.0,12.0,True,CBraMod,3500.0,1.0,True
PhysionetMI,66,23,2x,0.0,0.8295454545454546,0.7386363636363636,0.7723484848484847,-0.0909090909090909,-0.033712121212121,11.0,11.0,True,11.0,12.0,True,CBraMod,7000.0,2.0,True
PhysionetMI,66,23,4x,0.0,0.7462121212121212,0.7424242424242424,0.7178030303030303,-0.0037878787878787,0.0246212121212121,11.0,11.0,True,11.0,12.0,True,CBraMod,14000.0,4.0,True
PhysionetMI,66,37,1x,0.0,0.7007575757575758,0.696969696969697,0.7772727272727273,-0.0037878787878787,-0.0803030303030303,11.0,11.0,True,11.0,12.0,True,CBraMod,3000.0,1.0,True
PhysionetMI,66,37,2x,0.0,0.6590909090909092,0.6553030303030303,0.6719696969696971,-0.0037878787878788,-0.0166666666666668,11.0,11.0,True,11.0,12.0,True,CBraMod,6000.0,2.0,True
PhysionetMI,66,37,4x,0.0,0.6136363636363636,0.6098484848484849,0.6708333333333333,-0.0037878787878787,-0.0609848484848484,11.0,11.0,True,11.0,12.0,True,CBraMod,12000.0,4.0,True
PhysionetMI,66,53,1x,0.0,0.7462121212121212,0.8295454545454546,0.8526515151515153,0.0833333333333333,-0.0231060606060606,11.0,11.0,True,11.0,12.0,True,CBraMod,3000.0,1.0,True
PhysionetMI,66,53,2x,0.0,0.75,0.696969696969697,0.7954545454545455,-0.0530303030303029,-0.0984848484848485,11.0,11.0,True,11.0,12.0,True,CBraMod,6000.0,2.0,True
PhysionetMI,66,53,4x,0.0,0.8295454545454546,0.8295454545454546,0.8181818181818181,0.0,0.0113636363636364,11.0,11.0,True,11.0,12.0,True,CBraMod,12000.0,4.0,True
PhysionetMI,66,71,1x,0.0,0.8295454545454546,0.7840909090909092,0.8208333333333332,-0.0454545454545454,-0.036742424242424,11.0,11.0,True,11.0,12.0,True,CBraMod,3000.0,1.0,True
PhysionetMI,66,71,2x,0.0,0.7840909090909092,0.7386363636363636,0.8045454545454545,-0.0454545454545455,-0.0659090909090908,11.0,11.0,True,11.0,12.0,True,CBraMod,6000.0,2.0,True
PhysionetMI,66,71,4x,0.0,0.7840909090909092,0.6931818181818181,0.7712121212121212,-0.090909090909091,-0.0780303030303031,11.0,11.0,True,11.0,12.0,True,CBraMod,12000.0,4.0,True
PhysionetMI,67,11,1x,0.0,0.8333333333333333,0.875,0.7602272727272728,0.0416666666666667,0.1147727272727272,11.0,11.0,True,11.0,12.0,True,CBraMod,3000.0,1.0,True
PhysionetMI,67,11,2x,0.0,0.7916666666666667,0.8333333333333333,0.7454545454545455,0.0416666666666665,0.0878787878787877,11.0,11.0,True,11.0,12.0,True,CBraMod,6000.0,2.0,True
PhysionetMI,67,11,4x,0.0,0.7083333333333334,0.821969696969697,0.7416666666666667,0.1136363636363636,0.0803030303030303,11.0,11.0,True,11.0,12.0,True,CBraMod,12000.0,4.0,True
PhysionetMI,67,23,1x,0.0,0.7462121212121212,0.8712121212121212,0.7571969696969697,0.125,0.1140151515151515,11.0,11.0,True,11.0,12.0,True,CBraMod,3500.0,1.0,True
PhysionetMI,67,23,2x,0.0,0.75,0.7462121212121212,0.7541666666666668,-0.0037878787878787,-0.0079545454545455,11.0,11.0,True,11.0,12.0,True,CBraMod,7000.0,2.0,True
PhysionetMI,67,23,4x,0.0,0.7083333333333334,0.7878787878787878,0.681060606060606,0.0795454545454544,0.1068181818181818,11.0,11.0,True,11.0,12.0,True,CBraMod,14000.0,4.0,True
PhysionetMI,67,37,1x,0.0,0.75,0.7462121212121212,0.8007575757575758,-0.0037878787878787,-0.0545454545454545,11.0,11.0,True,11.0,12.0,True,CBraMod,3000.0,1.0,True
PhysionetMI,67,37,2x,0.0,0.7083333333333334,0.8333333333333333,0.7416666666666667,0.1249999999999998,0.0916666666666665,11.0,11.0,True,11.0,12.0,True,CBraMod,6000.0,2.0,True
PhysionetMI,67,37,4x,0.0,0.75,0.7462121212121212,0.7647727272727273,-0.0037878787878787,-0.018560606060606,11.0,11.0,True,11.0,12.0,True,CBraMod,12000.0,4.0,True
PhysionetMI,67,53,1x,0.0,0.7916666666666667,0.8712121212121212,0.8200757575757576,0.0795454545454544,0.0511363636363636,11.0,11.0,True,11.0,12.0,True,CBraMod,3000.0,1.0,True
PhysionetMI,67,53,2x,0.0,0.7916666666666667,0.9128787878787878,0.8121212121212121,0.1212121212121211,0.1007575757575757,11.0,11.0,True,11.0,12.0,True,CBraMod,6000.0,2.0,True
PhysionetMI,67,53,4x,0.0,0.7916666666666667,0.8333333333333333,0.8121212121212121,0.0416666666666665,0.0212121212121211,11.0,11.0,True,11.0,12.0,True,CBraMod,12000.0,4.0,True
PhysionetMI,67,71,1x,0.0,0.8333333333333333,0.9166666666666669,0.7950757575757577,0.0833333333333334,0.121590909090909,11.0,11.0,True,11.0,12.0,True,CBraMod,3000.0,1.0,True
PhysionetMI,67,71,2x,0.0,0.8333333333333333,0.8674242424242424,0.8075757575757576,0.0340909090909091,0.0598484848484848,11.0,11.0,True,11.0,12.0,True,CBraMod,6000.0,2.0,True
PhysionetMI,67,71,4x,0.0,0.7462121212121212,0.9090909090909092,0.771969696969697,0.1628787878787879,0.1371212121212122,11.0,11.0,True,11.0,12.0,True,CBraMod,12000.0,4.0,True
PhysionetMI,68,11,1x,2.0,0.7386363636363636,0.6136363636363636,0.6765151515151515,-0.125,-0.0628787878787878,11.0,11.0,True,11.0,12.0,True,CBraMod,5250.0,1.0,True
PhysionetMI,68,11,2x,2.0,0.6931818181818181,0.7007575757575758,0.6765151515151515,0.0075757575757576,0.0242424242424242,11.0,11.0,True,11.0,12.0,True,CBraMod,10500.0,2.0,True
PhysionetMI,68,11,4x,2.0,0.7386363636363636,0.7386363636363636,0.7397727272727272,0.0,-0.0011363636363636,11.0,11.0,True,11.0,12.0,True,CBraMod,21000.0,4.0,True
PhysionetMI,68,23,1x,2.0,0.7007575757575758,0.7386363636363636,0.6772727272727274,0.0378787878787878,0.0613636363636362,11.0,11.0,True,11.0,12.0,True,CBraMod,3250.0,1.0,True
PhysionetMI,68,23,2x,2.0,0.7840909090909092,0.6136363636363636,0.728409090909091,-0.1704545454545455,-0.1147727272727273,11.0,11.0,True,11.0,12.0,True,CBraMod,6500.0,2.0,True
PhysionetMI,68,23,4x,2.0,0.6590909090909092,0.6590909090909092,0.687878787878788,0.0,-0.0287878787878788,11.0,11.0,True,11.0,12.0,True,CBraMod,13000.0,4.0,True
PhysionetMI,68,37,1x,2.0,0.7424242424242424,0.7386363636363636,0.696969696969697,-0.0037878787878787,0.0416666666666666,11.0,11.0,True,11.0,12.0,True,CBraMod,3000.0,1.0,True
PhysionetMI,68,37,2x,2.0,0.7007575757575758,0.6553030303030303,0.6723484848484849,-0.0454545454545455,-0.0170454545454545,11.0,11.0,True,11.0,12.0,True,CBraMod,6000.0,2.0,True
PhysionetMI,68,37,4x,2.0,0.7424242424242424,0.7424242424242424,0.7151515151515152,0.0,0.0272727272727272,11.0,11.0,True,11.0,12.0,True,CBraMod,12000.0,4.0,True
PhysionetMI,68,53,1x,2.0,0.7840909090909092,0.7803030303030303,0.7465909090909091,-0.0037878787878788,0.0337121212121211,11.0,11.0,True,11.0,12.0,True,CBraMod,4000.0,1.0,True
PhysionetMI,68,53,2x,2.0,0.7424242424242424,0.7840909090909092,0.7291666666666667,0.0416666666666667,0.0549242424242424,11.0,11.0,True,11.0,12.0,True,CBraMod,8000.0,2.0,True
PhysionetMI,68,53,4x,2.0,0.7007575757575758,0.7803030303030303,0.7609848484848485,0.0795454545454544,0.0193181818181817,11.0,11.0,True,11.0,12.0,True,CBraMod,16000.0,4.0,True
PhysionetMI,68,71,1x,2.0,0.696969696969697,0.7386363636363636,0.6950757575757576,0.0416666666666666,0.043560606060606,11.0,11.0,True,11.0,12.0,True,CBraMod,3500.0,1.0,True
PhysionetMI,68,71,2x,2.0,0.7386363636363636,0.7386363636363636,0.753409090909091,0.0,-0.0147727272727273,11.0,11.0,True,11.0,12.0,True,CBraMod,7000.0,2.0,True
PhysionetMI,68,71,4x,2.0,0.7462121212121212,0.6590909090909092,0.7693181818181818,-0.087121212121212,-0.1102272727272726,11.0,11.0,True,11.0,12.0,True,CBraMod,14000.0,4.0,True
PhysionetMI,69,11,1x,3.0,0.8730769230769231,0.8730769230769231,0.8907692307692308,0.0,-0.0176923076923076,11.0,11.0,True,13.0,10.0,True,CBraMod,3000.0,1.0,True
PhysionetMI,69,11,2x,3.0,0.8730769230769231,0.9615384615384616,0.8907692307692308,0.0884615384615384,0.0707692307692308,11.0,11.0,True,13.0,10.0,True,CBraMod,6000.0,2.0,True
PhysionetMI,69,11,4x,3.0,0.9115384615384616,0.8,0.8792307692307691,-0.1115384615384615,-0.0792307692307691,11.0,11.0,True,13.0,10.0,True,CBraMod,12000.0,4.0,True
PhysionetMI,69,23,1x,3.0,0.8461538461538461,0.9230769230769232,0.8080769230769231,0.0769230769230769,0.1149999999999999,11.0,11.0,True,13.0,10.0,True,CBraMod,3000.0,1.0,True
PhysionetMI,69,23,2x,3.0,0.7615384615384615,0.8730769230769231,0.7830769230769231,0.1115384615384615,0.0899999999999999,11.0,11.0,True,13.0,10.0,True,CBraMod,6000.0,2.0,True
PhysionetMI,69,23,4x,3.0,0.7615384615384615,0.8115384615384615,0.7907692307692308,0.05,0.0207692307692307,11.0,11.0,True,13.0,10.0,True,CBraMod,12000.0,4.0,True
PhysionetMI,69,37,1x,3.0,0.7615384615384615,0.8730769230769231,0.7676923076923078,0.1115384615384615,0.1053846153846153,11.0,11.0,True,13.0,10.0,True,CBraMod,3000.0,1.0,True
PhysionetMI,69,37,2x,3.0,0.7115384615384616,0.9115384615384616,0.7703846153846154,0.2,0.1411538461538461,11.0,11.0,True,13.0,10.0,True,CBraMod,6000.0,2.0,True
PhysionetMI,69,37,4x,3.0,0.7230769230769231,0.823076923076923,0.7865384615384616,0.0999999999999999,0.0365384615384614,11.0,11.0,True,13.0,10.0,True,CBraMod,12000.0,4.0,True
PhysionetMI,69,53,1x,3.0,0.7615384615384615,0.85,0.8203846153846156,0.0884615384615384,0.0296153846153843,11.0,11.0,True,13.0,10.0,True,CBraMod,3750.0,1.0,True
PhysionetMI,69,53,2x,3.0,0.8615384615384616,0.9615384615384616,0.8761538461538463,0.0999999999999999,0.0853846153846152,11.0,11.0,True,13.0,10.0,True,CBraMod,7500.0,2.0,True
PhysionetMI,69,53,4x,3.0,0.8,0.9115384615384616,0.8376923076923077,0.1115384615384615,0.0738461538461539,11.0,11.0,True,13.0,10.0,True,CBraMod,15000.0,4.0,True
PhysionetMI,69,71,1x,3.0,0.8615384615384616,0.8615384615384616,0.8542307692307691,0.0,0.0073076923076924,11.0,11.0,True,13.0,10.0,True,CBraMod,3250.0,1.0,True
PhysionetMI,69,71,2x,3.0,0.8,0.9615384615384616,0.8607692307692307,0.1615384615384615,0.1007692307692308,11.0,11.0,True,13.0,10.0,True,CBraMod,6500.0,2.0,True
PhysionetMI,69,71,4x,3.0,0.8730769230769231,0.8346153846153846,0.8261538461538462,-0.0384615384615384,0.0084615384615384,11.0,11.0,True,13.0,10.0,True,CBraMod,13000.0,4.0,True
PhysionetMI,70,11,1x,4.0,0.9583333333333331,1.0,0.9708333333333332,0.0416666666666667,0.0291666666666667,10.0,12.0,True,12.0,11.0,True,CBraMod,3000.0,1.0,True
PhysionetMI,70,11,2x,4.0,1.0,1.0,0.9215909090909092,0.0,0.0784090909090908,10.0,12.0,True,12.0,11.0,True,CBraMod,6000.0,2.0,True
PhysionetMI,70,11,4x,4.0,1.0,0.9583333333333331,0.9356060606060608,-0.0416666666666667,0.0227272727272724,10.0,12.0,True,12.0,11.0,True,CBraMod,12000.0,4.0,True
PhysionetMI,70,23,1x,4.0,1.0,1.0,0.9829545454545456,0.0,0.0170454545454544,10.0,12.0,True,12.0,11.0,True,CBraMod,3500.0,1.0,True
PhysionetMI,70,23,2x,4.0,0.9545454545454546,0.9583333333333331,0.9594696969696972,0.0037878787878786,-0.0011363636363638,10.0,12.0,True,12.0,11.0,True,CBraMod,7000.0,2.0,True
PhysionetMI,70,23,4x,4.0,0.9128787878787878,0.9166666666666669,0.965530303030303,0.0037878787878788,-0.0488636363636362,10.0,12.0,True,12.0,11.0,True,CBraMod,14000.0,4.0,True
PhysionetMI,70,37,1x,4.0,0.9545454545454546,0.9583333333333331,0.968939393939394,0.0037878787878786,-0.0106060606060607,10.0,12.0,True,12.0,11.0,True,CBraMod,3000.0,1.0,True
PhysionetMI,70,37,2x,4.0,0.9545454545454546,0.9583333333333331,0.937878787878788,0.0037878787878786,0.0204545454545451,10.0,12.0,True,12.0,11.0,True,CBraMod,6000.0,2.0,True
PhysionetMI,70,37,4x,4.0,0.9545454545454546,0.9583333333333331,0.95,0.0037878787878786,0.0083333333333333,10.0,12.0,True,12.0,11.0,True,CBraMod,12000.0,4.0,True
PhysionetMI,70,53,1x,4.0,0.9583333333333331,0.9583333333333331,0.9829545454545456,0.0,-0.0246212121212122,10.0,12.0,True,12.0,11.0,True,CBraMod,3000.0,1.0,True
PhysionetMI,70,53,2x,4.0,0.9583333333333331,0.9583333333333331,0.974621212121212,0.0,-0.0162878787878788,10.0,12.0,True,12.0,11.0,True,CBraMod,6000.0,2.0,True
PhysionetMI,70,53,4x,4.0,0.9583333333333331,0.9166666666666669,0.974621212121212,-0.0416666666666665,-0.0579545454545453,10.0,12.0,True,12.0,11.0,True,CBraMod,12000.0,4.0,True
PhysionetMI,70,71,1x,4.0,1.0,0.875,0.9875,-0.125,-0.1125,10.0,12.0,True,12.0,11.0,True,CBraMod,3250.0,1.0,True
PhysionetMI,70,71,2x,4.0,0.9583333333333331,0.9583333333333331,0.956439393939394,0.0,0.0018939393939393,10.0,12.0,True,12.0,11.0,True,CBraMod,6500.0,2.0,True
PhysionetMI,70,71,4x,4.0,0.9583333333333331,0.9166666666666669,0.9359848484848486,-0.0416666666666665,-0.0193181818181819,10.0,12.0,True,12.0,11.0,True,CBraMod,13000.0,4.0,True
PhysionetMI,71,11,1x,1.0,0.9128787878787878,0.9583333333333331,0.9363636363636364,0.0454545454545454,0.0219696969696969,11.0,11.0,True,11.0,12.0,True,CBraMod,3000.0,1.0,True
PhysionetMI,71,11,2x,1.0,0.8674242424242424,0.9583333333333331,0.8700757575757576,0.0909090909090908,0.0882575757575756,11.0,11.0,True,11.0,12.0,True,CBraMod,6000.0,2.0,True
PhysionetMI,71,11,4x,1.0,0.9583333333333331,0.9583333333333331,0.9401515151515152,0.0,0.0181818181818181,11.0,11.0,True,11.0,12.0,True,CBraMod,12000.0,4.0,True
PhysionetMI,71,23,1x,1.0,0.8295454545454546,0.9166666666666669,0.8602272727272728,0.0871212121212121,0.0564393939393939,11.0,11.0,True,11.0,12.0,True,CBraMod,3000.0,1.0,True
PhysionetMI,71,23,2x,1.0,0.9166666666666669,0.875,0.8594696969696971,-0.0416666666666667,0.0155303030303028,11.0,11.0,True,11.0,12.0,True,CBraMod,6000.0,2.0,True
PhysionetMI,71,23,4x,1.0,0.9166666666666669,0.875,0.8723484848484848,-0.0416666666666667,0.0026515151515151,11.0,11.0,True,11.0,12.0,True,CBraMod,12000.0,4.0,True
PhysionetMI,71,37,1x,,,,,,,,,,,,,,,,False
PhysionetMI,71,37,2x,,,,,,,,,,,,,,,,False
PhysionetMI,71,37,4x,,,,,,,,,,,,,,,,False
PhysionetMI,71,53,1x,1.0,0.9583333333333331,0.9583333333333331,0.9140151515151516,0.0,0.0443181818181817,11.0,11.0,True,11.0,12.0,True,CBraMod,3000.0,1.0,True
PhysionetMI,71,53,2x,1.0,0.8674242424242424,0.8674242424242424,0.8969696969696969,0.0,-0.0295454545454544,11.0,11.0,True,11.0,12.0,True,CBraMod,6000.0,2.0,True
PhysionetMI,71,53,4x,1.0,0.8257575757575758,0.9166666666666669,0.793939393939394,0.0909090909090909,0.1227272727272728,11.0,11.0,True,11.0,12.0,True,CBraMod,12000.0,4.0,True
PhysionetMI,71,71,1x,1.0,0.8712121212121212,0.9583333333333331,0.8825757575757576,0.087121212121212,0.0757575757575756,11.0,11.0,True,11.0,12.0,True,CBraMod,3500.0,1.0,True
PhysionetMI,71,71,2x,1.0,0.8295454545454546,0.9128787878787878,0.8587121212121213,0.0833333333333332,0.0541666666666665,11.0,11.0,True,11.0,12.0,True,CBraMod,7000.0,2.0,True
PhysionetMI,71,71,4x,1.0,0.9166666666666669,0.9583333333333331,0.8776515151515151,0.0416666666666665,0.0806818181818181,11.0,11.0,True,11.0,12.0,True,CBraMod,14000.0,4.0,True
PhysionetMI,72,11,1x,4.0,1.0,1.0,0.9738636363636364,0.0,0.0261363636363636,11.0,11.0,True,11.0,12.0,True,CBraMod,3000.0,1.0,True
PhysionetMI,72,11,2x,4.0,1.0,1.0,0.9738636363636364,0.0,0.0261363636363635,11.0,11.0,True,11.0,12.0,True,CBraMod,6000.0,2.0,True
PhysionetMI,72,11,4x,4.0,0.9545454545454546,0.9583333333333331,0.9776515151515152,0.0037878787878786,-0.019318181818182,11.0,11.0,True,11.0,12.0,True,CBraMod,12000.0,4.0,True
PhysionetMI,72,23,1x,4.0,0.9545454545454546,1.0,0.9545454545454548,0.0454545454545454,0.0454545454545453,11.0,11.0,True,11.0,12.0,True,CBraMod,3500.0,1.0,True
PhysionetMI,72,23,2x,4.0,0.9545454545454546,1.0,0.9462121212121216,0.0454545454545454,0.0537878787878784,11.0,11.0,True,11.0,12.0,True,CBraMod,7000.0,2.0,True
PhysionetMI,72,23,4x,4.0,1.0,1.0,0.9776515151515152,0.0,0.0223484848484847,11.0,11.0,True,11.0,12.0,True,CBraMod,14000.0,4.0,True
PhysionetMI,72,37,1x,4.0,1.0,0.9545454545454546,0.9727272727272728,-0.0454545454545454,-0.0181818181818183,11.0,11.0,True,11.0,12.0,True,CBraMod,3000.0,1.0,True
PhysionetMI,72,37,2x,4.0,1.0,0.9090909090909092,0.9390151515151516,-0.0909090909090908,-0.0299242424242424,11.0,11.0,True,11.0,12.0,True,CBraMod,6000.0,2.0,True
PhysionetMI,72,37,4x,4.0,1.0,1.0,0.9568181818181818,0.0,0.0431818181818182,11.0,11.0,True,11.0,12.0,True,CBraMod,12000.0,4.0,True
PhysionetMI,72,53,1x,4.0,1.0,1.0,0.9833333333333334,0.0,0.0166666666666666,11.0,11.0,True,11.0,12.0,True,CBraMod,3000.0,1.0,True
PhysionetMI,72,53,2x,4.0,1.0,0.9545454545454546,0.990909090909091,-0.0454545454545454,-0.0363636363636363,11.0,11.0,True,11.0,12.0,True,CBraMod,6000.0,2.0,True
PhysionetMI,72,53,4x,4.0,1.0,1.0,0.987121212121212,0.0,0.0128787878787879,11.0,11.0,True,11.0,12.0,True,CBraMod,12000.0,4.0,True
PhysionetMI,72,71,1x,4.0,1.0,1.0,1.0,0.0,0.0,11.0,11.0,True,11.0,12.0,True,CBraMod,3250.0,1.0,True
PhysionetMI,72,71,2x,4.0,1.0,1.0,0.990909090909091,0.0,0.009090909090909,11.0,11.0,True,11.0,12.0,True,CBraMod,6500.0,2.0,True
PhysionetMI,72,71,4x,4.0,1.0,1.0,0.9731060606060604,0.0,0.0268939393939394,11.0,11.0,True,11.0,12.0,True,CBraMod,13000.0,4.0,True
PhysionetMI,73,11,1x,4.0,0.7007575757575758,0.8333333333333333,0.7227272727272729,0.1325757575757574,0.1106060606060603,11.0,11.0,True,12.0,11.0,True,CBraMod,3000.0,1.0,True
PhysionetMI,73,11,2x,4.0,0.7007575757575758,0.8295454545454546,0.7465909090909091,0.1287878787878787,0.0829545454545455,11.0,11.0,True,12.0,11.0,True,CBraMod,6000.0,2.0,True
PhysionetMI,73,11,4x,4.0,0.7424242424242424,0.875,0.7560606060606061,0.1325757575757575,0.1189393939393939,11.0,11.0,True,12.0,11.0,True,CBraMod,12000.0,4.0,True
PhysionetMI,73,23,1x,4.0,0.8333333333333333,0.7462121212121212,0.7901515151515152,-0.087121212121212,-0.0439393939393939,11.0,11.0,True,12.0,11.0,True,CBraMod,3500.0,1.0,True
PhysionetMI,73,23,2x,4.0,0.875,0.6931818181818181,0.7897727272727273,-0.1818181818181818,-0.0965909090909091,11.0,11.0,True,12.0,11.0,True,CBraMod,7000.0,2.0,True
PhysionetMI,73,23,4x,4.0,0.8712121212121212,0.9090909090909092,0.7829545454545455,0.0378787878787879,0.1261363636363637,11.0,11.0,True,12.0,11.0,True,CBraMod,14000.0,4.0,True
PhysionetMI,73,37,1x,4.0,0.8295454545454546,0.8295454545454546,0.7954545454545456,0.0,0.0340909090909089,11.0,11.0,True,12.0,11.0,True,CBraMod,3000.0,1.0,True
PhysionetMI,73,37,2x,4.0,0.731060606060606,0.8295454545454546,0.7928030303030302,0.0984848484848486,0.0367424242424243,11.0,11.0,True,12.0,11.0,True,CBraMod,6000.0,2.0,True
PhysionetMI,73,37,4x,4.0,0.7386363636363636,0.7386363636363636,0.7696969696969698,0.0,-0.0310606060606061,11.0,11.0,True,12.0,11.0,True,CBraMod,12000.0,4.0,True
PhysionetMI,73,53,1x,4.0,0.8257575757575758,0.8295454545454546,0.7806818181818183,0.0037878787878787,0.0488636363636363,11.0,11.0,True,12.0,11.0,True,CBraMod,3000.0,1.0,True
PhysionetMI,73,53,2x,4.0,0.8674242424242424,0.8257575757575758,0.7977272727272726,-0.0416666666666666,0.0280303030303031,11.0,11.0,True,12.0,11.0,True,CBraMod,6000.0,2.0,True
PhysionetMI,73,53,4x,4.0,0.875,0.8257575757575758,0.7715909090909092,-0.0492424242424242,0.0541666666666665,11.0,11.0,True,12.0,11.0,True,CBraMod,12000.0,4.0,True
PhysionetMI,73,71,1x,4.0,0.7803030303030303,0.7878787878787878,0.7806818181818181,0.0075757575757575,0.0071969696969697,11.0,11.0,True,12.0,11.0,True,CBraMod,3250.0,1.0,True
PhysionetMI,73,71,2x,4.0,0.7840909090909092,0.8295454545454546,0.7333333333333334,0.0454545454545454,0.0962121212121212,11.0,11.0,True,12.0,11.0,True,CBraMod,6500.0,2.0,True
PhysionetMI,73,71,4x,4.0,0.8295454545454546,0.8333333333333333,0.7416666666666667,0.0037878787878786,0.0916666666666665,11.0,11.0,True,12.0,11.0,True,CBraMod,13000.0,4.0,True
PhysionetMI,74,11,1x,0.0,0.7840909090909092,0.731060606060606,0.7916666666666667,-0.0530303030303032,-0.0606060606060607,12.0,10.0,True,12.0,11.0,True,CBraMod,3000.0,1.0,True
PhysionetMI,74,11,2x,0.0,0.6515151515151515,0.6931818181818181,0.7132575757575758,0.0416666666666666,-0.0200757575757576,12.0,10.0,True,12.0,11.0,True,CBraMod,6000.0,2.0,True
PhysionetMI,74,11,4x,0.0,0.696969696969697,0.821969696969697,0.728409090909091,0.125,0.093560606060606,12.0,10.0,True,12.0,11.0,True,CBraMod,12000.0,4.0,True
PhysionetMI,74,23,1x,0.0,0.7878787878787878,0.7348484848484849,0.7401515151515151,-0.0530303030303029,-0.0053030303030302,12.0,10.0,True,12.0,11.0,True,CBraMod,3500.0,1.0,True
PhysionetMI,74,23,2x,0.0,0.7840909090909092,0.7386363636363636,0.7579545454545455,-0.0454545454545455,-0.0193181818181819,12.0,10.0,True,12.0,11.0,True,CBraMod,7000.0,2.0,True
PhysionetMI,74,23,4x,0.0,0.696969696969697,0.7348484848484849,0.7253787878787878,0.0378787878787878,0.009469696969697,12.0,10.0,True,12.0,11.0,True,CBraMod,14000.0,4.0,True
PhysionetMI,74,37,1x,0.0,0.7803030303030303,0.7803030303030303,0.8,0.0,-0.0196969696969697,12.0,10.0,True,12.0,11.0,True,CBraMod,3000.0,1.0,True
PhysionetMI,74,37,2x,0.0,0.7803030303030303,0.7765151515151515,0.787121212121212,-0.0037878787878787,-0.0106060606060605,12.0,10.0,True,12.0,11.0,True,CBraMod,6000.0,2.0,True
PhysionetMI,74,37,4x,0.0,0.7803030303030303,0.731060606060606,0.7473484848484848,-0.0492424242424243,-0.0162878787878788,12.0,10.0,True,12.0,11.0,True,CBraMod,12000.0,4.0,True
PhysionetMI,74,53,1x,0.0,0.8257575757575758,0.7348484848484849,0.7606060606060606,-0.0909090909090909,-0.0257575757575757,12.0,10.0,True,12.0,11.0,True,CBraMod,3000.0,1.0,True
PhysionetMI,74,53,2x,0.0,0.7386363636363636,0.731060606060606,0.7234848484848485,-0.0075757575757576,0.0075757575757574,12.0,10.0,True,12.0,11.0,True,CBraMod,6000.0,2.0,True
PhysionetMI,74,53,4x,0.0,0.7386363636363636,0.7803030303030303,0.8018939393939395,0.0416666666666666,-0.0215909090909092,12.0,10.0,True,12.0,11.0,True,CBraMod,12000.0,4.0,True
PhysionetMI,74,71,1x,0.0,0.6590909090909092,0.7803030303030303,0.6636363636363637,0.1212121212121211,0.1166666666666665,12.0,10.0,True,12.0,11.0,True,CBraMod,3000.0,1.0,True
PhysionetMI,74,71,2x,0.0,0.7462121212121212,0.8257575757575758,0.7022727272727274,0.0795454545454545,0.1234848484848484,12.0,10.0,True,12.0,11.0,True,CBraMod,6000.0,2.0,True
PhysionetMI,74,71,4x,0.0,0.7916666666666667,0.6098484848484849,0.7000000000000001,-0.1818181818181818,-0.0901515151515152,12.0,10.0,True,12.0,11.0,True,CBraMod,12000.0,4.0,True
PhysionetMI,75,11,1x,2.0,0.7083333333333334,0.6628787878787878,0.6583333333333334,-0.0454545454545455,0.0045454545454544,11.0,11.0,True,11.0,12.0,True,CBraMod,5250.0,1.0,True
PhysionetMI,75,11,2x,2.0,0.7462121212121212,0.7462121212121212,0.6871212121212121,0.0,0.059090909090909,11.0,11.0,True,11.0,12.0,True,CBraMod,10500.0,2.0,True
PhysionetMI,75,11,4x,2.0,0.6553030303030303,0.6590909090909092,0.6488636363636363,0.0037878787878788,0.0102272727272728,11.0,11.0,True,11.0,12.0,True,CBraMod,21000.0,4.0,True
PhysionetMI,75,23,1x,2.0,0.7045454545454546,0.7045454545454546,0.678030303030303,0.0,0.0265151515151516,11.0,11.0,True,11.0,12.0,True,CBraMod,3250.0,1.0,True
PhysionetMI,75,23,2x,2.0,0.6174242424242424,0.6628787878787878,0.6693181818181817,0.0454545454545454,-0.0064393939393938,11.0,11.0,True,11.0,12.0,True,CBraMod,6500.0,2.0,True
PhysionetMI,75,23,4x,2.0,0.6174242424242424,0.7045454545454546,0.678409090909091,0.0871212121212121,0.0261363636363636,11.0,11.0,True,11.0,12.0,True,CBraMod,13000.0,4.0,True
PhysionetMI,75,37,1x,2.0,0.6590909090909092,0.6628787878787878,0.6905303030303032,0.0037878787878786,-0.0276515151515153,11.0,11.0,True,11.0,12.0,True,CBraMod,3000.0,1.0,True
PhysionetMI,75,37,2x,2.0,0.7045454545454546,0.6628787878787878,0.7117424242424242,-0.0416666666666667,-0.0488636363636363,11.0,11.0,True,11.0,12.0,True,CBraMod,6000.0,2.0,True
PhysionetMI,75,37,4x,2.0,0.7878787878787878,0.7083333333333334,0.7325757575757577,-0.0795454545454544,-0.0242424242424242,11.0,11.0,True,11.0,12.0,True,CBraMod,12000.0,4.0,True
PhysionetMI,75,53,1x,2.0,0.6174242424242424,0.7083333333333334,0.6666666666666667,0.0909090909090909,0.0416666666666666,11.0,11.0,True,11.0,12.0,True,CBraMod,4000.0,1.0,True
PhysionetMI,75,53,2x,2.0,0.7083333333333334,0.75,0.6806818181818182,0.0416666666666666,0.0693181818181818,11.0,11.0,True,11.0,12.0,True,CBraMod,8000.0,2.0,True
PhysionetMI,75,53,4x,2.0,0.7045454545454546,0.7878787878787878,0.725378787878788,0.0833333333333332,0.0624999999999998,11.0,11.0,True,11.0,12.0,True,CBraMod,16000.0,4.0,True
PhysionetMI,75,71,1x,2.0,0.7045454545454546,0.75,0.6950757575757576,0.0454545454545454,0.0549242424242424,11.0,11.0,True,11.0,12.0,True,CBraMod,3500.0,1.0,True
PhysionetMI,75,71,2x,2.0,0.7045454545454546,0.7083333333333334,0.7132575757575759,0.0037878787878787,-0.0049242424242424,11.0,11.0,True,11.0,12.0,True,CBraMod,7000.0,2.0,True
PhysionetMI,75,71,4x,2.0,0.7083333333333334,0.75,0.7329545454545454,0.0416666666666666,0.0170454545454545,11.0,11.0,True,11.0,12.0,True,CBraMod,14000.0,4.0,True
PhysionetMI,76,11,1x,2.0,0.6022727272727273,0.6022727272727273,0.6075757575757577,0.0,-0.0053030303030303,11.0,11.0,True,12.0,11.0,True,CBraMod,5250.0,1.0,True
PhysionetMI,76,11,2x,2.0,0.5606060606060606,0.4696969696969696,0.5651515151515152,-0.0909090909090908,-0.0954545454545455,11.0,11.0,True,12.0,11.0,True,CBraMod,10500.0,2.0,True
PhysionetMI,76,11,4x,2.0,0.6477272727272727,0.5984848484848485,0.6768939393939395,-0.0492424242424242,-0.0784090909090909,11.0,11.0,True,12.0,11.0,True,CBraMod,21000.0,4.0,True
PhysionetMI,76,23,1x,2.0,0.5189393939393939,0.6022727272727273,0.5893939393939394,0.0833333333333333,0.0128787878787879,11.0,11.0,True,12.0,11.0,True,CBraMod,3250.0,1.0,True
PhysionetMI,76,23,2x,2.0,0.5606060606060606,0.5151515151515151,0.5829545454545455,-0.0454545454545454,-0.0678030303030303,11.0,11.0,True,12.0,11.0,True,CBraMod,6500.0,2.0,True
PhysionetMI,76,23,4x,2.0,0.5606060606060606,0.606060606060606,0.5825757575757576,0.0454545454545454,0.0234848484848483,11.0,11.0,True,12.0,11.0,True,CBraMod,13000.0,4.0,True
PhysionetMI,76,37,1x,2.0,0.5151515151515151,0.5113636363636364,0.543560606060606,-0.0037878787878787,-0.0321969696969696,11.0,11.0,True,12.0,11.0,True,CBraMod,3000.0,1.0,True
PhysionetMI,76,37,2x,2.0,0.5606060606060606,0.5151515151515151,0.5818181818181818,-0.0454545454545454,-0.0666666666666666,11.0,11.0,True,12.0,11.0,True,CBraMod,6000.0,2.0,True
PhysionetMI,76,37,4x,2.0,0.6098484848484849,0.5189393939393939,0.5636363636363636,-0.0909090909090909,-0.0446969696969696,11.0,11.0,True,12.0,11.0,True,CBraMod,12000.0,4.0,True
PhysionetMI,76,53,1x,2.0,0.5643939393939394,0.4696969696969696,0.5712121212121212,-0.0946969696969697,-0.1015151515151515,11.0,11.0,True,12.0,11.0,True,CBraMod,4000.0,1.0,True
PhysionetMI,76,53,2x,2.0,0.606060606060606,0.5189393939393939,0.6257575757575756,-0.087121212121212,-0.1068181818181817,11.0,11.0,True,12.0,11.0,True,CBraMod,8000.0,2.0,True
PhysionetMI,76,53,4x,2.0,0.5151515151515151,0.4242424242424242,0.5556818181818183,-0.0909090909090909,-0.131439393939394,11.0,11.0,True,12.0,11.0,True,CBraMod,16000.0,4.0,True
PhysionetMI,76,71,1x,2.0,0.5606060606060606,0.4242424242424242,0.5821969696969695,-0.1363636363636363,-0.1579545454545453,11.0,11.0,True,12.0,11.0,True,CBraMod,3500.0,1.0,True
PhysionetMI,76,71,2x,2.0,0.5151515151515151,0.5151515151515151,0.5242424242424242,0.0,-0.009090909090909,11.0,11.0,True,12.0,11.0,True,CBraMod,7000.0,2.0,True
PhysionetMI,76,71,4x,2.0,0.5606060606060606,0.5606060606060606,0.5833333333333333,0.0,-0.0227272727272727,11.0,11.0,True,12.0,11.0,True,CBraMod,14000.0,4.0,True
PhysionetMI,77,11,1x,3.0,0.5151515151515151,0.696969696969697,0.5700757575757576,0.1818181818181818,0.1268939393939394,10.0,12.0,True,11.0,12.0,True,CBraMod,3000.0,1.0,True
PhysionetMI,77,11,2x,3.0,0.6022727272727273,0.6022727272727273,0.5916666666666666,0.0,0.0106060606060607,10.0,12.0,True,11.0,12.0,True,CBraMod,6000.0,2.0,True
PhysionetMI,77,11,4x,3.0,0.553030303030303,0.6931818181818181,0.6204545454545454,0.1401515151515151,0.0727272727272727,10.0,12.0,True,11.0,12.0,True,CBraMod,12000.0,4.0,True
PhysionetMI,77,23,1x,3.0,0.5568181818181819,0.606060606060606,0.6310606060606061,0.049242424242424,-0.0250000000000001,10.0,12.0,True,11.0,12.0,True,CBraMod,3000.0,1.0,True
PhysionetMI,77,23,2x,3.0,0.6931818181818181,0.7878787878787878,0.6253787878787879,0.0946969696969697,0.1624999999999999,10.0,12.0,True,11.0,12.0,True,CBraMod,6000.0,2.0,True
PhysionetMI,77,23,4x,3.0,0.6477272727272727,0.7386363636363636,0.6253787878787879,0.0909090909090909,0.1132575757575757,10.0,12.0,True,11.0,12.0,True,CBraMod,12000.0,4.0,True
PhysionetMI,77,37,1x,3.0,0.606060606060606,0.5568181818181819,0.6075757575757575,-0.049242424242424,-0.0507575757575756,10.0,12.0,True,11.0,12.0,True,CBraMod,3000.0,1.0,True
PhysionetMI,77,37,2x,3.0,0.4734848484848485,0.6136363636363636,0.5522727272727272,0.1401515151515151,0.0613636363636364,10.0,12.0,True,11.0,12.0,True,CBraMod,6000.0,2.0,True
PhysionetMI,77,37,4x,3.0,0.6022727272727273,0.6931818181818181,0.6375000000000001,0.0909090909090908,0.055681818181818,10.0,12.0,True,11.0,12.0,True,CBraMod,12000.0,4.0,True
PhysionetMI,77,53,1x,3.0,0.6931818181818181,0.6553030303030303,0.6458333333333333,-0.0378787878787878,0.009469696969697,10.0,12.0,True,11.0,12.0,True,CBraMod,3750.0,1.0,True
PhysionetMI,77,53,2x,3.0,0.6022727272727273,0.7424242424242424,0.6428030303030303,0.1401515151515151,0.0996212121212121,10.0,12.0,True,11.0,12.0,True,CBraMod,7500.0,2.0,True
PhysionetMI,77,53,4x,3.0,0.6477272727272727,0.7840909090909092,0.6545454545454547,0.1363636363636364,0.1295454545454545,10.0,12.0,True,11.0,12.0,True,CBraMod,15000.0,4.0,True
PhysionetMI,77,71,1x,3.0,0.6022727272727273,0.6022727272727273,0.6113636363636364,0.0,-0.0090909090909091,10.0,12.0,True,11.0,12.0,True,CBraMod,3250.0,1.0,True
PhysionetMI,77,71,2x,3.0,0.6477272727272727,0.6515151515151515,0.6196969696969696,0.0037878787878787,0.0318181818181818,10.0,12.0,True,11.0,12.0,True,CBraMod,6500.0,2.0,True
PhysionetMI,77,71,4x,3.0,0.5151515151515151,0.696969696969697,0.609469696969697,0.1818181818181818,0.0875,10.0,12.0,True,11.0,12.0,True,CBraMod,13000.0,4.0,True
PhysionetMI,78,11,1x,3.0,0.571969696969697,0.571969696969697,0.4189393939393939,0.0,0.153030303030303,11.0,11.0,True,12.0,11.0,True,CBraMod,3000.0,1.0,True
PhysionetMI,78,11,2x,3.0,0.6136363636363636,0.4886363636363636,0.493560606060606,-0.125,-0.0049242424242423,11.0,11.0,True,12.0,11.0,True,CBraMod,6000.0,2.0,True
PhysionetMI,78,11,4x,3.0,0.3371212121212121,0.4810606060606061,0.468560606060606,0.1439393939393939,0.0125,11.0,11.0,True,12.0,11.0,True,CBraMod,12000.0,4.0,True
PhysionetMI,78,23,1x,3.0,0.6628787878787878,0.6136363636363636,0.6458333333333334,-0.0492424242424242,-0.0321969696969697,11.0,11.0,True,12.0,11.0,True,CBraMod,3000.0,1.0,True
PhysionetMI,78,23,2x,3.0,0.5189393939393939,0.4318181818181818,0.5602272727272727,-0.0871212121212121,-0.1284090909090908,11.0,11.0,True,12.0,11.0,True,CBraMod,6000.0,2.0,True
PhysionetMI,78,23,4x,3.0,0.5643939393939394,0.5189393939393939,0.593939393939394,-0.0454545454545455,-0.075,11.0,11.0,True,12.0,11.0,True,CBraMod,12000.0,4.0,True
PhysionetMI,78,37,1x,3.0,0.5189393939393939,0.3901515151515151,0.5897727272727271,-0.1287878787878787,-0.1996212121212119,11.0,11.0,True,12.0,11.0,True,CBraMod,3000.0,1.0,True
PhysionetMI,78,37,2x,3.0,0.3863636363636363,0.3863636363636363,0.5473484848484849,0.0,-0.1609848484848485,11.0,11.0,True,12.0,11.0,True,CBraMod,6000.0,2.0,True
PhysionetMI,78,37,4x,3.0,0.5643939393939394,0.4318181818181818,0.587121212121212,-0.1325757575757576,-0.1553030303030302,11.0,11.0,True,12.0,11.0,True,CBraMod,12000.0,4.0,True
PhysionetMI,78,53,1x,3.0,0.4772727272727273,0.4356060606060606,0.5174242424242423,-0.0416666666666666,-0.0818181818181817,11.0,11.0,True,12.0,11.0,True,CBraMod,3750.0,1.0,True
PhysionetMI,78,53,2x,3.0,0.3901515151515151,0.3371212121212121,0.4333333333333333,-0.0530303030303029,-0.0962121212121211,11.0,11.0,True,12.0,11.0,True,CBraMod,7500.0,2.0,True
PhysionetMI,78,53,4x,3.0,0.571969696969697,0.5681818181818181,0.5022727272727272,-0.0037878787878788,0.0659090909090909,11.0,11.0,True,12.0,11.0,True,CBraMod,15000.0,4.0,True
PhysionetMI,78,71,1x,3.0,0.7424242424242424,0.6098484848484849,0.6068181818181819,-0.1325757575757575,0.0030303030303029,11.0,11.0,True,12.0,11.0,True,CBraMod,3250.0,1.0,True
PhysionetMI,78,71,2x,3.0,0.5151515151515151,0.3901515151515151,0.4772727272727273,-0.125,-0.0871212121212122,11.0,11.0,True,12.0,11.0,True,CBraMod,6500.0,2.0,True
PhysionetMI,78,71,4x,3.0,0.5681818181818181,0.5189393939393939,0.5613636363636363,-0.0492424242424242,-0.0424242424242423,11.0,11.0,True,12.0,11.0,True,CBraMod,13000.0,4.0,True
PhysionetMI,79,11,1x,1.0,0.7007575757575758,0.6590909090909092,0.7310606060606062,-0.0416666666666666,-0.071969696969697,11.0,11.0,True,11.0,12.0,True,CBraMod,3000.0,1.0,True
PhysionetMI,79,11,2x,1.0,0.7007575757575758,0.7424242424242424,0.756439393939394,0.0416666666666666,-0.0140151515151515,11.0,11.0,True,11.0,12.0,True,CBraMod,6000.0,2.0,True
PhysionetMI,79,11,4x,1.0,0.7840909090909092,0.7386363636363636,0.7526515151515152,-0.0454545454545455,-0.0140151515151515,11.0,11.0,True,11.0,12.0,True,CBraMod,12000.0,4.0,True
PhysionetMI,79,23,1x,1.0,0.7424242424242424,0.7424242424242424,0.7431818181818182,0.0,-0.0007575757575757,11.0,11.0,True,11.0,12.0,True,CBraMod,3000.0,1.0,True
PhysionetMI,79,23,2x,1.0,0.7424242424242424,0.696969696969697,0.7337121212121213,-0.0454545454545454,-0.0367424242424242,11.0,11.0,True,11.0,12.0,True,CBraMod,6000.0,2.0,True
PhysionetMI,79,23,4x,1.0,0.7878787878787878,0.7878787878787878,0.7609848484848485,0.0,0.0268939393939393,11.0,11.0,True,11.0,12.0,True,CBraMod,12000.0,4.0,True
PhysionetMI,79,37,1x,,,,,,,,,,,,,,,,False
PhysionetMI,79,37,2x,,,,,,,,,,,,,,,,False
PhysionetMI,79,37,4x,,,,,,,,,,,,,,,,False
PhysionetMI,79,53,1x,1.0,0.7424242424242424,0.7840909090909092,0.7469696969696971,0.0416666666666667,0.0371212121212121,11.0,11.0,True,11.0,12.0,True,CBraMod,3000.0,1.0,True
PhysionetMI,79,53,2x,1.0,0.7840909090909092,0.7840909090909092,0.7799242424242425,0.0,0.0041666666666666,11.0,11.0,True,11.0,12.0,True,CBraMod,6000.0,2.0,True
PhysionetMI,79,53,4x,1.0,0.7007575757575758,0.6515151515151515,0.7291666666666667,-0.0492424242424243,-0.0776515151515152,11.0,11.0,True,11.0,12.0,True,CBraMod,12000.0,4.0,True
PhysionetMI,79,71,1x,1.0,0.7840909090909092,0.8295454545454546,0.7647727272727273,0.0454545454545454,0.0647727272727273,11.0,11.0,True,11.0,12.0,True,CBraMod,3500.0,1.0,True
PhysionetMI,79,71,2x,1.0,0.6590909090909092,0.7878787878787878,0.6886363636363637,0.1287878787878786,0.0992424242424241,11.0,11.0,True,11.0,12.0,True,CBraMod,7000.0,2.0,True
PhysionetMI,79,71,4x,1.0,0.8295454545454546,0.8295454545454546,0.8162878787878789,0.0,0.0132575757575756,11.0,11.0,True,11.0,12.0,True,CBraMod,14000.0,4.0,True
PhysionetMI,80,11,1x,3.0,0.7961538461538462,0.8346153846153846,0.7865384615384615,0.0384615384615384,0.0480769230769231,10.0,12.0,True,13.0,10.0,True,CBraMod,3000.0,1.0,True
PhysionetMI,80,11,2x,3.0,0.6307692307692307,0.8076923076923077,0.6853846153846155,0.1769230769230769,0.1223076923076922,10.0,12.0,True,13.0,10.0,True,CBraMod,6000.0,2.0,True
PhysionetMI,80,11,4x,3.0,0.7846153846153847,0.8461538461538461,0.8007692307692306,0.0615384615384614,0.0453846153846155,10.0,12.0,True,13.0,10.0,True,CBraMod,12000.0,4.0,True
PhysionetMI,80,23,1x,3.0,0.7692307692307692,0.8461538461538461,0.8242307692307692,0.0769230769230769,0.0219230769230769,10.0,12.0,True,13.0,10.0,True,CBraMod,3000.0,1.0,True
PhysionetMI,80,23,2x,3.0,0.7961538461538462,0.9115384615384616,0.8169230769230769,0.1153846153846154,0.0946153846153847,10.0,12.0,True,13.0,10.0,True,CBraMod,6000.0,2.0,True
PhysionetMI,80,23,4x,3.0,0.823076923076923,0.8076923076923077,0.8399999999999999,-0.0153846153846153,-0.0323076923076921,10.0,12.0,True,13.0,10.0,True,CBraMod,12000.0,4.0,True
PhysionetMI,80,37,1x,3.0,0.8730769230769231,0.8846153846153846,0.8423076923076923,0.0115384615384614,0.0423076923076922,10.0,12.0,True,13.0,10.0,True,CBraMod,3000.0,1.0,True
PhysionetMI,80,37,2x,3.0,0.7846153846153847,0.8846153846153846,0.8073076923076922,0.0999999999999998,0.0773076923076924,10.0,12.0,True,13.0,10.0,True,CBraMod,6000.0,2.0,True
PhysionetMI,80,37,4x,3.0,0.8730769230769231,0.8846153846153846,0.8196153846153846,0.0115384615384614,0.0649999999999999,10.0,12.0,True,13.0,10.0,True,CBraMod,12000.0,4.0,True
PhysionetMI,80,53,1x,3.0,0.7461538461538462,0.8076923076923077,0.7934615384615384,0.0615384615384615,0.0142307692307692,10.0,12.0,True,13.0,10.0,True,CBraMod,3750.0,1.0,True
PhysionetMI,80,53,2x,3.0,0.7961538461538462,0.8346153846153846,0.7919230769230768,0.0384615384615384,0.0426923076923078,10.0,12.0,True,13.0,10.0,True,CBraMod,7500.0,2.0,True
PhysionetMI,80,53,4x,3.0,0.7961538461538462,0.8076923076923077,0.7557692307692309,0.0115384615384614,0.0519230769230768,10.0,12.0,True,13.0,10.0,True,CBraMod,15000.0,4.0,True
PhysionetMI,80,71,1x,3.0,0.7961538461538462,0.8346153846153846,0.8307692307692308,0.0384615384615384,0.0038461538461538,10.0,12.0,True,13.0,10.0,True,CBraMod,3250.0,1.0,True
PhysionetMI,80,71,2x,3.0,0.8461538461538461,0.8115384615384615,0.8076923076923077,-0.0346153846153846,0.0038461538461538,10.0,12.0,True,13.0,10.0,True,CBraMod,6500.0,2.0,True
PhysionetMI,80,71,4x,3.0,0.7846153846153847,0.8846153846153846,0.7988461538461539,0.0999999999999998,0.0857692307692307,10.0,12.0,True,13.0,10.0,True,CBraMod,13000.0,4.0,True
PhysionetMI,81,11,1x,1.0,0.8712121212121212,0.875,0.8356060606060606,0.0037878787878787,0.0393939393939394,10.0,12.0,True,12.0,11.0,True,CBraMod,3000.0,1.0,True
PhysionetMI,81,11,2x,1.0,0.8257575757575758,0.7878787878787878,0.7587121212121212,-0.0378787878787879,0.0291666666666666,10.0,12.0,True,12.0,11.0,True,CBraMod,6000.0,2.0,True
PhysionetMI,81,11,4x,1.0,0.875,0.8333333333333333,0.8140151515151516,-0.0416666666666667,0.0193181818181816,10.0,12.0,True,12.0,11.0,True,CBraMod,12000.0,4.0,True
PhysionetMI,81,23,1x,1.0,0.9166666666666669,0.9166666666666669,0.9166666666666666,0.0,1.1102230246251563e-16,10.0,12.0,True,12.0,11.0,True,CBraMod,3000.0,1.0,True
PhysionetMI,81,23,2x,1.0,0.8712121212121212,0.8712121212121212,0.8810606060606061,0.0,-0.0098484848484848,10.0,12.0,True,12.0,11.0,True,CBraMod,6000.0,2.0,True
PhysionetMI,81,23,4x,1.0,0.8712121212121212,0.9166666666666669,0.8746212121212121,0.0454545454545455,0.0420454545454546,10.0,12.0,True,12.0,11.0,True,CBraMod,12000.0,4.0,True
PhysionetMI,81,37,1x,,,,,,,,,,,,,,,,False
PhysionetMI,81,37,2x,,,,,,,,,,,,,,,,False
PhysionetMI,81,37,4x,,,,,,,,,,,,,,,,False
PhysionetMI,81,53,1x,1.0,0.8295454545454546,0.875,0.8481060606060605,0.0454545454545454,0.0268939393939394,10.0,12.0,True,12.0,11.0,True,CBraMod,3000.0,1.0,True
PhysionetMI,81,53,2x,1.0,0.9583333333333331,0.875,0.8484848484848484,-0.0833333333333332,0.0265151515151516,10.0,12.0,True,12.0,11.0,True,CBraMod,6000.0,2.0,True
PhysionetMI,81,53,4x,1.0,0.8712121212121212,0.8712121212121212,0.8333333333333334,0.0,0.0378787878787878,10.0,12.0,True,12.0,11.0,True,CBraMod,12000.0,4.0,True
PhysionetMI,81,71,1x,1.0,0.8712121212121212,0.9166666666666669,0.8458333333333334,0.0454545454545455,0.0708333333333333,10.0,12.0,True,12.0,11.0,True,CBraMod,3500.0,1.0,True
PhysionetMI,81,71,2x,1.0,0.8712121212121212,0.8712121212121212,0.852651515151515,0.0,0.0185606060606061,10.0,12.0,True,12.0,11.0,True,CBraMod,7000.0,2.0,True
PhysionetMI,81,71,4x,1.0,0.8712121212121212,0.9166666666666669,0.9007575757575756,0.0454545454545455,0.015909090909091,10.0,12.0,True,12.0,11.0,True,CBraMod,14000.0,4.0,True
PhysionetMI,82,11,1x,0.0,0.8257575757575758,0.9545454545454546,0.9075757575757576,0.1287878787878787,0.0469696969696969,11.0,11.0,True,12.0,11.0,True,CBraMod,3000.0,1.0,True
PhysionetMI,82,11,2x,0.0,0.8295454545454546,0.8712121212121212,0.8753787878787879,0.0416666666666666,-0.0041666666666666,11.0,11.0,True,12.0,11.0,True,CBraMod,6000.0,2.0,True
PhysionetMI,82,11,4x,0.0,0.8257575757575758,0.8257575757575758,0.8246212121212121,0.0,0.0011363636363637,11.0,11.0,True,12.0,11.0,True,CBraMod,12000.0,4.0,True
PhysionetMI,82,23,1x,0.0,0.9128787878787878,0.9545454545454546,0.8204545454545455,0.0416666666666667,0.134090909090909,11.0,11.0,True,12.0,11.0,True,CBraMod,3500.0,1.0,True
PhysionetMI,82,23,2x,0.0,0.8295454545454546,0.8674242424242424,0.8488636363636364,0.0378787878787878,0.018560606060606,11.0,11.0,True,12.0,11.0,True,CBraMod,7000.0,2.0,True
PhysionetMI,82,23,4x,0.0,0.9128787878787878,0.9545454545454546,0.9045454545454544,0.0416666666666667,0.05,11.0,11.0,True,12.0,11.0,True,CBraMod,14000.0,4.0,True
PhysionetMI,82,37,1x,0.0,0.7878787878787878,0.7840909090909092,0.8545454545454545,-0.0037878787878786,-0.0704545454545453,11.0,11.0,True,12.0,11.0,True,CBraMod,3000.0,1.0,True
PhysionetMI,82,37,2x,0.0,0.7878787878787878,0.8257575757575758,0.7412878787878789,0.0378787878787879,0.0844696969696968,11.0,11.0,True,12.0,11.0,True,CBraMod,6000.0,2.0,True
PhysionetMI,82,37,4x,0.0,0.7045454545454546,0.9545454545454546,0.759469696969697,0.25,0.1950757575757575,11.0,11.0,True,12.0,11.0,True,CBraMod,12000.0,4.0,True
PhysionetMI,82,53,1x,0.0,0.8257575757575758,0.9090909090909092,0.8772727272727273,0.0833333333333333,0.0318181818181818,11.0,11.0,True,12.0,11.0,True,CBraMod,3000.0,1.0,True
PhysionetMI,82,53,2x,0.0,0.9128787878787878,0.9545454545454546,0.8787878787878789,0.0416666666666667,0.0757575757575756,11.0,11.0,True,12.0,11.0,True,CBraMod,6000.0,2.0,True
PhysionetMI,82,53,4x,0.0,0.9128787878787878,0.8674242424242424,0.865909090909091,-0.0454545454545454,0.0015151515151514,11.0,11.0,True,12.0,11.0,True,CBraMod,12000.0,4.0,True
PhysionetMI,82,71,1x,0.0,0.7878787878787878,0.8674242424242424,0.8412878787878789,0.0795454545454545,0.0261363636363635,11.0,11.0,True,12.0,11.0,True,CBraMod,3000.0,1.0,True
PhysionetMI,82,71,2x,0.0,0.8295454545454546,0.8257575757575758,0.8367424242424242,-0.0037878787878787,-0.0109848484848483,11.0,11.0,True,12.0,11.0,True,CBraMod,6000.0,2.0,True
PhysionetMI,82,71,4x,0.0,0.8295454545454546,0.8257575757575758,0.8125,-0.0037878787878787,0.0132575757575758,11.0,11.0,True,12.0,11.0,True,CBraMod,12000.0,4.0,True
PhysionetMI,83,11,1x,3.0,0.6846153846153846,0.7192307692307692,0.675,0.0346153846153846,0.0442307692307691,12.0,10.0,True,10.0,13.0,True,CBraMod,3000.0,1.0,True
PhysionetMI,83,11,2x,3.0,0.7846153846153847,0.7192307692307692,0.7192307692307692,-0.0653846153846154,0.0,12.0,10.0,True,10.0,13.0,True,CBraMod,6000.0,2.0,True
PhysionetMI,83,11,4x,3.0,0.7846153846153847,0.6807692307692308,0.736923076923077,-0.1038461538461539,-0.0561538461538462,12.0,10.0,True,10.0,13.0,True,CBraMod,12000.0,4.0,True
PhysionetMI,83,23,1x,3.0,0.6115384615384616,0.7346153846153847,0.675,0.123076923076923,0.0596153846153846,12.0,10.0,True,10.0,13.0,True,CBraMod,3000.0,1.0,True
PhysionetMI,83,23,2x,3.0,0.7846153846153847,0.7961538461538462,0.6930769230769231,0.0115384615384614,0.103076923076923,12.0,10.0,True,10.0,13.0,True,CBraMod,6000.0,2.0,True
PhysionetMI,83,23,4x,3.0,0.6846153846153846,0.7192307692307692,0.7015384615384616,0.0346153846153846,0.0176923076923076,12.0,10.0,True,10.0,13.0,True,CBraMod,12000.0,4.0,True
PhysionetMI,83,37,1x,3.0,0.8076923076923077,0.7307692307692308,0.7203846153846155,-0.0769230769230768,0.0103846153846153,12.0,10.0,True,10.0,13.0,True,CBraMod,3000.0,1.0,True
PhysionetMI,83,37,2x,3.0,0.7961538461538462,0.7576923076923077,0.7403846153846154,-0.0384615384615385,0.0173076923076922,12.0,10.0,True,10.0,13.0,True,CBraMod,6000.0,2.0,True
PhysionetMI,83,37,4x,3.0,0.7846153846153847,0.8076923076923077,0.7323076923076923,0.0230769230769229,0.0753846153846153,12.0,10.0,True,10.0,13.0,True,CBraMod,12000.0,4.0,True
PhysionetMI,83,53,1x,3.0,0.6346153846153846,0.773076923076923,0.6326923076923077,0.1384615384615384,0.1403846153846153,12.0,10.0,True,10.0,13.0,True,CBraMod,3750.0,1.0,True
PhysionetMI,83,53,2x,3.0,0.6730769230769231,0.8,0.6857692307692307,0.1269230769230769,0.1142307692307693,12.0,10.0,True,10.0,13.0,True,CBraMod,7500.0,2.0,True
PhysionetMI,83,53,4x,3.0,0.7576923076923077,0.6692307692307693,0.7326923076923076,-0.0884615384615383,-0.0634615384615383,12.0,10.0,True,10.0,13.0,True,CBraMod,15000.0,4.0,True
PhysionetMI,83,71,1x,3.0,0.7576923076923077,0.7576923076923077,0.7526923076923077,0.0,0.005,12.0,10.0,True,10.0,13.0,True,CBraMod,3250.0,1.0,True
PhysionetMI,83,71,2x,3.0,0.8076923076923077,0.7192307692307692,0.6784615384615386,-0.0884615384615384,0.0407692307692306,12.0,10.0,True,10.0,13.0,True,CBraMod,6500.0,2.0,True
PhysionetMI,83,71,4x,3.0,0.8346153846153846,0.7461538461538462,0.7834615384615384,-0.0884615384615384,-0.0373076923076922,12.0,10.0,True,10.0,13.0,True,CBraMod,13000.0,4.0,True
PhysionetMI,84,11,1x,1.0,0.9128787878787878,0.821969696969697,0.8806818181818181,-0.0909090909090908,-0.0587121212121211,11.0,11.0,True,12.0,11.0,True,CBraMod,3000.0,1.0,True
PhysionetMI,84,11,2x,1.0,0.8333333333333333,0.875,0.8295454545454545,0.0416666666666667,0.0454545454545455,11.0,11.0,True,12.0,11.0,True,CBraMod,6000.0,2.0,True
PhysionetMI,84,11,4x,1.0,0.7878787878787878,0.9545454545454546,0.7776515151515152,0.1666666666666667,0.1768939393939393,11.0,11.0,True,12.0,11.0,True,CBraMod,12000.0,4.0,True
PhysionetMI,84,23,1x,1.0,0.7916666666666667,0.8257575757575758,0.7825757575757577,0.034090909090909,0.0431818181818181,11.0,11.0,True,12.0,11.0,True,CBraMod,3000.0,1.0,True
PhysionetMI,84,23,2x,1.0,0.8712121212121212,0.7878787878787878,0.8401515151515152,-0.0833333333333333,-0.0522727272727273,11.0,11.0,True,12.0,11.0,True,CBraMod,6000.0,2.0,True
PhysionetMI,84,23,4x,1.0,0.7803030303030303,0.8257575757575758,0.7825757575757575,0.0454545454545455,0.0431818181818183,11.0,11.0,True,12.0,11.0,True,CBraMod,12000.0,4.0,True
PhysionetMI,84,37,1x,,,,,,,,,,,,,,,,False
PhysionetMI,84,37,2x,,,,,,,,,,,,,,,,False
PhysionetMI,84,37,4x,,,,,,,,,,,,,,,,False
PhysionetMI,84,53,1x,1.0,0.875,0.8257575757575758,0.8738636363636363,-0.0492424242424242,-0.0481060606060604,11.0,11.0,True,12.0,11.0,True,CBraMod,3000.0,1.0,True
PhysionetMI,84,53,2x,1.0,0.875,0.7803030303030303,0.7977272727272728,-0.0946969696969697,-0.0174242424242425,11.0,11.0,True,12.0,11.0,True,CBraMod,6000.0,2.0,True
PhysionetMI,84,53,4x,1.0,0.9583333333333331,0.7765151515151515,0.8958333333333334,-0.1818181818181817,-0.1193181818181818,11.0,11.0,True,12.0,11.0,True,CBraMod,12000.0,4.0,True
PhysionetMI,84,71,1x,1.0,0.7878787878787878,0.8674242424242424,0.7556818181818183,0.0795454545454545,0.111742424242424,11.0,11.0,True,12.0,11.0,True,CBraMod,3500.0,1.0,True
PhysionetMI,84,71,2x,1.0,0.8712121212121212,0.9090909090909092,0.8128787878787879,0.0378787878787879,0.0962121212121213,11.0,11.0,True,12.0,11.0,True,CBraMod,7000.0,2.0,True
PhysionetMI,84,71,4x,1.0,0.8333333333333333,0.9583333333333331,0.8125,0.125,0.1458333333333332,11.0,11.0,True,12.0,11.0,True,CBraMod,14000.0,4.0,True
PhysionetMI,85,11,1x,2.0,0.8257575757575758,0.9166666666666669,0.7965909090909091,0.0909090909090909,0.1200757575757576,11.0,11.0,True,12.0,11.0,True,CBraMod,5250.0,1.0,True
PhysionetMI,85,11,2x,2.0,0.875,0.9166666666666669,0.7958333333333334,0.0416666666666667,0.1208333333333333,11.0,11.0,True,12.0,11.0,True,CBraMod,10500.0,2.0,True
PhysionetMI,85,11,4x,2.0,0.875,0.875,0.8958333333333334,0.0,-0.0208333333333333,11.0,11.0,True,12.0,11.0,True,CBraMod,21000.0,4.0,True
PhysionetMI,85,23,1x,2.0,0.8712121212121212,0.9583333333333331,0.8571969696969697,0.087121212121212,0.1011363636363635,11.0,11.0,True,12.0,11.0,True,CBraMod,3250.0,1.0,True
PhysionetMI,85,23,2x,2.0,0.9166666666666669,1.0,0.8484848484848484,0.0833333333333332,0.1515151515151516,11.0,11.0,True,12.0,11.0,True,CBraMod,6500.0,2.0,True
PhysionetMI,85,23,4x,2.0,0.9583333333333331,0.9583333333333331,0.9257575757575758,0.0,0.0325757575757574,11.0,11.0,True,12.0,11.0,True,CBraMod,13000.0,4.0,True
PhysionetMI,85,37,1x,2.0,0.8712121212121212,0.9583333333333331,0.8962121212121212,0.087121212121212,0.062121212121212,11.0,11.0,True,12.0,11.0,True,CBraMod,3000.0,1.0,True
PhysionetMI,85,37,2x,2.0,0.8712121212121212,0.9545454545454546,0.8662878787878789,0.0833333333333333,0.0882575757575756,11.0,11.0,True,12.0,11.0,True,CBraMod,6000.0,2.0,True
PhysionetMI,85,37,4x,2.0,0.8257575757575758,1.0,0.856439393939394,0.1742424242424242,0.143560606060606,11.0,11.0,True,12.0,11.0,True,CBraMod,12000.0,4.0,True
PhysionetMI,85,53,1x,2.0,0.8674242424242424,1.0,0.8511363636363637,0.1325757575757575,0.1488636363636363,11.0,11.0,True,12.0,11.0,True,CBraMod,4000.0,1.0,True
PhysionetMI,85,53,2x,2.0,0.9128787878787878,0.9583333333333331,0.8689393939393939,0.0454545454545454,0.0893939393939393,11.0,11.0,True,12.0,11.0,True,CBraMod,8000.0,2.0,True
PhysionetMI,85,53,4x,2.0,0.7765151515151515,1.0,0.8314393939393939,0.2234848484848485,0.168560606060606,11.0,11.0,True,12.0,11.0,True,CBraMod,16000.0,4.0,True
PhysionetMI,85,71,1x,2.0,0.8712121212121212,0.9583333333333331,0.8969696969696971,0.087121212121212,0.0613636363636361,11.0,11.0,True,12.0,11.0,True,CBraMod,3500.0,1.0,True
PhysionetMI,85,71,2x,2.0,0.8712121212121212,0.9166666666666669,0.8731060606060606,0.0454545454545455,0.0435606060606061,11.0,11.0,True,12.0,11.0,True,CBraMod,7000.0,2.0,True
PhysionetMI,85,71,4x,2.0,0.9128787878787878,0.8712121212121212,0.9037878787878788,-0.0416666666666666,-0.0325757575757574,11.0,11.0,True,12.0,11.0,True,CBraMod,14000.0,4.0,True
PhysionetMI,86,11,1x,0.0,0.9615384615384616,1.0,0.9730769230769232,0.0384615384615384,0.0269230769230768,12.0,10.0,True,10.0,13.0,True,CBraMod,3000.0,1.0,True
PhysionetMI,86,11,2x,0.0,1.0,0.95,0.9642307692307692,-0.05,-0.0142307692307692,12.0,10.0,True,10.0,13.0,True,CBraMod,6000.0,2.0,True
PhysionetMI,86,11,4x,0.0,1.0,0.95,0.9746153846153846,-0.05,-0.0246153846153845,12.0,10.0,True,10.0,13.0,True,CBraMod,12000.0,4.0,True
PhysionetMI,86,23,1x,0.0,1.0,0.95,0.9465384615384616,-0.05,0.0034615384615382,12.0,10.0,True,10.0,13.0,True,CBraMod,3500.0,1.0,True
PhysionetMI,86,23,2x,0.0,1.0,0.95,0.995,-0.05,-0.0449999999999999,12.0,10.0,True,10.0,13.0,True,CBraMod,7000.0,2.0,True
PhysionetMI,86,23,4x,0.0,1.0,1.0,0.9884615384615384,0.0,0.0115384615384614,12.0,10.0,True,10.0,13.0,True,CBraMod,14000.0,4.0,True
PhysionetMI,86,37,1x,0.0,0.9615384615384616,1.0,0.9846153846153848,0.0384615384615384,0.0153846153846153,12.0,10.0,True,10.0,13.0,True,CBraMod,3000.0,1.0,True
PhysionetMI,86,37,2x,0.0,0.9230769230769232,0.9615384615384616,0.9576923076923076,0.0384615384615384,0.0038461538461539,12.0,10.0,True,10.0,13.0,True,CBraMod,6000.0,2.0,True
PhysionetMI,86,37,4x,0.0,1.0,1.0,0.9834615384615384,0.0,0.0165384615384616,12.0,10.0,True,10.0,13.0,True,CBraMod,12000.0,4.0,True
PhysionetMI,86,53,1x,0.0,1.0,1.0,0.9746153846153848,0.0,0.0253846153846153,12.0,10.0,True,10.0,13.0,True,CBraMod,3000.0,1.0,True
PhysionetMI,86,53,2x,0.0,0.9615384615384616,0.9615384615384616,0.9680769230769232,0.0,-0.0065384615384614,12.0,10.0,True,10.0,13.0,True,CBraMod,6000.0,2.0,True
PhysionetMI,86,53,4x,0.0,0.9615384615384616,0.9615384615384616,0.9692307692307692,0.0,-0.0076923076923077,12.0,10.0,True,10.0,13.0,True,CBraMod,12000.0,4.0,True
PhysionetMI,86,71,1x,0.0,1.0,1.0,0.9807692307692308,0.0,0.0192307692307691,12.0,10.0,True,10.0,13.0,True,CBraMod,3000.0,1.0,True
PhysionetMI,86,71,2x,0.0,1.0,0.95,0.99,-0.05,-0.0399999999999999,12.0,10.0,True,10.0,13.0,True,CBraMod,6000.0,2.0,True
PhysionetMI,86,71,4x,0.0,1.0,1.0,0.9923076923076924,0.0,0.0076923076923076,12.0,10.0,True,10.0,13.0,True,CBraMod,12000.0,4.0,True
PhysionetMI,87,11,1x,4.0,0.6477272727272727,0.3977272727272727,0.5231060606060607,-0.25,-0.1253787878787879,11.0,11.0,True,11.0,12.0,True,CBraMod,3000.0,1.0,True
PhysionetMI,87,11,2x,4.0,0.5265151515151515,0.5681818181818181,0.5598484848484849,0.0416666666666666,0.0083333333333331,11.0,11.0,True,11.0,12.0,True,CBraMod,6000.0,2.0,True
PhysionetMI,87,11,4x,4.0,0.6401515151515151,0.571969696969697,0.6166666666666666,-0.0681818181818181,-0.0446969696969695,11.0,11.0,True,11.0,12.0,True,CBraMod,12000.0,4.0,True
PhysionetMI,87,23,1x,4.0,0.5984848484848485,0.5643939393939394,0.6011363636363637,-0.034090909090909,-0.0367424242424242,11.0,11.0,True,11.0,12.0,True,CBraMod,3500.0,1.0,True
PhysionetMI,87,23,2x,4.0,0.606060606060606,0.4772727272727273,0.6208333333333333,-0.1287878787878786,-0.143560606060606,11.0,11.0,True,11.0,12.0,True,CBraMod,7000.0,2.0,True
PhysionetMI,87,23,4x,4.0,0.696969696969697,0.6136363636363636,0.6284090909090908,-0.0833333333333333,-0.0147727272727271,11.0,11.0,True,11.0,12.0,True,CBraMod,14000.0,4.0,True
PhysionetMI,87,37,1x,4.0,0.6477272727272727,0.6098484848484849,0.6007575757575758,-0.0378787878787878,0.009090909090909,11.0,11.0,True,11.0,12.0,True,CBraMod,3000.0,1.0,True
PhysionetMI,87,37,2x,4.0,0.6174242424242424,0.6136363636363636,0.5946969696969698,-0.0037878787878787,0.0189393939393938,11.0,11.0,True,11.0,12.0,True,CBraMod,6000.0,2.0,True
PhysionetMI,87,37,4x,4.0,0.6515151515151515,0.7045454545454546,0.631439393939394,0.053030303030303,0.0731060606060606,11.0,11.0,True,11.0,12.0,True,CBraMod,12000.0,4.0,True
PhysionetMI,87,53,1x,4.0,0.606060606060606,0.5340909090909092,0.5731060606060607,-0.0719696969696968,-0.0390151515151515,11.0,11.0,True,11.0,12.0,True,CBraMod,3000.0,1.0,True
PhysionetMI,87,53,2x,4.0,0.4772727272727273,0.5757575757575758,0.5696969696969696,0.0984848484848485,0.0060606060606062,11.0,11.0,True,11.0,12.0,True,CBraMod,6000.0,2.0,True
PhysionetMI,87,53,4x,4.0,0.5606060606060606,0.5946969696969697,0.553409090909091,0.0340909090909091,0.0412878787878787,11.0,11.0,True,11.0,12.0,True,CBraMod,12000.0,4.0,True
PhysionetMI,87,71,1x,4.0,0.6856060606060606,0.6553030303030303,0.6848484848484848,-0.0303030303030302,-0.0295454545454545,11.0,11.0,True,11.0,12.0,True,CBraMod,3250.0,1.0,True
PhysionetMI,87,71,2x,4.0,0.6856060606060606,0.5643939393939394,0.6041666666666666,-0.1212121212121211,-0.0397727272727271,11.0,11.0,True,11.0,12.0,True,CBraMod,6500.0,2.0,True
PhysionetMI,87,71,4x,4.0,0.7727272727272727,0.6477272727272727,0.615530303030303,-0.125,0.0321969696969697,11.0,11.0,True,11.0,12.0,True,CBraMod,13000.0,4.0,True
PhysionetMI,90,11,1x,3.0,0.8636363636363636,0.8712121212121212,0.8579545454545455,0.0075757575757575,0.0132575757575756,10.0,12.0,True,12.0,11.0,True,CBraMod,3000.0,1.0,True
PhysionetMI,90,11,2x,3.0,0.8636363636363636,0.8674242424242424,0.8306818181818183,0.0037878787878787,0.0367424242424241,10.0,12.0,True,12.0,11.0,True,CBraMod,6000.0,2.0,True
PhysionetMI,90,11,4x,3.0,0.7803030303030303,0.8712121212121212,0.7992424242424242,0.0909090909090909,0.071969696969697,10.0,12.0,True,12.0,11.0,True,CBraMod,12000.0,4.0,True
PhysionetMI,90,23,1x,3.0,0.9090909090909092,0.9128787878787878,0.8541666666666667,0.0037878787878786,0.0587121212121211,10.0,12.0,True,12.0,11.0,True,CBraMod,3000.0,1.0,True
PhysionetMI,90,23,2x,3.0,0.8636363636363636,0.9128787878787878,0.856818181818182,0.0492424242424242,0.0560606060606058,10.0,12.0,True,12.0,11.0,True,CBraMod,6000.0,2.0,True
PhysionetMI,90,23,4x,3.0,0.9090909090909092,0.8674242424242424,0.918560606060606,-0.0416666666666667,-0.0511363636363636,10.0,12.0,True,12.0,11.0,True,CBraMod,12000.0,4.0,True
PhysionetMI,90,37,1x,3.0,0.8636363636363636,0.7765151515151515,0.7996212121212121,-0.0871212121212121,-0.0231060606060605,10.0,12.0,True,12.0,11.0,True,CBraMod,3000.0,1.0,True
PhysionetMI,90,37,2x,3.0,0.8636363636363636,0.7727272727272727,0.7897727272727273,-0.0909090909090909,-0.0170454545454545,10.0,12.0,True,12.0,11.0,True,CBraMod,6000.0,2.0,True
PhysionetMI,90,37,4x,3.0,0.9090909090909092,0.7765151515151515,0.8162878787878787,-0.1325757575757576,-0.0397727272727271,10.0,12.0,True,12.0,11.0,True,CBraMod,12000.0,4.0,True
PhysionetMI,90,53,1x,3.0,0.8257575757575758,0.8674242424242424,0.8477272727272729,0.0416666666666666,0.0196969696969695,10.0,12.0,True,12.0,11.0,True,CBraMod,3750.0,1.0,True
PhysionetMI,90,53,2x,3.0,0.8712121212121212,0.8674242424242424,0.8678030303030304,-0.0037878787878787,-0.0003787878787879,10.0,12.0,True,12.0,11.0,True,CBraMod,7500.0,2.0,True
PhysionetMI,90,53,4x,3.0,0.9128787878787878,0.8674242424242424,0.8151515151515152,-0.0454545454545454,0.0522727272727272,10.0,12.0,True,12.0,11.0,True,CBraMod,15000.0,4.0,True
PhysionetMI,90,71,1x,3.0,0.9090909090909092,0.9545454545454546,0.9181818181818182,0.0454545454545454,0.0363636363636363,10.0,12.0,True,12.0,11.0,True,CBraMod,3250.0,1.0,True
PhysionetMI,90,71,2x,3.0,0.8636363636363636,0.8712121212121212,0.868560606060606,0.0075757575757575,0.0026515151515151,10.0,12.0,True,12.0,11.0,True,CBraMod,6500.0,2.0,True
PhysionetMI,90,71,4x,3.0,0.9090909090909092,0.8636363636363636,0.8651515151515152,-0.0454545454545455,-0.0015151515151515,10.0,12.0,True,12.0,11.0,True,CBraMod,13000.0,4.0,True
PhysionetMI,91,11,1x,3.0,0.9166666666666669,0.8295454545454546,0.8791666666666667,-0.0871212121212121,-0.049621212121212,11.0,11.0,True,11.0,12.0,True,CBraMod,3000.0,1.0,True
PhysionetMI,91,11,2x,3.0,0.8333333333333333,0.8712121212121212,0.8458333333333334,0.0378787878787879,0.0253787878787877,11.0,11.0,True,11.0,12.0,True,CBraMod,6000.0,2.0,True
PhysionetMI,91,11,4x,3.0,0.9166666666666669,0.7916666666666667,0.8204545454545455,-0.125,-0.0287878787878788,11.0,11.0,True,11.0,12.0,True,CBraMod,12000.0,4.0,True
PhysionetMI,91,23,1x,3.0,0.9583333333333331,0.875,0.9026515151515152,-0.0833333333333332,-0.0276515151515152,11.0,11.0,True,11.0,12.0,True,CBraMod,3000.0,1.0,True
PhysionetMI,91,23,2x,3.0,0.875,0.7083333333333334,0.7909090909090909,-0.1666666666666666,-0.0825757575757575,11.0,11.0,True,11.0,12.0,True,CBraMod,6000.0,2.0,True
PhysionetMI,91,23,4x,3.0,0.875,0.7916666666666667,0.8041666666666666,-0.0833333333333332,-0.0124999999999998,11.0,11.0,True,11.0,12.0,True,CBraMod,12000.0,4.0,True
PhysionetMI,91,37,1x,3.0,0.9583333333333331,0.875,0.8291666666666666,-0.0833333333333332,0.0458333333333333,11.0,11.0,True,11.0,12.0,True,CBraMod,3000.0,1.0,True
PhysionetMI,91,37,2x,3.0,0.9166666666666669,0.6666666666666666,0.7742424242424243,-0.2500000000000001,-0.1075757575757576,11.0,11.0,True,11.0,12.0,True,CBraMod,6000.0,2.0,True
PhysionetMI,91,37,4x,3.0,0.9583333333333331,0.875,0.7583333333333333,-0.0833333333333332,0.1166666666666667,11.0,11.0,True,11.0,12.0,True,CBraMod,12000.0,4.0,True
PhysionetMI,91,53,1x,3.0,0.8674242424242424,0.9166666666666669,0.8939393939393939,0.0492424242424243,0.0227272727272728,11.0,11.0,True,11.0,12.0,True,CBraMod,3750.0,1.0,True
PhysionetMI,91,53,2x,3.0,0.7916666666666667,0.75,0.803409090909091,-0.0416666666666667,-0.0534090909090909,11.0,11.0,True,11.0,12.0,True,CBraMod,7500.0,2.0,True
PhysionetMI,91,53,4x,3.0,0.8333333333333333,0.875,0.8041666666666666,0.0416666666666667,0.0708333333333334,11.0,11.0,True,11.0,12.0,True,CBraMod,15000.0,4.0,True
PhysionetMI,91,71,1x,3.0,0.9583333333333331,0.8333333333333333,0.9454545454545455,-0.125,-0.1121212121212122,11.0,11.0,True,11.0,12.0,True,CBraMod,3250.0,1.0,True
PhysionetMI,91,71,2x,3.0,0.9583333333333331,0.9128787878787878,0.8939393939393939,-0.0454545454545454,0.0189393939393939,11.0,11.0,True,11.0,12.0,True,CBraMod,6500.0,2.0,True
PhysionetMI,91,71,4x,3.0,1.0,0.8333333333333333,0.843939393939394,-0.1666666666666667,-0.0106060606060607,11.0,11.0,True,11.0,12.0,True,CBraMod,13000.0,4.0,True
PhysionetMI,93,11,1x,1.0,0.7386363636363636,0.8257575757575758,0.7666666666666668,0.0871212121212121,0.0590909090909089,12.0,10.0,True,11.0,12.0,True,CBraMod,3000.0,1.0,True
PhysionetMI,93,11,2x,1.0,0.8257575757575758,0.8636363636363636,0.781060606060606,0.0378787878787878,0.0825757575757576,12.0,10.0,True,11.0,12.0,True,CBraMod,6000.0,2.0,True
PhysionetMI,93,11,4x,1.0,0.7803030303030303,0.696969696969697,0.7261363636363636,-0.0833333333333332,-0.0291666666666665,12.0,10.0,True,11.0,12.0,True,CBraMod,12000.0,4.0,True
PhysionetMI,93,23,1x,1.0,0.7803030303030303,0.8257575757575758,0.7742424242424242,0.0454545454545455,0.0515151515151516,12.0,10.0,True,11.0,12.0,True,CBraMod,3000.0,1.0,True
PhysionetMI,93,23,2x,1.0,0.7765151515151515,0.9128787878787878,0.7700757575757575,0.1363636363636363,0.1428030303030303,12.0,10.0,True,11.0,12.0,True,CBraMod,6000.0,2.0,True
PhysionetMI,93,23,4x,1.0,0.7765151515151515,0.7386363636363636,0.7147727272727273,-0.0378787878787878,0.0238636363636363,12.0,10.0,True,11.0,12.0,True,CBraMod,12000.0,4.0,True
PhysionetMI,93,37,1x,,,,,,,,,,,,,,,,False
PhysionetMI,93,37,2x,,,,,,,,,,,,,,,,False
PhysionetMI,93,37,4x,,,,,,,,,,,,,,,,False
PhysionetMI,93,53,1x,1.0,0.8636363636363636,0.8257575757575758,0.8462121212121211,-0.0378787878787878,-0.0204545454545452,12.0,10.0,True,11.0,12.0,True,CBraMod,3000.0,1.0,True
PhysionetMI,93,53,2x,1.0,0.821969696969697,0.7840909090909092,0.7598484848484848,-0.0378787878787878,0.0242424242424244,12.0,10.0,True,11.0,12.0,True,CBraMod,6000.0,2.0,True
PhysionetMI,93,53,4x,1.0,0.7803030303030303,0.8674242424242424,0.7821969696969697,0.0871212121212121,0.0852272727272727,12.0,10.0,True,11.0,12.0,True,CBraMod,12000.0,4.0,True
PhysionetMI,93,71,1x,1.0,0.7348484848484849,0.7348484848484849,0.7568181818181818,0.0,-0.0219696969696969,12.0,10.0,True,11.0,12.0,True,CBraMod,3500.0,1.0,True
PhysionetMI,93,71,2x,1.0,0.7424242424242424,0.8674242424242424,0.825,0.125,0.0424242424242424,12.0,10.0,True,11.0,12.0,True,CBraMod,7000.0,2.0,True
PhysionetMI,93,71,4x,1.0,0.8674242424242424,0.8674242424242424,0.8333333333333334,0.0,0.034090909090909,12.0,10.0,True,11.0,12.0,True,CBraMod,14000.0,4.0,True
PhysionetMI,94,11,1x,2.0,0.8712121212121212,0.8712121212121212,0.8094696969696971,0.0,0.0617424242424241,10.0,12.0,True,12.0,11.0,True,CBraMod,5250.0,1.0,True
PhysionetMI,94,11,2x,2.0,0.8712121212121212,0.7840909090909092,0.7765151515151515,-0.087121212121212,0.0075757575757576,10.0,12.0,True,12.0,11.0,True,CBraMod,10500.0,2.0,True
PhysionetMI,94,11,4x,2.0,0.7878787878787878,0.7878787878787878,0.7969696969696969,0.0,-0.009090909090909,10.0,12.0,True,12.0,11.0,True,CBraMod,21000.0,4.0,True
PhysionetMI,94,23,1x,2.0,0.7007575757575758,0.8712121212121212,0.7401515151515152,0.1704545454545454,0.131060606060606,10.0,12.0,True,12.0,11.0,True,CBraMod,3250.0,1.0,True
PhysionetMI,94,23,2x,2.0,0.7424242424242424,0.8257575757575758,0.7776515151515152,0.0833333333333333,0.0481060606060606,10.0,12.0,True,12.0,11.0,True,CBraMod,6500.0,2.0,True
PhysionetMI,94,23,4x,2.0,0.7840909090909092,0.7840909090909092,0.8026515151515152,0.0,-0.018560606060606,10.0,12.0,True,12.0,11.0,True,CBraMod,13000.0,4.0,True
PhysionetMI,94,37,1x,2.0,0.7916666666666667,0.7878787878787878,0.8147727272727273,-0.0037878787878788,-0.0268939393939394,10.0,12.0,True,12.0,11.0,True,CBraMod,3000.0,1.0,True
PhysionetMI,94,37,2x,2.0,0.696969696969697,0.8712121212121212,0.7291666666666667,0.1742424242424242,0.1420454545454544,10.0,12.0,True,12.0,11.0,True,CBraMod,6000.0,2.0,True
PhysionetMI,94,37,4x,2.0,0.7462121212121212,0.7878787878787878,0.765909090909091,0.0416666666666666,0.0219696969696968,10.0,12.0,True,12.0,11.0,True,CBraMod,12000.0,4.0,True
PhysionetMI,94,53,1x,2.0,0.8257575757575758,0.8257575757575758,0.859090909090909,0.0,-0.0333333333333332,10.0,12.0,True,12.0,11.0,True,CBraMod,4000.0,1.0,True
PhysionetMI,94,53,2x,2.0,0.8257575757575758,0.8257575757575758,0.8102272727272727,0.0,0.0155303030303031,10.0,12.0,True,12.0,11.0,True,CBraMod,8000.0,2.0,True
PhysionetMI,94,53,4x,2.0,0.8257575757575758,0.8674242424242424,0.7840909090909092,0.0416666666666666,0.0833333333333332,10.0,12.0,True,12.0,11.0,True,CBraMod,16000.0,4.0,True
PhysionetMI,94,71,1x,2.0,0.7424242424242424,0.9166666666666669,0.7848484848484849,0.1742424242424243,0.1318181818181818,10.0,12.0,True,12.0,11.0,True,CBraMod,3500.0,1.0,True
PhysionetMI,94,71,2x,2.0,0.7462121212121212,0.7916666666666667,0.775378787878788,0.0454545454545455,0.0162878787878787,10.0,12.0,True,12.0,11.0,True,CBraMod,7000.0,2.0,True
PhysionetMI,94,71,4x,2.0,0.7840909090909092,0.8257575757575758,0.7803030303030304,0.0416666666666666,0.0454545454545454,10.0,12.0,True,12.0,11.0,True,CBraMod,14000.0,4.0,True
PhysionetMI,95,11,1x,4.0,0.5461538461538462,0.7076923076923077,0.6846153846153846,0.1615384615384615,0.0230769230769231,10.0,12.0,True,13.0,10.0,True,CBraMod,3000.0,1.0,True
PhysionetMI,95,11,2x,4.0,0.6615384615384616,0.5846153846153846,0.6065384615384615,-0.0769230769230769,-0.0219230769230768,10.0,12.0,True,13.0,10.0,True,CBraMod,6000.0,2.0,True
PhysionetMI,95,11,4x,4.0,0.5961538461538461,0.6846153846153846,0.5969230769230769,0.0884615384615384,0.0876923076923077,10.0,12.0,True,13.0,10.0,True,CBraMod,12000.0,4.0,True
PhysionetMI,95,23,1x,4.0,0.7346153846153847,0.6192307692307693,0.6976923076923077,-0.1153846153846154,-0.0784615384615384,10.0,12.0,True,13.0,10.0,True,CBraMod,3500.0,1.0,True
PhysionetMI,95,23,2x,4.0,0.6730769230769231,0.6461538461538461,0.7653846153846153,-0.026923076923077,-0.1192307692307692,10.0,12.0,True,13.0,10.0,True,CBraMod,7000.0,2.0,True
PhysionetMI,95,23,4x,4.0,0.6846153846153846,0.773076923076923,0.6757692307692308,0.0884615384615383,0.0973076923076922,10.0,12.0,True,13.0,10.0,True,CBraMod,14000.0,4.0,True
PhysionetMI,95,37,1x,4.0,0.7461538461538462,0.6461538461538461,0.6888461538461539,-0.1,-0.0426923076923078,10.0,12.0,True,13.0,10.0,True,CBraMod,3000.0,1.0,True
PhysionetMI,95,37,2x,4.0,0.5846153846153846,0.6846153846153846,0.6484615384615384,0.0999999999999999,0.0361538461538462,10.0,12.0,True,13.0,10.0,True,CBraMod,6000.0,2.0,True
PhysionetMI,95,37,4x,4.0,0.5846153846153846,0.6461538461538461,0.6346153846153846,0.0615384615384614,0.0115384615384614,10.0,12.0,True,13.0,10.0,True,CBraMod,12000.0,4.0,True
PhysionetMI,95,53,1x,4.0,0.7076923076923077,0.7461538461538462,0.7057692307692307,0.0384615384615384,0.0403846153846154,10.0,12.0,True,13.0,10.0,True,CBraMod,3000.0,1.0,True
PhysionetMI,95,53,2x,4.0,0.5846153846153846,0.6346153846153846,0.6384615384615385,0.0499999999999999,-0.0038461538461539,10.0,12.0,True,13.0,10.0,True,CBraMod,6000.0,2.0,True
PhysionetMI,95,53,4x,4.0,0.823076923076923,0.6961538461538461,0.7165384615384615,-0.1269230769230769,-0.0203846153846153,10.0,12.0,True,13.0,10.0,True,CBraMod,12000.0,4.0,True
PhysionetMI,95,71,1x,4.0,0.6846153846153846,0.6076923076923078,0.6584615384615384,-0.0769230769230768,-0.0507692307692306,10.0,12.0,True,13.0,10.0,True,CBraMod,3250.0,1.0,True
PhysionetMI,95,71,2x,4.0,0.6192307692307693,0.5923076923076923,0.6584615384615384,-0.0269230769230769,-0.0661538461538461,10.0,12.0,True,13.0,10.0,True,CBraMod,6500.0,2.0,True
PhysionetMI,95,71,4x,4.0,0.7230769230769231,0.6692307692307693,0.6826923076923077,-0.0538461538461537,-0.0134615384615384,10.0,12.0,True,13.0,10.0,True,CBraMod,13000.0,4.0,True
PhysionetMI,96,11,1x,0.0,0.875,0.875,0.8825757575757576,0.0,-0.0075757575757575,11.0,11.0,True,12.0,11.0,True,CBraMod,3000.0,1.0,True
PhysionetMI,96,11,2x,0.0,0.9166666666666669,0.875,0.8655303030303031,-0.0416666666666667,0.0094696969696969,11.0,11.0,True,12.0,11.0,True,CBraMod,6000.0,2.0,True
PhysionetMI,96,11,4x,0.0,0.875,0.8295454545454546,0.85,-0.0454545454545454,-0.0204545454545453,11.0,11.0,True,12.0,11.0,True,CBraMod,12000.0,4.0,True
PhysionetMI,96,23,1x,0.0,0.875,0.7840909090909092,0.8155303030303032,-0.0909090909090908,-0.0314393939393939,11.0,11.0,True,12.0,11.0,True,CBraMod,3500.0,1.0,True
PhysionetMI,96,23,2x,0.0,0.875,0.875,0.8314393939393939,0.0,0.043560606060606,11.0,11.0,True,12.0,11.0,True,CBraMod,7000.0,2.0,True
PhysionetMI,96,23,4x,0.0,0.875,0.8257575757575758,0.8534090909090908,-0.0492424242424242,-0.0276515151515149,11.0,11.0,True,12.0,11.0,True,CBraMod,14000.0,4.0,True
PhysionetMI,96,37,1x,0.0,0.8333333333333333,0.8333333333333333,0.8166666666666667,0.0,0.0166666666666666,11.0,11.0,True,12.0,11.0,True,CBraMod,3000.0,1.0,True
PhysionetMI,96,37,2x,0.0,0.8333333333333333,0.8333333333333333,0.8166666666666667,0.0,0.0166666666666666,11.0,11.0,True,12.0,11.0,True,CBraMod,6000.0,2.0,True
PhysionetMI,96,37,4x,0.0,0.875,0.8333333333333333,0.8200757575757576,-0.0416666666666667,0.0132575757575756,11.0,11.0,True,12.0,11.0,True,CBraMod,12000.0,4.0,True
PhysionetMI,96,53,1x,0.0,0.8333333333333333,0.8333333333333333,0.8333333333333334,0.0,-1.1102230246251563e-16,11.0,11.0,True,12.0,11.0,True,CBraMod,3000.0,1.0,True
PhysionetMI,96,53,2x,0.0,0.875,0.875,0.878409090909091,0.0,-0.003409090909091,11.0,11.0,True,12.0,11.0,True,CBraMod,6000.0,2.0,True
PhysionetMI,96,53,4x,0.0,0.875,0.9166666666666669,0.8958333333333334,0.0416666666666667,0.0208333333333333,11.0,11.0,True,12.0,11.0,True,CBraMod,12000.0,4.0,True
PhysionetMI,96,71,1x,0.0,0.875,0.8333333333333333,0.8810606060606061,-0.0416666666666667,-0.0477272727272728,11.0,11.0,True,12.0,11.0,True,CBraMod,3000.0,1.0,True
PhysionetMI,96,71,2x,0.0,0.875,0.875,0.8034090909090909,0.0,0.0715909090909091,11.0,11.0,True,12.0,11.0,True,CBraMod,6000.0,2.0,True
PhysionetMI,96,71,4x,0.0,0.8333333333333333,0.8333333333333333,0.7780303030303031,0.0,0.0553030303030301,11.0,11.0,True,12.0,11.0,True,CBraMod,12000.0,4.0,True
PhysionetMI,97,11,1x,4.0,0.731060606060606,0.9166666666666669,0.8378787878787879,0.1856060606060607,0.0787878787878788,11.0,11.0,True,12.0,11.0,True,CBraMod,3000.0,1.0,True
PhysionetMI,97,11,2x,4.0,0.7765151515151515,0.875,0.7977272727272726,0.0984848484848485,0.0772727272727273,11.0,11.0,True,12.0,11.0,True,CBraMod,6000.0,2.0,True
PhysionetMI,97,11,4x,4.0,0.821969696969697,0.8712121212121212,0.8375,0.0492424242424242,0.0337121212121211,11.0,11.0,True,12.0,11.0,True,CBraMod,12000.0,4.0,True
PhysionetMI,97,23,1x,4.0,0.875,0.9166666666666669,0.8651515151515152,0.0416666666666667,0.0515151515151515,11.0,11.0,True,12.0,11.0,True,CBraMod,3500.0,1.0,True
PhysionetMI,97,23,2x,4.0,0.8257575757575758,0.8712121212121212,0.8348484848484847,0.0454545454545454,0.0363636363636364,11.0,11.0,True,12.0,11.0,True,CBraMod,7000.0,2.0,True
PhysionetMI,97,23,4x,4.0,0.8712121212121212,0.7765151515151515,0.8484848484848486,-0.0946969696969697,-0.0719696969696971,11.0,11.0,True,12.0,11.0,True,CBraMod,14000.0,4.0,True
PhysionetMI,97,37,1x,4.0,0.7803030303030303,0.9166666666666669,0.7901515151515153,0.1363636363636364,0.1265151515151514,11.0,11.0,True,12.0,11.0,True,CBraMod,3000.0,1.0,True
PhysionetMI,97,37,2x,4.0,0.7840909090909092,0.9128787878787878,0.8056818181818184,0.1287878787878786,0.1071969696969694,11.0,11.0,True,12.0,11.0,True,CBraMod,6000.0,2.0,True
PhysionetMI,97,37,4x,4.0,0.821969696969697,0.8712121212121212,0.8428030303030305,0.0492424242424242,0.0284090909090907,11.0,11.0,True,12.0,11.0,True,CBraMod,12000.0,4.0,True
PhysionetMI,97,53,1x,4.0,0.7803030303030303,0.9583333333333331,0.8193181818181818,0.1780303030303029,0.1390151515151514,11.0,11.0,True,12.0,11.0,True,CBraMod,3000.0,1.0,True
PhysionetMI,97,53,2x,4.0,0.8674242424242424,0.8181818181818181,0.8356060606060606,-0.0492424242424243,-0.0174242424242424,11.0,11.0,True,12.0,11.0,True,CBraMod,6000.0,2.0,True
PhysionetMI,97,53,4x,4.0,0.7765151515151515,0.9166666666666669,0.803409090909091,0.1401515151515152,0.1132575757575757,11.0,11.0,True,12.0,11.0,True,CBraMod,12000.0,4.0,True
PhysionetMI,97,71,1x,4.0,0.7803030303030303,0.7916666666666667,0.7780303030303031,0.0113636363636364,0.0136363636363636,11.0,11.0,True,12.0,11.0,True,CBraMod,3250.0,1.0,True
PhysionetMI,97,71,2x,4.0,0.8712121212121212,0.8333333333333333,0.8367424242424242,-0.0378787878787879,-0.0034090909090909,11.0,11.0,True,12.0,11.0,True,CBraMod,6500.0,2.0,True
PhysionetMI,97,71,4x,4.0,0.8257575757575758,0.875,0.8125,0.0492424242424242,0.0625,11.0,11.0,True,12.0,11.0,True,CBraMod,13000.0,4.0,True
PhysionetMI,98,11,1x,0.0,0.4696969696969696,0.4848484848484848,0.4912878787878788,0.0151515151515151,-0.0064393939393939,11.0,11.0,True,12.0,11.0,True,CBraMod,3000.0,1.0,True
PhysionetMI,98,11,2x,0.0,0.4659090909090909,0.4356060606060606,0.4537878787878787,-0.0303030303030303,-0.0181818181818181,11.0,11.0,True,12.0,11.0,True,CBraMod,6000.0,2.0,True
PhysionetMI,98,11,4x,0.0,0.5151515151515151,0.4393939393939393,0.5242424242424242,-0.0757575757575758,-0.0848484848484848,11.0,11.0,True,12.0,11.0,True,CBraMod,12000.0,4.0,True
PhysionetMI,98,23,1x,0.0,0.428030303030303,0.4848484848484848,0.4333333333333333,0.0568181818181818,0.0515151515151515,11.0,11.0,True,12.0,11.0,True,CBraMod,3500.0,1.0,True
PhysionetMI,98,23,2x,0.0,0.4734848484848485,0.4772727272727273,0.4617424242424243,0.0037878787878787,0.015530303030303,11.0,11.0,True,12.0,11.0,True,CBraMod,7000.0,2.0,True
PhysionetMI,98,23,4x,0.0,0.428030303030303,0.5227272727272727,0.4795454545454546,0.0946969696969696,0.0431818181818181,11.0,11.0,True,12.0,11.0,True,CBraMod,14000.0,4.0,True
PhysionetMI,98,37,1x,0.0,0.4696969696969696,0.5189393939393939,0.4912878787878787,0.0492424242424242,0.0276515151515152,11.0,11.0,True,12.0,11.0,True,CBraMod,3000.0,1.0,True
PhysionetMI,98,37,2x,0.0,0.4696969696969696,0.428030303030303,0.4704545454545454,-0.0416666666666666,-0.0424242424242423,11.0,11.0,True,12.0,11.0,True,CBraMod,6000.0,2.0,True
PhysionetMI,98,37,4x,0.0,0.428030303030303,0.5303030303030303,0.4401515151515151,0.1022727272727272,0.0901515151515151,11.0,11.0,True,12.0,11.0,True,CBraMod,12000.0,4.0,True
PhysionetMI,98,53,1x,0.0,0.5113636363636364,0.4393939393939393,0.4806818181818181,-0.071969696969697,-0.0412878787878787,11.0,11.0,True,12.0,11.0,True,CBraMod,3000.0,1.0,True
PhysionetMI,98,53,2x,0.0,0.4242424242424242,0.4318181818181818,0.4636363636363637,0.0075757575757576,-0.0318181818181818,11.0,11.0,True,12.0,11.0,True,CBraMod,6000.0,2.0,True
PhysionetMI,98,53,4x,0.0,0.5984848484848485,0.5606060606060606,0.5310606060606061,-0.0378787878787879,0.0295454545454544,11.0,11.0,True,12.0,11.0,True,CBraMod,12000.0,4.0,True
PhysionetMI,98,71,1x,0.0,0.4318181818181818,0.5606060606060606,0.4867424242424242,0.1287878787878787,0.0738636363636363,11.0,11.0,True,12.0,11.0,True,CBraMod,3000.0,1.0,True
PhysionetMI,98,71,2x,0.0,0.4734848484848485,0.4734848484848485,0.4553030303030304,0.0,0.0181818181818181,11.0,11.0,True,12.0,11.0,True,CBraMod,6000.0,2.0,True
PhysionetMI,98,71,4x,0.0,0.4696969696969696,0.4393939393939393,0.4886363636363636,-0.0303030303030303,-0.0492424242424243,11.0,11.0,True,12.0,11.0,True,CBraMod,12000.0,4.0,True
PhysionetMI,99,11,1x,1.0,0.5946969696969697,0.5984848484848485,0.6265151515151515,0.0037878787878787,-0.0280303030303029,10.0,12.0,True,12.0,11.0,True,CBraMod,3000.0,1.0,True
PhysionetMI,99,11,2x,1.0,0.606060606060606,0.6553030303030303,0.5928030303030303,0.0492424242424243,0.0625,10.0,12.0,True,12.0,11.0,True,CBraMod,6000.0,2.0,True
PhysionetMI,99,11,4x,1.0,0.6439393939393939,0.5303030303030303,0.6734848484848485,-0.1136363636363636,-0.1431818181818182,10.0,12.0,True,12.0,11.0,True,CBraMod,12000.0,4.0,True
PhysionetMI,99,23,1x,1.0,0.6022727272727273,0.6098484848484849,0.6147727272727272,0.0075757575757575,-0.0049242424242423,10.0,12.0,True,12.0,11.0,True,CBraMod,3000.0,1.0,True
PhysionetMI,99,23,2x,1.0,0.7272727272727273,0.6515151515151515,0.6840909090909091,-0.0757575757575758,-0.0325757575757575,10.0,12.0,True,12.0,11.0,True,CBraMod,6000.0,2.0,True
PhysionetMI,99,23,4x,1.0,0.7272727272727273,0.6401515151515151,0.6435606060606062,-0.0871212121212121,-0.003409090909091,10.0,12.0,True,12.0,11.0,True,CBraMod,12000.0,4.0,True
PhysionetMI,99,37,1x,,,,,,,,,,,,,,,,False
PhysionetMI,99,37,2x,,,,,,,,,,,,,,,,False
PhysionetMI,99,37,4x,,,,,,,,,,,,,,,,False
PhysionetMI,99,53,1x,1.0,0.6401515151515151,0.5113636363636364,0.6401515151515152,-0.1287878787878787,-0.1287878787878789,10.0,12.0,True,12.0,11.0,True,CBraMod,3000.0,1.0,True
PhysionetMI,99,53,2x,1.0,0.731060606060606,0.5227272727272727,0.6549242424242424,-0.2083333333333332,-0.1321969696969697,10.0,12.0,True,12.0,11.0,True,CBraMod,6000.0,2.0,True
PhysionetMI,99,53,4x,1.0,0.5946969696969697,0.5984848484848485,0.6268939393939394,0.0037878787878787,-0.0284090909090909,10.0,12.0,True,12.0,11.0,True,CBraMod,12000.0,4.0,True
PhysionetMI,99,71,1x,1.0,0.6363636363636364,0.5946969696969697,0.6397727272727273,-0.0416666666666666,-0.0450757575757575,10.0,12.0,True,12.0,11.0,True,CBraMod,3500.0,1.0,True
PhysionetMI,99,71,2x,1.0,0.5946969696969697,0.606060606060606,0.6284090909090909,0.0113636363636362,-0.0223484848484849,10.0,12.0,True,12.0,11.0,True,CBraMod,7000.0,2.0,True
PhysionetMI,99,71,4x,1.0,0.6893939393939394,0.5227272727272727,0.6541666666666666,-0.1666666666666667,-0.1314393939393938,10.0,12.0,True,12.0,11.0,True,CBraMod,14000.0,4.0,True
PhysionetMI,101,11,1x,4.0,0.8846153846153846,0.9615384615384616,0.926923076923077,0.0769230769230769,0.0346153846153846,12.0,10.0,True,10.0,13.0,True,CBraMod,3000.0,1.0,True
PhysionetMI,101,11,2x,4.0,0.8846153846153846,0.9615384615384616,0.903846153846154,0.0769230769230769,0.0576923076923077,12.0,10.0,True,10.0,13.0,True,CBraMod,6000.0,2.0,True
PhysionetMI,101,11,4x,4.0,0.8730769230769231,0.9615384615384616,0.9007692307692308,0.0884615384615384,0.0607692307692308,12.0,10.0,True,10.0,13.0,True,CBraMod,12000.0,4.0,True
PhysionetMI,101,23,1x,4.0,0.9615384615384616,1.0,0.9046153846153846,0.0384615384615384,0.0953846153846154,12.0,10.0,True,10.0,13.0,True,CBraMod,3500.0,1.0,True
PhysionetMI,101,23,2x,4.0,0.9230769230769232,1.0,0.8926923076923078,0.0769230769230768,0.1073076923076922,12.0,10.0,True,10.0,13.0,True,CBraMod,7000.0,2.0,True
PhysionetMI,101,23,4x,4.0,0.8846153846153846,0.95,0.8557692307692308,0.0653846153846153,0.0942307692307691,12.0,10.0,True,10.0,13.0,True,CBraMod,14000.0,4.0,True
PhysionetMI,101,37,1x,4.0,0.9230769230769232,1.0,0.8653846153846155,0.0769230769230768,0.1346153846153844,12.0,10.0,True,10.0,13.0,True,CBraMod,3000.0,1.0,True
PhysionetMI,101,37,2x,4.0,0.8076923076923077,0.9615384615384616,0.8423076923076922,0.1538461538461538,0.1192307692307693,12.0,10.0,True,10.0,13.0,True,CBraMod,6000.0,2.0,True
PhysionetMI,101,37,4x,4.0,0.8076923076923077,0.9615384615384616,0.8423076923076923,0.1538461538461538,0.1192307692307692,12.0,10.0,True,10.0,13.0,True,CBraMod,12000.0,4.0,True
PhysionetMI,101,53,1x,4.0,0.9615384615384616,0.9615384615384616,0.9153846153846156,0.0,0.0461538461538461,12.0,10.0,True,10.0,13.0,True,CBraMod,3000.0,1.0,True
PhysionetMI,101,53,2x,4.0,0.8461538461538461,1.0,0.8911538461538463,0.1538461538461538,0.1088461538461537,12.0,10.0,True,10.0,13.0,True,CBraMod,6000.0,2.0,True
PhysionetMI,101,53,4x,4.0,0.9115384615384616,0.9615384615384616,0.8688461538461538,0.0499999999999999,0.0926923076923077,12.0,10.0,True,10.0,13.0,True,CBraMod,12000.0,4.0,True
PhysionetMI,101,71,1x,4.0,0.9230769230769232,0.9615384615384616,0.9015384615384616,0.0384615384615384,0.06,12.0,10.0,True,10.0,13.0,True,CBraMod,3250.0,1.0,True
PhysionetMI,101,71,2x,4.0,0.9615384615384616,0.95,0.8846153846153847,-0.0115384615384616,0.0653846153846152,12.0,10.0,True,10.0,13.0,True,CBraMod,6500.0,2.0,True
PhysionetMI,101,71,4x,4.0,0.823076923076923,0.8846153846153846,0.8384615384615385,0.0615384615384615,0.0461538461538461,12.0,10.0,True,10.0,13.0,True,CBraMod,13000.0,4.0,True
PhysionetMI,102,11,1x,1.0,0.6818181818181819,0.7803030303030303,0.6007575757575758,0.0984848484848484,0.1795454545454544,11.0,11.0,True,11.0,12.0,True,CBraMod,3000.0,1.0,True
PhysionetMI,102,11,2x,1.0,0.7765151515151515,0.8295454545454546,0.7227272727272728,0.053030303030303,0.1068181818181818,11.0,11.0,True,11.0,12.0,True,CBraMod,6000.0,2.0,True
PhysionetMI,102,11,4x,1.0,0.6818181818181819,0.8712121212121212,0.7003787878787879,0.1893939393939393,0.1708333333333332,11.0,11.0,True,11.0,12.0,True,CBraMod,12000.0,4.0,True
PhysionetMI,102,23,1x,1.0,0.6893939393939394,0.7386363636363636,0.7098484848484847,0.0492424242424242,0.0287878787878789,11.0,11.0,True,11.0,12.0,True,CBraMod,3000.0,1.0,True
PhysionetMI,102,23,2x,1.0,0.6931818181818181,0.875,0.6450757575757576,0.1818181818181818,0.2299242424242423,11.0,11.0,True,11.0,12.0,True,CBraMod,6000.0,2.0,True
PhysionetMI,102,23,4x,1.0,0.7386363636363636,0.8333333333333333,0.6412878787878787,0.0946969696969696,0.1920454545454545,11.0,11.0,True,11.0,12.0,True,CBraMod,12000.0,4.0,True
PhysionetMI,102,37,1x,,,,,,,,,,,,,,,,False
PhysionetMI,102,37,2x,,,,,,,,,,,,,,,,False
PhysionetMI,102,37,4x,,,,,,,,,,,,,,,,False
PhysionetMI,102,53,1x,1.0,0.7348484848484849,0.7803030303030303,0.7261363636363637,0.0454545454545454,0.0541666666666665,11.0,11.0,True,11.0,12.0,True,CBraMod,3000.0,1.0,True
PhysionetMI,102,53,2x,1.0,0.6893939393939394,0.9166666666666669,0.7083333333333334,0.2272727272727273,0.2083333333333333,11.0,11.0,True,11.0,12.0,True,CBraMod,6000.0,2.0,True
PhysionetMI,102,53,4x,1.0,0.7348484848484849,0.9166666666666669,0.7162878787878788,0.1818181818181818,0.2003787878787879,11.0,11.0,True,11.0,12.0,True,CBraMod,12000.0,4.0,True
PhysionetMI,102,71,1x,1.0,0.8257575757575758,0.8257575757575758,0.699242424242424,0.0,0.1265151515151518,11.0,11.0,True,11.0,12.0,True,CBraMod,3500.0,1.0,True
PhysionetMI,102,71,2x,1.0,0.7840909090909092,0.875,0.7602272727272728,0.0909090909090908,0.1147727272727272,11.0,11.0,True,11.0,12.0,True,CBraMod,7000.0,2.0,True
PhysionetMI,102,71,4x,1.0,0.5984848484848485,0.7386363636363636,0.6409090909090909,0.1401515151515151,0.0977272727272727,11.0,11.0,True,11.0,12.0,True,CBraMod,14000.0,4.0,True
PhysionetMI,103,11,1x,1.0,0.9545454545454546,0.8257575757575758,0.9071969696969696,-0.1287878787878787,-0.0814393939393937,10.0,12.0,True,12.0,11.0,True,CBraMod,3000.0,1.0,True
PhysionetMI,103,11,2x,1.0,0.8257575757575758,0.7424242424242424,0.8348484848484847,-0.0833333333333333,-0.0924242424242423,10.0,12.0,True,12.0,11.0,True,CBraMod,6000.0,2.0,True
PhysionetMI,103,11,4x,1.0,0.8674242424242424,0.7462121212121212,0.8613636363636363,-0.1212121212121212,-0.1151515151515151,10.0,12.0,True,12.0,11.0,True,CBraMod,12000.0,4.0,True
PhysionetMI,103,23,1x,1.0,0.821969696969697,0.821969696969697,0.831060606060606,0.0,-0.009090909090909,10.0,12.0,True,12.0,11.0,True,CBraMod,3000.0,1.0,True
PhysionetMI,103,23,2x,1.0,0.9090909090909092,0.821969696969697,0.8791666666666668,-0.0871212121212121,-0.0571969696969697,10.0,12.0,True,12.0,11.0,True,CBraMod,6000.0,2.0,True
PhysionetMI,103,23,4x,1.0,0.8636363636363636,0.8257575757575758,0.8825757575757575,-0.0378787878787878,-0.0568181818181816,10.0,12.0,True,12.0,11.0,True,CBraMod,12000.0,4.0,True
PhysionetMI,103,37,1x,,,,,,,,,,,,,,,,False
PhysionetMI,103,37,2x,,,,,,,,,,,,,,,,False
PhysionetMI,103,37,4x,,,,,,,,,,,,,,,,False
PhysionetMI,103,53,1x,1.0,0.8257575757575758,0.7348484848484849,0.7992424242424244,-0.0909090909090909,-0.0643939393939395,10.0,12.0,True,12.0,11.0,True,CBraMod,3000.0,1.0,True
PhysionetMI,103,53,2x,1.0,0.9090909090909092,0.7386363636363636,0.8803030303030303,-0.1704545454545455,-0.1416666666666666,10.0,12.0,True,12.0,11.0,True,CBraMod,6000.0,2.0,True
PhysionetMI,103,53,4x,1.0,0.8674242424242424,0.8674242424242424,0.8045454545454545,0.0,0.0628787878787879,10.0,12.0,True,12.0,11.0,True,CBraMod,12000.0,4.0,True
PhysionetMI,103,71,1x,1.0,0.7386363636363636,0.7803030303030303,0.7477272727272728,0.0416666666666666,0.0325757575757574,10.0,12.0,True,12.0,11.0,True,CBraMod,3500.0,1.0,True
PhysionetMI,103,71,2x,1.0,0.821969696969697,0.9090909090909092,0.8303030303030304,0.0871212121212121,0.0787878787878787,10.0,12.0,True,12.0,11.0,True,CBraMod,7000.0,2.0,True
PhysionetMI,103,71,4x,1.0,0.8674242424242424,0.821969696969697,0.8628787878787879,-0.0454545454545454,-0.0409090909090908,10.0,12.0,True,12.0,11.0,True,CBraMod,14000.0,4.0,True
PhysionetMI,105,11,1x,0.0,0.8712121212121212,0.9583333333333331,0.9416666666666668,0.087121212121212,0.0166666666666666,11.0,11.0,True,12.0,11.0,True,CBraMod,3000.0,1.0,True
PhysionetMI,105,11,2x,0.0,0.9166666666666669,0.9128787878787878,0.928030303030303,-0.0037878787878788,-0.0151515151515151,11.0,11.0,True,12.0,11.0,True,CBraMod,6000.0,2.0,True
PhysionetMI,105,11,4x,0.0,0.9583333333333331,0.9583333333333331,0.925,0.0,0.0333333333333332,11.0,11.0,True,12.0,11.0,True,CBraMod,12000.0,4.0,True
PhysionetMI,105,23,1x,0.0,0.9583333333333331,0.9128787878787878,0.9450757575757576,-0.0454545454545454,-0.0321969696969697,11.0,11.0,True,12.0,11.0,True,CBraMod,3500.0,1.0,True
PhysionetMI,105,23,2x,0.0,0.9583333333333331,0.9583333333333331,0.9454545454545452,0.0,0.0128787878787879,11.0,11.0,True,12.0,11.0,True,CBraMod,7000.0,2.0,True
PhysionetMI,105,23,4x,0.0,0.9128787878787878,0.9128787878787878,0.9325757575757576,0.0,-0.0196969696969697,11.0,11.0,True,12.0,11.0,True,CBraMod,14000.0,4.0,True
PhysionetMI,105,37,1x,0.0,0.9583333333333331,0.9583333333333331,0.95,0.0,0.0083333333333333,11.0,11.0,True,12.0,11.0,True,CBraMod,3000.0,1.0,True
PhysionetMI,105,37,2x,0.0,0.9166666666666669,0.9166666666666669,0.9166666666666666,0.0,1.1102230246251563e-16,11.0,11.0,True,12.0,11.0,True,CBraMod,6000.0,2.0,True
PhysionetMI,105,37,4x,0.0,0.9583333333333331,0.9583333333333331,0.9291666666666668,0.0,0.0291666666666664,11.0,11.0,True,12.0,11.0,True,CBraMod,12000.0,4.0,True
PhysionetMI,105,53,1x,0.0,0.9166666666666669,0.9583333333333331,0.9041666666666666,0.0416666666666665,0.0541666666666666,11.0,11.0,True,12.0,11.0,True,CBraMod,3000.0,1.0,True
PhysionetMI,105,53,2x,0.0,0.9545454545454546,0.9583333333333331,0.974621212121212,0.0037878787878786,-0.0162878787878788,11.0,11.0,True,12.0,11.0,True,CBraMod,6000.0,2.0,True
PhysionetMI,105,53,4x,0.0,0.9583333333333331,0.9583333333333331,0.95,0.0,0.0083333333333333,11.0,11.0,True,12.0,11.0,True,CBraMod,12000.0,4.0,True
PhysionetMI,105,71,1x,0.0,0.8295454545454546,0.9583333333333331,0.8984848484848484,0.1287878787878786,0.0598484848484848,11.0,11.0,True,12.0,11.0,True,CBraMod,3000.0,1.0,True
PhysionetMI,105,71,2x,0.0,0.875,0.9583333333333331,0.9075757575757576,0.0833333333333332,0.0507575757575756,11.0,11.0,True,12.0,11.0,True,CBraMod,6000.0,2.0,True
PhysionetMI,105,71,4x,0.0,0.875,0.9128787878787878,0.9075757575757576,0.0378787878787878,0.0053030303030303,11.0,11.0,True,12.0,11.0,True,CBraMod,12000.0,4.0,True
PhysionetMI,107,11,1x,4.0,0.6515151515151515,0.5643939393939394,0.5511363636363635,-0.087121212121212,0.0132575757575759,12.0,10.0,True,12.0,11.0,True,CBraMod,3000.0,1.0,True
PhysionetMI,107,11,2x,4.0,0.5189393939393939,0.4772727272727273,0.5848484848484848,-0.0416666666666666,-0.1075757575757575,12.0,10.0,True,12.0,11.0,True,CBraMod,6000.0,2.0,True
PhysionetMI,107,11,4x,4.0,0.6098484848484849,0.5643939393939394,0.5977272727272728,-0.0454545454545454,-0.0333333333333333,12.0,10.0,True,12.0,11.0,True,CBraMod,12000.0,4.0,True
PhysionetMI,107,23,1x,4.0,0.5340909090909092,0.4772727272727273,0.4950757575757576,-0.0568181818181818,-0.0178030303030303,12.0,10.0,True,12.0,11.0,True,CBraMod,3500.0,1.0,True
PhysionetMI,107,23,2x,4.0,0.6098484848484849,0.5606060606060606,0.5215909090909092,-0.0492424242424243,0.0390151515151513,12.0,10.0,True,12.0,11.0,True,CBraMod,7000.0,2.0,True
PhysionetMI,107,23,4x,4.0,0.571969696969697,0.5227272727272727,0.5905303030303031,-0.0492424242424243,-0.0678030303030303,12.0,10.0,True,12.0,11.0,True,CBraMod,14000.0,4.0,True
PhysionetMI,107,37,1x,4.0,0.5681818181818181,0.5151515151515151,0.5079545454545454,-0.0530303030303029,0.0071969696969697,12.0,10.0,True,12.0,11.0,True,CBraMod,3000.0,1.0,True
PhysionetMI,107,37,2x,4.0,0.5568181818181819,0.6893939393939394,0.5537878787878788,0.1325757575757575,0.1356060606060606,12.0,10.0,True,12.0,11.0,True,CBraMod,6000.0,2.0,True
PhysionetMI,107,37,4x,4.0,0.5189393939393939,0.6515151515151515,0.5382575757575757,0.1325757575757575,0.1132575757575757,12.0,10.0,True,12.0,11.0,True,CBraMod,12000.0,4.0,True
PhysionetMI,107,53,1x,4.0,0.6136363636363636,0.5227272727272727,0.5367424242424241,-0.0909090909090909,-0.0140151515151514,12.0,10.0,True,12.0,11.0,True,CBraMod,3000.0,1.0,True
PhysionetMI,107,53,2x,4.0,0.5227272727272727,0.5151515151515151,0.5045454545454545,-0.0075757575757575,0.0106060606060606,12.0,10.0,True,12.0,11.0,True,CBraMod,6000.0,2.0,True
PhysionetMI,107,53,4x,4.0,0.5681818181818181,0.606060606060606,0.555681818181818,0.0378787878787878,0.0503787878787879,12.0,10.0,True,12.0,11.0,True,CBraMod,12000.0,4.0,True
PhysionetMI,107,71,1x,4.0,0.5189393939393939,0.5606060606060606,0.5257575757575756,0.0416666666666666,0.0348484848484849,12.0,10.0,True,12.0,11.0,True,CBraMod,3250.0,1.0,True
PhysionetMI,107,71,2x,4.0,0.6553030303030303,0.6893939393939394,0.6098484848484849,0.0340909090909091,0.0795454545454545,12.0,10.0,True,12.0,11.0,True,CBraMod,6500.0,2.0,True
PhysionetMI,107,71,4x,4.0,0.5151515151515151,0.5606060606060606,0.5196969696969697,0.0454545454545454,0.0409090909090908,12.0,10.0,True,12.0,11.0,True,CBraMod,13000.0,4.0,True
PhysionetMI,108,11,1x,1.0,0.8674242424242424,0.8674242424242424,0.8587121212121213,0.0,0.0087121212121211,10.0,12.0,True,12.0,11.0,True,CBraMod,3000.0,1.0,True
PhysionetMI,108,11,2x,1.0,0.7878787878787878,0.8674242424242424,0.7583333333333333,0.0795454545454545,0.1090909090909091,10.0,12.0,True,12.0,11.0,True,CBraMod,6000.0,2.0,True
PhysionetMI,108,11,4x,1.0,0.8712121212121212,0.8636363636363636,0.8359848484848484,-0.0075757575757575,0.0276515151515152,10.0,12.0,True,12.0,11.0,True,CBraMod,12000.0,4.0,True
PhysionetMI,108,23,1x,1.0,0.7878787878787878,0.8295454545454546,0.7791666666666668,0.0416666666666667,0.0503787878787878,10.0,12.0,True,12.0,11.0,True,CBraMod,3000.0,1.0,True
PhysionetMI,108,23,2x,1.0,0.7840909090909092,0.7045454545454546,0.8272727272727274,-0.0795454545454545,-0.1227272727272728,10.0,12.0,True,12.0,11.0,True,CBraMod,6000.0,2.0,True
PhysionetMI,108,23,4x,1.0,0.8295454545454546,0.7462121212121212,0.7931818181818182,-0.0833333333333333,-0.0469696969696969,10.0,12.0,True,12.0,11.0,True,CBraMod,12000.0,4.0,True
PhysionetMI,108,37,1x,,,,,,,,,,,,,,,,False
PhysionetMI,108,37,2x,,,,,,,,,,,,,,,,False
PhysionetMI,108,37,4x,,,,,,,,,,,,,,,,False
PhysionetMI,108,53,1x,1.0,0.8295454545454546,0.8712121212121212,0.8628787878787879,0.0416666666666666,0.0083333333333333,10.0,12.0,True,12.0,11.0,True,CBraMod,3000.0,1.0,True
PhysionetMI,108,53,2x,1.0,0.8712121212121212,0.9128787878787878,0.8500000000000002,0.0416666666666666,0.0628787878787876,10.0,12.0,True,12.0,11.0,True,CBraMod,6000.0,2.0,True
PhysionetMI,108,53,4x,1.0,0.7878787878787878,0.8712121212121212,0.8253787878787879,0.0833333333333333,0.0458333333333332,10.0,12.0,True,12.0,11.0,True,CBraMod,12000.0,4.0,True
PhysionetMI,108,71,1x,1.0,0.7878787878787878,0.9545454545454546,0.7943181818181818,0.1666666666666667,0.1602272727272727,10.0,12.0,True,12.0,11.0,True,CBraMod,3500.0,1.0,True
PhysionetMI,108,71,2x,1.0,0.7840909090909092,0.7840909090909092,0.7977272727272727,0.0,-0.0136363636363635,10.0,12.0,True,12.0,11.0,True,CBraMod,7000.0,2.0,True
PhysionetMI,108,71,4x,1.0,0.8295454545454546,0.8712121212121212,0.8204545454545455,0.0416666666666666,0.0507575757575756,10.0,12.0,True,12.0,11.0,True,CBraMod,14000.0,4.0,True
PhysionetMI,109,11,1x,2.0,0.6893939393939394,0.6477272727272727,0.7242424242424242,-0.0416666666666667,-0.0765151515151515,11.0,11.0,True,12.0,11.0,True,CBraMod,5250.0,1.0,True
PhysionetMI,109,11,2x,2.0,0.6893939393939394,0.6515151515151515,0.6924242424242426,-0.0378787878787879,-0.0409090909090911,11.0,11.0,True,12.0,11.0,True,CBraMod,10500.0,2.0,True
PhysionetMI,109,11,4x,2.0,0.696969696969697,0.6893939393939394,0.6640151515151516,-0.0075757575757575,0.0253787878787878,11.0,11.0,True,12.0,11.0,True,CBraMod,21000.0,4.0,True
PhysionetMI,109,23,1x,2.0,0.7386363636363636,0.6515151515151515,0.6,-0.0871212121212121,0.0515151515151515,11.0,11.0,True,12.0,11.0,True,CBraMod,3250.0,1.0,True
PhysionetMI,109,23,2x,2.0,0.6931818181818181,0.6893939393939394,0.6647727272727273,-0.0037878787878786,0.0246212121212121,11.0,11.0,True,12.0,11.0,True,CBraMod,6500.0,2.0,True
PhysionetMI,109,23,4x,2.0,0.6022727272727273,0.4318181818181818,0.575,-0.1704545454545454,-0.1431818181818181,11.0,11.0,True,12.0,11.0,True,CBraMod,13000.0,4.0,True
PhysionetMI,109,37,1x,2.0,0.731060606060606,0.7765151515151515,0.7356060606060605,0.0454545454545455,0.040909090909091,11.0,11.0,True,12.0,11.0,True,CBraMod,3000.0,1.0,True
PhysionetMI,109,37,2x,2.0,0.696969696969697,0.6136363636363636,0.6647727272727273,-0.0833333333333333,-0.0511363636363636,11.0,11.0,True,12.0,11.0,True,CBraMod,6000.0,2.0,True
PhysionetMI,109,37,4x,2.0,0.6477272727272727,0.6515151515151515,0.6075757575757575,0.0037878787878787,0.0439393939393939,11.0,11.0,True,12.0,11.0,True,CBraMod,12000.0,4.0,True
PhysionetMI,109,53,1x,2.0,0.7386363636363636,0.6856060606060606,0.6715909090909091,-0.053030303030303,0.0140151515151514,11.0,11.0,True,12.0,11.0,True,CBraMod,4000.0,1.0,True
PhysionetMI,109,53,2x,2.0,0.7803030303030303,0.5568181818181819,0.7011363636363637,-0.2234848484848484,-0.1443181818181818,11.0,11.0,True,12.0,11.0,True,CBraMod,8000.0,2.0,True
PhysionetMI,109,53,4x,2.0,0.7386363636363636,0.696969696969697,0.7287878787878789,-0.0416666666666666,-0.0318181818181818,11.0,11.0,True,12.0,11.0,True,CBraMod,16000.0,4.0,True
PhysionetMI,109,71,1x,2.0,0.6553030303030303,0.696969696969697,0.655681818181818,0.0416666666666667,0.0412878787878789,11.0,11.0,True,12.0,11.0,True,CBraMod,3500.0,1.0,True
PhysionetMI,109,71,2x,2.0,0.5227272727272727,0.6893939393939394,0.5484848484848485,0.1666666666666667,0.1409090909090909,11.0,11.0,True,12.0,11.0,True,CBraMod,7000.0,2.0,True
PhysionetMI,109,71,4x,2.0,0.6856060606060606,0.6477272727272727,0.7083333333333334,-0.0378787878787878,-0.0606060606060606,11.0,11.0,True,12.0,11.0,True,CBraMod,14000.0,4.0,True
Dreyer2023,1,11,1x,1.0,0.9166666666666669,0.925,0.8783333333333333,0.0083333333333333,0.0466666666666667,60.0,60.0,True,60.0,60.0,True,CBraMod,3000.0,1.0,True
Dreyer2023,1,11,2x,1.0,0.9166666666666666,0.875,0.905,-0.0416666666666666,-0.03,60.0,60.0,True,60.0,60.0,True,CBraMod,6000.0,2.0,True
Dreyer2023,1,11,4x,1.0,0.9333333333333332,0.9333333333333332,0.9091666666666668,0.0,0.0241666666666666,60.0,60.0,True,60.0,60.0,True,CBraMod,12000.0,4.0,True
Dreyer2023,1,23,1x,1.0,0.8916666666666666,0.8833333333333333,0.8833333333333334,-0.0083333333333333,-1.1102230246251563e-16,60.0,60.0,True,60.0,60.0,True,CBraMod,3000.0,1.0,True
Dreyer2023,1,23,2x,1.0,0.9,0.9083333333333332,0.885,0.0083333333333333,0.0233333333333333,60.0,60.0,True,60.0,60.0,True,CBraMod,6000.0,2.0,True
Dreyer2023,1,23,4x,1.0,0.8833333333333333,0.9083333333333332,0.8908333333333334,0.025,0.0174999999999999,60.0,60.0,True,60.0,60.0,True,CBraMod,12000.0,4.0,True
Dreyer2023,1,37,1x,,,,,,,,,,,,,,,,False
Dreyer2023,1,37,2x,,,,,,,,,,,,,,,,False
Dreyer2023,1,37,4x,,,,,,,,,,,,,,,,False
Dreyer2023,1,53,1x,1.0,0.8583333333333334,0.8916666666666666,0.8841666666666667,0.0333333333333332,0.0074999999999999,60.0,60.0,True,60.0,60.0,True,CBraMod,3000.0,1.0,True
Dreyer2023,1,53,2x,1.0,0.9,0.9166666666666669,0.8891666666666665,0.0166666666666667,0.0275000000000001,60.0,60.0,True,60.0,60.0,True,CBraMod,6000.0,2.0,True
Dreyer2023,1,53,4x,1.0,0.925,0.9,0.8933333333333332,-0.025,0.0066666666666668,60.0,60.0,True,60.0,60.0,True,CBraMod,12000.0,4.0,True
Dreyer2023,1,71,1x,1.0,0.8166666666666667,0.9166666666666666,0.8175000000000001,0.0999999999999999,0.0991666666666665,60.0,60.0,True,60.0,60.0,True,CBraMod,3500.0,1.0,True
Dreyer2023,1,71,2x,1.0,0.9083333333333332,0.8999999999999999,0.8858333333333335,-0.0083333333333334,0.0141666666666664,60.0,60.0,True,60.0,60.0,True,CBraMod,7000.0,2.0,True
Dreyer2023,1,71,4x,1.0,0.925,0.9,0.9083333333333334,-0.025,-0.0083333333333334,60.0,60.0,True,60.0,60.0,True,CBraMod,14000.0,4.0,True
Dreyer2023,2,11,1x,2.0,0.6666666666666667,0.7166666666666667,0.6391666666666667,0.0499999999999999,0.0775,60.0,60.0,True,60.0,60.0,True,CBraMod,5250.0,1.0,True
Dreyer2023,2,11,2x,2.0,0.6416666666666666,0.7,0.635,0.0583333333333333,0.0649999999999999,60.0,60.0,True,60.0,60.0,True,CBraMod,10500.0,2.0,True
Dreyer2023,2,11,4x,2.0,0.7,0.7166666666666667,0.6875,0.0166666666666667,0.0291666666666666,60.0,60.0,True,60.0,60.0,True,CBraMod,21000.0,4.0,True
Dreyer2023,2,23,1x,2.0,0.6333333333333333,0.7166666666666667,0.6491666666666667,0.0833333333333333,0.0675,60.0,60.0,True,60.0,60.0,True,CBraMod,3250.0,1.0,True
Dreyer2023,2,23,2x,2.0,0.6,0.675,0.6516666666666667,0.075,0.0233333333333333,60.0,60.0,True,60.0,60.0,True,CBraMod,6500.0,2.0,True
Dreyer2023,2,23,4x,2.0,0.6499999999999999,0.7166666666666667,0.6391666666666668,0.0666666666666667,0.0774999999999999,60.0,60.0,True,60.0,60.0,True,CBraMod,13000.0,4.0,True
Dreyer2023,2,37,1x,2.0,0.725,0.7,0.7024999999999999,-0.025,-0.0024999999999999,60.0,60.0,True,60.0,60.0,True,CBraMod,3000.0,1.0,True
Dreyer2023,2,37,2x,2.0,0.6833333333333333,0.7583333333333333,0.7183333333333334,0.0749999999999999,0.0399999999999999,60.0,60.0,True,60.0,60.0,True,CBraMod,6000.0,2.0,True
Dreyer2023,2,37,4x,2.0,0.7166666666666667,0.7333333333333334,0.7083333333333334,0.0166666666666667,0.025,60.0,60.0,True,60.0,60.0,True,CBraMod,12000.0,4.0,True
Dreyer2023,2,53,1x,2.0,0.725,0.7333333333333334,0.6900000000000001,0.0083333333333334,0.0433333333333333,60.0,60.0,True,60.0,60.0,True,CBraMod,4000.0,1.0,True
Dreyer2023,2,53,2x,2.0,0.7083333333333333,0.625,0.6916666666666667,-0.0833333333333332,-0.0666666666666666,60.0,60.0,True,60.0,60.0,True,CBraMod,8000.0,2.0,True
Dreyer2023,2,53,4x,2.0,0.6833333333333333,0.7166666666666667,0.6758333333333333,0.0333333333333333,0.0408333333333333,60.0,60.0,True,60.0,60.0,True,CBraMod,16000.0,4.0,True
Dreyer2023,2,71,1x,2.0,0.7166666666666667,0.7583333333333333,0.7058333333333333,0.0416666666666666,0.0524999999999999,60.0,60.0,True,60.0,60.0,True,CBraMod,3500.0,1.0,True
Dreyer2023,2,71,2x,2.0,0.6666666666666666,0.7083333333333333,0.6783333333333333,0.0416666666666666,0.0299999999999999,60.0,60.0,True,60.0,60.0,True,CBraMod,7000.0,2.0,True
Dreyer2023,2,71,4x,2.0,0.6166666666666667,0.75,0.6725,0.1333333333333333,0.0775,60.0,60.0,True,60.0,60.0,True,CBraMod,14000.0,4.0,True
Dreyer2023,3,11,1x,0.0,0.8083333333333333,0.8416666666666667,0.7583333333333334,0.0333333333333333,0.0833333333333332,60.0,60.0,True,60.0,60.0,True,CBraMod,3000.0,1.0,True
Dreyer2023,3,11,2x,0.0,0.8333333333333333,0.8333333333333334,0.8183333333333334,1.1102230246251563e-16,0.015,60.0,60.0,True,60.0,60.0,True,CBraMod,6000.0,2.0,True
Dreyer2023,3,11,4x,0.0,0.8999999999999999,0.875,0.8558333333333333,-0.0249999999999999,0.0191666666666666,60.0,60.0,True,60.0,60.0,True,CBraMod,12000.0,4.0,True
Dreyer2023,3,23,1x,0.0,0.8666666666666667,0.8,0.7825,-0.0666666666666666,0.0175,60.0,60.0,True,60.0,60.0,True,CBraMod,3500.0,1.0,True
Dreyer2023,3,23,2x,0.0,0.8583333333333334,0.8416666666666667,0.8283333333333334,-0.0166666666666667,0.0133333333333333,60.0,60.0,True,60.0,60.0,True,CBraMod,7000.0,2.0,True
Dreyer2023,3,23,4x,0.0,0.8833333333333333,0.8416666666666667,0.8525,-0.0416666666666666,-0.0108333333333333,60.0,60.0,True,60.0,60.0,True,CBraMod,14000.0,4.0,True
Dreyer2023,3,37,1x,0.0,0.8833333333333333,0.8666666666666667,0.8275,-0.0166666666666666,0.0391666666666666,60.0,60.0,True,60.0,60.0,True,CBraMod,3000.0,1.0,True
Dreyer2023,3,37,2x,0.0,0.8416666666666667,0.825,0.8691666666666669,-0.0166666666666667,-0.0441666666666669,60.0,60.0,True,60.0,60.0,True,CBraMod,6000.0,2.0,True
Dreyer2023,3,37,4x,0.0,0.8333333333333333,0.8833333333333333,0.8616666666666667,0.05,0.0216666666666666,60.0,60.0,True,60.0,60.0,True,CBraMod,12000.0,4.0,True
Dreyer2023,3,53,1x,0.0,0.8,0.8166666666666667,0.8008333333333333,0.0166666666666666,0.0158333333333333,60.0,60.0,True,60.0,60.0,True,CBraMod,3000.0,1.0,True
Dreyer2023,3,53,2x,0.0,0.8,0.8583333333333334,0.7883333333333333,0.0583333333333333,0.07,60.0,60.0,True,60.0,60.0,True,CBraMod,6000.0,2.0,True
Dreyer2023,3,53,4x,0.0,0.8833333333333333,0.8833333333333333,0.8341666666666667,0.0,0.0491666666666665,60.0,60.0,True,60.0,60.0,True,CBraMod,12000.0,4.0,True
Dreyer2023,3,71,1x,0.0,0.8,0.75,0.7758333333333332,-0.05,-0.0258333333333331,60.0,60.0,True,60.0,60.0,True,CBraMod,3000.0,1.0,True
Dreyer2023,3,71,2x,0.0,0.7583333333333333,0.8166666666666667,0.7983333333333333,0.0583333333333333,0.0183333333333333,60.0,60.0,True,60.0,60.0,True,CBraMod,6000.0,2.0,True
Dreyer2023,3,71,4x,0.0,0.7666666666666666,0.8583333333333334,0.8049999999999999,0.0916666666666667,0.0533333333333334,60.0,60.0,True,60.0,60.0,True,CBraMod,12000.0,4.0,True
Dreyer2023,5,11,1x,1.0,0.9166666666666669,0.8666666666666667,0.8366666666666667,-0.05,0.03,60.0,60.0,True,60.0,60.0,True,CBraMod,3000.0,1.0,True
Dreyer2023,5,11,2x,1.0,0.925,0.9166666666666666,0.8841666666666667,-0.0083333333333334,0.0324999999999999,60.0,60.0,True,60.0,60.0,True,CBraMod,6000.0,2.0,True
Dreyer2023,5,11,4x,1.0,0.9583333333333331,0.9583333333333331,0.9133333333333332,0.0,0.0449999999999999,60.0,60.0,True,60.0,60.0,True,CBraMod,12000.0,4.0,True
Dreyer2023,5,23,1x,1.0,0.8833333333333333,0.8833333333333333,0.8666666666666666,0.0,0.0166666666666667,60.0,60.0,True,60.0,60.0,True,CBraMod,3000.0,1.0,True
Dreyer2023,5,23,2x,1.0,0.8916666666666666,0.925,0.8666666666666666,0.0333333333333334,0.0583333333333334,60.0,60.0,True,60.0,60.0,True,CBraMod,6000.0,2.0,True
Dreyer2023,5,23,4x,1.0,0.925,0.9333333333333332,0.915,0.0083333333333333,0.0183333333333333,60.0,60.0,True,60.0,60.0,True,CBraMod,12000.0,4.0,True
Dreyer2023,5,37,1x,,,,,,,,,,,,,,,,False
Dreyer2023,5,37,2x,,,,,,,,,,,,,,,,False
Dreyer2023,5,37,4x,,,,,,,,,,,,,,,,False
Dreyer2023,5,53,1x,1.0,0.8666666666666667,0.875,0.85,0.0083333333333333,0.025,60.0,60.0,True,60.0,60.0,True,CBraMod,3000.0,1.0,True
Dreyer2023,5,53,2x,1.0,0.9083333333333332,0.9333333333333332,0.9058333333333334,0.025,0.0274999999999999,60.0,60.0,True,60.0,60.0,True,CBraMod,6000.0,2.0,True
Dreyer2023,5,53,4x,1.0,0.9333333333333332,0.925,0.9,-0.0083333333333333,0.025,60.0,60.0,True,60.0,60.0,True,CBraMod,12000.0,4.0,True
Dreyer2023,5,71,1x,1.0,0.8166666666666667,0.8999999999999999,0.8625,0.0833333333333332,0.0374999999999998,60.0,60.0,True,60.0,60.0,True,CBraMod,3500.0,1.0,True
Dreyer2023,5,71,2x,1.0,0.9333333333333332,0.9583333333333331,0.9375,0.0249999999999999,0.0208333333333332,60.0,60.0,True,60.0,60.0,True,CBraMod,7000.0,2.0,True
Dreyer2023,5,71,4x,1.0,0.9333333333333332,0.9333333333333332,0.9291666666666666,0.0,0.0041666666666667,60.0,60.0,True,60.0,60.0,True,CBraMod,14000.0,4.0,True
Dreyer2023,6,11,1x,3.0,0.7666666666666666,0.7833333333333333,0.7958333333333334,0.0166666666666667,-0.0125,60.0,60.0,True,60.0,60.0,True,CBraMod,3000.0,1.0,True
Dreyer2023,6,11,2x,3.0,0.8083333333333333,0.8166666666666667,0.8275,0.0083333333333333,-0.0108333333333333,60.0,60.0,True,60.0,60.0,True,CBraMod,6000.0,2.0,True
Dreyer2023,6,11,4x,3.0,0.7916666666666667,0.8666666666666667,0.8208333333333334,0.0749999999999999,0.0458333333333332,60.0,60.0,True,60.0,60.0,True,CBraMod,12000.0,4.0,True
Dreyer2023,6,23,1x,3.0,0.7833333333333333,0.8083333333333333,0.7849999999999999,0.025,0.0233333333333334,60.0,60.0,True,60.0,60.0,True,CBraMod,3000.0,1.0,True
Dreyer2023,6,23,2x,3.0,0.8166666666666667,0.8416666666666667,0.825,0.025,0.0166666666666667,60.0,60.0,True,60.0,60.0,True,CBraMod,6000.0,2.0,True
Dreyer2023,6,23,4x,3.0,0.8166666666666667,0.8166666666666667,0.8099999999999999,0.0,0.0066666666666667,60.0,60.0,True,60.0,60.0,True,CBraMod,12000.0,4.0,True
Dreyer2023,6,37,1x,3.0,0.7416666666666667,0.825,0.7674999999999998,0.0833333333333332,0.0575000000000001,60.0,60.0,True,60.0,60.0,True,CBraMod,3000.0,1.0,True
Dreyer2023,6,37,2x,3.0,0.825,0.85,0.7883333333333333,0.025,0.0616666666666666,60.0,60.0,True,60.0,60.0,True,CBraMod,6000.0,2.0,True
Dreyer2023,6,37,4x,3.0,0.8083333333333333,0.8333333333333333,0.7858333333333334,0.0249999999999999,0.0474999999999998,60.0,60.0,True,60.0,60.0,True,CBraMod,12000.0,4.0,True
Dreyer2023,6,53,1x,3.0,0.8416666666666667,0.8583333333333334,0.8474999999999999,0.0166666666666667,0.0108333333333334,60.0,60.0,True,60.0,60.0,True,CBraMod,3750.0,1.0,True
Dreyer2023,6,53,2x,3.0,0.825,0.8583333333333334,0.7925000000000001,0.0333333333333334,0.0658333333333333,60.0,60.0,True,60.0,60.0,True,CBraMod,7500.0,2.0,True
Dreyer2023,6,53,4x,3.0,0.7833333333333333,0.8416666666666667,0.7933333333333333,0.0583333333333333,0.0483333333333333,60.0,60.0,True,60.0,60.0,True,CBraMod,15000.0,4.0,True
Dreyer2023,6,71,1x,3.0,0.7916666666666667,0.8166666666666667,0.7808333333333334,0.0249999999999999,0.0358333333333332,60.0,60.0,True,60.0,60.0,True,CBraMod,3250.0,1.0,True
Dreyer2023,6,71,2x,3.0,0.7666666666666666,0.8416666666666667,0.7966666666666666,0.075,0.045,60.0,60.0,True,60.0,60.0,True,CBraMod,6500.0,2.0,True
Dreyer2023,6,71,4x,3.0,0.8,0.8,0.7833333333333333,0.0,0.0166666666666667,60.0,60.0,True,60.0,60.0,True,CBraMod,13000.0,4.0,True
Dreyer2023,7,11,1x,3.0,0.975,0.975,0.8925000000000001,0.0,0.0824999999999999,60.0,60.0,True,60.0,60.0,True,CBraMod,3000.0,1.0,True
Dreyer2023,7,11,2x,3.0,0.9416666666666668,0.9833333333333332,0.9516666666666664,0.0416666666666666,0.0316666666666667,60.0,60.0,True,60.0,60.0,True,CBraMod,6000.0,2.0,True
Dreyer2023,7,11,4x,3.0,0.975,0.975,0.9725,0.0,0.0025,60.0,60.0,True,60.0,60.0,True,CBraMod,12000.0,4.0,True
Dreyer2023,7,23,1x,3.0,0.9833333333333332,0.975,0.9441666666666666,-0.0083333333333333,0.0308333333333333,60.0,60.0,True,60.0,60.0,True,CBraMod,3000.0,1.0,True
Dreyer2023,7,23,2x,3.0,0.9583333333333331,0.9833333333333332,0.9408333333333332,0.025,0.0424999999999999,60.0,60.0,True,60.0,60.0,True,CBraMod,6000.0,2.0,True
Dreyer2023,7,23,4x,3.0,0.9833333333333334,0.975,0.9591666666666668,-0.0083333333333334,0.0158333333333332,60.0,60.0,True,60.0,60.0,True,CBraMod,12000.0,4.0,True
Dreyer2023,7,37,1x,3.0,0.975,0.9666666666666666,0.9608333333333334,-0.0083333333333334,0.0058333333333331,60.0,60.0,True,60.0,60.0,True,CBraMod,3000.0,1.0,True
Dreyer2023,7,37,2x,3.0,0.9916666666666668,0.9833333333333332,0.9608333333333334,-0.0083333333333334,0.0224999999999998,60.0,60.0,True,60.0,60.0,True,CBraMod,6000.0,2.0,True
Dreyer2023,7,37,4x,3.0,0.975,0.9833333333333332,0.9624999999999998,0.0083333333333333,0.0208333333333334,60.0,60.0,True,60.0,60.0,True,CBraMod,12000.0,4.0,True
Dreyer2023,7,53,1x,3.0,0.9583333333333331,0.975,0.9549999999999998,0.0166666666666667,0.0200000000000001,60.0,60.0,True,60.0,60.0,True,CBraMod,3750.0,1.0,True
Dreyer2023,7,53,2x,3.0,0.9916666666666668,1.0,0.9708333333333332,0.0083333333333333,0.0291666666666667,60.0,60.0,True,60.0,60.0,True,CBraMod,7500.0,2.0,True
Dreyer2023,7,53,4x,3.0,0.9916666666666668,1.0,0.9758333333333332,0.0083333333333333,0.0241666666666666,60.0,60.0,True,60.0,60.0,True,CBraMod,15000.0,4.0,True
Dreyer2023,7,71,1x,3.0,0.95,0.9916666666666668,0.965,0.0416666666666667,0.0266666666666668,60.0,60.0,True,60.0,60.0,True,CBraMod,3250.0,1.0,True
Dreyer2023,7,71,2x,3.0,0.9916666666666668,1.0,0.9783333333333332,0.0083333333333333,0.0216666666666667,60.0,60.0,True,60.0,60.0,True,CBraMod,6500.0,2.0,True
Dreyer2023,7,71,4x,3.0,0.9916666666666668,0.9833333333333332,0.9566666666666664,-0.0083333333333334,0.0266666666666668,60.0,60.0,True,60.0,60.0,True,CBraMod,13000.0,4.0,True
Dreyer2023,8,11,1x,2.0,0.825,0.9,0.8683333333333334,0.075,0.0316666666666666,60.0,60.0,True,60.0,60.0,True,CBraMod,5250.0,1.0,True
Dreyer2023,8,11,2x,2.0,0.8833333333333333,0.9416666666666668,0.8924999999999998,0.0583333333333333,0.0491666666666668,60.0,60.0,True,60.0,60.0,True,CBraMod,10500.0,2.0,True
Dreyer2023,8,11,4x,2.0,0.8666666666666667,0.8999999999999999,0.8683333333333334,0.0333333333333332,0.0316666666666665,60.0,60.0,True,60.0,60.0,True,CBraMod,21000.0,4.0,True
Dreyer2023,8,23,1x,2.0,0.7666666666666666,0.875,0.8208333333333334,0.1083333333333333,0.0541666666666665,60.0,60.0,True,60.0,60.0,True,CBraMod,3250.0,1.0,True
Dreyer2023,8,23,2x,2.0,0.8083333333333333,0.8916666666666666,0.8308333333333333,0.0833333333333332,0.0608333333333332,60.0,60.0,True,60.0,60.0,True,CBraMod,6500.0,2.0,True
Dreyer2023,8,23,4x,2.0,0.8999999999999999,0.925,0.8549999999999999,0.0250000000000001,0.0700000000000001,60.0,60.0,True,60.0,60.0,True,CBraMod,13000.0,4.0,True
Dreyer2023,8,37,1x,2.0,0.825,0.8583333333333334,0.8258333333333333,0.0333333333333334,0.0325,60.0,60.0,True,60.0,60.0,True,CBraMod,3000.0,1.0,True
Dreyer2023,8,37,2x,2.0,0.8333333333333333,0.8833333333333333,0.8408333333333333,0.05,0.0424999999999999,60.0,60.0,True,60.0,60.0,True,CBraMod,6000.0,2.0,True
Dreyer2023,8,37,4x,2.0,0.8666666666666667,0.8833333333333333,0.8766666666666667,0.0166666666666666,0.0066666666666665,60.0,60.0,True,60.0,60.0,True,CBraMod,12000.0,4.0,True
Dreyer2023,8,53,1x,2.0,0.8500000000000001,0.9166666666666666,0.8516666666666666,0.0666666666666665,0.065,60.0,60.0,True,60.0,60.0,True,CBraMod,4000.0,1.0,True
Dreyer2023,8,53,2x,2.0,0.8666666666666667,0.8666666666666667,0.8724999999999999,0.0,-0.0058333333333332,60.0,60.0,True,60.0,60.0,True,CBraMod,8000.0,2.0,True
Dreyer2023,8,53,4x,2.0,0.8666666666666667,0.8833333333333333,0.8583333333333332,0.0166666666666666,0.0250000000000001,60.0,60.0,True,60.0,60.0,True,CBraMod,16000.0,4.0,True
Dreyer2023,8,71,1x,2.0,0.8333333333333333,0.8583333333333334,0.8425,0.0250000000000001,0.0158333333333333,60.0,60.0,True,60.0,60.0,True,CBraMod,3500.0,1.0,True
Dreyer2023,8,71,2x,2.0,0.8583333333333334,0.875,0.8666666666666666,0.0166666666666666,0.0083333333333334,60.0,60.0,True,60.0,60.0,True,CBraMod,7000.0,2.0,True
Dreyer2023,8,71,4x,2.0,0.8916666666666666,0.8833333333333333,0.8800000000000001,-0.0083333333333333,0.0033333333333331,60.0,60.0,True,60.0,60.0,True,CBraMod,14000.0,4.0,True
Dreyer2023,10,11,1x,2.0,0.9666666666666666,0.9583333333333331,0.9458333333333334,-0.0083333333333333,0.0124999999999998,60.0,60.0,True,60.0,60.0,True,CBraMod,5250.0,1.0,True
Dreyer2023,10,11,2x,2.0,0.975,0.9333333333333332,0.9591666666666664,-0.0416666666666666,-0.0258333333333331,60.0,60.0,True,60.0,60.0,True,CBraMod,10500.0,2.0,True
Dreyer2023,10,11,4x,2.0,0.9833333333333334,0.975,0.9783333333333332,-0.0083333333333334,-0.0033333333333332,60.0,60.0,True,60.0,60.0,True,CBraMod,21000.0,4.0,True
Dreyer2023,10,23,1x,2.0,0.925,0.9083333333333332,0.905,-0.0166666666666667,0.0033333333333334,60.0,60.0,True,60.0,60.0,True,CBraMod,3250.0,1.0,True
Dreyer2023,10,23,2x,2.0,0.9416666666666668,0.9666666666666668,0.93,0.025,0.0366666666666666,60.0,60.0,True,60.0,60.0,True,CBraMod,6500.0,2.0,True
Dreyer2023,10,23,4x,2.0,0.9166666666666666,0.9666666666666668,0.9433333333333334,0.05,0.0233333333333333,60.0,60.0,True,60.0,60.0,True,CBraMod,13000.0,4.0,True
Dreyer2023,10,37,1x,2.0,0.9166666666666669,0.9333333333333332,0.9158333333333332,0.0166666666666666,0.0175,60.0,60.0,True,60.0,60.0,True,CBraMod,3000.0,1.0,True
Dreyer2023,10,37,2x,2.0,0.9333333333333332,0.9416666666666668,0.9225,0.0083333333333333,0.0191666666666666,60.0,60.0,True,60.0,60.0,True,CBraMod,6000.0,2.0,True
Dreyer2023,10,37,4x,2.0,0.95,0.9666666666666668,0.9283333333333336,0.0166666666666667,0.0383333333333332,60.0,60.0,True,60.0,60.0,True,CBraMod,12000.0,4.0,True
Dreyer2023,10,53,1x,2.0,0.9083333333333332,0.925,0.9083333333333334,0.0166666666666667,0.0166666666666666,60.0,60.0,True,60.0,60.0,True,CBraMod,4000.0,1.0,True
Dreyer2023,10,53,2x,2.0,0.9333333333333332,0.9833333333333334,0.9333333333333332,0.05,0.0500000000000001,60.0,60.0,True,60.0,60.0,True,CBraMod,8000.0,2.0,True
Dreyer2023,10,53,4x,2.0,0.9666666666666666,0.9666666666666666,0.9458333333333332,0.0,0.0208333333333333,60.0,60.0,True,60.0,60.0,True,CBraMod,16000.0,4.0,True
Dreyer2023,10,71,1x,2.0,0.925,0.9083333333333332,0.8925000000000001,-0.0166666666666667,0.0158333333333332,60.0,60.0,True,60.0,60.0,True,CBraMod,3500.0,1.0,True
Dreyer2023,10,71,2x,2.0,0.95,0.9666666666666666,0.9525,0.0166666666666666,0.0141666666666665,60.0,60.0,True,60.0,60.0,True,CBraMod,7000.0,2.0,True
Dreyer2023,10,71,4x,2.0,0.95,0.9833333333333334,0.9641666666666666,0.0333333333333334,0.0191666666666667,60.0,60.0,True,60.0,60.0,True,CBraMod,14000.0,4.0,True
Dreyer2023,11,11,1x,1.0,0.625,0.75,0.5816666666666667,0.125,0.1683333333333333,60.0,60.0,True,60.0,60.0,True,CBraMod,3000.0,1.0,True
Dreyer2023,11,11,2x,1.0,0.6,0.7083333333333333,0.5616666666666668,0.1083333333333332,0.1466666666666665,60.0,60.0,True,60.0,60.0,True,CBraMod,6000.0,2.0,True
Dreyer2023,11,11,4x,1.0,0.675,0.7083333333333333,0.6216666666666667,0.0333333333333332,0.0866666666666665,60.0,60.0,True,60.0,60.0,True,CBraMod,12000.0,4.0,True
Dreyer2023,11,23,1x,1.0,0.6916666666666667,0.7083333333333333,0.6541666666666666,0.0166666666666666,0.0541666666666666,60.0,60.0,True,60.0,60.0,True,CBraMod,3000.0,1.0,True
Dreyer2023,11,23,2x,1.0,0.6083333333333334,0.7333333333333333,0.58,0.1249999999999998,0.1533333333333333,60.0,60.0,True,60.0,60.0,True,CBraMod,6000.0,2.0,True
Dreyer2023,11,23,4x,1.0,0.6416666666666667,0.7416666666666667,0.6174999999999999,0.0999999999999999,0.1241666666666667,60.0,60.0,True,60.0,60.0,True,CBraMod,12000.0,4.0,True
Dreyer2023,11,37,1x,,,,,,,,,,,,,,,,False
Dreyer2023,11,37,2x,,,,,,,,,,,,,,,,False
Dreyer2023,11,37,4x,,,,,,,,,,,,,,,,False
Dreyer2023,11,53,1x,1.0,0.6000000000000001,0.6666666666666666,0.595,0.0666666666666665,0.0716666666666666,60.0,60.0,True,60.0,60.0,True,CBraMod,3000.0,1.0,True
Dreyer2023,11,53,2x,1.0,0.6333333333333333,0.775,0.6166666666666666,0.1416666666666667,0.1583333333333334,60.0,60.0,True,60.0,60.0,True,CBraMod,6000.0,2.0,True
Dreyer2023,11,53,4x,1.0,0.6083333333333334,0.7166666666666667,0.6158333333333333,0.1083333333333332,0.1008333333333333,60.0,60.0,True,60.0,60.0,True,CBraMod,12000.0,4.0,True
Dreyer2023,11,71,1x,1.0,0.6,0.7333333333333334,0.6050000000000001,0.1333333333333334,0.1283333333333333,60.0,60.0,True,60.0,60.0,True,CBraMod,3500.0,1.0,True
Dreyer2023,11,71,2x,1.0,0.6583333333333333,0.6833333333333333,0.615,0.025,0.0683333333333333,60.0,60.0,True,60.0,60.0,True,CBraMod,7000.0,2.0,True
Dreyer2023,11,71,4x,1.0,0.6499999999999999,0.6416666666666666,0.61,-0.0083333333333333,0.0316666666666666,60.0,60.0,True,60.0,60.0,True,CBraMod,14000.0,4.0,True
Dreyer2023,12,11,1x,1.0,0.9083333333333332,0.9416666666666668,0.8975,0.0333333333333333,0.0441666666666666,60.0,60.0,True,60.0,60.0,True,CBraMod,3000.0,1.0,True
Dreyer2023,12,11,2x,1.0,0.925,0.925,0.905,0.0,0.02,60.0,60.0,True,60.0,60.0,True,CBraMod,6000.0,2.0,True
Dreyer2023,12,11,4x,1.0,0.925,0.9583333333333331,0.9408333333333332,0.0333333333333332,0.0174999999999999,60.0,60.0,True,60.0,60.0,True,CBraMod,12000.0,4.0,True
Dreyer2023,12,23,1x,1.0,0.8583333333333334,0.8916666666666666,0.8600000000000001,0.0333333333333332,0.0316666666666665,60.0,60.0,True,60.0,60.0,True,CBraMod,3000.0,1.0,True
Dreyer2023,12,23,2x,1.0,0.9416666666666668,0.925,0.8958333333333334,-0.0166666666666666,0.0291666666666666,60.0,60.0,True,60.0,60.0,True,CBraMod,6000.0,2.0,True
Dreyer2023,12,23,4x,1.0,0.925,0.95,0.9133333333333332,0.0249999999999999,0.0366666666666666,60.0,60.0,True,60.0,60.0,True,CBraMod,12000.0,4.0,True
Dreyer2023,12,37,1x,,,,,,,,,,,,,,,,False
Dreyer2023,12,37,2x,,,,,,,,,,,,,,,,False
Dreyer2023,12,37,4x,,,,,,,,,,,,,,,,False
Dreyer2023,12,53,1x,1.0,0.9083333333333332,0.925,0.8883333333333333,0.0166666666666667,0.0366666666666667,60.0,60.0,True,60.0,60.0,True,CBraMod,3000.0,1.0,True
Dreyer2023,12,53,2x,1.0,0.9083333333333332,0.9333333333333332,0.8858333333333335,0.025,0.0474999999999998,60.0,60.0,True,60.0,60.0,True,CBraMod,6000.0,2.0,True
Dreyer2023,12,53,4x,1.0,0.9166666666666669,0.9333333333333332,0.9183333333333332,0.0166666666666666,0.015,60.0,60.0,True,60.0,60.0,True,CBraMod,12000.0,4.0,True
Dreyer2023,12,71,1x,1.0,0.8666666666666667,0.925,0.8825000000000001,0.0583333333333333,0.0424999999999999,60.0,60.0,True,60.0,60.0,True,CBraMod,3500.0,1.0,True
Dreyer2023,12,71,2x,1.0,0.925,0.95,0.9341666666666668,0.0249999999999999,0.0158333333333331,60.0,60.0,True,60.0,60.0,True,CBraMod,7000.0,2.0,True
Dreyer2023,12,71,4x,1.0,0.95,0.975,0.9591666666666668,0.025,0.0158333333333332,60.0,60.0,True,60.0,60.0,True,CBraMod,14000.0,4.0,True
Dreyer2023,13,11,1x,1.0,0.75,0.7749999999999999,0.7508333333333332,0.0249999999999999,0.0241666666666666,60.0,60.0,True,60.0,60.0,True,CBraMod,3000.0,1.0,True
Dreyer2023,13,11,2x,1.0,0.7833333333333333,0.7833333333333333,0.7591666666666665,0.0,0.0241666666666667,60.0,60.0,True,60.0,60.0,True,CBraMod,6000.0,2.0,True
Dreyer2023,13,11,4x,1.0,0.7583333333333333,0.75,0.7466666666666667,-0.0083333333333333,0.0033333333333332,60.0,60.0,True,60.0,60.0,True,CBraMod,12000.0,4.0,True
Dreyer2023,13,23,1x,1.0,0.7416666666666667,0.7333333333333334,0.7391666666666666,-0.0083333333333333,-0.0058333333333332,60.0,60.0,True,60.0,60.0,True,CBraMod,3000.0,1.0,True
Dreyer2023,13,23,2x,1.0,0.7833333333333334,0.7916666666666667,0.7583333333333332,0.0083333333333333,0.0333333333333335,60.0,60.0,True,60.0,60.0,True,CBraMod,6000.0,2.0,True
Dreyer2023,13,23,4x,1.0,0.7916666666666666,0.7916666666666667,0.7816666666666666,1.1102230246251563e-16,0.0100000000000001,60.0,60.0,True,60.0,60.0,True,CBraMod,12000.0,4.0,True
Dreyer2023,13,37,1x,,,,,,,,,,,,,,,,False
Dreyer2023,13,37,2x,,,,,,,,,,,,,,,,False
Dreyer2023,13,37,4x,,,,,,,,,,,,,,,,False
Dreyer2023,13,53,1x,1.0,0.7583333333333333,0.7416666666666667,0.7549999999999999,-0.0166666666666666,-0.0133333333333331,60.0,60.0,True,60.0,60.0,True,CBraMod,3000.0,1.0,True
Dreyer2023,13,53,2x,1.0,0.7583333333333333,0.7916666666666667,0.7391666666666667,0.0333333333333334,0.0524999999999999,60.0,60.0,True,60.0,60.0,True,CBraMod,6000.0,2.0,True
Dreyer2023,13,53,4x,1.0,0.75,0.7583333333333333,0.7483333333333334,0.0083333333333333,0.0099999999999998,60.0,60.0,True,60.0,60.0,True,CBraMod,12000.0,4.0,True
Dreyer2023,13,71,1x,1.0,0.7,0.8083333333333333,0.7441666666666666,0.1083333333333333,0.0641666666666667,60.0,60.0,True,60.0,60.0,True,CBraMod,3500.0,1.0,True
Dreyer2023,13,71,2x,1.0,0.7666666666666666,0.7583333333333333,0.7733333333333333,-0.0083333333333333,-0.015,60.0,60.0,True,60.0,60.0,True,CBraMod,7000.0,2.0,True
Dreyer2023,13,71,4x,1.0,0.7916666666666667,0.7666666666666666,0.7683333333333333,-0.0250000000000001,-0.0016666666666667,60.0,60.0,True,60.0,60.0,True,CBraMod,14000.0,4.0,True
Dreyer2023,14,11,1x,4.0,0.7,0.75,0.7208333333333333,0.05,0.0291666666666666,60.0,60.0,True,60.0,60.0,True,CBraMod,3000.0,1.0,True
Dreyer2023,14,11,2x,4.0,0.6916666666666667,0.7333333333333334,0.7166666666666667,0.0416666666666667,0.0166666666666667,60.0,60.0,True,60.0,60.0,True,CBraMod,6000.0,2.0,True
Dreyer2023,14,11,4x,4.0,0.7,0.7333333333333334,0.6950000000000001,0.0333333333333334,0.0383333333333333,60.0,60.0,True,60.0,60.0,True,CBraMod,12000.0,4.0,True
Dreyer2023,14,23,1x,4.0,0.6583333333333333,0.7333333333333334,0.69,0.075,0.0433333333333334,60.0,60.0,True,60.0,60.0,True,CBraMod,3500.0,1.0,True
Dreyer2023,14,23,2x,4.0,0.7,0.7333333333333334,0.6950000000000001,0.0333333333333334,0.0383333333333333,60.0,60.0,True,60.0,60.0,True,CBraMod,7000.0,2.0,True
Dreyer2023,14,23,4x,4.0,0.7250000000000001,0.775,0.6775,0.0499999999999999,0.0975,60.0,60.0,True,60.0,60.0,True,CBraMod,14000.0,4.0,True
Dreyer2023,14,37,1x,4.0,0.7916666666666666,0.8083333333333333,0.7525,0.0166666666666667,0.0558333333333334,60.0,60.0,True,60.0,60.0,True,CBraMod,3000.0,1.0,True
Dreyer2023,14,37,2x,4.0,0.8166666666666667,0.8166666666666667,0.7858333333333334,0.0,0.0308333333333332,60.0,60.0,True,60.0,60.0,True,CBraMod,6000.0,2.0,True
Dreyer2023,14,37,4x,4.0,0.725,0.8,0.7416666666666667,0.075,0.0583333333333333,60.0,60.0,True,60.0,60.0,True,CBraMod,12000.0,4.0,True
Dreyer2023,14,53,1x,4.0,0.7083333333333333,0.7916666666666666,0.67,0.0833333333333333,0.1216666666666665,60.0,60.0,True,60.0,60.0,True,CBraMod,3000.0,1.0,True
Dreyer2023,14,53,2x,4.0,0.7,0.7416666666666667,0.6783333333333333,0.0416666666666667,0.0633333333333333,60.0,60.0,True,60.0,60.0,True,CBraMod,6000.0,2.0,True
Dreyer2023,14,53,4x,4.0,0.7416666666666667,0.8416666666666667,0.6733333333333333,0.0999999999999999,0.1683333333333333,60.0,60.0,True,60.0,60.0,True,CBraMod,12000.0,4.0,True
Dreyer2023,14,71,1x,4.0,0.6333333333333333,0.7,0.6191666666666668,0.0666666666666666,0.0808333333333332,60.0,60.0,True,60.0,60.0,True,CBraMod,3250.0,1.0,True
Dreyer2023,14,71,2x,4.0,0.6416666666666667,0.7416666666666667,0.6566666666666666,0.0999999999999999,0.085,60.0,60.0,True,60.0,60.0,True,CBraMod,6500.0,2.0,True
Dreyer2023,14,71,4x,4.0,0.6166666666666667,0.7083333333333333,0.6366666666666667,0.0916666666666665,0.0716666666666665,60.0,60.0,True,60.0,60.0,True,CBraMod,13000.0,4.0,True
Dreyer2023,15,11,1x,0.0,0.9166666666666666,0.9166666666666669,0.905,1.1102230246251563e-16,0.0116666666666668,60.0,60.0,True,60.0,60.0,True,CBraMod,3000.0,1.0,True
Dreyer2023,15,11,2x,0.0,0.9333333333333332,0.9666666666666666,0.9241666666666668,0.0333333333333332,0.0424999999999998,60.0,60.0,True,60.0,60.0,True,CBraMod,6000.0,2.0,True
Dreyer2023,15,11,4x,0.0,0.9416666666666668,0.9333333333333332,0.9408333333333332,-0.0083333333333333,-0.0074999999999999,60.0,60.0,True,60.0,60.0,True,CBraMod,12000.0,4.0,True
Dreyer2023,15,23,1x,0.0,0.925,0.8916666666666666,0.9183333333333336,-0.0333333333333334,-0.0266666666666669,60.0,60.0,True,60.0,60.0,True,CBraMod,3500.0,1.0,True
Dreyer2023,15,23,2x,0.0,0.9583333333333331,0.9416666666666668,0.9416666666666664,-0.0166666666666666,2.220446049250313e-16,60.0,60.0,True,60.0,60.0,True,CBraMod,7000.0,2.0,True
Dreyer2023,15,23,4x,0.0,0.95,0.9583333333333331,0.9308333333333332,0.0083333333333333,0.0275,60.0,60.0,True,60.0,60.0,True,CBraMod,14000.0,4.0,True
Dreyer2023,15,37,1x,0.0,0.9416666666666668,0.9333333333333332,0.9275,-0.0083333333333333,0.0058333333333334,60.0,60.0,True,60.0,60.0,True,CBraMod,3000.0,1.0,True
Dreyer2023,15,37,2x,0.0,0.9583333333333331,0.9583333333333331,0.9383333333333336,0.0,0.0199999999999997,60.0,60.0,True,60.0,60.0,True,CBraMod,6000.0,2.0,True
Dreyer2023,15,37,4x,0.0,0.9583333333333331,0.9833333333333334,0.9425,0.0250000000000001,0.0408333333333332,60.0,60.0,True,60.0,60.0,True,CBraMod,12000.0,4.0,True
Dreyer2023,15,53,1x,0.0,0.925,0.9333333333333332,0.9416666666666668,0.0083333333333333,-0.0083333333333334,60.0,60.0,True,60.0,60.0,True,CBraMod,3000.0,1.0,True
Dreyer2023,15,53,2x,0.0,0.9333333333333332,0.95,0.9341666666666668,0.0166666666666666,0.0158333333333331,60.0,60.0,True,60.0,60.0,True,CBraMod,6000.0,2.0,True
Dreyer2023,15,53,4x,0.0,0.95,0.9583333333333331,0.9275,0.0083333333333333,0.0308333333333332,60.0,60.0,True,60.0,60.0,True,CBraMod,12000.0,4.0,True
Dreyer2023,15,71,1x,0.0,0.9166666666666666,0.9166666666666666,0.8958333333333333,0.0,0.0208333333333333,60.0,60.0,True,60.0,60.0,True,CBraMod,3000.0,1.0,True
Dreyer2023,15,71,2x,0.0,0.925,0.9416666666666668,0.9166666666666669,0.0166666666666666,0.0249999999999999,60.0,60.0,True,60.0,60.0,True,CBraMod,6000.0,2.0,True
Dreyer2023,15,71,4x,0.0,0.9083333333333332,0.925,0.9333333333333332,0.0166666666666667,-0.0083333333333333,60.0,60.0,True,60.0,60.0,True,CBraMod,12000.0,4.0,True
Dreyer2023,16,11,1x,4.0,0.85,0.8500000000000001,0.8216666666666667,1.1102230246251563e-16,0.0283333333333334,60.0,60.0,True,60.0,60.0,True,CBraMod,3000.0,1.0,True
Dreyer2023,16,11,2x,4.0,0.8583333333333334,0.8916666666666666,0.8399999999999999,0.0333333333333332,0.0516666666666667,60.0,60.0,True,60.0,60.0,True,CBraMod,6000.0,2.0,True
Dreyer2023,16,11,4x,4.0,0.8166666666666667,0.8916666666666666,0.8099999999999999,0.0749999999999999,0.0816666666666666,60.0,60.0,True,60.0,60.0,True,CBraMod,12000.0,4.0,True
Dreyer2023,16,23,1x,4.0,0.8416666666666667,0.8916666666666666,0.8200000000000001,0.0499999999999999,0.0716666666666665,60.0,60.0,True,60.0,60.0,True,CBraMod,3500.0,1.0,True
Dreyer2023,16,23,2x,4.0,0.8583333333333334,0.9083333333333332,0.8208333333333332,0.0499999999999999,0.0875000000000001,60.0,60.0,True,60.0,60.0,True,CBraMod,7000.0,2.0,True
Dreyer2023,16,23,4x,4.0,0.8583333333333333,0.9166666666666669,0.8133333333333335,0.0583333333333334,0.1033333333333332,60.0,60.0,True,60.0,60.0,True,CBraMod,14000.0,4.0,True
Dreyer2023,16,37,1x,4.0,0.8583333333333334,0.8916666666666666,0.8033333333333333,0.0333333333333332,0.0883333333333332,60.0,60.0,True,60.0,60.0,True,CBraMod,3000.0,1.0,True
Dreyer2023,16,37,2x,4.0,0.9,0.8916666666666666,0.8541666666666667,-0.0083333333333334,0.0374999999999998,60.0,60.0,True,60.0,60.0,True,CBraMod,6000.0,2.0,True
Dreyer2023,16,37,4x,4.0,0.7833333333333333,0.8666666666666667,0.7933333333333333,0.0833333333333333,0.0733333333333333,60.0,60.0,True,60.0,60.0,True,CBraMod,12000.0,4.0,True
Dreyer2023,16,53,1x,4.0,0.8583333333333334,0.875,0.7708333333333333,0.0166666666666666,0.1041666666666667,60.0,60.0,True,60.0,60.0,True,CBraMod,3000.0,1.0,True
Dreyer2023,16,53,2x,4.0,0.825,0.8416666666666667,0.795,0.0166666666666667,0.0466666666666666,60.0,60.0,True,60.0,60.0,True,CBraMod,6000.0,2.0,True
Dreyer2023,16,53,4x,4.0,0.7916666666666667,0.85,0.7783333333333334,0.0583333333333332,0.0716666666666665,60.0,60.0,True,60.0,60.0,True,CBraMod,12000.0,4.0,True
Dreyer2023,16,71,1x,4.0,0.725,0.8,0.755,0.075,0.045,60.0,60.0,True,60.0,60.0,True,CBraMod,3250.0,1.0,True
Dreyer2023,16,71,2x,4.0,0.7916666666666667,0.825,0.7575000000000001,0.0333333333333332,0.0674999999999999,60.0,60.0,True,60.0,60.0,True,CBraMod,6500.0,2.0,True
Dreyer2023,16,71,4x,4.0,0.8666666666666667,0.9,0.805,0.0333333333333333,0.0949999999999999,60.0,60.0,True,60.0,60.0,True,CBraMod,13000.0,4.0,True
Dreyer2023,18,11,1x,4.0,0.9333333333333332,0.9583333333333331,0.9141666666666668,0.0249999999999999,0.0441666666666664,60.0,60.0,True,60.0,60.0,True,CBraMod,3000.0,1.0,True
Dreyer2023,18,11,2x,4.0,0.9416666666666668,0.9583333333333331,0.9066666666666666,0.0166666666666666,0.0516666666666666,60.0,60.0,True,60.0,60.0,True,CBraMod,6000.0,2.0,True
Dreyer2023,18,11,4x,4.0,0.925,0.95,0.91,0.0249999999999999,0.0399999999999998,60.0,60.0,True,60.0,60.0,True,CBraMod,12000.0,4.0,True
Dreyer2023,18,23,1x,4.0,0.95,0.975,0.9433333333333334,0.025,0.0316666666666666,60.0,60.0,True,60.0,60.0,True,CBraMod,3500.0,1.0,True
Dreyer2023,18,23,2x,4.0,0.9666666666666668,0.975,0.9208333333333334,0.0083333333333333,0.0541666666666665,60.0,60.0,True,60.0,60.0,True,CBraMod,7000.0,2.0,True
Dreyer2023,18,23,4x,4.0,0.95,0.9416666666666668,0.9408333333333332,-0.0083333333333333,0.0008333333333333,60.0,60.0,True,60.0,60.0,True,CBraMod,14000.0,4.0,True
Dreyer2023,18,37,1x,4.0,0.95,0.9666666666666666,0.9308333333333332,0.0166666666666666,0.0358333333333333,60.0,60.0,True,60.0,60.0,True,CBraMod,3000.0,1.0,True
Dreyer2023,18,37,2x,4.0,0.975,0.9583333333333331,0.9599999999999996,-0.0166666666666667,-0.0016666666666664,60.0,60.0,True,60.0,60.0,True,CBraMod,6000.0,2.0,True
Dreyer2023,18,37,4x,4.0,0.975,0.95,0.9375,-0.025,0.0124999999999999,60.0,60.0,True,60.0,60.0,True,CBraMod,12000.0,4.0,True
Dreyer2023,18,53,1x,4.0,0.8916666666666666,0.9583333333333331,0.93,0.0666666666666666,0.0283333333333332,60.0,60.0,True,60.0,60.0,True,CBraMod,3000.0,1.0,True
Dreyer2023,18,53,2x,4.0,0.9166666666666669,0.9666666666666666,0.9258333333333332,0.0499999999999998,0.0408333333333332,60.0,60.0,True,60.0,60.0,True,CBraMod,6000.0,2.0,True
Dreyer2023,18,53,4x,4.0,0.8666666666666667,0.95,0.9025,0.0833333333333332,0.0474999999999998,60.0,60.0,True,60.0,60.0,True,CBraMod,12000.0,4.0,True
Dreyer2023,18,71,1x,4.0,0.875,0.875,0.8433333333333334,0.0,0.0316666666666666,60.0,60.0,True,60.0,60.0,True,CBraMod,3250.0,1.0,True
Dreyer2023,18,71,2x,4.0,0.8,0.9416666666666668,0.8375,0.1416666666666666,0.1041666666666666,60.0,60.0,True,60.0,60.0,True,CBraMod,6500.0,2.0,True
Dreyer2023,18,71,4x,4.0,0.8666666666666667,0.9083333333333332,0.8633333333333333,0.0416666666666666,0.045,60.0,60.0,True,60.0,60.0,True,CBraMod,13000.0,4.0,True
Dreyer2023,19,11,1x,4.0,0.925,0.9583333333333331,0.8766666666666667,0.0333333333333332,0.0816666666666665,60.0,60.0,True,60.0,60.0,True,CBraMod,3000.0,1.0,True
Dreyer2023,19,11,2x,4.0,0.925,0.9833333333333332,0.8858333333333333,0.0583333333333332,0.0975,60.0,60.0,True,60.0,60.0,True,CBraMod,6000.0,2.0,True
Dreyer2023,19,11,4x,4.0,0.9083333333333332,0.9666666666666668,0.8991666666666666,0.0583333333333333,0.0675000000000001,60.0,60.0,True,60.0,60.0,True,CBraMod,12000.0,4.0,True
Dreyer2023,19,23,1x,4.0,0.9583333333333331,0.975,0.8933333333333333,0.0166666666666667,0.0816666666666666,60.0,60.0,True,60.0,60.0,True,CBraMod,3500.0,1.0,True
Dreyer2023,19,23,2x,4.0,0.925,0.95,0.8908333333333335,0.0249999999999999,0.0591666666666664,60.0,60.0,True,60.0,60.0,True,CBraMod,7000.0,2.0,True
Dreyer2023,19,23,4x,4.0,0.8999999999999999,0.9666666666666666,0.9,0.0666666666666666,0.0666666666666665,60.0,60.0,True,60.0,60.0,True,CBraMod,14000.0,4.0,True
Dreyer2023,19,37,1x,4.0,0.925,0.9833333333333332,0.9108333333333334,0.0583333333333332,0.0724999999999999,60.0,60.0,True,60.0,60.0,True,CBraMod,3000.0,1.0,True
Dreyer2023,19,37,2x,4.0,0.925,0.9666666666666668,0.9399999999999998,0.0416666666666666,0.0266666666666668,60.0,60.0,True,60.0,60.0,True,CBraMod,6000.0,2.0,True
Dreyer2023,19,37,4x,4.0,0.925,0.9583333333333331,0.9216666666666666,0.0333333333333332,0.0366666666666666,60.0,60.0,True,60.0,60.0,True,CBraMod,12000.0,4.0,True
Dreyer2023,19,53,1x,4.0,0.9583333333333331,0.9416666666666668,0.9008333333333332,-0.0166666666666666,0.0408333333333333,60.0,60.0,True,60.0,60.0,True,CBraMod,3000.0,1.0,True
Dreyer2023,19,53,2x,4.0,0.9,0.925,0.8766666666666667,0.025,0.0483333333333333,60.0,60.0,True,60.0,60.0,True,CBraMod,6000.0,2.0,True
Dreyer2023,19,53,4x,4.0,0.9583333333333331,0.9333333333333332,0.8991666666666667,-0.0249999999999999,0.0341666666666666,60.0,60.0,True,60.0,60.0,True,CBraMod,12000.0,4.0,True
Dreyer2023,19,71,1x,4.0,0.7666666666666666,0.925,0.8083333333333333,0.1583333333333334,0.1166666666666667,60.0,60.0,True,60.0,60.0,True,CBraMod,3250.0,1.0,True
Dreyer2023,19,71,2x,4.0,0.8583333333333334,0.9416666666666668,0.8099999999999999,0.0833333333333332,0.1316666666666667,60.0,60.0,True,60.0,60.0,True,CBraMod,6500.0,2.0,True
Dreyer2023,19,71,4x,4.0,0.9083333333333332,0.9416666666666668,0.8741666666666668,0.0333333333333333,0.0674999999999999,60.0,60.0,True,60.0,60.0,True,CBraMod,13000.0,4.0,True
Dreyer2023,20,11,1x,4.0,0.8999999999999999,0.925,0.8425,0.0250000000000001,0.0825,60.0,60.0,True,60.0,60.0,True,CBraMod,3000.0,1.0,True
Dreyer2023,20,11,2x,4.0,0.9333333333333332,0.9166666666666666,0.8675,-0.0166666666666667,0.0491666666666665,60.0,60.0,True,60.0,60.0,True,CBraMod,6000.0,2.0,True
Dreyer2023,20,11,4x,4.0,0.9333333333333332,0.9333333333333332,0.9025,0.0,0.0308333333333332,60.0,60.0,True,60.0,60.0,True,CBraMod,12000.0,4.0,True
Dreyer2023,20,23,1x,4.0,0.95,0.9333333333333332,0.9283333333333332,-0.0166666666666666,0.005,60.0,60.0,True,60.0,60.0,True,CBraMod,3500.0,1.0,True
Dreyer2023,20,23,2x,4.0,0.95,0.9333333333333332,0.9425,-0.0166666666666666,-0.0091666666666667,60.0,60.0,True,60.0,60.0,True,CBraMod,7000.0,2.0,True
Dreyer2023,20,23,4x,4.0,0.9416666666666668,0.9416666666666668,0.935,0.0,0.0066666666666667,60.0,60.0,True,60.0,60.0,True,CBraMod,14000.0,4.0,True
Dreyer2023,20,37,1x,4.0,0.9166666666666666,0.9416666666666668,0.8933333333333333,0.025,0.0483333333333333,60.0,60.0,True,60.0,60.0,True,CBraMod,3000.0,1.0,True
Dreyer2023,20,37,2x,4.0,0.925,0.9416666666666668,0.9425,0.0166666666666666,-0.0008333333333332,60.0,60.0,True,60.0,60.0,True,CBraMod,6000.0,2.0,True
Dreyer2023,20,37,4x,4.0,0.9666666666666668,0.9333333333333332,0.9283333333333332,-0.0333333333333333,0.005,60.0,60.0,True,60.0,60.0,True,CBraMod,12000.0,4.0,True
Dreyer2023,20,53,1x,4.0,0.9416666666666668,0.95,0.93,0.0083333333333333,0.0199999999999999,60.0,60.0,True,60.0,60.0,True,CBraMod,3000.0,1.0,True
Dreyer2023,20,53,2x,4.0,0.9333333333333332,0.9416666666666668,0.9333333333333332,0.0083333333333333,0.0083333333333334,60.0,60.0,True,60.0,60.0,True,CBraMod,6000.0,2.0,True
Dreyer2023,20,53,4x,4.0,0.9333333333333332,0.925,0.9075,-0.0083333333333333,0.0175,60.0,60.0,True,60.0,60.0,True,CBraMod,12000.0,4.0,True
Dreyer2023,20,71,1x,4.0,0.875,0.8583333333333334,0.8675,-0.0166666666666666,-0.0091666666666666,60.0,60.0,True,60.0,60.0,True,CBraMod,3250.0,1.0,True
Dreyer2023,20,71,2x,4.0,0.8416666666666667,0.9166666666666669,0.8475000000000001,0.075,0.0691666666666666,60.0,60.0,True,60.0,60.0,True,CBraMod,6500.0,2.0,True
Dreyer2023,20,71,4x,4.0,0.9416666666666668,0.95,0.9016666666666666,0.0083333333333333,0.0483333333333333,60.0,60.0,True,60.0,60.0,True,CBraMod,13000.0,4.0,True
Dreyer2023,21,11,1x,1.0,0.9166666666666666,0.925,0.8891666666666668,0.0083333333333334,0.0358333333333332,60.0,60.0,True,60.0,60.0,True,CBraMod,3000.0,1.0,True
Dreyer2023,21,11,2x,1.0,0.9083333333333332,0.9416666666666668,0.8983333333333332,0.0333333333333333,0.0433333333333334,60.0,60.0,True,60.0,60.0,True,CBraMod,6000.0,2.0,True
Dreyer2023,21,11,4x,1.0,0.925,0.9416666666666668,0.9008333333333336,0.0166666666666666,0.0408333333333331,60.0,60.0,True,60.0,60.0,True,CBraMod,12000.0,4.0,True
Dreyer2023,21,23,1x,1.0,0.9166666666666666,0.9166666666666669,0.9141666666666666,1.1102230246251563e-16,0.0025000000000001,60.0,60.0,True,60.0,60.0,True,CBraMod,3000.0,1.0,True
Dreyer2023,21,23,2x,1.0,0.9416666666666668,0.95,0.9249999999999998,0.0083333333333333,0.0250000000000001,60.0,60.0,True,60.0,60.0,True,CBraMod,6000.0,2.0,True
Dreyer2023,21,23,4x,1.0,0.8666666666666667,0.9583333333333331,0.8925000000000001,0.0916666666666665,0.0658333333333331,60.0,60.0,True,60.0,60.0,True,CBraMod,12000.0,4.0,True
Dreyer2023,21,37,1x,,,,,,,,,,,,,,,,False
Dreyer2023,21,37,2x,,,,,,,,,,,,,,,,False
Dreyer2023,21,37,4x,,,,,,,,,,,,,,,,False
Dreyer2023,21,53,1x,1.0,0.9333333333333332,0.95,0.8966666666666665,0.0166666666666666,0.0533333333333334,60.0,60.0,True,60.0,60.0,True,CBraMod,3000.0,1.0,True
Dreyer2023,21,53,2x,1.0,0.8999999999999999,0.95,0.885,0.05,0.0649999999999999,60.0,60.0,True,60.0,60.0,True,CBraMod,6000.0,2.0,True
Dreyer2023,21,53,4x,1.0,0.8999999999999999,0.9416666666666668,0.9158333333333332,0.0416666666666667,0.0258333333333333,60.0,60.0,True,60.0,60.0,True,CBraMod,12000.0,4.0,True
Dreyer2023,21,71,1x,1.0,0.9166666666666666,0.9333333333333332,0.9108333333333334,0.0166666666666667,0.0224999999999999,60.0,60.0,True,60.0,60.0,True,CBraMod,3500.0,1.0,True
Dreyer2023,21,71,2x,1.0,0.9166666666666669,0.95,0.9033333333333337,0.0333333333333332,0.0466666666666664,60.0,60.0,True,60.0,60.0,True,CBraMod,7000.0,2.0,True
Dreyer2023,21,71,4x,1.0,0.8999999999999999,0.9166666666666666,0.8991666666666667,0.0166666666666667,0.0174999999999999,60.0,60.0,True,60.0,60.0,True,CBraMod,14000.0,4.0,True
Dreyer2023,22,11,1x,0.0,0.9166666666666666,0.95,0.8491666666666667,0.0333333333333333,0.1008333333333332,60.0,60.0,True,60.0,60.0,True,CBraMod,3000.0,1.0,True
Dreyer2023,22,11,2x,0.0,0.9,0.9416666666666668,0.9025,0.0416666666666666,0.0391666666666665,60.0,60.0,True,60.0,60.0,True,CBraMod,6000.0,2.0,True
Dreyer2023,22,11,4x,0.0,0.8833333333333333,0.925,0.8941666666666667,0.0416666666666667,0.0308333333333333,60.0,60.0,True,60.0,60.0,True,CBraMod,12000.0,4.0,True
Dreyer2023,22,23,1x,0.0,0.875,0.925,0.8616666666666666,0.05,0.0633333333333334,60.0,60.0,True,60.0,60.0,True,CBraMod,3500.0,1.0,True
Dreyer2023,22,23,2x,0.0,0.9083333333333332,0.925,0.8658333333333333,0.0166666666666667,0.0591666666666667,60.0,60.0,True,60.0,60.0,True,CBraMod,7000.0,2.0,True
Dreyer2023,22,23,4x,0.0,0.9083333333333332,0.9166666666666666,0.86,0.0083333333333333,0.0566666666666666,60.0,60.0,True,60.0,60.0,True,CBraMod,14000.0,4.0,True
Dreyer2023,22,37,1x,0.0,0.9333333333333332,0.9583333333333331,0.8716666666666667,0.0249999999999999,0.0866666666666665,60.0,60.0,True,60.0,60.0,True,CBraMod,3000.0,1.0,True
Dreyer2023,22,37,2x,0.0,0.9,0.9083333333333332,0.8899999999999999,0.0083333333333333,0.0183333333333334,60.0,60.0,True,60.0,60.0,True,CBraMod,6000.0,2.0,True
Dreyer2023,22,37,4x,0.0,0.9333333333333332,0.9583333333333331,0.9133333333333334,0.0249999999999999,0.0449999999999998,60.0,60.0,True,60.0,60.0,True,CBraMod,12000.0,4.0,True
Dreyer2023,22,53,1x,0.0,0.9333333333333332,0.9333333333333332,0.9041666666666666,0.0,0.0291666666666667,60.0,60.0,True,60.0,60.0,True,CBraMod,3000.0,1.0,True
Dreyer2023,22,53,2x,0.0,0.9083333333333332,0.9666666666666668,0.8975,0.0583333333333333,0.0691666666666667,60.0,60.0,True,60.0,60.0,True,CBraMod,6000.0,2.0,True
Dreyer2023,22,53,4x,0.0,0.9083333333333332,0.9583333333333331,0.9166666666666666,0.0499999999999999,0.0416666666666666,60.0,60.0,True,60.0,60.0,True,CBraMod,12000.0,4.0,True
Dreyer2023,22,71,1x,0.0,0.95,0.9333333333333332,0.8525,-0.0166666666666666,0.0808333333333333,60.0,60.0,True,60.0,60.0,True,CBraMod,3000.0,1.0,True
Dreyer2023,22,71,2x,0.0,0.9333333333333332,0.9333333333333332,0.8749999999999998,0.0,0.0583333333333335,60.0,60.0,True,60.0,60.0,True,CBraMod,6000.0,2.0,True
Dreyer2023,22,71,4x,0.0,0.875,0.925,0.8691666666666666,0.05,0.0558333333333334,60.0,60.0,True,60.0,60.0,True,CBraMod,12000.0,4.0,True
Dreyer2023,23,11,1x,0.0,0.7583333333333333,0.8416666666666667,0.7308333333333333,0.0833333333333333,0.1108333333333333,60.0,60.0,True,60.0,60.0,True,CBraMod,3000.0,1.0,True
Dreyer2023,23,11,2x,0.0,0.7833333333333333,0.875,0.7566666666666666,0.0916666666666666,0.1183333333333334,60.0,60.0,True,60.0,60.0,True,CBraMod,6000.0,2.0,True
Dreyer2023,23,11,4x,0.0,0.8,0.8083333333333333,0.7316666666666666,0.0083333333333333,0.0766666666666667,60.0,60.0,True,60.0,60.0,True,CBraMod,12000.0,4.0,True
Dreyer2023,23,23,1x,0.0,0.7,0.775,0.7183333333333334,0.075,0.0566666666666666,60.0,60.0,True,60.0,60.0,True,CBraMod,3500.0,1.0,True
Dreyer2023,23,23,2x,0.0,0.8,0.8083333333333333,0.7825,0.0083333333333333,0.0258333333333333,60.0,60.0,True,60.0,60.0,True,CBraMod,7000.0,2.0,True
Dreyer2023,23,23,4x,0.0,0.7416666666666667,0.8333333333333333,0.75,0.0916666666666665,0.0833333333333332,60.0,60.0,True,60.0,60.0,True,CBraMod,14000.0,4.0,True
Dreyer2023,23,37,1x,0.0,0.75,0.8083333333333333,0.7,0.0583333333333333,0.1083333333333333,60.0,60.0,True,60.0,60.0,True,CBraMod,3000.0,1.0,True
Dreyer2023,23,37,2x,0.0,0.75,0.825,0.7275000000000001,0.0749999999999999,0.0974999999999998,60.0,60.0,True,60.0,60.0,True,CBraMod,6000.0,2.0,True
Dreyer2023,23,37,4x,0.0,0.7583333333333333,0.8,0.7383333333333333,0.0416666666666667,0.0616666666666667,60.0,60.0,True,60.0,60.0,True,CBraMod,12000.0,4.0,True
Dreyer2023,23,53,1x,0.0,0.7916666666666667,0.8083333333333333,0.7425,0.0166666666666666,0.0658333333333333,60.0,60.0,True,60.0,60.0,True,CBraMod,3000.0,1.0,True
Dreyer2023,23,53,2x,0.0,0.7916666666666667,0.825,0.765,0.0333333333333332,0.0599999999999999,60.0,60.0,True,60.0,60.0,True,CBraMod,6000.0,2.0,True
Dreyer2023,23,53,4x,0.0,0.7666666666666666,0.8416666666666667,0.76,0.075,0.0816666666666666,60.0,60.0,True,60.0,60.0,True,CBraMod,12000.0,4.0,True
Dreyer2023,23,71,1x,0.0,0.7,0.75,0.7083333333333333,0.05,0.0416666666666667,60.0,60.0,True,60.0,60.0,True,CBraMod,3000.0,1.0,True
Dreyer2023,23,71,2x,0.0,0.825,0.8166666666666667,0.7725000000000001,-0.0083333333333333,0.0441666666666665,60.0,60.0,True,60.0,60.0,True,CBraMod,6000.0,2.0,True
Dreyer2023,23,71,4x,0.0,0.7833333333333333,0.8333333333333334,0.7966666666666666,0.05,0.0366666666666667,60.0,60.0,True,60.0,60.0,True,CBraMod,12000.0,4.0,True
Dreyer2023,24,11,1x,1.0,0.9833333333333332,0.975,0.915,-0.0083333333333333,0.0599999999999999,60.0,60.0,True,60.0,60.0,True,CBraMod,3000.0,1.0,True
Dreyer2023,24,11,2x,1.0,0.9833333333333332,0.975,0.9591666666666664,-0.0083333333333333,0.0158333333333334,60.0,60.0,True,60.0,60.0,True,CBraMod,6000.0,2.0,True
Dreyer2023,24,11,4x,1.0,0.975,0.9583333333333331,0.9625,-0.0166666666666667,-0.0041666666666667,60.0,60.0,True,60.0,60.0,True,CBraMod,12000.0,4.0,True
Dreyer2023,24,23,1x,1.0,0.9333333333333332,0.95,0.9333333333333332,0.0166666666666666,0.0166666666666667,60.0,60.0,True,60.0,60.0,True,CBraMod,3000.0,1.0,True
Dreyer2023,24,23,2x,1.0,0.9583333333333331,0.9583333333333331,0.9408333333333332,0.0,0.0174999999999999,60.0,60.0,True,60.0,60.0,True,CBraMod,6000.0,2.0,True
Dreyer2023,24,23,4x,1.0,0.9416666666666668,0.9666666666666668,0.9483333333333333,0.025,0.0183333333333334,60.0,60.0,True,60.0,60.0,True,CBraMod,12000.0,4.0,True
Dreyer2023,24,37,1x,,,,,,,,,,,,,,,,False
Dreyer2023,24,37,2x,,,,,,,,,,,,,,,,False
Dreyer2023,24,37,4x,,,,,,,,,,,,,,,,False
Dreyer2023,24,53,1x,1.0,0.9333333333333332,0.9416666666666668,0.9275,0.0083333333333333,0.0141666666666667,60.0,60.0,True,60.0,60.0,True,CBraMod,3000.0,1.0,True
Dreyer2023,24,53,2x,1.0,0.9666666666666666,0.9833333333333332,0.8975,0.0166666666666667,0.0858333333333333,60.0,60.0,True,60.0,60.0,True,CBraMod,6000.0,2.0,True
Dreyer2023,24,53,4x,1.0,0.9333333333333332,0.95,0.9241666666666668,0.0166666666666666,0.0258333333333332,60.0,60.0,True,60.0,60.0,True,CBraMod,12000.0,4.0,True
Dreyer2023,24,71,1x,1.0,0.9333333333333332,0.9333333333333332,0.8858333333333333,0.0,0.0475000000000001,60.0,60.0,True,60.0,60.0,True,CBraMod,3500.0,1.0,True
Dreyer2023,24,71,2x,1.0,0.975,0.9833333333333334,0.9725,0.0083333333333334,0.0108333333333334,60.0,60.0,True,60.0,60.0,True,CBraMod,7000.0,2.0,True
Dreyer2023,24,71,4x,1.0,0.9833333333333332,0.9833333333333332,0.9766666666666666,0.0,0.0066666666666667,60.0,60.0,True,60.0,60.0,True,CBraMod,14000.0,4.0,True
Dreyer2023,25,11,1x,3.0,0.6499999999999999,0.7166666666666667,0.66,0.0666666666666667,0.0566666666666666,60.0,60.0,True,60.0,60.0,True,CBraMod,3000.0,1.0,True
Dreyer2023,25,11,2x,3.0,0.6666666666666666,0.825,0.6966666666666667,0.1583333333333333,0.1283333333333333,60.0,60.0,True,60.0,60.0,True,CBraMod,6000.0,2.0,True
Dreyer2023,25,11,4x,3.0,0.7333333333333334,0.75,0.7108333333333332,0.0166666666666666,0.0391666666666667,60.0,60.0,True,60.0,60.0,True,CBraMod,12000.0,4.0,True
Dreyer2023,25,23,1x,3.0,0.6666666666666667,0.8,0.6708333333333333,0.1333333333333333,0.1291666666666667,60.0,60.0,True,60.0,60.0,True,CBraMod,3000.0,1.0,True
Dreyer2023,25,23,2x,3.0,0.675,0.75,0.6983333333333335,0.0749999999999999,0.0516666666666665,60.0,60.0,True,60.0,60.0,True,CBraMod,6000.0,2.0,True
Dreyer2023,25,23,4x,3.0,0.7,0.7416666666666667,0.6758333333333333,0.0416666666666667,0.0658333333333334,60.0,60.0,True,60.0,60.0,True,CBraMod,12000.0,4.0,True
Dreyer2023,25,37,1x,3.0,0.675,0.6833333333333333,0.6991666666666666,0.0083333333333333,-0.0158333333333332,60.0,60.0,True,60.0,60.0,True,CBraMod,3000.0,1.0,True
Dreyer2023,25,37,2x,3.0,0.7166666666666666,0.6916666666666667,0.6950000000000001,-0.0249999999999999,-0.0033333333333334,60.0,60.0,True,60.0,60.0,True,CBraMod,6000.0,2.0,True
Dreyer2023,25,37,4x,3.0,0.7,0.7666666666666666,0.7,0.0666666666666666,0.0666666666666666,60.0,60.0,True,60.0,60.0,True,CBraMod,12000.0,4.0,True
Dreyer2023,25,53,1x,3.0,0.7250000000000001,0.775,0.7358333333333335,0.0499999999999999,0.0391666666666665,60.0,60.0,True,60.0,60.0,True,CBraMod,3750.0,1.0,True
Dreyer2023,25,53,2x,3.0,0.7,0.75,0.6758333333333333,0.05,0.0741666666666667,60.0,60.0,True,60.0,60.0,True,CBraMod,7500.0,2.0,True
Dreyer2023,25,53,4x,3.0,0.7416666666666667,0.75,0.6966666666666667,0.0083333333333333,0.0533333333333333,60.0,60.0,True,60.0,60.0,True,CBraMod,15000.0,4.0,True
Dreyer2023,25,71,1x,3.0,0.6666666666666667,0.7083333333333334,0.6766666666666667,0.0416666666666666,0.0316666666666666,60.0,60.0,True,60.0,60.0,True,CBraMod,3250.0,1.0,True
Dreyer2023,25,71,2x,3.0,0.6583333333333333,0.7250000000000001,0.6775,0.0666666666666667,0.0475000000000001,60.0,60.0,True,60.0,60.0,True,CBraMod,6500.0,2.0,True
Dreyer2023,25,71,4x,3.0,0.7666666666666667,0.75,0.7541666666666667,-0.0166666666666667,-0.0041666666666666,60.0,60.0,True,60.0,60.0,True,CBraMod,13000.0,4.0,True
Dreyer2023,26,11,1x,2.0,0.8166666666666667,0.9083333333333332,0.7891666666666667,0.0916666666666666,0.1191666666666666,60.0,60.0,True,60.0,60.0,True,CBraMod,5250.0,1.0,True
Dreyer2023,26,11,2x,2.0,0.8333333333333333,0.8916666666666666,0.8033333333333333,0.0583333333333333,0.0883333333333332,60.0,60.0,True,60.0,60.0,True,CBraMod,10500.0,2.0,True
Dreyer2023,26,11,4x,2.0,0.8416666666666667,0.8999999999999999,0.8341666666666667,0.0583333333333332,0.0658333333333331,60.0,60.0,True,60.0,60.0,True,CBraMod,21000.0,4.0,True
Dreyer2023,26,23,1x,2.0,0.7749999999999999,0.8416666666666667,0.7983333333333333,0.0666666666666667,0.0433333333333333,60.0,60.0,True,60.0,60.0,True,CBraMod,3250.0,1.0,True
Dreyer2023,26,23,2x,2.0,0.8166666666666667,0.8833333333333333,0.8275,0.0666666666666666,0.0558333333333332,60.0,60.0,True,60.0,60.0,True,CBraMod,6500.0,2.0,True
Dreyer2023,26,23,4x,2.0,0.825,0.8999999999999999,0.8541666666666666,0.0749999999999999,0.0458333333333332,60.0,60.0,True,60.0,60.0,True,CBraMod,13000.0,4.0,True
Dreyer2023,26,37,1x,2.0,0.8083333333333333,0.8583333333333334,0.7541666666666667,0.05,0.1041666666666667,60.0,60.0,True,60.0,60.0,True,CBraMod,3000.0,1.0,True
Dreyer2023,26,37,2x,2.0,0.8166666666666667,0.9083333333333332,0.7700000000000001,0.0916666666666666,0.1383333333333332,60.0,60.0,True,60.0,60.0,True,CBraMod,6000.0,2.0,True
Dreyer2023,26,37,4x,2.0,0.825,0.9083333333333332,0.8158333333333333,0.0833333333333333,0.0925,60.0,60.0,True,60.0,60.0,True,CBraMod,12000.0,4.0,True
Dreyer2023,26,53,1x,2.0,0.8416666666666667,0.8916666666666666,0.7658333333333334,0.0499999999999999,0.1258333333333332,60.0,60.0,True,60.0,60.0,True,CBraMod,4000.0,1.0,True
Dreyer2023,26,53,2x,2.0,0.8666666666666667,0.8666666666666667,0.8074999999999999,0.0,0.0591666666666668,60.0,60.0,True,60.0,60.0,True,CBraMod,8000.0,2.0,True
Dreyer2023,26,53,4x,2.0,0.8999999999999999,0.925,0.8408333333333333,0.0250000000000001,0.0841666666666667,60.0,60.0,True,60.0,60.0,True,CBraMod,16000.0,4.0,True
Dreyer2023,26,71,1x,2.0,0.7833333333333333,0.8583333333333334,0.7466666666666666,0.075,0.1116666666666668,60.0,60.0,True,60.0,60.0,True,CBraMod,3500.0,1.0,True
Dreyer2023,26,71,2x,2.0,0.8500000000000001,0.8666666666666667,0.8208333333333332,0.0166666666666666,0.0458333333333335,60.0,60.0,True,60.0,60.0,True,CBraMod,7000.0,2.0,True
Dreyer2023,26,71,4x,2.0,0.8,0.8583333333333334,0.8366666666666667,0.0583333333333333,0.0216666666666667,60.0,60.0,True,60.0,60.0,True,CBraMod,14000.0,4.0,True
Dreyer2023,27,11,1x,3.0,0.8333333333333334,0.7833333333333333,0.7166666666666667,-0.05,0.0666666666666666,60.0,60.0,True,60.0,60.0,True,CBraMod,3000.0,1.0,True
Dreyer2023,27,11,2x,3.0,0.7833333333333333,0.8166666666666667,0.7741666666666667,0.0333333333333333,0.0424999999999999,60.0,60.0,True,60.0,60.0,True,CBraMod,6000.0,2.0,True
Dreyer2023,27,11,4x,3.0,0.775,0.7833333333333334,0.7783333333333333,0.0083333333333334,0.0050000000000001,60.0,60.0,True,60.0,60.0,True,CBraMod,12000.0,4.0,True
Dreyer2023,27,23,1x,3.0,0.8083333333333333,0.825,0.7458333333333333,0.0166666666666666,0.0791666666666666,60.0,60.0,True,60.0,60.0,True,CBraMod,3000.0,1.0,True
Dreyer2023,27,23,2x,3.0,0.8333333333333333,0.825,0.7858333333333334,-0.0083333333333333,0.0391666666666665,60.0,60.0,True,60.0,60.0,True,CBraMod,6000.0,2.0,True
Dreyer2023,27,23,4x,3.0,0.7916666666666667,0.825,0.7483333333333333,0.0333333333333332,0.0766666666666666,60.0,60.0,True,60.0,60.0,True,CBraMod,12000.0,4.0,True
Dreyer2023,27,37,1x,3.0,0.8166666666666667,0.8833333333333333,0.8183333333333334,0.0666666666666666,0.0649999999999999,60.0,60.0,True,60.0,60.0,True,CBraMod,3000.0,1.0,True
Dreyer2023,27,37,2x,3.0,0.8500000000000001,0.8666666666666667,0.8133333333333332,0.0166666666666666,0.0533333333333334,60.0,60.0,True,60.0,60.0,True,CBraMod,6000.0,2.0,True
Dreyer2023,27,37,4x,3.0,0.825,0.8416666666666667,0.8208333333333332,0.0166666666666667,0.0208333333333334,60.0,60.0,True,60.0,60.0,True,CBraMod,12000.0,4.0,True
Dreyer2023,27,53,1x,3.0,0.8166666666666667,0.85,0.795,0.0333333333333333,0.0549999999999999,60.0,60.0,True,60.0,60.0,True,CBraMod,3750.0,1.0,True
Dreyer2023,27,53,2x,3.0,0.8500000000000001,0.8333333333333334,0.7908333333333333,-0.0166666666666667,0.0425,60.0,60.0,True,60.0,60.0,True,CBraMod,7500.0,2.0,True
Dreyer2023,27,53,4x,3.0,0.8416666666666667,0.8333333333333333,0.7933333333333333,-0.0083333333333334,0.0399999999999999,60.0,60.0,True,60.0,60.0,True,CBraMod,15000.0,4.0,True
Dreyer2023,27,71,1x,3.0,0.7333333333333334,0.7916666666666667,0.7966666666666666,0.0583333333333333,-0.0049999999999998,60.0,60.0,True,60.0,60.0,True,CBraMod,3250.0,1.0,True
Dreyer2023,27,71,2x,3.0,0.8,0.8500000000000001,0.8066666666666666,0.05,0.0433333333333334,60.0,60.0,True,60.0,60.0,True,CBraMod,6500.0,2.0,True
Dreyer2023,27,71,4x,3.0,0.7916666666666667,0.8083333333333333,0.7741666666666667,0.0166666666666666,0.0341666666666666,60.0,60.0,True,60.0,60.0,True,CBraMod,13000.0,4.0,True
Dreyer2023,28,11,1x,4.0,0.7583333333333333,0.8,0.7891666666666666,0.0416666666666667,0.0108333333333334,60.0,60.0,True,60.0,60.0,True,CBraMod,3000.0,1.0,True
Dreyer2023,28,11,2x,4.0,0.8083333333333333,0.825,0.7899999999999999,0.0166666666666666,0.035,60.0,60.0,True,60.0,60.0,True,CBraMod,6000.0,2.0,True
Dreyer2023,28,11,4x,4.0,0.8083333333333333,0.8666666666666667,0.8125,0.0583333333333333,0.0541666666666666,60.0,60.0,True,60.0,60.0,True,CBraMod,12000.0,4.0,True
Dreyer2023,28,23,1x,4.0,0.8416666666666667,0.875,0.8183333333333334,0.0333333333333333,0.0566666666666666,60.0,60.0,True,60.0,60.0,True,CBraMod,3500.0,1.0,True
Dreyer2023,28,23,2x,4.0,0.7916666666666666,0.8583333333333334,0.79,0.0666666666666667,0.0683333333333333,60.0,60.0,True,60.0,60.0,True,CBraMod,7000.0,2.0,True
Dreyer2023,28,23,4x,4.0,0.8333333333333333,0.85,0.8258333333333333,0.0166666666666667,0.0241666666666666,60.0,60.0,True,60.0,60.0,True,CBraMod,14000.0,4.0,True
Dreyer2023,28,37,1x,4.0,0.7666666666666666,0.8166666666666667,0.7908333333333333,0.05,0.0258333333333333,60.0,60.0,True,60.0,60.0,True,CBraMod,3000.0,1.0,True
Dreyer2023,28,37,2x,4.0,0.8916666666666666,0.8916666666666666,0.85,0.0,0.0416666666666666,60.0,60.0,True,60.0,60.0,True,CBraMod,6000.0,2.0,True
Dreyer2023,28,37,4x,4.0,0.825,0.85,0.8125,0.025,0.0374999999999999,60.0,60.0,True,60.0,60.0,True,CBraMod,12000.0,4.0,True
Dreyer2023,28,53,1x,4.0,0.8333333333333333,0.8666666666666667,0.8083333333333333,0.0333333333333334,0.0583333333333333,60.0,60.0,True,60.0,60.0,True,CBraMod,3000.0,1.0,True
Dreyer2023,28,53,2x,4.0,0.8583333333333333,0.8833333333333333,0.8491666666666667,0.025,0.0341666666666665,60.0,60.0,True,60.0,60.0,True,CBraMod,6000.0,2.0,True
Dreyer2023,28,53,4x,4.0,0.7749999999999999,0.8083333333333333,0.8266666666666668,0.0333333333333334,-0.0183333333333334,60.0,60.0,True,60.0,60.0,True,CBraMod,12000.0,4.0,True
Dreyer2023,28,71,1x,4.0,0.7333333333333334,0.7416666666666667,0.765,0.0083333333333333,-0.0233333333333333,60.0,60.0,True,60.0,60.0,True,CBraMod,3250.0,1.0,True
Dreyer2023,28,71,2x,4.0,0.6916666666666667,0.7583333333333333,0.7575,0.0666666666666666,0.0008333333333333,60.0,60.0,True,60.0,60.0,True,CBraMod,6500.0,2.0,True
Dreyer2023,28,71,4x,4.0,0.775,0.8416666666666667,0.7775,0.0666666666666666,0.0641666666666667,60.0,60.0,True,60.0,60.0,True,CBraMod,13000.0,4.0,True
Dreyer2023,30,11,1x,0.0,0.675,0.775,0.7208333333333332,0.0999999999999999,0.0541666666666668,60.0,60.0,True,60.0,60.0,True,CBraMod,3000.0,1.0,True
Dreyer2023,30,11,2x,0.0,0.7749999999999999,0.8,0.7608333333333334,0.0250000000000001,0.0391666666666666,60.0,60.0,True,60.0,60.0,True,CBraMod,6000.0,2.0,True
Dreyer2023,30,11,4x,0.0,0.775,0.8333333333333333,0.7775000000000001,0.0583333333333332,0.0558333333333331,60.0,60.0,True,60.0,60.0,True,CBraMod,12000.0,4.0,True
Dreyer2023,30,23,1x,0.0,0.6916666666666667,0.7416666666666667,0.7016666666666668,0.05,0.0399999999999999,60.0,60.0,True,60.0,60.0,True,CBraMod,3500.0,1.0,True
Dreyer2023,30,23,2x,0.0,0.7583333333333333,0.8583333333333334,0.7391666666666665,0.1,0.1191666666666668,60.0,60.0,True,60.0,60.0,True,CBraMod,7000.0,2.0,True
Dreyer2023,30,23,4x,0.0,0.7333333333333334,0.825,0.755,0.0916666666666665,0.0699999999999999,60.0,60.0,True,60.0,60.0,True,CBraMod,14000.0,4.0,True
Dreyer2023,30,37,1x,0.0,0.7749999999999999,0.875,0.7500000000000001,0.1,0.1249999999999998,60.0,60.0,True,60.0,60.0,True,CBraMod,3000.0,1.0,True
Dreyer2023,30,37,2x,0.0,0.7916666666666667,0.8166666666666667,0.7941666666666667,0.0249999999999999,0.0224999999999999,60.0,60.0,True,60.0,60.0,True,CBraMod,6000.0,2.0,True
Dreyer2023,30,37,4x,0.0,0.7250000000000001,0.8333333333333333,0.7341666666666666,0.1083333333333331,0.0991666666666666,60.0,60.0,True,60.0,60.0,True,CBraMod,12000.0,4.0,True
Dreyer2023,30,53,1x,0.0,0.6666666666666667,0.8166666666666667,0.6900000000000001,0.1499999999999999,0.1266666666666666,60.0,60.0,True,60.0,60.0,True,CBraMod,3000.0,1.0,True
Dreyer2023,30,53,2x,0.0,0.7166666666666667,0.85,0.72,0.1333333333333333,0.13,60.0,60.0,True,60.0,60.0,True,CBraMod,6000.0,2.0,True
Dreyer2023,30,53,4x,0.0,0.7416666666666667,0.8333333333333333,0.7333333333333333,0.0916666666666665,0.0999999999999999,60.0,60.0,True,60.0,60.0,True,CBraMod,12000.0,4.0,True
Dreyer2023,30,71,1x,0.0,0.7083333333333334,0.7583333333333333,0.6958333333333333,0.0499999999999999,0.0625,60.0,60.0,True,60.0,60.0,True,CBraMod,3000.0,1.0,True
Dreyer2023,30,71,2x,0.0,0.7,0.7833333333333333,0.7141666666666666,0.0833333333333333,0.0691666666666667,60.0,60.0,True,60.0,60.0,True,CBraMod,6000.0,2.0,True
Dreyer2023,30,71,4x,0.0,0.7083333333333333,0.8333333333333333,0.7324999999999999,0.125,0.1008333333333333,60.0,60.0,True,60.0,60.0,True,CBraMod,12000.0,4.0,True
Dreyer2023,31,11,1x,4.0,0.9166666666666666,0.9333333333333332,0.8341666666666667,0.0166666666666667,0.0991666666666666,60.0,60.0,True,60.0,60.0,True,CBraMod,3000.0,1.0,True
Dreyer2023,31,11,2x,4.0,0.9333333333333332,0.9333333333333332,0.8799999999999999,0.0,0.0533333333333334,60.0,60.0,True,60.0,60.0,True,CBraMod,6000.0,2.0,True
Dreyer2023,31,11,4x,4.0,0.925,0.9166666666666666,0.875,-0.0083333333333334,0.0416666666666666,60.0,60.0,True,60.0,60.0,True,CBraMod,12000.0,4.0,True
Dreyer2023,31,23,1x,4.0,0.95,0.95,0.8949999999999999,0.0,0.055,60.0,60.0,True,60.0,60.0,True,CBraMod,3500.0,1.0,True
Dreyer2023,31,23,2x,4.0,0.925,0.95,0.9025,0.0249999999999999,0.0474999999999998,60.0,60.0,True,60.0,60.0,True,CBraMod,7000.0,2.0,True
Dreyer2023,31,23,4x,4.0,0.975,0.9333333333333332,0.9208333333333332,-0.0416666666666666,0.0125000000000001,60.0,60.0,True,60.0,60.0,True,CBraMod,14000.0,4.0,True
Dreyer2023,31,37,1x,4.0,0.95,0.975,0.8925000000000001,0.025,0.0824999999999999,60.0,60.0,True,60.0,60.0,True,CBraMod,3000.0,1.0,True
Dreyer2023,31,37,2x,4.0,0.9416666666666668,0.9666666666666668,0.9316666666666666,0.025,0.035,60.0,60.0,True,60.0,60.0,True,CBraMod,6000.0,2.0,True
Dreyer2023,31,37,4x,4.0,0.9416666666666668,0.95,0.9258333333333336,0.0083333333333333,0.0241666666666664,60.0,60.0,True,60.0,60.0,True,CBraMod,12000.0,4.0,True
Dreyer2023,31,53,1x,4.0,0.8833333333333333,0.8999999999999999,0.8558333333333333,0.0166666666666666,0.0441666666666665,60.0,60.0,True,60.0,60.0,True,CBraMod,3000.0,1.0,True
Dreyer2023,31,53,2x,4.0,0.9166666666666669,0.9583333333333331,0.8783333333333333,0.0416666666666665,0.0799999999999999,60.0,60.0,True,60.0,60.0,True,CBraMod,6000.0,2.0,True
Dreyer2023,31,53,4x,4.0,0.9083333333333332,0.925,0.8866666666666667,0.0166666666666667,0.0383333333333333,60.0,60.0,True,60.0,60.0,True,CBraMod,12000.0,4.0,True
Dreyer2023,31,71,1x,4.0,0.7749999999999999,0.8083333333333333,0.8116666666666668,0.0333333333333334,-0.0033333333333334,60.0,60.0,True,60.0,60.0,True,CBraMod,3250.0,1.0,True
Dreyer2023,31,71,2x,4.0,0.7833333333333333,0.8333333333333333,0.7908333333333333,0.0499999999999999,0.0424999999999999,60.0,60.0,True,60.0,60.0,True,CBraMod,6500.0,2.0,True
Dreyer2023,31,71,4x,4.0,0.875,0.9083333333333332,0.8225000000000001,0.0333333333333333,0.0858333333333332,60.0,60.0,True,60.0,60.0,True,CBraMod,13000.0,4.0,True
Dreyer2023,32,11,1x,3.0,0.8666666666666667,0.8916666666666666,0.7925,0.0249999999999999,0.0991666666666666,60.0,60.0,True,60.0,60.0,True,CBraMod,3000.0,1.0,True
Dreyer2023,32,11,2x,3.0,0.8916666666666666,0.95,0.8291666666666666,0.0583333333333333,0.1208333333333333,60.0,60.0,True,60.0,60.0,True,CBraMod,6000.0,2.0,True
Dreyer2023,32,11,4x,3.0,0.8583333333333334,0.9416666666666668,0.8566666666666667,0.0833333333333332,0.0849999999999999,60.0,60.0,True,60.0,60.0,True,CBraMod,12000.0,4.0,True
Dreyer2023,32,23,1x,3.0,0.8500000000000001,0.9083333333333332,0.8125,0.0583333333333332,0.0958333333333333,60.0,60.0,True,60.0,60.0,True,CBraMod,3000.0,1.0,True
Dreyer2023,32,23,2x,3.0,0.8833333333333333,0.8999999999999999,0.8633333333333333,0.0166666666666666,0.0366666666666666,60.0,60.0,True,60.0,60.0,True,CBraMod,6000.0,2.0,True
Dreyer2023,32,23,4x,3.0,0.85,0.875,0.8416666666666666,0.025,0.0333333333333334,60.0,60.0,True,60.0,60.0,True,CBraMod,12000.0,4.0,True
Dreyer2023,32,37,1x,3.0,0.8333333333333333,0.9333333333333332,0.8375,0.1,0.0958333333333333,60.0,60.0,True,60.0,60.0,True,CBraMod,3000.0,1.0,True
Dreyer2023,32,37,2x,3.0,0.8916666666666666,0.925,0.8483333333333333,0.0333333333333334,0.0766666666666667,60.0,60.0,True,60.0,60.0,True,CBraMod,6000.0,2.0,True
Dreyer2023,32,37,4x,3.0,0.8583333333333334,0.9166666666666666,0.8474999999999999,0.0583333333333332,0.0691666666666667,60.0,60.0,True,60.0,60.0,True,CBraMod,12000.0,4.0,True
Dreyer2023,32,53,1x,3.0,0.875,0.9,0.885,0.025,0.015,60.0,60.0,True,60.0,60.0,True,CBraMod,3750.0,1.0,True
Dreyer2023,32,53,2x,3.0,0.8916666666666666,0.925,0.8108333333333333,0.0333333333333334,0.1141666666666667,60.0,60.0,True,60.0,60.0,True,CBraMod,7500.0,2.0,True
Dreyer2023,32,53,4x,3.0,0.8416666666666666,0.9166666666666669,0.8491666666666667,0.0750000000000001,0.0675,60.0,60.0,True,60.0,60.0,True,CBraMod,15000.0,4.0,True
Dreyer2023,32,71,1x,3.0,0.8,0.9083333333333332,0.8275,0.1083333333333332,0.0808333333333333,60.0,60.0,True,60.0,60.0,True,CBraMod,3250.0,1.0,True
Dreyer2023,32,71,2x,3.0,0.875,0.9166666666666666,0.8425,0.0416666666666666,0.0741666666666666,60.0,60.0,True,60.0,60.0,True,CBraMod,6500.0,2.0,True
Dreyer2023,32,71,4x,3.0,0.8500000000000001,0.9333333333333332,0.825,0.0833333333333332,0.1083333333333333,60.0,60.0,True,60.0,60.0,True,CBraMod,13000.0,4.0,True
Dreyer2023,33,11,1x,2.0,0.8416666666666667,0.8583333333333334,0.8066666666666666,0.0166666666666667,0.0516666666666667,60.0,60.0,True,60.0,60.0,True,CBraMod,5250.0,1.0,True
Dreyer2023,33,11,2x,2.0,0.8416666666666667,0.8583333333333334,0.8175000000000001,0.0166666666666667,0.0408333333333332,60.0,60.0,True,60.0,60.0,True,CBraMod,10500.0,2.0,True
Dreyer2023,33,11,4x,2.0,0.8333333333333334,0.825,0.825,-0.0083333333333334,0.0,60.0,60.0,True,60.0,60.0,True,CBraMod,21000.0,4.0,True
Dreyer2023,33,23,1x,2.0,0.775,0.775,0.7266666666666667,0.0,0.0483333333333333,60.0,60.0,True,60.0,60.0,True,CBraMod,3250.0,1.0,True
Dreyer2023,33,23,2x,2.0,0.8083333333333333,0.8666666666666667,0.7866666666666666,0.0583333333333333,0.08,60.0,60.0,True,60.0,60.0,True,CBraMod,6500.0,2.0,True
Dreyer2023,33,23,4x,2.0,0.7833333333333333,0.8583333333333334,0.7858333333333334,0.075,0.0725,60.0,60.0,True,60.0,60.0,True,CBraMod,13000.0,4.0,True
Dreyer2023,33,37,1x,2.0,0.7666666666666666,0.7666666666666666,0.7491666666666666,0.0,0.0174999999999999,60.0,60.0,True,60.0,60.0,True,CBraMod,3000.0,1.0,True
Dreyer2023,33,37,2x,2.0,0.7666666666666666,0.7916666666666667,0.7458333333333333,0.0250000000000001,0.0458333333333333,60.0,60.0,True,60.0,60.0,True,CBraMod,6000.0,2.0,True
Dreyer2023,33,37,4x,2.0,0.7833333333333333,0.7749999999999999,0.7525000000000001,-0.0083333333333334,0.0224999999999998,60.0,60.0,True,60.0,60.0,True,CBraMod,12000.0,4.0,True
Dreyer2023,33,53,1x,2.0,0.7833333333333333,0.8416666666666667,0.7858333333333334,0.0583333333333333,0.0558333333333332,60.0,60.0,True,60.0,60.0,True,CBraMod,4000.0,1.0,True
Dreyer2023,33,53,2x,2.0,0.7916666666666667,0.8333333333333333,0.7808333333333334,0.0416666666666665,0.0524999999999998,60.0,60.0,True,60.0,60.0,True,CBraMod,8000.0,2.0,True
Dreyer2023,33,53,4x,2.0,0.85,0.8666666666666667,0.8083333333333333,0.0166666666666667,0.0583333333333333,60.0,60.0,True,60.0,60.0,True,CBraMod,16000.0,4.0,True
Dreyer2023,33,71,1x,2.0,0.7749999999999999,0.8,0.7566666666666666,0.0250000000000001,0.0433333333333334,60.0,60.0,True,60.0,60.0,True,CBraMod,3500.0,1.0,True
Dreyer2023,33,71,2x,2.0,0.8083333333333333,0.8416666666666667,0.7833333333333334,0.0333333333333333,0.0583333333333332,60.0,60.0,True,60.0,60.0,True,CBraMod,7000.0,2.0,True
Dreyer2023,33,71,4x,2.0,0.7833333333333333,0.8583333333333334,0.805,0.075,0.0533333333333333,60.0,60.0,True,60.0,60.0,True,CBraMod,14000.0,4.0,True
Dreyer2023,34,11,1x,1.0,0.8166666666666667,0.8666666666666667,0.8241666666666667,0.05,0.0424999999999999,60.0,60.0,True,60.0,60.0,True,CBraMod,3000.0,1.0,True
Dreyer2023,34,11,2x,1.0,0.8416666666666667,0.8833333333333333,0.835,0.0416666666666666,0.0483333333333333,60.0,60.0,True,60.0,60.0,True,CBraMod,6000.0,2.0,True
Dreyer2023,34,11,4x,1.0,0.8583333333333334,0.8166666666666667,0.86,-0.0416666666666667,-0.0433333333333333,60.0,60.0,True,60.0,60.0,True,CBraMod,12000.0,4.0,True
Dreyer2023,34,23,1x,1.0,0.7916666666666667,0.8166666666666667,0.8108333333333333,0.0249999999999999,0.0058333333333333,60.0,60.0,True,60.0,60.0,True,CBraMod,3000.0,1.0,True
Dreyer2023,34,23,2x,1.0,0.8666666666666667,0.8833333333333333,0.8408333333333333,0.0166666666666666,0.0424999999999999,60.0,60.0,True,60.0,60.0,True,CBraMod,6000.0,2.0,True
Dreyer2023,34,23,4x,1.0,0.775,0.8333333333333333,0.8099999999999999,0.0583333333333332,0.0233333333333333,60.0,60.0,True,60.0,60.0,True,CBraMod,12000.0,4.0,True
Dreyer2023,34,37,1x,,,,,,,,,,,,,,,,False
Dreyer2023,34,37,2x,,,,,,,,,,,,,,,,False
Dreyer2023,34,37,4x,,,,,,,,,,,,,,,,False
Dreyer2023,34,53,1x,1.0,0.7583333333333333,0.8666666666666667,0.8550000000000001,0.1083333333333333,0.0116666666666666,60.0,60.0,True,60.0,60.0,True,CBraMod,3000.0,1.0,True
Dreyer2023,34,53,2x,1.0,0.8416666666666666,0.8833333333333333,0.8441666666666666,0.0416666666666667,0.0391666666666666,60.0,60.0,True,60.0,60.0,True,CBraMod,6000.0,2.0,True
Dreyer2023,34,53,4x,1.0,0.825,0.8166666666666667,0.7966666666666666,-0.0083333333333333,0.02,60.0,60.0,True,60.0,60.0,True,CBraMod,12000.0,4.0,True
Dreyer2023,34,71,1x,1.0,0.8666666666666667,0.8166666666666667,0.8233333333333335,-0.05,-0.0066666666666668,60.0,60.0,True,60.0,60.0,True,CBraMod,3500.0,1.0,True
Dreyer2023,34,71,2x,1.0,0.8833333333333333,0.9083333333333332,0.8699999999999999,0.025,0.0383333333333334,60.0,60.0,True,60.0,60.0,True,CBraMod,7000.0,2.0,True
Dreyer2023,34,71,4x,1.0,0.875,0.8666666666666667,0.8133333333333332,-0.0083333333333333,0.0533333333333334,60.0,60.0,True,60.0,60.0,True,CBraMod,14000.0,4.0,True
Dreyer2023,35,11,1x,0.0,0.7749999999999999,0.7666666666666666,0.7216666666666666,-0.0083333333333333,0.045,60.0,60.0,True,60.0,60.0,True,CBraMod,3000.0,1.0,True
Dreyer2023,35,11,2x,0.0,0.825,0.825,0.7350000000000001,0.0,0.0899999999999998,60.0,60.0,True,60.0,60.0,True,CBraMod,6000.0,2.0,True
Dreyer2023,35,11,4x,0.0,0.8333333333333333,0.8583333333333334,0.7791666666666668,0.0250000000000001,0.0791666666666666,60.0,60.0,True,60.0,60.0,True,CBraMod,12000.0,4.0,True
Dreyer2023,35,23,1x,0.0,0.7666666666666666,0.8,0.7333333333333334,0.0333333333333334,0.0666666666666666,60.0,60.0,True,60.0,60.0,True,CBraMod,3500.0,1.0,True
Dreyer2023,35,23,2x,0.0,0.8083333333333333,0.7749999999999999,0.77,-0.0333333333333334,0.0049999999999998,60.0,60.0,True,60.0,60.0,True,CBraMod,7000.0,2.0,True
Dreyer2023,35,23,4x,0.0,0.7916666666666666,0.7916666666666666,0.7333333333333333,0.0,0.0583333333333333,60.0,60.0,True,60.0,60.0,True,CBraMod,14000.0,4.0,True
Dreyer2023,35,37,1x,0.0,0.7666666666666666,0.825,0.7341666666666666,0.0583333333333333,0.0908333333333333,60.0,60.0,True,60.0,60.0,True,CBraMod,3000.0,1.0,True
Dreyer2023,35,37,2x,0.0,0.8,0.8166666666666667,0.7891666666666667,0.0166666666666666,0.0274999999999999,60.0,60.0,True,60.0,60.0,True,CBraMod,6000.0,2.0,True
Dreyer2023,35,37,4x,0.0,0.8,0.7666666666666666,0.7858333333333334,-0.0333333333333334,-0.0191666666666667,60.0,60.0,True,60.0,60.0,True,CBraMod,12000.0,4.0,True
Dreyer2023,35,53,1x,0.0,0.7749999999999999,0.75,0.7241666666666665,-0.0249999999999999,0.0258333333333334,60.0,60.0,True,60.0,60.0,True,CBraMod,3000.0,1.0,True
Dreyer2023,35,53,2x,0.0,0.8,0.725,0.7450000000000001,-0.075,-0.0200000000000001,60.0,60.0,True,60.0,60.0,True,CBraMod,6000.0,2.0,True
Dreyer2023,35,53,4x,0.0,0.775,0.7916666666666667,0.7525,0.0166666666666667,0.0391666666666667,60.0,60.0,True,60.0,60.0,True,CBraMod,12000.0,4.0,True
Dreyer2023,35,71,1x,0.0,0.725,0.8,0.7241666666666667,0.075,0.0758333333333333,60.0,60.0,True,60.0,60.0,True,CBraMod,3000.0,1.0,True
Dreyer2023,35,71,2x,0.0,0.825,0.8083333333333333,0.7433333333333334,-0.0166666666666666,0.0649999999999999,60.0,60.0,True,60.0,60.0,True,CBraMod,6000.0,2.0,True
Dreyer2023,35,71,4x,0.0,0.7833333333333333,0.8083333333333333,0.7566666666666666,0.025,0.0516666666666667,60.0,60.0,True,60.0,60.0,True,CBraMod,12000.0,4.0,True
Dreyer2023,36,11,1x,2.0,0.8416666666666667,0.7833333333333333,0.82,-0.0583333333333333,-0.0366666666666666,60.0,60.0,True,60.0,60.0,True,CBraMod,5250.0,1.0,True
Dreyer2023,36,11,2x,2.0,0.8416666666666667,0.85,0.8508333333333333,0.0083333333333333,-0.0008333333333333,60.0,60.0,True,60.0,60.0,True,CBraMod,10500.0,2.0,True
Dreyer2023,36,11,4x,2.0,0.8500000000000001,0.8916666666666666,0.8516666666666666,0.0416666666666665,0.04,60.0,60.0,True,60.0,60.0,True,CBraMod,21000.0,4.0,True
Dreyer2023,36,23,1x,2.0,0.8083333333333333,0.85,0.8158333333333333,0.0416666666666666,0.0341666666666666,60.0,60.0,True,60.0,60.0,True,CBraMod,3250.0,1.0,True
Dreyer2023,36,23,2x,2.0,0.825,0.825,0.8474999999999999,0.0,-0.0224999999999999,60.0,60.0,True,60.0,60.0,True,CBraMod,6500.0,2.0,True
Dreyer2023,36,23,4x,2.0,0.875,0.875,0.875,0.0,0.0,60.0,60.0,True,60.0,60.0,True,CBraMod,13000.0,4.0,True
Dreyer2023,36,37,1x,2.0,0.7666666666666666,0.825,0.7616666666666667,0.0583333333333333,0.0633333333333332,60.0,60.0,True,60.0,60.0,True,CBraMod,3000.0,1.0,True
Dreyer2023,36,37,2x,2.0,0.825,0.85,0.8133333333333332,0.025,0.0366666666666667,60.0,60.0,True,60.0,60.0,True,CBraMod,6000.0,2.0,True
Dreyer2023,36,37,4x,2.0,0.8416666666666667,0.7916666666666667,0.8066666666666666,-0.0499999999999999,-0.0149999999999999,60.0,60.0,True,60.0,60.0,True,CBraMod,12000.0,4.0,True
Dreyer2023,36,53,1x,2.0,0.8500000000000001,0.8333333333333333,0.8266666666666665,-0.0166666666666668,0.0066666666666667,60.0,60.0,True,60.0,60.0,True,CBraMod,4000.0,1.0,True
Dreyer2023,36,53,2x,2.0,0.8999999999999999,0.8416666666666667,0.825,-0.0583333333333332,0.0166666666666667,60.0,60.0,True,60.0,60.0,True,CBraMod,8000.0,2.0,True
Dreyer2023,36,53,4x,2.0,0.85,0.8333333333333333,0.8150000000000001,-0.0166666666666667,0.0183333333333332,60.0,60.0,True,60.0,60.0,True,CBraMod,16000.0,4.0,True
Dreyer2023,36,71,1x,2.0,0.8083333333333333,0.825,0.7791666666666666,0.0166666666666666,0.0458333333333333,60.0,60.0,True,60.0,60.0,True,CBraMod,3500.0,1.0,True
Dreyer2023,36,71,2x,2.0,0.8083333333333333,0.7833333333333333,0.8116666666666668,-0.025,-0.0283333333333334,60.0,60.0,True,60.0,60.0,True,CBraMod,7000.0,2.0,True
Dreyer2023,36,71,4x,2.0,0.825,0.8333333333333333,0.845,0.0083333333333333,-0.0116666666666667,60.0,60.0,True,60.0,60.0,True,CBraMod,14000.0,4.0,True
Dreyer2023,37,11,1x,3.0,0.6916666666666667,0.6833333333333333,0.6258333333333332,-0.0083333333333333,0.0575000000000001,60.0,60.0,True,60.0,60.0,True,CBraMod,3000.0,1.0,True
Dreyer2023,37,11,2x,3.0,0.625,0.7833333333333333,0.6416666666666667,0.1583333333333333,0.1416666666666666,60.0,60.0,True,60.0,60.0,True,CBraMod,6000.0,2.0,True
Dreyer2023,37,11,4x,3.0,0.7083333333333333,0.775,0.6975,0.0666666666666667,0.0775,60.0,60.0,True,60.0,60.0,True,CBraMod,12000.0,4.0,True
Dreyer2023,37,23,1x,3.0,0.6916666666666667,0.7,0.7025,0.0083333333333333,-0.0025,60.0,60.0,True,60.0,60.0,True,CBraMod,3000.0,1.0,True
Dreyer2023,37,23,2x,3.0,0.7583333333333333,0.7666666666666666,0.7208333333333334,0.0083333333333333,0.0458333333333331,60.0,60.0,True,60.0,60.0,True,CBraMod,6000.0,2.0,True
Dreyer2023,37,23,4x,3.0,0.7333333333333334,0.7666666666666667,0.7183333333333334,0.0333333333333333,0.0483333333333333,60.0,60.0,True,60.0,60.0,True,CBraMod,12000.0,4.0,True
Dreyer2023,37,37,1x,3.0,0.775,0.8333333333333333,0.705,0.0583333333333332,0.1283333333333333,60.0,60.0,True,60.0,60.0,True,CBraMod,3000.0,1.0,True
Dreyer2023,37,37,2x,3.0,0.7250000000000001,0.7833333333333334,0.7116666666666667,0.0583333333333333,0.0716666666666667,60.0,60.0,True,60.0,60.0,True,CBraMod,6000.0,2.0,True
Dreyer2023,37,37,4x,3.0,0.7333333333333334,0.8083333333333333,0.7016666666666667,0.0749999999999999,0.1066666666666666,60.0,60.0,True,60.0,60.0,True,CBraMod,12000.0,4.0,True
Dreyer2023,37,53,1x,3.0,0.7666666666666667,0.8083333333333333,0.72,0.0416666666666666,0.0883333333333333,60.0,60.0,True,60.0,60.0,True,CBraMod,3750.0,1.0,True
Dreyer2023,37,53,2x,3.0,0.7,0.7916666666666666,0.6741666666666666,0.0916666666666666,0.1175,60.0,60.0,True,60.0,60.0,True,CBraMod,7500.0,2.0,True
Dreyer2023,37,53,4x,3.0,0.75,0.8416666666666667,0.6916666666666667,0.0916666666666666,0.15,60.0,60.0,True,60.0,60.0,True,CBraMod,15000.0,4.0,True
Dreyer2023,37,71,1x,3.0,0.7583333333333333,0.7833333333333333,0.73,0.025,0.0533333333333333,60.0,60.0,True,60.0,60.0,True,CBraMod,3250.0,1.0,True
Dreyer2023,37,71,2x,3.0,0.7,0.8,0.6775,0.1,0.1225,60.0,60.0,True,60.0,60.0,True,CBraMod,6500.0,2.0,True
Dreyer2023,37,71,4x,3.0,0.7,0.7916666666666667,0.6599999999999999,0.0916666666666667,0.1316666666666668,60.0,60.0,True,60.0,60.0,True,CBraMod,13000.0,4.0,True
Dreyer2023,38,11,1x,0.0,0.7833333333333333,0.9083333333333332,0.7833333333333334,0.125,0.1249999999999998,60.0,60.0,True,60.0,60.0,True,CBraMod,3000.0,1.0,True
Dreyer2023,38,11,2x,0.0,0.8333333333333333,0.8916666666666666,0.8049999999999999,0.0583333333333333,0.0866666666666666,60.0,60.0,True,60.0,60.0,True,CBraMod,6000.0,2.0,True
Dreyer2023,38,11,4x,0.0,0.8833333333333333,0.925,0.8300000000000001,0.0416666666666667,0.0949999999999999,60.0,60.0,True,60.0,60.0,True,CBraMod,12000.0,4.0,True
Dreyer2023,38,23,1x,0.0,0.8916666666666666,0.9416666666666668,0.8316666666666667,0.05,0.1099999999999999,60.0,60.0,True,60.0,60.0,True,CBraMod,3500.0,1.0,True
Dreyer2023,38,23,2x,0.0,0.9083333333333332,0.9166666666666666,0.8566666666666667,0.0083333333333333,0.0599999999999999,60.0,60.0,True,60.0,60.0,True,CBraMod,7000.0,2.0,True
Dreyer2023,38,23,4x,0.0,0.875,0.925,0.8300000000000001,0.05,0.0949999999999999,60.0,60.0,True,60.0,60.0,True,CBraMod,14000.0,4.0,True
Dreyer2023,38,37,1x,0.0,0.9,0.9083333333333332,0.835,0.0083333333333333,0.0733333333333333,60.0,60.0,True,60.0,60.0,True,CBraMod,3000.0,1.0,True
Dreyer2023,38,37,2x,0.0,0.8916666666666666,0.9083333333333332,0.8699999999999999,0.0166666666666667,0.0383333333333334,60.0,60.0,True,60.0,60.0,True,CBraMod,6000.0,2.0,True
Dreyer2023,38,37,4x,0.0,0.9166666666666669,0.925,0.8983333333333332,0.0083333333333333,0.0266666666666668,60.0,60.0,True,60.0,60.0,True,CBraMod,12000.0,4.0,True
Dreyer2023,38,53,1x,0.0,0.8583333333333334,0.9166666666666666,0.8233333333333335,0.0583333333333332,0.0933333333333331,60.0,60.0,True,60.0,60.0,True,CBraMod,3000.0,1.0,True
Dreyer2023,38,53,2x,0.0,0.8833333333333333,0.9166666666666669,0.8341666666666667,0.0333333333333334,0.0825,60.0,60.0,True,60.0,60.0,True,CBraMod,6000.0,2.0,True
Dreyer2023,38,53,4x,0.0,0.8500000000000001,0.8916666666666666,0.8433333333333334,0.0416666666666665,0.0483333333333332,60.0,60.0,True,60.0,60.0,True,CBraMod,12000.0,4.0,True
Dreyer2023,38,71,1x,0.0,0.8416666666666667,0.875,0.7933333333333333,0.0333333333333333,0.0816666666666666,60.0,60.0,True,60.0,60.0,True,CBraMod,3000.0,1.0,True
Dreyer2023,38,71,2x,0.0,0.8916666666666666,0.8666666666666667,0.8241666666666667,-0.0249999999999999,0.0424999999999999,60.0,60.0,True,60.0,60.0,True,CBraMod,6000.0,2.0,True
Dreyer2023,38,71,4x,0.0,0.8166666666666667,0.8333333333333334,0.8566666666666667,0.0166666666666667,-0.0233333333333333,60.0,60.0,True,60.0,60.0,True,CBraMod,12000.0,4.0,True
Dreyer2023,39,11,1x,3.0,0.8999999999999999,0.9666666666666666,0.9191666666666668,0.0666666666666666,0.0474999999999998,60.0,60.0,True,60.0,60.0,True,CBraMod,3000.0,1.0,True
Dreyer2023,39,11,2x,3.0,0.9166666666666669,0.95,0.9341666666666668,0.0333333333333332,0.0158333333333332,60.0,60.0,True,60.0,60.0,True,CBraMod,6000.0,2.0,True
Dreyer2023,39,11,4x,3.0,0.925,0.95,0.935,0.0249999999999999,0.015,60.0,60.0,True,60.0,60.0,True,CBraMod,12000.0,4.0,True
Dreyer2023,39,23,1x,3.0,0.925,0.95,0.9383333333333332,0.0249999999999999,0.0116666666666667,60.0,60.0,True,60.0,60.0,True,CBraMod,3000.0,1.0,True
Dreyer2023,39,23,2x,3.0,0.9583333333333331,0.9583333333333331,0.94,0.0,0.0183333333333332,60.0,60.0,True,60.0,60.0,True,CBraMod,6000.0,2.0,True
Dreyer2023,39,23,4x,3.0,0.9416666666666668,0.9416666666666668,0.9483333333333333,0.0,-0.0066666666666665,60.0,60.0,True,60.0,60.0,True,CBraMod,12000.0,4.0,True
Dreyer2023,39,37,1x,3.0,0.8999999999999999,0.9416666666666668,0.9275,0.0416666666666667,0.0141666666666666,60.0,60.0,True,60.0,60.0,True,CBraMod,3000.0,1.0,True
Dreyer2023,39,37,2x,3.0,0.925,0.925,0.9358333333333332,0.0,-0.0108333333333332,60.0,60.0,True,60.0,60.0,True,CBraMod,6000.0,2.0,True
Dreyer2023,39,37,4x,3.0,0.925,0.9333333333333332,0.9366666666666668,0.0083333333333333,-0.0033333333333334,60.0,60.0,True,60.0,60.0,True,CBraMod,12000.0,4.0,True
Dreyer2023,39,53,1x,3.0,0.9583333333333331,0.9666666666666666,0.9608333333333334,0.0083333333333333,0.0058333333333331,60.0,60.0,True,60.0,60.0,True,CBraMod,3750.0,1.0,True
Dreyer2023,39,53,2x,3.0,0.9416666666666668,0.975,0.9508333333333332,0.0333333333333333,0.0241666666666666,60.0,60.0,True,60.0,60.0,True,CBraMod,7500.0,2.0,True
Dreyer2023,39,53,4x,3.0,0.95,0.95,0.9458333333333332,0.0,0.0041666666666667,60.0,60.0,True,60.0,60.0,True,CBraMod,15000.0,4.0,True
Dreyer2023,39,71,1x,3.0,0.9416666666666668,0.9666666666666668,0.9591666666666668,0.025,0.0074999999999999,60.0,60.0,True,60.0,60.0,True,CBraMod,3250.0,1.0,True
Dreyer2023,39,71,2x,3.0,0.9333333333333332,0.95,0.935,0.0166666666666666,0.015,60.0,60.0,True,60.0,60.0,True,CBraMod,6500.0,2.0,True
Dreyer2023,39,71,4x,3.0,0.9583333333333331,0.9583333333333331,0.9566666666666668,0.0,0.0016666666666665,60.0,60.0,True,60.0,60.0,True,CBraMod,13000.0,4.0,True
Dreyer2023,40,11,1x,2.0,0.8879310344827587,0.8793103448275862,0.8387931034482758,-0.0086206896551724,0.0405172413793103,56.0,60.0,True,58.0,58.0,True,CBraMod,5250.0,1.0,True
Dreyer2023,40,11,2x,2.0,0.8448275862068966,0.9137931034482758,0.8560344827586206,0.0689655172413792,0.0577586206896552,56.0,60.0,True,58.0,58.0,True,CBraMod,10500.0,2.0,True
Dreyer2023,40,11,4x,2.0,0.8879310344827587,0.896551724137931,0.8793103448275863,0.0086206896551723,0.0172413793103447,56.0,60.0,True,58.0,58.0,True,CBraMod,21000.0,4.0,True
Dreyer2023,40,23,1x,2.0,0.8620689655172413,0.8275862068965517,0.8120689655172415,-0.0344827586206896,0.0155172413793102,56.0,60.0,True,58.0,58.0,True,CBraMod,3250.0,1.0,True
Dreyer2023,40,23,2x,2.0,0.896551724137931,0.8620689655172413,0.8517241379310345,-0.0344827586206897,0.0103448275862068,56.0,60.0,True,58.0,58.0,True,CBraMod,6500.0,2.0,True
Dreyer2023,40,23,4x,2.0,0.8793103448275862,0.853448275862069,0.8568965517241379,-0.0258620689655172,-0.0034482758620689,56.0,60.0,True,58.0,58.0,True,CBraMod,13000.0,4.0,True
Dreyer2023,40,37,1x,2.0,0.8362068965517242,0.8620689655172413,0.8301724137931036,0.0258620689655171,0.0318965517241377,56.0,60.0,True,58.0,58.0,True,CBraMod,3000.0,1.0,True
Dreyer2023,40,37,2x,2.0,0.896551724137931,0.853448275862069,0.8422413793103448,-0.0431034482758621,0.0112068965517241,56.0,60.0,True,58.0,58.0,True,CBraMod,6000.0,2.0,True
Dreyer2023,40,37,4x,2.0,0.8275862068965518,0.8620689655172413,0.8543103448275863,0.0344827586206895,0.007758620689655,56.0,60.0,True,58.0,58.0,True,CBraMod,12000.0,4.0,True
Dreyer2023,40,53,1x,2.0,0.896551724137931,0.8362068965517241,0.8465517241379311,-0.0603448275862069,-0.010344827586207,56.0,60.0,True,58.0,58.0,True,CBraMod,4000.0,1.0,True
Dreyer2023,40,53,2x,2.0,0.8793103448275862,0.8706896551724137,0.8379310344827585,-0.0086206896551724,0.0327586206896551,56.0,60.0,True,58.0,58.0,True,CBraMod,8000.0,2.0,True
Dreyer2023,40,53,4x,2.0,0.9310344827586208,0.896551724137931,0.8586206896551722,-0.0344827586206897,0.0379310344827588,56.0,60.0,True,58.0,58.0,True,CBraMod,16000.0,4.0,True
Dreyer2023,40,71,1x,2.0,0.853448275862069,0.8879310344827587,0.8181034482758621,0.0344827586206897,0.0698275862068965,56.0,60.0,True,58.0,58.0,True,CBraMod,3500.0,1.0,True
Dreyer2023,40,71,2x,2.0,0.8706896551724138,0.8793103448275863,0.8594827586206895,0.0086206896551724,0.0198275862068968,56.0,60.0,True,58.0,58.0,True,CBraMod,7000.0,2.0,True
Dreyer2023,40,71,4x,2.0,0.8706896551724138,0.9051724137931034,0.8672413793103448,0.0344827586206896,0.0379310344827585,56.0,60.0,True,58.0,58.0,True,CBraMod,14000.0,4.0,True
Dreyer2023,42,11,1x,4.0,0.7916666666666667,0.8,0.7258333333333333,0.0083333333333333,0.0741666666666667,60.0,60.0,True,60.0,60.0,True,CBraMod,3000.0,1.0,True
Dreyer2023,42,11,2x,4.0,0.75,0.8333333333333333,0.74,0.0833333333333332,0.0933333333333332,60.0,60.0,True,60.0,60.0,True,CBraMod,6000.0,2.0,True
Dreyer2023,42,11,4x,4.0,0.7833333333333333,0.8416666666666667,0.7625,0.0583333333333333,0.0791666666666667,60.0,60.0,True,60.0,60.0,True,CBraMod,12000.0,4.0,True
Dreyer2023,42,23,1x,4.0,0.8500000000000001,0.875,0.7633333333333333,0.0249999999999999,0.1116666666666666,60.0,60.0,True,60.0,60.0,True,CBraMod,3500.0,1.0,True
Dreyer2023,42,23,2x,4.0,0.8166666666666667,0.8916666666666666,0.7916666666666667,0.0749999999999999,0.0999999999999998,60.0,60.0,True,60.0,60.0,True,CBraMod,7000.0,2.0,True
Dreyer2023,42,23,4x,4.0,0.825,0.8666666666666667,0.7958333333333333,0.0416666666666667,0.0708333333333334,60.0,60.0,True,60.0,60.0,True,CBraMod,14000.0,4.0,True
Dreyer2023,42,37,1x,4.0,0.7333333333333334,0.925,0.6658333333333335,0.1916666666666666,0.2591666666666665,60.0,60.0,True,60.0,60.0,True,CBraMod,3000.0,1.0,True
Dreyer2023,42,37,2x,4.0,0.8083333333333333,0.8666666666666667,0.8066666666666666,0.0583333333333333,0.06,60.0,60.0,True,60.0,60.0,True,CBraMod,6000.0,2.0,True
Dreyer2023,42,37,4x,4.0,0.825,0.9083333333333332,0.7575,0.0833333333333333,0.1508333333333333,60.0,60.0,True,60.0,60.0,True,CBraMod,12000.0,4.0,True
Dreyer2023,42,53,1x,4.0,0.8166666666666667,0.875,0.7066666666666667,0.0583333333333333,0.1683333333333333,60.0,60.0,True,60.0,60.0,True,CBraMod,3000.0,1.0,True
Dreyer2023,42,53,2x,4.0,0.8333333333333333,0.9,0.7649999999999999,0.0666666666666667,0.1350000000000001,60.0,60.0,True,60.0,60.0,True,CBraMod,6000.0,2.0,True
Dreyer2023,42,53,4x,4.0,0.775,0.875,0.7825,0.0999999999999999,0.0925,60.0,60.0,True,60.0,60.0,True,CBraMod,12000.0,4.0,True
Dreyer2023,42,71,1x,4.0,0.675,0.6916666666666667,0.66,0.0166666666666666,0.0316666666666666,60.0,60.0,True,60.0,60.0,True,CBraMod,3250.0,1.0,True
Dreyer2023,42,71,2x,4.0,0.7,0.7333333333333334,0.685,0.0333333333333334,0.0483333333333333,60.0,60.0,True,60.0,60.0,True,CBraMod,6500.0,2.0,True
Dreyer2023,42,71,4x,4.0,0.7333333333333334,0.7916666666666667,0.6833333333333333,0.0583333333333333,0.1083333333333333,60.0,60.0,True,60.0,60.0,True,CBraMod,13000.0,4.0,True
Dreyer2023,43,11,1x,4.0,0.925,0.8916666666666666,0.8975,-0.0333333333333334,-0.0058333333333333,60.0,60.0,True,60.0,60.0,True,CBraMod,3000.0,1.0,True
Dreyer2023,43,11,2x,4.0,0.9333333333333332,0.8833333333333333,0.91,-0.05,-0.0266666666666666,60.0,60.0,True,60.0,60.0,True,CBraMod,6000.0,2.0,True
Dreyer2023,43,11,4x,4.0,0.9166666666666666,0.8666666666666667,0.9125,-0.0499999999999999,-0.0458333333333332,60.0,60.0,True,60.0,60.0,True,CBraMod,12000.0,4.0,True
Dreyer2023,43,23,1x,4.0,0.8833333333333333,0.925,0.8975000000000002,0.0416666666666667,0.0274999999999998,60.0,60.0,True,60.0,60.0,True,CBraMod,3500.0,1.0,True
Dreyer2023,43,23,2x,4.0,0.9333333333333332,0.9333333333333332,0.9166666666666666,0.0,0.0166666666666667,60.0,60.0,True,60.0,60.0,True,CBraMod,7000.0,2.0,True
Dreyer2023,43,23,4x,4.0,0.9666666666666666,0.95,0.9266666666666664,-0.0166666666666666,0.0233333333333334,60.0,60.0,True,60.0,60.0,True,CBraMod,14000.0,4.0,True
Dreyer2023,43,37,1x,4.0,0.875,0.9083333333333332,0.8666666666666668,0.0333333333333333,0.0416666666666665,60.0,60.0,True,60.0,60.0,True,CBraMod,3000.0,1.0,True
Dreyer2023,43,37,2x,4.0,0.9166666666666669,0.9166666666666669,0.9125,0.0,0.0041666666666667,60.0,60.0,True,60.0,60.0,True,CBraMod,6000.0,2.0,True
Dreyer2023,43,37,4x,4.0,0.9416666666666668,0.9333333333333332,0.9066666666666666,-0.0083333333333333,0.0266666666666667,60.0,60.0,True,60.0,60.0,True,CBraMod,12000.0,4.0,True
Dreyer2023,43,53,1x,4.0,0.9166666666666666,0.9083333333333332,0.8924999999999998,-0.0083333333333333,0.0158333333333334,60.0,60.0,True,60.0,60.0,True,CBraMod,3000.0,1.0,True
Dreyer2023,43,53,2x,4.0,0.9166666666666669,0.9166666666666669,0.905,0.0,0.0116666666666668,60.0,60.0,True,60.0,60.0,True,CBraMod,6000.0,2.0,True
Dreyer2023,43,53,4x,4.0,0.925,0.8916666666666666,0.9075,-0.0333333333333334,-0.0158333333333333,60.0,60.0,True,60.0,60.0,True,CBraMod,12000.0,4.0,True
Dreyer2023,43,71,1x,4.0,0.8166666666666667,0.8833333333333333,0.8283333333333334,0.0666666666666666,0.0549999999999999,60.0,60.0,True,60.0,60.0,True,CBraMod,3250.0,1.0,True
Dreyer2023,43,71,2x,4.0,0.8166666666666667,0.9,0.8508333333333333,0.0833333333333333,0.0491666666666666,60.0,60.0,True,60.0,60.0,True,CBraMod,6500.0,2.0,True
Dreyer2023,43,71,4x,4.0,0.8916666666666666,0.9416666666666668,0.8800000000000001,0.05,0.0616666666666665,60.0,60.0,True,60.0,60.0,True,CBraMod,13000.0,4.0,True
Dreyer2023,44,11,1x,4.0,0.6416666666666667,0.7083333333333333,0.6758333333333333,0.0666666666666665,0.0324999999999999,60.0,60.0,True,60.0,60.0,True,CBraMod,3000.0,1.0,True
Dreyer2023,44,11,2x,4.0,0.6916666666666667,0.7333333333333334,0.6675000000000001,0.0416666666666667,0.0658333333333333,60.0,60.0,True,60.0,60.0,True,CBraMod,6000.0,2.0,True
Dreyer2023,44,11,4x,4.0,0.675,0.6583333333333333,0.6833333333333333,-0.0166666666666667,-0.025,60.0,60.0,True,60.0,60.0,True,CBraMod,12000.0,4.0,True
Dreyer2023,44,23,1x,4.0,0.7166666666666667,0.7166666666666667,0.7083333333333333,0.0,0.0083333333333334,60.0,60.0,True,60.0,60.0,True,CBraMod,3500.0,1.0,True
Dreyer2023,44,23,2x,4.0,0.6333333333333333,0.6666666666666667,0.6916666666666667,0.0333333333333334,-0.0249999999999999,60.0,60.0,True,60.0,60.0,True,CBraMod,7000.0,2.0,True
Dreyer2023,44,23,4x,4.0,0.6166666666666667,0.7,0.6658333333333333,0.0833333333333332,0.0341666666666666,60.0,60.0,True,60.0,60.0,True,CBraMod,14000.0,4.0,True
Dreyer2023,44,37,1x,4.0,0.6333333333333333,0.6083333333333333,0.6666666666666666,-0.025,-0.0583333333333333,60.0,60.0,True,60.0,60.0,True,CBraMod,3000.0,1.0,True
Dreyer2023,44,37,2x,4.0,0.6916666666666667,0.6583333333333333,0.6583333333333334,-0.0333333333333333,-1.1102230246251563e-16,60.0,60.0,True,60.0,60.0,True,CBraMod,6000.0,2.0,True
Dreyer2023,44,37,4x,4.0,0.6916666666666667,0.6833333333333333,0.6733333333333332,-0.0083333333333333,0.0100000000000001,60.0,60.0,True,60.0,60.0,True,CBraMod,12000.0,4.0,True
Dreyer2023,44,53,1x,4.0,0.7083333333333333,0.7416666666666667,0.675,0.0333333333333334,0.0666666666666666,60.0,60.0,True,60.0,60.0,True,CBraMod,3000.0,1.0,True
Dreyer2023,44,53,2x,4.0,0.65,0.7250000000000001,0.6533333333333333,0.075,0.0716666666666667,60.0,60.0,True,60.0,60.0,True,CBraMod,6000.0,2.0,True
Dreyer2023,44,53,4x,4.0,0.675,0.7166666666666667,0.6649999999999999,0.0416666666666666,0.0516666666666667,60.0,60.0,True,60.0,60.0,True,CBraMod,12000.0,4.0,True
Dreyer2023,44,71,1x,4.0,0.5833333333333333,0.5916666666666667,0.5841666666666667,0.0083333333333334,0.0074999999999999,60.0,60.0,True,60.0,60.0,True,CBraMod,3250.0,1.0,True
Dreyer2023,44,71,2x,4.0,0.6,0.6083333333333334,0.6191666666666666,0.0083333333333334,-0.0108333333333332,60.0,60.0,True,60.0,60.0,True,CBraMod,6500.0,2.0,True
Dreyer2023,44,71,4x,4.0,0.65,0.6666666666666666,0.6475,0.0166666666666666,0.0191666666666666,60.0,60.0,True,60.0,60.0,True,CBraMod,13000.0,4.0,True
Dreyer2023,45,11,1x,3.0,0.7416666666666667,0.7583333333333333,0.7458333333333333,0.0166666666666666,0.0124999999999999,60.0,60.0,True,60.0,60.0,True,CBraMod,3000.0,1.0,True
Dreyer2023,45,11,2x,3.0,0.7833333333333333,0.825,0.7575,0.0416666666666666,0.0675,60.0,60.0,True,60.0,60.0,True,CBraMod,6000.0,2.0,True
Dreyer2023,45,11,4x,3.0,0.7833333333333333,0.7749999999999999,0.8058333333333334,-0.0083333333333334,-0.0308333333333334,60.0,60.0,True,60.0,60.0,True,CBraMod,12000.0,4.0,True
Dreyer2023,45,23,1x,3.0,0.7833333333333333,0.8,0.7616666666666667,0.0166666666666667,0.0383333333333333,60.0,60.0,True,60.0,60.0,True,CBraMod,3000.0,1.0,True
Dreyer2023,45,23,2x,3.0,0.7833333333333333,0.8166666666666667,0.745,0.0333333333333333,0.0716666666666666,60.0,60.0,True,60.0,60.0,True,CBraMod,6000.0,2.0,True
Dreyer2023,45,23,4x,3.0,0.7749999999999999,0.8333333333333333,0.7708333333333333,0.0583333333333333,0.0625,60.0,60.0,True,60.0,60.0,True,CBraMod,12000.0,4.0,True
Dreyer2023,45,37,1x,3.0,0.7583333333333333,0.8666666666666667,0.7991666666666667,0.1083333333333333,0.0675,60.0,60.0,True,60.0,60.0,True,CBraMod,3000.0,1.0,True
Dreyer2023,45,37,2x,3.0,0.75,0.8583333333333334,0.7791666666666667,0.1083333333333333,0.0791666666666667,60.0,60.0,True,60.0,60.0,True,CBraMod,6000.0,2.0,True
Dreyer2023,45,37,4x,3.0,0.7666666666666666,0.825,0.7991666666666667,0.0583333333333333,0.0258333333333332,60.0,60.0,True,60.0,60.0,True,CBraMod,12000.0,4.0,True
Dreyer2023,45,53,1x,3.0,0.725,0.8166666666666667,0.7825,0.0916666666666666,0.0341666666666666,60.0,60.0,True,60.0,60.0,True,CBraMod,3750.0,1.0,True
Dreyer2023,45,53,2x,3.0,0.7916666666666667,0.8166666666666667,0.7983333333333332,0.0249999999999999,0.0183333333333334,60.0,60.0,True,60.0,60.0,True,CBraMod,7500.0,2.0,True
Dreyer2023,45,53,4x,3.0,0.7833333333333333,0.8333333333333333,0.7775000000000001,0.0499999999999999,0.0558333333333331,60.0,60.0,True,60.0,60.0,True,CBraMod,15000.0,4.0,True
Dreyer2023,45,71,1x,3.0,0.7,0.8,0.7525000000000001,0.1,0.0474999999999999,60.0,60.0,True,60.0,60.0,True,CBraMod,3250.0,1.0,True
Dreyer2023,45,71,2x,3.0,0.8166666666666667,0.8333333333333333,0.7799999999999999,0.0166666666666666,0.0533333333333333,60.0,60.0,True,60.0,60.0,True,CBraMod,6500.0,2.0,True
Dreyer2023,45,71,4x,3.0,0.825,0.825,0.8008333333333333,0.0,0.0241666666666666,60.0,60.0,True,60.0,60.0,True,CBraMod,13000.0,4.0,True
Dreyer2023,46,11,1x,3.0,0.7583333333333333,0.7583333333333333,0.6950000000000001,0.0,0.0633333333333332,60.0,60.0,True,60.0,60.0,True,CBraMod,3000.0,1.0,True
Dreyer2023,46,11,2x,3.0,0.7333333333333334,0.7166666666666667,0.7058333333333333,-0.0166666666666667,0.0108333333333333,60.0,60.0,True,60.0,60.0,True,CBraMod,6000.0,2.0,True
Dreyer2023,46,11,4x,3.0,0.7916666666666666,0.725,0.7483333333333333,-0.0666666666666666,-0.0233333333333333,60.0,60.0,True,60.0,60.0,True,CBraMod,12000.0,4.0,True
Dreyer2023,46,23,1x,3.0,0.7583333333333333,0.7083333333333333,0.7,-0.05,0.0083333333333333,60.0,60.0,True,60.0,60.0,True,CBraMod,3000.0,1.0,True
Dreyer2023,46,23,2x,3.0,0.7250000000000001,0.65,0.7158333333333333,-0.075,-0.0658333333333333,60.0,60.0,True,60.0,60.0,True,CBraMod,6000.0,2.0,True
Dreyer2023,46,23,4x,3.0,0.7083333333333334,0.7166666666666667,0.7183333333333333,0.0083333333333333,-0.0016666666666665,60.0,60.0,True,60.0,60.0,True,CBraMod,12000.0,4.0,True
Dreyer2023,46,37,1x,3.0,0.7250000000000001,0.7,0.7183333333333334,-0.0250000000000001,-0.0183333333333334,60.0,60.0,True,60.0,60.0,True,CBraMod,3000.0,1.0,True
Dreyer2023,46,37,2x,3.0,0.7666666666666666,0.6583333333333333,0.7350000000000001,-0.1083333333333332,-0.0766666666666667,60.0,60.0,True,60.0,60.0,True,CBraMod,6000.0,2.0,True
Dreyer2023,46,37,4x,3.0,0.7583333333333333,0.7083333333333333,0.7466666666666667,-0.05,-0.0383333333333334,60.0,60.0,True,60.0,60.0,True,CBraMod,12000.0,4.0,True
Dreyer2023,46,53,1x,3.0,0.7583333333333333,0.7083333333333333,0.7408333333333333,-0.05,-0.0325,60.0,60.0,True,60.0,60.0,True,CBraMod,3750.0,1.0,True
Dreyer2023,46,53,2x,3.0,0.75,0.7,0.7083333333333333,-0.05,-0.0083333333333333,60.0,60.0,True,60.0,60.0,True,CBraMod,7500.0,2.0,True
Dreyer2023,46,53,4x,3.0,0.8166666666666667,0.7333333333333334,0.7391666666666666,-0.0833333333333332,-0.0058333333333332,60.0,60.0,True,60.0,60.0,True,CBraMod,15000.0,4.0,True
Dreyer2023,46,71,1x,3.0,0.6833333333333333,0.7166666666666667,0.7066666666666667,0.0333333333333333,0.01,60.0,60.0,True,60.0,60.0,True,CBraMod,3250.0,1.0,True
Dreyer2023,46,71,2x,3.0,0.7333333333333334,0.7250000000000001,0.7158333333333334,-0.0083333333333333,0.0091666666666666,60.0,60.0,True,60.0,60.0,True,CBraMod,6500.0,2.0,True
Dreyer2023,46,71,4x,3.0,0.7666666666666666,0.7250000000000001,0.7308333333333332,-0.0416666666666665,-0.0058333333333331,60.0,60.0,True,60.0,60.0,True,CBraMod,13000.0,4.0,True
Dreyer2023,47,11,1x,0.0,0.925,0.925,0.8691666666666666,0.0,0.0558333333333334,60.0,60.0,True,60.0,60.0,True,CBraMod,3000.0,1.0,True
Dreyer2023,47,11,2x,0.0,0.9333333333333332,0.9666666666666666,0.8800000000000001,0.0333333333333332,0.0866666666666664,60.0,60.0,True,60.0,60.0,True,CBraMod,6000.0,2.0,True
Dreyer2023,47,11,4x,0.0,0.925,0.9416666666666668,0.9175000000000002,0.0166666666666666,0.0241666666666664,60.0,60.0,True,60.0,60.0,True,CBraMod,12000.0,4.0,True
Dreyer2023,47,23,1x,0.0,0.8916666666666666,0.9166666666666666,0.8508333333333333,0.025,0.0658333333333333,60.0,60.0,True,60.0,60.0,True,CBraMod,3500.0,1.0,True
Dreyer2023,47,23,2x,0.0,0.9083333333333332,0.9166666666666669,0.8724999999999999,0.0083333333333334,0.0441666666666668,60.0,60.0,True,60.0,60.0,True,CBraMod,7000.0,2.0,True
Dreyer2023,47,23,4x,0.0,0.875,0.9416666666666668,0.8675,0.0666666666666666,0.0741666666666666,60.0,60.0,True,60.0,60.0,True,CBraMod,14000.0,4.0,True
Dreyer2023,47,37,1x,0.0,0.9416666666666668,0.9583333333333331,0.9175,0.0166666666666666,0.0408333333333331,60.0,60.0,True,60.0,60.0,True,CBraMod,3000.0,1.0,True
Dreyer2023,47,37,2x,0.0,0.9416666666666668,0.9583333333333331,0.91,0.0166666666666666,0.0483333333333331,60.0,60.0,True,60.0,60.0,True,CBraMod,6000.0,2.0,True
Dreyer2023,47,37,4x,0.0,0.9166666666666669,0.9333333333333332,0.8766666666666666,0.0166666666666666,0.0566666666666667,60.0,60.0,True,60.0,60.0,True,CBraMod,12000.0,4.0,True
Dreyer2023,47,53,1x,0.0,0.8916666666666666,0.9,0.8683333333333334,0.0083333333333334,0.0316666666666666,60.0,60.0,True,60.0,60.0,True,CBraMod,3000.0,1.0,True
Dreyer2023,47,53,2x,0.0,0.9083333333333332,0.9583333333333331,0.8891666666666668,0.0499999999999999,0.0691666666666664,60.0,60.0,True,60.0,60.0,True,CBraMod,6000.0,2.0,True
Dreyer2023,47,53,4x,0.0,0.8833333333333333,0.925,0.8916666666666666,0.0416666666666667,0.0333333333333334,60.0,60.0,True,60.0,60.0,True,CBraMod,12000.0,4.0,True
Dreyer2023,47,71,1x,0.0,0.85,0.8916666666666666,0.8341666666666667,0.0416666666666666,0.0574999999999998,60.0,60.0,True,60.0,60.0,True,CBraMod,3000.0,1.0,True
Dreyer2023,47,71,2x,0.0,0.8833333333333333,0.8833333333333333,0.8783333333333333,0.0,0.005,60.0,60.0,True,60.0,60.0,True,CBraMod,6000.0,2.0,True
Dreyer2023,47,71,4x,0.0,0.8833333333333333,0.9083333333333332,0.8841666666666667,0.025,0.0241666666666666,60.0,60.0,True,60.0,60.0,True,CBraMod,12000.0,4.0,True
Dreyer2023,48,11,1x,3.0,0.7083333333333333,0.6416666666666666,0.6458333333333334,-0.0666666666666666,-0.0041666666666667,60.0,60.0,True,60.0,60.0,True,CBraMod,3000.0,1.0,True
Dreyer2023,48,11,2x,3.0,0.675,0.6916666666666667,0.6575,0.0166666666666666,0.0341666666666666,60.0,60.0,True,60.0,60.0,True,CBraMod,6000.0,2.0,True
Dreyer2023,48,11,4x,3.0,0.6083333333333334,0.6333333333333333,0.64,0.0249999999999999,-0.0066666666666667,60.0,60.0,True,60.0,60.0,True,CBraMod,12000.0,4.0,True
Dreyer2023,48,23,1x,3.0,0.7083333333333333,0.725,0.6633333333333334,0.0166666666666667,0.0616666666666665,60.0,60.0,True,60.0,60.0,True,CBraMod,3000.0,1.0,True
Dreyer2023,48,23,2x,3.0,0.6833333333333333,0.6666666666666667,0.6483333333333334,-0.0166666666666666,0.0183333333333333,60.0,60.0,True,60.0,60.0,True,CBraMod,6000.0,2.0,True
Dreyer2023,48,23,4x,3.0,0.6583333333333333,0.6833333333333333,0.6658333333333334,0.025,0.0174999999999999,60.0,60.0,True,60.0,60.0,True,CBraMod,12000.0,4.0,True
Dreyer2023,48,37,1x,3.0,0.6666666666666667,0.6916666666666667,0.6308333333333334,0.0249999999999999,0.0608333333333332,60.0,60.0,True,60.0,60.0,True,CBraMod,3000.0,1.0,True
Dreyer2023,48,37,2x,3.0,0.6583333333333334,0.6583333333333333,0.6625,-1.1102230246251563e-16,-0.0041666666666666,60.0,60.0,True,60.0,60.0,True,CBraMod,6000.0,2.0,True
Dreyer2023,48,37,4x,3.0,0.6583333333333334,0.7,0.6633333333333333,0.0416666666666665,0.0366666666666666,60.0,60.0,True,60.0,60.0,True,CBraMod,12000.0,4.0,True
Dreyer2023,48,53,1x,3.0,0.6166666666666667,0.6833333333333333,0.6633333333333333,0.0666666666666666,0.02,60.0,60.0,True,60.0,60.0,True,CBraMod,3750.0,1.0,True
Dreyer2023,48,53,2x,3.0,0.7,0.6833333333333333,0.67,-0.0166666666666666,0.0133333333333333,60.0,60.0,True,60.0,60.0,True,CBraMod,7500.0,2.0,True
Dreyer2023,48,53,4x,3.0,0.6333333333333333,0.7,0.6325000000000001,0.0666666666666666,0.0674999999999999,60.0,60.0,True,60.0,60.0,True,CBraMod,15000.0,4.0,True
Dreyer2023,48,71,1x,3.0,0.6083333333333333,0.675,0.6341666666666665,0.0666666666666667,0.0408333333333335,60.0,60.0,True,60.0,60.0,True,CBraMod,3250.0,1.0,True
Dreyer2023,48,71,2x,3.0,0.6583333333333333,0.6833333333333333,0.6616666666666667,0.025,0.0216666666666666,60.0,60.0,True,60.0,60.0,True,CBraMod,6500.0,2.0,True
Dreyer2023,48,71,4x,3.0,0.6916666666666667,0.7,0.6958333333333334,0.0083333333333333,0.0041666666666665,60.0,60.0,True,60.0,60.0,True,CBraMod,13000.0,4.0,True
Dreyer2023,49,11,1x,0.0,0.6916666666666667,0.825,0.7525000000000001,0.1333333333333333,0.0724999999999999,60.0,60.0,True,60.0,60.0,True,CBraMod,3000.0,1.0,True
Dreyer2023,49,11,2x,0.0,0.8416666666666667,0.8833333333333333,0.7999999999999999,0.0416666666666666,0.0833333333333333,60.0,60.0,True,60.0,60.0,True,CBraMod,6000.0,2.0,True
Dreyer2023,49,11,4x,0.0,0.8166666666666667,0.8416666666666667,0.8008333333333333,0.025,0.0408333333333333,60.0,60.0,True,60.0,60.0,True,CBraMod,12000.0,4.0,True
Dreyer2023,49,23,1x,0.0,0.7416666666666667,0.8,0.7358333333333332,0.0583333333333333,0.0641666666666668,60.0,60.0,True,60.0,60.0,True,CBraMod,3500.0,1.0,True
Dreyer2023,49,23,2x,0.0,0.8,0.85,0.765,0.0499999999999999,0.0849999999999999,60.0,60.0,True,60.0,60.0,True,CBraMod,7000.0,2.0,True
Dreyer2023,49,23,4x,0.0,0.8166666666666667,0.85,0.7849999999999999,0.0333333333333333,0.065,60.0,60.0,True,60.0,60.0,True,CBraMod,14000.0,4.0,True
Dreyer2023,49,37,1x,0.0,0.8583333333333334,0.8166666666666667,0.7891666666666667,-0.0416666666666667,0.0274999999999999,60.0,60.0,True,60.0,60.0,True,CBraMod,3000.0,1.0,True
Dreyer2023,49,37,2x,0.0,0.8333333333333334,0.8416666666666667,0.8191666666666665,0.0083333333333333,0.0225000000000001,60.0,60.0,True,60.0,60.0,True,CBraMod,6000.0,2.0,True
Dreyer2023,49,37,4x,0.0,0.8583333333333334,0.8500000000000001,0.8108333333333333,-0.0083333333333333,0.0391666666666667,60.0,60.0,True,60.0,60.0,True,CBraMod,12000.0,4.0,True
Dreyer2023,49,53,1x,0.0,0.825,0.8500000000000001,0.7608333333333334,0.0250000000000001,0.0891666666666667,60.0,60.0,True,60.0,60.0,True,CBraMod,3000.0,1.0,True
Dreyer2023,49,53,2x,0.0,0.7833333333333333,0.8666666666666667,0.7533333333333333,0.0833333333333333,0.1133333333333334,60.0,60.0,True,60.0,60.0,True,CBraMod,6000.0,2.0,True
Dreyer2023,49,53,4x,0.0,0.8416666666666667,0.8333333333333333,0.785,-0.0083333333333334,0.0483333333333332,60.0,60.0,True,60.0,60.0,True,CBraMod,12000.0,4.0,True
Dreyer2023,49,71,1x,0.0,0.7583333333333333,0.825,0.7008333333333333,0.0666666666666666,0.1241666666666666,60.0,60.0,True,60.0,60.0,True,CBraMod,3000.0,1.0,True
Dreyer2023,49,71,2x,0.0,0.7666666666666666,0.8416666666666667,0.7466666666666666,0.075,0.095,60.0,60.0,True,60.0,60.0,True,CBraMod,6000.0,2.0,True
Dreyer2023,49,71,4x,0.0,0.75,0.8,0.7358333333333332,0.05,0.0641666666666668,60.0,60.0,True,60.0,60.0,True,CBraMod,12000.0,4.0,True
Dreyer2023,50,11,1x,2.0,0.6583333333333333,0.6583333333333333,0.61,0.0,0.0483333333333333,60.0,60.0,True,60.0,60.0,True,CBraMod,5250.0,1.0,True
Dreyer2023,50,11,2x,2.0,0.6333333333333333,0.6583333333333334,0.6358333333333335,0.0250000000000001,0.0224999999999999,60.0,60.0,True,60.0,60.0,True,CBraMod,10500.0,2.0,True
Dreyer2023,50,11,4x,2.0,0.7416666666666667,0.675,0.6966666666666665,-0.0666666666666666,-0.0216666666666665,60.0,60.0,True,60.0,60.0,True,CBraMod,21000.0,4.0,True
Dreyer2023,50,23,1x,2.0,0.6083333333333333,0.6,0.6024999999999999,-0.0083333333333333,-0.0024999999999999,60.0,60.0,True,60.0,60.0,True,CBraMod,3250.0,1.0,True
Dreyer2023,50,23,2x,2.0,0.6416666666666666,0.6583333333333333,0.6158333333333333,0.0166666666666667,0.0424999999999999,60.0,60.0,True,60.0,60.0,True,CBraMod,6500.0,2.0,True
Dreyer2023,50,23,4x,2.0,0.6333333333333333,0.6583333333333333,0.6316666666666667,0.025,0.0266666666666666,60.0,60.0,True,60.0,60.0,True,CBraMod,13000.0,4.0,True
Dreyer2023,50,37,1x,2.0,0.6166666666666667,0.625,0.6108333333333333,0.0083333333333333,0.0141666666666666,60.0,60.0,True,60.0,60.0,True,CBraMod,3000.0,1.0,True
Dreyer2023,50,37,2x,2.0,0.6333333333333333,0.6,0.5991666666666668,-0.0333333333333333,0.0008333333333331,60.0,60.0,True,60.0,60.0,True,CBraMod,6000.0,2.0,True
Dreyer2023,50,37,4x,2.0,0.6583333333333333,0.625,0.6408333333333334,-0.0333333333333333,-0.0158333333333333,60.0,60.0,True,60.0,60.0,True,CBraMod,12000.0,4.0,True
Dreyer2023,50,53,1x,2.0,0.6666666666666667,0.6333333333333333,0.6216666666666667,-0.0333333333333334,0.0116666666666666,60.0,60.0,True,60.0,60.0,True,CBraMod,4000.0,1.0,True
Dreyer2023,50,53,2x,2.0,0.6333333333333333,0.6083333333333334,0.6058333333333333,-0.0249999999999999,0.0025,60.0,60.0,True,60.0,60.0,True,CBraMod,8000.0,2.0,True
Dreyer2023,50,53,4x,2.0,0.7083333333333333,0.625,0.66,-0.0833333333333332,-0.035,60.0,60.0,True,60.0,60.0,True,CBraMod,16000.0,4.0,True
Dreyer2023,50,71,1x,2.0,0.65,0.5833333333333333,0.615,-0.0666666666666667,-0.0316666666666667,60.0,60.0,True,60.0,60.0,True,CBraMod,3500.0,1.0,True
Dreyer2023,50,71,2x,2.0,0.625,0.6166666666666667,0.6100000000000001,-0.0083333333333333,0.0066666666666665,60.0,60.0,True,60.0,60.0,True,CBraMod,7000.0,2.0,True
Dreyer2023,50,71,4x,2.0,0.5833333333333334,0.65,0.6141666666666666,0.0666666666666666,0.0358333333333333,60.0,60.0,True,60.0,60.0,True,CBraMod,14000.0,4.0,True
Dreyer2023,51,11,1x,4.0,0.7583333333333333,0.8083333333333333,0.7766666666666666,0.05,0.0316666666666667,60.0,60.0,True,60.0,60.0,True,CBraMod,3000.0,1.0,True
Dreyer2023,51,11,2x,4.0,0.725,0.8083333333333333,0.7733333333333333,0.0833333333333333,0.035,60.0,60.0,True,60.0,60.0,True,CBraMod,6000.0,2.0,True
Dreyer2023,51,11,4x,4.0,0.7749999999999999,0.8416666666666667,0.7708333333333333,0.0666666666666667,0.0708333333333334,60.0,60.0,True,60.0,60.0,True,CBraMod,12000.0,4.0,True
Dreyer2023,51,23,1x,4.0,0.775,0.8083333333333333,0.7491666666666668,0.0333333333333333,0.0591666666666665,60.0,60.0,True,60.0,60.0,True,CBraMod,3500.0,1.0,True
Dreyer2023,51,23,2x,4.0,0.8083333333333333,0.825,0.76,0.0166666666666666,0.0649999999999999,60.0,60.0,True,60.0,60.0,True,CBraMod,7000.0,2.0,True
Dreyer2023,51,23,4x,4.0,0.8166666666666667,0.7916666666666666,0.7575,-0.025,0.0341666666666666,60.0,60.0,True,60.0,60.0,True,CBraMod,14000.0,4.0,True
Dreyer2023,51,37,1x,4.0,0.7833333333333333,0.7833333333333333,0.7391666666666667,0.0,0.0441666666666665,60.0,60.0,True,60.0,60.0,True,CBraMod,3000.0,1.0,True
Dreyer2023,51,37,2x,4.0,0.8,0.8083333333333333,0.7741666666666667,0.0083333333333333,0.0341666666666666,60.0,60.0,True,60.0,60.0,True,CBraMod,6000.0,2.0,True
Dreyer2023,51,37,4x,4.0,0.8166666666666667,0.7916666666666666,0.7700000000000001,-0.025,0.0216666666666665,60.0,60.0,True,60.0,60.0,True,CBraMod,12000.0,4.0,True
Dreyer2023,51,53,1x,4.0,0.75,0.7583333333333333,0.7375,0.0083333333333333,0.0208333333333332,60.0,60.0,True,60.0,60.0,True,CBraMod,3000.0,1.0,True
Dreyer2023,51,53,2x,4.0,0.825,0.8,0.7608333333333334,-0.0249999999999999,0.0391666666666666,60.0,60.0,True,60.0,60.0,True,CBraMod,6000.0,2.0,True
Dreyer2023,51,53,4x,4.0,0.7166666666666667,0.7833333333333333,0.7308333333333332,0.0666666666666666,0.0525000000000001,60.0,60.0,True,60.0,60.0,True,CBraMod,12000.0,4.0,True
Dreyer2023,51,71,1x,4.0,0.6666666666666666,0.7833333333333333,0.6975,0.1166666666666667,0.0858333333333333,60.0,60.0,True,60.0,60.0,True,CBraMod,3250.0,1.0,True
Dreyer2023,51,71,2x,4.0,0.7166666666666667,0.75,0.7225000000000001,0.0333333333333333,0.0274999999999998,60.0,60.0,True,60.0,60.0,True,CBraMod,6500.0,2.0,True
Dreyer2023,51,71,4x,4.0,0.7333333333333334,0.75,0.7341666666666667,0.0166666666666666,0.0158333333333332,60.0,60.0,True,60.0,60.0,True,CBraMod,13000.0,4.0,True
Dreyer2023,52,11,1x,2.0,0.8166666666666667,0.8333333333333334,0.7966666666666666,0.0166666666666667,0.0366666666666667,60.0,60.0,True,60.0,60.0,True,CBraMod,5250.0,1.0,True
Dreyer2023,52,11,2x,2.0,0.8166666666666667,0.8083333333333333,0.7983333333333332,-0.0083333333333333,0.0100000000000001,60.0,60.0,True,60.0,60.0,True,CBraMod,10500.0,2.0,True
Dreyer2023,52,11,4x,2.0,0.8166666666666667,0.8166666666666667,0.7941666666666667,0.0,0.0224999999999999,60.0,60.0,True,60.0,60.0,True,CBraMod,21000.0,4.0,True
Dreyer2023,52,23,1x,2.0,0.7833333333333333,0.8083333333333333,0.7749999999999999,0.025,0.0333333333333334,60.0,60.0,True,60.0,60.0,True,CBraMod,3250.0,1.0,True
Dreyer2023,52,23,2x,2.0,0.7916666666666667,0.7833333333333333,0.78,-0.0083333333333334,0.0033333333333332,60.0,60.0,True,60.0,60.0,True,CBraMod,6500.0,2.0,True
Dreyer2023,52,23,4x,2.0,0.7916666666666666,0.825,0.7700000000000001,0.0333333333333333,0.0549999999999998,60.0,60.0,True,60.0,60.0,True,CBraMod,13000.0,4.0,True
Dreyer2023,52,37,1x,2.0,0.7833333333333334,0.7833333333333333,0.7866666666666667,-1.1102230246251563e-16,-0.0033333333333334,60.0,60.0,True,60.0,60.0,True,CBraMod,3000.0,1.0,True
Dreyer2023,52,37,2x,2.0,0.8333333333333333,0.85,0.7758333333333333,0.0166666666666667,0.0741666666666667,60.0,60.0,True,60.0,60.0,True,CBraMod,6000.0,2.0,True
Dreyer2023,52,37,4x,2.0,0.8,0.825,0.7908333333333333,0.0249999999999999,0.0341666666666666,60.0,60.0,True,60.0,60.0,True,CBraMod,12000.0,4.0,True
Dreyer2023,52,53,1x,2.0,0.7916666666666667,0.825,0.7716666666666667,0.0333333333333332,0.0533333333333332,60.0,60.0,True,60.0,60.0,True,CBraMod,4000.0,1.0,True
Dreyer2023,52,53,2x,2.0,0.8500000000000001,0.8333333333333333,0.805,-0.0166666666666668,0.0283333333333332,60.0,60.0,True,60.0,60.0,True,CBraMod,8000.0,2.0,True
Dreyer2023,52,53,4x,2.0,0.8416666666666667,0.8666666666666667,0.8241666666666667,0.025,0.0424999999999999,60.0,60.0,True,60.0,60.0,True,CBraMod,16000.0,4.0,True
Dreyer2023,52,71,1x,2.0,0.8083333333333333,0.825,0.7808333333333334,0.0166666666666666,0.0441666666666665,60.0,60.0,True,60.0,60.0,True,CBraMod,3500.0,1.0,True
Dreyer2023,52,71,2x,2.0,0.8166666666666667,0.8666666666666667,0.8150000000000001,0.05,0.0516666666666666,60.0,60.0,True,60.0,60.0,True,CBraMod,7000.0,2.0,True
Dreyer2023,52,71,4x,2.0,0.7916666666666666,0.825,0.8041666666666666,0.0333333333333333,0.0208333333333333,60.0,60.0,True,60.0,60.0,True,CBraMod,14000.0,4.0,True
Dreyer2023,53,11,1x,0.0,0.7583333333333333,0.8083333333333333,0.7466666666666667,0.05,0.0616666666666666,60.0,60.0,True,60.0,60.0,True,CBraMod,3000.0,1.0,True
Dreyer2023,53,11,2x,0.0,0.8083333333333333,0.8416666666666666,0.79,0.0333333333333332,0.0516666666666665,60.0,60.0,True,60.0,60.0,True,CBraMod,6000.0,2.0,True
Dreyer2023,53,11,4x,0.0,0.825,0.8833333333333333,0.82,0.0583333333333333,0.0633333333333333,60.0,60.0,True,60.0,60.0,True,CBraMod,12000.0,4.0,True
Dreyer2023,53,23,1x,0.0,0.75,0.8583333333333334,0.7816666666666666,0.1083333333333333,0.0766666666666667,60.0,60.0,True,60.0,60.0,True,CBraMod,3500.0,1.0,True
Dreyer2023,53,23,2x,0.0,0.8,0.8666666666666667,0.7958333333333332,0.0666666666666666,0.0708333333333335,60.0,60.0,True,60.0,60.0,True,CBraMod,7000.0,2.0,True
Dreyer2023,53,23,4x,0.0,0.8083333333333333,0.8666666666666667,0.8066666666666666,0.0583333333333333,0.06,60.0,60.0,True,60.0,60.0,True,CBraMod,14000.0,4.0,True
Dreyer2023,53,37,1x,0.0,0.8500000000000001,0.8833333333333333,0.8308333333333332,0.0333333333333332,0.0525000000000001,60.0,60.0,True,60.0,60.0,True,CBraMod,3000.0,1.0,True
Dreyer2023,53,37,2x,0.0,0.8833333333333333,0.8583333333333334,0.8558333333333333,-0.0249999999999999,0.0025,60.0,60.0,True,60.0,60.0,True,CBraMod,6000.0,2.0,True
Dreyer2023,53,37,4x,0.0,0.8916666666666666,0.9083333333333332,0.8541666666666667,0.0166666666666667,0.0541666666666665,60.0,60.0,True,60.0,60.0,True,CBraMod,12000.0,4.0,True
Dreyer2023,53,53,1x,0.0,0.7583333333333333,0.8166666666666667,0.76,0.0583333333333333,0.0566666666666666,60.0,60.0,True,60.0,60.0,True,CBraMod,3000.0,1.0,True
Dreyer2023,53,53,2x,0.0,0.8333333333333334,0.7666666666666666,0.7925000000000001,-0.0666666666666667,-0.0258333333333334,60.0,60.0,True,60.0,60.0,True,CBraMod,6000.0,2.0,True
Dreyer2023,53,53,4x,0.0,0.8583333333333334,0.7833333333333333,0.8333333333333333,-0.075,-0.0499999999999999,60.0,60.0,True,60.0,60.0,True,CBraMod,12000.0,4.0,True
Dreyer2023,53,71,1x,0.0,0.825,0.825,0.7741666666666667,0.0,0.0508333333333332,60.0,60.0,True,60.0,60.0,True,CBraMod,3000.0,1.0,True
Dreyer2023,53,71,2x,0.0,0.8083333333333333,0.8666666666666667,0.7883333333333333,0.0583333333333333,0.0783333333333333,60.0,60.0,True,60.0,60.0,True,CBraMod,6000.0,2.0,True
Dreyer2023,53,71,4x,0.0,0.8333333333333333,0.8416666666666666,0.8216666666666667,0.0083333333333333,0.0199999999999999,60.0,60.0,True,60.0,60.0,True,CBraMod,12000.0,4.0,True
Dreyer2023,54,11,1x,0.0,0.7583333333333333,0.725,0.6966666666666667,-0.0333333333333333,0.0283333333333333,60.0,60.0,True,60.0,60.0,True,CBraMod,3000.0,1.0,True
Dreyer2023,54,11,2x,0.0,0.7666666666666666,0.8083333333333333,0.7225,0.0416666666666667,0.0858333333333333,60.0,60.0,True,60.0,60.0,True,CBraMod,6000.0,2.0,True
Dreyer2023,54,11,4x,0.0,0.6916666666666667,0.8666666666666667,0.7208333333333333,0.175,0.1458333333333333,60.0,60.0,True,60.0,60.0,True,CBraMod,12000.0,4.0,True
Dreyer2023,54,23,1x,0.0,0.7,0.775,0.69,0.075,0.085,60.0,60.0,True,60.0,60.0,True,CBraMod,3500.0,1.0,True
Dreyer2023,54,23,2x,0.0,0.7583333333333333,0.8583333333333334,0.7566666666666667,0.1,0.1016666666666666,60.0,60.0,True,60.0,60.0,True,CBraMod,7000.0,2.0,True
Dreyer2023,54,23,4x,0.0,0.75,0.825,0.7425,0.0749999999999999,0.0824999999999999,60.0,60.0,True,60.0,60.0,True,CBraMod,14000.0,4.0,True
Dreyer2023,54,37,1x,0.0,0.7749999999999999,0.825,0.6883333333333332,0.05,0.1366666666666667,60.0,60.0,True,60.0,60.0,True,CBraMod,3000.0,1.0,True
Dreyer2023,54,37,2x,0.0,0.7083333333333333,0.7916666666666666,0.715,0.0833333333333333,0.0766666666666666,60.0,60.0,True,60.0,60.0,True,CBraMod,6000.0,2.0,True
Dreyer2023,54,37,4x,0.0,0.7583333333333333,0.85,0.7433333333333334,0.0916666666666666,0.1066666666666665,60.0,60.0,True,60.0,60.0,True,CBraMod,12000.0,4.0,True
Dreyer2023,54,53,1x,0.0,0.7166666666666666,0.7666666666666666,0.7183333333333334,0.05,0.0483333333333332,60.0,60.0,True,60.0,60.0,True,CBraMod,3000.0,1.0,True
Dreyer2023,54,53,2x,0.0,0.7666666666666666,0.7666666666666666,0.6975,0.0,0.0691666666666666,60.0,60.0,True,60.0,60.0,True,CBraMod,6000.0,2.0,True
Dreyer2023,54,53,4x,0.0,0.7166666666666667,0.8,0.7066666666666668,0.0833333333333333,0.0933333333333332,60.0,60.0,True,60.0,60.0,True,CBraMod,12000.0,4.0,True
Dreyer2023,54,71,1x,0.0,0.6083333333333334,0.6833333333333333,0.6675,0.0749999999999999,0.0158333333333333,60.0,60.0,True,60.0,60.0,True,CBraMod,3000.0,1.0,True
Dreyer2023,54,71,2x,0.0,0.7333333333333334,0.7416666666666667,0.7474999999999999,0.0083333333333333,-0.0058333333333332,60.0,60.0,True,60.0,60.0,True,CBraMod,6000.0,2.0,True
Dreyer2023,54,71,4x,0.0,0.7416666666666667,0.7666666666666666,0.7224999999999999,0.0249999999999999,0.0441666666666666,60.0,60.0,True,60.0,60.0,True,CBraMod,12000.0,4.0,True
Dreyer2023,55,11,1x,4.0,0.9333333333333332,0.95,0.9275000000000002,0.0166666666666666,0.0224999999999997,60.0,60.0,True,60.0,60.0,True,CBraMod,3000.0,1.0,True
Dreyer2023,55,11,2x,4.0,0.9416666666666668,0.9333333333333332,0.9191666666666668,-0.0083333333333333,0.0141666666666666,60.0,60.0,True,60.0,60.0,True,CBraMod,6000.0,2.0,True
Dreyer2023,55,11,4x,4.0,0.925,0.925,0.9225,0.0,0.0025,60.0,60.0,True,60.0,60.0,True,CBraMod,12000.0,4.0,True
Dreyer2023,55,23,1x,4.0,0.975,0.9416666666666668,0.9425,-0.0333333333333333,-0.0008333333333334,60.0,60.0,True,60.0,60.0,True,CBraMod,3500.0,1.0,True
Dreyer2023,55,23,2x,4.0,0.925,0.975,0.9316666666666666,0.0499999999999999,0.0433333333333333,60.0,60.0,True,60.0,60.0,True,CBraMod,7000.0,2.0,True
Dreyer2023,55,23,4x,4.0,0.925,0.9166666666666666,0.925,-0.0083333333333334,-0.0083333333333334,60.0,60.0,True,60.0,60.0,True,CBraMod,14000.0,4.0,True
Dreyer2023,55,37,1x,4.0,0.9166666666666669,0.9333333333333332,0.9208333333333332,0.0166666666666666,0.0125000000000001,60.0,60.0,True,60.0,60.0,True,CBraMod,3000.0,1.0,True
Dreyer2023,55,37,2x,4.0,0.9416666666666668,0.9583333333333331,0.9333333333333332,0.0166666666666666,0.025,60.0,60.0,True,60.0,60.0,True,CBraMod,6000.0,2.0,True
Dreyer2023,55,37,4x,4.0,0.9416666666666668,0.9416666666666668,0.95,0.0,-0.0083333333333333,60.0,60.0,True,60.0,60.0,True,CBraMod,12000.0,4.0,True
Dreyer2023,55,53,1x,4.0,0.9833333333333332,0.9833333333333332,0.9491666666666668,0.0,0.0341666666666665,60.0,60.0,True,60.0,60.0,True,CBraMod,3000.0,1.0,True
Dreyer2023,55,53,2x,4.0,0.9333333333333332,0.95,0.9316666666666666,0.0166666666666666,0.0183333333333333,60.0,60.0,True,60.0,60.0,True,CBraMod,6000.0,2.0,True
Dreyer2023,55,53,4x,4.0,0.9416666666666668,0.925,0.9141666666666668,-0.0166666666666666,0.0108333333333332,60.0,60.0,True,60.0,60.0,True,CBraMod,12000.0,4.0,True
Dreyer2023,55,71,1x,4.0,0.8916666666666666,0.8916666666666666,0.8733333333333334,0.0,0.0183333333333332,60.0,60.0,True,60.0,60.0,True,CBraMod,3250.0,1.0,True
Dreyer2023,55,71,2x,4.0,0.925,0.9166666666666669,0.9116666666666668,-0.0083333333333333,0.005,60.0,60.0,True,60.0,60.0,True,CBraMod,6500.0,2.0,True
Dreyer2023,55,71,4x,4.0,0.8999999999999999,0.9,0.915,1.1102230246251563e-16,-0.015,60.0,60.0,True,60.0,60.0,True,CBraMod,13000.0,4.0,True
Dreyer2023,56,11,1x,4.0,0.95,0.9916666666666668,0.9091666666666668,0.0416666666666667,0.0825,60.0,60.0,True,60.0,60.0,True,CBraMod,3000.0,1.0,True
Dreyer2023,56,11,2x,4.0,0.95,0.9833333333333334,0.91,0.0333333333333334,0.0733333333333334,60.0,60.0,True,60.0,60.0,True,CBraMod,6000.0,2.0,True
Dreyer2023,56,11,4x,4.0,0.9333333333333332,0.9416666666666668,0.9041666666666668,0.0083333333333333,0.0374999999999998,60.0,60.0,True,60.0,60.0,True,CBraMod,12000.0,4.0,True
Dreyer2023,56,23,1x,4.0,0.9333333333333332,0.9916666666666668,0.8891666666666668,0.0583333333333333,0.1024999999999999,60.0,60.0,True,60.0,60.0,True,CBraMod,3500.0,1.0,True
Dreyer2023,56,23,2x,4.0,0.9416666666666668,0.9833333333333332,0.9025,0.0416666666666666,0.0808333333333332,60.0,60.0,True,60.0,60.0,True,CBraMod,7000.0,2.0,True
Dreyer2023,56,23,4x,4.0,0.9416666666666668,1.0,0.9075,0.0583333333333333,0.0925,60.0,60.0,True,60.0,60.0,True,CBraMod,14000.0,4.0,True
Dreyer2023,56,37,1x,4.0,0.9666666666666668,0.9916666666666668,0.9191666666666668,0.025,0.0724999999999999,60.0,60.0,True,60.0,60.0,True,CBraMod,3000.0,1.0,True
Dreyer2023,56,37,2x,4.0,0.9333333333333332,0.9583333333333331,0.9175,0.0249999999999999,0.0408333333333331,60.0,60.0,True,60.0,60.0,True,CBraMod,6000.0,2.0,True
Dreyer2023,56,37,4x,4.0,0.9416666666666668,0.9666666666666668,0.9250000000000002,0.025,0.0416666666666665,60.0,60.0,True,60.0,60.0,True,CBraMod,12000.0,4.0,True
Dreyer2023,56,53,1x,4.0,0.9666666666666668,1.0,0.8983333333333332,0.0333333333333333,0.1016666666666668,60.0,60.0,True,60.0,60.0,True,CBraMod,3000.0,1.0,True
Dreyer2023,56,53,2x,4.0,0.9583333333333331,1.0,0.9258333333333332,0.0416666666666667,0.0741666666666667,60.0,60.0,True,60.0,60.0,True,CBraMod,6000.0,2.0,True
Dreyer2023,56,53,4x,4.0,0.925,0.9666666666666668,0.8991666666666667,0.0416666666666666,0.0675,60.0,60.0,True,60.0,60.0,True,CBraMod,12000.0,4.0,True
Dreyer2023,56,71,1x,4.0,0.7916666666666667,0.925,0.8558333333333333,0.1333333333333333,0.0691666666666667,60.0,60.0,True,60.0,60.0,True,CBraMod,3250.0,1.0,True
Dreyer2023,56,71,2x,4.0,0.9166666666666669,0.9833333333333332,0.8958333333333333,0.0666666666666665,0.0875,60.0,60.0,True,60.0,60.0,True,CBraMod,6500.0,2.0,True
Dreyer2023,56,71,4x,4.0,0.9083333333333332,0.9583333333333331,0.8866666666666667,0.0499999999999999,0.0716666666666665,60.0,60.0,True,60.0,60.0,True,CBraMod,13000.0,4.0,True
Dreyer2023,57,11,1x,3.0,0.6416666666666666,0.625,0.64,-0.0166666666666666,-0.015,60.0,60.0,True,60.0,60.0,True,CBraMod,3000.0,1.0,True
Dreyer2023,57,11,2x,3.0,0.6666666666666666,0.7083333333333333,0.6641666666666667,0.0416666666666666,0.0441666666666665,60.0,60.0,True,60.0,60.0,True,CBraMod,6000.0,2.0,True
Dreyer2023,57,11,4x,3.0,0.7166666666666667,0.7416666666666667,0.6925000000000001,0.025,0.0491666666666665,60.0,60.0,True,60.0,60.0,True,CBraMod,12000.0,4.0,True
Dreyer2023,57,23,1x,3.0,0.6416666666666666,0.6583333333333333,0.6358333333333334,0.0166666666666667,0.0224999999999999,60.0,60.0,True,60.0,60.0,True,CBraMod,3000.0,1.0,True
Dreyer2023,57,23,2x,3.0,0.6916666666666667,0.7416666666666667,0.685,0.05,0.0566666666666666,60.0,60.0,True,60.0,60.0,True,CBraMod,6000.0,2.0,True
Dreyer2023,57,23,4x,3.0,0.5916666666666667,0.775,0.6475,0.1833333333333333,0.1275,60.0,60.0,True,60.0,60.0,True,CBraMod,12000.0,4.0,True
Dreyer2023,57,37,1x,3.0,0.65,0.7083333333333333,0.6475,0.0583333333333332,0.0608333333333332,60.0,60.0,True,60.0,60.0,True,CBraMod,3000.0,1.0,True
Dreyer2023,57,37,2x,3.0,0.675,0.7083333333333333,0.6733333333333332,0.0333333333333332,0.035,60.0,60.0,True,60.0,60.0,True,CBraMod,6000.0,2.0,True
Dreyer2023,57,37,4x,3.0,0.6916666666666667,0.6916666666666667,0.6975,0.0,-0.0058333333333333,60.0,60.0,True,60.0,60.0,True,CBraMod,12000.0,4.0,True
Dreyer2023,57,53,1x,3.0,0.675,0.6916666666666667,0.6891666666666667,0.0166666666666666,0.0024999999999999,60.0,60.0,True,60.0,60.0,True,CBraMod,3750.0,1.0,True
Dreyer2023,57,53,2x,3.0,0.675,0.75,0.6933333333333335,0.0749999999999999,0.0566666666666665,60.0,60.0,True,60.0,60.0,True,CBraMod,7500.0,2.0,True
Dreyer2023,57,53,4x,3.0,0.6583333333333333,0.7583333333333333,0.6733333333333332,0.0999999999999999,0.085,60.0,60.0,True,60.0,60.0,True,CBraMod,15000.0,4.0,True
Dreyer2023,57,71,1x,3.0,0.6083333333333334,0.6499999999999999,0.6658333333333333,0.0416666666666665,-0.0158333333333333,60.0,60.0,True,60.0,60.0,True,CBraMod,3250.0,1.0,True
Dreyer2023,57,71,2x,3.0,0.6916666666666667,0.7083333333333334,0.6775,0.0166666666666667,0.0308333333333333,60.0,60.0,True,60.0,60.0,True,CBraMod,6500.0,2.0,True
Dreyer2023,57,71,4x,3.0,0.6916666666666667,0.7166666666666667,0.7166666666666668,0.025,-1.1102230246251563e-16,60.0,60.0,True,60.0,60.0,True,CBraMod,13000.0,4.0,True
Dreyer2023,58,11,1x,2.0,0.9166666666666669,0.9666666666666666,0.9283333333333332,0.0499999999999998,0.0383333333333332,60.0,60.0,True,60.0,60.0,True,CBraMod,5250.0,1.0,True
Dreyer2023,58,11,2x,2.0,0.9333333333333332,0.9416666666666668,0.9475,0.0083333333333333,-0.0058333333333333,60.0,60.0,True,60.0,60.0,True,CBraMod,10500.0,2.0,True
Dreyer2023,58,11,4x,2.0,0.975,0.975,0.9725,0.0,0.0024999999999998,60.0,60.0,True,60.0,60.0,True,CBraMod,21000.0,4.0,True
Dreyer2023,58,23,1x,2.0,0.9166666666666666,0.9416666666666668,0.9366666666666668,0.025,0.0049999999999998,60.0,60.0,True,60.0,60.0,True,CBraMod,3250.0,1.0,True
Dreyer2023,58,23,2x,2.0,0.9416666666666668,0.9666666666666668,0.945,0.025,0.0216666666666667,60.0,60.0,True,60.0,60.0,True,CBraMod,6500.0,2.0,True
Dreyer2023,58,23,4x,2.0,0.9583333333333331,0.9583333333333331,0.9516666666666664,0.0,0.0066666666666667,60.0,60.0,True,60.0,60.0,True,CBraMod,13000.0,4.0,True
Dreyer2023,58,37,1x,2.0,0.9083333333333332,0.925,0.8841666666666667,0.0166666666666667,0.0408333333333333,60.0,60.0,True,60.0,60.0,True,CBraMod,3000.0,1.0,True
Dreyer2023,58,37,2x,2.0,0.9333333333333332,0.95,0.9133333333333332,0.0166666666666666,0.0366666666666666,60.0,60.0,True,60.0,60.0,True,CBraMod,6000.0,2.0,True
Dreyer2023,58,37,4x,2.0,0.9583333333333331,0.9916666666666668,0.9575,0.0333333333333334,0.0341666666666667,60.0,60.0,True,60.0,60.0,True,CBraMod,12000.0,4.0,True
Dreyer2023,58,53,1x,2.0,0.9583333333333331,0.9666666666666668,0.9166666666666669,0.0083333333333334,0.0499999999999999,60.0,60.0,True,60.0,60.0,True,CBraMod,4000.0,1.0,True
Dreyer2023,58,53,2x,2.0,0.9666666666666668,0.9583333333333331,0.9283333333333332,-0.0083333333333334,0.0299999999999999,60.0,60.0,True,60.0,60.0,True,CBraMod,8000.0,2.0,True
Dreyer2023,58,53,4x,2.0,0.9666666666666668,0.9583333333333331,0.9341666666666668,-0.0083333333333334,0.0241666666666665,60.0,60.0,True,60.0,60.0,True,CBraMod,16000.0,4.0,True
Dreyer2023,58,71,1x,2.0,0.9666666666666668,0.975,0.9391666666666666,0.0083333333333333,0.0358333333333333,60.0,60.0,True,60.0,60.0,True,CBraMod,3500.0,1.0,True
Dreyer2023,58,71,2x,2.0,0.975,0.975,0.9541666666666666,0.0,0.0208333333333333,60.0,60.0,True,60.0,60.0,True,CBraMod,7000.0,2.0,True
Dreyer2023,58,71,4x,2.0,0.9583333333333331,0.9833333333333334,0.9675,0.0250000000000001,0.0158333333333334,60.0,60.0,True,60.0,60.0,True,CBraMod,14000.0,4.0,True
Dreyer2023,59,11,1x,0.0,0.7875000000000001,0.8375,0.7525,0.0499999999999999,0.085,40.0,40.0,True,40.0,40.0,True,CBraMod,3000.0,1.0,True
Dreyer2023,59,11,2x,0.0,0.8,0.8,0.7887500000000001,0.0,0.0112499999999999,40.0,40.0,True,40.0,40.0,True,CBraMod,6000.0,2.0,True
Dreyer2023,59,11,4x,0.0,0.775,0.8125,0.79875,0.0374999999999999,0.01375,40.0,40.0,True,40.0,40.0,True,CBraMod,12000.0,4.0,True
Dreyer2023,59,23,1x,0.0,0.8,0.825,0.7675000000000001,0.0249999999999999,0.0574999999999998,40.0,40.0,True,40.0,40.0,True,CBraMod,3500.0,1.0,True
Dreyer2023,59,23,2x,0.0,0.8,0.7875000000000001,0.7837500000000001,-0.0124999999999999,0.00375,40.0,40.0,True,40.0,40.0,True,CBraMod,7000.0,2.0,True
Dreyer2023,59,23,4x,0.0,0.7625,0.7875,0.7987500000000001,0.025,-0.01125,40.0,40.0,True,40.0,40.0,True,CBraMod,14000.0,4.0,True
Dreyer2023,59,37,1x,0.0,0.7875,0.8625,0.7624999999999998,0.075,0.1000000000000002,40.0,40.0,True,40.0,40.0,True,CBraMod,3000.0,1.0,True
Dreyer2023,59,37,2x,0.0,0.8,0.7749999999999999,0.83625,-0.0250000000000001,-0.0612500000000001,40.0,40.0,True,40.0,40.0,True,CBraMod,6000.0,2.0,True
Dreyer2023,59,37,4x,0.0,0.7625,0.7875,0.77625,0.025,0.0112499999999999,40.0,40.0,True,40.0,40.0,True,CBraMod,12000.0,4.0,True
Dreyer2023,59,53,1x,0.0,0.75,0.8,0.71875,0.05,0.08125,40.0,40.0,True,40.0,40.0,True,CBraMod,3000.0,1.0,True
Dreyer2023,59,53,2x,0.0,0.7,0.7375,0.7212500000000001,0.0375,0.0162499999999999,40.0,40.0,True,40.0,40.0,True,CBraMod,6000.0,2.0,True
Dreyer2023,59,53,4x,0.0,0.8,0.7375,0.8099999999999999,-0.0625,-0.0724999999999999,40.0,40.0,True,40.0,40.0,True,CBraMod,12000.0,4.0,True
Dreyer2023,59,71,1x,0.0,0.8500000000000001,0.8125,0.79125,-0.0375,0.0212499999999999,40.0,40.0,True,40.0,40.0,True,CBraMod,3000.0,1.0,True
Dreyer2023,59,71,2x,0.0,0.85,0.7250000000000001,0.7862500000000001,-0.1249999999999998,-0.06125,40.0,40.0,True,40.0,40.0,True,CBraMod,6000.0,2.0,True
Dreyer2023,59,71,4x,0.0,0.825,0.775,0.77625,-0.0499999999999999,-0.0012499999999999,40.0,40.0,True,40.0,40.0,True,CBraMod,12000.0,4.0,True
Dreyer2023,60,11,1x,4.0,0.875,0.925,0.8508333333333333,0.05,0.0741666666666667,60.0,60.0,True,60.0,60.0,True,CBraMod,3000.0,1.0,True
Dreyer2023,60,11,2x,4.0,0.925,0.9416666666666668,0.8975,0.0166666666666666,0.0441666666666666,60.0,60.0,True,60.0,60.0,True,CBraMod,6000.0,2.0,True
Dreyer2023,60,11,4x,4.0,0.875,0.9083333333333332,0.8891666666666665,0.0333333333333333,0.0191666666666667,60.0,60.0,True,60.0,60.0,True,CBraMod,12000.0,4.0,True
Dreyer2023,60,23,1x,4.0,0.9166666666666669,0.925,0.8616666666666667,0.0083333333333333,0.0633333333333333,60.0,60.0,True,60.0,60.0,True,CBraMod,3500.0,1.0,True
Dreyer2023,60,23,2x,4.0,0.85,0.8916666666666666,0.8458333333333334,0.0416666666666666,0.0458333333333331,60.0,60.0,True,60.0,60.0,True,CBraMod,7000.0,2.0,True
Dreyer2023,60,23,4x,4.0,0.8833333333333333,0.925,0.8625,0.0416666666666667,0.0625,60.0,60.0,True,60.0,60.0,True,CBraMod,14000.0,4.0,True
Dreyer2023,60,37,1x,4.0,0.8333333333333333,0.9416666666666668,0.7791666666666666,0.1083333333333333,0.1625000000000001,60.0,60.0,True,60.0,60.0,True,CBraMod,3000.0,1.0,True
Dreyer2023,60,37,2x,4.0,0.9,0.9416666666666668,0.8875,0.0416666666666666,0.0541666666666666,60.0,60.0,True,60.0,60.0,True,CBraMod,6000.0,2.0,True
Dreyer2023,60,37,4x,4.0,0.8916666666666666,0.925,0.8550000000000001,0.0333333333333334,0.0699999999999999,60.0,60.0,True,60.0,60.0,True,CBraMod,12000.0,4.0,True
Dreyer2023,60,53,1x,4.0,0.8083333333333333,0.85,0.7966666666666666,0.0416666666666666,0.0533333333333333,60.0,60.0,True,60.0,60.0,True,CBraMod,3000.0,1.0,True
Dreyer2023,60,53,2x,4.0,0.8583333333333334,0.9333333333333332,0.8266666666666668,0.0749999999999999,0.1066666666666665,60.0,60.0,True,60.0,60.0,True,CBraMod,6000.0,2.0,True
Dreyer2023,60,53,4x,4.0,0.8916666666666666,0.9083333333333332,0.8558333333333333,0.0166666666666667,0.0524999999999999,60.0,60.0,True,60.0,60.0,True,CBraMod,12000.0,4.0,True
Dreyer2023,60,71,1x,4.0,0.7333333333333334,0.75,0.7458333333333333,0.0166666666666666,0.0041666666666666,60.0,60.0,True,60.0,60.0,True,CBraMod,3250.0,1.0,True
Dreyer2023,60,71,2x,4.0,0.75,0.8666666666666667,0.7374999999999998,0.1166666666666667,0.1291666666666668,60.0,60.0,True,60.0,60.0,True,CBraMod,6500.0,2.0,True
Dreyer2023,60,71,4x,4.0,0.8,0.9083333333333332,0.7883333333333333,0.1083333333333332,0.12,60.0,60.0,True,60.0,60.0,True,CBraMod,13000.0,4.0,True
Dreyer2023,61,11,1x,3.0,0.8416666666666667,0.875,0.8400000000000001,0.0333333333333333,0.0349999999999999,60.0,60.0,True,60.0,60.0,True,CBraMod,3000.0,1.0,True
Dreyer2023,61,11,2x,3.0,0.85,0.9,0.8741666666666668,0.05,0.0258333333333332,60.0,60.0,True,60.0,60.0,True,CBraMod,6000.0,2.0,True
Dreyer2023,61,11,4x,3.0,0.875,0.9416666666666668,0.8616666666666667,0.0666666666666666,0.0799999999999999,60.0,60.0,True,60.0,60.0,True,CBraMod,12000.0,4.0,True
Dreyer2023,61,23,1x,3.0,0.8583333333333334,0.8999999999999999,0.825,0.0416666666666665,0.0749999999999999,60.0,60.0,True,60.0,60.0,True,CBraMod,3000.0,1.0,True
Dreyer2023,61,23,2x,3.0,0.9166666666666669,0.8583333333333334,0.8625,-0.0583333333333333,-0.0041666666666666,60.0,60.0,True,60.0,60.0,True,CBraMod,6000.0,2.0,True
Dreyer2023,61,23,4x,3.0,0.8333333333333333,0.8916666666666666,0.8358333333333334,0.0583333333333333,0.0558333333333331,60.0,60.0,True,60.0,60.0,True,CBraMod,12000.0,4.0,True
Dreyer2023,61,37,1x,3.0,0.8583333333333334,0.8999999999999999,0.8516666666666668,0.0416666666666665,0.0483333333333331,60.0,60.0,True,60.0,60.0,True,CBraMod,3000.0,1.0,True
Dreyer2023,61,37,2x,3.0,0.8916666666666666,0.925,0.86,0.0333333333333334,0.065,60.0,60.0,True,60.0,60.0,True,CBraMod,6000.0,2.0,True
Dreyer2023,61,37,4x,3.0,0.8916666666666666,0.8916666666666666,0.8550000000000001,0.0,0.0366666666666665,60.0,60.0,True,60.0,60.0,True,CBraMod,12000.0,4.0,True
Dreyer2023,61,53,1x,3.0,0.8999999999999999,0.9,0.8866666666666667,1.1102230246251563e-16,0.0133333333333333,60.0,60.0,True,60.0,60.0,True,CBraMod,3750.0,1.0,True
Dreyer2023,61,53,2x,3.0,0.9083333333333332,0.8916666666666666,0.8941666666666667,-0.0166666666666667,-0.0025,60.0,60.0,True,60.0,60.0,True,CBraMod,7500.0,2.0,True
Dreyer2023,61,53,4x,3.0,0.9083333333333332,0.925,0.8933333333333333,0.0166666666666667,0.0316666666666667,60.0,60.0,True,60.0,60.0,True,CBraMod,15000.0,4.0,True
Dreyer2023,61,71,1x,3.0,0.8416666666666666,0.9166666666666666,0.8783333333333333,0.075,0.0383333333333333,60.0,60.0,True,60.0,60.0,True,CBraMod,3250.0,1.0,True
Dreyer2023,61,71,2x,3.0,0.9,0.9,0.8808333333333334,0.0,0.0191666666666666,60.0,60.0,True,60.0,60.0,True,CBraMod,6500.0,2.0,True
Dreyer2023,61,71,4x,3.0,0.9083333333333332,0.8833333333333333,0.8800000000000001,-0.025,0.0033333333333331,60.0,60.0,True,60.0,60.0,True,CBraMod,13000.0,4.0,True
Dreyer2023,62,11,1x,0.0,0.7416666666666667,0.825,0.7266666666666668,0.0833333333333332,0.0983333333333331,60.0,60.0,True,60.0,60.0,True,CBraMod,3000.0,1.0,True
Dreyer2023,62,11,2x,0.0,0.7333333333333334,0.8333333333333333,0.7074999999999999,0.0999999999999998,0.1258333333333333,60.0,60.0,True,60.0,60.0,True,CBraMod,6000.0,2.0,True
Dreyer2023,62,11,4x,0.0,0.7416666666666667,0.7916666666666666,0.6866666666666668,0.0499999999999999,0.1049999999999998,60.0,60.0,True,60.0,60.0,True,CBraMod,12000.0,4.0,True
Dreyer2023,62,23,1x,0.0,0.7416666666666667,0.8666666666666667,0.7791666666666667,0.125,0.0875,60.0,60.0,True,60.0,60.0,True,CBraMod,3500.0,1.0,True
Dreyer2023,62,23,2x,0.0,0.7583333333333333,0.8333333333333333,0.7416666666666667,0.0749999999999999,0.0916666666666665,60.0,60.0,True,60.0,60.0,True,CBraMod,7000.0,2.0,True
Dreyer2023,62,23,4x,0.0,0.8,0.825,0.7733333333333333,0.0249999999999999,0.0516666666666666,60.0,60.0,True,60.0,60.0,True,CBraMod,14000.0,4.0,True
Dreyer2023,62,37,1x,0.0,0.7583333333333333,0.8166666666666667,0.7566666666666667,0.0583333333333333,0.0599999999999999,60.0,60.0,True,60.0,60.0,True,CBraMod,3000.0,1.0,True
Dreyer2023,62,37,2x,0.0,0.7833333333333333,0.7749999999999999,0.7783333333333334,-0.0083333333333334,-0.0033333333333335,60.0,60.0,True,60.0,60.0,True,CBraMod,6000.0,2.0,True
Dreyer2023,62,37,4x,0.0,0.8166666666666667,0.8583333333333334,0.78,0.0416666666666667,0.0783333333333333,60.0,60.0,True,60.0,60.0,True,CBraMod,12000.0,4.0,True
Dreyer2023,62,53,1x,0.0,0.7833333333333334,0.825,0.7433333333333334,0.0416666666666665,0.0816666666666665,60.0,60.0,True,60.0,60.0,True,CBraMod,3000.0,1.0,True
Dreyer2023,62,53,2x,0.0,0.8166666666666667,0.8083333333333333,0.7116666666666667,-0.0083333333333333,0.0966666666666666,60.0,60.0,True,60.0,60.0,True,CBraMod,6000.0,2.0,True
Dreyer2023,62,53,4x,0.0,0.7416666666666667,0.825,0.6833333333333333,0.0833333333333332,0.1416666666666666,60.0,60.0,True,60.0,60.0,True,CBraMod,12000.0,4.0,True
Dreyer2023,62,71,1x,0.0,0.7083333333333333,0.8333333333333333,0.7175,0.125,0.1158333333333332,60.0,60.0,True,60.0,60.0,True,CBraMod,3000.0,1.0,True
Dreyer2023,62,71,2x,0.0,0.6833333333333333,0.7833333333333333,0.7233333333333334,0.0999999999999999,0.0599999999999999,60.0,60.0,True,60.0,60.0,True,CBraMod,6000.0,2.0,True
Dreyer2023,62,71,4x,0.0,0.7666666666666666,0.8,0.7250000000000001,0.0333333333333334,0.0749999999999999,60.0,60.0,True,60.0,60.0,True,CBraMod,12000.0,4.0,True
Dreyer2023,63,11,1x,1.0,0.8583333333333334,0.9,0.7875,0.0416666666666666,0.1125,60.0,60.0,True,60.0,60.0,True,CBraMod,3000.0,1.0,True
Dreyer2023,63,11,2x,1.0,0.8833333333333333,0.85,0.8091666666666667,-0.0333333333333333,0.0408333333333332,60.0,60.0,True,60.0,60.0,True,CBraMod,6000.0,2.0,True
Dreyer2023,63,11,4x,1.0,0.8666666666666667,0.8833333333333333,0.8425,0.0166666666666666,0.0408333333333332,60.0,60.0,True,60.0,60.0,True,CBraMod,12000.0,4.0,True
Dreyer2023,63,23,1x,1.0,0.8333333333333333,0.7916666666666666,0.8116666666666668,-0.0416666666666666,-0.0200000000000001,60.0,60.0,True,60.0,60.0,True,CBraMod,3000.0,1.0,True
Dreyer2023,63,23,2x,1.0,0.8666666666666667,0.875,0.7933333333333332,0.0083333333333333,0.0816666666666667,60.0,60.0,True,60.0,60.0,True,CBraMod,6000.0,2.0,True
Dreyer2023,63,23,4x,1.0,0.8083333333333333,0.8416666666666667,0.8025,0.0333333333333333,0.0391666666666666,60.0,60.0,True,60.0,60.0,True,CBraMod,12000.0,4.0,True
Dreyer2023,63,37,1x,,,,,,,,,,,,,,,,False
Dreyer2023,63,37,2x,,,,,,,,,,,,,,,,False
Dreyer2023,63,37,4x,,,,,,,,,,,,,,,,False
Dreyer2023,63,53,1x,1.0,0.775,0.8166666666666667,0.7725,0.0416666666666666,0.0441666666666666,60.0,60.0,True,60.0,60.0,True,CBraMod,3000.0,1.0,True
Dreyer2023,63,53,2x,1.0,0.825,0.875,0.8308333333333333,0.05,0.0441666666666666,60.0,60.0,True,60.0,60.0,True,CBraMod,6000.0,2.0,True
Dreyer2023,63,53,4x,1.0,0.7916666666666666,0.875,0.8025,0.0833333333333333,0.0725,60.0,60.0,True,60.0,60.0,True,CBraMod,12000.0,4.0,True
Dreyer2023,63,71,1x,1.0,0.7333333333333334,0.8333333333333334,0.7508333333333332,0.0999999999999999,0.0825000000000001,60.0,60.0,True,60.0,60.0,True,CBraMod,3500.0,1.0,True
Dreyer2023,63,71,2x,1.0,0.8416666666666667,0.8999999999999999,0.8441666666666666,0.0583333333333332,0.0558333333333332,60.0,60.0,True,60.0,60.0,True,CBraMod,7000.0,2.0,True
Dreyer2023,63,71,4x,1.0,0.8416666666666667,0.8833333333333333,0.8358333333333332,0.0416666666666666,0.0475000000000001,60.0,60.0,True,60.0,60.0,True,CBraMod,14000.0,4.0,True
Dreyer2023,64,11,1x,0.0,0.7416666666666667,0.8833333333333333,0.8016666666666667,0.1416666666666666,0.0816666666666665,60.0,60.0,True,60.0,60.0,True,CBraMod,3000.0,1.0,True
Dreyer2023,64,11,2x,0.0,0.8333333333333333,0.8999999999999999,0.8341666666666667,0.0666666666666666,0.0658333333333331,60.0,60.0,True,60.0,60.0,True,CBraMod,6000.0,2.0,True
Dreyer2023,64,11,4x,0.0,0.8333333333333333,0.875,0.8425,0.0416666666666667,0.0324999999999999,60.0,60.0,True,60.0,60.0,True,CBraMod,12000.0,4.0,True
Dreyer2023,64,23,1x,0.0,0.7333333333333334,0.8083333333333333,0.7466666666666667,0.0749999999999999,0.0616666666666666,60.0,60.0,True,60.0,60.0,True,CBraMod,3500.0,1.0,True
Dreyer2023,64,23,2x,0.0,0.7749999999999999,0.8833333333333333,0.7866666666666666,0.1083333333333333,0.0966666666666666,60.0,60.0,True,60.0,60.0,True,CBraMod,7000.0,2.0,True
Dreyer2023,64,23,4x,0.0,0.7583333333333333,0.8666666666666667,0.7491666666666666,0.1083333333333333,0.1175,60.0,60.0,True,60.0,60.0,True,CBraMod,14000.0,4.0,True
Dreyer2023,64,37,1x,0.0,0.775,0.8666666666666667,0.7791666666666668,0.0916666666666666,0.0874999999999999,60.0,60.0,True,60.0,60.0,True,CBraMod,3000.0,1.0,True
Dreyer2023,64,37,2x,0.0,0.8083333333333333,0.8583333333333334,0.8150000000000001,0.05,0.0433333333333333,60.0,60.0,True,60.0,60.0,True,CBraMod,6000.0,2.0,True
Dreyer2023,64,37,4x,0.0,0.7749999999999999,0.8916666666666666,0.7925000000000001,0.1166666666666667,0.0991666666666665,60.0,60.0,True,60.0,60.0,True,CBraMod,12000.0,4.0,True
Dreyer2023,64,53,1x,0.0,0.775,0.9166666666666666,0.8191666666666666,0.1416666666666666,0.0975,60.0,60.0,True,60.0,60.0,True,CBraMod,3000.0,1.0,True
Dreyer2023,64,53,2x,0.0,0.825,0.9333333333333332,0.7983333333333332,0.1083333333333333,0.1350000000000001,60.0,60.0,True,60.0,60.0,True,CBraMod,6000.0,2.0,True
Dreyer2023,64,53,4x,0.0,0.7583333333333333,0.8999999999999999,0.7691666666666668,0.1416666666666666,0.1308333333333331,60.0,60.0,True,60.0,60.0,True,CBraMod,12000.0,4.0,True
Dreyer2023,64,71,1x,0.0,0.7666666666666666,0.8083333333333333,0.7591666666666667,0.0416666666666667,0.0491666666666666,60.0,60.0,True,60.0,60.0,True,CBraMod,3000.0,1.0,True
Dreyer2023,64,71,2x,0.0,0.7749999999999999,0.8666666666666667,0.7933333333333333,0.0916666666666667,0.0733333333333333,60.0,60.0,True,60.0,60.0,True,CBraMod,6000.0,2.0,True
Dreyer2023,64,71,4x,0.0,0.7333333333333333,0.9083333333333332,0.8058333333333334,0.175,0.1024999999999999,60.0,60.0,True,60.0,60.0,True,CBraMod,12000.0,4.0,True
Dreyer2023,65,11,1x,0.0,0.8166666666666667,0.8666666666666667,0.8225,0.05,0.0441666666666666,60.0,60.0,True,60.0,60.0,True,CBraMod,3000.0,1.0,True
Dreyer2023,65,11,2x,0.0,0.7583333333333333,0.825,0.76,0.0666666666666666,0.0649999999999999,60.0,60.0,True,60.0,60.0,True,CBraMod,6000.0,2.0,True
Dreyer2023,65,11,4x,0.0,0.825,0.8916666666666666,0.7924999999999999,0.0666666666666666,0.0991666666666667,60.0,60.0,True,60.0,60.0,True,CBraMod,12000.0,4.0,True
Dreyer2023,65,23,1x,0.0,0.85,0.9083333333333332,0.8341666666666667,0.0583333333333333,0.0741666666666666,60.0,60.0,True,60.0,60.0,True,CBraMod,3500.0,1.0,True
Dreyer2023,65,23,2x,0.0,0.825,0.875,0.8091666666666667,0.05,0.0658333333333333,60.0,60.0,True,60.0,60.0,True,CBraMod,7000.0,2.0,True
Dreyer2023,65,23,4x,0.0,0.825,0.8583333333333334,0.8108333333333334,0.0333333333333334,0.0474999999999999,60.0,60.0,True,60.0,60.0,True,CBraMod,14000.0,4.0,True
Dreyer2023,65,37,1x,0.0,0.8333333333333334,0.8833333333333333,0.8141666666666666,0.0499999999999999,0.0691666666666667,60.0,60.0,True,60.0,60.0,True,CBraMod,3000.0,1.0,True
Dreyer2023,65,37,2x,0.0,0.85,0.8666666666666667,0.8416666666666666,0.0166666666666667,0.0250000000000001,60.0,60.0,True,60.0,60.0,True,CBraMod,6000.0,2.0,True
Dreyer2023,65,37,4x,0.0,0.85,0.8833333333333333,0.7908333333333333,0.0333333333333333,0.0925,60.0,60.0,True,60.0,60.0,True,CBraMod,12000.0,4.0,True
Dreyer2023,65,53,1x,0.0,0.8333333333333334,0.8833333333333333,0.7883333333333333,0.0499999999999999,0.0949999999999999,60.0,60.0,True,60.0,60.0,True,CBraMod,3000.0,1.0,True
Dreyer2023,65,53,2x,0.0,0.8333333333333334,0.925,0.8175000000000001,0.0916666666666666,0.1074999999999999,60.0,60.0,True,60.0,60.0,True,CBraMod,6000.0,2.0,True
Dreyer2023,65,53,4x,0.0,0.7833333333333333,0.8583333333333334,0.7974999999999999,0.075,0.0608333333333335,60.0,60.0,True,60.0,60.0,True,CBraMod,12000.0,4.0,True
Dreyer2023,65,71,1x,0.0,0.8666666666666667,0.8666666666666667,0.8166666666666667,0.0,0.05,60.0,60.0,True,60.0,60.0,True,CBraMod,3000.0,1.0,True
Dreyer2023,65,71,2x,0.0,0.8333333333333334,0.875,0.7883333333333333,0.0416666666666666,0.0866666666666666,60.0,60.0,True,60.0,60.0,True,CBraMod,6000.0,2.0,True
Dreyer2023,65,71,4x,0.0,0.8083333333333333,0.8583333333333334,0.7925,0.05,0.0658333333333334,60.0,60.0,True,60.0,60.0,True,CBraMod,12000.0,4.0,True
Dreyer2023,66,11,1x,2.0,0.7250000000000001,0.7749999999999999,0.7266666666666666,0.0499999999999998,0.0483333333333333,60.0,60.0,True,60.0,60.0,True,CBraMod,5250.0,1.0,True
Dreyer2023,66,11,2x,2.0,0.7583333333333333,0.7583333333333333,0.7216666666666667,0.0,0.0366666666666666,60.0,60.0,True,60.0,60.0,True,CBraMod,10500.0,2.0,True
Dreyer2023,66,11,4x,2.0,0.7583333333333333,0.7916666666666667,0.76,0.0333333333333334,0.0316666666666667,60.0,60.0,True,60.0,60.0,True,CBraMod,21000.0,4.0,True
Dreyer2023,66,23,1x,2.0,0.7333333333333334,0.7666666666666666,0.7166666666666667,0.0333333333333332,0.0499999999999999,60.0,60.0,True,60.0,60.0,True,CBraMod,3250.0,1.0,True
Dreyer2023,66,23,2x,2.0,0.75,0.7416666666666667,0.7333333333333334,-0.0083333333333333,0.0083333333333333,60.0,60.0,True,60.0,60.0,True,CBraMod,6500.0,2.0,True
Dreyer2023,66,23,4x,2.0,0.7416666666666667,0.7583333333333333,0.7341666666666666,0.0166666666666666,0.0241666666666666,60.0,60.0,True,60.0,60.0,True,CBraMod,13000.0,4.0,True
Dreyer2023,66,37,1x,2.0,0.7250000000000001,0.7250000000000001,0.7175,0.0,0.0075,60.0,60.0,True,60.0,60.0,True,CBraMod,3000.0,1.0,True
Dreyer2023,66,37,2x,2.0,0.725,0.7583333333333333,0.7208333333333333,0.0333333333333333,0.0374999999999999,60.0,60.0,True,60.0,60.0,True,CBraMod,6000.0,2.0,True
Dreyer2023,66,37,4x,2.0,0.7416666666666667,0.725,0.7341666666666667,-0.0166666666666667,-0.0091666666666667,60.0,60.0,True,60.0,60.0,True,CBraMod,12000.0,4.0,True
Dreyer2023,66,53,1x,2.0,0.75,0.7666666666666666,0.7125,0.0166666666666666,0.0541666666666665,60.0,60.0,True,60.0,60.0,True,CBraMod,4000.0,1.0,True
Dreyer2023,66,53,2x,2.0,0.7583333333333333,0.7666666666666666,0.7325,0.0083333333333333,0.0341666666666665,60.0,60.0,True,60.0,60.0,True,CBraMod,8000.0,2.0,True
Dreyer2023,66,53,4x,2.0,0.7083333333333333,0.7583333333333333,0.7125,0.05,0.0458333333333332,60.0,60.0,True,60.0,60.0,True,CBraMod,16000.0,4.0,True
Dreyer2023,66,71,1x,2.0,0.7416666666666667,0.7749999999999999,0.6983333333333334,0.0333333333333332,0.0766666666666665,60.0,60.0,True,60.0,60.0,True,CBraMod,3500.0,1.0,True
Dreyer2023,66,71,2x,2.0,0.7416666666666667,0.7416666666666667,0.725,0.0,0.0166666666666667,60.0,60.0,True,60.0,60.0,True,CBraMod,7000.0,2.0,True
Dreyer2023,66,71,4x,2.0,0.75,0.775,0.75,0.025,0.025,60.0,60.0,True,60.0,60.0,True,CBraMod,14000.0,4.0,True
Dreyer2023,67,11,1x,2.0,0.8333333333333333,0.8083333333333333,0.8125,-0.0249999999999999,-0.0041666666666666,60.0,60.0,True,60.0,60.0,True,CBraMod,5250.0,1.0,True
Dreyer2023,67,11,2x,2.0,0.8500000000000001,0.85,0.8083333333333333,-1.1102230246251563e-16,0.0416666666666666,60.0,60.0,True,60.0,60.0,True,CBraMod,10500.0,2.0,True
Dreyer2023,67,11,4x,2.0,0.8416666666666667,0.8500000000000001,0.8233333333333333,0.0083333333333334,0.0266666666666668,60.0,60.0,True,60.0,60.0,True,CBraMod,21000.0,4.0,True
Dreyer2023,67,23,1x,2.0,0.7833333333333333,0.8416666666666667,0.7675,0.0583333333333333,0.0741666666666667,60.0,60.0,True,60.0,60.0,True,CBraMod,3250.0,1.0,True
Dreyer2023,67,23,2x,2.0,0.8333333333333333,0.825,0.8016666666666667,-0.0083333333333333,0.0233333333333332,60.0,60.0,True,60.0,60.0,True,CBraMod,6500.0,2.0,True
Dreyer2023,67,23,4x,2.0,0.825,0.8416666666666667,0.8025,0.0166666666666667,0.0391666666666666,60.0,60.0,True,60.0,60.0,True,CBraMod,13000.0,4.0,True
Dreyer2023,67,37,1x,2.0,0.8,0.825,0.7908333333333333,0.0249999999999999,0.0341666666666666,60.0,60.0,True,60.0,60.0,True,CBraMod,3000.0,1.0,True
Dreyer2023,67,37,2x,2.0,0.8083333333333333,0.8333333333333333,0.8191666666666666,0.0249999999999999,0.0141666666666666,60.0,60.0,True,60.0,60.0,True,CBraMod,6000.0,2.0,True
Dreyer2023,67,37,4x,2.0,0.7833333333333333,0.7916666666666666,0.8025,0.0083333333333333,-0.0108333333333333,60.0,60.0,True,60.0,60.0,True,CBraMod,12000.0,4.0,True
Dreyer2023,67,53,1x,2.0,0.7916666666666667,0.8166666666666667,0.7783333333333333,0.0249999999999999,0.0383333333333333,60.0,60.0,True,60.0,60.0,True,CBraMod,4000.0,1.0,True
Dreyer2023,67,53,2x,2.0,0.8083333333333333,0.8333333333333334,0.7833333333333333,0.025,0.05,60.0,60.0,True,60.0,60.0,True,CBraMod,8000.0,2.0,True
Dreyer2023,67,53,4x,2.0,0.7916666666666667,0.8333333333333334,0.7908333333333333,0.0416666666666666,0.0425,60.0,60.0,True,60.0,60.0,True,CBraMod,16000.0,4.0,True
Dreyer2023,67,71,1x,2.0,0.8083333333333333,0.8333333333333333,0.7825,0.0249999999999999,0.0508333333333332,60.0,60.0,True,60.0,60.0,True,CBraMod,3500.0,1.0,True
Dreyer2023,67,71,2x,2.0,0.8333333333333334,0.8166666666666667,0.8158333333333333,-0.0166666666666667,0.0008333333333333,60.0,60.0,True,60.0,60.0,True,CBraMod,7000.0,2.0,True
Dreyer2023,67,71,4x,2.0,0.825,0.8,0.8208333333333332,-0.0249999999999999,-0.0208333333333331,60.0,60.0,True,60.0,60.0,True,CBraMod,14000.0,4.0,True
Dreyer2023,68,11,1x,2.0,0.7916666666666667,0.7583333333333333,0.7233333333333333,-0.0333333333333334,0.035,60.0,60.0,True,60.0,60.0,True,CBraMod,5250.0,1.0,True
Dreyer2023,68,11,2x,2.0,0.8083333333333333,0.8416666666666667,0.76,0.0333333333333333,0.0816666666666666,60.0,60.0,True,60.0,60.0,True,CBraMod,10500.0,2.0,True
Dreyer2023,68,11,4x,2.0,0.7833333333333333,0.825,0.7666666666666666,0.0416666666666666,0.0583333333333333,60.0,60.0,True,60.0,60.0,True,CBraMod,21000.0,4.0,True
Dreyer2023,68,23,1x,2.0,0.7583333333333333,0.7416666666666667,0.6991666666666666,-0.0166666666666666,0.0425,60.0,60.0,True,60.0,60.0,True,CBraMod,3250.0,1.0,True
Dreyer2023,68,23,2x,2.0,0.7916666666666667,0.825,0.7358333333333333,0.0333333333333332,0.0891666666666666,60.0,60.0,True,60.0,60.0,True,CBraMod,6500.0,2.0,True
Dreyer2023,68,23,4x,2.0,0.725,0.75,0.7233333333333334,0.025,0.0266666666666666,60.0,60.0,True,60.0,60.0,True,CBraMod,13000.0,4.0,True
Dreyer2023,68,37,1x,2.0,0.6833333333333333,0.7333333333333334,0.6908333333333332,0.05,0.0425000000000002,60.0,60.0,True,60.0,60.0,True,CBraMod,3000.0,1.0,True
Dreyer2023,68,37,2x,2.0,0.7250000000000001,0.7416666666666667,0.6891666666666666,0.0166666666666666,0.0525000000000001,60.0,60.0,True,60.0,60.0,True,CBraMod,6000.0,2.0,True
Dreyer2023,68,37,4x,2.0,0.7083333333333333,0.775,0.6950000000000001,0.0666666666666667,0.0799999999999999,60.0,60.0,True,60.0,60.0,True,CBraMod,12000.0,4.0,True
Dreyer2023,68,53,1x,2.0,0.7250000000000001,0.8166666666666667,0.7208333333333334,0.0916666666666665,0.0958333333333332,60.0,60.0,True,60.0,60.0,True,CBraMod,4000.0,1.0,True
Dreyer2023,68,53,2x,2.0,0.7916666666666666,0.8,0.7575000000000001,0.0083333333333334,0.0424999999999999,60.0,60.0,True,60.0,60.0,True,CBraMod,8000.0,2.0,True
Dreyer2023,68,53,4x,2.0,0.7833333333333333,0.7916666666666667,0.7358333333333333,0.0083333333333334,0.0558333333333334,60.0,60.0,True,60.0,60.0,True,CBraMod,16000.0,4.0,True
Dreyer2023,68,71,1x,2.0,0.7916666666666666,0.8333333333333333,0.7541666666666667,0.0416666666666666,0.0791666666666666,60.0,60.0,True,60.0,60.0,True,CBraMod,3500.0,1.0,True
Dreyer2023,68,71,2x,2.0,0.7416666666666667,0.7583333333333333,0.7291666666666666,0.0166666666666666,0.0291666666666666,60.0,60.0,True,60.0,60.0,True,CBraMod,7000.0,2.0,True
Dreyer2023,68,71,4x,2.0,0.6916666666666667,0.7833333333333333,0.7425,0.0916666666666666,0.0408333333333332,60.0,60.0,True,60.0,60.0,True,CBraMod,14000.0,4.0,True
Dreyer2023,69,11,1x,2.0,0.8083333333333333,0.8833333333333333,0.7975000000000001,0.0749999999999999,0.0858333333333332,60.0,60.0,True,60.0,60.0,True,CBraMod,5250.0,1.0,True
Dreyer2023,69,11,2x,2.0,0.8583333333333334,0.8666666666666667,0.8266666666666665,0.0083333333333333,0.0400000000000001,60.0,60.0,True,60.0,60.0,True,CBraMod,10500.0,2.0,True
Dreyer2023,69,11,4x,2.0,0.8416666666666667,0.8333333333333333,0.8274999999999999,-0.0083333333333334,0.0058333333333333,60.0,60.0,True,60.0,60.0,True,CBraMod,21000.0,4.0,True
Dreyer2023,69,23,1x,2.0,0.8083333333333333,0.8916666666666666,0.8150000000000001,0.0833333333333332,0.0766666666666665,60.0,60.0,True,60.0,60.0,True,CBraMod,3250.0,1.0,True
Dreyer2023,69,23,2x,2.0,0.8416666666666667,0.875,0.8300000000000001,0.0333333333333333,0.0449999999999999,60.0,60.0,True,60.0,60.0,True,CBraMod,6500.0,2.0,True
Dreyer2023,69,23,4x,2.0,0.8583333333333334,0.875,0.85,0.0166666666666666,0.025,60.0,60.0,True,60.0,60.0,True,CBraMod,13000.0,4.0,True
Dreyer2023,69,37,1x,2.0,0.875,0.8916666666666666,0.8516666666666668,0.0166666666666666,0.0399999999999998,60.0,60.0,True,60.0,60.0,True,CBraMod,3000.0,1.0,True
Dreyer2023,69,37,2x,2.0,0.8416666666666667,0.8583333333333334,0.8233333333333333,0.0166666666666667,0.0350000000000001,60.0,60.0,True,60.0,60.0,True,CBraMod,6000.0,2.0,True
Dreyer2023,69,37,4x,2.0,0.8583333333333334,0.9083333333333332,0.8341666666666667,0.0499999999999999,0.0741666666666666,60.0,60.0,True,60.0,60.0,True,CBraMod,12000.0,4.0,True
Dreyer2023,69,53,1x,2.0,0.8333333333333334,0.8416666666666667,0.8041666666666666,0.0083333333333333,0.0375,60.0,60.0,True,60.0,60.0,True,CBraMod,4000.0,1.0,True
Dreyer2023,69,53,2x,2.0,0.825,0.8583333333333334,0.7966666666666666,0.0333333333333334,0.0616666666666667,60.0,60.0,True,60.0,60.0,True,CBraMod,8000.0,2.0,True
Dreyer2023,69,53,4x,2.0,0.8583333333333334,0.8916666666666666,0.825,0.0333333333333332,0.0666666666666666,60.0,60.0,True,60.0,60.0,True,CBraMod,16000.0,4.0,True
Dreyer2023,69,71,1x,2.0,0.8500000000000001,0.8666666666666667,0.8183333333333334,0.0166666666666666,0.0483333333333333,60.0,60.0,True,60.0,60.0,True,CBraMod,3500.0,1.0,True
Dreyer2023,69,71,2x,2.0,0.8916666666666666,0.875,0.8666666666666668,-0.0166666666666666,0.0083333333333331,60.0,60.0,True,60.0,60.0,True,CBraMod,7000.0,2.0,True
Dreyer2023,69,71,4x,2.0,0.8583333333333334,0.875,0.8633333333333335,0.0166666666666666,0.0116666666666664,60.0,60.0,True,60.0,60.0,True,CBraMod,14000.0,4.0,True
Dreyer2023,70,11,1x,2.0,0.7166666666666666,0.725,0.6875,0.0083333333333334,0.0374999999999999,60.0,60.0,True,60.0,60.0,True,CBraMod,5250.0,1.0,True
Dreyer2023,70,11,2x,2.0,0.7333333333333334,0.8166666666666667,0.7391666666666666,0.0833333333333332,0.0775,60.0,60.0,True,60.0,60.0,True,CBraMod,10500.0,2.0,True
Dreyer2023,70,11,4x,2.0,0.7833333333333333,0.7833333333333333,0.7816666666666667,0.0,0.0016666666666665,60.0,60.0,True,60.0,60.0,True,CBraMod,21000.0,4.0,True
Dreyer2023,70,23,1x,2.0,0.6666666666666666,0.7250000000000001,0.6241666666666668,0.0583333333333334,0.1008333333333333,60.0,60.0,True,60.0,60.0,True,CBraMod,3250.0,1.0,True
Dreyer2023,70,23,2x,2.0,0.7166666666666666,0.7583333333333333,0.6575,0.0416666666666667,0.1008333333333333,60.0,60.0,True,60.0,60.0,True,CBraMod,6500.0,2.0,True
Dreyer2023,70,23,4x,2.0,0.75,0.8,0.6658333333333333,0.05,0.1341666666666667,60.0,60.0,True,60.0,60.0,True,CBraMod,13000.0,4.0,True
Dreyer2023,70,37,1x,2.0,0.6583333333333334,0.675,0.6300000000000001,0.0166666666666666,0.0449999999999999,60.0,60.0,True,60.0,60.0,True,CBraMod,3000.0,1.0,True
Dreyer2023,70,37,2x,2.0,0.6583333333333333,0.6583333333333333,0.6233333333333333,0.0,0.035,60.0,60.0,True,60.0,60.0,True,CBraMod,6000.0,2.0,True
Dreyer2023,70,37,4x,2.0,0.6583333333333333,0.6833333333333333,0.6566666666666666,0.025,0.0266666666666667,60.0,60.0,True,60.0,60.0,True,CBraMod,12000.0,4.0,True
Dreyer2023,70,53,1x,2.0,0.7,0.7583333333333333,0.6991666666666667,0.0583333333333333,0.0591666666666665,60.0,60.0,True,60.0,60.0,True,CBraMod,4000.0,1.0,True
Dreyer2023,70,53,2x,2.0,0.75,0.8333333333333333,0.7008333333333333,0.0833333333333332,0.1324999999999999,60.0,60.0,True,60.0,60.0,True,CBraMod,8000.0,2.0,True
Dreyer2023,70,53,4x,2.0,0.7833333333333333,0.7583333333333333,0.7275,-0.025,0.0308333333333332,60.0,60.0,True,60.0,60.0,True,CBraMod,16000.0,4.0,True
Dreyer2023,70,71,1x,2.0,0.6666666666666667,0.6916666666666667,0.6308333333333332,0.0249999999999999,0.0608333333333334,60.0,60.0,True,60.0,60.0,True,CBraMod,3500.0,1.0,True
Dreyer2023,70,71,2x,2.0,0.7083333333333334,0.7083333333333333,0.6808333333333334,-1.1102230246251563e-16,0.0274999999999998,60.0,60.0,True,60.0,60.0,True,CBraMod,7000.0,2.0,True
Dreyer2023,70,71,4x,2.0,0.6916666666666667,0.8,0.7158333333333333,0.1083333333333333,0.0841666666666667,60.0,60.0,True,60.0,60.0,True,CBraMod,14000.0,4.0,True
Dreyer2023,71,11,1x,3.0,0.8500000000000001,0.8333333333333334,0.775,-0.0166666666666667,0.0583333333333333,60.0,60.0,True,60.0,60.0,True,CBraMod,3000.0,1.0,True
Dreyer2023,71,11,2x,3.0,0.825,0.8333333333333333,0.8108333333333334,0.0083333333333333,0.0224999999999998,60.0,60.0,True,60.0,60.0,True,CBraMod,6000.0,2.0,True
Dreyer2023,71,11,4x,3.0,0.875,0.8500000000000001,0.8299999999999998,-0.0249999999999999,0.0200000000000002,60.0,60.0,True,60.0,60.0,True,CBraMod,12000.0,4.0,True
Dreyer2023,71,23,1x,3.0,0.8583333333333334,0.875,0.8200000000000001,0.0166666666666666,0.0549999999999999,60.0,60.0,True,60.0,60.0,True,CBraMod,3000.0,1.0,True
Dreyer2023,71,23,2x,3.0,0.85,0.875,0.8183333333333334,0.025,0.0566666666666666,60.0,60.0,True,60.0,60.0,True,CBraMod,6000.0,2.0,True
Dreyer2023,71,23,4x,3.0,0.8666666666666667,0.8916666666666666,0.8200000000000001,0.0249999999999999,0.0716666666666665,60.0,60.0,True,60.0,60.0,True,CBraMod,12000.0,4.0,True
Dreyer2023,71,37,1x,3.0,0.8583333333333334,0.85,0.8008333333333333,-0.0083333333333334,0.0491666666666666,60.0,60.0,True,60.0,60.0,True,CBraMod,3000.0,1.0,True
Dreyer2023,71,37,2x,3.0,0.8083333333333333,0.8500000000000001,0.7741666666666667,0.0416666666666667,0.0758333333333334,60.0,60.0,True,60.0,60.0,True,CBraMod,6000.0,2.0,True
Dreyer2023,71,37,4x,3.0,0.8833333333333333,0.8999999999999999,0.8383333333333333,0.0166666666666666,0.0616666666666666,60.0,60.0,True,60.0,60.0,True,CBraMod,12000.0,4.0,True
Dreyer2023,71,53,1x,3.0,0.8583333333333334,0.8583333333333334,0.8216666666666665,0.0,0.0366666666666668,60.0,60.0,True,60.0,60.0,True,CBraMod,3750.0,1.0,True
Dreyer2023,71,53,2x,3.0,0.8416666666666667,0.8583333333333334,0.8091666666666667,0.0166666666666667,0.0491666666666666,60.0,60.0,True,60.0,60.0,True,CBraMod,7500.0,2.0,True
Dreyer2023,71,53,4x,3.0,0.8500000000000001,0.8416666666666667,0.7833333333333333,-0.0083333333333334,0.0583333333333333,60.0,60.0,True,60.0,60.0,True,CBraMod,15000.0,4.0,True
Dreyer2023,71,71,1x,3.0,0.8500000000000001,0.8500000000000001,0.8016666666666667,0.0,0.0483333333333333,60.0,60.0,True,60.0,60.0,True,CBraMod,3250.0,1.0,True
Dreyer2023,71,71,2x,3.0,0.8083333333333333,0.9,0.775,0.0916666666666666,0.125,60.0,60.0,True,60.0,60.0,True,CBraMod,6500.0,2.0,True
Dreyer2023,71,71,4x,3.0,0.7916666666666666,0.8333333333333333,0.7641666666666667,0.0416666666666666,0.0691666666666666,60.0,60.0,True,60.0,60.0,True,CBraMod,13000.0,4.0,True
Dreyer2023,72,11,1x,3.0,0.8666666666666667,0.8833333333333333,0.7641666666666667,0.0166666666666666,0.1191666666666666,60.0,60.0,True,60.0,60.0,True,CBraMod,3000.0,1.0,True
Dreyer2023,72,11,2x,3.0,0.825,0.9416666666666668,0.8233333333333335,0.1166666666666667,0.1183333333333331,60.0,60.0,True,60.0,60.0,True,CBraMod,6000.0,2.0,True
Dreyer2023,72,11,4x,3.0,0.825,0.9,0.8400000000000001,0.075,0.0599999999999999,60.0,60.0,True,60.0,60.0,True,CBraMod,12000.0,4.0,True
Dreyer2023,72,23,1x,3.0,0.7833333333333333,0.8999999999999999,0.8041666666666666,0.1166666666666665,0.0958333333333333,60.0,60.0,True,60.0,60.0,True,CBraMod,3000.0,1.0,True
Dreyer2023,72,23,2x,3.0,0.8166666666666667,0.8916666666666666,0.7783333333333333,0.0749999999999999,0.1133333333333332,60.0,60.0,True,60.0,60.0,True,CBraMod,6000.0,2.0,True
Dreyer2023,72,23,4x,3.0,0.8583333333333334,0.9416666666666668,0.8425,0.0833333333333332,0.0991666666666666,60.0,60.0,True,60.0,60.0,True,CBraMod,12000.0,4.0,True
Dreyer2023,72,37,1x,3.0,0.8333333333333334,0.9416666666666668,0.8316666666666667,0.1083333333333332,0.1099999999999999,60.0,60.0,True,60.0,60.0,True,CBraMod,3000.0,1.0,True
Dreyer2023,72,37,2x,3.0,0.825,0.9333333333333332,0.8333333333333333,0.1083333333333333,0.1,60.0,60.0,True,60.0,60.0,True,CBraMod,6000.0,2.0,True
Dreyer2023,72,37,4x,3.0,0.875,0.9583333333333331,0.845,0.0833333333333332,0.1133333333333332,60.0,60.0,True,60.0,60.0,True,CBraMod,12000.0,4.0,True
Dreyer2023,72,53,1x,3.0,0.8416666666666667,0.9083333333333332,0.8508333333333333,0.0666666666666666,0.0574999999999999,60.0,60.0,True,60.0,60.0,True,CBraMod,3750.0,1.0,True
Dreyer2023,72,53,2x,3.0,0.8416666666666667,0.9416666666666668,0.8208333333333334,0.0999999999999999,0.1208333333333332,60.0,60.0,True,60.0,60.0,True,CBraMod,7500.0,2.0,True
Dreyer2023,72,53,4x,3.0,0.8333333333333334,0.9416666666666668,0.8574999999999999,0.1083333333333332,0.0841666666666667,60.0,60.0,True,60.0,60.0,True,CBraMod,15000.0,4.0,True
Dreyer2023,72,71,1x,3.0,0.8166666666666667,0.8833333333333333,0.8266666666666665,0.0666666666666666,0.0566666666666667,60.0,60.0,True,60.0,60.0,True,CBraMod,3250.0,1.0,True
Dreyer2023,72,71,2x,3.0,0.8166666666666667,0.9833333333333334,0.8416666666666666,0.1666666666666667,0.1416666666666668,60.0,60.0,True,60.0,60.0,True,CBraMod,6500.0,2.0,True
Dreyer2023,72,71,4x,3.0,0.8333333333333334,0.9333333333333332,0.8366666666666667,0.0999999999999999,0.0966666666666666,60.0,60.0,True,60.0,60.0,True,CBraMod,13000.0,4.0,True
Dreyer2023,73,11,1x,1.0,0.7333333333333334,0.8666666666666667,0.6591666666666667,0.1333333333333333,0.2075,60.0,60.0,True,60.0,60.0,True,CBraMod,3000.0,1.0,True
Dreyer2023,73,11,2x,1.0,0.7916666666666666,0.8833333333333333,0.7424999999999999,0.0916666666666666,0.1408333333333333,60.0,60.0,True,60.0,60.0,True,CBraMod,6000.0,2.0,True
Dreyer2023,73,11,4x,1.0,0.8083333333333333,0.9,0.7849999999999999,0.0916666666666666,0.1150000000000001,60.0,60.0,True,60.0,60.0,True,CBraMod,12000.0,4.0,True
Dreyer2023,73,23,1x,1.0,0.7166666666666667,0.8083333333333333,0.7108333333333332,0.0916666666666666,0.0975000000000001,60.0,60.0,True,60.0,60.0,True,CBraMod,3000.0,1.0,True
Dreyer2023,73,23,2x,1.0,0.7416666666666667,0.9083333333333332,0.7641666666666667,0.1666666666666666,0.1441666666666666,60.0,60.0,True,60.0,60.0,True,CBraMod,6000.0,2.0,True
Dreyer2023,73,23,4x,1.0,0.8166666666666667,0.925,0.7658333333333334,0.1083333333333333,0.1591666666666666,60.0,60.0,True,60.0,60.0,True,CBraMod,12000.0,4.0,True
Dreyer2023,73,37,1x,,,,,,,,,,,,,,,,False
Dreyer2023,73,37,2x,,,,,,,,,,,,,,,,False
Dreyer2023,73,37,4x,,,,,,,,,,,,,,,,False
Dreyer2023,73,53,1x,1.0,0.7833333333333333,0.8833333333333333,0.7308333333333333,0.0999999999999999,0.1524999999999999,60.0,60.0,True,60.0,60.0,True,CBraMod,3000.0,1.0,True
Dreyer2023,73,53,2x,1.0,0.8083333333333333,0.9333333333333332,0.7591666666666667,0.125,0.1741666666666667,60.0,60.0,True,60.0,60.0,True,CBraMod,6000.0,2.0,True
Dreyer2023,73,53,4x,1.0,0.7416666666666667,0.9333333333333332,0.7558333333333334,0.1916666666666666,0.1775,60.0,60.0,True,60.0,60.0,True,CBraMod,12000.0,4.0,True
Dreyer2023,73,71,1x,1.0,0.5666666666666667,0.8916666666666666,0.6608333333333334,0.3249999999999999,0.2308333333333332,60.0,60.0,True,60.0,60.0,True,CBraMod,3500.0,1.0,True
Dreyer2023,73,71,2x,1.0,0.7583333333333333,0.8333333333333333,0.7641666666666665,0.0749999999999999,0.0691666666666667,60.0,60.0,True,60.0,60.0,True,CBraMod,7000.0,2.0,True
Dreyer2023,73,71,4x,1.0,0.8583333333333334,0.8666666666666667,0.8583333333333334,0.0083333333333333,0.0083333333333333,60.0,60.0,True,60.0,60.0,True,CBraMod,14000.0,4.0,True
Dreyer2023,74,11,1x,1.0,0.7666666666666666,0.825,0.6908333333333334,0.0583333333333333,0.1341666666666665,60.0,60.0,True,60.0,60.0,True,CBraMod,3000.0,1.0,True
Dreyer2023,74,11,2x,1.0,0.8,0.8166666666666667,0.7666666666666667,0.0166666666666666,0.0499999999999999,60.0,60.0,True,60.0,60.0,True,CBraMod,6000.0,2.0,True
Dreyer2023,74,11,4x,1.0,0.775,0.7749999999999999,0.7499999999999999,-1.1102230246251563e-16,0.025,60.0,60.0,True,60.0,60.0,True,CBraMod,12000.0,4.0,True
Dreyer2023,74,23,1x,1.0,0.7083333333333334,0.7333333333333334,0.7383333333333333,0.025,-0.0049999999999998,60.0,60.0,True,60.0,60.0,True,CBraMod,3000.0,1.0,True
Dreyer2023,74,23,2x,1.0,0.8083333333333333,0.775,0.7608333333333334,-0.0333333333333333,0.0141666666666666,60.0,60.0,True,60.0,60.0,True,CBraMod,6000.0,2.0,True
Dreyer2023,74,23,4x,1.0,0.7083333333333334,0.75,0.7308333333333333,0.0416666666666666,0.0191666666666666,60.0,60.0,True,60.0,60.0,True,CBraMod,12000.0,4.0,True
Dreyer2023,74,37,1x,,,,,,,,,,,,,,,,False
Dreyer2023,74,37,2x,,,,,,,,,,,,,,,,False
Dreyer2023,74,37,4x,,,,,,,,,,,,,,,,False
Dreyer2023,74,53,1x,1.0,0.725,0.7916666666666667,0.7308333333333332,0.0666666666666667,0.0608333333333335,60.0,60.0,True,60.0,60.0,True,CBraMod,3000.0,1.0,True
Dreyer2023,74,53,2x,1.0,0.7583333333333333,0.7916666666666666,0.7466666666666666,0.0333333333333333,0.045,60.0,60.0,True,60.0,60.0,True,CBraMod,6000.0,2.0,True
Dreyer2023,74,53,4x,1.0,0.7666666666666666,0.8333333333333334,0.7533333333333333,0.0666666666666667,0.08,60.0,60.0,True,60.0,60.0,True,CBraMod,12000.0,4.0,True
Dreyer2023,74,71,1x,1.0,0.7666666666666666,0.75,0.7216666666666667,-0.0166666666666666,0.0283333333333333,60.0,60.0,True,60.0,60.0,True,CBraMod,3500.0,1.0,True
Dreyer2023,74,71,2x,1.0,0.8333333333333333,0.8500000000000001,0.8133333333333335,0.0166666666666668,0.0366666666666666,60.0,60.0,True,60.0,60.0,True,CBraMod,7000.0,2.0,True
Dreyer2023,74,71,4x,1.0,0.8,0.8166666666666667,0.7983333333333333,0.0166666666666666,0.0183333333333333,60.0,60.0,True,60.0,60.0,True,CBraMod,14000.0,4.0,True
Dreyer2023,75,11,1x,4.0,0.8,0.825,0.7683333333333333,0.0249999999999999,0.0566666666666666,60.0,60.0,True,60.0,60.0,True,CBraMod,3000.0,1.0,True
Dreyer2023,75,11,2x,4.0,0.7916666666666667,0.825,0.7875000000000001,0.0333333333333332,0.0374999999999998,60.0,60.0,True,60.0,60.0,True,CBraMod,6000.0,2.0,True
Dreyer2023,75,11,4x,4.0,0.8,0.825,0.7641666666666667,0.0249999999999999,0.0608333333333332,60.0,60.0,True,60.0,60.0,True,CBraMod,12000.0,4.0,True
Dreyer2023,75,23,1x,4.0,0.7916666666666667,0.8166666666666667,0.7808333333333335,0.0249999999999999,0.0358333333333331,60.0,60.0,True,60.0,60.0,True,CBraMod,3500.0,1.0,True
Dreyer2023,75,23,2x,4.0,0.8166666666666667,0.8333333333333333,0.7975000000000001,0.0166666666666666,0.0358333333333331,60.0,60.0,True,60.0,60.0,True,CBraMod,7000.0,2.0,True
Dreyer2023,75,23,4x,4.0,0.8083333333333333,0.8166666666666667,0.7991666666666667,0.0083333333333333,0.0174999999999999,60.0,60.0,True,60.0,60.0,True,CBraMod,14000.0,4.0,True
Dreyer2023,75,37,1x,4.0,0.7833333333333333,0.8416666666666667,0.7474999999999999,0.0583333333333333,0.0941666666666667,60.0,60.0,True,60.0,60.0,True,CBraMod,3000.0,1.0,True
Dreyer2023,75,37,2x,4.0,0.7749999999999999,0.7833333333333333,0.7558333333333334,0.0083333333333334,0.0274999999999999,60.0,60.0,True,60.0,60.0,True,CBraMod,6000.0,2.0,True
Dreyer2023,75,37,4x,4.0,0.7916666666666666,0.8083333333333333,0.7466666666666667,0.0166666666666667,0.0616666666666666,60.0,60.0,True,60.0,60.0,True,CBraMod,12000.0,4.0,True
Dreyer2023,75,53,1x,4.0,0.75,0.8416666666666667,0.7383333333333334,0.0916666666666666,0.1033333333333332,60.0,60.0,True,60.0,60.0,True,CBraMod,3000.0,1.0,True
Dreyer2023,75,53,2x,4.0,0.8083333333333333,0.8166666666666667,0.7675,0.0083333333333333,0.0491666666666666,60.0,60.0,True,60.0,60.0,True,CBraMod,6000.0,2.0,True
Dreyer2023,75,53,4x,4.0,0.8,0.8166666666666667,0.7716666666666667,0.0166666666666666,0.0449999999999999,60.0,60.0,True,60.0,60.0,True,CBraMod,12000.0,4.0,True
Dreyer2023,75,71,1x,4.0,0.7416666666666667,0.7583333333333333,0.7408333333333333,0.0166666666666666,0.0174999999999999,60.0,60.0,True,60.0,60.0,True,CBraMod,3250.0,1.0,True
Dreyer2023,75,71,2x,4.0,0.7083333333333334,0.8333333333333334,0.7516666666666667,0.125,0.0816666666666666,60.0,60.0,True,60.0,60.0,True,CBraMod,6500.0,2.0,True
Dreyer2023,75,71,4x,4.0,0.7666666666666666,0.8,0.7474999999999998,0.0333333333333334,0.0525000000000002,60.0,60.0,True,60.0,60.0,True,CBraMod,13000.0,4.0,True
Dreyer2023,76,11,1x,0.0,0.7833333333333333,0.9083333333333332,0.825,0.125,0.0833333333333333,60.0,60.0,True,60.0,60.0,True,CBraMod,3000.0,1.0,True
Dreyer2023,76,11,2x,0.0,0.85,0.925,0.8408333333333333,0.075,0.0841666666666667,60.0,60.0,True,60.0,60.0,True,CBraMod,6000.0,2.0,True
Dreyer2023,76,11,4x,0.0,0.8583333333333334,0.9416666666666668,0.8391666666666666,0.0833333333333332,0.1025,60.0,60.0,True,60.0,60.0,True,CBraMod,12000.0,4.0,True
Dreyer2023,76,23,1x,0.0,0.8333333333333333,0.9083333333333332,0.8141666666666666,0.075,0.0941666666666667,60.0,60.0,True,60.0,60.0,True,CBraMod,3500.0,1.0,True
Dreyer2023,76,23,2x,0.0,0.9,0.9,0.8616666666666667,0.0,0.0383333333333333,60.0,60.0,True,60.0,60.0,True,CBraMod,7000.0,2.0,True
Dreyer2023,76,23,4x,0.0,0.9333333333333332,0.9333333333333332,0.89,0.0,0.0433333333333333,60.0,60.0,True,60.0,60.0,True,CBraMod,14000.0,4.0,True
Dreyer2023,76,37,1x,0.0,0.8583333333333334,0.9166666666666666,0.8424999999999999,0.0583333333333332,0.0741666666666667,60.0,60.0,True,60.0,60.0,True,CBraMod,3000.0,1.0,True
Dreyer2023,76,37,2x,0.0,0.8666666666666667,0.8833333333333333,0.8625,0.0166666666666666,0.0208333333333332,60.0,60.0,True,60.0,60.0,True,CBraMod,6000.0,2.0,True
Dreyer2023,76,37,4x,0.0,0.8916666666666666,0.9333333333333332,0.8950000000000001,0.0416666666666667,0.0383333333333332,60.0,60.0,True,60.0,60.0,True,CBraMod,12000.0,4.0,True
Dreyer2023,76,53,1x,0.0,0.7916666666666666,0.9083333333333332,0.8191666666666666,0.1166666666666667,0.0891666666666667,60.0,60.0,True,60.0,60.0,True,CBraMod,3000.0,1.0,True
Dreyer2023,76,53,2x,0.0,0.8333333333333333,0.9333333333333332,0.8275,0.1,0.1058333333333333,60.0,60.0,True,60.0,60.0,True,CBraMod,6000.0,2.0,True
Dreyer2023,76,53,4x,0.0,0.8666666666666667,0.95,0.8533333333333333,0.0833333333333332,0.0966666666666666,60.0,60.0,True,60.0,60.0,True,CBraMod,12000.0,4.0,True
Dreyer2023,76,71,1x,0.0,0.8416666666666667,0.925,0.7983333333333332,0.0833333333333333,0.1266666666666668,60.0,60.0,True,60.0,60.0,True,CBraMod,3000.0,1.0,True
Dreyer2023,76,71,2x,0.0,0.825,0.9166666666666666,0.8258333333333333,0.0916666666666666,0.0908333333333333,60.0,60.0,True,60.0,60.0,True,CBraMod,6000.0,2.0,True
Dreyer2023,76,71,4x,0.0,0.7416666666666667,0.9166666666666669,0.7983333333333332,0.175,0.1183333333333335,60.0,60.0,True,60.0,60.0,True,CBraMod,12000.0,4.0,True
Dreyer2023,77,11,1x,1.0,0.825,0.7916666666666666,0.7949999999999999,-0.0333333333333333,-0.0033333333333332,60.0,60.0,True,60.0,60.0,True,CBraMod,3000.0,1.0,True
Dreyer2023,77,11,2x,1.0,0.7833333333333333,0.8333333333333333,0.7966666666666666,0.0499999999999999,0.0366666666666666,60.0,60.0,True,60.0,60.0,True,CBraMod,6000.0,2.0,True
Dreyer2023,77,11,4x,1.0,0.85,0.875,0.8091666666666665,0.025,0.0658333333333335,60.0,60.0,True,60.0,60.0,True,CBraMod,12000.0,4.0,True
Dreyer2023,77,23,1x,1.0,0.7833333333333333,0.8166666666666667,0.7775000000000001,0.0333333333333333,0.0391666666666665,60.0,60.0,True,60.0,60.0,True,CBraMod,3000.0,1.0,True
Dreyer2023,77,23,2x,1.0,0.8500000000000001,0.8416666666666667,0.8233333333333335,-0.0083333333333334,0.0183333333333332,60.0,60.0,True,60.0,60.0,True,CBraMod,6000.0,2.0,True
Dreyer2023,77,23,4x,1.0,0.8500000000000001,0.8333333333333334,0.8341666666666667,-0.0166666666666667,-0.0008333333333333,60.0,60.0,True,60.0,60.0,True,CBraMod,12000.0,4.0,True
Dreyer2023,77,37,1x,,,,,,,,,,,,,,,,False
Dreyer2023,77,37,2x,,,,,,,,,,,,,,,,False
Dreyer2023,77,37,4x,,,,,,,,,,,,,,,,False
Dreyer2023,77,53,1x,1.0,0.8916666666666666,0.875,0.8633333333333333,-0.0166666666666666,0.0116666666666667,60.0,60.0,True,60.0,60.0,True,CBraMod,3000.0,1.0,True
Dreyer2023,77,53,2x,1.0,0.8583333333333334,0.8833333333333333,0.8166666666666667,0.0249999999999999,0.0666666666666666,60.0,60.0,True,60.0,60.0,True,CBraMod,6000.0,2.0,True
Dreyer2023,77,53,4x,1.0,0.8083333333333333,0.8166666666666667,0.8033333333333333,0.0083333333333333,0.0133333333333333,60.0,60.0,True,60.0,60.0,True,CBraMod,12000.0,4.0,True
Dreyer2023,77,71,1x,1.0,0.8083333333333333,0.8500000000000001,0.8108333333333333,0.0416666666666667,0.0391666666666667,60.0,60.0,True,60.0,60.0,True,CBraMod,3500.0,1.0,True
Dreyer2023,77,71,2x,1.0,0.8583333333333334,0.8166666666666667,0.8374999999999998,-0.0416666666666667,-0.0208333333333331,60.0,60.0,True,60.0,60.0,True,CBraMod,7000.0,2.0,True
Dreyer2023,77,71,4x,1.0,0.8416666666666667,0.8583333333333334,0.8566666666666667,0.0166666666666667,0.0016666666666667,60.0,60.0,True,60.0,60.0,True,CBraMod,14000.0,4.0,True
Dreyer2023,80,11,1x,1.0,0.7833333333333333,0.8083333333333333,0.6900000000000001,0.025,0.1183333333333332,60.0,60.0,True,60.0,60.0,True,CBraMod,3000.0,1.0,True
Dreyer2023,80,11,2x,1.0,0.8083333333333333,0.8416666666666667,0.7191666666666666,0.0333333333333333,0.1225,60.0,60.0,True,60.0,60.0,True,CBraMod,6000.0,2.0,True
Dreyer2023,80,11,4x,1.0,0.7916666666666666,0.825,0.7608333333333334,0.0333333333333333,0.0641666666666666,60.0,60.0,True,60.0,60.0,True,CBraMod,12000.0,4.0,True
Dreyer2023,80,23,1x,1.0,0.6083333333333334,0.75,0.6425000000000001,0.1416666666666666,0.1074999999999999,60.0,60.0,True,60.0,60.0,True,CBraMod,3000.0,1.0,True
Dreyer2023,80,23,2x,1.0,0.7416666666666667,0.7916666666666667,0.7425,0.05,0.0491666666666666,60.0,60.0,True,60.0,60.0,True,CBraMod,6000.0,2.0,True
Dreyer2023,80,23,4x,1.0,0.7083333333333333,0.775,0.7341666666666666,0.0666666666666667,0.0408333333333333,60.0,60.0,True,60.0,60.0,True,CBraMod,12000.0,4.0,True
Dreyer2023,80,37,1x,,,,,,,,,,,,,,,,False
Dreyer2023,80,37,2x,,,,,,,,,,,,,,,,False
Dreyer2023,80,37,4x,,,,,,,,,,,,,,,,False
Dreyer2023,80,53,1x,1.0,0.6916666666666667,0.7666666666666666,0.6866666666666668,0.0749999999999999,0.0799999999999998,60.0,60.0,True,60.0,60.0,True,CBraMod,3000.0,1.0,True
Dreyer2023,80,53,2x,1.0,0.6666666666666666,0.8,0.7199999999999999,0.1333333333333334,0.0800000000000001,60.0,60.0,True,60.0,60.0,True,CBraMod,6000.0,2.0,True
Dreyer2023,80,53,4x,1.0,0.8166666666666667,0.7333333333333334,0.7466666666666667,-0.0833333333333332,-0.0133333333333333,60.0,60.0,True,60.0,60.0,True,CBraMod,12000.0,4.0,True
Dreyer2023,80,71,1x,1.0,0.7916666666666666,0.7416666666666667,0.6941666666666667,-0.0499999999999999,0.0474999999999999,60.0,60.0,True,60.0,60.0,True,CBraMod,3500.0,1.0,True
Dreyer2023,80,71,2x,1.0,0.8083333333333333,0.8083333333333333,0.7833333333333334,0.0,0.0249999999999999,60.0,60.0,True,60.0,60.0,True,CBraMod,7000.0,2.0,True
Dreyer2023,80,71,4x,1.0,0.8333333333333333,0.825,0.7999999999999999,-0.0083333333333333,0.025,60.0,60.0,True,60.0,60.0,True,CBraMod,14000.0,4.0,True
Dreyer2023,81,11,1x,4.0,0.8583333333333334,0.8500000000000001,0.7983333333333333,-0.0083333333333333,0.0516666666666667,60.0,60.0,True,60.0,60.0,True,CBraMod,3000.0,1.0,True
Dreyer2023,81,11,2x,4.0,0.8500000000000001,0.8333333333333334,0.8008333333333333,-0.0166666666666667,0.0325,60.0,60.0,True,60.0,60.0,True,CBraMod,6000.0,2.0,True
Dreyer2023,81,11,4x,4.0,0.8916666666666666,0.825,0.8316666666666667,-0.0666666666666666,-0.0066666666666667,60.0,60.0,True,60.0,60.0,True,CBraMod,12000.0,4.0,True
Dreyer2023,81,23,1x,4.0,0.8833333333333333,0.8833333333333333,0.8258333333333333,0.0,0.0574999999999999,60.0,60.0,True,60.0,60.0,True,CBraMod,3500.0,1.0,True
Dreyer2023,81,23,2x,4.0,0.8999999999999999,0.85,0.8575000000000002,-0.0499999999999999,-0.0075000000000001,60.0,60.0,True,60.0,60.0,True,CBraMod,7000.0,2.0,True
Dreyer2023,81,23,4x,4.0,0.9166666666666666,0.8833333333333333,0.8574999999999999,-0.0333333333333333,0.0258333333333333,60.0,60.0,True,60.0,60.0,True,CBraMod,14000.0,4.0,True
Dreyer2023,81,37,1x,4.0,0.9083333333333332,0.8583333333333334,0.8324999999999999,-0.0499999999999999,0.0258333333333334,60.0,60.0,True,60.0,60.0,True,CBraMod,3000.0,1.0,True
Dreyer2023,81,37,2x,4.0,0.9083333333333332,0.9083333333333332,0.8758333333333332,0.0,0.0325,60.0,60.0,True,60.0,60.0,True,CBraMod,6000.0,2.0,True
Dreyer2023,81,37,4x,4.0,0.8999999999999999,0.9166666666666669,0.8625,0.0166666666666668,0.0541666666666666,60.0,60.0,True,60.0,60.0,True,CBraMod,12000.0,4.0,True
Dreyer2023,81,53,1x,4.0,0.85,0.8916666666666666,0.8016666666666665,0.0416666666666666,0.09,60.0,60.0,True,60.0,60.0,True,CBraMod,3000.0,1.0,True
Dreyer2023,81,53,2x,4.0,0.8333333333333333,0.8916666666666666,0.8366666666666667,0.0583333333333333,0.0549999999999999,60.0,60.0,True,60.0,60.0,True,CBraMod,6000.0,2.0,True
Dreyer2023,81,53,4x,4.0,0.8583333333333334,0.9166666666666669,0.8333333333333334,0.0583333333333333,0.0833333333333333,60.0,60.0,True,60.0,60.0,True,CBraMod,12000.0,4.0,True
Dreyer2023,81,71,1x,4.0,0.7250000000000001,0.725,0.7333333333333334,-1.1102230246251563e-16,-0.0083333333333334,60.0,60.0,True,60.0,60.0,True,CBraMod,3250.0,1.0,True
Dreyer2023,81,71,2x,4.0,0.725,0.775,0.7358333333333332,0.05,0.0391666666666667,60.0,60.0,True,60.0,60.0,True,CBraMod,6500.0,2.0,True
Dreyer2023,81,71,4x,4.0,0.7916666666666667,0.825,0.7908333333333334,0.0333333333333332,0.0341666666666665,60.0,60.0,True,60.0,60.0,True,CBraMod,13000.0,4.0,True
Dreyer2023,82,11,1x,2.0,0.8833333333333333,0.9083333333333332,0.8466666666666667,0.025,0.0616666666666666,60.0,60.0,True,60.0,60.0,True,CBraMod,5250.0,1.0,True
Dreyer2023,82,11,2x,2.0,0.85,0.875,0.8383333333333333,0.025,0.0366666666666667,60.0,60.0,True,60.0,60.0,True,CBraMod,10500.0,2.0,True
Dreyer2023,82,11,4x,2.0,0.8083333333333333,0.875,0.835,0.0666666666666666,0.04,60.0,60.0,True,60.0,60.0,True,CBraMod,21000.0,4.0,True
Dreyer2023,82,23,1x,2.0,0.8916666666666666,0.9083333333333332,0.8058333333333334,0.0166666666666667,0.1024999999999999,60.0,60.0,True,60.0,60.0,True,CBraMod,3250.0,1.0,True
Dreyer2023,82,23,2x,2.0,0.8666666666666667,0.925,0.8166666666666668,0.0583333333333333,0.1083333333333332,60.0,60.0,True,60.0,60.0,True,CBraMod,6500.0,2.0,True
Dreyer2023,82,23,4x,2.0,0.8083333333333333,0.8999999999999999,0.8058333333333334,0.0916666666666665,0.0941666666666665,60.0,60.0,True,60.0,60.0,True,CBraMod,13000.0,4.0,True
Dreyer2023,82,37,1x,2.0,0.7666666666666666,0.8583333333333334,0.7483333333333333,0.0916666666666667,0.1100000000000001,60.0,60.0,True,60.0,60.0,True,CBraMod,3000.0,1.0,True
Dreyer2023,82,37,2x,2.0,0.8333333333333333,0.9166666666666666,0.7691666666666668,0.0833333333333333,0.1474999999999998,60.0,60.0,True,60.0,60.0,True,CBraMod,6000.0,2.0,True
Dreyer2023,82,37,4x,2.0,0.8333333333333333,0.9083333333333332,0.7666666666666666,0.075,0.1416666666666667,60.0,60.0,True,60.0,60.0,True,CBraMod,12000.0,4.0,True
Dreyer2023,82,53,1x,2.0,0.725,0.9083333333333332,0.75,0.1833333333333333,0.1583333333333333,60.0,60.0,True,60.0,60.0,True,CBraMod,4000.0,1.0,True
Dreyer2023,82,53,2x,2.0,0.7583333333333333,0.875,0.7383333333333333,0.1166666666666667,0.1366666666666667,60.0,60.0,True,60.0,60.0,True,CBraMod,8000.0,2.0,True
Dreyer2023,82,53,4x,2.0,0.8083333333333333,0.9,0.7725,0.0916666666666666,0.1275,60.0,60.0,True,60.0,60.0,True,CBraMod,16000.0,4.0,True
Dreyer2023,82,71,1x,2.0,0.85,0.8666666666666667,0.7683333333333333,0.0166666666666667,0.0983333333333333,60.0,60.0,True,60.0,60.0,True,CBraMod,3500.0,1.0,True
Dreyer2023,82,71,2x,2.0,0.825,0.9083333333333332,0.8116666666666668,0.0833333333333333,0.0966666666666665,60.0,60.0,True,60.0,60.0,True,CBraMod,7000.0,2.0,True
Dreyer2023,82,71,4x,2.0,0.7083333333333334,0.9,0.78,0.1916666666666666,0.12,60.0,60.0,True,60.0,60.0,True,CBraMod,14000.0,4.0,True
Dreyer2023,83,11,1x,1.0,0.6666666666666667,0.7416666666666667,0.6466666666666667,0.0749999999999999,0.0949999999999999,60.0,60.0,True,60.0,60.0,True,CBraMod,3000.0,1.0,True
Dreyer2023,83,11,2x,1.0,0.6833333333333333,0.75,0.6766666666666666,0.0666666666666666,0.0733333333333333,60.0,60.0,True,60.0,60.0,True,CBraMod,6000.0,2.0,True
Dreyer2023,83,11,4x,1.0,0.6833333333333333,0.725,0.6925,0.0416666666666666,0.0324999999999999,60.0,60.0,True,60.0,60.0,True,CBraMod,12000.0,4.0,True
Dreyer2023,83,23,1x,1.0,0.7166666666666667,0.7166666666666666,0.6908333333333334,-1.1102230246251563e-16,0.0258333333333331,60.0,60.0,True,60.0,60.0,True,CBraMod,3000.0,1.0,True
Dreyer2023,83,23,2x,1.0,0.725,0.75,0.6908333333333333,0.025,0.0591666666666667,60.0,60.0,True,60.0,60.0,True,CBraMod,6000.0,2.0,True
Dreyer2023,83,23,4x,1.0,0.6583333333333333,0.7583333333333333,0.6766666666666666,0.0999999999999999,0.0816666666666666,60.0,60.0,True,60.0,60.0,True,CBraMod,12000.0,4.0,True
Dreyer2023,83,37,1x,,,,,,,,,,,,,,,,False
Dreyer2023,83,37,2x,,,,,,,,,,,,,,,,False
Dreyer2023,83,37,4x,,,,,,,,,,,,,,,,False
Dreyer2023,83,53,1x,1.0,0.6916666666666667,0.75,0.6900000000000001,0.0583333333333333,0.0599999999999999,60.0,60.0,True,60.0,60.0,True,CBraMod,3000.0,1.0,True
Dreyer2023,83,53,2x,1.0,0.6666666666666667,0.725,0.6866666666666666,0.0583333333333332,0.0383333333333333,60.0,60.0,True,60.0,60.0,True,CBraMod,6000.0,2.0,True
Dreyer2023,83,53,4x,1.0,0.6583333333333333,0.7749999999999999,0.6791666666666666,0.1166666666666665,0.0958333333333333,60.0,60.0,True,60.0,60.0,True,CBraMod,12000.0,4.0,True
Dreyer2023,83,71,1x,1.0,0.6166666666666667,0.7833333333333333,0.63,0.1666666666666666,0.1533333333333333,60.0,60.0,True,60.0,60.0,True,CBraMod,3500.0,1.0,True
Dreyer2023,83,71,2x,1.0,0.7333333333333334,0.7583333333333333,0.7341666666666666,0.0249999999999999,0.0241666666666666,60.0,60.0,True,60.0,60.0,True,CBraMod,7000.0,2.0,True
Dreyer2023,83,71,4x,1.0,0.7166666666666667,0.7833333333333333,0.6958333333333333,0.0666666666666666,0.0875,60.0,60.0,True,60.0,60.0,True,CBraMod,14000.0,4.0,True
Dreyer2023,84,11,1x,3.0,0.7666666666666666,0.8416666666666667,0.7591666666666667,0.075,0.0825,60.0,60.0,True,60.0,60.0,True,CBraMod,3000.0,1.0,True
Dreyer2023,84,11,2x,3.0,0.8333333333333333,0.8666666666666667,0.8150000000000001,0.0333333333333334,0.0516666666666666,60.0,60.0,True,60.0,60.0,True,CBraMod,6000.0,2.0,True
Dreyer2023,84,11,4x,3.0,0.8,0.8833333333333333,0.8300000000000001,0.0833333333333332,0.0533333333333332,60.0,60.0,True,60.0,60.0,True,CBraMod,12000.0,4.0,True
Dreyer2023,84,23,1x,3.0,0.8666666666666667,0.825,0.7675000000000001,-0.0416666666666667,0.0574999999999998,60.0,60.0,True,60.0,60.0,True,CBraMod,3000.0,1.0,True
Dreyer2023,84,23,2x,3.0,0.875,0.8916666666666666,0.8233333333333333,0.0166666666666666,0.0683333333333333,60.0,60.0,True,60.0,60.0,True,CBraMod,6000.0,2.0,True
Dreyer2023,84,23,4x,3.0,0.85,0.875,0.8099999999999999,0.025,0.065,60.0,60.0,True,60.0,60.0,True,CBraMod,12000.0,4.0,True
Dreyer2023,84,37,1x,3.0,0.825,0.8833333333333333,0.7958333333333332,0.0583333333333333,0.0875000000000001,60.0,60.0,True,60.0,60.0,True,CBraMod,3000.0,1.0,True
Dreyer2023,84,37,2x,3.0,0.8416666666666667,0.85,0.8041666666666668,0.0083333333333333,0.0458333333333331,60.0,60.0,True,60.0,60.0,True,CBraMod,6000.0,2.0,True
Dreyer2023,84,37,4x,3.0,0.875,0.875,0.8141666666666667,0.0,0.0608333333333332,60.0,60.0,True,60.0,60.0,True,CBraMod,12000.0,4.0,True
Dreyer2023,84,53,1x,3.0,0.8916666666666666,0.9083333333333332,0.8566666666666667,0.0166666666666667,0.0516666666666666,60.0,60.0,True,60.0,60.0,True,CBraMod,3750.0,1.0,True
Dreyer2023,84,53,2x,3.0,0.875,0.875,0.8091666666666667,0.0,0.0658333333333333,60.0,60.0,True,60.0,60.0,True,CBraMod,7500.0,2.0,True
Dreyer2023,84,53,4x,3.0,0.8,0.875,0.7925,0.0749999999999999,0.0825,60.0,60.0,True,60.0,60.0,True,CBraMod,15000.0,4.0,True
Dreyer2023,84,71,1x,3.0,0.8833333333333333,0.925,0.8741666666666668,0.0416666666666667,0.0508333333333332,60.0,60.0,True,60.0,60.0,True,CBraMod,3250.0,1.0,True
Dreyer2023,84,71,2x,3.0,0.8833333333333333,0.9,0.8191666666666666,0.0166666666666667,0.0808333333333334,60.0,60.0,True,60.0,60.0,True,CBraMod,6500.0,2.0,True
Dreyer2023,84,71,4x,3.0,0.8416666666666667,0.9083333333333332,0.805,0.0666666666666666,0.1033333333333332,60.0,60.0,True,60.0,60.0,True,CBraMod,13000.0,4.0,True
Dreyer2023,85,11,1x,3.0,0.7416666666666667,0.7916666666666666,0.7141666666666666,0.0499999999999999,0.0775,60.0,60.0,True,60.0,60.0,True,CBraMod,3000.0,1.0,True
Dreyer2023,85,11,2x,3.0,0.7333333333333333,0.7416666666666667,0.7274999999999999,0.0083333333333334,0.0141666666666667,60.0,60.0,True,60.0,60.0,True,CBraMod,6000.0,2.0,True
Dreyer2023,85,11,4x,3.0,0.7083333333333334,0.7666666666666666,0.7533333333333333,0.0583333333333332,0.0133333333333333,60.0,60.0,True,60.0,60.0,True,CBraMod,12000.0,4.0,True
Dreyer2023,85,23,1x,3.0,0.7416666666666667,0.7583333333333333,0.7058333333333333,0.0166666666666666,0.0524999999999999,60.0,60.0,True,60.0,60.0,True,CBraMod,3000.0,1.0,True
Dreyer2023,85,23,2x,3.0,0.7583333333333333,0.75,0.7516666666666667,-0.0083333333333333,-0.0016666666666667,60.0,60.0,True,60.0,60.0,True,CBraMod,6000.0,2.0,True
Dreyer2023,85,23,4x,3.0,0.7333333333333334,0.8083333333333333,0.76,0.0749999999999999,0.0483333333333333,60.0,60.0,True,60.0,60.0,True,CBraMod,12000.0,4.0,True
Dreyer2023,85,37,1x,3.0,0.7416666666666667,0.775,0.7341666666666666,0.0333333333333333,0.0408333333333333,60.0,60.0,True,60.0,60.0,True,CBraMod,3000.0,1.0,True
Dreyer2023,85,37,2x,3.0,0.8,0.7416666666666667,0.7391666666666665,-0.0583333333333333,0.0025000000000001,60.0,60.0,True,60.0,60.0,True,CBraMod,6000.0,2.0,True
Dreyer2023,85,37,4x,3.0,0.75,0.8083333333333333,0.7449999999999999,0.0583333333333333,0.0633333333333334,60.0,60.0,True,60.0,60.0,True,CBraMod,12000.0,4.0,True
Dreyer2023,85,53,1x,3.0,0.7250000000000001,0.775,0.7491666666666668,0.0499999999999999,0.0258333333333332,60.0,60.0,True,60.0,60.0,True,CBraMod,3750.0,1.0,True
Dreyer2023,85,53,2x,3.0,0.75,0.8,0.74,0.05,0.06,60.0,60.0,True,60.0,60.0,True,CBraMod,7500.0,2.0,True
Dreyer2023,85,53,4x,3.0,0.6916666666666667,0.8,0.7083333333333333,0.1083333333333333,0.0916666666666667,60.0,60.0,True,60.0,60.0,True,CBraMod,15000.0,4.0,True
Dreyer2023,85,71,1x,3.0,0.775,0.7833333333333333,0.7708333333333333,0.0083333333333333,0.0125,60.0,60.0,True,60.0,60.0,True,CBraMod,3250.0,1.0,True
Dreyer2023,85,71,2x,3.0,0.8,0.8416666666666667,0.7741666666666667,0.0416666666666666,0.0675,60.0,60.0,True,60.0,60.0,True,CBraMod,6500.0,2.0,True
Dreyer2023,85,71,4x,3.0,0.8166666666666667,0.825,0.7691666666666668,0.0083333333333333,0.0558333333333331,60.0,60.0,True,60.0,60.0,True,CBraMod,13000.0,4.0,True
Dreyer2023,86,11,1x,1.0,0.8333333333333333,0.8166666666666667,0.8366666666666667,-0.0166666666666666,-0.02,60.0,60.0,True,60.0,60.0,True,CBraMod,3000.0,1.0,True
Dreyer2023,86,11,2x,1.0,0.8416666666666667,0.7833333333333333,0.8408333333333333,-0.0583333333333333,-0.0574999999999999,60.0,60.0,True,60.0,60.0,True,CBraMod,6000.0,2.0,True
Dreyer2023,86,11,4x,1.0,0.825,0.8333333333333334,0.8208333333333332,0.0083333333333334,0.0125000000000001,60.0,60.0,True,60.0,60.0,True,CBraMod,12000.0,4.0,True
Dreyer2023,86,23,1x,1.0,0.8500000000000001,0.8416666666666667,0.8375,-0.0083333333333334,0.0041666666666666,60.0,60.0,True,60.0,60.0,True,CBraMod,3000.0,1.0,True
Dreyer2023,86,23,2x,1.0,0.875,0.825,0.8191666666666666,-0.05,0.0058333333333333,60.0,60.0,True,60.0,60.0,True,CBraMod,6000.0,2.0,True
Dreyer2023,86,23,4x,1.0,0.875,0.825,0.8458333333333332,-0.05,-0.0208333333333332,60.0,60.0,True,60.0,60.0,True,CBraMod,12000.0,4.0,True
Dreyer2023,86,37,1x,,,,,,,,,,,,,,,,False
Dreyer2023,86,37,2x,,,,,,,,,,,,,,,,False
Dreyer2023,86,37,4x,,,,,,,,,,,,,,,,False
Dreyer2023,86,53,1x,1.0,0.825,0.8333333333333334,0.8041666666666668,0.0083333333333334,0.0291666666666665,60.0,60.0,True,60.0,60.0,True,CBraMod,3000.0,1.0,True
Dreyer2023,86,53,2x,1.0,0.825,0.8166666666666667,0.7958333333333333,-0.0083333333333333,0.0208333333333333,60.0,60.0,True,60.0,60.0,True,CBraMod,6000.0,2.0,True
Dreyer2023,86,53,4x,1.0,0.8083333333333333,0.825,0.805,0.0166666666666666,0.0199999999999999,60.0,60.0,True,60.0,60.0,True,CBraMod,12000.0,4.0,True
Dreyer2023,86,71,1x,1.0,0.7416666666666667,0.825,0.7741666666666667,0.0833333333333332,0.0508333333333332,60.0,60.0,True,60.0,60.0,True,CBraMod,3500.0,1.0,True
Dreyer2023,86,71,2x,1.0,0.8,0.85,0.8166666666666667,0.0499999999999999,0.0333333333333333,60.0,60.0,True,60.0,60.0,True,CBraMod,7000.0,2.0,True
Dreyer2023,86,71,4x,1.0,0.775,0.8,0.7683333333333333,0.025,0.0316666666666667,60.0,60.0,True,60.0,60.0,True,CBraMod,14000.0,4.0,True
Dreyer2023,87,11,1x,1.0,0.7416666666666667,0.825,0.7483333333333334,0.0833333333333332,0.0766666666666665,60.0,60.0,True,60.0,60.0,True,CBraMod,3000.0,1.0,True
Dreyer2023,87,11,2x,1.0,0.8,0.825,0.7733333333333333,0.0249999999999999,0.0516666666666666,60.0,60.0,True,60.0,60.0,True,CBraMod,6000.0,2.0,True
Dreyer2023,87,11,4x,1.0,0.7583333333333333,0.8,0.7541666666666667,0.0416666666666667,0.0458333333333333,60.0,60.0,True,60.0,60.0,True,CBraMod,12000.0,4.0,True
Dreyer2023,87,23,1x,1.0,0.8166666666666667,0.8083333333333333,0.8058333333333334,-0.0083333333333333,0.0024999999999999,60.0,60.0,True,60.0,60.0,True,CBraMod,3000.0,1.0,True
Dreyer2023,87,23,2x,1.0,0.825,0.825,0.8200000000000001,0.0,0.0049999999999998,60.0,60.0,True,60.0,60.0,True,CBraMod,6000.0,2.0,True
Dreyer2023,87,23,4x,1.0,0.7833333333333334,0.7583333333333333,0.7825,-0.0250000000000001,-0.0241666666666666,60.0,60.0,True,60.0,60.0,True,CBraMod,12000.0,4.0,True
Dreyer2023,87,37,1x,,,,,,,,,,,,,,,,False
Dreyer2023,87,37,2x,,,,,,,,,,,,,,,,False
Dreyer2023,87,37,4x,,,,,,,,,,,,,,,,False
Dreyer2023,87,53,1x,1.0,0.8,0.8333333333333333,0.7925,0.0333333333333332,0.0408333333333332,60.0,60.0,True,60.0,60.0,True,CBraMod,3000.0,1.0,True
Dreyer2023,87,53,2x,1.0,0.825,0.875,0.8183333333333334,0.05,0.0566666666666666,60.0,60.0,True,60.0,60.0,True,CBraMod,6000.0,2.0,True
Dreyer2023,87,53,4x,1.0,0.7083333333333334,0.7416666666666667,0.7408333333333335,0.0333333333333333,0.0008333333333332,60.0,60.0,True,60.0,60.0,True,CBraMod,12000.0,4.0,True
Dreyer2023,87,71,1x,1.0,0.6333333333333333,0.8416666666666667,0.7391666666666667,0.2083333333333333,0.1024999999999999,60.0,60.0,True,60.0,60.0,True,CBraMod,3500.0,1.0,True
Dreyer2023,87,71,2x,1.0,0.7416666666666667,0.7749999999999999,0.8041666666666668,0.0333333333333332,-0.0291666666666668,60.0,60.0,True,60.0,60.0,True,CBraMod,7000.0,2.0,True
Dreyer2023,87,71,4x,1.0,0.7083333333333333,0.725,0.7150000000000001,0.0166666666666667,0.0099999999999998,60.0,60.0,True,60.0,60.0,True,CBraMod,14000.0,4.0,True
Cho2017,1,11,1x,4.0,0.65,0.7,0.5479999999999999,0.0499999999999999,0.152,50.0,50.0,True,50.0,50.0,True,CBraMod,3000.0,1.0,True
Cho2017,1,11,2x,4.0,0.67,0.69,0.5980000000000001,0.0199999999999999,0.0919999999999998,50.0,50.0,True,50.0,50.0,True,CBraMod,6000.0,2.0,True
Cho2017,1,11,4x,4.0,0.64,0.7,0.6399999999999999,0.0599999999999999,0.06,50.0,50.0,True,50.0,50.0,True,CBraMod,12000.0,4.0,True
Cho2017,1,23,1x,4.0,0.6599999999999999,0.7,0.604,0.04,0.0959999999999999,50.0,50.0,True,50.0,50.0,True,CBraMod,3500.0,1.0,True
Cho2017,1,23,2x,4.0,0.6799999999999999,0.76,0.6419999999999999,0.08,0.1180000000000001,50.0,50.0,True,50.0,50.0,True,CBraMod,7000.0,2.0,True
Cho2017,1,23,4x,4.0,0.5900000000000001,0.71,0.615,0.1199999999999998,0.0949999999999999,50.0,50.0,True,50.0,50.0,True,CBraMod,14000.0,4.0,True
Cho2017,1,37,1x,4.0,0.59,0.76,0.5509999999999999,0.17,0.209,50.0,50.0,True,50.0,50.0,True,CBraMod,3000.0,1.0,True
Cho2017,1,37,2x,4.0,0.63,0.73,0.6249999999999999,0.0999999999999999,0.1050000000000001,50.0,50.0,True,50.0,50.0,True,CBraMod,6000.0,2.0,True
Cho2017,1,37,4x,4.0,0.72,0.6799999999999999,0.607,-0.04,0.0729999999999999,50.0,50.0,True,50.0,50.0,True,CBraMod,12000.0,4.0,True
Cho2017,1,53,1x,4.0,0.71,0.78,0.592,0.07,0.188,50.0,50.0,True,50.0,50.0,True,CBraMod,3000.0,1.0,True
Cho2017,1,53,2x,4.0,0.69,0.6799999999999999,0.623,-0.01,0.0569999999999999,50.0,50.0,True,50.0,50.0,True,CBraMod,6000.0,2.0,True
Cho2017,1,53,4x,4.0,0.6799999999999999,0.6799999999999999,0.603,0.0,0.0769999999999999,50.0,50.0,True,50.0,50.0,True,CBraMod,12000.0,4.0,True
Cho2017,1,71,1x,4.0,0.56,0.6200000000000001,0.569,0.06,0.0510000000000001,50.0,50.0,True,50.0,50.0,True,CBraMod,3250.0,1.0,True
Cho2017,1,71,2x,4.0,0.49,0.7,0.532,0.2099999999999999,0.1679999999999999,50.0,50.0,True,50.0,50.0,True,CBraMod,6500.0,2.0,True
Cho2017,1,71,4x,4.0,0.56,0.74,0.525,0.1799999999999999,0.2149999999999999,50.0,50.0,True,50.0,50.0,True,CBraMod,13000.0,4.0,True
Cho2017,2,11,1x,0.0,0.56,0.5,0.518,-0.06,-0.018,50.0,50.0,True,50.0,50.0,True,CBraMod,3000.0,1.0,True
Cho2017,2,11,2x,0.0,0.49,0.5,0.523,0.01,-0.023,50.0,50.0,True,50.0,50.0,True,CBraMod,6000.0,2.0,True
Cho2017,2,11,4x,0.0,0.52,0.52,0.5329999999999999,0.0,-0.0129999999999999,50.0,50.0,True,50.0,50.0,True,CBraMod,12000.0,4.0,True
Cho2017,2,23,1x,0.0,0.5700000000000001,0.42,0.537,-0.15,-0.1169999999999999,50.0,50.0,True,50.0,50.0,True,CBraMod,3500.0,1.0,True
Cho2017,2,23,2x,0.0,0.51,0.5,0.538,-0.01,-0.038,50.0,50.0,True,50.0,50.0,True,CBraMod,7000.0,2.0,True
Cho2017,2,23,4x,0.0,0.53,0.5800000000000001,0.506,0.05,0.074,50.0,50.0,True,50.0,50.0,True,CBraMod,14000.0,4.0,True
Cho2017,2,37,1x,0.0,0.48,0.49,0.507,0.01,-0.017,50.0,50.0,True,50.0,50.0,True,CBraMod,3000.0,1.0,True
Cho2017,2,37,2x,0.0,0.49,0.53,0.517,0.04,0.013,50.0,50.0,True,50.0,50.0,True,CBraMod,6000.0,2.0,True
Cho2017,2,37,4x,0.0,0.53,0.5,0.5379999999999999,-0.03,-0.0379999999999999,50.0,50.0,True,50.0,50.0,True,CBraMod,12000.0,4.0,True
Cho2017,2,53,1x,0.0,0.53,0.54,0.523,0.01,0.017,50.0,50.0,True,50.0,50.0,True,CBraMod,3000.0,1.0,True
Cho2017,2,53,2x,0.0,0.5700000000000001,0.5,0.5320000000000001,-0.07,-0.0320000000000001,50.0,50.0,True,50.0,50.0,True,CBraMod,6000.0,2.0,True
Cho2017,2,53,4x,0.0,0.5,0.51,0.558,0.01,-0.048,50.0,50.0,True,50.0,50.0,True,CBraMod,12000.0,4.0,True
Cho2017,2,71,1x,0.0,0.5,0.53,0.538,0.03,-0.008,50.0,50.0,True,50.0,50.0,True,CBraMod,3000.0,1.0,True
Cho2017,2,71,2x,0.0,0.55,0.55,0.54,0.0,0.01,50.0,50.0,True,50.0,50.0,True,CBraMod,6000.0,2.0,True
Cho2017,2,71,4x,0.0,0.53,0.53,0.524,0.0,0.006,50.0,50.0,True,50.0,50.0,True,CBraMod,12000.0,4.0,True
Cho2017,3,11,1x,1.0,0.65,0.92,0.758,0.2699999999999999,0.1619999999999999,50.0,50.0,True,50.0,50.0,True,CBraMod,3000.0,1.0,True
Cho2017,3,11,2x,1.0,0.6699999999999999,0.92,0.7719999999999999,0.25,0.148,50.0,50.0,True,50.0,50.0,True,CBraMod,6000.0,2.0,True
Cho2017,3,11,4x,1.0,0.84,0.87,0.8140000000000001,0.03,0.0559999999999999,50.0,50.0,True,50.0,50.0,True,CBraMod,12000.0,4.0,True
Cho2017,3,23,1x,1.0,0.66,0.8200000000000001,0.6849999999999999,0.16,0.1350000000000001,50.0,50.0,True,50.0,50.0,True,CBraMod,3000.0,1.0,True
Cho2017,3,23,2x,1.0,0.74,0.8999999999999999,0.761,0.1599999999999999,0.1389999999999999,50.0,50.0,True,50.0,50.0,True,CBraMod,6000.0,2.0,True
Cho2017,3,23,4x,1.0,0.8,0.8899999999999999,0.772,0.0899999999999998,0.1179999999999998,50.0,50.0,True,50.0,50.0,True,CBraMod,12000.0,4.0,True
Cho2017,3,37,1x,,,,,,,,,,,,,,,,False
Cho2017,3,37,2x,,,,,,,,,,,,,,,,False
Cho2017,3,37,4x,,,,,,,,,,,,,,,,False
Cho2017,3,53,1x,1.0,0.71,0.8300000000000001,0.783,0.1200000000000001,0.047,50.0,50.0,True,50.0,50.0,True,CBraMod,3000.0,1.0,True
Cho2017,3,53,2x,1.0,0.73,0.91,0.751,0.1799999999999999,0.1589999999999999,50.0,50.0,True,50.0,50.0,True,CBraMod,6000.0,2.0,True
Cho2017,3,53,4x,1.0,0.86,0.8899999999999999,0.8030000000000002,0.0299999999999999,0.0869999999999997,50.0,50.0,True,50.0,50.0,True,CBraMod,12000.0,4.0,True
Cho2017,3,71,1x,1.0,0.67,0.88,0.703,0.2099999999999999,0.177,50.0,50.0,True,50.0,50.0,True,CBraMod,3500.0,1.0,True
Cho2017,3,71,2x,1.0,0.8,0.8400000000000001,0.775,0.04,0.065,50.0,50.0,True,50.0,50.0,True,CBraMod,7000.0,2.0,True
Cho2017,3,71,4x,1.0,0.77,0.92,0.8190000000000002,0.1499999999999999,0.1009999999999997,50.0,50.0,True,50.0,50.0,True,CBraMod,14000.0,4.0,True
Cho2017,4,11,1x,2.0,0.65,0.71,0.6020000000000001,0.0599999999999999,0.1079999999999998,50.0,50.0,True,50.0,50.0,True,CBraMod,5250.0,1.0,True
Cho2017,4,11,2x,2.0,0.6,0.78,0.6439999999999999,0.18,0.1360000000000001,50.0,50.0,True,50.0,50.0,True,CBraMod,10500.0,2.0,True
Cho2017,4,11,4x,2.0,0.68,0.73,0.691,0.0499999999999999,0.039,50.0,50.0,True,50.0,50.0,True,CBraMod,21000.0,4.0,True
Cho2017,4,23,1x,2.0,0.62,0.73,0.5940000000000001,0.1099999999999999,0.1359999999999999,50.0,50.0,True,50.0,50.0,True,CBraMod,3250.0,1.0,True
Cho2017,4,23,2x,2.0,0.69,0.75,0.605,0.06,0.145,50.0,50.0,True,50.0,50.0,True,CBraMod,6500.0,2.0,True
Cho2017,4,23,4x,2.0,0.77,0.8,0.6259999999999999,0.03,0.1740000000000001,50.0,50.0,True,50.0,50.0,True,CBraMod,13000.0,4.0,True
Cho2017,4,37,1x,2.0,0.69,0.69,0.6589999999999999,0.0,0.031,50.0,50.0,True,50.0,50.0,True,CBraMod,3000.0,1.0,True
Cho2017,4,37,2x,2.0,0.55,0.75,0.587,0.1999999999999999,0.163,50.0,50.0,True,50.0,50.0,True,CBraMod,6000.0,2.0,True
Cho2017,4,37,4x,2.0,0.51,0.76,0.6360000000000001,0.25,0.1239999999999998,50.0,50.0,True,50.0,50.0,True,CBraMod,12000.0,4.0,True
Cho2017,4,53,1x,2.0,0.69,0.75,0.6449999999999999,0.06,0.1050000000000001,50.0,50.0,True,50.0,50.0,True,CBraMod,4000.0,1.0,True
Cho2017,4,53,2x,2.0,0.61,0.73,0.613,0.12,0.1169999999999999,50.0,50.0,True,50.0,50.0,True,CBraMod,8000.0,2.0,True
Cho2017,4,53,4x,2.0,0.73,0.78,0.6799999999999999,0.05,0.1,50.0,50.0,True,50.0,50.0,True,CBraMod,16000.0,4.0,True
Cho2017,4,71,1x,2.0,0.65,0.74,0.583,0.0899999999999999,0.157,50.0,50.0,True,50.0,50.0,True,CBraMod,3500.0,1.0,True
Cho2017,4,71,2x,2.0,0.65,0.73,0.6559999999999999,0.0799999999999999,0.074,50.0,50.0,True,50.0,50.0,True,CBraMod,7000.0,2.0,True
Cho2017,4,71,4x,2.0,0.6799999999999999,0.75,0.638,0.07,0.1119999999999999,50.0,50.0,True,50.0,50.0,True,CBraMod,14000.0,4.0,True
Cho2017,5,11,1x,4.0,1.0,0.99,0.977,-0.01,0.013,50.0,50.0,True,50.0,50.0,True,CBraMod,3000.0,1.0,True
Cho2017,5,11,2x,4.0,0.99,0.99,0.978,0.0,0.012,50.0,50.0,True,50.0,50.0,True,CBraMod,6000.0,2.0,True
Cho2017,5,11,4x,4.0,1.0,0.99,0.97,-0.01,0.0199999999999999,50.0,50.0,True,50.0,50.0,True,CBraMod,12000.0,4.0,True
Cho2017,5,23,1x,4.0,1.0,0.99,0.993,-0.01,-0.003,50.0,50.0,True,50.0,50.0,True,CBraMod,3500.0,1.0,True
Cho2017,5,23,2x,4.0,0.99,0.99,0.96,0.0,0.03,50.0,50.0,True,50.0,50.0,True,CBraMod,7000.0,2.0,True
Cho2017,5,23,4x,4.0,0.99,1.0,0.991,0.01,0.009,50.0,50.0,True,50.0,50.0,True,CBraMod,14000.0,4.0,True
Cho2017,5,37,1x,4.0,1.0,0.99,0.988,-0.01,0.0019999999999998,50.0,50.0,True,50.0,50.0,True,CBraMod,3000.0,1.0,True
Cho2017,5,37,2x,4.0,1.0,0.99,0.999,-0.01,-0.009,50.0,50.0,True,50.0,50.0,True,CBraMod,6000.0,2.0,True
Cho2017,5,37,4x,4.0,1.0,0.99,0.989,-0.01,0.0009999999999998,50.0,50.0,True,50.0,50.0,True,CBraMod,12000.0,4.0,True
Cho2017,5,53,1x,4.0,1.0,1.0,0.963,0.0,0.0370000000000001,50.0,50.0,True,50.0,50.0,True,CBraMod,3000.0,1.0,True
Cho2017,5,53,2x,4.0,0.97,0.99,0.98,0.02,0.0099999999999998,50.0,50.0,True,50.0,50.0,True,CBraMod,6000.0,2.0,True
Cho2017,5,53,4x,4.0,1.0,0.99,0.985,-0.01,0.005,50.0,50.0,True,50.0,50.0,True,CBraMod,12000.0,4.0,True
Cho2017,5,71,1x,4.0,1.0,1.0,0.996,0.0,0.0039999999999998,50.0,50.0,True,50.0,50.0,True,CBraMod,3250.0,1.0,True
Cho2017,5,71,2x,4.0,0.95,0.99,0.735,0.04,0.255,50.0,50.0,True,50.0,50.0,True,CBraMod,6500.0,2.0,True
Cho2017,5,71,4x,4.0,0.99,0.99,0.952,0.0,0.038,50.0,50.0,True,50.0,50.0,True,CBraMod,13000.0,4.0,True
Cho2017,6,11,1x,3.0,0.8500000000000001,0.8300000000000001,0.804,-0.02,0.026,50.0,50.0,True,50.0,50.0,True,CBraMod,3000.0,1.0,True
Cho2017,6,11,2x,3.0,0.87,0.81,0.807,-0.0599999999999999,0.003,50.0,50.0,True,50.0,50.0,True,CBraMod,6000.0,2.0,True
Cho2017,6,11,4x,3.0,0.78,0.79,0.796,0.01,-0.006,50.0,50.0,True,50.0,50.0,True,CBraMod,12000.0,4.0,True
Cho2017,6,23,1x,3.0,0.8200000000000001,0.8400000000000001,0.7470000000000001,0.02,0.0929999999999999,50.0,50.0,True,50.0,50.0,True,CBraMod,3000.0,1.0,True
Cho2017,6,23,2x,3.0,0.81,0.79,0.805,-0.02,-0.015,50.0,50.0,True,50.0,50.0,True,CBraMod,6000.0,2.0,True
Cho2017,6,23,4x,3.0,0.79,0.81,0.7630000000000001,0.02,0.0469999999999999,50.0,50.0,True,50.0,50.0,True,CBraMod,12000.0,4.0,True
Cho2017,6,37,1x,3.0,0.8,0.8500000000000001,0.819,0.05,0.0310000000000001,50.0,50.0,True,50.0,50.0,True,CBraMod,3000.0,1.0,True
Cho2017,6,37,2x,3.0,0.77,0.8200000000000001,0.8109999999999999,0.05,0.0090000000000001,50.0,50.0,True,50.0,50.0,True,CBraMod,6000.0,2.0,True
Cho2017,6,37,4x,3.0,0.78,0.81,0.792,0.03,0.018,50.0,50.0,True,50.0,50.0,True,CBraMod,12000.0,4.0,True
Cho2017,6,53,1x,3.0,0.8,0.81,0.781,0.01,0.029,50.0,50.0,True,50.0,50.0,True,CBraMod,3750.0,1.0,True
Cho2017,6,53,2x,3.0,0.81,0.81,0.763,0.0,0.047,50.0,50.0,True,50.0,50.0,True,CBraMod,7500.0,2.0,True
Cho2017,6,53,4x,3.0,0.79,0.8300000000000001,0.8300000000000001,0.04,0.0,50.0,50.0,True,50.0,50.0,True,CBraMod,15000.0,4.0,True
Cho2017,6,71,1x,3.0,0.81,0.8500000000000001,0.8089999999999999,0.04,0.0410000000000001,50.0,50.0,True,50.0,50.0,True,CBraMod,3250.0,1.0,True
Cho2017,6,71,2x,3.0,0.8,0.8,0.798,0.0,0.002,50.0,50.0,True,50.0,50.0,True,CBraMod,6500.0,2.0,True
Cho2017,6,71,4x,3.0,0.77,0.79,0.807,0.02,-0.017,50.0,50.0,True,50.0,50.0,True,CBraMod,13000.0,4.0,True
Cho2017,7,11,1x,1.0,0.5083333333333333,0.5666666666666667,0.5266666666666666,0.0583333333333333,0.04,60.0,60.0,True,60.0,60.0,True,CBraMod,3000.0,1.0,True
Cho2017,7,11,2x,1.0,0.5166666666666666,0.525,0.5416666666666667,0.0083333333333334,-0.0166666666666667,60.0,60.0,True,60.0,60.0,True,CBraMod,6000.0,2.0,True
Cho2017,7,11,4x,1.0,0.5166666666666667,0.6083333333333334,0.5633333333333332,0.0916666666666666,0.0450000000000001,60.0,60.0,True,60.0,60.0,True,CBraMod,12000.0,4.0,True
Cho2017,7,23,1x,1.0,0.5,0.5083333333333333,0.5266666666666666,0.0083333333333333,-0.0183333333333333,60.0,60.0,True,60.0,60.0,True,CBraMod,3000.0,1.0,True
Cho2017,7,23,2x,1.0,0.6,0.5916666666666667,0.5108333333333334,-0.0083333333333333,0.0808333333333333,60.0,60.0,True,60.0,60.0,True,CBraMod,6000.0,2.0,True
Cho2017,7,23,4x,1.0,0.5833333333333333,0.625,0.5125,0.0416666666666667,0.1125,60.0,60.0,True,60.0,60.0,True,CBraMod,12000.0,4.0,True
Cho2017,7,37,1x,,,,,,,,,,,,,,,,False
Cho2017,7,37,2x,,,,,,,,,,,,,,,,False
Cho2017,7,37,4x,,,,,,,,,,,,,,,,False
Cho2017,7,53,1x,1.0,0.5416666666666666,0.4666666666666667,0.5116666666666667,-0.0749999999999999,-0.045,60.0,60.0,True,60.0,60.0,True,CBraMod,3000.0,1.0,True
Cho2017,7,53,2x,1.0,0.5333333333333333,0.6166666666666667,0.5291666666666666,0.0833333333333333,0.0875000000000001,60.0,60.0,True,60.0,60.0,True,CBraMod,6000.0,2.0,True
Cho2017,7,53,4x,1.0,0.5916666666666667,0.5583333333333333,0.545,-0.0333333333333333,0.0133333333333333,60.0,60.0,True,60.0,60.0,True,CBraMod,12000.0,4.0,True
Cho2017,7,71,1x,1.0,0.475,0.525,0.5225,0.05,0.0025,60.0,60.0,True,60.0,60.0,True,CBraMod,3500.0,1.0,True
Cho2017,7,71,2x,1.0,0.5333333333333333,0.575,0.5308333333333334,0.0416666666666666,0.0441666666666665,60.0,60.0,True,60.0,60.0,True,CBraMod,7000.0,2.0,True
Cho2017,7,71,4x,1.0,0.5333333333333333,0.5083333333333333,0.5383333333333333,-0.025,-0.03,60.0,60.0,True,60.0,60.0,True,CBraMod,14000.0,4.0,True
Cho2017,8,11,1x,1.0,0.52,0.51,0.547,-0.01,-0.037,50.0,50.0,True,50.0,50.0,True,CBraMod,3000.0,1.0,True
Cho2017,8,11,2x,1.0,0.6499999999999999,0.54,0.584,-0.1099999999999998,-0.0439999999999999,50.0,50.0,True,50.0,50.0,True,CBraMod,6000.0,2.0,True
Cho2017,8,11,4x,1.0,0.57,0.5,0.587,-0.0699999999999999,-0.0869999999999999,50.0,50.0,True,50.0,50.0,True,CBraMod,12000.0,4.0,True
Cho2017,8,23,1x,1.0,0.5599999999999999,0.53,0.495,-0.0299999999999999,0.035,50.0,50.0,True,50.0,50.0,True,CBraMod,3000.0,1.0,True
Cho2017,8,23,2x,1.0,0.53,0.5800000000000001,0.572,0.05,0.0080000000000001,50.0,50.0,True,50.0,50.0,True,CBraMod,6000.0,2.0,True
Cho2017,8,23,4x,1.0,0.63,0.63,0.5630000000000001,0.0,0.0669999999999999,50.0,50.0,True,50.0,50.0,True,CBraMod,12000.0,4.0,True
Cho2017,8,37,1x,,,,,,,,,,,,,,,,False
Cho2017,8,37,2x,,,,,,,,,,,,,,,,False
Cho2017,8,37,4x,,,,,,,,,,,,,,,,False
Cho2017,8,53,1x,1.0,0.58,0.53,0.5229999999999999,-0.0499999999999999,0.0070000000000001,50.0,50.0,True,50.0,50.0,True,CBraMod,3000.0,1.0,True
Cho2017,8,53,2x,1.0,0.61,0.56,0.5630000000000001,-0.0499999999999999,-0.003,50.0,50.0,True,50.0,50.0,True,CBraMod,6000.0,2.0,True
Cho2017,8,53,4x,1.0,0.61,0.6,0.562,-0.01,0.0379999999999999,50.0,50.0,True,50.0,50.0,True,CBraMod,12000.0,4.0,True
Cho2017,8,71,1x,1.0,0.48,0.52,0.541,0.04,-0.021,50.0,50.0,True,50.0,50.0,True,CBraMod,3500.0,1.0,True
Cho2017,8,71,2x,1.0,0.52,0.52,0.501,0.0,0.019,50.0,50.0,True,50.0,50.0,True,CBraMod,7000.0,2.0,True
Cho2017,8,71,4x,1.0,0.54,0.56,0.506,0.02,0.054,50.0,50.0,True,50.0,50.0,True,CBraMod,14000.0,4.0,True
Cho2017,9,11,1x,4.0,0.5166666666666667,0.6666666666666666,0.5691666666666666,0.1499999999999999,0.0975,60.0,60.0,True,60.0,60.0,True,CBraMod,3000.0,1.0,True
Cho2017,9,11,2x,4.0,0.5833333333333334,0.6166666666666667,0.5725,0.0333333333333333,0.0441666666666666,60.0,60.0,True,60.0,60.0,True,CBraMod,6000.0,2.0,True
Cho2017,9,11,4x,4.0,0.5166666666666667,0.6166666666666667,0.5725,0.0999999999999999,0.0441666666666666,60.0,60.0,True,60.0,60.0,True,CBraMod,12000.0,4.0,True
Cho2017,9,23,1x,4.0,0.6166666666666667,0.6416666666666666,0.5908333333333333,0.0249999999999999,0.0508333333333332,60.0,60.0,True,60.0,60.0,True,CBraMod,3500.0,1.0,True
Cho2017,9,23,2x,4.0,0.55,0.6583333333333333,0.5566666666666668,0.1083333333333332,0.1016666666666665,60.0,60.0,True,60.0,60.0,True,CBraMod,7000.0,2.0,True
Cho2017,9,23,4x,4.0,0.5916666666666667,0.575,0.62,-0.0166666666666667,-0.045,60.0,60.0,True,60.0,60.0,True,CBraMod,14000.0,4.0,True
Cho2017,9,37,1x,4.0,0.5249999999999999,0.5583333333333333,0.56,0.0333333333333334,-0.0016666666666667,60.0,60.0,True,60.0,60.0,True,CBraMod,3000.0,1.0,True
Cho2017,9,37,2x,4.0,0.625,0.6333333333333333,0.575,0.0083333333333333,0.0583333333333333,60.0,60.0,True,60.0,60.0,True,CBraMod,6000.0,2.0,True
Cho2017,9,37,4x,4.0,0.625,0.6416666666666667,0.5908333333333333,0.0166666666666667,0.0508333333333334,60.0,60.0,True,60.0,60.0,True,CBraMod,12000.0,4.0,True
Cho2017,9,53,1x,4.0,0.5916666666666667,0.5416666666666667,0.5633333333333332,-0.0499999999999999,-0.0216666666666665,60.0,60.0,True,60.0,60.0,True,CBraMod,3000.0,1.0,True
Cho2017,9,53,2x,4.0,0.575,0.575,0.5725,0.0,0.0024999999999999,60.0,60.0,True,60.0,60.0,True,CBraMod,6000.0,2.0,True
Cho2017,9,53,4x,4.0,0.6416666666666666,0.6166666666666667,0.5841666666666667,-0.0249999999999999,0.0324999999999999,60.0,60.0,True,60.0,60.0,True,CBraMod,12000.0,4.0,True
Cho2017,9,71,1x,4.0,0.5166666666666666,0.5833333333333334,0.5416666666666667,0.0666666666666667,0.0416666666666666,60.0,60.0,True,60.0,60.0,True,CBraMod,3250.0,1.0,True
Cho2017,9,71,2x,4.0,0.55,0.625,0.5425000000000001,0.0749999999999999,0.0824999999999999,60.0,60.0,True,60.0,60.0,True,CBraMod,6500.0,2.0,True
Cho2017,9,71,4x,4.0,0.55,0.5583333333333333,0.5558333333333334,0.0083333333333333,0.0024999999999999,60.0,60.0,True,60.0,60.0,True,CBraMod,13000.0,4.0,True
Cho2017,10,11,1x,2.0,0.6,0.65,0.5920000000000001,0.05,0.0579999999999999,50.0,50.0,True,50.0,50.0,True,CBraMod,5250.0,1.0,True
Cho2017,10,11,2x,2.0,0.64,0.65,0.538,0.01,0.1119999999999999,50.0,50.0,True,50.0,50.0,True,CBraMod,10500.0,2.0,True
Cho2017,10,11,4x,2.0,0.64,0.71,0.613,0.0699999999999999,0.0969999999999999,50.0,50.0,True,50.0,50.0,True,CBraMod,21000.0,4.0,True
Cho2017,10,23,1x,2.0,0.63,0.64,0.545,0.01,0.0949999999999999,50.0,50.0,True,50.0,50.0,True,CBraMod,3250.0,1.0,True
Cho2017,10,23,2x,2.0,0.6499999999999999,0.6499999999999999,0.5109999999999999,0.0,0.139,50.0,50.0,True,50.0,50.0,True,CBraMod,6500.0,2.0,True
Cho2017,10,23,4x,2.0,0.58,0.6799999999999999,0.531,0.0999999999999999,0.1489999999999999,50.0,50.0,True,50.0,50.0,True,CBraMod,13000.0,4.0,True
Cho2017,10,37,1x,2.0,0.5700000000000001,0.56,0.547,-0.01,0.013,50.0,50.0,True,50.0,50.0,True,CBraMod,3000.0,1.0,True
Cho2017,10,37,2x,2.0,0.61,0.62,0.5349999999999999,0.01,0.085,50.0,50.0,True,50.0,50.0,True,CBraMod,6000.0,2.0,True
Cho2017,10,37,4x,2.0,0.5599999999999999,0.61,0.5539999999999999,0.05,0.056,50.0,50.0,True,50.0,50.0,True,CBraMod,12000.0,4.0,True
Cho2017,10,53,1x,2.0,0.54,0.64,0.505,0.0999999999999999,0.135,50.0,50.0,True,50.0,50.0,True,CBraMod,4000.0,1.0,True
Cho2017,10,53,2x,2.0,0.6499999999999999,0.7,0.5740000000000001,0.05,0.1259999999999999,50.0,50.0,True,50.0,50.0,True,CBraMod,8000.0,2.0,True
Cho2017,10,53,4x,2.0,0.66,0.6599999999999999,0.5269999999999999,-1.1102230246251563e-16,0.133,50.0,50.0,True,50.0,50.0,True,CBraMod,16000.0,4.0,True
Cho2017,10,71,1x,2.0,0.56,0.67,0.53,0.1099999999999999,0.14,50.0,50.0,True,50.0,50.0,True,CBraMod,3500.0,1.0,True
Cho2017,10,71,2x,2.0,0.66,0.6599999999999999,0.5559999999999999,-1.1102230246251563e-16,0.1039999999999999,50.0,50.0,True,50.0,50.0,True,CBraMod,7000.0,2.0,True
Cho2017,10,71,4x,2.0,0.58,0.6799999999999999,0.591,0.0999999999999999,0.0889999999999999,50.0,50.0,True,50.0,50.0,True,CBraMod,14000.0,4.0,True
Cho2017,11,11,1x,3.0,0.56,0.5599999999999999,0.5469999999999999,-1.1102230246251563e-16,0.013,50.0,50.0,True,50.0,50.0,True,CBraMod,3000.0,1.0,True
Cho2017,11,11,2x,3.0,0.65,0.58,0.5760000000000001,-0.07,0.0039999999999998,50.0,50.0,True,50.0,50.0,True,CBraMod,6000.0,2.0,True
Cho2017,11,11,4x,3.0,0.67,0.66,0.65,-0.01,0.01,50.0,50.0,True,50.0,50.0,True,CBraMod,12000.0,4.0,True
Cho2017,11,23,1x,3.0,0.6799999999999999,0.62,0.5740000000000001,-0.0599999999999999,0.0459999999999999,50.0,50.0,True,50.0,50.0,True,CBraMod,3000.0,1.0,True
Cho2017,11,23,2x,3.0,0.66,0.65,0.645,-0.01,0.005,50.0,50.0,True,50.0,50.0,True,CBraMod,6000.0,2.0,True
Cho2017,11,23,4x,3.0,0.54,0.66,0.6050000000000001,0.12,0.0549999999999999,50.0,50.0,True,50.0,50.0,True,CBraMod,12000.0,4.0,True
Cho2017,11,37,1x,3.0,0.6,0.6,0.5950000000000001,0.0,0.0049999999999998,50.0,50.0,True,50.0,50.0,True,CBraMod,3000.0,1.0,True
Cho2017,11,37,2x,3.0,0.6,0.63,0.5519999999999999,0.03,0.078,50.0,50.0,True,50.0,50.0,True,CBraMod,6000.0,2.0,True
Cho2017,11,37,4x,3.0,0.59,0.63,0.587,0.04,0.043,50.0,50.0,True,50.0,50.0,True,CBraMod,12000.0,4.0,True
Cho2017,11,53,1x,3.0,0.65,0.58,0.612,-0.07,-0.032,50.0,50.0,True,50.0,50.0,True,CBraMod,3750.0,1.0,True
Cho2017,11,53,2x,3.0,0.6,0.58,0.603,-0.02,-0.023,50.0,50.0,True,50.0,50.0,True,CBraMod,7500.0,2.0,True
Cho2017,11,53,4x,3.0,0.73,0.65,0.633,-0.0799999999999999,0.017,50.0,50.0,True,50.0,50.0,True,CBraMod,15000.0,4.0,True
Cho2017,11,71,1x,3.0,0.59,0.61,0.6,0.02,0.01,50.0,50.0,True,50.0,50.0,True,CBraMod,3250.0,1.0,True
Cho2017,11,71,2x,3.0,0.62,0.52,0.624,-0.0999999999999999,-0.1039999999999999,50.0,50.0,True,50.0,50.0,True,CBraMod,6500.0,2.0,True
Cho2017,11,71,4x,3.0,0.65,0.6699999999999999,0.623,0.0199999999999999,0.0469999999999999,50.0,50.0,True,50.0,50.0,True,CBraMod,13000.0,4.0,True
Cho2017,12,11,1x,2.0,0.5800000000000001,0.73,0.5469999999999999,0.1499999999999999,0.183,50.0,50.0,True,50.0,50.0,True,CBraMod,5250.0,1.0,True
Cho2017,12,11,2x,2.0,0.63,0.75,0.5830000000000001,0.12,0.1669999999999999,50.0,50.0,True,50.0,50.0,True,CBraMod,10500.0,2.0,True
Cho2017,12,11,4x,2.0,0.55,0.6599999999999999,0.556,0.1099999999999998,0.1039999999999998,50.0,50.0,True,50.0,50.0,True,CBraMod,21000.0,4.0,True
Cho2017,12,23,1x,2.0,0.56,0.74,0.541,0.1799999999999999,0.1989999999999999,50.0,50.0,True,50.0,50.0,True,CBraMod,3250.0,1.0,True
Cho2017,12,23,2x,2.0,0.6,0.76,0.6220000000000001,0.16,0.1379999999999999,50.0,50.0,True,50.0,50.0,True,CBraMod,6500.0,2.0,True
Cho2017,12,23,4x,2.0,0.5700000000000001,0.76,0.619,0.1899999999999999,0.141,50.0,50.0,True,50.0,50.0,True,CBraMod,13000.0,4.0,True
Cho2017,12,37,1x,2.0,0.53,0.67,0.5430000000000001,0.14,0.1269999999999999,50.0,50.0,True,50.0,50.0,True,CBraMod,3000.0,1.0,True
Cho2017,12,37,2x,2.0,0.4599999999999999,0.79,0.569,0.33,0.221,50.0,50.0,True,50.0,50.0,True,CBraMod,6000.0,2.0,True
Cho2017,12,37,4x,2.0,0.52,0.75,0.551,0.2299999999999999,0.1989999999999999,50.0,50.0,True,50.0,50.0,True,CBraMod,12000.0,4.0,True
Cho2017,12,53,1x,2.0,0.56,0.77,0.5210000000000001,0.2099999999999999,0.2489999999999999,50.0,50.0,True,50.0,50.0,True,CBraMod,4000.0,1.0,True
Cho2017,12,53,2x,2.0,0.49,0.77,0.51,0.28,0.26,50.0,50.0,True,50.0,50.0,True,CBraMod,8000.0,2.0,True
Cho2017,12,53,4x,2.0,0.6,0.72,0.542,0.12,0.1779999999999999,50.0,50.0,True,50.0,50.0,True,CBraMod,16000.0,4.0,True
Cho2017,12,71,1x,2.0,0.55,0.75,0.527,0.1999999999999999,0.2229999999999999,50.0,50.0,True,50.0,50.0,True,CBraMod,3500.0,1.0,True
Cho2017,12,71,2x,2.0,0.64,0.7,0.589,0.0599999999999999,0.1109999999999999,50.0,50.0,True,50.0,50.0,True,CBraMod,7000.0,2.0,True
Cho2017,12,71,4x,2.0,0.5700000000000001,0.7,0.5730000000000001,0.1299999999999999,0.1269999999999999,50.0,50.0,True,50.0,50.0,True,CBraMod,14000.0,4.0,True
Cho2017,13,11,1x,0.0,0.91,0.97,0.8140000000000001,0.0599999999999999,0.1559999999999999,50.0,50.0,True,50.0,50.0,True,CBraMod,3000.0,1.0,True
Cho2017,13,11,2x,0.0,0.92,0.98,0.8470000000000001,0.06,0.1329999999999999,50.0,50.0,True,50.0,50.0,True,CBraMod,6000.0,2.0,True
Cho2017,13,11,4x,0.0,0.92,0.98,0.834,0.06,0.146,50.0,50.0,True,50.0,50.0,True,CBraMod,12000.0,4.0,True
Cho2017,13,23,1x,0.0,0.8200000000000001,0.98,0.7860000000000001,0.1599999999999999,0.1939999999999998,50.0,50.0,True,50.0,50.0,True,CBraMod,3500.0,1.0,True
Cho2017,13,23,2x,0.0,0.79,0.99,0.7830000000000001,0.1999999999999999,0.2069999999999998,50.0,50.0,True,50.0,50.0,True,CBraMod,7000.0,2.0,True
Cho2017,13,23,4x,0.0,0.9,1.0,0.785,0.0999999999999999,0.2149999999999999,50.0,50.0,True,50.0,50.0,True,CBraMod,14000.0,4.0,True
Cho2017,13,37,1x,0.0,0.74,0.99,0.7259999999999999,0.25,0.2640000000000001,50.0,50.0,True,50.0,50.0,True,CBraMod,3000.0,1.0,True
Cho2017,13,37,2x,0.0,0.8200000000000001,0.95,0.795,0.1299999999999999,0.1549999999999999,50.0,50.0,True,50.0,50.0,True,CBraMod,6000.0,2.0,True
Cho2017,13,37,4x,0.0,0.92,0.96,0.883,0.04,0.0769999999999999,50.0,50.0,True,50.0,50.0,True,CBraMod,12000.0,4.0,True
Cho2017,13,53,1x,0.0,0.89,0.97,0.817,0.0799999999999999,0.153,50.0,50.0,True,50.0,50.0,True,CBraMod,3000.0,1.0,True
Cho2017,13,53,2x,0.0,0.8999999999999999,0.98,0.8130000000000001,0.08,0.1669999999999999,50.0,50.0,True,50.0,50.0,True,CBraMod,6000.0,2.0,True
Cho2017,13,53,4x,0.0,0.8999999999999999,0.96,0.8319999999999999,0.06,0.1280000000000001,50.0,50.0,True,50.0,50.0,True,CBraMod,12000.0,4.0,True
Cho2017,13,71,1x,0.0,0.81,0.97,0.772,0.1599999999999999,0.1979999999999999,50.0,50.0,True,50.0,50.0,True,CBraMod,3000.0,1.0,True
Cho2017,13,71,2x,0.0,0.91,0.99,0.8310000000000001,0.0799999999999999,0.1589999999999999,50.0,50.0,True,50.0,50.0,True,CBraMod,6000.0,2.0,True
Cho2017,13,71,4x,0.0,0.93,0.97,0.7879999999999999,0.04,0.182,50.0,50.0,True,50.0,50.0,True,CBraMod,12000.0,4.0,True
Cho2017,14,11,1x,0.0,0.51,0.89,0.62,0.38,0.27,50.0,50.0,True,50.0,50.0,True,CBraMod,3000.0,1.0,True
Cho2017,14,11,2x,0.0,0.76,0.8500000000000001,0.7530000000000001,0.09,0.0969999999999999,50.0,50.0,True,50.0,50.0,True,CBraMod,6000.0,2.0,True
Cho2017,14,11,4x,0.0,0.79,0.87,0.7540000000000001,0.0799999999999999,0.1159999999999998,50.0,50.0,True,50.0,50.0,True,CBraMod,12000.0,4.0,True
Cho2017,14,23,1x,0.0,0.6799999999999999,0.86,0.752,0.18,0.1079999999999999,50.0,50.0,True,50.0,50.0,True,CBraMod,3500.0,1.0,True
Cho2017,14,23,2x,0.0,0.64,0.87,0.6759999999999999,0.2299999999999999,0.194,50.0,50.0,True,50.0,50.0,True,CBraMod,7000.0,2.0,True
Cho2017,14,23,4x,0.0,0.8200000000000001,0.87,0.7369999999999999,0.0499999999999999,0.1330000000000001,50.0,50.0,True,50.0,50.0,True,CBraMod,14000.0,4.0,True
Cho2017,14,37,1x,0.0,0.85,0.89,0.6639999999999999,0.04,0.2260000000000001,50.0,50.0,True,50.0,50.0,True,CBraMod,3000.0,1.0,True
Cho2017,14,37,2x,0.0,0.83,0.8899999999999999,0.828,0.0599999999999999,0.0619999999999999,50.0,50.0,True,50.0,50.0,True,CBraMod,6000.0,2.0,True
Cho2017,14,37,4x,0.0,0.84,0.8999999999999999,0.8130000000000001,0.0599999999999999,0.0869999999999998,50.0,50.0,True,50.0,50.0,True,CBraMod,12000.0,4.0,True
Cho2017,14,53,1x,0.0,0.63,0.89,0.7230000000000001,0.26,0.1669999999999999,50.0,50.0,True,50.0,50.0,True,CBraMod,3000.0,1.0,True
Cho2017,14,53,2x,0.0,0.78,0.85,0.7390000000000001,0.0699999999999999,0.1109999999999998,50.0,50.0,True,50.0,50.0,True,CBraMod,6000.0,2.0,True
Cho2017,14,53,4x,0.0,0.8600000000000001,0.89,0.724,0.0299999999999999,0.166,50.0,50.0,True,50.0,50.0,True,CBraMod,12000.0,4.0,True
Cho2017,14,71,1x,0.0,0.81,0.87,0.722,0.0599999999999999,0.148,50.0,50.0,True,50.0,50.0,True,CBraMod,3000.0,1.0,True
Cho2017,14,71,2x,0.0,0.8,0.89,0.728,0.0899999999999999,0.162,50.0,50.0,True,50.0,50.0,True,CBraMod,6000.0,2.0,True
Cho2017,14,71,4x,0.0,0.86,0.8899999999999999,0.75,0.0299999999999999,0.1399999999999999,50.0,50.0,True,50.0,50.0,True,CBraMod,12000.0,4.0,True
Cho2017,15,11,1x,0.0,0.52,0.69,0.571,0.1699999999999999,0.119,50.0,50.0,True,50.0,50.0,True,CBraMod,3000.0,1.0,True
Cho2017,15,11,2x,0.0,0.58,0.6599999999999999,0.548,0.0799999999999999,0.1119999999999998,50.0,50.0,True,50.0,50.0,True,CBraMod,6000.0,2.0,True
Cho2017,15,11,4x,0.0,0.67,0.6499999999999999,0.5740000000000001,-0.0200000000000001,0.0759999999999998,50.0,50.0,True,50.0,50.0,True,CBraMod,12000.0,4.0,True
Cho2017,15,23,1x,0.0,0.52,0.6699999999999999,0.5189999999999999,0.1499999999999999,0.151,50.0,50.0,True,50.0,50.0,True,CBraMod,3500.0,1.0,True
Cho2017,15,23,2x,0.0,0.5900000000000001,0.6699999999999999,0.549,0.0799999999999998,0.1209999999999998,50.0,50.0,True,50.0,50.0,True,CBraMod,7000.0,2.0,True
Cho2017,15,23,4x,0.0,0.6000000000000001,0.6699999999999999,0.5860000000000001,0.0699999999999998,0.0839999999999998,50.0,50.0,True,50.0,50.0,True,CBraMod,14000.0,4.0,True
Cho2017,15,37,1x,0.0,0.51,0.64,0.5349999999999999,0.13,0.1050000000000001,50.0,50.0,True,50.0,50.0,True,CBraMod,3000.0,1.0,True
Cho2017,15,37,2x,0.0,0.6,0.65,0.577,0.05,0.073,50.0,50.0,True,50.0,50.0,True,CBraMod,6000.0,2.0,True
Cho2017,15,37,4x,0.0,0.53,0.66,0.5429999999999999,0.13,0.1170000000000001,50.0,50.0,True,50.0,50.0,True,CBraMod,12000.0,4.0,True
Cho2017,15,53,1x,0.0,0.49,0.6799999999999999,0.541,0.1899999999999999,0.1389999999999999,50.0,50.0,True,50.0,50.0,True,CBraMod,3000.0,1.0,True
Cho2017,15,53,2x,0.0,0.55,0.74,0.565,0.1899999999999999,0.175,50.0,50.0,True,50.0,50.0,True,CBraMod,6000.0,2.0,True
Cho2017,15,53,4x,0.0,0.5700000000000001,0.74,0.56,0.1699999999999999,0.1799999999999999,50.0,50.0,True,50.0,50.0,True,CBraMod,12000.0,4.0,True
Cho2017,15,71,1x,0.0,0.5800000000000001,0.64,0.508,0.0599999999999999,0.132,50.0,50.0,True,50.0,50.0,True,CBraMod,3000.0,1.0,True
Cho2017,15,71,2x,0.0,0.56,0.71,0.5730000000000001,0.1499999999999999,0.1369999999999999,50.0,50.0,True,50.0,50.0,True,CBraMod,6000.0,2.0,True
Cho2017,15,71,4x,0.0,0.54,0.6499999999999999,0.505,0.1099999999999998,0.1449999999999999,50.0,50.0,True,50.0,50.0,True,CBraMod,12000.0,4.0,True
Cho2017,16,11,1x,3.0,0.6,0.6000000000000001,0.576,1.1102230246251563e-16,0.0240000000000001,50.0,50.0,True,50.0,50.0,True,CBraMod,3000.0,1.0,True
Cho2017,16,11,2x,3.0,0.63,0.65,0.603,0.02,0.047,50.0,50.0,True,50.0,50.0,True,CBraMod,6000.0,2.0,True
Cho2017,16,11,4x,3.0,0.6599999999999999,0.6699999999999999,0.619,0.01,0.0509999999999999,50.0,50.0,True,50.0,50.0,True,CBraMod,12000.0,4.0,True
Cho2017,16,23,1x,3.0,0.64,0.6799999999999999,0.5750000000000001,0.0399999999999999,0.1049999999999998,50.0,50.0,True,50.0,50.0,True,CBraMod,3000.0,1.0,True
Cho2017,16,23,2x,3.0,0.59,0.5,0.579,-0.0899999999999999,-0.0789999999999999,50.0,50.0,True,50.0,50.0,True,CBraMod,6000.0,2.0,True
Cho2017,16,23,4x,3.0,0.64,0.69,0.6020000000000001,0.0499999999999999,0.0879999999999998,50.0,50.0,True,50.0,50.0,True,CBraMod,12000.0,4.0,True
Cho2017,16,37,1x,3.0,0.67,0.7,0.619,0.0299999999999999,0.0809999999999999,50.0,50.0,True,50.0,50.0,True,CBraMod,3000.0,1.0,True
Cho2017,16,37,2x,3.0,0.67,0.64,0.5710000000000001,-0.03,0.0689999999999999,50.0,50.0,True,50.0,50.0,True,CBraMod,6000.0,2.0,True
Cho2017,16,37,4x,3.0,0.64,0.6000000000000001,0.6140000000000001,-0.0399999999999999,-0.014,50.0,50.0,True,50.0,50.0,True,CBraMod,12000.0,4.0,True
Cho2017,16,53,1x,3.0,0.6,0.5900000000000001,0.6399999999999999,-0.0099999999999998,-0.0499999999999998,50.0,50.0,True,50.0,50.0,True,CBraMod,3750.0,1.0,True
Cho2017,16,53,2x,3.0,0.66,0.61,0.5990000000000001,-0.05,0.0109999999999998,50.0,50.0,True,50.0,50.0,True,CBraMod,7500.0,2.0,True
Cho2017,16,53,4x,3.0,0.62,0.59,0.61,-0.03,-0.02,50.0,50.0,True,50.0,50.0,True,CBraMod,15000.0,4.0,True
Cho2017,16,71,1x,3.0,0.66,0.64,0.6599999999999999,-0.02,-0.0199999999999999,50.0,50.0,True,50.0,50.0,True,CBraMod,3250.0,1.0,True
Cho2017,16,71,2x,3.0,0.69,0.65,0.6410000000000001,-0.0399999999999999,0.0089999999999998,50.0,50.0,True,50.0,50.0,True,CBraMod,6500.0,2.0,True
Cho2017,16,71,4x,3.0,0.61,0.67,0.5700000000000001,0.06,0.0999999999999999,50.0,50.0,True,50.0,50.0,True,CBraMod,13000.0,4.0,True
Cho2017,17,11,1x,2.0,0.55,0.5700000000000001,0.61,0.02,-0.0399999999999999,50.0,50.0,True,50.0,50.0,True,CBraMod,5250.0,1.0,True
Cho2017,17,11,2x,2.0,0.51,0.7,0.594,0.1899999999999999,0.1059999999999999,50.0,50.0,True,50.0,50.0,True,CBraMod,10500.0,2.0,True
Cho2017,17,11,4x,2.0,0.59,0.63,0.6170000000000001,0.04,0.0129999999999999,50.0,50.0,True,50.0,50.0,True,CBraMod,21000.0,4.0,True
Cho2017,17,23,1x,2.0,0.5700000000000001,0.6,0.558,0.0299999999999999,0.0419999999999999,50.0,50.0,True,50.0,50.0,True,CBraMod,3250.0,1.0,True
Cho2017,17,23,2x,2.0,0.54,0.63,0.5860000000000001,0.0899999999999999,0.0439999999999999,50.0,50.0,True,50.0,50.0,True,CBraMod,6500.0,2.0,True
Cho2017,17,23,4x,2.0,0.58,0.6599999999999999,0.593,0.0799999999999999,0.0669999999999999,50.0,50.0,True,50.0,50.0,True,CBraMod,13000.0,4.0,True
Cho2017,17,37,1x,2.0,0.59,0.6,0.561,0.01,0.0389999999999999,50.0,50.0,True,50.0,50.0,True,CBraMod,3000.0,1.0,True
Cho2017,17,37,2x,2.0,0.54,0.6,0.5630000000000001,0.0599999999999999,0.0369999999999999,50.0,50.0,True,50.0,50.0,True,CBraMod,6000.0,2.0,True
Cho2017,17,37,4x,2.0,0.54,0.6200000000000001,0.5650000000000001,0.08,0.055,50.0,50.0,True,50.0,50.0,True,CBraMod,12000.0,4.0,True
Cho2017,17,53,1x,2.0,0.64,0.64,0.5660000000000001,0.0,0.0739999999999999,50.0,50.0,True,50.0,50.0,True,CBraMod,4000.0,1.0,True
Cho2017,17,53,2x,2.0,0.57,0.63,0.5880000000000001,0.06,0.0419999999999999,50.0,50.0,True,50.0,50.0,True,CBraMod,8000.0,2.0,True
Cho2017,17,53,4x,2.0,0.62,0.63,0.5810000000000001,0.01,0.0489999999999999,50.0,50.0,True,50.0,50.0,True,CBraMod,16000.0,4.0,True
Cho2017,17,71,1x,2.0,0.5700000000000001,0.55,0.553,-0.02,-0.003,50.0,50.0,True,50.0,50.0,True,CBraMod,3500.0,1.0,True
Cho2017,17,71,2x,2.0,0.55,0.63,0.5750000000000002,0.0799999999999999,0.0549999999999998,50.0,50.0,True,50.0,50.0,True,CBraMod,7000.0,2.0,True
Cho2017,17,71,4x,2.0,0.6399999999999999,0.6799999999999999,0.5970000000000001,0.04,0.0829999999999998,50.0,50.0,True,50.0,50.0,True,CBraMod,14000.0,4.0,True
Cho2017,18,11,1x,0.0,0.67,0.6799999999999999,0.579,0.0099999999999998,0.1009999999999999,50.0,50.0,True,50.0,50.0,True,CBraMod,3000.0,1.0,True
Cho2017,18,11,2x,0.0,0.54,0.62,0.615,0.0799999999999999,0.005,50.0,50.0,True,50.0,50.0,True,CBraMod,6000.0,2.0,True
Cho2017,18,11,4x,0.0,0.6,0.66,0.6350000000000001,0.06,0.0249999999999999,50.0,50.0,True,50.0,50.0,True,CBraMod,12000.0,4.0,True
Cho2017,18,23,1x,0.0,0.6799999999999999,0.6000000000000001,0.6060000000000001,-0.0799999999999998,-0.006,50.0,50.0,True,50.0,50.0,True,CBraMod,3500.0,1.0,True
Cho2017,18,23,2x,0.0,0.54,0.5800000000000001,0.5589999999999999,0.04,0.0210000000000001,50.0,50.0,True,50.0,50.0,True,CBraMod,7000.0,2.0,True
Cho2017,18,23,4x,0.0,0.7,0.69,0.5750000000000001,-0.01,0.1149999999999998,50.0,50.0,True,50.0,50.0,True,CBraMod,14000.0,4.0,True
Cho2017,18,37,1x,0.0,0.61,0.7,0.5850000000000001,0.0899999999999999,0.1149999999999998,50.0,50.0,True,50.0,50.0,True,CBraMod,3000.0,1.0,True
Cho2017,18,37,2x,0.0,0.5900000000000001,0.64,0.6379999999999999,0.0499999999999999,0.0020000000000001,50.0,50.0,True,50.0,50.0,True,CBraMod,6000.0,2.0,True
Cho2017,18,37,4x,0.0,0.6599999999999999,0.6699999999999999,0.622,0.01,0.0479999999999999,50.0,50.0,True,50.0,50.0,True,CBraMod,12000.0,4.0,True
Cho2017,18,53,1x,0.0,0.53,0.6699999999999999,0.58,0.1399999999999999,0.0899999999999999,50.0,50.0,True,50.0,50.0,True,CBraMod,3000.0,1.0,True
Cho2017,18,53,2x,0.0,0.6,0.69,0.5770000000000001,0.0899999999999999,0.1129999999999998,50.0,50.0,True,50.0,50.0,True,CBraMod,6000.0,2.0,True
Cho2017,18,53,4x,0.0,0.61,0.69,0.5960000000000001,0.0799999999999999,0.0939999999999998,50.0,50.0,True,50.0,50.0,True,CBraMod,12000.0,4.0,True
Cho2017,18,71,1x,0.0,0.5800000000000001,0.6000000000000001,0.5700000000000001,0.02,0.03,50.0,50.0,True,50.0,50.0,True,CBraMod,3000.0,1.0,True
Cho2017,18,71,2x,0.0,0.61,0.6599999999999999,0.5959999999999999,0.0499999999999999,0.064,50.0,50.0,True,50.0,50.0,True,CBraMod,6000.0,2.0,True
Cho2017,18,71,4x,0.0,0.58,0.63,0.561,0.05,0.0689999999999999,50.0,50.0,True,50.0,50.0,True,CBraMod,12000.0,4.0,True
Cho2017,19,11,1x,1.0,0.53,0.62,0.534,0.0899999999999999,0.0859999999999999,50.0,50.0,True,50.0,50.0,True,CBraMod,3000.0,1.0,True
Cho2017,19,11,2x,1.0,0.48,0.54,0.539,0.06,0.001,50.0,50.0,True,50.0,50.0,True,CBraMod,6000.0,2.0,True
Cho2017,19,11,4x,1.0,0.53,0.54,0.507,0.01,0.033,50.0,50.0,True,50.0,50.0,True,CBraMod,12000.0,4.0,True
Cho2017,19,23,1x,1.0,0.48,0.5,0.5210000000000001,0.02,-0.0210000000000001,50.0,50.0,True,50.0,50.0,True,CBraMod,3000.0,1.0,True
Cho2017,19,23,2x,1.0,0.4399999999999999,0.51,0.503,0.07,0.007,50.0,50.0,True,50.0,50.0,True,CBraMod,6000.0,2.0,True
Cho2017,19,23,4x,1.0,0.52,0.55,0.515,0.03,0.035,50.0,50.0,True,50.0,50.0,True,CBraMod,12000.0,4.0,True
Cho2017,19,37,1x,,,,,,,,,,,,,,,,False
Cho2017,19,37,2x,,,,,,,,,,,,,,,,False
Cho2017,19,37,4x,,,,,,,,,,,,,,,,False
Cho2017,19,53,1x,1.0,0.5700000000000001,0.55,0.533,-0.02,0.017,50.0,50.0,True,50.0,50.0,True,CBraMod,3000.0,1.0,True
Cho2017,19,53,2x,1.0,0.5700000000000001,0.49,0.518,-0.08,-0.028,50.0,50.0,True,50.0,50.0,True,CBraMod,6000.0,2.0,True
Cho2017,19,53,4x,1.0,0.53,0.55,0.5439999999999999,0.02,0.0060000000000001,50.0,50.0,True,50.0,50.0,True,CBraMod,12000.0,4.0,True
Cho2017,19,71,1x,1.0,0.49,0.52,0.517,0.03,0.003,50.0,50.0,True,50.0,50.0,True,CBraMod,3500.0,1.0,True
Cho2017,19,71,2x,1.0,0.56,0.54,0.5519999999999999,-0.02,-0.0119999999999999,50.0,50.0,True,50.0,50.0,True,CBraMod,7000.0,2.0,True
Cho2017,19,71,4x,1.0,0.52,0.54,0.5130000000000001,0.02,0.0269999999999999,50.0,50.0,True,50.0,50.0,True,CBraMod,14000.0,4.0,True
Cho2017,20,11,1x,2.0,0.6799999999999999,0.6799999999999999,0.641,0.0,0.0389999999999999,50.0,50.0,True,50.0,50.0,True,CBraMod,5250.0,1.0,True
Cho2017,20,11,2x,2.0,0.5700000000000001,0.71,0.588,0.1399999999999999,0.122,50.0,50.0,True,50.0,50.0,True,CBraMod,10500.0,2.0,True
Cho2017,20,11,4x,2.0,0.5800000000000001,0.6699999999999999,0.614,0.0899999999999998,0.0559999999999999,50.0,50.0,True,50.0,50.0,True,CBraMod,21000.0,4.0,True
Cho2017,20,23,1x,2.0,0.63,0.6799999999999999,0.545,0.0499999999999999,0.1349999999999999,50.0,50.0,True,50.0,50.0,True,CBraMod,3250.0,1.0,True
Cho2017,20,23,2x,2.0,0.53,0.71,0.576,0.1799999999999999,0.134,50.0,50.0,True,50.0,50.0,True,CBraMod,6500.0,2.0,True
Cho2017,20,23,4x,2.0,0.64,0.69,0.603,0.0499999999999999,0.0869999999999999,50.0,50.0,True,50.0,50.0,True,CBraMod,13000.0,4.0,True
Cho2017,20,37,1x,2.0,0.5700000000000001,0.64,0.5650000000000002,0.0699999999999999,0.0749999999999998,50.0,50.0,True,50.0,50.0,True,CBraMod,3000.0,1.0,True
Cho2017,20,37,2x,2.0,0.52,0.7,0.5999999999999999,0.1799999999999999,0.1,50.0,50.0,True,50.0,50.0,True,CBraMod,6000.0,2.0,True
Cho2017,20,37,4x,2.0,0.5,0.65,0.59,0.15,0.06,50.0,50.0,True,50.0,50.0,True,CBraMod,12000.0,4.0,True
Cho2017,20,53,1x,2.0,0.6,0.73,0.5660000000000001,0.13,0.1639999999999999,50.0,50.0,True,50.0,50.0,True,CBraMod,4000.0,1.0,True
Cho2017,20,53,2x,2.0,0.5800000000000001,0.73,0.5820000000000001,0.1499999999999999,0.1479999999999999,50.0,50.0,True,50.0,50.0,True,CBraMod,8000.0,2.0,True
Cho2017,20,53,4x,2.0,0.61,0.6599999999999999,0.5549999999999999,0.0499999999999999,0.1049999999999999,50.0,50.0,True,50.0,50.0,True,CBraMod,16000.0,4.0,True
Cho2017,20,71,1x,2.0,0.6499999999999999,0.78,0.5780000000000001,0.1300000000000001,0.2019999999999999,50.0,50.0,True,50.0,50.0,True,CBraMod,3500.0,1.0,True
Cho2017,20,71,2x,2.0,0.54,0.66,0.583,0.12,0.077,50.0,50.0,True,50.0,50.0,True,CBraMod,7000.0,2.0,True
Cho2017,20,71,4x,2.0,0.63,0.6699999999999999,0.598,0.0399999999999999,0.0719999999999999,50.0,50.0,True,50.0,50.0,True,CBraMod,14000.0,4.0,True
Cho2017,21,11,1x,3.0,0.53,0.6599999999999999,0.546,0.1299999999999999,0.1139999999999998,50.0,50.0,True,50.0,50.0,True,CBraMod,3000.0,1.0,True
Cho2017,21,11,2x,3.0,0.6,0.7,0.557,0.0999999999999999,0.1429999999999999,50.0,50.0,True,50.0,50.0,True,CBraMod,6000.0,2.0,True
Cho2017,21,11,4x,3.0,0.6,0.6,0.5770000000000001,0.0,0.0229999999999999,50.0,50.0,True,50.0,50.0,True,CBraMod,12000.0,4.0,True
Cho2017,21,23,1x,3.0,0.49,0.6599999999999999,0.517,0.1699999999999999,0.1429999999999999,50.0,50.0,True,50.0,50.0,True,CBraMod,3000.0,1.0,True
Cho2017,21,23,2x,3.0,0.53,0.54,0.5469999999999999,0.01,-0.0069999999999998,50.0,50.0,True,50.0,50.0,True,CBraMod,6000.0,2.0,True
Cho2017,21,23,4x,3.0,0.55,0.56,0.569,0.01,-0.0089999999999998,50.0,50.0,True,50.0,50.0,True,CBraMod,12000.0,4.0,True
Cho2017,21,37,1x,3.0,0.52,0.6499999999999999,0.5569999999999999,0.1299999999999999,0.0929999999999999,50.0,50.0,True,50.0,50.0,True,CBraMod,3000.0,1.0,True
Cho2017,21,37,2x,3.0,0.63,0.61,0.5870000000000001,-0.02,0.0229999999999999,50.0,50.0,True,50.0,50.0,True,CBraMod,6000.0,2.0,True
Cho2017,21,37,4x,3.0,0.5700000000000001,0.5800000000000001,0.6140000000000001,0.01,-0.034,50.0,50.0,True,50.0,50.0,True,CBraMod,12000.0,4.0,True
Cho2017,21,53,1x,3.0,0.59,0.59,0.5680000000000001,0.0,0.0219999999999999,50.0,50.0,True,50.0,50.0,True,CBraMod,3750.0,1.0,True
Cho2017,21,53,2x,3.0,0.63,0.64,0.54,0.01,0.0999999999999999,50.0,50.0,True,50.0,50.0,True,CBraMod,7500.0,2.0,True
Cho2017,21,53,4x,3.0,0.71,0.6,0.568,-0.1099999999999999,0.032,50.0,50.0,True,50.0,50.0,True,CBraMod,15000.0,4.0,True
Cho2017,21,71,1x,3.0,0.5800000000000001,0.54,0.5890000000000001,-0.04,-0.049,50.0,50.0,True,50.0,50.0,True,CBraMod,3250.0,1.0,True
Cho2017,21,71,2x,3.0,0.58,0.54,0.593,-0.0399999999999999,-0.0529999999999999,50.0,50.0,True,50.0,50.0,True,CBraMod,6500.0,2.0,True
Cho2017,21,71,4x,3.0,0.58,0.71,0.5770000000000001,0.13,0.1329999999999999,50.0,50.0,True,50.0,50.0,True,CBraMod,13000.0,4.0,True
Cho2017,22,11,1x,0.0,0.63,0.6,0.6280000000000001,-0.03,-0.0280000000000001,50.0,50.0,True,50.0,50.0,True,CBraMod,3000.0,1.0,True
Cho2017,22,11,2x,0.0,0.6699999999999999,0.62,0.635,-0.0499999999999999,-0.015,50.0,50.0,True,50.0,50.0,True,CBraMod,6000.0,2.0,True
Cho2017,22,11,4x,0.0,0.61,0.6200000000000001,0.617,0.0100000000000001,0.0030000000000001,50.0,50.0,True,50.0,50.0,True,CBraMod,12000.0,4.0,True
Cho2017,22,23,1x,0.0,0.5800000000000001,0.7,0.5549999999999999,0.1199999999999998,0.145,50.0,50.0,True,50.0,50.0,True,CBraMod,3500.0,1.0,True
Cho2017,22,23,2x,0.0,0.6699999999999999,0.69,0.579,0.02,0.1109999999999999,50.0,50.0,True,50.0,50.0,True,CBraMod,7000.0,2.0,True
Cho2017,22,23,4x,0.0,0.75,0.66,0.553,-0.0899999999999999,0.1069999999999999,50.0,50.0,True,50.0,50.0,True,CBraMod,14000.0,4.0,True
Cho2017,22,37,1x,0.0,0.56,0.64,0.5519999999999999,0.0799999999999999,0.088,50.0,50.0,True,50.0,50.0,True,CBraMod,3000.0,1.0,True
Cho2017,22,37,2x,0.0,0.6599999999999999,0.63,0.627,-0.0299999999999999,0.003,50.0,50.0,True,50.0,50.0,True,CBraMod,6000.0,2.0,True
Cho2017,22,37,4x,0.0,0.6,0.69,0.638,0.0899999999999999,0.0519999999999999,50.0,50.0,True,50.0,50.0,True,CBraMod,12000.0,4.0,True
Cho2017,22,53,1x,0.0,0.6,0.69,0.5660000000000001,0.0899999999999999,0.1239999999999998,50.0,50.0,True,50.0,50.0,True,CBraMod,3000.0,1.0,True
Cho2017,22,53,2x,0.0,0.64,0.6100000000000001,0.5539999999999999,-0.0299999999999999,0.0560000000000001,50.0,50.0,True,50.0,50.0,True,CBraMod,6000.0,2.0,True
Cho2017,22,53,4x,0.0,0.66,0.67,0.5650000000000001,0.01,0.1049999999999999,50.0,50.0,True,50.0,50.0,True,CBraMod,12000.0,4.0,True
Cho2017,22,71,1x,0.0,0.5900000000000001,0.5700000000000001,0.554,-0.02,0.016,50.0,50.0,True,50.0,50.0,True,CBraMod,3000.0,1.0,True
Cho2017,22,71,2x,0.0,0.63,0.65,0.5660000000000001,0.02,0.0839999999999999,50.0,50.0,True,50.0,50.0,True,CBraMod,6000.0,2.0,True
Cho2017,22,71,4x,0.0,0.6799999999999999,0.65,0.587,-0.0299999999999999,0.063,50.0,50.0,True,50.0,50.0,True,CBraMod,12000.0,4.0,True
Cho2017,23,11,1x,1.0,0.56,0.6599999999999999,0.559,0.0999999999999998,0.1009999999999998,50.0,50.0,True,50.0,50.0,True,CBraMod,3000.0,1.0,True
Cho2017,23,11,2x,1.0,0.56,0.6599999999999999,0.611,0.0999999999999998,0.0489999999999999,50.0,50.0,True,50.0,50.0,True,CBraMod,6000.0,2.0,True
Cho2017,23,11,4x,1.0,0.65,0.71,0.611,0.0599999999999999,0.0989999999999999,50.0,50.0,True,50.0,50.0,True,CBraMod,12000.0,4.0,True
Cho2017,23,23,1x,1.0,0.63,0.64,0.619,0.01,0.021,50.0,50.0,True,50.0,50.0,True,CBraMod,3000.0,1.0,True
Cho2017,23,23,2x,1.0,0.62,0.6000000000000001,0.568,-0.0199999999999999,0.0320000000000001,50.0,50.0,True,50.0,50.0,True,CBraMod,6000.0,2.0,True
Cho2017,23,23,4x,1.0,0.66,0.7,0.603,0.0399999999999999,0.0969999999999999,50.0,50.0,True,50.0,50.0,True,CBraMod,12000.0,4.0,True
Cho2017,23,37,1x,,,,,,,,,,,,,,,,False
Cho2017,23,37,2x,,,,,,,,,,,,,,,,False
Cho2017,23,37,4x,,,,,,,,,,,,,,,,False
Cho2017,23,53,1x,1.0,0.53,0.54,0.5330000000000001,0.01,0.0069999999999998,50.0,50.0,True,50.0,50.0,True,CBraMod,3000.0,1.0,True
Cho2017,23,53,2x,1.0,0.6799999999999999,0.69,0.5269999999999999,0.01,0.163,50.0,50.0,True,50.0,50.0,True,CBraMod,6000.0,2.0,True
Cho2017,23,53,4x,1.0,0.6,0.7,0.6209999999999999,0.0999999999999999,0.079,50.0,50.0,True,50.0,50.0,True,CBraMod,12000.0,4.0,True
Cho2017,23,71,1x,1.0,0.53,0.64,0.503,0.1099999999999999,0.137,50.0,50.0,True,50.0,50.0,True,CBraMod,3500.0,1.0,True
Cho2017,23,71,2x,1.0,0.6000000000000001,0.5700000000000001,0.609,-0.03,-0.0389999999999999,50.0,50.0,True,50.0,50.0,True,CBraMod,7000.0,2.0,True
Cho2017,23,71,4x,1.0,0.69,0.7,0.6689999999999999,0.01,0.031,50.0,50.0,True,50.0,50.0,True,CBraMod,14000.0,4.0,True
Cho2017,24,11,1x,0.0,0.49,0.6,0.524,0.1099999999999999,0.0759999999999999,50.0,50.0,True,50.0,50.0,True,CBraMod,3000.0,1.0,True
Cho2017,24,11,2x,0.0,0.5,0.64,0.5609999999999999,0.14,0.079,50.0,50.0,True,50.0,50.0,True,CBraMod,6000.0,2.0,True
Cho2017,24,11,4x,0.0,0.64,0.6,0.5600000000000002,-0.04,0.0399999999999998,50.0,50.0,True,50.0,50.0,True,CBraMod,12000.0,4.0,True
Cho2017,24,23,1x,0.0,0.63,0.65,0.5429999999999999,0.02,0.1070000000000001,50.0,50.0,True,50.0,50.0,True,CBraMod,3500.0,1.0,True
Cho2017,24,23,2x,0.0,0.53,0.62,0.553,0.0899999999999999,0.0669999999999999,50.0,50.0,True,50.0,50.0,True,CBraMod,7000.0,2.0,True
Cho2017,24,23,4x,0.0,0.56,0.6,0.5740000000000001,0.0399999999999999,0.0259999999999999,50.0,50.0,True,50.0,50.0,True,CBraMod,14000.0,4.0,True
Cho2017,24,37,1x,0.0,0.52,0.5800000000000001,0.5479999999999999,0.06,0.0320000000000001,50.0,50.0,True,50.0,50.0,True,CBraMod,3000.0,1.0,True
Cho2017,24,37,2x,0.0,0.53,0.6200000000000001,0.571,0.09,0.0490000000000001,50.0,50.0,True,50.0,50.0,True,CBraMod,6000.0,2.0,True
Cho2017,24,37,4x,0.0,0.59,0.6200000000000001,0.577,0.0300000000000001,0.0430000000000001,50.0,50.0,True,50.0,50.0,True,CBraMod,12000.0,4.0,True
Cho2017,24,53,1x,0.0,0.48,0.62,0.546,0.14,0.0739999999999999,50.0,50.0,True,50.0,50.0,True,CBraMod,3000.0,1.0,True
Cho2017,24,53,2x,0.0,0.52,0.7,0.524,0.1799999999999999,0.1759999999999999,50.0,50.0,True,50.0,50.0,True,CBraMod,6000.0,2.0,True
Cho2017,24,53,4x,0.0,0.59,0.48,0.542,-0.1099999999999999,-0.062,50.0,50.0,True,50.0,50.0,True,CBraMod,12000.0,4.0,True
Cho2017,24,71,1x,0.0,0.52,0.5900000000000001,0.5210000000000001,0.07,0.0689999999999999,50.0,50.0,True,50.0,50.0,True,CBraMod,3000.0,1.0,True
Cho2017,24,71,2x,0.0,0.54,0.51,0.5200000000000001,-0.03,-0.0100000000000001,50.0,50.0,True,50.0,50.0,True,CBraMod,6000.0,2.0,True
Cho2017,24,71,4x,0.0,0.56,0.63,0.538,0.0699999999999999,0.0919999999999999,50.0,50.0,True,50.0,50.0,True,CBraMod,12000.0,4.0,True
Cho2017,25,11,1x,0.0,0.52,0.56,0.575,0.04,-0.0149999999999999,50.0,50.0,True,50.0,50.0,True,CBraMod,3000.0,1.0,True
Cho2017,25,11,2x,0.0,0.51,0.53,0.5720000000000001,0.02,-0.042,50.0,50.0,True,50.0,50.0,True,CBraMod,6000.0,2.0,True
Cho2017,25,11,4x,0.0,0.6000000000000001,0.6,0.5770000000000001,-1.1102230246251563e-16,0.0229999999999999,50.0,50.0,True,50.0,50.0,True,CBraMod,12000.0,4.0,True
Cho2017,25,23,1x,0.0,0.55,0.51,0.5570000000000002,-0.04,-0.0470000000000001,50.0,50.0,True,50.0,50.0,True,CBraMod,3500.0,1.0,True
Cho2017,25,23,2x,0.0,0.5700000000000001,0.62,0.5800000000000001,0.0499999999999999,0.0399999999999999,50.0,50.0,True,50.0,50.0,True,CBraMod,7000.0,2.0,True
Cho2017,25,23,4x,0.0,0.6100000000000001,0.56,0.587,-0.05,-0.0269999999999999,50.0,50.0,True,50.0,50.0,True,CBraMod,14000.0,4.0,True
Cho2017,25,37,1x,0.0,0.51,0.6100000000000001,0.56,0.1,0.05,50.0,50.0,True,50.0,50.0,True,CBraMod,3000.0,1.0,True
Cho2017,25,37,2x,0.0,0.6,0.62,0.5919999999999999,0.02,0.0280000000000001,50.0,50.0,True,50.0,50.0,True,CBraMod,6000.0,2.0,True
Cho2017,25,37,4x,0.0,0.63,0.62,0.611,-0.01,0.009,50.0,50.0,True,50.0,50.0,True,CBraMod,12000.0,4.0,True
Cho2017,25,53,1x,0.0,0.5900000000000001,0.62,0.5569999999999999,0.0299999999999999,0.063,50.0,50.0,True,50.0,50.0,True,CBraMod,3000.0,1.0,True
Cho2017,25,53,2x,0.0,0.63,0.5900000000000001,0.539,-0.0399999999999999,0.051,50.0,50.0,True,50.0,50.0,True,CBraMod,6000.0,2.0,True
Cho2017,25,53,4x,0.0,0.5800000000000001,0.62,0.595,0.0399999999999999,0.025,50.0,50.0,True,50.0,50.0,True,CBraMod,12000.0,4.0,True
Cho2017,25,71,1x,0.0,0.57,0.56,0.6080000000000001,-0.0099999999999998,-0.048,50.0,50.0,True,50.0,50.0,True,CBraMod,3000.0,1.0,True
Cho2017,25,71,2x,0.0,0.61,0.53,0.585,-0.0799999999999999,-0.0549999999999999,50.0,50.0,True,50.0,50.0,True,CBraMod,6000.0,2.0,True
Cho2017,25,71,4x,0.0,0.6599999999999999,0.6699999999999999,0.592,0.01,0.0779999999999999,50.0,50.0,True,50.0,50.0,True,CBraMod,12000.0,4.0,True
Cho2017,26,11,1x,4.0,0.98,0.99,0.986,0.01,0.004,50.0,50.0,True,50.0,50.0,True,CBraMod,3000.0,1.0,True
Cho2017,26,11,2x,4.0,0.98,0.99,0.982,0.01,0.008,50.0,50.0,True,50.0,50.0,True,CBraMod,6000.0,2.0,True
Cho2017,26,11,4x,4.0,0.98,0.99,0.986,0.01,0.004,50.0,50.0,True,50.0,50.0,True,CBraMod,12000.0,4.0,True
Cho2017,26,23,1x,4.0,1.0,1.0,0.998,0.0,0.002,50.0,50.0,True,50.0,50.0,True,CBraMod,3500.0,1.0,True
Cho2017,26,23,2x,4.0,1.0,1.0,0.998,0.0,0.002,50.0,50.0,True,50.0,50.0,True,CBraMod,7000.0,2.0,True
Cho2017,26,23,4x,4.0,1.0,1.0,0.997,0.0,0.0030000000000001,50.0,50.0,True,50.0,50.0,True,CBraMod,14000.0,4.0,True
Cho2017,26,37,1x,4.0,1.0,1.0,1.0,0.0,0.0,50.0,50.0,True,50.0,50.0,True,CBraMod,3000.0,1.0,True
Cho2017,26,37,2x,4.0,0.99,0.99,0.977,0.0,0.013,50.0,50.0,True,50.0,50.0,True,CBraMod,6000.0,2.0,True
Cho2017,26,37,4x,4.0,0.98,1.0,0.971,0.02,0.0290000000000001,50.0,50.0,True,50.0,50.0,True,CBraMod,12000.0,4.0,True
Cho2017,26,53,1x,4.0,0.99,1.0,0.99,0.01,0.01,50.0,50.0,True,50.0,50.0,True,CBraMod,3000.0,1.0,True
Cho2017,26,53,2x,4.0,0.99,0.99,0.983,0.0,0.007,50.0,50.0,True,50.0,50.0,True,CBraMod,6000.0,2.0,True
Cho2017,26,53,4x,4.0,0.99,0.99,0.993,0.0,-0.003,50.0,50.0,True,50.0,50.0,True,CBraMod,12000.0,4.0,True
Cho2017,26,71,1x,4.0,0.99,1.0,0.986,0.01,0.014,50.0,50.0,True,50.0,50.0,True,CBraMod,3250.0,1.0,True
Cho2017,26,71,2x,4.0,0.98,1.0,0.892,0.02,0.1079999999999999,50.0,50.0,True,50.0,50.0,True,CBraMod,6500.0,2.0,True
Cho2017,26,71,4x,4.0,0.99,1.0,0.95,0.01,0.05,50.0,50.0,True,50.0,50.0,True,CBraMod,13000.0,4.0,True
Cho2017,27,11,1x,3.0,0.53,0.51,0.514,-0.02,-0.004,50.0,50.0,True,50.0,50.0,True,CBraMod,3000.0,1.0,True
Cho2017,27,11,2x,3.0,0.55,0.6,0.5520000000000002,0.0499999999999999,0.0479999999999998,50.0,50.0,True,50.0,50.0,True,CBraMod,6000.0,2.0,True
Cho2017,27,11,4x,3.0,0.5700000000000001,0.63,0.5549999999999999,0.0599999999999999,0.075,50.0,50.0,True,50.0,50.0,True,CBraMod,12000.0,4.0,True
Cho2017,27,23,1x,3.0,0.54,0.53,0.5199999999999999,-0.01,0.0100000000000001,50.0,50.0,True,50.0,50.0,True,CBraMod,3000.0,1.0,True
Cho2017,27,23,2x,3.0,0.59,0.61,0.599,0.02,0.011,50.0,50.0,True,50.0,50.0,True,CBraMod,6000.0,2.0,True
Cho2017,27,23,4x,3.0,0.6,0.5700000000000001,0.5680000000000001,-0.0299999999999999,0.002,50.0,50.0,True,50.0,50.0,True,CBraMod,12000.0,4.0,True
Cho2017,27,37,1x,3.0,0.71,0.56,0.615,-0.1499999999999999,-0.0549999999999999,50.0,50.0,True,50.0,50.0,True,CBraMod,3000.0,1.0,True
Cho2017,27,37,2x,3.0,0.5800000000000001,0.55,0.542,-0.03,0.008,50.0,50.0,True,50.0,50.0,True,CBraMod,6000.0,2.0,True
Cho2017,27,37,4x,3.0,0.59,0.5700000000000001,0.5630000000000001,-0.0199999999999999,0.007,50.0,50.0,True,50.0,50.0,True,CBraMod,12000.0,4.0,True
Cho2017,27,53,1x,3.0,0.61,0.6,0.616,-0.01,-0.016,50.0,50.0,True,50.0,50.0,True,CBraMod,3750.0,1.0,True
Cho2017,27,53,2x,3.0,0.5599999999999999,0.52,0.5710000000000001,-0.0399999999999999,-0.051,50.0,50.0,True,50.0,50.0,True,CBraMod,7500.0,2.0,True
Cho2017,27,53,4x,3.0,0.55,0.62,0.563,0.0699999999999999,0.057,50.0,50.0,True,50.0,50.0,True,CBraMod,15000.0,4.0,True
Cho2017,27,71,1x,3.0,0.6,0.5900000000000001,0.626,-0.0099999999999998,-0.0359999999999999,50.0,50.0,True,50.0,50.0,True,CBraMod,3250.0,1.0,True
Cho2017,27,71,2x,3.0,0.61,0.56,0.581,-0.0499999999999999,-0.0209999999999999,50.0,50.0,True,50.0,50.0,True,CBraMod,6500.0,2.0,True
Cho2017,27,71,4x,3.0,0.61,0.61,0.571,0.0,0.039,50.0,50.0,True,50.0,50.0,True,CBraMod,13000.0,4.0,True
Cho2017,28,11,1x,2.0,0.6100000000000001,0.86,0.613,0.2499999999999999,0.247,50.0,50.0,True,50.0,50.0,True,CBraMod,5250.0,1.0,True
Cho2017,28,11,2x,2.0,0.73,0.93,0.6699999999999998,0.1999999999999999,0.2600000000000001,50.0,50.0,True,50.0,50.0,True,CBraMod,10500.0,2.0,True
Cho2017,28,11,4x,2.0,0.69,0.87,0.626,0.18,0.244,50.0,50.0,True,50.0,50.0,True,CBraMod,21000.0,4.0,True
Cho2017,28,23,1x,2.0,0.53,0.87,0.5469999999999999,0.3399999999999999,0.323,50.0,50.0,True,50.0,50.0,True,CBraMod,3250.0,1.0,True
Cho2017,28,23,2x,2.0,0.59,0.8899999999999999,0.642,0.2999999999999999,0.2479999999999999,50.0,50.0,True,50.0,50.0,True,CBraMod,6500.0,2.0,True
Cho2017,28,23,4x,2.0,0.56,0.94,0.613,0.3799999999999999,0.3269999999999999,50.0,50.0,True,50.0,50.0,True,CBraMod,13000.0,4.0,True
Cho2017,28,37,1x,2.0,0.62,0.74,0.581,0.12,0.159,50.0,50.0,True,50.0,50.0,True,CBraMod,3000.0,1.0,True
Cho2017,28,37,2x,2.0,0.75,0.88,0.6499999999999999,0.13,0.2300000000000001,50.0,50.0,True,50.0,50.0,True,CBraMod,6000.0,2.0,True
Cho2017,28,37,4x,2.0,0.67,0.91,0.637,0.24,0.273,50.0,50.0,True,50.0,50.0,True,CBraMod,12000.0,4.0,True
Cho2017,28,53,1x,2.0,0.64,0.89,0.584,0.25,0.306,50.0,50.0,True,50.0,50.0,True,CBraMod,4000.0,1.0,True
Cho2017,28,53,2x,2.0,0.6499999999999999,0.8500000000000001,0.5730000000000001,0.2000000000000001,0.277,50.0,50.0,True,50.0,50.0,True,CBraMod,8000.0,2.0,True
Cho2017,28,53,4x,2.0,0.66,0.92,0.5970000000000001,0.2599999999999999,0.3229999999999998,50.0,50.0,True,50.0,50.0,True,CBraMod,16000.0,4.0,True
Cho2017,28,71,1x,2.0,0.59,0.8899999999999999,0.573,0.2999999999999999,0.3169999999999999,50.0,50.0,True,50.0,50.0,True,CBraMod,3500.0,1.0,True
Cho2017,28,71,2x,2.0,0.6699999999999999,0.8200000000000001,0.6220000000000001,0.1500000000000001,0.1979999999999999,50.0,50.0,True,50.0,50.0,True,CBraMod,7000.0,2.0,True
Cho2017,28,71,4x,2.0,0.69,0.8999999999999999,0.664,0.2099999999999999,0.2359999999999998,50.0,50.0,True,50.0,50.0,True,CBraMod,14000.0,4.0,True
Cho2017,29,11,1x,0.0,0.51,0.5,0.466,-0.01,0.0339999999999999,50.0,50.0,True,50.0,50.0,True,CBraMod,3000.0,1.0,True
Cho2017,29,11,2x,0.0,0.55,0.55,0.492,0.0,0.058,50.0,50.0,True,50.0,50.0,True,CBraMod,6000.0,2.0,True
Cho2017,29,11,4x,0.0,0.49,0.55,0.489,0.06,0.061,50.0,50.0,True,50.0,50.0,True,CBraMod,12000.0,4.0,True
Cho2017,29,23,1x,0.0,0.46,0.59,0.5000000000000001,0.1299999999999999,0.0899999999999998,50.0,50.0,True,50.0,50.0,True,CBraMod,3500.0,1.0,True
Cho2017,29,23,2x,0.0,0.51,0.55,0.493,0.04,0.057,50.0,50.0,True,50.0,50.0,True,CBraMod,7000.0,2.0,True
Cho2017,29,23,4x,0.0,0.5,0.62,0.488,0.12,0.132,50.0,50.0,True,50.0,50.0,True,CBraMod,14000.0,4.0,True
Cho2017,29,37,1x,0.0,0.49,0.54,0.4640000000000001,0.05,0.0759999999999999,50.0,50.0,True,50.0,50.0,True,CBraMod,3000.0,1.0,True
Cho2017,29,37,2x,0.0,0.52,0.4499999999999999,0.473,-0.07,-0.023,50.0,50.0,True,50.0,50.0,True,CBraMod,6000.0,2.0,True
Cho2017,29,37,4x,0.0,0.5700000000000001,0.48,0.475,-0.09,0.005,50.0,50.0,True,50.0,50.0,True,CBraMod,12000.0,4.0,True
Cho2017,29,53,1x,0.0,0.44,0.44,0.45,0.0,-0.01,50.0,50.0,True,50.0,50.0,True,CBraMod,3000.0,1.0,True
Cho2017,29,53,2x,0.0,0.52,0.56,0.4629999999999999,0.04,0.0970000000000001,50.0,50.0,True,50.0,50.0,True,CBraMod,6000.0,2.0,True
Cho2017,29,53,4x,0.0,0.5,0.5800000000000001,0.496,0.08,0.084,50.0,50.0,True,50.0,50.0,True,CBraMod,12000.0,4.0,True
Cho2017,29,71,1x,0.0,0.48,0.55,0.458,0.07,0.092,50.0,50.0,True,50.0,50.0,True,CBraMod,3000.0,1.0,True
Cho2017,29,71,2x,0.0,0.56,0.45,0.492,-0.11,-0.0419999999999999,50.0,50.0,True,50.0,50.0,True,CBraMod,6000.0,2.0,True
Cho2017,29,71,4x,0.0,0.53,0.5,0.475,-0.03,0.025,50.0,50.0,True,50.0,50.0,True,CBraMod,12000.0,4.0,True
Cho2017,30,11,1x,2.0,0.69,0.71,0.663,0.02,0.0469999999999999,50.0,50.0,True,50.0,50.0,True,CBraMod,5250.0,1.0,True
Cho2017,30,11,2x,2.0,0.6799999999999999,0.78,0.6639999999999999,0.1,0.1160000000000001,50.0,50.0,True,50.0,50.0,True,CBraMod,10500.0,2.0,True
Cho2017,30,11,4x,2.0,0.72,0.8,0.6580000000000001,0.08,0.1419999999999999,50.0,50.0,True,50.0,50.0,True,CBraMod,21000.0,4.0,True
Cho2017,30,23,1x,2.0,0.72,0.77,0.665,0.05,0.1049999999999999,50.0,50.0,True,50.0,50.0,True,CBraMod,3250.0,1.0,True
Cho2017,30,23,2x,2.0,0.74,0.7,0.695,-0.04,0.005,50.0,50.0,True,50.0,50.0,True,CBraMod,6500.0,2.0,True
Cho2017,30,23,4x,2.0,0.67,0.75,0.636,0.0799999999999999,0.1139999999999999,50.0,50.0,True,50.0,50.0,True,CBraMod,13000.0,4.0,True
Cho2017,30,37,1x,2.0,0.7,0.71,0.659,0.01,0.0509999999999999,50.0,50.0,True,50.0,50.0,True,CBraMod,3000.0,1.0,True
Cho2017,30,37,2x,2.0,0.6,0.76,0.6389999999999999,0.16,0.1210000000000001,50.0,50.0,True,50.0,50.0,True,CBraMod,6000.0,2.0,True
Cho2017,30,37,4x,2.0,0.56,0.81,0.6739999999999999,0.25,0.1360000000000001,50.0,50.0,True,50.0,50.0,True,CBraMod,12000.0,4.0,True
Cho2017,30,53,1x,2.0,0.75,0.76,0.6130000000000001,0.01,0.1469999999999999,50.0,50.0,True,50.0,50.0,True,CBraMod,4000.0,1.0,True
Cho2017,30,53,2x,2.0,0.74,0.77,0.682,0.03,0.0879999999999999,50.0,50.0,True,50.0,50.0,True,CBraMod,8000.0,2.0,True
Cho2017,30,53,4x,2.0,0.74,0.74,0.6679999999999999,0.0,0.072,50.0,50.0,True,50.0,50.0,True,CBraMod,16000.0,4.0,True
Cho2017,30,71,1x,2.0,0.72,0.75,0.623,0.03,0.127,50.0,50.0,True,50.0,50.0,True,CBraMod,3500.0,1.0,True
Cho2017,30,71,2x,2.0,0.8,0.74,0.6969999999999998,-0.06,0.0430000000000001,50.0,50.0,True,50.0,50.0,True,CBraMod,7000.0,2.0,True
Cho2017,30,71,4x,2.0,0.76,0.75,0.6970000000000001,-0.01,0.0529999999999999,50.0,50.0,True,50.0,50.0,True,CBraMod,14000.0,4.0,True
Cho2017,31,11,1x,2.0,0.6,0.6799999999999999,0.536,0.0799999999999999,0.1439999999999999,50.0,50.0,True,50.0,50.0,True,CBraMod,5250.0,1.0,True
Cho2017,31,11,2x,2.0,0.5599999999999999,0.63,0.553,0.07,0.0769999999999999,50.0,50.0,True,50.0,50.0,True,CBraMod,10500.0,2.0,True
Cho2017,31,11,4x,2.0,0.55,0.64,0.5000000000000001,0.0899999999999999,0.1399999999999999,50.0,50.0,True,50.0,50.0,True,CBraMod,21000.0,4.0,True
Cho2017,31,23,1x,2.0,0.65,0.64,0.5379999999999999,-0.01,0.102,50.0,50.0,True,50.0,50.0,True,CBraMod,3250.0,1.0,True
Cho2017,31,23,2x,2.0,0.59,0.66,0.565,0.07,0.095,50.0,50.0,True,50.0,50.0,True,CBraMod,6500.0,2.0,True
Cho2017,31,23,4x,2.0,0.66,0.71,0.6020000000000001,0.0499999999999999,0.1079999999999998,50.0,50.0,True,50.0,50.0,True,CBraMod,13000.0,4.0,True
Cho2017,31,37,1x,2.0,0.52,0.56,0.505,0.04,0.055,50.0,50.0,True,50.0,50.0,True,CBraMod,3000.0,1.0,True
Cho2017,31,37,2x,2.0,0.53,0.69,0.544,0.1599999999999999,0.1459999999999999,50.0,50.0,True,50.0,50.0,True,CBraMod,6000.0,2.0,True
Cho2017,31,37,4x,2.0,0.53,0.65,0.532,0.12,0.118,50.0,50.0,True,50.0,50.0,True,CBraMod,12000.0,4.0,True
Cho2017,31,53,1x,2.0,0.55,0.6599999999999999,0.4840000000000001,0.1099999999999998,0.1759999999999998,50.0,50.0,True,50.0,50.0,True,CBraMod,4000.0,1.0,True
Cho2017,31,53,2x,2.0,0.57,0.6699999999999999,0.54,0.0999999999999999,0.1299999999999999,50.0,50.0,True,50.0,50.0,True,CBraMod,8000.0,2.0,True
Cho2017,31,53,4x,2.0,0.61,0.6599999999999999,0.5309999999999999,0.0499999999999999,0.129,50.0,50.0,True,50.0,50.0,True,CBraMod,16000.0,4.0,True
Cho2017,31,71,1x,2.0,0.58,0.66,0.524,0.08,0.136,50.0,50.0,True,50.0,50.0,True,CBraMod,3500.0,1.0,True
Cho2017,31,71,2x,2.0,0.57,0.68,0.549,0.1100000000000001,0.131,50.0,50.0,True,50.0,50.0,True,CBraMod,7000.0,2.0,True
Cho2017,31,71,4x,2.0,0.54,0.6499999999999999,0.522,0.1099999999999998,0.1279999999999999,50.0,50.0,True,50.0,50.0,True,CBraMod,14000.0,4.0,True
Cho2017,32,11,1x,3.0,0.56,0.53,0.551,-0.03,-0.021,50.0,50.0,True,50.0,50.0,True,CBraMod,3000.0,1.0,True
Cho2017,32,11,2x,3.0,0.59,0.52,0.552,-0.0699999999999999,-0.032,50.0,50.0,True,50.0,50.0,True,CBraMod,6000.0,2.0,True
Cho2017,32,11,4x,3.0,0.5800000000000001,0.65,0.5840000000000001,0.0699999999999999,0.0659999999999999,50.0,50.0,True,50.0,50.0,True,CBraMod,12000.0,4.0,True
Cho2017,32,23,1x,3.0,0.48,0.5900000000000001,0.533,0.1100000000000001,0.057,50.0,50.0,True,50.0,50.0,True,CBraMod,3000.0,1.0,True
Cho2017,32,23,2x,3.0,0.51,0.56,0.5440000000000002,0.05,0.0159999999999999,50.0,50.0,True,50.0,50.0,True,CBraMod,6000.0,2.0,True
Cho2017,32,23,4x,3.0,0.53,0.56,0.587,0.03,-0.0269999999999999,50.0,50.0,True,50.0,50.0,True,CBraMod,12000.0,4.0,True
Cho2017,32,37,1x,3.0,0.57,0.5800000000000001,0.552,0.0100000000000001,0.028,50.0,50.0,True,50.0,50.0,True,CBraMod,3000.0,1.0,True
Cho2017,32,37,2x,3.0,0.5700000000000001,0.5700000000000001,0.534,0.0,0.036,50.0,50.0,True,50.0,50.0,True,CBraMod,6000.0,2.0,True
Cho2017,32,37,4x,3.0,0.69,0.69,0.575,0.0,0.1149999999999999,50.0,50.0,True,50.0,50.0,True,CBraMod,12000.0,4.0,True
Cho2017,32,53,1x,3.0,0.55,0.5700000000000001,0.548,0.02,0.022,50.0,50.0,True,50.0,50.0,True,CBraMod,3750.0,1.0,True
Cho2017,32,53,2x,3.0,0.53,0.56,0.5549999999999999,0.03,0.0050000000000001,50.0,50.0,True,50.0,50.0,True,CBraMod,7500.0,2.0,True
Cho2017,32,53,4x,3.0,0.63,0.61,0.581,-0.02,0.029,50.0,50.0,True,50.0,50.0,True,CBraMod,15000.0,4.0,True
Cho2017,32,71,1x,3.0,0.6000000000000001,0.55,0.5830000000000002,-0.05,-0.0330000000000001,50.0,50.0,True,50.0,50.0,True,CBraMod,3250.0,1.0,True
Cho2017,32,71,2x,3.0,0.58,0.64,0.5630000000000001,0.06,0.0769999999999999,50.0,50.0,True,50.0,50.0,True,CBraMod,6500.0,2.0,True
Cho2017,32,71,4x,3.0,0.53,0.61,0.585,0.0799999999999999,0.025,50.0,50.0,True,50.0,50.0,True,CBraMod,13000.0,4.0,True
Cho2017,33,11,1x,4.0,0.54,0.4599999999999999,0.542,-0.08,-0.082,50.0,50.0,True,50.0,50.0,True,CBraMod,3000.0,1.0,True
Cho2017,33,11,2x,4.0,0.54,0.55,0.542,0.01,0.008,50.0,50.0,True,50.0,50.0,True,CBraMod,6000.0,2.0,True
Cho2017,33,11,4x,4.0,0.56,0.53,0.5730000000000001,-0.03,-0.043,50.0,50.0,True,50.0,50.0,True,CBraMod,12000.0,4.0,True
Cho2017,33,23,1x,4.0,0.5800000000000001,0.55,0.545,-0.03,0.005,50.0,50.0,True,50.0,50.0,True,CBraMod,3500.0,1.0,True
Cho2017,33,23,2x,4.0,0.53,0.55,0.52,0.02,0.03,50.0,50.0,True,50.0,50.0,True,CBraMod,7000.0,2.0,True
Cho2017,33,23,4x,4.0,0.5700000000000001,0.56,0.5509999999999999,-0.01,0.0090000000000001,50.0,50.0,True,50.0,50.0,True,CBraMod,14000.0,4.0,True
Cho2017,33,37,1x,4.0,0.58,0.52,0.564,-0.0599999999999999,-0.0439999999999999,50.0,50.0,True,50.0,50.0,True,CBraMod,3000.0,1.0,True
Cho2017,33,37,2x,4.0,0.54,0.5700000000000001,0.5130000000000001,0.03,0.0569999999999999,50.0,50.0,True,50.0,50.0,True,CBraMod,6000.0,2.0,True
Cho2017,33,37,4x,4.0,0.62,0.5800000000000001,0.548,-0.0399999999999999,0.032,50.0,50.0,True,50.0,50.0,True,CBraMod,12000.0,4.0,True
Cho2017,33,53,1x,4.0,0.61,0.56,0.569,-0.0499999999999999,-0.0089999999999998,50.0,50.0,True,50.0,50.0,True,CBraMod,3000.0,1.0,True
Cho2017,33,53,2x,4.0,0.6499999999999999,0.49,0.5599999999999999,-0.1599999999999999,-0.0699999999999999,50.0,50.0,True,50.0,50.0,True,CBraMod,6000.0,2.0,True
Cho2017,33,53,4x,4.0,0.5900000000000001,0.51,0.5630000000000001,-0.08,-0.053,50.0,50.0,True,50.0,50.0,True,CBraMod,12000.0,4.0,True
Cho2017,33,71,1x,4.0,0.54,0.48,0.506,-0.06,-0.026,50.0,50.0,True,50.0,50.0,True,CBraMod,3250.0,1.0,True
Cho2017,33,71,2x,4.0,0.56,0.47,0.535,-0.09,-0.065,50.0,50.0,True,50.0,50.0,True,CBraMod,6500.0,2.0,True
Cho2017,33,71,4x,4.0,0.6,0.49,0.533,-0.1099999999999999,-0.043,50.0,50.0,True,50.0,50.0,True,CBraMod,13000.0,4.0,True
Cho2017,34,11,1x,4.0,0.5700000000000001,0.55,0.522,-0.02,0.028,50.0,50.0,True,50.0,50.0,True,CBraMod,3000.0,1.0,True
Cho2017,34,11,2x,4.0,0.52,0.5800000000000001,0.5160000000000001,0.06,0.0639999999999999,50.0,50.0,True,50.0,50.0,True,CBraMod,6000.0,2.0,True
Cho2017,34,11,4x,4.0,0.55,0.5900000000000001,0.5820000000000001,0.04,0.008,50.0,50.0,True,50.0,50.0,True,CBraMod,12000.0,4.0,True
Cho2017,34,23,1x,4.0,0.5800000000000001,0.5800000000000001,0.5660000000000001,0.0,0.014,50.0,50.0,True,50.0,50.0,True,CBraMod,3500.0,1.0,True
Cho2017,34,23,2x,4.0,0.51,0.51,0.534,0.0,-0.024,50.0,50.0,True,50.0,50.0,True,CBraMod,7000.0,2.0,True
Cho2017,34,23,4x,4.0,0.54,0.56,0.586,0.02,-0.0259999999999999,50.0,50.0,True,50.0,50.0,True,CBraMod,14000.0,4.0,True
Cho2017,34,37,1x,4.0,0.52,0.52,0.5269999999999999,0.0,-0.0069999999999998,50.0,50.0,True,50.0,50.0,True,CBraMod,3000.0,1.0,True
Cho2017,34,37,2x,4.0,0.55,0.53,0.5589999999999999,-0.02,-0.0289999999999999,50.0,50.0,True,50.0,50.0,True,CBraMod,6000.0,2.0,True
Cho2017,34,37,4x,4.0,0.52,0.6000000000000001,0.536,0.08,0.064,50.0,50.0,True,50.0,50.0,True,CBraMod,12000.0,4.0,True
Cho2017,34,53,1x,4.0,0.51,0.52,0.5670000000000001,0.01,-0.047,50.0,50.0,True,50.0,50.0,True,CBraMod,3000.0,1.0,True
Cho2017,34,53,2x,4.0,0.5800000000000001,0.64,0.534,0.0599999999999999,0.1059999999999999,50.0,50.0,True,50.0,50.0,True,CBraMod,6000.0,2.0,True
Cho2017,34,53,4x,4.0,0.58,0.5700000000000001,0.5469999999999999,-0.0099999999999998,0.0230000000000001,50.0,50.0,True,50.0,50.0,True,CBraMod,12000.0,4.0,True
Cho2017,34,71,1x,4.0,0.57,0.55,0.55,-0.0199999999999999,0.0,50.0,50.0,True,50.0,50.0,True,CBraMod,3250.0,1.0,True
Cho2017,34,71,2x,4.0,0.5700000000000001,0.55,0.548,-0.02,0.002,50.0,50.0,True,50.0,50.0,True,CBraMod,6500.0,2.0,True
Cho2017,34,71,4x,4.0,0.57,0.52,0.555,-0.0499999999999999,-0.035,50.0,50.0,True,50.0,50.0,True,CBraMod,13000.0,4.0,True
Cho2017,35,11,1x,2.0,0.52,0.88,0.4939999999999999,0.36,0.386,50.0,50.0,True,50.0,50.0,True,CBraMod,5250.0,1.0,True
Cho2017,35,11,2x,2.0,0.34,0.88,0.398,0.54,0.482,50.0,50.0,True,50.0,50.0,True,CBraMod,10500.0,2.0,True
Cho2017,35,11,4x,2.0,0.53,0.88,0.5530000000000002,0.35,0.3269999999999998,50.0,50.0,True,50.0,50.0,True,CBraMod,21000.0,4.0,True
Cho2017,35,23,1x,2.0,0.54,0.88,0.421,0.3399999999999999,0.459,50.0,50.0,True,50.0,50.0,True,CBraMod,3250.0,1.0,True
Cho2017,35,23,2x,2.0,0.33,0.89,0.325,0.56,0.565,50.0,50.0,True,50.0,50.0,True,CBraMod,6500.0,2.0,True
Cho2017,35,23,4x,2.0,0.63,0.89,0.45,0.26,0.4399999999999999,50.0,50.0,True,50.0,50.0,True,CBraMod,13000.0,4.0,True
Cho2017,35,37,1x,2.0,0.35,0.86,0.388,0.51,0.472,50.0,50.0,True,50.0,50.0,True,CBraMod,3000.0,1.0,True
Cho2017,35,37,2x,2.0,0.35,0.89,0.366,0.54,0.524,50.0,50.0,True,50.0,50.0,True,CBraMod,6000.0,2.0,True
Cho2017,35,37,4x,2.0,0.5,0.87,0.493,0.37,0.3769999999999999,50.0,50.0,True,50.0,50.0,True,CBraMod,12000.0,4.0,True
Cho2017,35,53,1x,2.0,0.4599999999999999,0.8999999999999999,0.469,0.4399999999999999,0.4309999999999999,50.0,50.0,True,50.0,50.0,True,CBraMod,4000.0,1.0,True
Cho2017,35,53,2x,2.0,0.53,0.85,0.439,0.3199999999999999,0.4109999999999999,50.0,50.0,True,50.0,50.0,True,CBraMod,8000.0,2.0,True
Cho2017,35,53,4x,2.0,0.37,0.88,0.444,0.51,0.4359999999999999,50.0,50.0,True,50.0,50.0,True,CBraMod,16000.0,4.0,True
Cho2017,35,71,1x,2.0,0.4499999999999999,0.87,0.39,0.42,0.48,50.0,50.0,True,50.0,50.0,True,CBraMod,3500.0,1.0,True
Cho2017,35,71,2x,2.0,0.29,0.83,0.365,0.54,0.4649999999999999,50.0,50.0,True,50.0,50.0,True,CBraMod,7000.0,2.0,True
Cho2017,35,71,4x,2.0,0.35,0.85,0.363,0.5,0.487,50.0,50.0,True,50.0,50.0,True,CBraMod,14000.0,4.0,True
Cho2017,36,11,1x,1.0,0.53,0.5800000000000001,0.5900000000000001,0.05,-0.01,50.0,50.0,True,50.0,50.0,True,CBraMod,3000.0,1.0,True
Cho2017,36,11,2x,1.0,0.56,0.67,0.605,0.1099999999999999,0.065,50.0,50.0,True,50.0,50.0,True,CBraMod,6000.0,2.0,True
Cho2017,36,11,4x,1.0,0.6000000000000001,0.6100000000000001,0.5800000000000001,0.01,0.03,50.0,50.0,True,50.0,50.0,True,CBraMod,12000.0,4.0,True
Cho2017,36,23,1x,1.0,0.54,0.61,0.558,0.0699999999999999,0.0519999999999999,50.0,50.0,True,50.0,50.0,True,CBraMod,3000.0,1.0,True
Cho2017,36,23,2x,1.0,0.63,0.58,0.5810000000000001,-0.05,-0.0010000000000001,50.0,50.0,True,50.0,50.0,True,CBraMod,6000.0,2.0,True
Cho2017,36,23,4x,1.0,0.5599999999999999,0.59,0.608,0.03,-0.018,50.0,50.0,True,50.0,50.0,True,CBraMod,12000.0,4.0,True
Cho2017,36,37,1x,,,,,,,,,,,,,,,,False
Cho2017,36,37,2x,,,,,,,,,,,,,,,,False
Cho2017,36,37,4x,,,,,,,,,,,,,,,,False
Cho2017,36,53,1x,1.0,0.5,0.6,0.5370000000000001,0.0999999999999999,0.0629999999999998,50.0,50.0,True,50.0,50.0,True,CBraMod,3000.0,1.0,True
Cho2017,36,53,2x,1.0,0.6,0.52,0.5740000000000001,-0.0799999999999999,-0.054,50.0,50.0,True,50.0,50.0,True,CBraMod,6000.0,2.0,True
Cho2017,36,53,4x,1.0,0.6000000000000001,0.5700000000000001,0.613,-0.03,-0.0429999999999999,50.0,50.0,True,50.0,50.0,True,CBraMod,12000.0,4.0,True
Cho2017,36,71,1x,1.0,0.56,0.52,0.5609999999999999,-0.04,-0.0409999999999999,50.0,50.0,True,50.0,50.0,True,CBraMod,3500.0,1.0,True
Cho2017,36,71,2x,1.0,0.5900000000000001,0.56,0.5870000000000001,-0.03,-0.027,50.0,50.0,True,50.0,50.0,True,CBraMod,7000.0,2.0,True
Cho2017,36,71,4x,1.0,0.5900000000000001,0.52,0.5970000000000001,-0.07,-0.077,50.0,50.0,True,50.0,50.0,True,CBraMod,14000.0,4.0,True
Cho2017,37,11,1x,3.0,0.88,0.86,0.8300000000000001,-0.02,0.0299999999999999,50.0,50.0,True,50.0,50.0,True,CBraMod,3000.0,1.0,True
Cho2017,37,11,2x,3.0,0.85,0.85,0.8829999999999998,0.0,-0.0329999999999998,50.0,50.0,True,50.0,50.0,True,CBraMod,6000.0,2.0,True
Cho2017,37,11,4x,3.0,0.87,0.8600000000000001,0.8819999999999999,-0.0099999999999998,-0.0219999999999997,50.0,50.0,True,50.0,50.0,True,CBraMod,12000.0,4.0,True
Cho2017,37,23,1x,3.0,0.86,0.87,0.873,0.01,-0.003,50.0,50.0,True,50.0,50.0,True,CBraMod,3000.0,1.0,True
Cho2017,37,23,2x,3.0,0.8500000000000001,0.8600000000000001,0.8549999999999999,0.01,0.0050000000000002,50.0,50.0,True,50.0,50.0,True,CBraMod,6000.0,2.0,True
Cho2017,37,23,4x,3.0,0.8400000000000001,0.87,0.834,0.0299999999999999,0.036,50.0,50.0,True,50.0,50.0,True,CBraMod,12000.0,4.0,True
Cho2017,37,37,1x,3.0,0.9,0.89,0.889,-0.01,0.001,50.0,50.0,True,50.0,50.0,True,CBraMod,3000.0,1.0,True
Cho2017,37,37,2x,3.0,0.89,0.88,0.876,-0.01,0.004,50.0,50.0,True,50.0,50.0,True,CBraMod,6000.0,2.0,True
Cho2017,37,37,4x,3.0,0.87,0.8200000000000001,0.865,-0.0499999999999999,-0.0449999999999999,50.0,50.0,True,50.0,50.0,True,CBraMod,12000.0,4.0,True
Cho2017,37,53,1x,3.0,0.89,0.89,0.8859999999999999,0.0,0.0040000000000001,50.0,50.0,True,50.0,50.0,True,CBraMod,3750.0,1.0,True
Cho2017,37,53,2x,3.0,0.8799999999999999,0.8899999999999999,0.89,0.01,-1.1102230246251563e-16,50.0,50.0,True,50.0,50.0,True,CBraMod,7500.0,2.0,True
Cho2017,37,53,4x,3.0,0.8799999999999999,0.88,0.8869999999999999,1.1102230246251563e-16,-0.0069999999999998,50.0,50.0,True,50.0,50.0,True,CBraMod,15000.0,4.0,True
Cho2017,37,71,1x,3.0,0.87,0.89,0.882,0.02,0.008,50.0,50.0,True,50.0,50.0,True,CBraMod,3250.0,1.0,True
Cho2017,37,71,2x,3.0,0.87,0.85,0.859,-0.02,-0.009,50.0,50.0,True,50.0,50.0,True,CBraMod,6500.0,2.0,True
Cho2017,37,71,4x,3.0,0.87,0.87,0.8640000000000001,0.0,0.0059999999999998,50.0,50.0,True,50.0,50.0,True,CBraMod,13000.0,4.0,True
Cho2017,38,11,1x,3.0,0.53,0.63,0.562,0.0999999999999999,0.0679999999999999,50.0,50.0,True,50.0,50.0,True,CBraMod,3000.0,1.0,True
Cho2017,38,11,2x,3.0,0.55,0.59,0.5820000000000001,0.0399999999999999,0.0079999999999998,50.0,50.0,True,50.0,50.0,True,CBraMod,6000.0,2.0,True
Cho2017,38,11,4x,3.0,0.5700000000000001,0.6000000000000001,0.571,0.03,0.0290000000000001,50.0,50.0,True,50.0,50.0,True,CBraMod,12000.0,4.0,True
Cho2017,38,23,1x,3.0,0.62,0.58,0.5599999999999999,-0.04,0.02,50.0,50.0,True,50.0,50.0,True,CBraMod,3000.0,1.0,True
Cho2017,38,23,2x,3.0,0.6000000000000001,0.6599999999999999,0.612,0.0599999999999998,0.0479999999999999,50.0,50.0,True,50.0,50.0,True,CBraMod,6000.0,2.0,True
Cho2017,38,23,4x,3.0,0.5900000000000001,0.5700000000000001,0.591,-0.02,-0.0209999999999999,50.0,50.0,True,50.0,50.0,True,CBraMod,12000.0,4.0,True
Cho2017,38,37,1x,3.0,0.65,0.56,0.5850000000000001,-0.0899999999999999,-0.025,50.0,50.0,True,50.0,50.0,True,CBraMod,3000.0,1.0,True
Cho2017,38,37,2x,3.0,0.6399999999999999,0.61,0.547,-0.0299999999999999,0.0629999999999999,50.0,50.0,True,50.0,50.0,True,CBraMod,6000.0,2.0,True
Cho2017,38,37,4x,3.0,0.61,0.69,0.548,0.0799999999999999,0.1419999999999999,50.0,50.0,True,50.0,50.0,True,CBraMod,12000.0,4.0,True
Cho2017,38,53,1x,3.0,0.59,0.5900000000000001,0.5800000000000001,1.1102230246251563e-16,0.01,50.0,50.0,True,50.0,50.0,True,CBraMod,3750.0,1.0,True
Cho2017,38,53,2x,3.0,0.6000000000000001,0.62,0.588,0.0199999999999999,0.032,50.0,50.0,True,50.0,50.0,True,CBraMod,7500.0,2.0,True
Cho2017,38,53,4x,3.0,0.63,0.6499999999999999,0.603,0.0199999999999999,0.0469999999999999,50.0,50.0,True,50.0,50.0,True,CBraMod,15000.0,4.0,True
Cho2017,38,71,1x,3.0,0.5700000000000001,0.56,0.546,-0.01,0.014,50.0,50.0,True,50.0,50.0,True,CBraMod,3250.0,1.0,True
Cho2017,38,71,2x,3.0,0.53,0.5700000000000001,0.5350000000000001,0.04,0.0349999999999999,50.0,50.0,True,50.0,50.0,True,CBraMod,6500.0,2.0,True
Cho2017,38,71,4x,3.0,0.62,0.65,0.544,0.03,0.1059999999999999,50.0,50.0,True,50.0,50.0,True,CBraMod,13000.0,4.0,True
Cho2017,39,11,1x,2.0,0.6000000000000001,0.6,0.5519999999999999,-1.1102230246251563e-16,0.048,50.0,50.0,True,50.0,50.0,True,CBraMod,5250.0,1.0,True
Cho2017,39,11,2x,2.0,0.5800000000000001,0.5800000000000001,0.5479999999999999,0.0,0.0320000000000001,50.0,50.0,True,50.0,50.0,True,CBraMod,10500.0,2.0,True
Cho2017,39,11,4x,2.0,0.54,0.5900000000000001,0.543,0.05,0.047,50.0,50.0,True,50.0,50.0,True,CBraMod,21000.0,4.0,True
Cho2017,39,23,1x,2.0,0.47,0.52,0.551,0.05,-0.031,50.0,50.0,True,50.0,50.0,True,CBraMod,3250.0,1.0,True
Cho2017,39,23,2x,2.0,0.52,0.5700000000000001,0.53,0.05,0.04,50.0,50.0,True,50.0,50.0,True,CBraMod,6500.0,2.0,True
Cho2017,39,23,4x,2.0,0.54,0.5700000000000001,0.54,0.03,0.03,50.0,50.0,True,50.0,50.0,True,CBraMod,13000.0,4.0,True
Cho2017,39,37,1x,2.0,0.54,0.5900000000000001,0.537,0.05,0.053,50.0,50.0,True,50.0,50.0,True,CBraMod,3000.0,1.0,True
Cho2017,39,37,2x,2.0,0.55,0.55,0.553,0.0,-0.003,50.0,50.0,True,50.0,50.0,True,CBraMod,6000.0,2.0,True
Cho2017,39,37,4x,2.0,0.51,0.56,0.539,0.05,0.021,50.0,50.0,True,50.0,50.0,True,CBraMod,12000.0,4.0,True
Cho2017,39,53,1x,2.0,0.53,0.56,0.551,0.03,0.009,50.0,50.0,True,50.0,50.0,True,CBraMod,4000.0,1.0,True
Cho2017,39,53,2x,2.0,0.62,0.56,0.5589999999999999,-0.0599999999999999,0.0010000000000001,50.0,50.0,True,50.0,50.0,True,CBraMod,8000.0,2.0,True
Cho2017,39,53,4x,2.0,0.5900000000000001,0.56,0.553,-0.03,0.007,50.0,50.0,True,50.0,50.0,True,CBraMod,16000.0,4.0,True
Cho2017,39,71,1x,2.0,0.5,0.61,0.5319999999999999,0.1099999999999999,0.078,50.0,50.0,True,50.0,50.0,True,CBraMod,3500.0,1.0,True
Cho2017,39,71,2x,2.0,0.49,0.55,0.5029999999999999,0.06,0.0470000000000001,50.0,50.0,True,50.0,50.0,True,CBraMod,7000.0,2.0,True
Cho2017,39,71,4x,2.0,0.53,0.5700000000000001,0.5280000000000001,0.04,0.0419999999999999,50.0,50.0,True,50.0,50.0,True,CBraMod,14000.0,4.0,True
Cho2017,40,11,1x,1.0,0.48,0.52,0.52,0.04,0.0,50.0,50.0,True,50.0,50.0,True,CBraMod,3000.0,1.0,True
Cho2017,40,11,2x,1.0,0.44,0.51,0.508,0.07,0.002,50.0,50.0,True,50.0,50.0,True,CBraMod,6000.0,2.0,True
Cho2017,40,11,4x,1.0,0.51,0.47,0.511,-0.04,-0.041,50.0,50.0,True,50.0,50.0,True,CBraMod,12000.0,4.0,True
Cho2017,40,23,1x,1.0,0.59,0.55,0.5730000000000001,-0.0399999999999999,-0.023,50.0,50.0,True,50.0,50.0,True,CBraMod,3000.0,1.0,True
Cho2017,40,23,2x,1.0,0.49,0.51,0.475,0.02,0.035,50.0,50.0,True,50.0,50.0,True,CBraMod,6000.0,2.0,True
Cho2017,40,23,4x,1.0,0.51,0.54,0.5000000000000001,0.03,0.0399999999999999,50.0,50.0,True,50.0,50.0,True,CBraMod,12000.0,4.0,True
Cho2017,40,37,1x,,,,,,,,,,,,,,,,False
Cho2017,40,37,2x,,,,,,,,,,,,,,,,False
Cho2017,40,37,4x,,,,,,,,,,,,,,,,False
Cho2017,40,53,1x,1.0,0.53,0.52,0.5,-0.01,0.02,50.0,50.0,True,50.0,50.0,True,CBraMod,3000.0,1.0,True
Cho2017,40,53,2x,1.0,0.4499999999999999,0.66,0.511,0.21,0.149,50.0,50.0,True,50.0,50.0,True,CBraMod,6000.0,2.0,True
Cho2017,40,53,4x,1.0,0.53,0.51,0.521,-0.02,-0.011,50.0,50.0,True,50.0,50.0,True,CBraMod,12000.0,4.0,True
Cho2017,40,71,1x,1.0,0.42,0.55,0.4600000000000001,0.13,0.0899999999999999,50.0,50.0,True,50.0,50.0,True,CBraMod,3500.0,1.0,True
Cho2017,40,71,2x,1.0,0.48,0.49,0.485,0.01,0.0049999999999999,50.0,50.0,True,50.0,50.0,True,CBraMod,7000.0,2.0,True
Cho2017,40,71,4x,1.0,0.55,0.52,0.5,-0.03,0.02,50.0,50.0,True,50.0,50.0,True,CBraMod,14000.0,4.0,True
Cho2017,41,11,1x,1.0,0.7,0.75,0.5599999999999999,0.05,0.19,50.0,50.0,True,50.0,50.0,True,CBraMod,3000.0,1.0,True
Cho2017,41,11,2x,1.0,0.73,0.8,0.6880000000000001,0.07,0.1119999999999999,50.0,50.0,True,50.0,50.0,True,CBraMod,6000.0,2.0,True
Cho2017,41,11,4x,1.0,0.6699999999999999,0.8200000000000001,0.645,0.1500000000000001,0.175,50.0,50.0,True,50.0,50.0,True,CBraMod,12000.0,4.0,True
Cho2017,41,23,1x,1.0,0.65,0.6599999999999999,0.6290000000000001,0.0099999999999998,0.0309999999999998,50.0,50.0,True,50.0,50.0,True,CBraMod,3000.0,1.0,True
Cho2017,41,23,2x,1.0,0.6499999999999999,0.77,0.5890000000000001,0.1200000000000001,0.1809999999999999,50.0,50.0,True,50.0,50.0,True,CBraMod,6000.0,2.0,True
Cho2017,41,23,4x,1.0,0.74,0.79,0.6529999999999999,0.05,0.1370000000000001,50.0,50.0,True,50.0,50.0,True,CBraMod,12000.0,4.0,True
Cho2017,41,37,1x,,,,,,,,,,,,,,,,False
Cho2017,41,37,2x,,,,,,,,,,,,,,,,False
Cho2017,41,37,4x,,,,,,,,,,,,,,,,False
Cho2017,41,53,1x,1.0,0.64,0.64,0.6030000000000001,0.0,0.0369999999999999,50.0,50.0,True,50.0,50.0,True,CBraMod,3000.0,1.0,True
Cho2017,41,53,2x,1.0,0.65,0.6799999999999999,0.6379999999999999,0.0299999999999999,0.042,50.0,50.0,True,50.0,50.0,True,CBraMod,6000.0,2.0,True
Cho2017,41,53,4x,1.0,0.64,0.8,0.5700000000000001,0.16,0.2299999999999999,50.0,50.0,True,50.0,50.0,True,CBraMod,12000.0,4.0,True
Cho2017,41,71,1x,1.0,0.5800000000000001,0.72,0.6050000000000001,0.1399999999999999,0.1149999999999998,50.0,50.0,True,50.0,50.0,True,CBraMod,3500.0,1.0,True
Cho2017,41,71,2x,1.0,0.64,0.74,0.607,0.0999999999999999,0.133,50.0,50.0,True,50.0,50.0,True,CBraMod,7000.0,2.0,True
Cho2017,41,71,4x,1.0,0.65,0.75,0.642,0.0999999999999999,0.1079999999999999,50.0,50.0,True,50.0,50.0,True,CBraMod,14000.0,4.0,True
Cho2017,42,11,1x,4.0,0.56,0.48,0.5450000000000002,-0.08,-0.0650000000000001,50.0,50.0,True,50.0,50.0,True,CBraMod,3000.0,1.0,True
Cho2017,42,11,2x,4.0,0.5700000000000001,0.54,0.5740000000000001,-0.03,-0.034,50.0,50.0,True,50.0,50.0,True,CBraMod,6000.0,2.0,True
Cho2017,42,11,4x,4.0,0.65,0.54,0.5790000000000001,-0.1099999999999999,-0.039,50.0,50.0,True,50.0,50.0,True,CBraMod,12000.0,4.0,True
Cho2017,42,23,1x,4.0,0.55,0.53,0.5379999999999999,-0.02,-0.0079999999999998,50.0,50.0,True,50.0,50.0,True,CBraMod,3500.0,1.0,True
Cho2017,42,23,2x,4.0,0.55,0.5800000000000001,0.5599999999999999,0.03,0.0200000000000001,50.0,50.0,True,50.0,50.0,True,CBraMod,7000.0,2.0,True
Cho2017,42,23,4x,4.0,0.51,0.5800000000000001,0.5770000000000001,0.07,0.003,50.0,50.0,True,50.0,50.0,True,CBraMod,14000.0,4.0,True
Cho2017,42,37,1x,4.0,0.54,0.48,0.5239999999999999,-0.06,-0.0439999999999999,50.0,50.0,True,50.0,50.0,True,CBraMod,3000.0,1.0,True
Cho2017,42,37,2x,4.0,0.56,0.47,0.5630000000000001,-0.09,-0.093,50.0,50.0,True,50.0,50.0,True,CBraMod,6000.0,2.0,True
Cho2017,42,37,4x,4.0,0.6,0.56,0.5519999999999999,-0.0399999999999999,0.0080000000000001,50.0,50.0,True,50.0,50.0,True,CBraMod,12000.0,4.0,True
Cho2017,42,53,1x,4.0,0.55,0.54,0.553,-0.01,-0.013,50.0,50.0,True,50.0,50.0,True,CBraMod,3000.0,1.0,True
Cho2017,42,53,2x,4.0,0.61,0.53,0.53,-0.0799999999999999,0.0,50.0,50.0,True,50.0,50.0,True,CBraMod,6000.0,2.0,True
Cho2017,42,53,4x,4.0,0.51,0.43,0.5349999999999999,-0.08,-0.1049999999999999,50.0,50.0,True,50.0,50.0,True,CBraMod,12000.0,4.0,True
Cho2017,42,71,1x,4.0,0.56,0.52,0.5599999999999999,-0.04,-0.0399999999999999,50.0,50.0,True,50.0,50.0,True,CBraMod,3250.0,1.0,True
Cho2017,42,71,2x,4.0,0.5,0.53,0.5290000000000001,0.03,0.0009999999999998,50.0,50.0,True,50.0,50.0,True,CBraMod,6500.0,2.0,True
Cho2017,42,71,4x,4.0,0.59,0.54,0.5189999999999999,-0.0499999999999999,0.0210000000000001,50.0,50.0,True,50.0,50.0,True,CBraMod,13000.0,4.0,True
Cho2017,43,11,1x,1.0,1.0,1.0,1.0,0.0,0.0,50.0,50.0,True,50.0,50.0,True,CBraMod,3000.0,1.0,True
Cho2017,43,11,2x,1.0,1.0,1.0,1.0,0.0,0.0,50.0,50.0,True,50.0,50.0,True,CBraMod,6000.0,2.0,True
Cho2017,43,11,4x,1.0,1.0,1.0,1.0,0.0,0.0,50.0,50.0,True,50.0,50.0,True,CBraMod,12000.0,4.0,True
Cho2017,43,23,1x,1.0,1.0,1.0,1.0,0.0,0.0,50.0,50.0,True,50.0,50.0,True,CBraMod,3000.0,1.0,True
Cho2017,43,23,2x,1.0,1.0,1.0,1.0,0.0,0.0,50.0,50.0,True,50.0,50.0,True,CBraMod,6000.0,2.0,True
Cho2017,43,23,4x,1.0,1.0,1.0,1.0,0.0,0.0,50.0,50.0,True,50.0,50.0,True,CBraMod,12000.0,4.0,True
Cho2017,43,37,1x,,,,,,,,,,,,,,,,False
Cho2017,43,37,2x,,,,,,,,,,,,,,,,False
Cho2017,43,37,4x,,,,,,,,,,,,,,,,False
Cho2017,43,53,1x,1.0,1.0,1.0,1.0,0.0,0.0,50.0,50.0,True,50.0,50.0,True,CBraMod,3000.0,1.0,True
Cho2017,43,53,2x,1.0,1.0,1.0,1.0,0.0,0.0,50.0,50.0,True,50.0,50.0,True,CBraMod,6000.0,2.0,True
Cho2017,43,53,4x,1.0,1.0,1.0,0.995,0.0,0.0050000000000001,50.0,50.0,True,50.0,50.0,True,CBraMod,12000.0,4.0,True
Cho2017,43,71,1x,1.0,1.0,1.0,1.0,0.0,0.0,50.0,50.0,True,50.0,50.0,True,CBraMod,3500.0,1.0,True
Cho2017,43,71,2x,1.0,1.0,1.0,1.0,0.0,0.0,50.0,50.0,True,50.0,50.0,True,CBraMod,7000.0,2.0,True
Cho2017,43,71,4x,1.0,1.0,1.0,1.0,0.0,0.0,50.0,50.0,True,50.0,50.0,True,CBraMod,14000.0,4.0,True
Cho2017,44,11,1x,4.0,0.94,0.96,0.906,0.02,0.0539999999999999,50.0,50.0,True,50.0,50.0,True,CBraMod,3000.0,1.0,True
Cho2017,44,11,2x,4.0,0.95,0.95,0.9009999999999998,0.0,0.0490000000000001,50.0,50.0,True,50.0,50.0,True,CBraMod,6000.0,2.0,True
Cho2017,44,11,4x,4.0,0.86,0.96,0.898,0.0999999999999999,0.0619999999999999,50.0,50.0,True,50.0,50.0,True,CBraMod,12000.0,4.0,True
Cho2017,44,23,1x,4.0,0.95,0.97,0.92,0.02,0.05,50.0,50.0,True,50.0,50.0,True,CBraMod,3500.0,1.0,True
Cho2017,44,23,2x,4.0,0.96,0.97,0.9399999999999998,0.01,0.0300000000000001,50.0,50.0,True,50.0,50.0,True,CBraMod,7000.0,2.0,True
Cho2017,44,23,4x,4.0,0.95,0.95,0.942,0.0,0.008,50.0,50.0,True,50.0,50.0,True,CBraMod,14000.0,4.0,True
Cho2017,44,37,1x,4.0,0.93,0.97,0.9510000000000002,0.04,0.0189999999999997,50.0,50.0,True,50.0,50.0,True,CBraMod,3000.0,1.0,True
Cho2017,44,37,2x,4.0,0.86,0.97,0.8460000000000001,0.1099999999999999,0.1239999999999998,50.0,50.0,True,50.0,50.0,True,CBraMod,6000.0,2.0,True
Cho2017,44,37,4x,4.0,0.92,0.95,0.8869999999999999,0.03,0.063,50.0,50.0,True,50.0,50.0,True,CBraMod,12000.0,4.0,True
Cho2017,44,53,1x,4.0,0.93,0.96,0.918,0.03,0.0419999999999998,50.0,50.0,True,50.0,50.0,True,CBraMod,3000.0,1.0,True
Cho2017,44,53,2x,4.0,0.95,0.96,0.8550000000000001,0.01,0.1049999999999998,50.0,50.0,True,50.0,50.0,True,CBraMod,6000.0,2.0,True
Cho2017,44,53,4x,4.0,0.94,0.93,0.929,-0.01,0.001,50.0,50.0,True,50.0,50.0,True,CBraMod,12000.0,4.0,True
Cho2017,44,71,1x,4.0,0.92,0.96,0.9149999999999998,0.04,0.0450000000000001,50.0,50.0,True,50.0,50.0,True,CBraMod,3250.0,1.0,True
Cho2017,44,71,2x,4.0,0.94,0.98,0.8480000000000001,0.04,0.1319999999999999,50.0,50.0,True,50.0,50.0,True,CBraMod,6500.0,2.0,True
Cho2017,44,71,4x,4.0,0.95,0.96,0.866,0.01,0.0939999999999999,50.0,50.0,True,50.0,50.0,True,CBraMod,13000.0,4.0,True
Cho2017,45,11,1x,4.0,0.5800000000000001,0.51,0.5720000000000001,-0.07,-0.062,50.0,50.0,True,50.0,50.0,True,CBraMod,3000.0,1.0,True
Cho2017,45,11,2x,4.0,0.54,0.5,0.542,-0.04,-0.042,50.0,50.0,True,50.0,50.0,True,CBraMod,6000.0,2.0,True
Cho2017,45,11,4x,4.0,0.54,0.5700000000000001,0.5459999999999999,0.03,0.0240000000000001,50.0,50.0,True,50.0,50.0,True,CBraMod,12000.0,4.0,True
Cho2017,45,23,1x,4.0,0.52,0.54,0.567,0.02,-0.0269999999999999,50.0,50.0,True,50.0,50.0,True,CBraMod,3500.0,1.0,True
Cho2017,45,23,2x,4.0,0.56,0.5700000000000001,0.5630000000000001,0.01,0.007,50.0,50.0,True,50.0,50.0,True,CBraMod,7000.0,2.0,True
Cho2017,45,23,4x,4.0,0.49,0.57,0.5190000000000001,0.0799999999999999,0.0509999999999998,50.0,50.0,True,50.0,50.0,True,CBraMod,14000.0,4.0,True
Cho2017,45,37,1x,4.0,0.48,0.52,0.513,0.04,0.007,50.0,50.0,True,50.0,50.0,True,CBraMod,3000.0,1.0,True
Cho2017,45,37,2x,4.0,0.53,0.49,0.5129999999999999,-0.04,-0.0229999999999999,50.0,50.0,True,50.0,50.0,True,CBraMod,6000.0,2.0,True
Cho2017,45,37,4x,4.0,0.54,0.54,0.5429999999999999,0.0,-0.0029999999999998,50.0,50.0,True,50.0,50.0,True,CBraMod,12000.0,4.0,True
Cho2017,45,53,1x,4.0,0.54,0.59,0.5,0.0499999999999999,0.0899999999999999,50.0,50.0,True,50.0,50.0,True,CBraMod,3000.0,1.0,True
Cho2017,45,53,2x,4.0,0.6,0.5700000000000001,0.5509999999999999,-0.0299999999999999,0.0190000000000001,50.0,50.0,True,50.0,50.0,True,CBraMod,6000.0,2.0,True
Cho2017,45,53,4x,4.0,0.49,0.5900000000000001,0.548,0.1,0.042,50.0,50.0,True,50.0,50.0,True,CBraMod,12000.0,4.0,True
Cho2017,45,71,1x,4.0,0.5,0.48,0.502,-0.02,-0.022,50.0,50.0,True,50.0,50.0,True,CBraMod,3250.0,1.0,True
Cho2017,45,71,2x,4.0,0.5,0.5,0.5189999999999999,0.0,-0.0189999999999999,50.0,50.0,True,50.0,50.0,True,CBraMod,6500.0,2.0,True
Cho2017,45,71,4x,4.0,0.5,0.54,0.5039999999999999,0.04,0.0360000000000001,50.0,50.0,True,50.0,50.0,True,CBraMod,13000.0,4.0,True
Cho2017,46,11,1x,0.0,0.55,0.6583333333333333,0.6083333333333333,0.1083333333333332,0.05,60.0,60.0,True,60.0,60.0,True,CBraMod,3000.0,1.0,True
Cho2017,46,11,2x,0.0,0.5833333333333334,0.7166666666666667,0.5666666666666667,0.1333333333333333,0.15,60.0,60.0,True,60.0,60.0,True,CBraMod,6000.0,2.0,True
Cho2017,46,11,4x,0.0,0.6083333333333334,0.7333333333333334,0.6191666666666665,0.125,0.1141666666666668,60.0,60.0,True,60.0,60.0,True,CBraMod,12000.0,4.0,True
Cho2017,46,23,1x,0.0,0.6,0.7083333333333333,0.6,0.1083333333333332,0.1083333333333332,60.0,60.0,True,60.0,60.0,True,CBraMod,3500.0,1.0,True
Cho2017,46,23,2x,0.0,0.6583333333333333,0.6916666666666667,0.6441666666666668,0.0333333333333333,0.0474999999999998,60.0,60.0,True,60.0,60.0,True,CBraMod,7000.0,2.0,True
Cho2017,46,23,4x,0.0,0.6166666666666667,0.6916666666666667,0.6325000000000001,0.0749999999999999,0.0591666666666665,60.0,60.0,True,60.0,60.0,True,CBraMod,14000.0,4.0,True
Cho2017,46,37,1x,0.0,0.4916666666666666,0.65,0.6041666666666666,0.1583333333333333,0.0458333333333333,60.0,60.0,True,60.0,60.0,True,CBraMod,3000.0,1.0,True
Cho2017,46,37,2x,0.0,0.625,0.675,0.5925,0.05,0.0825,60.0,60.0,True,60.0,60.0,True,CBraMod,6000.0,2.0,True
Cho2017,46,37,4x,0.0,0.5499999999999999,0.7083333333333333,0.5866666666666667,0.1583333333333333,0.1216666666666665,60.0,60.0,True,60.0,60.0,True,CBraMod,12000.0,4.0,True
Cho2017,46,53,1x,0.0,0.5416666666666667,0.675,0.6,0.1333333333333333,0.075,60.0,60.0,True,60.0,60.0,True,CBraMod,3000.0,1.0,True
Cho2017,46,53,2x,0.0,0.6083333333333334,0.7,0.6016666666666666,0.0916666666666665,0.0983333333333333,60.0,60.0,True,60.0,60.0,True,CBraMod,6000.0,2.0,True
Cho2017,46,53,4x,0.0,0.6166666666666667,0.725,0.6341666666666665,0.1083333333333332,0.0908333333333334,60.0,60.0,True,60.0,60.0,True,CBraMod,12000.0,4.0,True
Cho2017,46,71,1x,0.0,0.5833333333333334,0.6666666666666667,0.5508333333333334,0.0833333333333333,0.1158333333333333,60.0,60.0,True,60.0,60.0,True,CBraMod,3000.0,1.0,True
Cho2017,46,71,2x,0.0,0.6416666666666667,0.6916666666666667,0.58,0.0499999999999999,0.1116666666666666,60.0,60.0,True,60.0,60.0,True,CBraMod,6000.0,2.0,True
Cho2017,46,71,4x,0.0,0.6333333333333333,0.6416666666666667,0.5716666666666667,0.0083333333333334,0.07,60.0,60.0,True,60.0,60.0,True,CBraMod,12000.0,4.0,True
Cho2017,47,11,1x,3.0,0.8500000000000001,0.87,0.7939999999999999,0.0199999999999999,0.076,50.0,50.0,True,50.0,50.0,True,CBraMod,3000.0,1.0,True
Cho2017,47,11,2x,3.0,0.87,0.8899999999999999,0.8009999999999999,0.0199999999999999,0.0889999999999999,50.0,50.0,True,50.0,50.0,True,CBraMod,6000.0,2.0,True
Cho2017,47,11,4x,3.0,0.79,0.86,0.796,0.0699999999999999,0.0639999999999999,50.0,50.0,True,50.0,50.0,True,CBraMod,12000.0,4.0,True
Cho2017,47,23,1x,3.0,0.82,0.8500000000000001,0.7819999999999999,0.0300000000000001,0.0680000000000001,50.0,50.0,True,50.0,50.0,True,CBraMod,3000.0,1.0,True
Cho2017,47,23,2x,3.0,0.85,0.9,0.843,0.05,0.057,50.0,50.0,True,50.0,50.0,True,CBraMod,6000.0,2.0,True
Cho2017,47,23,4x,3.0,0.8200000000000001,0.8200000000000001,0.796,0.0,0.024,50.0,50.0,True,50.0,50.0,True,CBraMod,12000.0,4.0,True
Cho2017,47,37,1x,3.0,0.83,0.9,0.835,0.07,0.065,50.0,50.0,True,50.0,50.0,True,CBraMod,3000.0,1.0,True
Cho2017,47,37,2x,3.0,0.8400000000000001,0.8300000000000001,0.8000000000000002,-0.01,0.0299999999999999,50.0,50.0,True,50.0,50.0,True,CBraMod,6000.0,2.0,True
Cho2017,47,37,4x,3.0,0.8300000000000001,0.8500000000000001,0.7580000000000001,0.02,0.0919999999999999,50.0,50.0,True,50.0,50.0,True,CBraMod,12000.0,4.0,True
Cho2017,47,53,1x,3.0,0.8200000000000001,0.85,0.8170000000000002,0.0299999999999999,0.0329999999999998,50.0,50.0,True,50.0,50.0,True,CBraMod,3750.0,1.0,True
Cho2017,47,53,2x,3.0,0.88,0.8600000000000001,0.828,-0.0199999999999999,0.0320000000000001,50.0,50.0,True,50.0,50.0,True,CBraMod,7500.0,2.0,True
Cho2017,47,53,4x,3.0,0.89,0.86,0.852,-0.03,0.008,50.0,50.0,True,50.0,50.0,True,CBraMod,15000.0,4.0,True
Cho2017,47,71,1x,3.0,0.72,0.84,0.72,0.12,0.12,50.0,50.0,True,50.0,50.0,True,CBraMod,3250.0,1.0,True
Cho2017,47,71,2x,3.0,0.85,0.88,0.8300000000000001,0.03,0.0499999999999999,50.0,50.0,True,50.0,50.0,True,CBraMod,6500.0,2.0,True
Cho2017,47,71,4x,3.0,0.87,0.84,0.8350000000000002,-0.03,0.0049999999999997,50.0,50.0,True,50.0,50.0,True,CBraMod,13000.0,4.0,True
Cho2017,48,11,1x,4.0,0.67,0.6799999999999999,0.64,0.0099999999999998,0.0399999999999999,50.0,50.0,True,50.0,50.0,True,CBraMod,3000.0,1.0,True
Cho2017,48,11,2x,4.0,0.6799999999999999,0.69,0.621,0.01,0.0689999999999999,50.0,50.0,True,50.0,50.0,True,CBraMod,6000.0,2.0,True
Cho2017,48,11,4x,4.0,0.71,0.6799999999999999,0.667,-0.03,0.0129999999999999,50.0,50.0,True,50.0,50.0,True,CBraMod,12000.0,4.0,True
Cho2017,48,23,1x,4.0,0.66,0.75,0.6210000000000001,0.0899999999999999,0.1289999999999999,50.0,50.0,True,50.0,50.0,True,CBraMod,3500.0,1.0,True
Cho2017,48,23,2x,4.0,0.7,0.7,0.6809999999999999,0.0,0.019,50.0,50.0,True,50.0,50.0,True,CBraMod,7000.0,2.0,True
Cho2017,48,23,4x,4.0,0.64,0.69,0.6679999999999999,0.0499999999999999,0.022,50.0,50.0,True,50.0,50.0,True,CBraMod,14000.0,4.0,True
Cho2017,48,37,1x,4.0,0.61,0.5900000000000001,0.544,-0.0199999999999999,0.046,50.0,50.0,True,50.0,50.0,True,CBraMod,3000.0,1.0,True
Cho2017,48,37,2x,4.0,0.72,0.77,0.688,0.05,0.082,50.0,50.0,True,50.0,50.0,True,CBraMod,6000.0,2.0,True
Cho2017,48,37,4x,4.0,0.75,0.69,0.657,-0.06,0.0329999999999999,50.0,50.0,True,50.0,50.0,True,CBraMod,12000.0,4.0,True
Cho2017,48,53,1x,4.0,0.72,0.71,0.673,-0.01,0.0369999999999999,50.0,50.0,True,50.0,50.0,True,CBraMod,3000.0,1.0,True
Cho2017,48,53,2x,4.0,0.74,0.74,0.6759999999999999,0.0,0.064,50.0,50.0,True,50.0,50.0,True,CBraMod,6000.0,2.0,True
Cho2017,48,53,4x,4.0,0.76,0.65,0.671,-0.1099999999999999,-0.021,50.0,50.0,True,50.0,50.0,True,CBraMod,12000.0,4.0,True
Cho2017,48,71,1x,4.0,0.56,0.67,0.599,0.1099999999999999,0.071,50.0,50.0,True,50.0,50.0,True,CBraMod,3250.0,1.0,True
Cho2017,48,71,2x,4.0,0.69,0.68,0.595,-0.0099999999999998,0.085,50.0,50.0,True,50.0,50.0,True,CBraMod,6500.0,2.0,True
Cho2017,48,71,4x,4.0,0.69,0.66,0.6140000000000001,-0.0299999999999999,0.0459999999999999,50.0,50.0,True,50.0,50.0,True,CBraMod,13000.0,4.0,True
Cho2017,49,11,1x,1.0,0.99,0.98,0.943,-0.01,0.037,50.0,50.0,True,50.0,50.0,True,CBraMod,3000.0,1.0,True
Cho2017,49,11,2x,1.0,1.0,1.0,1.0,0.0,0.0,50.0,50.0,True,50.0,50.0,True,CBraMod,6000.0,2.0,True
Cho2017,49,11,4x,1.0,1.0,1.0,1.0,0.0,0.0,50.0,50.0,True,50.0,50.0,True,CBraMod,12000.0,4.0,True
Cho2017,49,23,1x,1.0,1.0,1.0,1.0,0.0,0.0,50.0,50.0,True,50.0,50.0,True,CBraMod,3000.0,1.0,True
Cho2017,49,23,2x,1.0,1.0,1.0,0.991,0.0,0.009,50.0,50.0,True,50.0,50.0,True,CBraMod,6000.0,2.0,True
Cho2017,49,23,4x,1.0,1.0,1.0,1.0,0.0,0.0,50.0,50.0,True,50.0,50.0,True,CBraMod,12000.0,4.0,True
Cho2017,49,37,1x,,,,,,,,,,,,,,,,False
Cho2017,49,37,2x,,,,,,,,,,,,,,,,False
Cho2017,49,37,4x,,,,,,,,,,,,,,,,False
Cho2017,49,53,1x,1.0,0.99,1.0,0.996,0.01,0.0039999999999998,50.0,50.0,True,50.0,50.0,True,CBraMod,3000.0,1.0,True
Cho2017,49,53,2x,1.0,1.0,1.0,0.998,0.0,0.002,50.0,50.0,True,50.0,50.0,True,CBraMod,6000.0,2.0,True
Cho2017,49,53,4x,1.0,1.0,1.0,1.0,0.0,0.0,50.0,50.0,True,50.0,50.0,True,CBraMod,12000.0,4.0,True
Cho2017,49,71,1x,1.0,1.0,1.0,0.997,0.0,0.0030000000000001,50.0,50.0,True,50.0,50.0,True,CBraMod,3500.0,1.0,True
Cho2017,49,71,2x,1.0,1.0,1.0,1.0,0.0,0.0,50.0,50.0,True,50.0,50.0,True,CBraMod,7000.0,2.0,True
Cho2017,49,71,4x,1.0,1.0,1.0,1.0,0.0,0.0,50.0,50.0,True,50.0,50.0,True,CBraMod,14000.0,4.0,True
Cho2017,50,11,1x,0.0,0.8400000000000001,1.0,0.799,0.1599999999999999,0.2009999999999999,50.0,50.0,True,50.0,50.0,True,CBraMod,3000.0,1.0,True
Cho2017,50,11,2x,0.0,0.96,1.0,0.959,0.04,0.041,50.0,50.0,True,50.0,50.0,True,CBraMod,6000.0,2.0,True
Cho2017,50,11,4x,0.0,1.0,1.0,0.985,0.0,0.015,50.0,50.0,True,50.0,50.0,True,CBraMod,12000.0,4.0,True
Cho2017,50,23,1x,0.0,1.0,1.0,0.948,0.0,0.0519999999999999,50.0,50.0,True,50.0,50.0,True,CBraMod,3500.0,1.0,True
Cho2017,50,23,2x,0.0,0.94,1.0,0.8310000000000001,0.06,0.1689999999999999,50.0,50.0,True,50.0,50.0,True,CBraMod,7000.0,2.0,True
Cho2017,50,23,4x,0.0,0.91,1.0,0.8710000000000001,0.09,0.1289999999999999,50.0,50.0,True,50.0,50.0,True,CBraMod,14000.0,4.0,True
Cho2017,50,37,1x,0.0,0.97,1.0,0.8789999999999999,0.03,0.1210000000000001,50.0,50.0,True,50.0,50.0,True,CBraMod,3000.0,1.0,True
Cho2017,50,37,2x,0.0,0.97,1.0,0.947,0.03,0.0529999999999999,50.0,50.0,True,50.0,50.0,True,CBraMod,6000.0,2.0,True
Cho2017,50,37,4x,0.0,0.98,1.0,0.98,0.02,0.0199999999999999,50.0,50.0,True,50.0,50.0,True,CBraMod,12000.0,4.0,True
Cho2017,50,53,1x,0.0,1.0,1.0,0.961,0.0,0.039,50.0,50.0,True,50.0,50.0,True,CBraMod,3000.0,1.0,True
Cho2017,50,53,2x,0.0,1.0,1.0,0.965,0.0,0.0349999999999999,50.0,50.0,True,50.0,50.0,True,CBraMod,6000.0,2.0,True
Cho2017,50,53,4x,0.0,0.77,1.0,0.8799999999999999,0.2299999999999999,0.1200000000000001,50.0,50.0,True,50.0,50.0,True,CBraMod,12000.0,4.0,True
Cho2017,50,71,1x,0.0,0.99,1.0,0.885,0.01,0.1149999999999999,50.0,50.0,True,50.0,50.0,True,CBraMod,3000.0,1.0,True
Cho2017,50,71,2x,0.0,1.0,1.0,0.983,0.0,0.017,50.0,50.0,True,50.0,50.0,True,CBraMod,6000.0,2.0,True
Cho2017,50,71,4x,0.0,0.98,1.0,0.96,0.02,0.04,50.0,50.0,True,50.0,50.0,True,CBraMod,12000.0,4.0,True
Cho2017,51,11,1x,3.0,0.55,0.5700000000000001,0.5700000000000001,0.02,0.0,50.0,50.0,True,50.0,50.0,True,CBraMod,3000.0,1.0,True
Cho2017,51,11,2x,3.0,0.7,0.5800000000000001,0.598,-0.1199999999999998,-0.0179999999999999,50.0,50.0,True,50.0,50.0,True,CBraMod,6000.0,2.0,True
Cho2017,51,11,4x,3.0,0.64,0.5700000000000001,0.5879999999999999,-0.0699999999999999,-0.0179999999999997,50.0,50.0,True,50.0,50.0,True,CBraMod,12000.0,4.0,True
Cho2017,51,23,1x,3.0,0.5800000000000001,0.5800000000000001,0.576,0.0,0.0040000000000001,50.0,50.0,True,50.0,50.0,True,CBraMod,3000.0,1.0,True
Cho2017,51,23,2x,3.0,0.59,0.5900000000000001,0.5760000000000001,1.1102230246251563e-16,0.014,50.0,50.0,True,50.0,50.0,True,CBraMod,6000.0,2.0,True
Cho2017,51,23,4x,3.0,0.5700000000000001,0.52,0.6009999999999999,-0.05,-0.0809999999999998,50.0,50.0,True,50.0,50.0,True,CBraMod,12000.0,4.0,True
Cho2017,51,37,1x,3.0,0.52,0.6000000000000001,0.5740000000000001,0.08,0.026,50.0,50.0,True,50.0,50.0,True,CBraMod,3000.0,1.0,True
Cho2017,51,37,2x,3.0,0.56,0.59,0.577,0.0299999999999999,0.013,50.0,50.0,True,50.0,50.0,True,CBraMod,6000.0,2.0,True
Cho2017,51,37,4x,3.0,0.65,0.65,0.5810000000000001,0.0,0.0689999999999999,50.0,50.0,True,50.0,50.0,True,CBraMod,12000.0,4.0,True
Cho2017,51,53,1x,3.0,0.63,0.6000000000000001,0.556,-0.0299999999999999,0.044,50.0,50.0,True,50.0,50.0,True,CBraMod,3750.0,1.0,True
Cho2017,51,53,2x,3.0,0.5900000000000001,0.63,0.596,0.0399999999999999,0.034,50.0,50.0,True,50.0,50.0,True,CBraMod,7500.0,2.0,True
Cho2017,51,53,4x,3.0,0.6,0.6000000000000001,0.5970000000000001,1.1102230246251563e-16,0.003,50.0,50.0,True,50.0,50.0,True,CBraMod,15000.0,4.0,True
Cho2017,51,71,1x,3.0,0.5700000000000001,0.67,0.615,0.0999999999999999,0.055,50.0,50.0,True,50.0,50.0,True,CBraMod,3250.0,1.0,True
Cho2017,51,71,2x,3.0,0.62,0.6799999999999999,0.583,0.0599999999999999,0.0969999999999999,50.0,50.0,True,50.0,50.0,True,CBraMod,6500.0,2.0,True
Cho2017,51,71,4x,3.0,0.59,0.66,0.604,0.07,0.056,50.0,50.0,True,50.0,50.0,True,CBraMod,13000.0,4.0,True
Cho2017,52,11,1x,1.0,0.66,0.65,0.5509999999999999,-0.01,0.099,50.0,50.0,True,50.0,50.0,True,CBraMod,3000.0,1.0,True
Cho2017,52,11,2x,1.0,0.6699999999999999,0.6599999999999999,0.6629999999999999,-0.01,-0.003,50.0,50.0,True,50.0,50.0,True,CBraMod,6000.0,2.0,True
Cho2017,52,11,4x,1.0,0.61,0.72,0.6299999999999999,0.1099999999999999,0.09,50.0,50.0,True,50.0,50.0,True,CBraMod,12000.0,4.0,True
Cho2017,52,23,1x,1.0,0.73,0.71,0.667,-0.02,0.0429999999999999,50.0,50.0,True,50.0,50.0,True,CBraMod,3000.0,1.0,True
Cho2017,52,23,2x,1.0,0.59,0.65,0.5880000000000001,0.06,0.0619999999999999,50.0,50.0,True,50.0,50.0,True,CBraMod,6000.0,2.0,True
Cho2017,52,23,4x,1.0,0.6799999999999999,0.72,0.61,0.04,0.1099999999999999,50.0,50.0,True,50.0,50.0,True,CBraMod,12000.0,4.0,True
Cho2017,52,37,1x,,,,,,,,,,,,,,,,False
Cho2017,52,37,2x,,,,,,,,,,,,,,,,False
Cho2017,52,37,4x,,,,,,,,,,,,,,,,False
Cho2017,52,53,1x,1.0,0.5800000000000001,0.63,0.593,0.0499999999999999,0.037,50.0,50.0,True,50.0,50.0,True,CBraMod,3000.0,1.0,True
Cho2017,52,53,2x,1.0,0.69,0.6699999999999999,0.595,-0.02,0.0749999999999999,50.0,50.0,True,50.0,50.0,True,CBraMod,6000.0,2.0,True
Cho2017,52,53,4x,1.0,0.63,0.63,0.5569999999999999,0.0,0.073,50.0,50.0,True,50.0,50.0,True,CBraMod,12000.0,4.0,True
Cho2017,52,71,1x,1.0,0.5,0.65,0.59,0.15,0.06,50.0,50.0,True,50.0,50.0,True,CBraMod,3500.0,1.0,True
Cho2017,52,71,2x,1.0,0.5,0.67,0.521,0.17,0.149,50.0,50.0,True,50.0,50.0,True,CBraMod,7000.0,2.0,True
Cho2017,52,71,4x,1.0,0.58,0.6699999999999999,0.5720000000000001,0.0899999999999999,0.0979999999999998,50.0,50.0,True,50.0,50.0,True,CBraMod,14000.0,4.0,True
