variant,shots,dataset,subject,gain,full_gain,upper_bound,one_class_only
film_offset,5,Cho2017,1,-0.04199999999999998,0.07599999999999993,0.09039999999999992,False
film_offset,5,Cho2017,2,0.022,-0.010000000000000021,-0.01719999999999996,False
film_offset,5,Cho2017,3,-0.049999999999999975,0.166,0.1418,False
film_offset,5,Cho2017,4,0.06599999999999998,0.11199999999999992,0.058799999999999984,False
film_offset,5,Cho2017,5,-0.004,-0.006,0.06999999999999994,False
film_offset,5,Cho2017,6,-0.005999999999999978,0.025999999999999957,0.07,False
film_offset,5,Cho2017,7,0.011666666666666641,0.0333333333333333,0.0001666666666666608,False
film_offset,5,Cho2017,8,-0.03999999999999998,-0.02799999999999996,0.0036000000000000003,False
film_offset,5,Cho2017,9,0.03999999999999996,0.0983333333333333,0.051999999999999956,False
film_offset,5,Cho2017,10,0.024,0.049999999999999954,0.04260000000000002,False
film_offset,5,Cho2017,11,0.013999999999999999,-0.04,-0.015200000000000019,False
film_offset,5,Cho2017,12,0.029999999999999936,0.13,0.14780000000000001,False
film_offset,5,Cho2017,13,0.021999999999999957,0.3219999999999999,0.2632,False
film_offset,5,Cho2017,14,0.030000000000000006,0.22599999999999998,0.2412,False
film_offset,5,Cho2017,15,-0.00400000000000002,0.03799999999999998,0.04299999999999994,False
film_offset,5,Cho2017,16,0.00400000000000002,-0.01,0.01319999999999998,False
film_offset,5,Cho2017,17,0.052000000000000005,0.045999999999999965,0.01279999999999994,False
film_offset,5,Cho2017,18,-0.003999999999999959,0.06999999999999998,0.061,False
film_offset,5,Cho2017,19,0.048,0.02999999999999998,0.00840000000000002,False
film_offset,5,Cho2017,20,-0.07999999999999999,0.026000000000000002,0.02579999999999994,False
film_offset,5,Cho2017,21,0.026000000000000002,0.07999999999999999,0.05,False
film_offset,5,Cho2017,22,-0.02399999999999992,-0.03999999999999994,-0.00579999999999996,False
film_offset,5,Cho2017,23,0.0019999999999999766,0.007999999999999981,0.012800000000000023,False
film_offset,5,Cho2017,24,0.02399999999999998,0.052000000000000005,0.027199999999999957,False
film_offset,5,Cho2017,25,-0.004000000000000062,-0.014000000000000023,-0.019200000000000002,False
film_offset,5,Cho2017,26,0.004,0.01,0.03959999999999993,False
film_offset,5,Cho2017,27,0.042,0.025999999999999978,0.007199999999999998,False
film_offset,5,Cho2017,28,0.03399999999999998,0.27999999999999997,0.24679999999999996,False
film_offset,5,Cho2017,29,0.006,0.06200000000000002,0.04959999999999998,False
film_offset,5,Cho2017,30,0.05399999999999996,0.07799999999999996,0.03599999999999998,False
film_offset,5,Cho2017,31,0.006000000000000021,0.07799999999999996,0.07299999999999993,False
film_offset,5,Cho2017,32,0.014000000000000021,-0.00599999999999998,-0.00979999999999996,False
film_offset,5,Cho2017,33,-0.0020000000000000113,0.01399999999999998,0.0078000000000000205,False
film_offset,5,Cho2017,34,0.014000000000000004,0.01600000000000002,0.01820000000000002,False
film_offset,5,Cho2017,35,-0.018,0.374,0.2766,False
film_offset,5,Cho2017,36,-0.018,0.05599999999999992,0.017799999999999983,False
film_offset,5,Cho2017,37,0.02599999999999996,0.023999999999999938,0.026000000000000016,False
film_offset,5,Cho2017,38,-0.012,0.00800000000000002,0.02839999999999998,False
film_offset,5,Cho2017,39,-0.01199999999999996,0.03,0.023200000000000002,False
film_offset,5,Cho2017,40,-0.016,-0.02399999999999999,-0.019599999999999958,False
film_offset,5,Cho2017,41,0.014000000000000002,0.06999999999999999,0.046799999999999974,False
film_offset,5,Cho2017,42,-0.038,-0.01800000000000002,0.009400000000000002,False
film_offset,5,Cho2017,43,0.0,0.0,0.01899999999999994,False
film_offset,5,Cho2017,44,0.05199999999999998,0.05599999999999998,0.1023999999999999,False
film_offset,5,Cho2017,45,0.004,-0.00999999999999998,-0.01279999999999994,False
film_offset,5,Cho2017,46,-0.021666666666666636,0.006666666666666661,0.01949999999999998,False
film_offset,5,Cho2017,47,0.05199999999999999,0.18599999999999997,0.14319999999999994,False
film_offset,5,Cho2017,48,0.022000000000000002,0.03800000000000005,0.042200000000000085,False
film_offset,5,Cho2017,49,-0.12000000000000002,0.057999999999999975,0.1364,False
film_offset,5,Cho2017,50,0.18,0.186,0.2366,False
film_offset,5,Cho2017,51,-0.03800000000000004,-0.05400000000000003,0.017599999999999984,False
film_offset,5,Cho2017,52,-0.04599999999999998,0.036,0.03659999999999996,False
film_offset,5,Dreyer2023,1,-0.041666666666666644,0.006666666666666619,0.05049999999999988,False
film_offset,5,Dreyer2023,2,0.013333333333333381,0.01666666666666666,0.013666666666666678,False
film_offset,5,Dreyer2023,3,-0.20166666666666666,0.009999999999999981,0.04016666666666664,False
film_offset,5,Dreyer2023,5,-0.0716666666666667,0.0066666666666666385,0.032999999999999904,False
film_offset,5,Dreyer2023,6,-0.06166666666666663,0.018333333333333358,0.04566666666666662,False
film_offset,5,Dreyer2023,7,-0.03166666666666662,0.00499999999999998,0.06100000000000002,False
film_offset,5,Dreyer2023,8,-0.05166666666666662,0.02166666666666664,0.03849999999999992,False
film_offset,5,Dreyer2023,10,-0.08833333333333329,0.03166666666666666,0.07299999999999995,False
film_offset,5,Dreyer2023,11,-0.02,0.07833333333333325,0.09216666666666666,False
film_offset,5,Dreyer2023,12,-0.05833333333333324,0.00833333333333336,0.07516666666666658,False
film_offset,5,Dreyer2023,13,-0.053333333333333274,0.021666666666666678,0.033166666666666636,False
film_offset,5,Dreyer2023,14,-0.045,0.05999999999999992,0.06649999999999992,False
film_offset,5,Dreyer2023,15,-0.06999999999999995,0.03333333333333334,0.04249999999999998,False
film_offset,5,Dreyer2023,16,-0.025000000000000022,0.01000000000000002,0.05566666666666662,False
film_offset,5,Dreyer2023,18,-0.0033333333333333396,0.03499999999999996,0.07449999999999994,False
film_offset,5,Dreyer2023,19,0.005,0.09999999999999992,0.10583333333333327,False
film_offset,5,Dreyer2023,20,0.033333333333333284,0.0533333333333333,0.06483333333333327,False
film_offset,5,Dreyer2023,21,-0.17499999999999996,0.00666666666666664,0.04599999999999998,False
film_offset,5,Dreyer2023,22,-0.22166666666666668,0.02499999999999996,0.07316666666666667,False
film_offset,5,Dreyer2023,23,-0.05166666666666662,0.008333333333333321,0.04199999999999996,False
film_offset,5,Dreyer2023,24,-0.2,0.0049999999999999585,0.07983333333333323,False
film_offset,5,Dreyer2023,25,-0.041666666666666616,0.09499999999999992,0.09850000000000003,False
film_offset,5,Dreyer2023,26,-0.08333333333333333,0.05499999999999994,0.06933333333333322,False
film_offset,5,Dreyer2023,27,-0.053333333333333344,0.04999999999999994,0.08466666666666663,False
film_offset,5,Dreyer2023,28,0.08166666666666662,0.03499999999999996,-0.01016666666666666,False
film_offset,5,Dreyer2023,30,-0.0433333333333333,-0.00999999999999994,0.0181666666666667,False
film_offset,5,Dreyer2023,31,-0.15,0.026666666666666637,0.06733333333333327,False
film_offset,5,Dreyer2023,32,-0.01,0.06999999999999995,0.11033333333333321,False
film_offset,5,Dreyer2023,33,-0.006666666666666682,0.02999999999999998,0.04499999999999988,False
film_offset,5,Dreyer2023,34,-0.0016666666666666995,0.003333333333333298,0.045666666666666585,False
film_offset,5,Dreyer2023,35,-0.13499999999999998,0.06999999999999992,0.10516666666666656,False
film_offset,5,Dreyer2023,36,-0.06166666666666666,0.01499999999999998,0.017833333333333302,False
film_offset,5,Dreyer2023,37,-0.04166666666666666,0.03999999999999992,0.0694999999999999,False
film_offset,5,Dreyer2023,38,-0.11666666666666665,0.049999999999999954,0.09666666666666662,False
film_offset,5,Dreyer2023,39,-0.05166666666666664,0.026666666666666623,0.0351666666666666,False
film_offset,5,Dreyer2023,40,-0.03275862068965514,0.01896551724137932,0.044655172413793,False
film_offset,5,Dreyer2023,42,-0.06999999999999992,0.05166666666666666,0.10033333333333334,False
film_offset,5,Dreyer2023,43,-0.2533333333333333,0.0,0.03249999999999998,True
film_offset,5,Dreyer2023,44,-0.04999999999999997,-0.026666666666666637,0.01100000000000002,False
film_offset,5,Dreyer2023,45,-0.006666666666666682,0.025,0.02350000000000002,False
film_offset,5,Dreyer2023,46,-0.059999999999999984,-0.025000000000000022,0.017333333333333277,False
film_offset,5,Dreyer2023,47,-0.04666666666666662,1.9428902930940238e-17,0.01783333333333334,False
film_offset,5,Dreyer2023,48,-0.07999999999999999,-0.01999999999999998,-0.0051666666666666805,False
film_offset,5,Dreyer2023,49,-0.09666666666666665,0.01833333333333336,0.0451666666666667,False
film_offset,5,Dreyer2023,50,-0.0633333333333333,0.0316666666666666,0.03416666666666658,False
film_offset,5,Dreyer2023,51,-0.018333333333333323,0.023333333333333324,0.0666666666666666,False
film_offset,5,Dreyer2023,52,-0.13666666666666666,0.026666666666666637,0.052833333333333274,False
film_offset,5,Dreyer2023,53,-0.02833333333333332,0.02999999999999998,0.04716666666666662,False
film_offset,5,Dreyer2023,54,-0.041666666666666616,0.0033333333333333604,0.051999999999999956,False
film_offset,5,Dreyer2023,55,-0.06333333333333328,0.03166666666666664,0.05049999999999995,False
film_offset,5,Dreyer2023,56,-0.26499999999999996,0.04999999999999996,0.10149999999999997,False
film_offset,5,Dreyer2023,57,0.019999999999999983,0.01999999999999998,0.04750000000000002,False
film_offset,5,Dreyer2023,58,-0.23666666666666658,-1.9428902930940238e-17,0.02999999999999988,False
film_offset,5,Dreyer2023,59,0.009999999999999998,-0.009999999999999998,0.0055000000000000005,False
film_offset,5,Dreyer2023,60,-0.04666666666666662,0.011666666666666678,0.05500000000000001,False
film_offset,5,Dreyer2023,61,-0.06,0.02833333333333334,0.07699999999999999,False
film_offset,5,Dreyer2023,62,-0.02333333333333322,0.11000000000000001,0.11849999999999998,False
film_offset,5,Dreyer2023,63,-0.0533333333333333,-0.004999999999999979,0.04283333333333334,False
film_offset,5,Dreyer2023,64,-0.09166666666666662,0.0566666666666666,0.06749999999999991,False
film_offset,5,Dreyer2023,65,0.003333333333333359,0.0366666666666667,0.0761666666666666,False
film_offset,5,Dreyer2023,66,0.01499999999999998,0.00666666666666664,0.034999999999999996,False
film_offset,5,Dreyer2023,67,0.059999999999999984,0.09499999999999995,0.1108333333333333,False
film_offset,5,Dreyer2023,68,-0.09999999999999992,0.02833333333333336,0.00749999999999996,False
film_offset,5,Dreyer2023,69,-0.12166666666666663,0.023333333333333258,0.07083333333333322,False
film_offset,5,Dreyer2023,70,-0.04666666666666668,0.07833333333333328,0.0791666666666666,False
film_offset,5,Dreyer2023,71,-0.1416666666666666,-0.0133333333333333,0.04616666666666666,False
film_offset,5,Dreyer2023,72,0.041666666666666644,0.12333333333333327,0.1041666666666666,False
film_offset,5,Dreyer2023,73,0.07999999999999999,0.13999999999999996,0.15383333333333327,False
film_offset,5,Dreyer2023,74,-0.07833333333333332,0.003333333333333298,0.05283333333333332,False
film_offset,5,Dreyer2023,75,-0.019999999999999962,0.038333333333333296,0.055333333333333304,False
film_offset,5,Dreyer2023,76,-0.013333333333333298,0.10833333333333324,0.11166666666666655,False
film_offset,5,Dreyer2023,77,-0.11000000000000001,0.01,0.03566666666666672,False
film_offset,5,Dreyer2023,80,-0.053333333333333274,0.02166666666666664,0.08233333333333323,False
film_offset,5,Dreyer2023,81,-0.18666666666666662,0.0016666666666666635,0.04983333333333326,False
film_offset,5,Dreyer2023,82,-0.02499999999999996,0.07833333333333325,0.09416666666666665,False
film_offset,5,Dreyer2023,83,-0.039999999999999994,0.0333333333333333,0.0566666666666667,False
film_offset,5,Dreyer2023,84,-0.041666666666666664,0.021666666666666678,0.0696666666666666,False
film_offset,5,Dreyer2023,85,-0.03499999999999998,0.05833333333333328,0.09316666666666659,False
film_offset,5,Dreyer2023,86,-0.14333333333333326,0.0233333333333333,0.06183333333333324,False
film_offset,5,Dreyer2023,87,-0.04333333333333332,0.053333333333333344,0.08250000000000002,False
film_offset,5,PhysionetMI,1,-0.01590909090909086,-0.02272727272727268,0.01356060606060602,False
film_offset,5,PhysionetMI,2,0.0123076923076923,0.02538461538461536,0.047692307692307624,False
film_offset,5,PhysionetMI,3,-0.1053030303030302,0.0424242424242424,0.13424242424242416,False
film_offset,5,PhysionetMI,4,-0.03181818181818184,-0.004545454545454619,-0.007878787878787843,False
film_offset,5,PhysionetMI,5,-0.07424242424242425,-0.13712121212121212,-0.08742424242424247,False
film_offset,5,PhysionetMI,6,-0.14166666666666666,0.05606060606060601,0.09689393939393942,False
film_offset,5,PhysionetMI,7,0.006818181818181801,0.01742424242424242,0.02992424242424242,False
film_offset,5,PhysionetMI,8,-0.0325757575757576,0.02499999999999994,0.08174242424242424,False
film_offset,5,PhysionetMI,9,0.07692307692307691,0.010000000000000044,0.033999999999999975,False
film_offset,5,PhysionetMI,10,0.04230769230769223,0.04538461538461532,0.020076923076923082,False
film_offset,5,PhysionetMI,11,-0.07878787878787877,-0.11060606060606056,-0.09916666666666668,False
film_offset,5,PhysionetMI,12,-0.11666666666666661,0.0166666666666667,0.07787878787878781,False
film_offset,5,PhysionetMI,13,0.0939393939393939,0.0356060606060606,0.019772727272727258,False
film_offset,5,PhysionetMI,14,0.02045454545454546,0.06742424242424244,0.06659090909090908,False
film_offset,5,PhysionetMI,15,0.02461538461538458,0.05692307692307689,0.09661538461538456,False
film_offset,5,PhysionetMI,16,-0.11515151515151509,-0.054545454545454494,-0.02765151515151514,False
film_offset,5,PhysionetMI,17,-0.0818181818181818,-0.04924242424242422,0.04507575757575753,False
film_offset,5,PhysionetMI,18,0.0,-0.0007575757575757201,0.02454545454545448,False
film_offset,5,PhysionetMI,19,-0.03409090909090906,0.03484848484848484,0.10757575757575757,False
film_offset,5,PhysionetMI,20,-0.08484848484848487,0.11439393939393935,0.1265909090909091,False
film_offset,5,PhysionetMI,21,-0.05984848484848482,0.07121212121212118,0.07803030303030299,False
film_offset,5,PhysionetMI,22,-0.04393939393939386,0.03409090909090908,0.07484848484848478,False
film_offset,5,PhysionetMI,23,-0.04692307692307688,-0.01153846153846154,0.0352307692307692,False
film_offset,5,PhysionetMI,24,-0.04999999999999996,-0.0242424242424242,0.029090909090909157,False
film_offset,5,PhysionetMI,25,-0.03409090909090906,0.025757575757575778,0.0436363636363636,False
film_offset,5,PhysionetMI,26,-0.043076923076923054,-0.10615384615384613,-0.07230769230769228,False
film_offset,5,PhysionetMI,27,0.0090909090909091,0.0015151515151515388,0.0328787878787879,False
film_offset,5,PhysionetMI,28,0.0939393939393939,0.08712121212121211,0.09621212121212115,False
film_offset,5,PhysionetMI,29,0.04696969696969696,0.05454545454545454,0.04242424242424246,False
film_offset,5,PhysionetMI,30,-0.07348484848484842,-0.026515151515151502,0.0005303030303030416,False
film_offset,5,PhysionetMI,31,0.01969696969696966,0.020454545454545482,0.027424242424242424,False
film_offset,5,PhysionetMI,32,-0.026153846153846083,0.00538461538461538,0.08984615384615383,False
film_offset,5,PhysionetMI,33,-0.0212121212121212,-0.0022727272727272986,0.0247727272727273,False
film_offset,5,PhysionetMI,34,0.0723076923076923,0.025384615384615467,0.08661538461538468,False
film_offset,5,PhysionetMI,35,0.044696969696969666,0.03409090909090908,0.0806060606060606,False
film_offset,5,PhysionetMI,36,-0.030303030303030297,-0.05757575757575758,-0.03363636363636368,False
film_offset,5,PhysionetMI,37,0.09166666666666665,0.15606060606060604,0.128030303030303,False
film_offset,5,PhysionetMI,38,0.010606060606060641,-0.002272727272727281,-0.011363636363636343,False
film_offset,5,PhysionetMI,39,-0.028030303030302982,0.03712121212121206,0.04325757575757568,False
film_offset,5,PhysionetMI,40,-0.01590909090909092,0.07348484848484846,0.0756060606060606,False
film_offset,5,PhysionetMI,41,-0.10307692307692304,-0.0846153846153846,-0.02576923076923074,False
film_offset,5,PhysionetMI,42,-0.053030303030303025,0.04242424242424242,0.05977272727272729,False
film_offset,5,PhysionetMI,43,0.05681818181818178,0.08409090909090908,0.08249999999999998,False
film_offset,5,PhysionetMI,44,-0.12878787878787873,-0.03712121212121204,0.00636363636363642,False
film_offset,5,PhysionetMI,45,0.07651515151515148,0.0090909090909091,0.012424242424242421,False
film_offset,5,PhysionetMI,46,-0.08106060606060608,-0.008333333333333378,0.010075757575757582,False
film_offset,5,PhysionetMI,47,-0.0037878787878787208,0.04242424242424238,0.0656060606060606,False
film_offset,5,PhysionetMI,48,-0.04545454545454543,-0.00909090909090906,0.026060606060606,False
film_offset,5,PhysionetMI,49,-0.01287878787878786,0.02651515151515154,0.022954545454545464,False
film_offset,5,PhysionetMI,50,0.07575757575757575,0.12575757575757568,0.07189393939393937,False
film_offset,5,PhysionetMI,51,0.03787878787878788,0.09242424242424241,0.10999999999999995,False
film_offset,5,PhysionetMI,52,-0.08923076923076921,0.00153846153846158,0.0747692307692307,False
film_offset,5,PhysionetMI,53,0.02651515151515148,0.11060606060606049,0.1112121212121211,False
film_offset,5,PhysionetMI,54,-0.06969696969696967,0.00757575757575758,0.014090909090909121,False
film_offset,5,PhysionetMI,55,-0.0090909090909091,-0.03636363636363636,-0.011893939393939321,False
film_offset,5,PhysionetMI,56,-0.0053030303030303,0.01515151515151516,0.0699242424242423,False
film_offset,5,PhysionetMI,57,-0.014393939393939282,-0.008333333333333259,-0.00590909090909094,False
film_offset,5,PhysionetMI,58,0.08153846153846156,0.07615384615384611,0.06761538461538459,False
film_offset,5,PhysionetMI,59,-0.0742424242424242,0.01969696969696964,0.05310606060606056,False
film_offset,5,PhysionetMI,60,-0.08307692307692306,0.05384615384615388,0.04961538461538454,False
film_offset,5,PhysionetMI,61,0.01969696969696962,0.01818181818181818,0.02492424242424242,False
film_offset,5,PhysionetMI,62,0.02499999999999994,0.0083333333333333,0.03204545454545444,False
film_offset,5,PhysionetMI,63,-0.11287878787878783,-0.004545454545454559,0.050530303030303,False
film_offset,5,PhysionetMI,64,0.07272727272727274,0.07727272727272727,0.0521212121212121,False
film_offset,5,PhysionetMI,65,0.01515151515151516,0.0742424242424242,0.06333333333333328,False
film_offset,5,PhysionetMI,66,-0.1916666666666666,-0.10530303030303023,-0.05348484848484843,False
film_offset,5,PhysionetMI,67,0.03712121212121218,0.06363636363636366,0.041590909090909116,False
film_offset,5,PhysionetMI,68,-0.01136363636363636,-0.029545454545454562,0.04090909090909086,False
film_offset,5,PhysionetMI,69,0.07307692307692304,0.12615384615384612,0.13215384615384612,False
film_offset,5,PhysionetMI,70,-0.024242424242424197,0.0007575757575757388,0.052272727272727235,False
film_offset,5,PhysionetMI,71,-0.01060606060606056,-1.9428902930940238e-17,0.0442424242424242,False
film_offset,5,PhysionetMI,72,0.0007575757575757402,0.01818181818181816,0.022121212121212118,False
film_offset,5,PhysionetMI,73,0.021969696969696924,0.009090909090909078,-0.02583333333333334,False
film_offset,5,PhysionetMI,74,-0.09696969696969701,-0.01287878787878792,0.10833333333333339,False
film_offset,5,PhysionetMI,75,-0.1174242424242424,-0.04924242424242426,-0.029166666666666702,False
film_offset,5,PhysionetMI,76,-0.13863636363636356,-0.12651515151515147,-0.11749999999999994,False
film_offset,5,PhysionetMI,77,-0.011363636363636279,0.027272727272727337,0.022575757575757603,False
film_offset,5,PhysionetMI,78,-0.04015151515151512,0.011363636363636359,0.01204545454545454,False
film_offset,5,PhysionetMI,79,-0.06742424242424241,-0.041666666666666664,0.02356060606060608,False
film_offset,5,PhysionetMI,80,-0.008461538461538498,-0.03307692307692306,-0.03223076923076912,False
film_offset,5,PhysionetMI,81,0.00075757575757574,0.031060606060605976,0.06734848484848478,False
film_offset,5,PhysionetMI,82,-0.05833333333333338,0.047727272727272715,0.06151515151515154,False
film_offset,5,PhysionetMI,83,0.006923076923076923,0.13999999999999996,0.15776923076923072,False
film_offset,5,PhysionetMI,84,0.028030303030303017,-0.015151515151515079,-0.009545454545454643,False
film_offset,5,PhysionetMI,85,-0.16287878787878785,0.02045454545454542,0.06189393939393935,False
film_offset,5,PhysionetMI,86,-0.03,-0.0023076923076923205,0.04446153846153842,False
film_offset,5,PhysionetMI,87,0.0954545454545454,-0.003030303030303022,0.01871212121212118,False
film_offset,5,PhysionetMI,90,-0.02727272727272726,0.0083333333333333,0.09886363636363633,False
film_offset,5,PhysionetMI,91,-0.056818181818181844,0.01893939393939386,0.15734848484848482,False
film_offset,5,PhysionetMI,93,-0.028030303030303037,0.08333333333333329,0.05477272727272718,False
film_offset,5,PhysionetMI,94,-0.0242424242424242,0.09318181818181823,0.1321969696969697,False
film_offset,5,PhysionetMI,95,-0.08615384615384612,-0.0269230769230769,0.013999999999999962,False
film_offset,5,PhysionetMI,96,-0.005303030303030279,0.045454545454545456,0.0662121212121212,False
film_offset,5,PhysionetMI,97,-0.05606060606060602,0.03863636363636362,0.04462121212121214,False
film_offset,5,PhysionetMI,98,-0.02045454545454544,0.03560606060606058,0.03431818181818178,False
film_offset,5,PhysionetMI,99,-0.03181818181818172,-0.06439393939393932,-0.04651515151515152,False
film_offset,5,PhysionetMI,101,0.01846153846153848,0.0776923076923077,0.0712307692307692,False
film_offset,5,PhysionetMI,102,0.11212121212121211,0.17575757575757575,0.13325757575757574,False
film_offset,5,PhysionetMI,103,0.0106060606060606,-0.02348484848484844,0.029393939393939417,False
film_offset,5,PhysionetMI,105,-0.0022727272727272813,0.0249999999999999,0.0640151515151515,False
film_offset,5,PhysionetMI,107,-0.016666666666666642,-0.01060606060606058,0.00598484848484848,False
film_offset,5,PhysionetMI,108,-0.05075757575757574,0.11666666666666665,0.10704545454545458,False
film_offset,5,PhysionetMI,109,0.15454545454545454,0.07878787878787878,0.05780303030303028,False
film_offset,10,Cho2017,1,0.01599999999999998,0.07599999999999993,0.09039999999999992,False
film_offset,10,Cho2017,2,0.024,-0.010000000000000021,-0.01719999999999996,False
film_offset,10,Cho2017,3,0.09399999999999996,0.166,0.1418,False
film_offset,10,Cho2017,4,0.09599999999999996,0.11199999999999992,0.058799999999999984,False
film_offset,10,Cho2017,5,-0.006,-0.006,0.06999999999999994,False
film_offset,10,Cho2017,6,-0.06599999999999998,0.025999999999999957,0.07,False
film_offset,10,Cho2017,7,0.00833333333333334,0.0333333333333333,0.0001666666666666608,False
film_offset,10,Cho2017,8,-0.03799999999999998,-0.02799999999999996,0.0036000000000000003,False
film_offset,10,Cho2017,9,0.03999999999999998,0.0983333333333333,0.051999999999999956,False
film_offset,10,Cho2017,10,0.03199999999999996,0.049999999999999954,0.04260000000000002,False
film_offset,10,Cho2017,11,0.0020000000000000213,-0.04,-0.015200000000000019,False
film_offset,10,Cho2017,12,0.02399999999999996,0.13,0.14780000000000001,False
film_offset,10,Cho2017,13,0.16999999999999998,0.3219999999999999,0.2632,False
film_offset,10,Cho2017,14,0.11599999999999999,0.22599999999999998,0.2412,False
film_offset,10,Cho2017,15,-0.002000000000000001,0.03799999999999998,0.04299999999999994,False
film_offset,10,Cho2017,16,0.00400000000000002,-0.01,0.01319999999999998,False
film_offset,10,Cho2017,17,0.02199999999999998,0.045999999999999965,0.01279999999999994,False
film_offset,10,Cho2017,18,0.03999999999999998,0.06999999999999998,0.061,False
film_offset,10,Cho2017,19,0.04999999999999996,0.02999999999999998,0.00840000000000002,False
film_offset,10,Cho2017,20,0.03599999999999998,0.026000000000000002,0.02579999999999994,False
film_offset,10,Cho2017,21,0.032,0.07999999999999999,0.05,False
film_offset,10,Cho2017,22,-0.03399999999999999,-0.03999999999999994,-0.00579999999999996,False
film_offset,10,Cho2017,23,-0.012,0.007999999999999981,0.012800000000000023,False
film_offset,10,Cho2017,24,0.05800000000000003,0.052000000000000005,0.027199999999999957,False
film_offset,10,Cho2017,25,0.017999999999999957,-0.014000000000000023,-0.019200000000000002,False
film_offset,10,Cho2017,26,0.012,0.01,0.03959999999999993,False
film_offset,10,Cho2017,27,0.0019999999999999792,0.025999999999999978,0.007199999999999998,False
film_offset,10,Cho2017,28,0.27199999999999996,0.27999999999999997,0.24679999999999996,False
film_offset,10,Cho2017,29,0.00399999999999996,0.06200000000000002,0.04959999999999998,False
film_offset,10,Cho2017,30,-0.0019999999999999996,0.07799999999999996,0.03599999999999998,False
film_offset,10,Cho2017,31,-0.00999999999999998,0.07799999999999996,0.07299999999999993,False
film_offset,10,Cho2017,32,-0.01999999999999996,-0.00599999999999998,-0.00979999999999996,False
film_offset,10,Cho2017,33,-0.016,0.01399999999999998,0.0078000000000000205,False
film_offset,10,Cho2017,34,0.032,0.01600000000000002,0.01820000000000002,False
film_offset,10,Cho2017,35,0.12199999999999997,0.374,0.2766,False
film_offset,10,Cho2017,36,-0.007999999999999976,0.05599999999999992,0.017799999999999983,False
film_offset,10,Cho2017,37,0.021999999999999957,0.023999999999999938,0.026000000000000016,False
film_offset,10,Cho2017,38,0.015999999999999997,0.00800000000000002,0.02839999999999998,False
film_offset,10,Cho2017,39,0.0020000000000000217,0.03,0.023200000000000002,False
film_offset,10,Cho2017,40,-0.018000000000000002,-0.02399999999999999,-0.019599999999999958,False
film_offset,10,Cho2017,41,0.018,0.06999999999999999,0.046799999999999974,False
film_offset,10,Cho2017,42,-0.04599999999999998,-0.01800000000000002,0.009400000000000002,False
film_offset,10,Cho2017,43,0.002,0.0,0.01899999999999994,False
film_offset,10,Cho2017,44,0.05599999999999998,0.05599999999999998,0.1023999999999999,False
film_offset,10,Cho2017,45,0.021999999999999957,-0.00999999999999998,-0.01279999999999994,False
film_offset,10,Cho2017,46,0.030000000000000016,0.006666666666666661,0.01949999999999998,False
film_offset,10,Cho2017,47,0.15999999999999998,0.18599999999999997,0.14319999999999994,False
film_offset,10,Cho2017,48,0.028000000000000042,0.03800000000000005,0.042200000000000085,False
film_offset,10,Cho2017,49,-0.006000000000000022,0.057999999999999975,0.1364,False
film_offset,10,Cho2017,50,0.18,0.186,0.2366,False
film_offset,10,Cho2017,51,-0.01600000000000004,-0.05400000000000003,0.017599999999999984,False
film_offset,10,Cho2017,52,-0.00599999999999998,0.036,0.03659999999999996,False
film_offset,10,Dreyer2023,1,0.0016666666666666822,0.006666666666666619,0.05049999999999988,False
film_offset,10,Dreyer2023,2,0.0066666666666667,0.01666666666666666,0.013666666666666678,False
film_offset,10,Dreyer2023,3,-0.07999999999999999,0.009999999999999981,0.04016666666666664,False
film_offset,10,Dreyer2023,5,-0.02166666666666666,0.0066666666666666385,0.032999999999999904,False
film_offset,10,Dreyer2023,6,-0.13833333333333325,0.018333333333333358,0.04566666666666662,False
film_offset,10,Dreyer2023,7,-0.0083333333333333,0.00499999999999998,0.06100000000000002,False
film_offset,10,Dreyer2023,8,0.011666666666666704,0.02166666666666664,0.03849999999999992,False
film_offset,10,Dreyer2023,10,-0.01999999999999996,0.03166666666666666,0.07299999999999995,False
film_offset,10,Dreyer2023,11,0.026666666666666637,0.07833333333333325,0.09216666666666666,False
film_offset,10,Dreyer2023,12,-0.03999999999999994,0.00833333333333336,0.07516666666666658,False
film_offset,10,Dreyer2023,13,-0.01000000000000002,0.021666666666666678,0.033166666666666636,False
film_offset,10,Dreyer2023,14,-0.01833333333333332,0.05999999999999992,0.06649999999999992,False
film_offset,10,Dreyer2023,15,-0.008333333333333321,0.03333333333333334,0.04249999999999998,False
film_offset,10,Dreyer2023,16,-0.033333333333333326,0.01000000000000002,0.05566666666666662,False
film_offset,10,Dreyer2023,18,-0.02166666666666666,0.03499999999999996,0.07449999999999994,False
film_offset,10,Dreyer2023,19,0.02499999999999998,0.09999999999999992,0.10583333333333327,False
film_offset,10,Dreyer2023,20,0.056666666666666574,0.0533333333333333,0.06483333333333327,False
film_offset,10,Dreyer2023,21,-0.05666666666666664,0.00666666666666664,0.04599999999999998,False
film_offset,10,Dreyer2023,22,-0.21500000000000002,0.02499999999999996,0.07316666666666667,False
film_offset,10,Dreyer2023,23,-0.0183333333333333,0.008333333333333321,0.04199999999999996,False
film_offset,10,Dreyer2023,24,-0.12999999999999995,0.0049999999999999585,0.07983333333333323,False
film_offset,10,Dreyer2023,25,-1.8735013540549518e-17,0.09499999999999992,0.09850000000000003,False
film_offset,10,Dreyer2023,26,-0.08666666666666663,0.05499999999999994,0.06933333333333322,False
film_offset,10,Dreyer2023,27,-0.023333333333333338,0.04999999999999994,0.08466666666666663,False
film_offset,10,Dreyer2023,28,0.049999999999999975,0.03499999999999996,-0.01016666666666666,False
film_offset,10,Dreyer2023,30,-0.029999999999999936,-0.00999999999999994,0.0181666666666667,False
film_offset,10,Dreyer2023,31,-0.0433333333333333,0.026666666666666637,0.06733333333333327,False
film_offset,10,Dreyer2023,32,-0.01833333333333334,0.06999999999999995,0.11033333333333321,False
film_offset,10,Dreyer2023,33,-0.0016666666666666399,0.02999999999999998,0.04499999999999988,False
film_offset,10,Dreyer2023,34,-0.004999999999999981,0.003333333333333298,0.045666666666666585,False
film_offset,10,Dreyer2023,35,-0.08499999999999996,0.06999999999999992,0.10516666666666656,False
film_offset,10,Dreyer2023,36,-0.0083333333333333,0.01499999999999998,0.017833333333333302,False
film_offset,10,Dreyer2023,37,-0.06666666666666667,0.03999999999999992,0.0694999999999999,False
film_offset,10,Dreyer2023,38,-0.09666666666666661,0.049999999999999954,0.09666666666666662,False
film_offset,10,Dreyer2023,39,0.01333333333333336,0.026666666666666623,0.0351666666666666,False
film_offset,10,Dreyer2023,40,-0.006896551724137921,0.01896551724137932,0.044655172413793,False
film_offset,10,Dreyer2023,42,-0.02999999999999996,0.05166666666666666,0.10033333333333334,False
film_offset,10,Dreyer2023,43,-0.006666666666666659,0.0,0.03249999999999998,False
film_offset,10,Dreyer2023,44,-0.06499999999999996,-0.026666666666666637,0.01100000000000002,False
film_offset,10,Dreyer2023,45,0.05833333333333328,0.025,0.02350000000000002,False
film_offset,10,Dreyer2023,46,-0.05999999999999996,-0.025000000000000022,0.017333333333333277,False
film_offset,10,Dreyer2023,47,3.8857805861880476e-17,1.9428902930940238e-17,0.01783333333333334,False
film_offset,10,Dreyer2023,48,-0.09666666666666664,-0.01999999999999998,-0.0051666666666666805,False
film_offset,10,Dreyer2023,49,-0.12833333333333333,0.01833333333333336,0.0451666666666667,False
film_offset,10,Dreyer2023,50,-0.03999999999999994,0.0316666666666666,0.03416666666666658,False
film_offset,10,Dreyer2023,51,-0.025,0.023333333333333324,0.0666666666666666,False
film_offset,10,Dreyer2023,52,-0.10666666666666666,0.026666666666666637,0.052833333333333274,False
film_offset,10,Dreyer2023,53,-0.01999999999999998,0.02999999999999998,0.04716666666666662,False
film_offset,10,Dreyer2023,54,-0.08666666666666656,0.0033333333333333604,0.051999999999999956,False
film_offset,10,Dreyer2023,55,-0.04333333333333328,0.03166666666666664,0.05049999999999995,False
film_offset,10,Dreyer2023,56,-0.21499999999999994,0.04999999999999996,0.10149999999999997,False
film_offset,10,Dreyer2023,57,0.03499999999999996,0.01999999999999998,0.04750000000000002,False
film_offset,10,Dreyer2023,58,-0.02833333333333326,-1.9428902930940238e-17,0.02999999999999988,False
film_offset,10,Dreyer2023,59,0.00749999999999994,-0.009999999999999998,0.0055000000000000005,False
film_offset,10,Dreyer2023,60,-0.07666666666666659,0.011666666666666678,0.05500000000000001,False
film_offset,10,Dreyer2023,61,-0.07499999999999993,0.02833333333333334,0.07699999999999999,False
film_offset,10,Dreyer2023,62,-0.02833333333333326,0.11000000000000001,0.11849999999999998,False
film_offset,10,Dreyer2023,63,-0.05999999999999996,-0.004999999999999979,0.04283333333333334,False
film_offset,10,Dreyer2023,64,-0.02166666666666666,0.0566666666666666,0.06749999999999991,False
film_offset,10,Dreyer2023,65,-0.019999999999999962,0.0366666666666667,0.0761666666666666,False
film_offset,10,Dreyer2023,66,-0.02,0.00666666666666664,0.034999999999999996,False
film_offset,10,Dreyer2023,67,0.02166666666666664,0.09499999999999995,0.1108333333333333,False
film_offset,10,Dreyer2023,68,0.0316666666666667,0.02833333333333336,0.00749999999999996,False
film_offset,10,Dreyer2023,69,-0.05833333333333331,0.023333333333333258,0.07083333333333322,False
film_offset,10,Dreyer2023,70,-0.015,0.07833333333333328,0.0791666666666666,False
film_offset,10,Dreyer2023,71,-0.08499999999999994,-0.0133333333333333,0.04616666666666666,False
film_offset,10,Dreyer2023,72,0.06999999999999994,0.12333333333333327,0.1041666666666666,False
film_offset,10,Dreyer2023,73,0.06999999999999997,0.13999999999999996,0.15383333333333327,False
film_offset,10,Dreyer2023,74,-0.024999999999999977,0.003333333333333298,0.05283333333333332,False
film_offset,10,Dreyer2023,75,-0.10166666666666664,0.038333333333333296,0.055333333333333304,False
film_offset,10,Dreyer2023,76,-0.05499999999999998,0.10833333333333324,0.11166666666666655,False
film_offset,10,Dreyer2023,77,-0.13666666666666666,0.01,0.03566666666666672,False
film_offset,10,Dreyer2023,80,-0.033333333333333305,0.02166666666666664,0.08233333333333323,False
film_offset,10,Dreyer2023,81,-0.06833333333333327,0.0016666666666666635,0.04983333333333326,False
film_offset,10,Dreyer2023,82,-0.06666666666666664,0.07833333333333325,0.09416666666666665,False
film_offset,10,Dreyer2023,83,-0.025000000000000015,0.0333333333333333,0.0566666666666667,False
film_offset,10,Dreyer2023,84,-0.0016666666666666594,0.021666666666666678,0.0696666666666666,False
film_offset,10,Dreyer2023,85,-0.03833333333333328,0.05833333333333328,0.09316666666666659,False
film_offset,10,Dreyer2023,86,-0.0216666666666666,0.0233333333333333,0.06183333333333324,False
film_offset,10,Dreyer2023,87,-0.0866666666666666,0.053333333333333344,0.08250000000000002,False
film_offset,10,PhysionetMI,1,0.023484848484848504,-0.02272727272727268,0.01356060606060602,False
film_offset,10,PhysionetMI,2,0.0023076923076923205,0.02538461538461536,0.047692307692307624,False
film_offset,10,PhysionetMI,3,-0.033333333333333284,0.0424242424242424,0.13424242424242416,False
film_offset,10,PhysionetMI,4,-0.022727272727272717,-0.004545454545454619,-0.007878787878787843,False
film_offset,10,PhysionetMI,5,-0.11287878787878784,-0.13712121212121212,-0.08742424242424247,False
film_offset,10,PhysionetMI,6,-0.04393939393939396,0.05606060606060601,0.09689393939393942,False
film_offset,10,PhysionetMI,7,-0.0022727272727272986,0.01742424242424242,0.02992424242424242,False
film_offset,10,PhysionetMI,8,-0.018181818181818223,0.02499999999999994,0.08174242424242424,False
film_offset,10,PhysionetMI,9,0.05692307692307692,0.010000000000000044,0.033999999999999975,False
film_offset,10,PhysionetMI,10,0.024615384615384518,0.04538461538461532,0.020076923076923082,False
film_offset,10,PhysionetMI,11,-0.03787878787878784,-0.11060606060606056,-0.09916666666666668,False
film_offset,10,PhysionetMI,12,-0.04924242424242422,0.0166666666666667,0.07787878787878781,False
film_offset,10,PhysionetMI,13,0.10530303030303023,0.0356060606060606,0.019772727272727258,False
film_offset,10,PhysionetMI,14,0.047727272727272764,0.06742424242424244,0.06659090909090908,False
film_offset,10,PhysionetMI,15,0.01692307692307688,0.05692307692307689,0.09661538461538456,False
film_offset,10,PhysionetMI,16,-0.06742424242424244,-0.054545454545454494,-0.02765151515151514,False
film_offset,10,PhysionetMI,17,-0.0068181818181818395,-0.04924242424242422,0.04507575757575753,False
film_offset,10,PhysionetMI,18,0.03560606060606058,-0.0007575757575757201,0.02454545454545448,False
film_offset,10,PhysionetMI,19,-0.03484848484848489,0.03484848484848484,0.10757575757575757,False
film_offset,10,PhysionetMI,20,0.07348484848484842,0.11439393939393935,0.1265909090909091,False
film_offset,10,PhysionetMI,21,0.026515151515151502,0.07121212121212118,0.07803030303030299,False
film_offset,10,PhysionetMI,22,-0.0204545454545454,0.03409090909090908,0.07484848484848478,False
film_offset,10,PhysionetMI,23,0.006923076923076958,-0.01153846153846154,0.0352307692307692,False
film_offset,10,PhysionetMI,24,-0.035606060606060544,-0.0242424242424242,0.029090909090909157,False
film_offset,10,PhysionetMI,25,-0.041666666666666644,0.025757575757575778,0.0436363636363636,False
film_offset,10,PhysionetMI,26,-0.11230769230769225,-0.10615384615384613,-0.07230769230769228,False
film_offset,10,PhysionetMI,27,-0.05606060606060602,0.0015151515151515388,0.0328787878787879,False
film_offset,10,PhysionetMI,28,0.09545454545454543,0.08712121212121211,0.09621212121212115,False
film_offset,10,PhysionetMI,29,0.07348484848484849,0.05454545454545454,0.04242424242424246,False
film_offset,10,PhysionetMI,30,-0.016666666666666656,-0.026515151515151502,0.0005303030303030416,False
film_offset,10,PhysionetMI,31,0.04166666666666666,0.020454545454545482,0.027424242424242424,False
film_offset,10,PhysionetMI,32,-0.06769230769230764,0.00538461538461538,0.08984615384615383,False
film_offset,10,PhysionetMI,33,-0.0037878787878787997,-0.0022727272727272986,0.0247727272727273,False
film_offset,10,PhysionetMI,34,0.07692307692307694,0.025384615384615467,0.08661538461538468,False
film_offset,10,PhysionetMI,35,0.030303030303030297,0.03409090909090908,0.0806060606060606,False
film_offset,10,PhysionetMI,36,-0.032575757575757536,-0.05757575757575758,-0.03363636363636368,False
film_offset,10,PhysionetMI,37,0.134090909090909,0.15606060606060604,0.128030303030303,False
film_offset,10,PhysionetMI,38,0.03257575757575758,-0.002272727272727281,-0.011363636363636343,False
film_offset,10,PhysionetMI,39,-0.02651515151515152,0.03712121212121206,0.04325757575757568,False
film_offset,10,PhysionetMI,40,0.03863636363636362,0.07348484848484846,0.0756060606060606,False
film_offset,10,PhysionetMI,41,-0.11307692307692307,-0.0846153846153846,-0.02576923076923074,False
film_offset,10,PhysionetMI,42,0.01439393939393942,0.04242424242424242,0.05977272727272729,False
film_offset,10,PhysionetMI,43,0.10757575757575752,0.08409090909090908,0.08249999999999998,False
film_offset,10,PhysionetMI,44,-0.056818181818181754,-0.03712121212121204,0.00636363636363642,False
film_offset,10,PhysionetMI,45,0.05,0.0090909090909091,0.012424242424242421,False
film_offset,10,PhysionetMI,46,0.015909090909090862,-0.008333333333333378,0.010075757575757582,False
film_offset,10,PhysionetMI,47,0.004545454545454538,0.04242424242424238,0.0656060606060606,False
film_offset,10,PhysionetMI,48,-0.016666666666666642,-0.00909090909090906,0.026060606060606,False
film_offset,10,PhysionetMI,49,0.053030303030303004,0.02651515151515154,0.022954545454545464,False
film_offset,10,PhysionetMI,50,0.09924242424242417,0.12575757575757568,0.07189393939393937,False
film_offset,10,PhysionetMI,51,-0.01590909090909092,0.09242424242424241,0.10999999999999995,False
film_offset,10,PhysionetMI,52,-0.02538461538461536,0.00153846153846158,0.0747692307692307,False
film_offset,10,PhysionetMI,53,0.10075757575757564,0.11060606060606049,0.1112121212121211,False
film_offset,10,PhysionetMI,54,0.03333333333333332,0.00757575757575758,0.014090909090909121,False
film_offset,10,PhysionetMI,55,-0.027272727272727282,-0.03636363636363636,-0.011893939393939321,False
film_offset,10,PhysionetMI,56,-0.012121212121212126,0.01515151515151516,0.0699242424242423,False
film_offset,10,PhysionetMI,57,0.025000000000000022,-0.008333333333333259,-0.00590909090909094,False
film_offset,10,PhysionetMI,58,0.07307692307692307,0.07615384615384611,0.06761538461538459,False
film_offset,10,PhysionetMI,59,0.026515151515151502,0.01969696969696964,0.05310606060606056,False
film_offset,10,PhysionetMI,60,-0.03538461538461538,0.05384615384615388,0.04961538461538454,False
film_offset,10,PhysionetMI,61,0.01818181818181818,0.01818181818181818,0.02492424242424242,False
film_offset,10,PhysionetMI,62,0.0166666666666666,0.0083333333333333,0.03204545454545444,False
film_offset,10,PhysionetMI,63,-0.05530303030303034,-0.004545454545454559,0.050530303030303,False
film_offset,10,PhysionetMI,64,0.07575757575757575,0.07727272727272727,0.0521212121212121,False
film_offset,10,PhysionetMI,65,0.04015151515151514,0.0742424242424242,0.06333333333333328,False
film_offset,10,PhysionetMI,66,-0.0962121212121212,-0.10530303030303023,-0.05348484848484843,False
film_offset,10,PhysionetMI,67,0.017424242424242443,0.06363636363636366,0.041590909090909116,False
film_offset,10,PhysionetMI,68,-0.043181818181818175,-0.029545454545454562,0.04090909090909086,False
film_offset,10,PhysionetMI,69,0.02076923076923078,0.12615384615384612,0.13215384615384612,False
film_offset,10,PhysionetMI,70,0.009848484848484818,0.0007575757575757388,0.052272727272727235,False
film_offset,10,PhysionetMI,71,-0.025,-1.9428902930940238e-17,0.0442424242424242,False
film_offset,10,PhysionetMI,72,0.00909090909090908,0.01818181818181816,0.022121212121212118,False
film_offset,10,PhysionetMI,73,-0.042424242424242406,0.009090909090909078,-0.02583333333333334,False
film_offset,10,PhysionetMI,74,-0.08333333333333329,-0.01287878787878792,0.10833333333333339,False
film_offset,10,PhysionetMI,75,-0.06439393939393934,-0.04924242424242426,-0.029166666666666702,False
film_offset,10,PhysionetMI,76,-0.14015151515151508,-0.12651515151515147,-0.11749999999999994,False
film_offset,10,PhysionetMI,77,0.03939393939393942,0.027272727272727337,0.022575757575757603,False
film_offset,10,PhysionetMI,78,0.013636363636363618,0.011363636363636359,0.01204545454545454,False
film_offset,10,PhysionetMI,79,-0.06060606060606062,-0.041666666666666664,0.02356060606060608,False
film_offset,10,PhysionetMI,80,-0.0207692307692308,-0.03307692307692306,-0.03223076923076912,False
film_offset,10,PhysionetMI,81,-0.00378787878787884,0.031060606060605976,0.06734848484848478,False
film_offset,10,PhysionetMI,82,0.006060606060606061,0.047727272727272715,0.06151515151515154,False
film_offset,10,PhysionetMI,83,0.049999999999999975,0.13999999999999996,0.15776923076923072,False
film_offset,10,PhysionetMI,84,0.01969696969696974,-0.015151515151515079,-0.009545454545454643,False
film_offset,10,PhysionetMI,85,-0.0386363636363636,0.02045454545454542,0.06189393939393935,False
film_offset,10,PhysionetMI,86,-0.0023076923076923205,-0.0023076923076923205,0.04446153846153842,False
film_offset,10,PhysionetMI,87,-0.030303030303030304,-0.003030303030303022,0.01871212121212118,False
film_offset,10,PhysionetMI,90,-0.009848484848484782,0.0083333333333333,0.09886363636363633,False
film_offset,10,PhysionetMI,91,-0.01893939393939392,0.01893939393939386,0.15734848484848482,False
film_offset,10,PhysionetMI,93,0.03863636363636364,0.08333333333333329,0.05477272727272718,False
film_offset,10,PhysionetMI,94,0.03333333333333336,0.09318181818181823,0.1321969696969697,False
film_offset,10,PhysionetMI,95,-0.03307692307692307,-0.0269230769230769,0.013999999999999962,False
film_offset,10,PhysionetMI,96,-0.011363636363636357,0.045454545454545456,0.0662121212121212,False
film_offset,10,PhysionetMI,97,0.03181818181818182,0.03863636363636362,0.04462121212121214,False
film_offset,10,PhysionetMI,98,-0.027272727272727244,0.03560606060606058,0.03431818181818178,False
film_offset,10,PhysionetMI,99,-0.01590909090909086,-0.06439393939393932,-0.04651515151515152,False
film_offset,10,PhysionetMI,101,0.06076923076923074,0.0776923076923077,0.0712307692307692,False
film_offset,10,PhysionetMI,102,0.13106060606060604,0.17575757575757575,0.13325757575757574,False
film_offset,10,PhysionetMI,103,-0.024999999999999977,-0.02348484848484844,0.029393939393939417,False
film_offset,10,PhysionetMI,105,-0.00378787878787884,0.0249999999999999,0.0640151515151515,False
film_offset,10,PhysionetMI,107,-0.046969696969696925,-0.01060606060606058,0.00598484848484848,False
film_offset,10,PhysionetMI,108,-0.09999999999999998,0.11666666666666665,0.10704545454545458,False
film_offset,10,PhysionetMI,109,-0.007575757575757519,0.07878787878787878,0.05780303030303028,False
film_offset,20,Cho2017,1,0.06199999999999998,0.07599999999999993,0.09039999999999992,False
film_offset,20,Cho2017,2,0.012,-0.010000000000000021,-0.01719999999999996,False
film_offset,20,Cho2017,3,0.07999999999999993,0.166,0.1418,False
film_offset,20,Cho2017,4,0.09199999999999996,0.11199999999999992,0.058799999999999984,False
film_offset,20,Cho2017,5,-0.006,-0.006,0.06999999999999994,False
film_offset,20,Cho2017,6,-0.03800000000000002,0.025999999999999957,0.07,False
film_offset,20,Cho2017,7,0.011666666666666662,0.0333333333333333,0.0001666666666666608,False
film_offset,20,Cho2017,8,-0.02199999999999998,-0.02799999999999996,0.0036000000000000003,False
film_offset,20,Cho2017,9,0.030000000000000006,0.0983333333333333,0.051999999999999956,False
film_offset,20,Cho2017,10,0.035999999999999976,0.049999999999999954,0.04260000000000002,False
film_offset,20,Cho2017,11,-0.015999999999999997,-0.04,-0.015200000000000019,False
film_offset,20,Cho2017,12,0.05599999999999998,0.13,0.14780000000000001,False
film_offset,20,Cho2017,13,0.16399999999999998,0.3219999999999999,0.2632,False
film_offset,20,Cho2017,14,0.22199999999999992,0.22599999999999998,0.2412,False
film_offset,20,Cho2017,15,0.012,0.03799999999999998,0.04299999999999994,False
film_offset,20,Cho2017,16,-0.02599999999999994,-0.01,0.01319999999999998,False
film_offset,20,Cho2017,17,0.01599999999999998,0.045999999999999965,0.01279999999999994,False
film_offset,20,Cho2017,18,-0.003999999999999958,0.06999999999999998,0.061,False
film_offset,20,Cho2017,19,0.0020000000000000213,0.02999999999999998,0.00840000000000002,False
film_offset,20,Cho2017,20,0.014000000000000023,0.026000000000000002,0.02579999999999994,False
film_offset,20,Cho2017,21,0.07599999999999996,0.07999999999999999,0.05,False
film_offset,20,Cho2017,22,-0.012000000000000023,-0.03999999999999994,-0.00579999999999996,False
film_offset,20,Cho2017,23,-0.01599999999999998,0.007999999999999981,0.012800000000000023,False
film_offset,20,Cho2017,24,0.032,0.052000000000000005,0.027199999999999957,False
film_offset,20,Cho2017,25,0.011999999999999938,-0.014000000000000023,-0.019200000000000002,False
film_offset,20,Cho2017,26,0.012,0.01,0.03959999999999993,False
film_offset,20,Cho2017,27,0.005999999999999979,0.025999999999999978,0.007199999999999998,False
film_offset,20,Cho2017,28,0.26399999999999996,0.27999999999999997,0.24679999999999996,False
film_offset,20,Cho2017,29,-0.003999999999999991,0.06200000000000002,0.04959999999999998,False
film_offset,20,Cho2017,30,0.0040000000000000625,0.07799999999999996,0.03599999999999998,False
film_offset,20,Cho2017,31,-0.025999999999999978,0.07799999999999996,0.07299999999999993,False
film_offset,20,Cho2017,32,-0.03399999999999996,-0.00599999999999998,-0.00979999999999996,False
film_offset,20,Cho2017,33,-0.01000000000000001,0.01399999999999998,0.0078000000000000205,False
film_offset,20,Cho2017,34,-0.005999999999999979,0.01600000000000002,0.01820000000000002,False
film_offset,20,Cho2017,35,0.07399999999999995,0.374,0.2766,False
film_offset,20,Cho2017,36,-0.0020000000000000213,0.05599999999999992,0.017799999999999983,False
film_offset,20,Cho2017,37,0.035999999999999935,0.023999999999999938,0.026000000000000016,False
film_offset,20,Cho2017,38,-0.008000000000000002,0.00800000000000002,0.02839999999999998,False
film_offset,20,Cho2017,39,-0.003999999999999999,0.03,0.023200000000000002,False
film_offset,20,Cho2017,40,-0.02999999999999996,-0.02399999999999999,-0.019599999999999958,False
film_offset,20,Cho2017,41,0.028000000000000004,0.06999999999999999,0.046799999999999974,False
film_offset,20,Cho2017,42,-0.038,-0.01800000000000002,0.009400000000000002,False
film_offset,20,Cho2017,43,0.002,0.0,0.01899999999999994,False
film_offset,20,Cho2017,44,0.04599999999999998,0.05599999999999998,0.1023999999999999,False
film_offset,20,Cho2017,45,-0.006000000000000021,-0.00999999999999998,-0.01279999999999994,False
film_offset,20,Cho2017,46,0.01833333333333336,0.006666666666666661,0.01949999999999998,False
film_offset,20,Cho2017,47,0.1639999999999999,0.18599999999999997,0.14319999999999994,False
film_offset,20,Cho2017,48,0.05,0.03800000000000005,0.042200000000000085,False
film_offset,20,Cho2017,49,-0.0020000000000000183,0.057999999999999975,0.1364,False
film_offset,20,Cho2017,50,0.18,0.186,0.2366,False
film_offset,20,Cho2017,51,0.01799999999999996,-0.05400000000000003,0.017599999999999984,False
film_offset,20,Cho2017,52,-0.01599999999999998,0.036,0.03659999999999996,False
film_offset,20,Dreyer2023,1,-0.02833333333333332,0.006666666666666619,0.05049999999999988,False
film_offset,20,Dreyer2023,2,0.04833333333333332,0.01666666666666666,0.013666666666666678,False
film_offset,20,Dreyer2023,3,-0.04000000000000002,0.009999999999999981,0.04016666666666664,False
film_offset,20,Dreyer2023,5,-0.02166666666666664,0.0066666666666666385,0.032999999999999904,False
film_offset,20,Dreyer2023,6,-0.0033333333333333214,0.018333333333333358,0.04566666666666662,False
film_offset,20,Dreyer2023,7,-0.006666666666666659,0.00499999999999998,0.06100000000000002,False
film_offset,20,Dreyer2023,8,0.0133333333333333,0.02166666666666664,0.03849999999999992,False
film_offset,20,Dreyer2023,10,-0.01166666666666666,0.03166666666666666,0.07299999999999995,False
film_offset,20,Dreyer2023,11,0.009999999999999981,0.07833333333333325,0.09216666666666666,False
film_offset,20,Dreyer2023,12,-0.03833333333333328,0.00833333333333336,0.07516666666666658,False
film_offset,20,Dreyer2023,13,-0.024999999999999977,0.021666666666666678,0.033166666666666636,False
film_offset,20,Dreyer2023,14,0.011666666666666641,0.05999999999999992,0.06649999999999992,False
film_offset,20,Dreyer2023,15,0.0016666666666666995,0.03333333333333334,0.04249999999999998,False
film_offset,20,Dreyer2023,16,-0.024999999999999942,0.01000000000000002,0.05566666666666662,False
film_offset,20,Dreyer2023,18,-0.00166666666666666,0.03499999999999996,0.07449999999999994,False
film_offset,20,Dreyer2023,19,0.04333333333333328,0.09999999999999992,0.10583333333333327,False
film_offset,20,Dreyer2023,20,0.06499999999999995,0.0533333333333333,0.06483333333333327,False
film_offset,20,Dreyer2023,21,0.005,0.00666666666666664,0.04599999999999998,False
film_offset,20,Dreyer2023,22,-0.07666666666666663,0.02499999999999996,0.07316666666666667,False
film_offset,20,Dreyer2023,23,-0.03333333333333334,0.008333333333333321,0.04199999999999996,False
film_offset,20,Dreyer2023,24,-0.12499999999999992,0.0049999999999999585,0.07983333333333323,False
film_offset,20,Dreyer2023,25,0.006666666666666621,0.09499999999999992,0.09850000000000003,False
film_offset,20,Dreyer2023,26,-0.00833333333333334,0.05499999999999994,0.06933333333333322,False
film_offset,20,Dreyer2023,27,0.02999999999999996,0.04999999999999994,0.08466666666666663,False
film_offset,20,Dreyer2023,28,-0.02833333333333334,0.03499999999999996,-0.01016666666666666,False
film_offset,20,Dreyer2023,30,-0.036666666666666556,-0.00999999999999994,0.0181666666666667,False
film_offset,20,Dreyer2023,31,0.01999999999999998,0.026666666666666637,0.06733333333333327,False
film_offset,20,Dreyer2023,32,0.0283333333333333,0.06999999999999995,0.11033333333333321,False
film_offset,20,Dreyer2023,33,-0.004999999999999979,0.02999999999999998,0.04499999999999988,False
film_offset,20,Dreyer2023,34,-0.03,0.003333333333333298,0.045666666666666585,False
film_offset,20,Dreyer2023,35,-0.08833333333333332,0.06999999999999992,0.10516666666666656,False
film_offset,20,Dreyer2023,36,-0.03499999999999996,0.01499999999999998,0.017833333333333302,False
film_offset,20,Dreyer2023,37,-0.01000000000000002,0.03999999999999992,0.0694999999999999,False
film_offset,20,Dreyer2023,38,0.011666666666666641,0.049999999999999954,0.09666666666666662,False
film_offset,20,Dreyer2023,39,0.018333333333333302,0.026666666666666623,0.0351666666666666,False
film_offset,20,Dreyer2023,40,-0.0189655172413793,0.01896551724137932,0.044655172413793,False
film_offset,20,Dreyer2023,42,-0.05833333333333329,0.05166666666666666,0.10033333333333334,False
film_offset,20,Dreyer2023,43,0.00333333333333334,0.0,0.03249999999999998,False
film_offset,20,Dreyer2023,44,-0.034999999999999996,-0.026666666666666637,0.01100000000000002,False
film_offset,20,Dreyer2023,45,0.038333333333333296,0.025,0.02350000000000002,False
film_offset,20,Dreyer2023,46,-0.07499999999999996,-0.025000000000000022,0.017333333333333277,False
film_offset,20,Dreyer2023,47,0.0016666666666667004,1.9428902930940238e-17,0.01783333333333334,False
film_offset,20,Dreyer2023,48,-0.06666666666666668,-0.01999999999999998,-0.0051666666666666805,False
film_offset,20,Dreyer2023,49,0.02166666666666664,0.01833333333333336,0.0451666666666667,False
film_offset,20,Dreyer2023,50,-0.04333333333333332,0.0316666666666666,0.03416666666666658,False
film_offset,20,Dreyer2023,51,-0.0433333333333333,0.023333333333333324,0.0666666666666666,False
film_offset,20,Dreyer2023,52,-0.07166666666666664,0.026666666666666637,0.052833333333333274,False
film_offset,20,Dreyer2023,53,0.03,0.02999999999999998,0.04716666666666662,False
film_offset,20,Dreyer2023,54,0.010000000000000061,0.0033333333333333604,0.051999999999999956,False
film_offset,20,Dreyer2023,55,-0.00333333333333332,0.03166666666666664,0.05049999999999995,False
film_offset,20,Dreyer2023,56,-0.08666666666666664,0.04999999999999996,0.10149999999999997,False
film_offset,20,Dreyer2023,57,-0.01333333333333334,0.01999999999999998,0.04750000000000002,False
film_offset,20,Dreyer2023,58,-0.009999999999999941,-1.9428902930940238e-17,0.02999999999999988,False
film_offset,20,Dreyer2023,59,0.01999999999999994,-0.009999999999999998,0.0055000000000000005,False
film_offset,20,Dreyer2023,60,-0.05166666666666662,0.011666666666666678,0.05500000000000001,False
film_offset,20,Dreyer2023,61,-0.036666666666666625,0.02833333333333334,0.07699999999999999,False
film_offset,20,Dreyer2023,62,-0.009999999999999941,0.11000000000000001,0.11849999999999998,False
film_offset,20,Dreyer2023,63,-0.006666666666666642,-0.004999999999999979,0.04283333333333334,False
film_offset,20,Dreyer2023,64,0.02499999999999996,0.0566666666666666,0.06749999999999991,False
film_offset,20,Dreyer2023,65,0.01333333333333336,0.0366666666666667,0.0761666666666666,False
film_offset,20,Dreyer2023,66,0.013333333333333319,0.00666666666666664,0.034999999999999996,False
film_offset,20,Dreyer2023,67,0.1066666666666666,0.09499999999999995,0.1108333333333333,False
film_offset,20,Dreyer2023,68,0.00666666666666668,0.02833333333333336,0.00749999999999996,False
film_offset,20,Dreyer2023,69,-0.08833333333333329,0.023333333333333258,0.07083333333333322,False
film_offset,20,Dreyer2023,70,0.033333333333333284,0.07833333333333328,0.0791666666666666,False
film_offset,20,Dreyer2023,71,-0.04499999999999994,-0.0133333333333333,0.04616666666666666,False
film_offset,20,Dreyer2023,72,0.06333333333333328,0.12333333333333327,0.1041666666666666,False
film_offset,20,Dreyer2023,73,0.0116666666666667,0.13999999999999996,0.15383333333333327,False
film_offset,20,Dreyer2023,74,-0.04833333333333336,0.003333333333333298,0.05283333333333332,False
film_offset,20,Dreyer2023,75,-0.02999999999999996,0.038333333333333296,0.055333333333333304,False
film_offset,20,Dreyer2023,76,0.026666666666666637,0.10833333333333324,0.11166666666666655,False
film_offset,20,Dreyer2023,77,-0.035,0.01,0.03566666666666672,False
film_offset,20,Dreyer2023,80,-0.04999999999999994,0.02166666666666664,0.08233333333333323,False
film_offset,20,Dreyer2023,81,-0.03,0.0016666666666666635,0.04983333333333326,False
film_offset,20,Dreyer2023,82,0.02666666666666668,0.07833333333333325,0.09416666666666665,False
film_offset,20,Dreyer2023,83,0.029999999999999943,0.0333333333333333,0.0566666666666667,False
film_offset,20,Dreyer2023,84,-0.01,0.021666666666666678,0.0696666666666666,False
film_offset,20,Dreyer2023,85,-0.0016666666666666798,0.05833333333333328,0.09316666666666659,False
film_offset,20,Dreyer2023,86,-0.01999999999999998,0.0233333333333333,0.06183333333333324,False
film_offset,20,Dreyer2023,87,-0.07666666666666659,0.053333333333333344,0.08250000000000002,False
film_offset,20,PhysionetMI,1,0.01439393939393942,-0.02272727272727268,0.01356060606060602,False
film_offset,20,PhysionetMI,2,0.01999999999999998,0.02538461538461536,0.047692307692307624,False
film_offset,20,PhysionetMI,3,0.023484848484848542,0.0424242424242424,0.13424242424242416,False
film_offset,20,PhysionetMI,4,-0.0136363636363637,-0.004545454545454619,-0.007878787878787843,False
film_offset,20,PhysionetMI,5,-0.10151515151515145,-0.13712121212121212,-0.08742424242424247,False
film_offset,20,PhysionetMI,6,0.04696969696969694,0.05606060606060601,0.09689393939393942,False
film_offset,20,PhysionetMI,7,0.00833333333333334,0.01742424242424242,0.02992424242424242,False
film_offset,20,PhysionetMI,8,-0.03939393939393942,0.02499999999999994,0.08174242424242424,False
film_offset,20,PhysionetMI,9,0.010000000000000044,0.010000000000000044,0.033999999999999975,False
film_offset,20,PhysionetMI,10,0.028461538461538417,0.04538461538461532,0.020076923076923082,False
film_offset,20,PhysionetMI,11,-0.06893939393939397,-0.11060606060606056,-0.09916666666666668,False
film_offset,20,PhysionetMI,12,0.0007575757575757596,0.0166666666666667,0.07787878787878781,False
film_offset,20,PhysionetMI,13,0.0030303030303030385,0.0356060606060606,0.019772727272727258,False
film_offset,20,PhysionetMI,14,0.06590909090909086,0.06742424242424244,0.06659090909090908,False
film_offset,20,PhysionetMI,15,0.029230769230769227,0.05692307692307689,0.09661538461538456,False
film_offset,20,PhysionetMI,16,-0.06439393939393938,-0.054545454545454494,-0.02765151515151514,False
film_offset,20,PhysionetMI,17,-0.052272727272727304,-0.04924242424242422,0.04507575757575753,False
film_offset,20,PhysionetMI,18,-0.0007575757575757201,-0.0007575757575757201,0.02454545454545448,False
film_offset,20,PhysionetMI,19,0.0068181818181818395,0.03484848484848484,0.10757575757575757,False
film_offset,20,PhysionetMI,20,0.0984848484848484,0.11439393939393935,0.1265909090909091,False
film_offset,20,PhysionetMI,21,0.05227272727272726,0.07121212121212118,0.07803030303030299,False
film_offset,20,PhysionetMI,22,0.025,0.03409090909090908,0.07484848484848478,False
film_offset,20,PhysionetMI,23,-0.031538461538461585,-0.01153846153846154,0.0352307692307692,False
film_offset,20,PhysionetMI,24,-0.02121212121212116,-0.0242424242424242,0.029090909090909157,False
film_offset,20,PhysionetMI,25,-0.01742424242424238,0.025757575757575778,0.0436363636363636,False
film_offset,20,PhysionetMI,26,-0.07307692307692304,-0.10615384615384613,-0.07230769230769228,False
film_offset,20,PhysionetMI,27,0.00984848484848486,0.0015151515151515388,0.0328787878787879,False
film_offset,20,PhysionetMI,28,0.07727272727272724,0.08712121212121211,0.09621212121212115,False
film_offset,20,PhysionetMI,29,0.05303030303030306,0.05454545454545454,0.04242424242424246,False
film_offset,20,PhysionetMI,30,-0.008333333333333321,-0.026515151515151502,0.0005303030303030416,False
film_offset,20,PhysionetMI,31,0.0037878787878788205,0.020454545454545482,0.027424242424242424,False
film_offset,20,PhysionetMI,32,-0.01769230769230766,0.00538461538461538,0.08984615384615383,False
film_offset,20,PhysionetMI,33,-0.01136363636363638,-0.0022727272727272986,0.0247727272727273,False
film_offset,20,PhysionetMI,34,0.017692307692307764,0.025384615384615467,0.08661538461538468,False
film_offset,20,PhysionetMI,35,0.0621212121212121,0.03409090909090908,0.0806060606060606,False
film_offset,20,PhysionetMI,36,-0.03863636363636366,-0.05757575757575758,-0.03363636363636368,False
film_offset,20,PhysionetMI,37,0.16666666666666666,0.15606060606060604,0.128030303030303,False
film_offset,20,PhysionetMI,38,-0.02424242424242422,-0.002272727272727281,-0.011363636363636343,False
film_offset,20,PhysionetMI,39,0.04924242424242418,0.03712121212121206,0.04325757575757568,False
film_offset,20,PhysionetMI,40,0.0727272727272727,0.07348484848484846,0.0756060606060606,False
film_offset,20,PhysionetMI,41,-0.01692307692307696,-0.0846153846153846,-0.02576923076923074,False
film_offset,20,PhysionetMI,42,0.03409090909090908,0.04242424242424242,0.05977272727272729,False
film_offset,20,PhysionetMI,43,0.08333333333333333,0.08409090909090908,0.08249999999999998,False
film_offset,20,PhysionetMI,44,-0.018939393939393902,-0.03712121212121204,0.00636363636363642,False
film_offset,20,PhysionetMI,45,0.025757575757575757,0.0090909090909091,0.012424242424242421,False
film_offset,20,PhysionetMI,46,0.0007575757575757402,-0.008333333333333378,0.010075757575757582,False
film_offset,20,PhysionetMI,47,0.05909090909090906,0.04242424242424238,0.0656060606060606,False
film_offset,20,PhysionetMI,48,-0.01742424242424242,-0.00909090909090906,0.026060606060606,False
film_offset,20,PhysionetMI,49,0.02651515151515148,0.02651515151515154,0.022954545454545464,False
film_offset,20,PhysionetMI,50,0.11666666666666661,0.12575757575757568,0.07189393939393937,False
film_offset,20,PhysionetMI,51,0.09242424242424242,0.09242424242424241,0.10999999999999995,False
film_offset,20,PhysionetMI,52,0.04076923076923076,0.00153846153846158,0.0747692307692307,False
film_offset,20,PhysionetMI,53,0.11060606060606049,0.11060606060606049,0.1112121212121211,False
film_offset,20,PhysionetMI,54,0.02499999999999998,0.00757575757575758,0.014090909090909121,False
film_offset,20,PhysionetMI,55,-0.03636363636363636,-0.03636363636363636,-0.011893939393939321,False
film_offset,20,PhysionetMI,56,0.01515151515151512,0.01515151515151516,0.0699242424242423,False
film_offset,20,PhysionetMI,57,-0.008333333333333259,-0.008333333333333259,-0.00590909090909094,False
film_offset,20,PhysionetMI,58,0.10384615384615385,0.07615384615384611,0.06761538461538459,False
film_offset,20,PhysionetMI,59,0.0022727272727272596,0.01969696969696964,0.05310606060606056,False
film_offset,20,PhysionetMI,60,0.06000000000000002,0.05384615384615388,0.04961538461538454,False
film_offset,20,PhysionetMI,61,0.01818181818181818,0.01818181818181818,0.02492424242424242,False
film_offset,20,PhysionetMI,62,-4.0245584642661923e-17,0.0083333333333333,0.03204545454545444,False
film_offset,20,PhysionetMI,63,-0.02121212121212122,-0.004545454545454559,0.050530303030303,False
film_offset,20,PhysionetMI,64,0.09393939393939396,0.07727272727272727,0.0521212121212121,False
film_offset,20,PhysionetMI,65,0.05757575757575756,0.0742424242424242,0.06333333333333328,False
film_offset,20,PhysionetMI,66,-0.06969696969696966,-0.10530303030303023,-0.05348484848484843,False
film_offset,20,PhysionetMI,67,0.005303030303030321,0.06363636363636366,0.041590909090909116,False
film_offset,20,PhysionetMI,68,-0.0007575757575757587,-0.029545454545454562,0.04090909090909086,False
film_offset,20,PhysionetMI,69,0.09076923076923073,0.12615384615384612,0.13215384615384612,False
film_offset,20,PhysionetMI,70,0.0007575757575757388,0.0007575757575757388,0.052272727272727235,False
film_offset,20,PhysionetMI,71,-0.0090909090909091,-1.9428902930940238e-17,0.0442424242424242,False
film_offset,20,PhysionetMI,72,0.00909090909090908,0.01818181818181816,0.022121212121212118,False
film_offset,20,PhysionetMI,73,-0.0007575757575757593,0.009090909090909078,-0.02583333333333334,False
film_offset,20,PhysionetMI,74,-0.03636363636363636,-0.01287878787878792,0.10833333333333339,False
film_offset,20,PhysionetMI,75,-0.07803030303030303,-0.04924242424242426,-0.029166666666666702,False
film_offset,20,PhysionetMI,76,-0.12878787878787873,-0.12651515151515147,-0.11749999999999994,False
film_offset,20,PhysionetMI,77,0.03636363636363638,0.027272727272727337,0.022575757575757603,False
film_offset,20,PhysionetMI,78,-0.023484848484848435,0.011363636363636359,0.01204545454545454,False
film_offset,20,PhysionetMI,79,-0.08257575757575762,-0.041666666666666664,0.02356060606060608,False
film_offset,20,PhysionetMI,80,0.015384615384615377,-0.03307692307692306,-0.03223076923076912,False
film_offset,20,PhysionetMI,81,0.00606060606060594,0.031060606060605976,0.06734848484848478,False
film_offset,20,PhysionetMI,82,0.04015151515151514,0.047727272727272715,0.06151515151515154,False
film_offset,20,PhysionetMI,83,0.03307692307692306,0.13999999999999996,0.15776923076923072,False
film_offset,20,PhysionetMI,84,-0.015151515151515079,-0.015151515151515079,-0.009545454545454643,False
film_offset,20,PhysionetMI,85,0.04469696969696964,0.02045454545454542,0.06189393939393935,False
film_offset,20,PhysionetMI,86,-0.0023076923076923205,-0.0023076923076923205,0.04446153846153842,False
film_offset,20,PhysionetMI,87,0.007575757575757618,-0.003030303030303022,0.01871212121212118,False
film_offset,20,PhysionetMI,90,0.0090909090909091,0.0083333333333333,0.09886363636363633,False
film_offset,20,PhysionetMI,91,-0.056060606060606054,0.01893939393939386,0.15734848484848482,False
film_offset,20,PhysionetMI,93,0.0651515151515151,0.08333333333333329,0.05477272727272718,False
film_offset,20,PhysionetMI,94,0.07196969696969696,0.09318181818181823,0.1321969696969697,False
film_offset,20,PhysionetMI,95,0.00153846153846158,-0.0269230769230769,0.013999999999999962,False
film_offset,20,PhysionetMI,96,0.045454545454545484,0.045454545454545456,0.0662121212121212,False
film_offset,20,PhysionetMI,97,0.0378787878787879,0.03863636363636362,0.04462121212121214,False
film_offset,20,PhysionetMI,98,-0.018939393939393943,0.03560606060606058,0.03431818181818178,False
film_offset,20,PhysionetMI,99,-0.05833333333333328,-0.06439393939393932,-0.04651515151515152,False
film_offset,20,PhysionetMI,101,0.06769230769230769,0.0776923076923077,0.0712307692307692,False
film_offset,20,PhysionetMI,102,0.15833333333333335,0.17575757575757575,0.13325757575757574,False
film_offset,20,PhysionetMI,103,-0.05909090909090904,-0.02348484848484844,0.029393939393939417,False
film_offset,20,PhysionetMI,105,-0.0022727272727273594,0.0249999999999999,0.0640151515151515,False
film_offset,20,PhysionetMI,107,0.037121212121212124,-0.01060606060606058,0.00598484848484848,False
film_offset,20,PhysionetMI,108,0.10757575757575752,0.11666666666666665,0.10704545454545458,False
film_offset,20,PhysionetMI,109,0.1659090909090909,0.07878787878787878,0.05780303030303028,False
film_offset,40,Cho2017,1,0.05999999999999996,0.07599999999999993,0.09039999999999992,False
film_offset,40,Cho2017,2,0.034,-0.010000000000000021,-0.01719999999999996,False
film_offset,40,Cho2017,3,0.2,0.166,0.1418,False
film_offset,40,Cho2017,4,0.10599999999999994,0.11199999999999992,0.058799999999999984,False
film_offset,40,Cho2017,5,-0.006,-0.006,0.06999999999999994,False
film_offset,40,Cho2017,6,-0.01600000000000002,0.025999999999999957,0.07,False
film_offset,40,Cho2017,7,0.023333333333333338,0.0333333333333333,0.0001666666666666608,False
film_offset,40,Cho2017,8,-0.007999999999999998,-0.02799999999999996,0.0036000000000000003,False
film_offset,40,Cho2017,9,0.06499999999999997,0.0983333333333333,0.051999999999999956,False
film_offset,40,Cho2017,10,0.03999999999999996,0.049999999999999954,0.04260000000000002,False
film_offset,40,Cho2017,11,-0.026000000000000002,-0.04,-0.015200000000000019,False
film_offset,40,Cho2017,12,0.07399999999999995,0.13,0.14780000000000001,False
film_offset,40,Cho2017,13,0.18599999999999994,0.3219999999999999,0.2632,False
film_offset,40,Cho2017,14,0.21999999999999992,0.22599999999999998,0.2412,False
film_offset,40,Cho2017,15,0.03799999999999998,0.03799999999999998,0.04299999999999994,False
film_offset,40,Cho2017,16,-0.02399999999999998,-0.01,0.01319999999999998,False
film_offset,40,Cho2017,17,0.044,0.045999999999999965,0.01279999999999994,False
film_offset,40,Cho2017,18,0.04999999999999996,0.06999999999999998,0.061,False
film_offset,40,Cho2017,19,0.00999999999999998,0.02999999999999998,0.00840000000000002,False
film_offset,40,Cho2017,20,0.02999999999999996,0.026000000000000002,0.02579999999999994,False
film_offset,40,Cho2017,21,0.051999999999999956,0.07999999999999999,0.05,False
film_offset,40,Cho2017,22,-0.04799999999999996,-0.03999999999999994,-0.00579999999999996,False
film_offset,40,Cho2017,23,0.005999999999999979,0.007999999999999981,0.012800000000000023,False
film_offset,40,Cho2017,24,0.06999999999999998,0.052000000000000005,0.027199999999999957,False
film_offset,40,Cho2017,25,-0.014000000000000021,-0.014000000000000023,-0.019200000000000002,False
film_offset,40,Cho2017,26,0.01,0.01,0.03959999999999993,False
film_offset,40,Cho2017,27,-0.01,0.025999999999999978,0.007199999999999998,False
film_offset,40,Cho2017,28,0.24199999999999994,0.27999999999999997,0.24679999999999996,False
film_offset,40,Cho2017,29,0.025999999999999957,0.06200000000000002,0.04959999999999998,False
film_offset,40,Cho2017,30,0.11799999999999992,0.07799999999999996,0.03599999999999998,False
film_offset,40,Cho2017,31,0.06799999999999999,0.07799999999999996,0.07299999999999993,False
film_offset,40,Cho2017,32,0.022,-0.00599999999999998,-0.00979999999999996,False
film_offset,40,Cho2017,33,0.0020000000000000005,0.01399999999999998,0.0078000000000000205,False
film_offset,40,Cho2017,34,-0.032,0.01600000000000002,0.01820000000000002,False
film_offset,40,Cho2017,35,0.08799999999999995,0.374,0.2766,False
film_offset,40,Cho2017,36,-0.028000000000000018,0.05599999999999992,0.017799999999999983,False
film_offset,40,Cho2017,37,-0.010000000000000042,0.023999999999999938,0.026000000000000016,False
film_offset,40,Cho2017,38,0.006,0.00800000000000002,0.02839999999999998,False
film_offset,40,Cho2017,39,0.014000000000000002,0.03,0.023200000000000002,False
film_offset,40,Cho2017,40,-0.01400000000000003,-0.02399999999999999,-0.019599999999999958,False
film_offset,40,Cho2017,41,0.06999999999999998,0.06999999999999999,0.046799999999999974,False
film_offset,40,Cho2017,42,-0.01000000000000002,-0.01800000000000002,0.009400000000000002,False
film_offset,40,Cho2017,43,0.002,0.0,0.01899999999999994,False
film_offset,40,Cho2017,44,0.05599999999999998,0.05599999999999998,0.1023999999999999,False
film_offset,40,Cho2017,45,0.008,-0.00999999999999998,-0.01279999999999994,False
film_offset,40,Cho2017,46,0.04000000000000002,0.006666666666666661,0.01949999999999998,False
film_offset,40,Cho2017,47,0.12399999999999996,0.18599999999999997,0.14319999999999994,False
film_offset,40,Cho2017,48,0.04599999999999998,0.03800000000000005,0.042200000000000085,False
film_offset,40,Cho2017,49,-0.04,0.057999999999999975,0.1364,False
film_offset,40,Cho2017,50,0.186,0.186,0.2366,False
film_offset,40,Cho2017,51,-0.0020000000000000807,-0.05400000000000003,0.017599999999999984,False
film_offset,40,Cho2017,52,0.01799999999999998,0.036,0.03659999999999996,False
film_offset,40,Dreyer2023,1,6.938893903907229e-19,0.006666666666666619,0.05049999999999988,False
film_offset,40,Dreyer2023,2,-0.0033333333333333006,0.01666666666666666,0.013666666666666678,False
film_offset,40,Dreyer2023,3,-0.03166666666666666,0.009999999999999981,0.04016666666666664,False
film_offset,40,Dreyer2023,5,0.0083333333333333,0.0066666666666666385,0.032999999999999904,False
film_offset,40,Dreyer2023,6,-0.02499999999999994,0.018333333333333358,0.04566666666666662,False
film_offset,40,Dreyer2023,7,-0.00833333333333332,0.00499999999999998,0.06100000000000002,False
film_offset,40,Dreyer2023,8,0.02999999999999996,0.02166666666666664,0.03849999999999992,False
film_offset,40,Dreyer2023,10,-0.0083333333333333,0.03166666666666666,0.07299999999999995,False
film_offset,40,Dreyer2023,11,0.006666666666666621,0.07833333333333325,0.09216666666666666,False
film_offset,40,Dreyer2023,12,0.008333333333333361,0.00833333333333336,0.07516666666666658,False
film_offset,40,Dreyer2023,13,-0.008333333333333321,0.021666666666666678,0.033166666666666636,False
film_offset,40,Dreyer2023,14,0.03166666666666666,0.05999999999999992,0.06649999999999992,False
film_offset,40,Dreyer2023,15,0.01999999999999998,0.03333333333333334,0.04249999999999998,False
film_offset,40,Dreyer2023,16,2.0122792321330962e-17,0.01000000000000002,0.05566666666666662,False
film_offset,40,Dreyer2023,18,0.005,0.03499999999999996,0.07449999999999994,False
film_offset,40,Dreyer2023,19,0.06333333333333328,0.09999999999999992,0.10583333333333327,False
film_offset,40,Dreyer2023,20,0.038333333333333316,0.0533333333333333,0.06483333333333327,False
film_offset,40,Dreyer2023,21,0.00666666666666668,0.00666666666666664,0.04599999999999998,False
film_offset,40,Dreyer2023,22,-0.01,0.02499999999999996,0.07316666666666667,False
film_offset,40,Dreyer2023,23,-0.0333333333333333,0.008333333333333321,0.04199999999999996,False
film_offset,40,Dreyer2023,24,-0.03666666666666664,0.0049999999999999585,0.07983333333333323,False
film_offset,40,Dreyer2023,25,0.02833333333333326,0.09499999999999992,0.09850000000000003,False
film_offset,40,Dreyer2023,26,0.014999999999999958,0.05499999999999994,0.06933333333333322,False
film_offset,40,Dreyer2023,27,0.01166666666666662,0.04999999999999994,0.08466666666666663,False
film_offset,40,Dreyer2023,28,0.03166666666666664,0.03499999999999996,-0.01016666666666666,False
film_offset,40,Dreyer2023,30,-0.02333333333333326,-0.00999999999999994,0.0181666666666667,False
film_offset,40,Dreyer2023,31,0.01999999999999996,0.026666666666666637,0.06733333333333327,False
film_offset,40,Dreyer2023,32,0.03166666666666666,0.06999999999999995,0.11033333333333321,False
film_offset,40,Dreyer2023,33,-0.023333333333333324,0.02999999999999998,0.04499999999999988,False
film_offset,40,Dreyer2023,34,-0.018333333333333302,0.003333333333333298,0.045666666666666585,False
film_offset,40,Dreyer2023,35,-2.0122792321330962e-17,0.06999999999999992,0.10516666666666656,False
film_offset,40,Dreyer2023,36,-0.05499999999999994,0.01499999999999998,0.017833333333333302,False
film_offset,40,Dreyer2023,37,0.03666666666666666,0.03999999999999992,0.0694999999999999,False
film_offset,40,Dreyer2023,38,0.03166666666666668,0.049999999999999954,0.09666666666666662,False
film_offset,40,Dreyer2023,39,0.01833333333333334,0.026666666666666623,0.0351666666666666,False
film_offset,40,Dreyer2023,40,-0.00862068965517242,0.01896551724137932,0.044655172413793,False
film_offset,40,Dreyer2023,42,0.01000000000000002,0.05166666666666666,0.10033333333333334,False
film_offset,40,Dreyer2023,43,-0.01000000000000002,0.0,0.03249999999999998,False
film_offset,40,Dreyer2023,44,-0.03333333333333332,-0.026666666666666637,0.01100000000000002,False
film_offset,40,Dreyer2023,45,0.01166666666666662,0.025,0.02350000000000002,False
film_offset,40,Dreyer2023,46,-0.08666666666666666,-0.025000000000000022,0.017333333333333277,False
film_offset,40,Dreyer2023,47,0.0266666666666667,1.9428902930940238e-17,0.01783333333333334,False
film_offset,40,Dreyer2023,48,-0.0533333333333333,-0.01999999999999998,-0.0051666666666666805,False
film_offset,40,Dreyer2023,49,-2.0816681711721685e-17,0.01833333333333336,0.0451666666666667,False
film_offset,40,Dreyer2023,50,0.01666666666666662,0.0316666666666666,0.03416666666666658,False
film_offset,40,Dreyer2023,51,-0.02166666666666668,0.023333333333333324,0.0666666666666666,False
film_offset,40,Dreyer2023,52,-0.06666666666666664,0.026666666666666637,0.052833333333333274,False
film_offset,40,Dreyer2023,53,0.049999999999999975,0.02999999999999998,0.04716666666666662,False
film_offset,40,Dreyer2023,54,0.02833333333333336,0.0033333333333333604,0.051999999999999956,False
film_offset,40,Dreyer2023,55,-0.00999999999999996,0.03166666666666664,0.05049999999999995,False
film_offset,40,Dreyer2023,56,0.006666666666666682,0.04999999999999996,0.10149999999999997,False
film_offset,40,Dreyer2023,57,-0.006666666666666661,0.01999999999999998,0.04750000000000002,False
film_offset,40,Dreyer2023,58,0.01,-1.9428902930940238e-17,0.02999999999999988,False
film_offset,40,Dreyer2023,59,0.004999999999999916,-0.009999999999999998,0.0055000000000000005,False
film_offset,40,Dreyer2023,60,-0.04499999999999994,0.011666666666666678,0.05500000000000001,False
film_offset,40,Dreyer2023,61,0.0,0.02833333333333334,0.07699999999999999,False
film_offset,40,Dreyer2023,62,0.026666666666666682,0.11000000000000001,0.11849999999999998,False
film_offset,40,Dreyer2023,63,-0.0383333333333333,-0.004999999999999979,0.04283333333333334,False
film_offset,40,Dreyer2023,64,0.019999999999999983,0.0566666666666666,0.06749999999999991,False
film_offset,40,Dreyer2023,65,0.005,0.0366666666666667,0.0761666666666666,False
film_offset,40,Dreyer2023,66,0.02166666666666664,0.00666666666666664,0.034999999999999996,False
film_offset,40,Dreyer2023,67,0.08333333333333329,0.09499999999999995,0.1108333333333333,False
film_offset,40,Dreyer2023,68,-0.00999999999999998,0.02833333333333336,0.00749999999999996,False
film_offset,40,Dreyer2023,69,-0.08166666666666665,0.023333333333333258,0.07083333333333322,False
film_offset,40,Dreyer2023,70,0.04999999999999992,0.07833333333333328,0.0791666666666666,False
film_offset,40,Dreyer2023,71,-0.006666666666666661,-0.0133333333333333,0.04616666666666666,False
film_offset,40,Dreyer2023,72,0.05833333333333326,0.12333333333333327,0.1041666666666666,False
film_offset,40,Dreyer2023,73,0.020000000000000018,0.13999999999999996,0.15383333333333327,False
film_offset,40,Dreyer2023,74,-0.04333333333333332,0.003333333333333298,0.05283333333333332,False
film_offset,40,Dreyer2023,75,-0.03166666666666662,0.038333333333333296,0.055333333333333304,False
film_offset,40,Dreyer2023,76,0.058333333333333307,0.10833333333333324,0.11166666666666655,False
film_offset,40,Dreyer2023,77,-0.056666666666666685,0.01,0.03566666666666672,False
film_offset,40,Dreyer2023,80,-0.033333333333333305,0.02166666666666664,0.08233333333333323,False
film_offset,40,Dreyer2023,81,-0.02166666666666666,0.0016666666666666635,0.04983333333333326,False
film_offset,40,Dreyer2023,82,0.02333333333333332,0.07833333333333325,0.09416666666666665,False
film_offset,40,Dreyer2023,83,0.014999999999999958,0.0333333333333333,0.0566666666666667,False
film_offset,40,Dreyer2023,84,0.004999999999999999,0.021666666666666678,0.0696666666666666,False
film_offset,40,Dreyer2023,85,-0.004999999999999979,0.05833333333333328,0.09316666666666659,False
film_offset,40,Dreyer2023,86,0.011666666666666641,0.0233333333333333,0.06183333333333324,False
film_offset,40,Dreyer2023,87,-0.1016666666666666,0.053333333333333344,0.08250000000000002,False
lora8,5,Cho2017,1,-0.029999999999999936,0.08799999999999997,0.15259999999999993,False
lora8,5,Cho2017,2,-0.00200000000000002,-0.01,-0.0053999999999999595,False
lora8,5,Cho2017,3,0.07999999999999996,0.19,0.13159999999999997,False
lora8,5,Cho2017,4,0.01,0.061999999999999944,0.0752,False
lora8,5,Cho2017,5,-0.004,-0.008,0.025199999999999945,False
lora8,5,Cho2017,6,-0.012,0.014000000000000002,0.0448,False
lora8,5,Cho2017,7,-0.01999999999999998,0.023333333333333338,0.004333333333333339,False
lora8,5,Cho2017,8,-0.01799999999999996,-0.009999999999999959,0.0078000000000000205,False
lora8,5,Cho2017,9,0.01333333333333334,0.04666666666666668,0.030166666666666703,False
lora8,5,Cho2017,10,-0.01599999999999998,0.024,0.06319999999999995,False
lora8,5,Cho2017,11,0.008000000000000002,-0.004000000000000023,0.01399999999999994,False
lora8,5,Cho2017,12,-0.005999999999999999,0.178,0.14659999999999995,False
lora8,5,Cho2017,13,-0.02399999999999998,0.12799999999999995,0.18539999999999995,False
lora8,5,Cho2017,14,0.06200000000000001,0.15999999999999998,0.19,False
lora8,5,Cho2017,15,0.008,0.13199999999999995,0.1186,False
lora8,5,Cho2017,16,-0.03399999999999988,0.025999999999999978,0.05599999999999996,False
lora8,5,Cho2017,17,0.04199999999999996,0.03799999999999998,0.01679999999999996,False
lora8,5,Cho2017,18,-0.08799999999999997,0.05199999999999992,0.0865999999999999,False
lora8,5,Cho2017,19,-0.0019999999999999996,0.02199999999999998,0.02319999999999996,False
lora8,5,Cho2017,20,0.008000000000000021,0.10199999999999994,0.07659999999999995,False
lora8,5,Cho2017,21,0.022000000000000002,0.10399999999999991,0.09019999999999992,False
lora8,5,Cho2017,22,0.001999999999999981,0.03999999999999994,0.05679999999999992,False
lora8,5,Cho2017,23,-0.018,0.05599999999999994,0.06759999999999991,False
lora8,5,Cho2017,24,0.055999999999999994,0.10600000000000001,0.06879999999999996,False
lora8,5,Cho2017,25,0.002000000000000001,0.03600000000000002,0.013200000000000042,False
lora8,5,Cho2017,26,0.0,0.008,0.0078000000000000205,False
lora8,5,Cho2017,27,0.01200000000000002,-0.03199999999999999,-0.00779999999999996,False
lora8,5,Cho2017,28,0.035999999999999935,0.22999999999999993,0.23159999999999997,False
lora8,5,Cho2017,29,-0.008,0.012,0.05119999999999993,False
lora8,5,Cho2017,30,0.007999999999999978,0.074,0.04920000000000002,False
lora8,5,Cho2017,31,0.01399999999999998,0.09999999999999995,0.11999999999999993,False
lora8,5,Cho2017,32,-0.025999999999999978,0.032000000000000015,0.022399999999999958,False
lora8,5,Cho2017,33,-0.02799999999999996,-0.07399999999999993,-0.03359999999999992,False
lora8,5,Cho2017,34,0.037999999999999964,0.01,0.022000000000000002,False
lora8,5,Cho2017,35,0.003999999999999978,0.446,0.4316,False
lora8,5,Cho2017,36,0.007999999999999998,0.03999999999999996,0.0053999999999999595,False
lora8,5,Cho2017,37,0.0019999999999999797,0.0019999999999999996,0.00579999999999998,False
lora8,5,Cho2017,38,-0.032,0.03199999999999999,0.04539999999999998,False
lora8,5,Cho2017,39,0.01600000000000002,0.028000000000000025,0.01720000000000002,False
lora8,5,Cho2017,40,-0.0039999999999999775,0.004000000000000021,0.02100000000000002,False
lora8,5,Cho2017,41,-0.03,0.07799999999999993,0.11639999999999995,False
lora8,5,Cho2017,42,-0.02,-0.013999999999999999,-0.004199999999999998,False
lora8,5,Cho2017,43,0.0,0.0,0.0,False
lora8,5,Cho2017,44,0.026000000000000002,0.022,0.0389999999999999,False
lora8,5,Cho2017,45,-2.2204460492503132e-17,-0.006000000000000022,0.0018000000000000002,False
lora8,5,Cho2017,46,0.05499999999999996,0.12666666666666662,0.08099999999999996,False
lora8,5,Cho2017,47,-0.06799999999999996,0.026000000000000002,0.07500000000000002,False
lora8,5,Cho2017,48,-0.01999999999999996,0.01399999999999996,0.04039999999999992,False
lora8,5,Cho2017,49,0.006,0.0,0.006599999999999958,False
lora8,5,Cho2017,50,0.04799999999999998,0.049999999999999975,0.10619999999999999,False
lora8,5,Cho2017,51,0.05999999999999994,0.04000000000000002,0.02080000000000002,False
lora8,5,Cho2017,52,-0.03599999999999998,0.06599999999999998,0.08099999999999996,False
lora8,5,Dreyer2023,1,-0.011666666666666738,0.01999999999999994,0.037833333333333254,False
lora8,5,Dreyer2023,2,-0.01166666666666666,0.009999999999999978,0.01816666666666662,False
lora8,5,Dreyer2023,3,-0.09166666666666665,-0.003333333333333341,0.03333333333333332,False
lora8,5,Dreyer2023,5,-0.05666666666666668,0.02333333333333328,0.0416666666666667,False
lora8,5,Dreyer2023,6,0.05166666666666664,0.041666666666666644,0.022500000000000082,False
lora8,5,Dreyer2023,7,-0.00666666666666664,-0.001666666666666638,0.032833333333333284,False
lora8,5,Dreyer2023,8,0.008333333333333338,0.02666666666666666,0.02966666666666662,False
lora8,5,Dreyer2023,10,-0.04833333333333332,0.005,0.02116666666666658,False
lora8,5,Dreyer2023,11,-0.03833333333333328,0.09666666666666662,0.11866666666666656,False
lora8,5,Dreyer2023,12,-0.009999999999999998,0.03166666666666662,0.041666666666666595,False
lora8,5,Dreyer2023,13,-0.01499999999999998,0.0016666666666666399,0.011666666666666681,False
lora8,5,Dreyer2023,14,-0.018333333333333302,0.07333333333333326,0.07249999999999993,False
lora8,5,Dreyer2023,15,2.0122792321330962e-17,-0.011666666666666638,-0.0004999999999999796,False
lora8,5,Dreyer2023,16,-0.0016666666666666995,0.023333333333333303,0.06616666666666664,False
lora8,5,Dreyer2023,18,0.026666666666666637,0.04833333333333324,0.05099999999999988,False
lora8,5,Dreyer2023,19,0.01666666666666662,0.04999999999999992,0.07533333333333322,False
lora8,5,Dreyer2023,20,0.02333333333333332,0.013333333333333319,0.035666666666666604,False
lora8,5,Dreyer2023,21,-0.014999999999999961,0.021666666666666685,0.02999999999999998,False
lora8,5,Dreyer2023,22,-0.0983333333333333,0.006666666666666659,0.07183333333333328,False
lora8,5,Dreyer2023,23,-0.0033333333333333583,0.06166666666666663,0.08049999999999999,False
lora8,5,Dreyer2023,24,-0.025000000000000022,0.01499999999999994,0.03799999999999992,False
lora8,5,Dreyer2023,25,0.01833333333333332,0.059999999999999984,0.04150000000000002,False
lora8,5,Dreyer2023,26,0.016666666666666618,0.06999999999999997,0.08649999999999998,False
lora8,5,Dreyer2023,27,-0.006666666666666679,0.0266666666666666,0.06649999999999993,False
lora8,5,Dreyer2023,28,0.049999999999999954,0.04000000000000004,0.02333333333333332,False
lora8,5,Dreyer2023,30,0.013333333333333319,0.08666666666666659,0.0843333333333333,False
lora8,5,Dreyer2023,31,-0.05833333333333333,0.02999999999999998,0.06183333333333328,False
lora8,5,Dreyer2023,32,0.014999999999999958,0.06666666666666658,0.08433333333333323,False
lora8,5,Dreyer2023,33,-0.05999999999999994,0.0016666666666666178,0.039499999999999945,False
lora8,5,Dreyer2023,34,0.0183333333333333,0.06499999999999996,0.04433333333333328,False
lora8,5,Dreyer2023,35,-0.009999999999999943,0.03333333333333334,0.06316666666666666,False
lora8,5,Dreyer2023,36,-0.04999999999999994,0.013333333333333319,0.018333333333333243,False
lora8,5,Dreyer2023,37,-0.0233333333333333,0.026666666666666637,0.08516666666666665,False
lora8,5,Dreyer2023,38,-0.03666666666666666,0.04999999999999996,0.09449999999999989,False
lora8,5,Dreyer2023,39,0.00833333333333334,0.03666666666666662,0.01916666666666662,False
lora8,5,Dreyer2023,40,0.01206896551724136,0.01379310344827584,0.038275862068965424,False
lora8,5,Dreyer2023,42,-0.004999999999999979,0.09166666666666659,0.1464999999999999,False
lora8,5,Dreyer2023,43,0.013333333333333322,0.0133333333333333,0.01749999999999998,True
lora8,5,Dreyer2023,44,0.041666666666666644,0.008333333333333321,-0.006833333333333321,False
lora8,5,Dreyer2023,45,0.053333333333333344,0.06833333333333332,0.05099999999999995,False
lora8,5,Dreyer2023,46,0.0066666666666666385,-0.023333333333333338,-0.003166666666666659,False
lora8,5,Dreyer2023,47,-0.01166666666666664,0.02166666666666662,0.05166666666666656,False
lora8,5,Dreyer2023,48,0.015000000000000003,0.010000000000000002,0.025666666666666598,False
lora8,5,Dreyer2023,49,0.026666666666666682,0.04833333333333332,0.08499999999999994,False
lora8,5,Dreyer2023,50,0.011666666666666681,0.005,0.00983333333333332,False
lora8,5,Dreyer2023,51,0.021666666666666678,0.03666666666666664,0.04849999999999997,False
lora8,5,Dreyer2023,52,-0.00500000000000002,0.008333333333333337,0.027499999999999934,False
lora8,5,Dreyer2023,53,0.026666666666666637,0.04333333333333328,0.061666666666666606,False
lora8,5,Dreyer2023,54,0.025,0.03333333333333332,0.045,False
lora8,5,Dreyer2023,55,-0.015000000000000003,0.00333333333333332,0.01849999999999996,False
lora8,5,Dreyer2023,56,-0.03333333333333332,0.07166666666666663,0.0968333333333333,False
lora8,5,Dreyer2023,57,0.03666666666666666,0.02999999999999996,0.021833333333333257,False
lora8,5,Dreyer2023,58,-0.006666666666666658,0.023333333333333362,0.03600000000000002,False
lora8,5,Dreyer2023,59,0.06999999999999992,0.04,0.07200000000000002,False
lora8,5,Dreyer2023,60,0.02999999999999996,0.06999999999999998,0.08883333333333335,False
lora8,5,Dreyer2023,61,-0.013333333333333341,0.029999999999999936,0.04633333333333328,False
lora8,5,Dreyer2023,62,-0.019999999999999997,0.08833333333333328,0.0958333333333332,False
lora8,5,Dreyer2023,63,0.014999999999999977,0.036666666666666604,0.051499999999999956,False
lora8,5,Dreyer2023,64,0.02833333333333332,0.08999999999999998,0.07616666666666658,False
lora8,5,Dreyer2023,65,-0.02166666666666666,0.041666666666666616,0.06699999999999996,False
lora8,5,Dreyer2023,66,0.005,-0.02499999999999998,0.00933333333333328,False
lora8,5,Dreyer2023,67,-0.008333333333333321,0.02833333333333332,0.03616666666666662,False
lora8,5,Dreyer2023,68,-0.015000000000000019,0.02999999999999996,0.05016666666666671,False
lora8,5,Dreyer2023,69,-0.00833333333333334,0.011666666666666641,0.042999999999999886,False
lora8,5,Dreyer2023,70,-0.01500000000000006,0.01333333333333328,0.03433333333333332,False
lora8,5,Dreyer2023,71,-0.00666666666666668,0.006666666666666621,0.06266666666666657,False
lora8,5,Dreyer2023,72,0.01833333333333332,0.0966666666666666,0.09933333333333326,False
lora8,5,Dreyer2023,73,0.05999999999999992,0.1066666666666666,0.1293333333333333,False
lora8,5,Dreyer2023,74,0.03499999999999998,0.04833333333333332,0.05966666666666666,False
lora8,5,Dreyer2023,75,0.018333333333333302,0.05833333333333326,0.0661666666666666,False
lora8,5,Dreyer2023,76,0.03,0.09499999999999999,0.09866666666666671,False
lora8,5,Dreyer2023,77,-0.005000000000000002,0.011666666666666681,0.027166666666666638,False
lora8,5,Dreyer2023,80,-0.019999999999999997,0.06833333333333327,0.10116666666666654,False
lora8,5,Dreyer2023,81,-0.018333333333333302,2.0816681711721685e-17,0.036833333333333315,False
lora8,5,Dreyer2023,82,-0.01499999999999998,0.0983333333333333,0.11516666666666668,False
lora8,5,Dreyer2023,83,-0.01166666666666666,0.05999999999999994,0.0796666666666666,False
lora8,5,Dreyer2023,84,-0.01,0.02833333333333332,0.07133333333333336,False
lora8,5,Dreyer2023,85,0.011666666666666638,0.041666666666666595,0.05299999999999992,False
lora8,5,Dreyer2023,86,-0.03999999999999994,-0.02499999999999996,0.015333333333333279,False
lora8,5,Dreyer2023,87,-0.02000000000000002,0.03499999999999994,0.04599999999999988,False
lora8,5,PhysionetMI,1,0.006060606060606022,-0.025000000000000022,-0.01643939393939394,False
lora8,5,PhysionetMI,2,0.00769230769230766,0.03230769230769228,0.04646153846153852,False
lora8,5,PhysionetMI,3,-0.00909090909090908,-0.0015151515151514583,0.014015151515151541,False
lora8,5,PhysionetMI,4,0.028787878787878717,0.0007575757575757596,0.01924242424242418,False
lora8,5,PhysionetMI,5,-0.0045454545454545,-0.02424242424242424,-0.014318181818181858,False
lora8,5,PhysionetMI,6,-0.0030303030303030203,0.021212121212121217,0.07295454545454541,False
lora8,5,PhysionetMI,7,-0.0007575757575757201,0.0007575757575757402,0.00795454545454538,False
lora8,5,PhysionetMI,8,0.018939393939394,0.0871212121212122,0.09946969696969696,False
lora8,5,PhysionetMI,9,0.00846153846153846,0.006153846153846158,0.0317692307692308,False
lora8,5,PhysionetMI,10,0.01307692307692308,-0.0276923076923077,-0.00892307692307696,False
lora8,5,PhysionetMI,11,-0.01818181818181816,-0.05,-0.054696969696969654,False
lora8,5,PhysionetMI,12,-0.02499999999999998,0.015151515151515142,0.029772727272727218,False
lora8,5,PhysionetMI,13,3.8857805861880476e-17,0.015151515151515183,0.025833333333333302,False
lora8,5,PhysionetMI,14,0.01515151515151518,0.10681818181818178,0.1019696969696969,False
lora8,5,PhysionetMI,15,0.061538461538461486,0.061538461538461486,0.03146153846153838,False
lora8,5,PhysionetMI,16,0.020454545454545538,-0.017424242424242363,-0.021060606060606002,False
lora8,5,PhysionetMI,17,0.07575757575757577,0.10000000000000005,0.07674242424242421,False
lora8,5,PhysionetMI,18,0.0,-0.00909090909090908,0.00340909090909088,False
lora8,5,PhysionetMI,19,-0.0075757575757575595,-0.041666666666666685,0.016212121212121143,False
lora8,5,PhysionetMI,20,0.02878787878787874,0.03560606060606058,0.044924242424242276,False
lora8,5,PhysionetMI,21,-0.031060606060606,0.05984848484848489,0.061893939393939335,False
lora8,5,PhysionetMI,22,0.0,-0.00909090909090908,0.0207575757575758,False
lora8,5,PhysionetMI,23,0.02999999999999998,0.014615384615384561,0.02261538461538446,False
lora8,5,PhysionetMI,24,0.0068181818181818205,-0.045454545454545456,-0.03189393939393938,False
lora8,5,PhysionetMI,25,0.01060606060606064,-0.03181818181818176,-0.01606060606060598,False
lora8,5,PhysionetMI,26,-0.03461538461538458,-0.09692307692307692,-0.07384615384615383,False
lora8,5,PhysionetMI,27,-0.02651515151515152,0.0015151515151515208,0.014393939393939379,False
lora8,5,PhysionetMI,28,-0.0007575757575757792,0.02575757575757574,0.02893939393939392,False
lora8,5,PhysionetMI,29,0.04696969696969694,0.15378787878787878,0.13537878787878782,False
lora8,5,PhysionetMI,30,0.04621212121212118,0.03333333333333334,0.019242424242424262,False
lora8,5,PhysionetMI,31,0.005303030303030279,0.0007575757575757014,0.02340909090909082,False
lora8,5,PhysionetMI,32,0.004615384615384621,0.01999999999999998,0.03846153846153842,False
lora8,5,PhysionetMI,33,0.01590909090909092,0.0015151515151515,0.0053787878787878605,False
lora8,5,PhysionetMI,34,0.04692307692307692,0.029230769230769182,0.06838461538461532,False
lora8,5,PhysionetMI,35,0.01742424242424242,-0.0015151515151514802,0.03196969696969698,False
lora8,5,PhysionetMI,36,-0.0257575757575757,0.0037878787878787594,0.06886363636363634,False
lora8,5,PhysionetMI,37,0.039393939393939384,0.08939393939393939,0.07984848484848478,False
lora8,5,PhysionetMI,38,-0.01666666666666668,0.03863636363636362,0.08962121212121207,False
lora8,5,PhysionetMI,39,0.03257575757575758,0.00833333333333334,0.0346969696969697,False
lora8,5,PhysionetMI,40,-0.031818181818181815,0.00909090909090908,0.030606060606060602,False
lora8,5,PhysionetMI,41,-0.04769230769230766,-0.045384615384615315,-0.035153846153846105,False
lora8,5,PhysionetMI,42,-0.0022727272727272986,-0.020454545454545458,-0.022499999999999958,False
lora8,5,PhysionetMI,43,0.008333333333333321,0.02500000000000004,0.02068181818181814,False
lora8,5,PhysionetMI,44,0.0,0.007575757575757599,-0.02333333333333328,False
lora8,5,PhysionetMI,45,-0.00151515151515154,0.0068181818181818205,0.023333333333333324,False
lora8,5,PhysionetMI,46,0.02121212121212122,-0.0416666666666667,-0.04537878787878776,False
lora8,5,PhysionetMI,47,0.0424242424242424,0.014393939393939379,0.026060606060606024,False
lora8,5,PhysionetMI,48,-0.00909090909090908,0.0,0.00401515151515152,False
lora8,5,PhysionetMI,49,-0.015151515151515138,0.011363636363636279,0.015984848484848418,False
lora8,5,PhysionetMI,50,0.0553030303030303,0.10227272727272722,0.07749999999999987,False
lora8,5,PhysionetMI,51,0.05,0.05909090909090908,0.05818181818181822,False
lora8,5,PhysionetMI,52,0.01769230769230766,-0.03230769230769228,-0.0027692307692307404,False
lora8,5,PhysionetMI,53,-0.028030303030303,0.081060606060606,0.10310606060606056,False
lora8,5,PhysionetMI,54,-0.019696969696969678,0.02348484848484854,0.04068181818181818,False
lora8,5,PhysionetMI,55,0.02348484848484848,0.0439393939393939,0.029166666666666695,False
lora8,5,PhysionetMI,56,0.009090909090909061,-0.00227272727272724,0.01257575757575764,False
lora8,5,PhysionetMI,57,0.00757575757575762,0.00909090909090908,0.013106060606060515,False
lora8,5,PhysionetMI,58,0.02999999999999996,0.0376923076923076,0.03561538461538452,False
lora8,5,PhysionetMI,59,-0.01439393939393932,0.09545454545454543,0.10689393939393939,False
lora8,5,PhysionetMI,60,-0.08692307692307691,0.03538461538461536,0.06338461538461536,False
lora8,5,PhysionetMI,61,0.0,0.0,0.004469696969696854,False
lora8,5,PhysionetMI,62,-0.00833333333333334,0.0083333333333333,0.042575757575757475,False
lora8,5,PhysionetMI,63,0.05530303030303028,0.06515151515151511,0.07462121212121205,False
lora8,5,PhysionetMI,64,-0.0159090909090909,0.024999999999999942,0.03393939393939384,False
lora8,5,PhysionetMI,65,0.01666666666666668,-0.02045454545454544,0.010454545454545338,False
lora8,5,PhysionetMI,66,0.00833333333333334,-0.021212121212121217,-0.06333333333333332,False
lora8,5,PhysionetMI,67,0.01515151515151516,0.0484848484848485,0.04265151515151516,False
lora8,5,PhysionetMI,68,0.0242424242424242,0.04318181818181816,0.0173484848484848,False
lora8,5,PhysionetMI,69,0.033846153846153776,0.04999999999999996,0.053000000000000026,False
lora8,5,PhysionetMI,70,0.01742424242424242,-0.00757575757575758,-0.00424242424242424,False
lora8,5,PhysionetMI,71,-0.0015151515151514792,0.026515151515151502,0.03795454545454538,False
lora8,5,PhysionetMI,72,-0.00833333333333334,-0.00909090909090908,0.01022727272727264,False
lora8,5,PhysionetMI,73,0.02045454545454544,0.05606060606060598,0.05575757575757566,False
lora8,5,PhysionetMI,74,0.005303030303030278,-0.014393939393939436,-0.0016666666666666802,False
lora8,5,PhysionetMI,75,0.03712121212121204,0.04621212121212116,0.01651515151515144,False
lora8,5,PhysionetMI,76,-0.041666666666666664,-0.055303030303030284,-0.06257575757575753,False
lora8,5,PhysionetMI,77,0.011363636363636359,0.03787878787878788,0.01439393939393938,False
lora8,5,PhysionetMI,78,-0.028787878787878786,-0.06363636363636363,-0.04318181818181812,False
lora8,5,PhysionetMI,79,-0.008333333333333321,-0.03636363636363634,-0.028712121212121224,False
lora8,5,PhysionetMI,80,0.05153846153846155,0.06076923076923069,0.043999999999999984,False
lora8,5,PhysionetMI,81,0.009848484848484839,-0.00606060606060606,0.02053030303030306,False
lora8,5,PhysionetMI,82,0.0833333333333333,0.07424242424242422,0.025227272727272675,False
lora8,5,PhysionetMI,83,0.05461538461538462,0.006923076923076902,0.02492307692307688,False
lora8,5,PhysionetMI,84,-0.01136363636363636,-0.047727272727272715,-0.01856060606060598,False
lora8,5,PhysionetMI,85,-0.07121212121212121,0.06136363636363629,0.07121212121212109,False
lora8,5,PhysionetMI,86,0.007692307692307681,0.015384615384615361,0.01892307692307682,False
lora8,5,PhysionetMI,87,-0.041666666666666644,-0.12121212121212108,-0.05984848484848486,False
lora8,5,PhysionetMI,90,-0.0090909090909091,-0.00530303030303036,0.026818181818181696,False
lora8,5,PhysionetMI,91,0.033333333333333284,-0.06742424242424239,0.00469696969696966,False
lora8,5,PhysionetMI,93,-0.01666666666666666,0.03560606060606062,0.0375757575757576,False
lora8,5,PhysionetMI,94,-0.0068181818181818205,0.04999999999999996,0.02674242424242416,False
lora8,5,PhysionetMI,95,-0.04076923076923078,0.0215384615384615,0.0013076923076922396,False
lora8,5,PhysionetMI,96,0.00833333333333334,-0.00833333333333334,0.00015151515151509836,False
lora8,5,PhysionetMI,97,0.0454545454545455,0.12803030303030305,0.09348484848484845,False
lora8,5,PhysionetMI,98,0.0287878787878788,0.02499999999999994,0.00742424242424246,False
lora8,5,PhysionetMI,99,1.968911145233676e-17,-0.04772727272727272,-0.07287878787878779,False
lora8,5,PhysionetMI,101,0.0315384615384615,0.0615384615384615,0.06153846153846145,False
lora8,5,PhysionetMI,102,0.06818181818181815,0.08484848484848481,0.11553030303030298,False
lora8,5,PhysionetMI,103,-0.014393939393939459,-0.08560606060606057,-0.06681818181818182,False
lora8,5,PhysionetMI,105,0.01742424242424242,0.051515151515151424,0.03053030303030298,False
lora8,5,PhysionetMI,107,0.02499999999999996,-0.0204545454545454,-7.575757575750027e-05,False
lora8,5,PhysionetMI,108,-0.02499999999999998,-0.01818181818181814,0.009999999999999981,False
lora8,5,PhysionetMI,109,0.04772727272727269,0.03712121212121206,0.030757575757575716,False
lora8,10,Cho2017,1,0.02,0.08799999999999997,0.15259999999999993,False
lora8,10,Cho2017,2,-0.004000000000000041,-0.01,-0.0053999999999999595,False
lora8,10,Cho2017,3,0.13999999999999996,0.19,0.13159999999999997,False
lora8,10,Cho2017,4,0.05599999999999994,0.061999999999999944,0.0752,False
lora8,10,Cho2017,5,-0.008,-0.008,0.025199999999999945,False
lora8,10,Cho2017,6,-0.01199999999999998,0.014000000000000002,0.0448,False
lora8,10,Cho2017,7,0.00500000000000002,0.023333333333333338,0.004333333333333339,False
lora8,10,Cho2017,8,0.010000000000000042,-0.009999999999999959,0.0078000000000000205,False
lora8,10,Cho2017,9,0.03999999999999998,0.04666666666666668,0.030166666666666703,False
lora8,10,Cho2017,10,-0.04199999999999994,0.024,0.06319999999999995,False
lora8,10,Cho2017,11,-0.02799999999999996,-0.004000000000000023,0.01399999999999994,False
lora8,10,Cho2017,12,0.038,0.178,0.14659999999999995,False
lora8,10,Cho2017,13,0.024,0.12799999999999995,0.18539999999999995,False
lora8,10,Cho2017,14,0.11199999999999996,0.15999999999999998,0.19,False
lora8,10,Cho2017,15,-6.938893903907229e-19,0.13199999999999995,0.1186,False
lora8,10,Cho2017,16,-0.01199999999999998,0.025999999999999978,0.05599999999999996,False
lora8,10,Cho2017,17,-0.0020000000000000005,0.03799999999999998,0.01679999999999996,False
lora8,10,Cho2017,18,-0.00400000000000002,0.05199999999999992,0.0865999999999999,False
lora8,10,Cho2017,19,-0.004000000000000001,0.02199999999999998,0.02319999999999996,False
lora8,10,Cho2017,20,0.03399999999999994,0.10199999999999994,0.07659999999999995,False
lora8,10,Cho2017,21,0.03999999999999996,0.10399999999999991,0.09019999999999992,False
lora8,10,Cho2017,22,0.013999999999999919,0.03999999999999994,0.05679999999999992,False
lora8,10,Cho2017,23,-0.003999999999999981,0.05599999999999994,0.06759999999999991,False
lora8,10,Cho2017,24,0.074,0.10600000000000001,0.06879999999999996,False
lora8,10,Cho2017,25,0.03399999999999992,0.03600000000000002,0.013200000000000042,False
lora8,10,Cho2017,26,0.008,0.008,0.0078000000000000205,False
lora8,10,Cho2017,27,-0.038000000000000006,-0.03199999999999999,-0.00779999999999996,False
lora8,10,Cho2017,28,0.12199999999999996,0.22999999999999993,0.23159999999999997,False
lora8,10,Cho2017,29,-0.014000000000000018,0.012,0.05119999999999993,False
lora8,10,Cho2017,30,-0.017999999999999978,0.074,0.04920000000000002,False
lora8,10,Cho2017,31,-0.001999999999999999,0.09999999999999995,0.11999999999999993,False
lora8,10,Cho2017,32,-0.016,0.032000000000000015,0.022399999999999958,False
lora8,10,Cho2017,33,-0.05399999999999998,-0.07399999999999993,-0.03359999999999992,False
lora8,10,Cho2017,34,0.04199999999999996,0.01,0.022000000000000002,False
lora8,10,Cho2017,35,0.007999999999999998,0.446,0.4316,False
lora8,10,Cho2017,36,-0.006,0.03999999999999996,0.0053999999999999595,False
lora8,10,Cho2017,37,-0.025999999999999978,0.0019999999999999996,0.00579999999999998,False
lora8,10,Cho2017,38,0.017999999999999957,0.03199999999999999,0.04539999999999998,False
lora8,10,Cho2017,39,0.014000000000000002,0.028000000000000025,0.01720000000000002,False
lora8,10,Cho2017,40,-0.02799999999999998,0.004000000000000021,0.02100000000000002,False
lora8,10,Cho2017,41,-0.03399999999999996,0.07799999999999993,0.11639999999999995,False
lora8,10,Cho2017,42,0.015999999999999962,-0.013999999999999999,-0.004199999999999998,False
lora8,10,Cho2017,43,0.0,0.0,0.0,False
lora8,10,Cho2017,44,0.016,0.022,0.0389999999999999,False
lora8,10,Cho2017,45,-0.01600000000000002,-0.006000000000000022,0.0018000000000000002,False
lora8,10,Cho2017,46,0.034999999999999976,0.12666666666666662,0.08099999999999996,False
lora8,10,Cho2017,47,0.018,0.026000000000000002,0.07500000000000002,False
lora8,10,Cho2017,48,-0.02,0.01399999999999996,0.04039999999999992,False
lora8,10,Cho2017,49,0.002,0.0,0.006599999999999958,False
lora8,10,Cho2017,50,0.04599999999999998,0.049999999999999975,0.10619999999999999,False
lora8,10,Cho2017,51,0.03999999999999994,0.04000000000000002,0.02080000000000002,False
lora8,10,Cho2017,52,0.02599999999999996,0.06599999999999998,0.08099999999999996,False
lora8,10,Dreyer2023,1,0.006666666666666621,0.01999999999999994,0.037833333333333254,False
lora8,10,Dreyer2023,2,-0.00166666666666666,0.009999999999999978,0.01816666666666662,False
lora8,10,Dreyer2023,3,-0.006666666666666682,-0.003333333333333341,0.03333333333333332,False
lora8,10,Dreyer2023,5,-0.01000000000000002,0.02333333333333328,0.0416666666666667,False
lora8,10,Dreyer2023,6,-1.6653345369377347e-17,0.041666666666666644,0.022500000000000082,False
lora8,10,Dreyer2023,7,-0.009999999999999959,-0.001666666666666638,0.032833333333333284,False
lora8,10,Dreyer2023,8,0.01833333333333334,0.02666666666666666,0.02966666666666662,False
lora8,10,Dreyer2023,10,-0.01833333333333334,0.005,0.02116666666666658,False
lora8,10,Dreyer2023,11,0.02166666666666664,0.09666666666666662,0.11866666666666656,False
lora8,10,Dreyer2023,12,-0.0016666666666666802,0.03166666666666662,0.041666666666666595,False
lora8,10,Dreyer2023,13,-0.015,0.0016666666666666399,0.011666666666666681,False
lora8,10,Dreyer2023,14,0.0066666666666667,0.07333333333333326,0.07249999999999993,False
lora8,10,Dreyer2023,15,-1.9428902930940238e-17,-0.011666666666666638,-0.0004999999999999796,False
lora8,10,Dreyer2023,16,0.004999999999999999,0.023333333333333303,0.06616666666666664,False
lora8,10,Dreyer2023,18,0.02499999999999994,0.04833333333333324,0.05099999999999988,False
lora8,10,Dreyer2023,19,0.018333333333333278,0.04999999999999992,0.07533333333333322,False
lora8,10,Dreyer2023,20,0.021666666666666622,0.013333333333333319,0.035666666666666604,False
lora8,10,Dreyer2023,21,0.03166666666666664,0.021666666666666685,0.02999999999999998,False
lora8,10,Dreyer2023,22,-0.13499999999999998,0.006666666666666659,0.07183333333333328,False
lora8,10,Dreyer2023,23,0.041666666666666616,0.06166666666666663,0.08049999999999999,False
lora8,10,Dreyer2023,24,-0.016666666666666663,0.01499999999999994,0.03799999999999992,False
lora8,10,Dreyer2023,25,-0.00500000000000002,0.059999999999999984,0.04150000000000002,False
lora8,10,Dreyer2023,26,0.014999999999999954,0.06999999999999997,0.08649999999999998,False
lora8,10,Dreyer2023,27,0.0016666666666666596,0.0266666666666666,0.06649999999999993,False
lora8,10,Dreyer2023,28,0.0033333333333333604,0.04000000000000004,0.02333333333333332,False
lora8,10,Dreyer2023,30,0.00666666666666664,0.08666666666666659,0.0843333333333333,False
lora8,10,Dreyer2023,31,-0.006666666666666663,0.02999999999999998,0.06183333333333328,False
lora8,10,Dreyer2023,32,0.013333333333333319,0.06666666666666658,0.08433333333333323,False
lora8,10,Dreyer2023,33,-0.03333333333333332,0.0016666666666666178,0.039499999999999945,False
lora8,10,Dreyer2023,34,0.03499999999999992,0.06499999999999996,0.04433333333333328,False
lora8,10,Dreyer2023,35,0.006666666666666701,0.03333333333333334,0.06316666666666666,False
lora8,10,Dreyer2023,36,-0.02166666666666666,0.013333333333333319,0.018333333333333243,False
lora8,10,Dreyer2023,37,-0.014999999999999958,0.026666666666666637,0.08516666666666665,False
lora8,10,Dreyer2023,38,-0.044999999999999984,0.04999999999999996,0.09449999999999989,False
lora8,10,Dreyer2023,39,0.01166666666666672,0.03666666666666662,0.01916666666666662,False
lora8,10,Dreyer2023,40,0.01379310344827584,0.01379310344827584,0.038275862068965424,False
lora8,10,Dreyer2023,42,0.018333333333333257,0.09166666666666659,0.1464999999999999,False
lora8,10,Dreyer2023,43,0.009999999999999959,0.0133333333333333,0.01749999999999998,False
lora8,10,Dreyer2023,44,0.0233333333333333,0.008333333333333321,-0.006833333333333321,False
lora8,10,Dreyer2023,45,0.0683333333333333,0.06833333333333332,0.05099999999999995,False
lora8,10,Dreyer2023,46,-0.01666666666666666,-0.023333333333333338,-0.003166666666666659,False
lora8,10,Dreyer2023,47,0.0016666666666666607,0.02166666666666662,0.05166666666666656,False
lora8,10,Dreyer2023,48,0.0016666666666666809,0.010000000000000002,0.025666666666666598,False
lora8,10,Dreyer2023,49,-0.00833333333333334,0.04833333333333332,0.08499999999999994,False
lora8,10,Dreyer2023,50,0.01166666666666664,0.005,0.00983333333333332,False
lora8,10,Dreyer2023,51,0.0066666666666666385,0.03666666666666664,0.04849999999999997,False
lora8,10,Dreyer2023,52,-0.016666666666666684,0.008333333333333337,0.027499999999999934,False
lora8,10,Dreyer2023,53,-0.02,0.04333333333333328,0.061666666666666606,False
lora8,10,Dreyer2023,54,0.01666666666666668,0.03333333333333332,0.045,False
lora8,10,Dreyer2023,55,-0.02,0.00333333333333332,0.01849999999999996,False
lora8,10,Dreyer2023,56,-0.08833333333333329,0.07166666666666663,0.0968333333333333,False
lora8,10,Dreyer2023,57,0.04833333333333334,0.02999999999999996,0.021833333333333257,False
lora8,10,Dreyer2023,58,-6.938893903907229e-19,0.023333333333333362,0.03600000000000002,False
lora8,10,Dreyer2023,59,-0.02999999999999998,0.04,0.07200000000000002,False
lora8,10,Dreyer2023,60,0.01666666666666668,0.06999999999999998,0.08883333333333335,False
lora8,10,Dreyer2023,61,-0.003333333333333341,0.029999999999999936,0.04633333333333328,False
lora8,10,Dreyer2023,62,-0.00333333333333332,0.08833333333333328,0.0958333333333332,False
lora8,10,Dreyer2023,63,-0.006666666666666659,0.036666666666666604,0.051499999999999956,False
lora8,10,Dreyer2023,64,0.02999999999999998,0.08999999999999998,0.07616666666666658,False
lora8,10,Dreyer2023,65,0.01,0.041666666666666616,0.06699999999999996,False
lora8,10,Dreyer2023,66,-0.03,-0.02499999999999998,0.00933333333333328,False
lora8,10,Dreyer2023,67,0.0033333333333333375,0.02833333333333332,0.03616666666666662,False
lora8,10,Dreyer2023,68,-0.004999999999999999,0.02999999999999996,0.05016666666666671,False
lora8,10,Dreyer2023,69,-0.023333333333333324,0.011666666666666641,0.042999999999999886,False
lora8,10,Dreyer2023,70,-0.015000000000000041,0.01333333333333328,0.03433333333333332,False
lora8,10,Dreyer2023,71,-0.01666666666666666,0.006666666666666621,0.06266666666666657,False
lora8,10,Dreyer2023,72,0.03833333333333334,0.0966666666666666,0.09933333333333326,False
lora8,10,Dreyer2023,73,0.08499999999999994,0.1066666666666666,0.1293333333333333,False
lora8,10,Dreyer2023,74,-0.005,0.04833333333333332,0.05966666666666666,False
lora8,10,Dreyer2023,75,-0.008333333333333318,0.05833333333333326,0.0661666666666666,False
lora8,10,Dreyer2023,76,0.01833333333333334,0.09499999999999999,0.09866666666666671,False
lora8,10,Dreyer2023,77,-0.043333333333333335,0.011666666666666681,0.027166666666666638,False
lora8,10,Dreyer2023,80,0.016666666666666642,0.06833333333333327,0.10116666666666654,False
lora8,10,Dreyer2023,81,-0.023333333333333317,2.0816681711721685e-17,0.036833333333333315,False
lora8,10,Dreyer2023,82,-0.004999999999999999,0.0983333333333333,0.11516666666666668,False
lora8,10,Dreyer2023,83,0.016666666666666642,0.05999999999999994,0.0796666666666666,False
lora8,10,Dreyer2023,84,-0.008333333333333321,0.02833333333333332,0.07133333333333336,False
lora8,10,Dreyer2023,85,-0.004999999999999981,0.041666666666666595,0.05299999999999992,False
lora8,10,Dreyer2023,86,-0.01666666666666668,-0.02499999999999996,0.015333333333333279,False
lora8,10,Dreyer2023,87,-0.059999999999999956,0.03499999999999994,0.04599999999999988,False
lora8,10,PhysionetMI,1,0.0159090909090909,-0.025000000000000022,-0.01643939393939394,False
lora8,10,PhysionetMI,2,-0.007692307692307701,0.03230769230769228,0.04646153846153852,False
lora8,10,PhysionetMI,3,-0.00909090909090908,-0.0015151515151514583,0.014015151515151541,False
lora8,10,PhysionetMI,4,0.01060606060606058,0.0007575757575757596,0.01924242424242418,False
lora8,10,PhysionetMI,5,-0.003030303030303,-0.02424242424242424,-0.014318181818181858,False
lora8,10,PhysionetMI,6,-0.02121212121212122,0.021212121212121217,0.07295454545454541,False
lora8,10,PhysionetMI,7,0.00909090909090908,0.0007575757575757402,0.00795454545454538,False
lora8,10,PhysionetMI,8,0.0143939393939394,0.0871212121212122,0.09946969696969696,False
lora8,10,PhysionetMI,9,0.0038461538461538993,0.006153846153846158,0.0317692307692308,False
lora8,10,PhysionetMI,10,-0.004615384615384581,-0.0276923076923077,-0.00892307692307696,False
lora8,10,PhysionetMI,11,-0.00909090909090908,-0.05,-0.054696969696969654,False
lora8,10,PhysionetMI,12,-0.03333333333333334,0.015151515151515142,0.029772727272727218,False
lora8,10,PhysionetMI,13,-0.01969696969696966,0.015151515151515183,0.025833333333333302,False
lora8,10,PhysionetMI,14,0.0613636363636363,0.10681818181818178,0.1019696969696969,False
lora8,10,PhysionetMI,15,0.05384615384615382,0.061538461538461486,0.03146153846153838,False
lora8,10,PhysionetMI,16,0.03787878787878794,-0.017424242424242363,-0.021060606060606002,False
lora8,10,PhysionetMI,17,0.07651515151515151,0.10000000000000005,0.07674242424242421,False
lora8,10,PhysionetMI,18,0.0,-0.00909090909090908,0.00340909090909088,False
lora8,10,PhysionetMI,19,-0.03560606060606058,-0.041666666666666685,0.016212121212121143,False
lora8,10,PhysionetMI,20,0.04545454545454536,0.03560606060606058,0.044924242424242276,False
lora8,10,PhysionetMI,21,0.0325757575757576,0.05984848484848489,0.061893939393939335,False
lora8,10,PhysionetMI,22,0.0,-0.00909090909090908,0.0207575757575758,False
lora8,10,PhysionetMI,23,0.027692307692307662,0.014615384615384561,0.02261538461538446,False
lora8,10,PhysionetMI,24,0.019696969696969678,-0.045454545454545456,-0.03189393939393938,False
lora8,10,PhysionetMI,25,-0.021212121212121182,-0.03181818181818176,-0.01606060606060598,False
lora8,10,PhysionetMI,26,-0.03076923076923076,-0.09692307692307692,-0.07384615384615383,False
lora8,10,PhysionetMI,27,-0.00833333333333334,0.0015151515151515208,0.014393939393939379,False
lora8,10,PhysionetMI,28,0.028030303030303037,0.02575757575757574,0.02893939393939392,False
lora8,10,PhysionetMI,29,0.07575757575757576,0.15378787878787878,0.13537878787878782,False
lora8,10,PhysionetMI,30,0.0,0.03333333333333334,0.019242424242424262,False
lora8,10,PhysionetMI,31,0.005303030303030282,0.0007575757575757014,0.02340909090909082,False
lora8,10,PhysionetMI,32,-0.0223076923076923,0.01999999999999998,0.03846153846153842,False
lora8,10,PhysionetMI,33,0.00681818181818186,0.0015151515151515,0.0053787878787878605,False
lora8,10,PhysionetMI,34,0.06230769230769231,0.029230769230769182,0.06838461538461532,False
lora8,10,PhysionetMI,35,0.01818181818181816,-0.0015151515151514802,0.03196969696969698,False
lora8,10,PhysionetMI,36,-0.08181818181818182,0.0037878787878787594,0.06886363636363634,False
lora8,10,PhysionetMI,37,0.04848484848484848,0.08939393939393939,0.07984848484848478,False
lora8,10,PhysionetMI,38,0.0068181818181818,0.03863636363636362,0.08962121212121207,False
lora8,10,PhysionetMI,39,-0.007575757575757541,0.00833333333333334,0.0346969696969697,False
lora8,10,PhysionetMI,40,-0.06590909090909089,0.00909090909090908,0.030606060606060602,False
lora8,10,PhysionetMI,41,-0.02999999999999998,-0.045384615384615315,-0.035153846153846105,False
lora8,10,PhysionetMI,42,-0.01363636363636366,-0.020454545454545458,-0.022499999999999958,False
lora8,10,PhysionetMI,43,0.03181818181818182,0.02500000000000004,0.02068181818181814,False
lora8,10,PhysionetMI,44,-0.00075757575757574,0.007575757575757599,-0.02333333333333328,False
lora8,10,PhysionetMI,45,0.039393939393939356,0.0068181818181818205,0.023333333333333324,False
lora8,10,PhysionetMI,46,0.006818181818181801,-0.0416666666666667,-0.04537878787878776,False
lora8,10,PhysionetMI,47,0.06439393939393936,0.014393939393939379,0.026060606060606024,False
lora8,10,PhysionetMI,48,0.0,0.0,0.00401515151515152,False
lora8,10,PhysionetMI,49,-0.01439393939393942,0.011363636363636279,0.015984848484848418,False
lora8,10,PhysionetMI,50,0.05151515151515146,0.10227272727272722,0.07749999999999987,False
lora8,10,PhysionetMI,51,-0.012878787878787882,0.05909090909090908,0.05818181818181822,False
lora8,10,PhysionetMI,52,0.01230769230769224,-0.03230769230769228,-0.0027692307692307404,False
lora8,10,PhysionetMI,53,0.00833333333333338,0.081060606060606,0.10310606060606056,False
lora8,10,PhysionetMI,54,0.00530303030303034,0.02348484848484854,0.04068181818181818,False
lora8,10,PhysionetMI,55,0.02348484848484848,0.0439393939393939,0.029166666666666695,False
lora8,10,PhysionetMI,56,-0.01818181818181816,-0.00227272727272724,0.01257575757575764,False
lora8,10,PhysionetMI,57,0.0,0.00909090909090908,0.013106060606060515,False
lora8,10,PhysionetMI,58,0.03538461538461535,0.0376923076923076,0.03561538461538452,False
lora8,10,PhysionetMI,59,0.05833333333333324,0.09545454545454543,0.10689393939393939,False
lora8,10,PhysionetMI,60,-0.02,0.03538461538461536,0.06338461538461536,False
lora8,10,PhysionetMI,61,0.0,0.0,0.004469696969696854,False
lora8,10,PhysionetMI,62,0.0,0.0083333333333333,0.042575757575757475,False
lora8,10,PhysionetMI,63,0.05303030303030298,0.06515151515151511,0.07462121212121205,False
lora8,10,PhysionetMI,64,0.034090909090909,0.024999999999999942,0.03393939393939384,False
lora8,10,PhysionetMI,65,0.01515151515151516,-0.02045454545454544,0.010454545454545338,False
lora8,10,PhysionetMI,66,0.03939393939393942,-0.021212121212121217,-0.06333333333333332,False
lora8,10,PhysionetMI,67,0.08939393939393939,0.0484848484848485,0.04265151515151516,False
lora8,10,PhysionetMI,68,0.008333333333333321,0.04318181818181816,0.0173484848484848,False
lora8,10,PhysionetMI,69,-0.00538461538461544,0.04999999999999996,0.053000000000000026,False
lora8,10,PhysionetMI,70,-0.00757575757575756,-0.00757575757575758,-0.00424242424242424,False
lora8,10,PhysionetMI,71,0.00909090909090912,0.026515151515151502,0.03795454545454538,False
lora8,10,PhysionetMI,72,-0.00833333333333334,-0.00909090909090908,0.01022727272727264,False
lora8,10,PhysionetMI,73,0.02424242424242422,0.05606060606060598,0.05575757575757566,False
lora8,10,PhysionetMI,74,0.016666666666666656,-0.014393939393939436,-0.0016666666666666802,False
lora8,10,PhysionetMI,75,0.055303030303030264,0.04621212121212116,0.01651515151515144,False
lora8,10,PhysionetMI,76,-0.07878787878787874,-0.055303030303030284,-0.06257575757575753,False
lora8,10,PhysionetMI,77,0.0356060606060606,0.03787878787878788,0.01439393939393938,False
lora8,10,PhysionetMI,78,-0.07196969696969693,-0.06363636363636363,-0.04318181818181812,False
lora8,10,PhysionetMI,79,-0.00909090909090908,-0.03636363636363634,-0.028712121212121224,False
lora8,10,PhysionetMI,80,0.04384615384615384,0.06076923076923069,0.043999999999999984,False
lora8,10,PhysionetMI,81,0.0106060606060606,-0.00606060606060606,0.02053030303030306,False
lora8,10,PhysionetMI,82,0.06666666666666662,0.07424242424242422,0.025227272727272675,False
lora8,10,PhysionetMI,83,-0.01,0.006923076923076902,0.02492307692307688,False
lora8,10,PhysionetMI,84,-0.04015151515151514,-0.047727272727272715,-0.01856060606060598,False
lora8,10,PhysionetMI,85,-0.004545454545454542,0.06136363636363629,0.07121212121212109,False
lora8,10,PhysionetMI,86,0.007692307692307681,0.015384615384615361,0.01892307692307682,False
lora8,10,PhysionetMI,87,-0.037121212121212076,-0.12121212121212108,-0.05984848484848486,False
lora8,10,PhysionetMI,90,0.0007575757575757596,-0.00530303030303036,0.026818181818181696,False
lora8,10,PhysionetMI,91,0.02348484848484848,-0.06742424242424239,0.00469696969696966,False
lora8,10,PhysionetMI,93,0.008333333333333338,0.03560606060606062,0.0375757575757576,False
lora8,10,PhysionetMI,94,0.05151515151515144,0.04999999999999996,0.02674242424242416,False
lora8,10,PhysionetMI,95,0.036923076923076906,0.0215384615384615,0.0013076923076922396,False
lora8,10,PhysionetMI,96,-0.0015151515151514805,-0.00833333333333334,0.00015151515151509836,False
lora8,10,PhysionetMI,97,0.00984848484848486,0.12803030303030305,0.09348484848484845,False
lora8,10,PhysionetMI,98,0.01666666666666666,0.02499999999999994,0.00742424242424246,False
lora8,10,PhysionetMI,99,-0.0068181818181818395,-0.04772727272727272,-0.07287878787878779,False
lora8,10,PhysionetMI,101,0.02153846153846152,0.0615384615384615,0.06153846153846145,False
lora8,10,PhysionetMI,102,0.04015151515151512,0.08484848484848481,0.11553030303030298,False
lora8,10,PhysionetMI,103,-0.0507575757575758,-0.08560606060606057,-0.06681818181818182,False
lora8,10,PhysionetMI,105,0.016666666666666618,0.051515151515151424,0.03053030303030298,False
lora8,10,PhysionetMI,107,0.03484848484848486,-0.0204545454545454,-7.575757575750027e-05,False
lora8,10,PhysionetMI,108,-0.04999999999999995,-0.01818181818181814,0.009999999999999981,False
lora8,10,PhysionetMI,109,0.06363636363636357,0.03712121212121206,0.030757575757575716,False
lora8,20,Cho2017,1,-0.011999999999999959,0.08799999999999997,0.15259999999999993,False
lora8,20,Cho2017,2,-0.01,-0.01,-0.0053999999999999595,False
lora8,20,Cho2017,3,0.14399999999999996,0.19,0.13159999999999997,False
lora8,20,Cho2017,4,0.05399999999999988,0.061999999999999944,0.0752,False
lora8,20,Cho2017,5,-0.006,-0.008,0.025199999999999945,False
lora8,20,Cho2017,6,0.0019999999999999597,0.014000000000000002,0.0448,False
lora8,20,Cho2017,7,0.024999999999999977,0.023333333333333338,0.004333333333333339,False
lora8,20,Cho2017,8,0.015999999999999997,-0.009999999999999959,0.0078000000000000205,False
lora8,20,Cho2017,9,0.05166666666666664,0.04666666666666668,0.030166666666666703,False
lora8,20,Cho2017,10,-0.03399999999999994,0.024,0.06319999999999995,False
lora8,20,Cho2017,11,-0.03599999999999998,-0.004000000000000023,0.01399999999999994,False
lora8,20,Cho2017,12,0.03599999999999998,0.178,0.14659999999999995,False
lora8,20,Cho2017,13,0.06799999999999994,0.12799999999999995,0.18539999999999995,False
lora8,20,Cho2017,14,0.15399999999999991,0.15999999999999998,0.19,False
lora8,20,Cho2017,15,0.012,0.13199999999999995,0.1186,False
lora8,20,Cho2017,16,-0.03999999999999994,0.025999999999999978,0.05599999999999996,False
lora8,20,Cho2017,17,-0.0019999999999999797,0.03799999999999998,0.01679999999999996,False
lora8,20,Cho2017,18,-0.0019999999999999797,0.05199999999999992,0.0865999999999999,False
lora8,20,Cho2017,19,-0.004000000000000001,0.02199999999999998,0.02319999999999996,False
lora8,20,Cho2017,20,0.01599999999999996,0.10199999999999994,0.07659999999999995,False
lora8,20,Cho2017,21,0.052000000000000005,0.10399999999999991,0.09019999999999992,False
lora8,20,Cho2017,22,-0.03399999999999998,0.03999999999999994,0.05679999999999992,False
lora8,20,Cho2017,23,-0.003999999999999958,0.05599999999999994,0.06759999999999991,False
lora8,20,Cho2017,24,0.09000000000000001,0.10600000000000001,0.06879999999999996,False
lora8,20,Cho2017,25,0.03199999999999999,0.03600000000000002,0.013200000000000042,False
lora8,20,Cho2017,26,0.008,0.008,0.0078000000000000205,False
lora8,20,Cho2017,27,-0.001999999999999999,-0.03199999999999999,-0.00779999999999996,False
lora8,20,Cho2017,28,0.1039999999999999,0.22999999999999993,0.23159999999999997,False
lora8,20,Cho2017,29,-0.044,0.012,0.05119999999999993,False
lora8,20,Cho2017,30,-0.01199999999999998,0.074,0.04920000000000002,False
lora8,20,Cho2017,31,0.02999999999999998,0.09999999999999995,0.11999999999999993,False
lora8,20,Cho2017,32,-0.03599999999999998,0.032000000000000015,0.022399999999999958,False
lora8,20,Cho2017,33,-0.022,-0.07399999999999993,-0.03359999999999992,False
lora8,20,Cho2017,34,-0.00599999999999998,0.01,0.022000000000000002,False
lora8,20,Cho2017,35,0.001999999999999999,0.446,0.4316,False
lora8,20,Cho2017,36,-0.035999999999999976,0.03999999999999996,0.0053999999999999595,False
lora8,20,Cho2017,37,-0.0020000000000000005,0.0019999999999999996,0.00579999999999998,False
lora8,20,Cho2017,38,0.013999999999999981,0.03199999999999999,0.04539999999999998,False
lora8,20,Cho2017,39,0.028000000000000018,0.028000000000000025,0.01720000000000002,False
lora8,20,Cho2017,40,-0.025999999999999978,0.004000000000000021,0.02100000000000002,False
lora8,20,Cho2017,41,0.01199999999999998,0.07799999999999993,0.11639999999999995,False
lora8,20,Cho2017,42,-1.9428902930940238e-17,-0.013999999999999999,-0.004199999999999998,False
lora8,20,Cho2017,43,0.0,0.0,0.0,False
lora8,20,Cho2017,44,0.016,0.022,0.0389999999999999,False
lora8,20,Cho2017,45,-0.014000000000000021,-0.006000000000000022,0.0018000000000000002,False
lora8,20,Cho2017,46,0.0283333333333333,0.12666666666666662,0.08099999999999996,False
lora8,20,Cho2017,47,0.037999999999999964,0.026000000000000002,0.07500000000000002,False
lora8,20,Cho2017,48,-0.028000000000000018,0.01399999999999996,0.04039999999999992,False
lora8,20,Cho2017,49,-0.041999999999999975,0.0,0.006599999999999958,False
lora8,20,Cho2017,50,0.04799999999999998,0.049999999999999975,0.10619999999999999,False
lora8,20,Cho2017,51,0.03799999999999996,0.04000000000000002,0.02080000000000002,False
lora8,20,Cho2017,52,0.04399999999999996,0.06599999999999998,0.08099999999999996,False
lora8,20,Dreyer2023,1,0.004999999999999919,0.01999999999999994,0.037833333333333254,False
lora8,20,Dreyer2023,2,0.02499999999999996,0.009999999999999978,0.01816666666666662,False
lora8,20,Dreyer2023,3,-0.04333333333333334,-0.003333333333333341,0.03333333333333332,False
lora8,20,Dreyer2023,5,0.004999999999999941,0.02333333333333328,0.0416666666666667,False
lora8,20,Dreyer2023,6,0.03166666666666666,0.041666666666666644,0.022500000000000082,False
lora8,20,Dreyer2023,7,-0.0016666666666666173,-0.001666666666666638,0.032833333333333284,False
lora8,20,Dreyer2023,8,0.020000000000000018,0.02666666666666666,0.02966666666666662,False
lora8,20,Dreyer2023,10,0.00333333333333334,0.005,0.02116666666666658,False
lora8,20,Dreyer2023,11,0.04166666666666666,0.09666666666666662,0.11866666666666656,False
lora8,20,Dreyer2023,12,0.0083333333333333,0.03166666666666662,0.041666666666666595,False
lora8,20,Dreyer2023,13,-0.004999999999999999,0.0016666666666666399,0.011666666666666681,False
lora8,20,Dreyer2023,14,-0.0016666666666666607,0.07333333333333326,0.07249999999999993,False
lora8,20,Dreyer2023,15,0.00333333333333334,-0.011666666666666638,-0.0004999999999999796,False
lora8,20,Dreyer2023,16,0.018333333333333302,0.023333333333333303,0.06616666666666664,False
lora8,20,Dreyer2023,18,0.028333333333333283,0.04833333333333324,0.05099999999999988,False
lora8,20,Dreyer2023,19,0.03666666666666662,0.04999999999999992,0.07533333333333322,False
lora8,20,Dreyer2023,20,0.03833333333333328,0.013333333333333319,0.035666666666666604,False
lora8,20,Dreyer2023,21,0.02833333333333332,0.021666666666666685,0.02999999999999998,False
lora8,20,Dreyer2023,22,-0.06333333333333327,0.006666666666666659,0.07183333333333328,False
lora8,20,Dreyer2023,23,0.03499999999999996,0.06166666666666663,0.08049999999999999,False
lora8,20,Dreyer2023,24,-0.01666666666666666,0.01499999999999994,0.03799999999999992,False
lora8,20,Dreyer2023,25,-0.003333333333333341,0.059999999999999984,0.04150000000000002,False
lora8,20,Dreyer2023,26,0.03833333333333326,0.06999999999999997,0.08649999999999998,False
lora8,20,Dreyer2023,27,0.008333333333333321,0.0266666666666666,0.06649999999999993,False
lora8,20,Dreyer2023,28,-0.05999999999999996,0.04000000000000004,0.02333333333333332,False
lora8,20,Dreyer2023,30,0.0083333333333333,0.08666666666666659,0.0843333333333333,False
lora8,20,Dreyer2023,31,0.03,0.02999999999999998,0.06183333333333328,False
lora8,20,Dreyer2023,32,0.0033333333333333396,0.06666666666666658,0.08433333333333323,False
lora8,20,Dreyer2023,33,-0.03333333333333332,0.0016666666666666178,0.039499999999999945,False
lora8,20,Dreyer2023,34,0.019999999999999938,0.06499999999999996,0.04433333333333328,False
lora8,20,Dreyer2023,35,-0.04999999999999992,0.03333333333333334,0.06316666666666666,False
lora8,20,Dreyer2023,36,-0.00499999999999998,0.013333333333333319,0.018333333333333243,False
lora8,20,Dreyer2023,37,-0.0316666666666666,0.026666666666666637,0.08516666666666665,False
lora8,20,Dreyer2023,38,0.029999999999999916,0.04999999999999996,0.09449999999999989,False
lora8,20,Dreyer2023,39,0.0033333333333333604,0.03666666666666662,0.01916666666666662,False
lora8,20,Dreyer2023,40,0.010344827586206879,0.01379310344827584,0.038275862068965424,False
lora8,20,Dreyer2023,42,0.03166666666666662,0.09166666666666659,0.1464999999999999,False
lora8,20,Dreyer2023,43,0.02166666666666666,0.0133333333333333,0.01749999999999998,False
lora8,20,Dreyer2023,44,0.02666666666666666,0.008333333333333321,-0.006833333333333321,False
lora8,20,Dreyer2023,45,0.06999999999999998,0.06833333333333332,0.05099999999999995,False
lora8,20,Dreyer2023,46,-0.05166666666666666,-0.023333333333333338,-0.003166666666666659,False
lora8,20,Dreyer2023,47,-0.02333333333333336,0.02166666666666662,0.05166666666666656,False
lora8,20,Dreyer2023,48,-0.02499999999999998,0.010000000000000002,0.025666666666666598,False
lora8,20,Dreyer2023,49,-0.0016666666666666802,0.04833333333333332,0.08499999999999994,False
lora8,20,Dreyer2023,50,0.01166666666666662,0.005,0.00983333333333332,False
lora8,20,Dreyer2023,51,0.01,0.03666666666666664,0.04849999999999997,False
lora8,20,Dreyer2023,52,-0.006666666666666682,0.008333333333333337,0.027499999999999934,False
lora8,20,Dreyer2023,53,0.008333333333333321,0.04333333333333328,0.061666666666666606,False
lora8,20,Dreyer2023,54,0.05,0.03333333333333332,0.045,False
lora8,20,Dreyer2023,55,-0.00500000000000002,0.00333333333333332,0.01849999999999996,False
lora8,20,Dreyer2023,56,0.0016666666666666815,0.07166666666666663,0.0968333333333333,False
lora8,20,Dreyer2023,57,0.03166666666666666,0.02999999999999996,0.021833333333333257,False
lora8,20,Dreyer2023,58,0.0116666666666667,0.023333333333333362,0.03600000000000002,False
lora8,20,Dreyer2023,59,-0.0025,0.04,0.07200000000000002,False
lora8,20,Dreyer2023,60,0.05333333333333332,0.06999999999999998,0.08883333333333335,False
lora8,20,Dreyer2023,61,-0.005000000000000002,0.029999999999999936,0.04633333333333328,False
lora8,20,Dreyer2023,62,0.011666666666666641,0.08833333333333328,0.0958333333333332,False
lora8,20,Dreyer2023,63,0.00499999999999996,0.036666666666666604,0.051499999999999956,False
lora8,20,Dreyer2023,64,0.03666666666666664,0.08999999999999998,0.07616666666666658,False
lora8,20,Dreyer2023,65,0.011666666666666662,0.041666666666666616,0.06699999999999996,False
lora8,20,Dreyer2023,66,-0.04666666666666664,-0.02499999999999998,0.00933333333333328,False
lora8,20,Dreyer2023,67,0.008333333333333321,0.02833333333333332,0.03616666666666662,False
lora8,20,Dreyer2023,68,0.02833333333333326,0.02999999999999996,0.05016666666666671,False
lora8,20,Dreyer2023,69,-0.0083333333333333,0.011666666666666641,0.042999999999999886,False
lora8,20,Dreyer2023,70,0.003333333333333282,0.01333333333333328,0.03433333333333332,False
lora8,20,Dreyer2023,71,-0.02166666666666664,0.006666666666666621,0.06266666666666657,False
lora8,20,Dreyer2023,72,0.03166666666666664,0.0966666666666666,0.09933333333333326,False
lora8,20,Dreyer2023,73,0.053333333333333253,0.1066666666666666,0.1293333333333333,False
lora8,20,Dreyer2023,74,-0.018333333333333302,0.04833333333333332,0.05966666666666666,False
lora8,20,Dreyer2023,75,0.00999999999999996,0.05833333333333326,0.0661666666666666,False
lora8,20,Dreyer2023,76,0.03166666666666662,0.09499999999999999,0.09866666666666671,False
lora8,20,Dreyer2023,77,-0.041666666666666595,0.011666666666666681,0.027166666666666638,False
lora8,20,Dreyer2023,80,-0.02499999999999996,0.06833333333333327,0.10116666666666654,False
lora8,20,Dreyer2023,81,-0.0133333333333333,2.0816681711721685e-17,0.036833333333333315,False
lora8,20,Dreyer2023,82,0.026666666666666637,0.0983333333333333,0.11516666666666668,False
lora8,20,Dreyer2023,83,1.3877787807814458e-18,0.05999999999999994,0.0796666666666666,False
lora8,20,Dreyer2023,84,-0.041666666666666644,0.02833333333333332,0.07133333333333336,False
lora8,20,Dreyer2023,85,0.0033333333333333214,0.041666666666666595,0.05299999999999992,False
lora8,20,Dreyer2023,86,-0.03,-0.02499999999999996,0.015333333333333279,False
lora8,20,Dreyer2023,87,-0.05999999999999998,0.03499999999999994,0.04599999999999988,False
lora8,20,PhysionetMI,1,0.0007575757575757596,-0.025000000000000022,-0.01643939393939394,False
lora8,20,PhysionetMI,2,0.03230769230769228,0.03230769230769228,0.04646153846153852,False
lora8,20,PhysionetMI,3,0.0068181818181818395,-0.0015151515151514583,0.014015151515151541,False
lora8,20,PhysionetMI,4,0.01893939393939392,0.0007575757575757596,0.01924242424242418,False
lora8,20,PhysionetMI,5,0.013636363636363702,-0.02424242424242424,-0.014318181818181858,False
lora8,20,PhysionetMI,6,0.012121212121212099,0.021212121212121217,0.07295454545454541,False
lora8,20,PhysionetMI,7,0.0007575757575757402,0.0007575757575757402,0.00795454545454538,False
lora8,20,PhysionetMI,8,0.02272727272727276,0.0871212121212122,0.09946969696969696,False
lora8,20,PhysionetMI,9,0.026153846153846156,0.006153846153846158,0.0317692307692308,False
lora8,20,PhysionetMI,10,-0.0438461538461538,-0.0276923076923077,-0.00892307692307696,False
lora8,20,PhysionetMI,11,-0.03409090909090906,-0.05,-0.054696969696969654,False
lora8,20,PhysionetMI,12,0.0,0.015151515151515142,0.029772727272727218,False
lora8,20,PhysionetMI,13,0.04469696969696968,0.015151515151515183,0.025833333333333302,False
lora8,20,PhysionetMI,14,0.09545454545454539,0.10681818181818178,0.1019696969696969,False
lora8,20,PhysionetMI,15,0.061538461538461486,0.061538461538461486,0.03146153846153838,False
lora8,20,PhysionetMI,16,-0.01893939393939386,-0.017424242424242363,-0.021060606060606002,False
lora8,20,PhysionetMI,17,0.09015151515151518,0.10000000000000005,0.07674242424242421,False
lora8,20,PhysionetMI,18,-0.00909090909090908,-0.00909090909090908,0.00340909090909088,False
lora8,20,PhysionetMI,19,0.0007575757575757402,-0.041666666666666685,0.016212121212121143,False
lora8,20,PhysionetMI,20,0.01893939393939392,0.03560606060606058,0.044924242424242276,False
lora8,20,PhysionetMI,21,0.032575757575757605,0.05984848484848489,0.061893939393939335,False
lora8,20,PhysionetMI,22,-0.00909090909090908,-0.00909090909090908,0.0207575757575758,False
lora8,20,PhysionetMI,23,0.0038461538461538602,0.014615384615384561,0.02261538461538446,False
lora8,20,PhysionetMI,24,-0.003787878787878779,-0.045454545454545456,-0.03189393939393938,False
lora8,20,PhysionetMI,25,-0.0568181818181818,-0.03181818181818176,-0.01606060606060598,False
lora8,20,PhysionetMI,26,-0.007692307692307701,-0.09692307692307692,-0.07384615384615383,False
lora8,20,PhysionetMI,27,0.00075757575757574,0.0015151515151515208,0.014393939393939379,False
lora8,20,PhysionetMI,28,0.02424242424242426,0.02575757575757574,0.02893939393939392,False
lora8,20,PhysionetMI,29,0.10151515151515149,0.15378787878787878,0.13537878787878782,False
lora8,20,PhysionetMI,30,0.0174242424242424,0.03333333333333334,0.019242424242424262,False
lora8,20,PhysionetMI,31,-0.00681818181818188,0.0007575757575757014,0.02340909090909082,False
lora8,20,PhysionetMI,32,0.01,0.01999999999999998,0.03846153846153842,False
lora8,20,PhysionetMI,33,0.008333333333333321,0.0015151515151515,0.0053787878787878605,False
lora8,20,PhysionetMI,34,0.042307692307692275,0.029230769230769182,0.06838461538461532,False
lora8,20,PhysionetMI,35,0.007575757575757599,-0.0015151515151514802,0.03196969696969698,False
lora8,20,PhysionetMI,36,-0.015151515151515157,0.0037878787878787594,0.06886363636363634,False
lora8,20,PhysionetMI,37,0.08030303030303032,0.08939393939393939,0.07984848484848478,False
lora8,20,PhysionetMI,38,-0.013636363636363658,0.03863636363636362,0.08962121212121207,False
lora8,20,PhysionetMI,39,0.032575757575757605,0.00833333333333334,0.0346969696969697,False
lora8,20,PhysionetMI,40,-0.01590909090909094,0.00909090909090908,0.030606060606060602,False
lora8,20,PhysionetMI,41,-0.04538461538461534,-0.045384615384615315,-0.035153846153846105,False
lora8,20,PhysionetMI,42,-0.01060606060606062,-0.020454545454545458,-0.022499999999999958,False
lora8,20,PhysionetMI,43,0.041666666666666664,0.02500000000000004,0.02068181818181814,False
lora8,20,PhysionetMI,44,-0.01136363636363634,0.007575757575757599,-0.02333333333333328,False
lora8,20,PhysionetMI,45,0.03257575757575756,0.0068181818181818205,0.023333333333333324,False
lora8,20,PhysionetMI,46,-0.03257575757575756,-0.0416666666666667,-0.04537878787878776,False
lora8,20,PhysionetMI,47,0.04015151515151514,0.014393939393939379,0.026060606060606024,False
lora8,20,PhysionetMI,48,0.0,0.0,0.00401515151515152,False
lora8,20,PhysionetMI,49,-0.0053030303030303615,0.011363636363636279,0.015984848484848418,False
lora8,20,PhysionetMI,50,0.10227272727272722,0.10227272727272722,0.07749999999999987,False
lora8,20,PhysionetMI,51,0.0969696969696969,0.05909090909090908,0.05818181818181822,False
lora8,20,PhysionetMI,52,0.01230769230769228,-0.03230769230769228,-0.0027692307692307404,False
lora8,20,PhysionetMI,53,0.05454545454545454,0.081060606060606,0.10310606060606056,False
lora8,20,PhysionetMI,54,0.0068181818181818395,0.02348484848484854,0.04068181818181818,False
lora8,20,PhysionetMI,55,0.0439393939393939,0.0439393939393939,0.029166666666666695,False
lora8,20,PhysionetMI,56,-0.00151515151515154,-0.00227272727272724,0.01257575757575764,False
lora8,20,PhysionetMI,57,0.00909090909090908,0.00909090909090908,0.013106060606060515,False
lora8,20,PhysionetMI,58,0.024615384615384563,0.0376923076923076,0.03561538461538452,False
lora8,20,PhysionetMI,59,0.04090909090909086,0.09545454545454543,0.10689393939393939,False
lora8,20,PhysionetMI,60,0.053076923076923035,0.03538461538461536,0.06338461538461536,False
lora8,20,PhysionetMI,61,0.0,0.0,0.004469696969696854,False
lora8,20,PhysionetMI,62,0.0,0.0083333333333333,0.042575757575757475,False
lora8,20,PhysionetMI,63,0.0446969696969697,0.06515151515151511,0.07462121212121205,False
lora8,20,PhysionetMI,64,0.04242424242424238,0.024999999999999942,0.03393939393939384,False
lora8,20,PhysionetMI,65,-0.01060606060606062,-0.02045454545454544,0.010454545454545338,False
lora8,20,PhysionetMI,66,0.056060606060606,-0.021212121212121217,-0.06333333333333332,False
lora8,20,PhysionetMI,67,0.06439393939393938,0.0484848484848485,0.04265151515151516,False
lora8,20,PhysionetMI,68,0.034848484848484816,0.04318181818181816,0.0173484848484848,False
lora8,20,PhysionetMI,69,0.020000000000000018,0.04999999999999996,0.053000000000000026,False
lora8,20,PhysionetMI,70,-0.00757575757575758,-0.00757575757575758,-0.00424242424242424,False
lora8,20,PhysionetMI,71,0.0181818181818182,0.026515151515151502,0.03795454545454538,False
lora8,20,PhysionetMI,72,-0.025757575757575757,-0.00909090909090908,0.01022727272727264,False
lora8,20,PhysionetMI,73,0.037121212121212124,0.05606060606060598,0.05575757575757566,False
lora8,20,PhysionetMI,74,-0.03030303030303032,-0.014393939393939436,-0.0016666666666666802,False
lora8,20,PhysionetMI,75,0.01893939393939384,0.04621212121212116,0.01651515151515144,False
lora8,20,PhysionetMI,76,-0.058333333333333307,-0.055303030303030284,-0.06257575757575753,False
lora8,20,PhysionetMI,77,0.06439393939393938,0.03787878787878788,0.01439393939393938,False
lora8,20,PhysionetMI,78,-0.06893939393939394,-0.06363636363636363,-0.04318181818181812,False
lora8,20,PhysionetMI,79,-0.01742424242424244,-0.03636363636363634,-0.028712121212121224,False
lora8,20,PhysionetMI,80,0.03538461538461532,0.06076923076923069,0.043999999999999984,False
lora8,20,PhysionetMI,81,0.01136363636363632,-0.00606060606060606,0.02053030303030306,False
lora8,20,PhysionetMI,82,0.09166666666666665,0.07424242424242422,0.025227272727272675,False
lora8,20,PhysionetMI,83,0.03846153846153846,0.006923076923076902,0.02492307692307688,False
lora8,20,PhysionetMI,84,-0.03863636363636364,-0.047727272727272715,-0.01856060606060598,False
lora8,20,PhysionetMI,85,0.05303030303030294,0.06136363636363629,0.07121212121212109,False
lora8,20,PhysionetMI,86,0.015384615384615361,0.015384615384615361,0.01892307692307682,False
lora8,20,PhysionetMI,87,-0.017424242424242353,-0.12121212121212108,-0.05984848484848486,False
lora8,20,PhysionetMI,90,0.021969696969696917,-0.00530303030303036,0.026818181818181696,False
lora8,20,PhysionetMI,91,-0.10833333333333332,-0.06742424242424239,0.00469696969696966,False
lora8,20,PhysionetMI,93,0.016666666666666656,0.03560606060606062,0.0375757575757576,False
lora8,20,PhysionetMI,94,0.04090909090909088,0.04999999999999996,0.02674242424242416,False
lora8,20,PhysionetMI,95,-0.0007692307692308026,0.0215384615384615,0.0013076923076922396,False
lora8,20,PhysionetMI,96,0.00833333333333334,-0.00833333333333334,0.00015151515151509836,False
lora8,20,PhysionetMI,97,0.0734848484848485,0.12803030303030305,0.09348484848484845,False
lora8,20,PhysionetMI,98,-0.01666666666666666,0.02499999999999994,0.00742424242424246,False
lora8,20,PhysionetMI,99,1.9428902930940238e-17,-0.04772727272727272,-0.07287878787878779,False
lora8,20,PhysionetMI,101,0.0338461538461538,0.0615384615384615,0.06153846153846145,False
lora8,20,PhysionetMI,102,0.06666666666666664,0.08484848484848481,0.11553030303030298,False
lora8,20,PhysionetMI,103,-0.09696969696969696,-0.08560606060606057,-0.06681818181818182,False
lora8,20,PhysionetMI,105,0.051515151515151424,0.051515151515151424,0.03053030303030298,False
lora8,20,PhysionetMI,107,3.95516952522712e-17,-0.0204545454545454,-7.575757575750027e-05,False
lora8,20,PhysionetMI,108,0.007575757575757622,-0.01818181818181814,0.009999999999999981,False
lora8,20,PhysionetMI,109,0.04848484848484844,0.03712121212121206,0.030757575757575716,False
lora8,40,Cho2017,1,0.010000000000000021,0.08799999999999997,0.15259999999999993,False
lora8,40,Cho2017,2,0.010000000000000002,-0.01,-0.0053999999999999595,False
lora8,40,Cho2017,3,0.20999999999999996,0.19,0.13159999999999997,False
lora8,40,Cho2017,4,0.0539999999999999,0.061999999999999944,0.0752,False
lora8,40,Cho2017,5,-0.006,-0.008,0.025199999999999945,False
lora8,40,Cho2017,6,0.02199999999999998,0.014000000000000002,0.0448,False
lora8,40,Cho2017,7,0.01666666666666666,0.023333333333333338,0.004333333333333339,False
lora8,40,Cho2017,8,-0.01799999999999998,-0.009999999999999959,0.0078000000000000205,False
lora8,40,Cho2017,9,0.07833333333333332,0.04666666666666668,0.030166666666666703,False
lora8,40,Cho2017,10,5.967448757360216e-17,0.024,0.06319999999999995,False
lora8,40,Cho2017,11,0.008000000000000023,-0.004000000000000023,0.01399999999999994,False
lora8,40,Cho2017,12,0.06999999999999997,0.178,0.14659999999999995,False
lora8,40,Cho2017,13,0.11799999999999992,0.12799999999999995,0.18539999999999995,False
lora8,40,Cho2017,14,0.14599999999999994,0.15999999999999998,0.19,False
lora8,40,Cho2017,15,0.02199999999999998,0.13199999999999995,0.1186,False
lora8,40,Cho2017,16,0.003999999999999998,0.025999999999999978,0.05599999999999996,False
lora8,40,Cho2017,17,0.01,0.03799999999999998,0.01679999999999996,False
lora8,40,Cho2017,18,0.006,0.05199999999999992,0.0865999999999999,False
lora8,40,Cho2017,19,-0.012000000000000021,0.02199999999999998,0.02319999999999996,False
lora8,40,Cho2017,20,0.03199999999999998,0.10199999999999994,0.07659999999999995,False
lora8,40,Cho2017,21,0.066,0.10399999999999991,0.09019999999999992,False
lora8,40,Cho2017,22,-0.01600000000000002,0.03999999999999994,0.05679999999999992,False
lora8,40,Cho2017,23,0.004000000000000043,0.05599999999999994,0.06759999999999991,False
lora8,40,Cho2017,24,0.088,0.10600000000000001,0.06879999999999996,False
lora8,40,Cho2017,25,0.012000000000000002,0.03600000000000002,0.013200000000000042,False
lora8,40,Cho2017,26,0.008,0.008,0.0078000000000000205,False
lora8,40,Cho2017,27,-0.026000000000000002,-0.03199999999999999,-0.00779999999999996,False
lora8,40,Cho2017,28,0.09999999999999992,0.22999999999999993,0.23159999999999997,False
lora8,40,Cho2017,29,-0.02600000000000004,0.012,0.05119999999999993,False
lora8,40,Cho2017,30,0.038,0.074,0.04920000000000002,False
lora8,40,Cho2017,31,0.06599999999999999,0.09999999999999995,0.11999999999999993,False
lora8,40,Cho2017,32,0.022,0.032000000000000015,0.022399999999999958,False
lora8,40,Cho2017,33,-0.05599999999999994,-0.07399999999999993,-0.03359999999999992,False
lora8,40,Cho2017,34,-0.01599999999999998,0.01,0.022000000000000002,False
lora8,40,Cho2017,35,-0.035999999999999976,0.446,0.4316,False
lora8,40,Cho2017,36,-0.026000000000000002,0.03999999999999996,0.0053999999999999595,False
lora8,40,Cho2017,37,0.00199999999999998,0.0019999999999999996,0.00579999999999998,False
lora8,40,Cho2017,38,-0.003999999999999978,0.03199999999999999,0.04539999999999998,False
lora8,40,Cho2017,39,0.014000000000000002,0.028000000000000025,0.01720000000000002,False
lora8,40,Cho2017,40,-0.05599999999999998,0.004000000000000021,0.02100000000000002,False
lora8,40,Cho2017,41,0.11999999999999991,0.07799999999999993,0.11639999999999995,False
lora8,40,Cho2017,42,-0.008000000000000002,-0.013999999999999999,-0.004199999999999998,False
lora8,40,Cho2017,43,0.0,0.0,0.0,False
lora8,40,Cho2017,44,0.018,0.022,0.0389999999999999,False
lora8,40,Cho2017,45,-0.011999999999999999,-0.006000000000000022,0.0018000000000000002,False
lora8,40,Cho2017,46,0.09833333333333327,0.12666666666666662,0.08099999999999996,False
lora8,40,Cho2017,47,0.02799999999999998,0.026000000000000002,0.07500000000000002,False
lora8,40,Cho2017,48,-0.007999999999999976,0.01399999999999996,0.04039999999999992,False
lora8,40,Cho2017,49,-0.14399999999999996,0.0,0.006599999999999958,False
lora8,40,Cho2017,50,0.043999999999999984,0.049999999999999975,0.10619999999999999,False
lora8,40,Cho2017,51,0.09399999999999993,0.04000000000000002,0.02080000000000002,False
lora8,40,Cho2017,52,0.05799999999999994,0.06599999999999998,0.08099999999999996,False
lora8,40,Dreyer2023,1,0.019999999999999938,0.01999999999999994,0.037833333333333254,False
lora8,40,Dreyer2023,2,0.01999999999999996,0.009999999999999978,0.01816666666666662,False
lora8,40,Dreyer2023,3,-0.00666666666666668,-0.003333333333333341,0.03333333333333332,False
lora8,40,Dreyer2023,5,0.013333333333333319,0.02333333333333328,0.0416666666666667,False
lora8,40,Dreyer2023,6,0.06666666666666662,0.041666666666666644,0.022500000000000082,False
lora8,40,Dreyer2023,7,-0.0016666666666666605,-0.001666666666666638,0.032833333333333284,False
lora8,40,Dreyer2023,8,0.009999999999999981,0.02666666666666666,0.02966666666666662,False
lora8,40,Dreyer2023,10,-2.0122792321330962e-17,0.005,0.02116666666666658,False
lora8,40,Dreyer2023,11,0.06333333333333332,0.09666666666666662,0.11866666666666656,False
lora8,40,Dreyer2023,12,0.006666666666666659,0.03166666666666662,0.041666666666666595,False
lora8,40,Dreyer2023,13,-0.01666666666666666,0.0016666666666666399,0.011666666666666681,False
lora8,40,Dreyer2023,14,0.01833333333333332,0.07333333333333326,0.07249999999999993,False
lora8,40,Dreyer2023,15,0.011666666666666662,-0.011666666666666638,-0.0004999999999999796,False
lora8,40,Dreyer2023,16,0.036666666666666604,0.023333333333333303,0.06616666666666664,False
lora8,40,Dreyer2023,18,0.03833333333333328,0.04833333333333324,0.05099999999999988,False
lora8,40,Dreyer2023,19,0.05499999999999994,0.04999999999999992,0.07533333333333322,False
lora8,40,Dreyer2023,20,0.03666666666666664,0.013333333333333319,0.035666666666666604,False
lora8,40,Dreyer2023,21,0.02499999999999998,0.021666666666666685,0.02999999999999998,False
lora8,40,Dreyer2023,22,-0.02166666666666666,0.006666666666666659,0.07183333333333328,False
lora8,40,Dreyer2023,23,0.03166666666666662,0.06166666666666663,0.08049999999999999,False
lora8,40,Dreyer2023,24,0.0083333333333333,0.01499999999999994,0.03799999999999992,False
lora8,40,Dreyer2023,25,0.02166666666666666,0.059999999999999984,0.04150000000000002,False
lora8,40,Dreyer2023,26,0.041666666666666595,0.06999999999999997,0.08649999999999998,False
lora8,40,Dreyer2023,27,0.01000000000000002,0.0266666666666666,0.06649999999999993,False
lora8,40,Dreyer2023,28,0.016666666666666698,0.04000000000000004,0.02333333333333332,False
lora8,40,Dreyer2023,30,0.016666666666666642,0.08666666666666659,0.0843333333333333,False
lora8,40,Dreyer2023,31,0.050000000000000024,0.02999999999999998,0.06183333333333328,False
lora8,40,Dreyer2023,32,0.03999999999999996,0.06666666666666658,0.08433333333333323,False
lora8,40,Dreyer2023,33,-0.02833333333333332,0.0016666666666666178,0.039499999999999945,False
lora8,40,Dreyer2023,34,0.03833333333333328,0.06499999999999996,0.04433333333333328,False
lora8,40,Dreyer2023,35,0.0016666666666667411,0.03333333333333334,0.06316666666666666,False
lora8,40,Dreyer2023,36,0.01666666666666666,0.013333333333333319,0.018333333333333243,False
lora8,40,Dreyer2023,37,0.02,0.026666666666666637,0.08516666666666665,False
lora8,40,Dreyer2023,38,0.03166666666666664,0.04999999999999996,0.09449999999999989,False
lora8,40,Dreyer2023,39,0.02000000000000002,0.03666666666666662,0.01916666666666662,False
lora8,40,Dreyer2023,40,-0.017241379310344758,0.01379310344827584,0.038275862068965424,False
lora8,40,Dreyer2023,42,0.02499999999999996,0.09166666666666659,0.1464999999999999,False
lora8,40,Dreyer2023,43,0.02333333333333334,0.0133333333333333,0.01749999999999998,False
lora8,40,Dreyer2023,44,0.02166666666666668,0.008333333333333321,-0.006833333333333321,False
lora8,40,Dreyer2023,45,0.07666666666666666,0.06833333333333332,0.05099999999999995,False
lora8,40,Dreyer2023,46,-0.019999999999999997,-0.023333333333333338,-0.003166666666666659,False
lora8,40,Dreyer2023,47,0.00999999999999998,0.02166666666666662,0.05166666666666656,False
lora8,40,Dreyer2023,48,0.013333333333333341,0.010000000000000002,0.025666666666666598,False
lora8,40,Dreyer2023,49,0.03333333333333332,0.04833333333333332,0.08499999999999994,False
lora8,40,Dreyer2023,50,0.008333333333333321,0.005,0.00983333333333332,False
lora8,40,Dreyer2023,51,0.021666666666666678,0.03666666666666664,0.04849999999999997,False
lora8,40,Dreyer2023,52,0.00333333333333332,0.008333333333333337,0.027499999999999934,False
lora8,40,Dreyer2023,53,0.011666666666666662,0.04333333333333328,0.061666666666666606,False
lora8,40,Dreyer2023,54,0.053333333333333365,0.03333333333333332,0.045,False
lora8,40,Dreyer2023,55,-0.013333333333333341,0.00333333333333332,0.01849999999999996,False
lora8,40,Dreyer2023,56,0.04333333333333328,0.07166666666666663,0.0968333333333333,False
lora8,40,Dreyer2023,57,0.05666666666666662,0.02999999999999996,0.021833333333333257,False
lora8,40,Dreyer2023,58,0.00666666666666668,0.023333333333333362,0.03600000000000002,False
lora8,40,Dreyer2023,59,0.0024999999999999593,0.04,0.07200000000000002,False
lora8,40,Dreyer2023,60,0.03833333333333336,0.06999999999999998,0.08883333333333335,False
lora8,40,Dreyer2023,61,-0.00333333333333332,0.029999999999999936,0.04633333333333328,False
lora8,40,Dreyer2023,62,0.02166666666666662,0.08833333333333328,0.0958333333333332,False
lora8,40,Dreyer2023,63,0.005,0.036666666666666604,0.051499999999999956,False
lora8,40,Dreyer2023,64,0.025,0.08999999999999998,0.07616666666666658,False
lora8,40,Dreyer2023,65,0.0083333333333333,0.041666666666666616,0.06699999999999996,False
lora8,40,Dreyer2023,66,-0.013333333333333303,-0.02499999999999998,0.00933333333333328,False
lora8,40,Dreyer2023,67,0.015000000000000022,0.02833333333333332,0.03616666666666662,False
lora8,40,Dreyer2023,68,0.029999999999999936,0.02999999999999996,0.05016666666666671,False
lora8,40,Dreyer2023,69,-0.013333333333333341,0.011666666666666641,0.042999999999999886,False
lora8,40,Dreyer2023,70,-0.00333333333333334,0.01333333333333328,0.03433333333333332,False
lora8,40,Dreyer2023,71,-0.02000000000000004,0.006666666666666621,0.06266666666666657,False
lora8,40,Dreyer2023,72,0.04999999999999995,0.0966666666666666,0.09933333333333326,False
lora8,40,Dreyer2023,73,0.07166666666666661,0.1066666666666666,0.1293333333333333,False
lora8,40,Dreyer2023,74,-0.01999999999999996,0.04833333333333332,0.05966666666666666,False
lora8,40,Dreyer2023,75,0.003333333333333321,0.05833333333333326,0.0661666666666666,False
lora8,40,Dreyer2023,76,0.04666666666666664,0.09499999999999999,0.09866666666666671,False
lora8,40,Dreyer2023,77,-0.07499999999999993,0.011666666666666681,0.027166666666666638,False
lora8,40,Dreyer2023,80,-0.01000000000000002,0.06833333333333327,0.10116666666666654,False
lora8,40,Dreyer2023,81,-0.0016666666666666414,2.0816681711721685e-17,0.036833333333333315,False
lora8,40,Dreyer2023,82,0.09166666666666665,0.0983333333333333,0.11516666666666668,False
lora8,40,Dreyer2023,83,0.039999999999999904,0.05999999999999994,0.0796666666666666,False
lora8,40,Dreyer2023,84,0.005,0.02833333333333332,0.07133333333333336,False
lora8,40,Dreyer2023,85,0.013333333333333319,0.041666666666666595,0.05299999999999992,False
lora8,40,Dreyer2023,86,-0.02499999999999996,-0.02499999999999996,0.015333333333333279,False
lora8,40,Dreyer2023,87,-0.04000000000000002,0.03499999999999994,0.04599999999999988,False
