dataset,subject,G_BA,own_ba,swap_ba,own_gain,upper_bound,model,point
Cho2017,1,0.62,0.6739999999999999,0.6237999999999999,0.053999999999999916,0.05019999999999998,REVE,1x
Cho2017,2,0.538,0.542,0.5347999999999999,0.004000000000000001,0.007200000000000059,REVE,1x
Cho2017,3,0.82,0.9119999999999999,0.8256,0.09199999999999992,0.08639999999999995,REVE,1x
Cho2017,4,0.77,0.8280000000000001,0.7622,0.05800000000000002,0.0658,REVE,1x
Cho2017,5,0.992,0.994,0.9753999999999999,0.002,0.01859999999999988,REVE,1x
Cho2017,6,0.844,0.8360000000000001,0.8332,-0.007999999999999919,0.0028000000000000403,REVE,1x
Cho2017,7,0.55,0.5716666666666667,0.5593333333333332,0.02166666666666662,0.01233333333333334,REVE,1x
Cho2017,8,0.62,0.66,0.6266,0.03999999999999998,0.03339999999999998,REVE,1x
Cho2017,9,0.6633333333333333,0.675,0.6599999999999999,0.011666666666666641,0.014999999999999958,REVE,1x
Cho2017,10,0.7,0.714,0.6696,0.014000000000000002,0.04439999999999998,REVE,1x
Cho2017,11,0.6459999999999999,0.672,0.6355999999999999,0.02600000000000006,0.03640000000000002,REVE,1x
Cho2017,12,0.5900000000000001,0.72,0.5586,0.12999999999999998,0.16139999999999993,REVE,1x
Cho2017,13,0.874,0.898,0.8617999999999999,0.024,0.036199999999999996,REVE,1x
Cho2017,14,0.798,0.842,0.8048,0.04399999999999994,0.03719999999999996,REVE,1x
Cho2017,15,0.626,0.67,0.615,0.04399999999999996,0.05499999999999998,REVE,1x
Cho2017,16,0.592,0.5900000000000001,0.5776,-0.001999999999999981,0.012399999999999977,REVE,1x
Cho2017,17,0.5820000000000001,0.638,0.5842,0.05599999999999994,0.05379999999999996,REVE,1x
Cho2017,18,0.6,0.6279999999999999,0.5866,0.02799999999999998,0.04139999999999992,REVE,1x
Cho2017,19,0.592,0.62,0.5962,0.028000000000000042,0.0238,REVE,1x
Cho2017,20,0.622,0.6719999999999999,0.6052000000000001,0.049999999999999954,0.0667999999999999,REVE,1x
Cho2017,21,0.6679999999999999,0.7,0.6586000000000001,0.03199999999999999,0.04139999999999992,REVE,1x
Cho2017,22,0.6519999999999999,0.6900000000000001,0.6454,0.03799999999999998,0.044600000000000015,REVE,1x
Cho2017,23,0.79,0.82,0.7562,0.02999999999999998,0.06379999999999995,REVE,1x
Cho2017,24,0.6279999999999999,0.686,0.6142000000000001,0.05799999999999998,0.07179999999999995,REVE,1x
Cho2017,25,0.646,0.6719999999999999,0.6392,0.026000000000000002,0.03279999999999996,REVE,1x
Cho2017,26,1.0,0.998,0.9969999999999999,-0.002,0.00099999999999998,REVE,1x
Cho2017,27,0.658,0.6699999999999999,0.6266,0.01199999999999998,0.04339999999999996,REVE,1x
Cho2017,28,0.718,0.9380000000000001,0.7072,0.21999999999999997,0.23079999999999998,REVE,1x
Cho2017,29,0.52,0.5900000000000001,0.5118,0.06999999999999994,0.07819999999999996,REVE,1x
Cho2017,30,0.724,0.786,0.7048,0.062,0.08119999999999998,REVE,1x
Cho2017,31,0.688,0.722,0.6584,0.03399999999999994,0.06359999999999998,REVE,1x
Cho2017,32,0.61,0.6,0.5882000000000001,-0.009999999999999959,0.01179999999999996,REVE,1x
Cho2017,33,0.6679999999999999,0.6599999999999999,0.641,-0.007999999999999998,0.01899999999999996,REVE,1x
Cho2017,34,0.604,0.592,0.5634,-0.011999999999999999,0.02859999999999996,REVE,1x
Cho2017,35,0.524,0.722,0.528,0.19799999999999995,0.1939999999999999,REVE,1x
Cho2017,36,0.5980000000000001,0.632,0.5986,0.03399999999999994,0.03339999999999998,REVE,1x
Cho2017,37,0.8480000000000001,0.858,0.8552,0.01,0.0028000000000000403,REVE,1x
Cho2017,38,0.56,0.5720000000000001,0.5682,0.012,0.003799999999999999,REVE,1x
Cho2017,39,0.616,0.626,0.593,0.009999999999999998,0.03299999999999996,REVE,1x
Cho2017,40,0.476,0.48200000000000004,0.48,0.006,0.0019999999999999814,REVE,1x
Cho2017,41,0.8140000000000001,0.8620000000000001,0.7958000000000001,0.047999999999999945,0.06619999999999998,REVE,1x
Cho2017,42,0.616,0.6300000000000001,0.6093999999999999,0.014000000000000002,0.020600000000000042,REVE,1x
Cho2017,43,1.0,1.0,1.0,0.0,0.0,REVE,1x
Cho2017,44,0.954,0.96,0.9408,0.006,0.01919999999999996,REVE,1x
Cho2017,45,0.6140000000000001,0.6060000000000001,0.6033999999999999,-0.007999999999999998,0.002600000000000019,REVE,1x
Cho2017,46,0.6483333333333333,0.6583333333333334,0.6536666666666667,0.009999999999999978,0.004666666666666682,REVE,1x
Cho2017,47,0.8480000000000001,0.8800000000000001,0.8280000000000001,0.03199999999999996,0.051999999999999935,REVE,1x
Cho2017,48,0.748,0.784,0.7022,0.036,0.08179999999999996,REVE,1x
Cho2017,49,1.0,1.0,0.9987999999999999,0.0,0.00119999999999996,REVE,1x
Cho2017,50,0.8939999999999999,0.9,0.8842000000000001,0.006,0.01580000000000002,REVE,1x
Cho2017,51,0.626,0.6639999999999999,0.623,0.03799999999999996,0.04099999999999998,REVE,1x
Cho2017,52,0.682,0.706,0.6736,0.02399999999999998,0.03239999999999994,REVE,1x
Dreyer2023,1,0.945,0.9649999999999999,0.9375,0.01999999999999996,0.02749999999999996,REVE,1x
Dreyer2023,2,0.8483333333333333,0.9016666666666666,0.8211666666666666,0.05333333333333332,0.08049999999999996,REVE,1x
Dreyer2023,3,0.825,0.8266666666666665,0.7961666666666667,0.00166666666666666,0.03049999999999998,REVE,1x
Dreyer2023,5,0.9433333333333334,0.96,0.9293333333333333,0.0166666666666666,0.03066666666666658,REVE,1x
Dreyer2023,6,0.865,0.925,0.882,0.05999999999999996,0.04299999999999998,REVE,1x
Dreyer2023,7,0.97,0.99,0.9583333333333334,0.019999999999999983,0.03166666666666662,REVE,1x
Dreyer2023,8,0.8150000000000001,0.945,0.8445,0.12999999999999995,0.10049999999999992,REVE,1x
Dreyer2023,10,0.95,0.9616666666666666,0.9293333333333333,0.0116666666666666,0.032333333333333256,REVE,1x
Dreyer2023,11,0.6266666666666667,0.8400000000000001,0.6303333333333333,0.2133333333333333,0.20966666666666667,REVE,1x
Dreyer2023,12,0.95,0.9433333333333334,0.9268333333333334,-0.00666666666666664,0.01649999999999994,REVE,1x
Dreyer2023,13,0.7466666666666667,0.7616666666666667,0.7446666666666666,0.01499999999999998,0.01699999999999998,REVE,1x
Dreyer2023,14,0.74,0.8116666666666668,0.7098333333333333,0.07166666666666664,0.1018333333333333,REVE,1x
Dreyer2023,15,0.8616666666666667,0.8850000000000001,0.85,0.02333333333333334,0.03500000000000002,REVE,1x
Dreyer2023,16,0.875,0.9333333333333333,0.8548333333333333,0.05833333333333333,0.07849999999999993,REVE,1x
Dreyer2023,18,0.9716666666666667,0.9816666666666667,0.9526666666666666,0.01,0.02899999999999996,REVE,1x
Dreyer2023,19,0.9783333333333333,0.9916666666666668,0.9543333333333333,0.013333333333333341,0.03733333333333338,REVE,1x
Dreyer2023,20,0.975,0.9766666666666666,0.9561666666666666,0.0016666666666666605,0.020499999999999997,REVE,1x
Dreyer2023,21,0.95,0.9666666666666666,0.9351666666666667,0.016666666666666642,0.03149999999999996,REVE,1x
Dreyer2023,22,0.8550000000000001,0.8800000000000001,0.8244999999999999,0.025,0.05549999999999998,REVE,1x
Dreyer2023,23,0.7816666666666666,0.8316666666666667,0.7434999999999999,0.049999999999999996,0.08816666666666666,REVE,1x
Dreyer2023,24,0.9800000000000001,0.9916666666666668,0.9766666666666668,0.01166666666666668,0.01499999999999998,REVE,1x
Dreyer2023,25,0.765,0.8666666666666666,0.7873333333333333,0.1016666666666666,0.07933333333333326,REVE,1x
Dreyer2023,26,0.89,0.9566666666666667,0.8538333333333334,0.06666666666666658,0.1028333333333332,REVE,1x
Dreyer2023,27,0.7966666666666666,0.8833333333333334,0.8086666666666666,0.08666666666666664,0.07466666666666666,REVE,1x
Dreyer2023,28,0.8283333333333334,0.8966666666666665,0.8393333333333333,0.06833333333333325,0.057333333333333215,REVE,1x
Dreyer2023,30,0.76,0.8583333333333332,0.7365,0.09833333333333326,0.12183333333333321,REVE,1x
Dreyer2023,31,0.9316666666666666,0.9600000000000002,0.8969999999999999,0.02833333333333332,0.063,REVE,1x
Dreyer2023,32,0.8683333333333334,0.9566666666666667,0.8871666666666667,0.08833333333333324,0.06949999999999988,REVE,1x
Dreyer2023,33,0.805,0.8883333333333333,0.7893333333333332,0.08333333333333329,0.099,REVE,1x
Dreyer2023,34,0.7966666666666666,0.9049999999999999,0.8488333333333333,0.10833333333333328,0.05616666666666662,REVE,1x
Dreyer2023,35,0.8016666666666665,0.8733333333333333,0.7911666666666667,0.0716666666666666,0.08216666666666658,REVE,1x
Dreyer2023,36,0.8966666666666667,0.925,0.8171666666666667,0.028333333333333256,0.10783333333333327,REVE,1x
Dreyer2023,37,0.735,0.835,0.6748333333333333,0.1,0.16016666666666662,REVE,1x
Dreyer2023,38,0.8433333333333334,0.8566666666666667,0.8221666666666667,0.013333333333333319,0.03449999999999994,REVE,1x
Dreyer2023,39,0.9633333333333335,0.9883333333333335,0.9678333333333333,0.025,0.020500000000000018,REVE,1x
Dreyer2023,40,0.8689655172413794,0.9241379310344827,0.8272413793103448,0.055172413793103406,0.09689655172413786,REVE,1x
Dreyer2023,42,0.7716666666666667,0.9049999999999999,0.6915,0.13333333333333325,0.21349999999999994,REVE,1x
Dreyer2023,43,0.9266666666666665,0.9166666666666666,0.9146666666666666,-0.01,0.00199999999999996,REVE,1x
Dreyer2023,44,0.78,0.8383333333333333,0.7736666666666666,0.05833333333333335,0.06466666666666668,REVE,1x
Dreyer2023,45,0.755,0.8550000000000001,0.8,0.09999999999999998,0.05499999999999994,REVE,1x
Dreyer2023,46,0.7716666666666667,0.7966666666666666,0.7565000000000001,0.025,0.04016666666666664,REVE,1x
Dreyer2023,47,0.8366666666666667,0.8583333333333332,0.7883333333333334,0.0216666666666666,0.06999999999999987,REVE,1x
Dreyer2023,48,0.71,0.7150000000000001,0.7121666666666666,0.004999999999999999,0.0028333333333334,REVE,1x
Dreyer2023,49,0.7616666666666667,0.8366666666666667,0.7606666666666667,0.07499999999999993,0.07599999999999986,REVE,1x
Dreyer2023,50,0.6583333333333334,0.6950000000000001,0.6233333333333333,0.03666666666666662,0.07166666666666666,REVE,1x
Dreyer2023,51,0.8066666666666666,0.8383333333333333,0.7723333333333333,0.031666666666666676,0.06599999999999993,REVE,1x
Dreyer2023,52,0.8149999999999998,0.9033333333333333,0.7696666666666666,0.08833333333333335,0.13366666666666666,REVE,1x
Dreyer2023,53,0.79,0.8,0.7681666666666667,0.009999999999999981,0.03183333333333332,REVE,1x
Dreyer2023,54,0.7683333333333333,0.8800000000000001,0.7205,0.11166666666666665,0.15949999999999998,REVE,1x
Dreyer2023,55,0.9216666666666666,0.9683333333333334,0.9475,0.046666666666666655,0.02083333333333334,REVE,1x
Dreyer2023,56,0.9650000000000001,0.9966666666666667,0.9393333333333332,0.03166666666666666,0.05733333333333333,REVE,1x
Dreyer2023,57,0.7150000000000001,0.805,0.7071666666666667,0.08999999999999996,0.09783333333333329,REVE,1x
Dreyer2023,58,0.9616666666666666,0.9716666666666667,0.9443333333333334,0.01000000000000002,0.027333333333333282,REVE,1x
Dreyer2023,59,0.8175000000000001,0.8125,0.82575,-0.00500000000000002,-0.013250000000000059,REVE,1x
Dreyer2023,60,0.9216666666666666,0.9650000000000001,0.9049999999999999,0.0433333333333333,0.05999999999999992,REVE,1x
Dreyer2023,61,0.8833333333333332,0.9366666666666668,0.8939999999999999,0.05333333333333332,0.042666666666666644,REVE,1x
Dreyer2023,62,0.79,0.8633333333333333,0.7516666666666666,0.07333333333333322,0.11166666666666665,REVE,1x
Dreyer2023,63,0.9,0.9516666666666665,0.8813333333333333,0.05166666666666662,0.07033333333333328,REVE,1x
Dreyer2023,64,0.7733333333333333,0.8766666666666667,0.8008333333333333,0.10333333333333328,0.07583333333333328,REVE,1x
Dreyer2023,65,0.7966666666666666,0.85,0.7433333333333333,0.053333333333333274,0.10666666666666669,REVE,1x
Dreyer2023,66,0.7533333333333333,0.845,0.694,0.09166666666666665,0.15100000000000002,REVE,1x
Dreyer2023,67,0.89,0.8616666666666667,0.8474999999999999,-0.0283333333333333,0.01416666666666666,REVE,1x
Dreyer2023,68,0.8116666666666668,0.8533333333333333,0.7461666666666666,0.041666666666666664,0.10716666666666667,REVE,1x
Dreyer2023,69,0.9066666666666666,0.9216666666666666,0.8643333333333333,0.014999999999999977,0.05733333333333326,REVE,1x
Dreyer2023,70,0.7066666666666667,0.8833333333333334,0.6756666666666666,0.17666666666666667,0.2076666666666666,REVE,1x
Dreyer2023,71,0.8916666666666666,0.925,0.8515,0.03333333333333332,0.07349999999999997,REVE,1x
Dreyer2023,72,0.8066666666666666,0.9716666666666667,0.8195,0.16499999999999998,0.15216666666666664,REVE,1x
Dreyer2023,73,0.9183333333333333,0.945,0.8361666666666666,0.026666666666666637,0.10883333333333325,REVE,1x
Dreyer2023,74,0.805,0.8516666666666668,0.7946666666666666,0.046666666666666655,0.05699999999999998,REVE,1x
Dreyer2023,75,0.8233333333333335,0.8816666666666666,0.7845000000000001,0.05833333333333328,0.09716666666666662,REVE,1x
Dreyer2023,76,0.8416666666666666,0.8933333333333333,0.8220000000000001,0.05166666666666666,0.07133333333333329,REVE,1x
Dreyer2023,77,0.8716666666666667,0.9066666666666666,0.8703333333333333,0.034999999999999996,0.03633333333333334,REVE,1x
Dreyer2023,80,0.72,0.8383333333333333,0.7216666666666667,0.11833333333333332,0.1166666666666667,REVE,1x
Dreyer2023,81,0.8983333333333334,0.93,0.8489999999999999,0.03166666666666666,0.08100000000000004,REVE,1x
Dreyer2023,82,0.775,0.925,0.748,0.14999999999999997,0.177,REVE,1x
Dreyer2023,83,0.7016666666666667,0.8283333333333334,0.6903333333333334,0.12666666666666657,0.13799999999999996,REVE,1x
Dreyer2023,84,0.8883333333333333,0.9283333333333333,0.8666666666666666,0.04,0.06166666666666666,REVE,1x
Dreyer2023,85,0.7366666666666667,0.8150000000000001,0.744,0.07833333333333324,0.07100000000000001,REVE,1x
Dreyer2023,86,0.8816666666666666,0.8633333333333333,0.8451666666666666,-0.018333333333333278,0.01816666666666664,REVE,1x
Dreyer2023,87,0.9,0.8866666666666667,0.8648333333333333,-0.0133333333333333,0.02183333333333326,REVE,1x
PhysionetMI,1,0.975,0.9916666666666666,0.9543939393939394,0.016666666666666642,0.03727272727272722,REVE,1x
PhysionetMI,2,0.9169230769230771,0.9438461538461539,0.9191538461538462,0.026923076923076883,0.0246923076923077,REVE,1x
PhysionetMI,3,0.9484848484848485,0.9499999999999998,0.9377272727272727,0.0015151515151515193,0.012272727272727218,REVE,1x
PhysionetMI,4,0.9734848484848484,1.0,0.9668939393939395,0.026515151515151502,0.03310606060606056,REVE,1x
PhysionetMI,5,0.6848484848484848,0.746969696969697,0.6925757575757576,0.0621212121212121,0.05439393939393938,REVE,1x
PhysionetMI,6,0.9333333333333333,0.9363636363636363,0.9403030303030302,0.003030303030303058,-0.003939393939393837,REVE,1x
PhysionetMI,7,1.0,1.0,0.9982575757575758,0.0,0.0017424242424242402,REVE,1x
PhysionetMI,8,0.8962121212121212,0.8727272727272727,0.8693181818181819,-0.023484848484848487,0.003409090909090923,REVE,1x
PhysionetMI,9,0.8753846153846154,0.8569230769230769,0.8608461538461538,-0.01846153846153848,-0.00392307692307696,REVE,1x
PhysionetMI,10,0.7353846153846154,0.7807692307692308,0.7433846153846153,0.045384615384615364,0.03738461538461536,REVE,1x
PhysionetMI,11,0.7803030303030303,0.7946969696969697,0.7481060606060607,0.01439393939393944,0.046590909090909106,REVE,1x
PhysionetMI,12,0.8553030303030302,0.8962121212121211,0.8737121212121213,0.04090909090909086,0.022499999999999916,REVE,1x
PhysionetMI,13,0.8674242424242424,0.8969696969696969,0.863560606060606,0.029545454545454534,0.0334090909090909,REVE,1x
PhysionetMI,14,0.7871212121212122,0.7893939393939394,0.7834848484848485,0.0022727272727272414,0.0059090909090909,REVE,1x
PhysionetMI,15,0.9846153846153847,0.9923076923076923,0.9846153846153847,0.007692307692307681,0.007692307692307681,REVE,1x
PhysionetMI,16,0.6734848484848485,0.6825757575757576,0.6771969696969696,0.00909090909090904,0.00537878787878788,REVE,1x
PhysionetMI,17,0.7393939393939395,0.8045454545454547,0.7253030303030303,0.06515151515151511,0.0792424242424242,REVE,1x
PhysionetMI,18,0.9,0.9,0.8946969696969698,0.0,0.005303030303030301,REVE,1x
PhysionetMI,19,0.8303030303030303,0.8219696969696969,0.8046969696969697,-0.008333333333333321,0.017272727272727238,REVE,1x
PhysionetMI,20,0.9196969696969697,0.9833333333333332,0.8852272727272726,0.06363636363636356,0.09810606060606056,REVE,1x
PhysionetMI,21,0.815909090909091,0.8318181818181818,0.8076515151515151,0.01590909090909088,0.024166666666666663,REVE,1x
PhysionetMI,22,0.9,0.9,0.8941666666666667,0.0,0.0058333333333333405,REVE,1x
PhysionetMI,23,0.7346153846153847,0.7361538461538462,0.7001538461538461,0.0015384615384615385,0.035999999999999976,REVE,1x
PhysionetMI,24,0.6643939393939394,0.6742424242424242,0.6487878787878788,0.009848484848484843,0.02545454545454548,REVE,1x
PhysionetMI,25,0.6977272727272728,0.6545454545454545,0.6270454545454546,-0.04318181818181816,0.027499999999999962,REVE,1x
PhysionetMI,26,0.7107692307692307,0.73,0.6893846153846154,0.019230769230769218,0.040615384615384595,REVE,1x
PhysionetMI,27,0.8568181818181818,0.8734848484848484,0.8615151515151516,0.01666666666666666,0.011969696969696858,REVE,1x
PhysionetMI,28,0.7856060606060606,0.7416666666666667,0.7644696969696969,-0.04393939393939392,-0.022803030303030297,REVE,1x
PhysionetMI,29,0.9636363636363636,0.9636363636363636,0.926818181818182,0.0,0.036818181818181764,REVE,1x
PhysionetMI,30,0.9128787878787878,0.9196969696969697,0.9049999999999999,0.0068181818181818205,0.014696969696969741,REVE,1x
PhysionetMI,31,0.931060606060606,0.9128787878787878,0.8890151515151515,-0.01818181818181814,0.023863636363636337,REVE,1x
PhysionetMI,32,0.95,0.96,0.9552307692307691,0.010000000000000021,0.004769230769230864,REVE,1x
PhysionetMI,33,0.8333333333333334,0.8833333333333332,0.8412878787878787,0.04999999999999992,0.04204545454545452,REVE,1x
PhysionetMI,34,0.7723076923076924,0.85,0.7294615384615384,0.07769230769230764,0.12053846153846151,REVE,1x
PhysionetMI,35,0.8818181818181818,0.8818181818181818,0.8443939393939394,0.0,0.037424242424242415,REVE,1x
PhysionetMI,36,0.9113636363636364,0.9280303030303031,0.9121969696969698,0.01666666666666668,0.015833333333333317,REVE,1x
PhysionetMI,37,0.8151515151515152,0.8878787878787879,0.7982575757575758,0.0727272727272727,0.08962121212121202,REVE,1x
PhysionetMI,38,0.5159090909090909,0.5772727272727273,0.5308333333333334,0.06136363636363634,0.04643939393939392,REVE,1x
PhysionetMI,39,0.8219696969696969,0.8378787878787879,0.786969696969697,0.01590909090909098,0.050909090909090925,REVE,1x
PhysionetMI,40,1.0,1.0,1.0,0.0,0.0,REVE,1x
PhysionetMI,41,0.9823076923076923,0.976923076923077,0.964076923076923,-0.00538461538461536,0.01284615384615384,REVE,1x
PhysionetMI,42,0.9833333333333332,0.9666666666666666,0.9829545454545455,-0.016666666666666642,-0.016287878787878816,REVE,1x
PhysionetMI,43,0.9545454545454547,0.9545454545454547,0.9393939393939394,0.0,0.0151515151515151,REVE,1x
PhysionetMI,44,0.8696969696969697,0.8939393939393939,0.879469696969697,0.02424242424242426,0.01446969696969696,REVE,1x
PhysionetMI,45,0.771969696969697,0.7931818181818182,0.7739393939393939,0.021212121212121175,0.0192424242424242,REVE,1x
PhysionetMI,46,0.8530303030303031,0.8128787878787879,0.8225757575757576,-0.04015151515151514,-0.0096969696969697,REVE,1x
PhysionetMI,47,0.7666666666666667,0.7598484848484849,0.7715151515151516,-0.006818181818181843,-0.0116666666666667,REVE,1x
PhysionetMI,48,0.9833333333333332,1.0,0.95,0.01666666666666668,0.04999999999999996,REVE,1x
PhysionetMI,49,0.8659090909090909,0.9242424242424242,0.857878787878788,0.058333333333333334,0.06636363636363629,REVE,1x
PhysionetMI,50,0.6924242424242424,0.8075757575757576,0.6921969696969696,0.11515151515151512,0.11537878787878786,REVE,1x
PhysionetMI,51,0.8545454545454545,0.8727272727272727,0.8536363636363637,0.01818181818181822,0.01909090909090908,REVE,1x
PhysionetMI,52,0.9199999999999999,0.95,0.9134615384615383,0.02999999999999998,0.036538461538461596,REVE,1x
PhysionetMI,53,0.9568181818181817,0.990909090909091,0.9642424242424245,0.0340909090909091,0.02666666666666654,REVE,1x
PhysionetMI,54,0.9825757575757574,0.9916666666666666,0.9665151515151515,0.00909090909090908,0.025151515151515057,REVE,1x
PhysionetMI,55,0.990909090909091,0.9492424242424242,0.9537121212121212,-0.041666666666666616,-0.00446969696969702,REVE,1x
PhysionetMI,56,0.918939393939394,0.9636363636363636,0.9397727272727273,0.04469696969696968,0.02386363636363634,REVE,1x
PhysionetMI,57,0.9727272727272727,0.9833333333333332,0.9800000000000001,0.010606060606060539,0.0033333333333332394,REVE,1x
PhysionetMI,58,0.7515384615384615,0.8446153846153847,0.7646153846153847,0.09307692307692306,0.07999999999999996,REVE,1x
PhysionetMI,59,0.75,0.8333333333333334,0.7687121212121213,0.08333333333333333,0.06462121212121205,REVE,1x
PhysionetMI,60,0.9592307692307692,0.9515384615384616,0.9367692307692307,-0.007692307692307681,0.01476923076923076,REVE,1x
PhysionetMI,61,1.0,0.9818181818181818,0.989318181818182,-0.01818181818181816,-0.0075000000000000205,REVE,1x
PhysionetMI,62,0.8734848484848484,0.8825757575757575,0.8735606060606061,0.00909090909090908,0.0090151515151515,REVE,1x
PhysionetMI,63,0.8106060606060608,0.781060606060606,0.7543939393939394,-0.02954545454545458,0.026666666666666637,REVE,1x
PhysionetMI,64,0.7909090909090909,0.8409090909090908,0.7892424242424242,0.05000000000000001,0.051666666666666715,REVE,1x
PhysionetMI,65,0.9825757575757574,0.9818181818181818,0.9507575757575758,-0.0007575757575757402,0.03106060606060602,REVE,1x
PhysionetMI,66,0.7575757575757576,0.7840909090909091,0.7612878787878788,0.02651515151515152,0.0228030303030303,REVE,1x
PhysionetMI,67,0.775,0.7537878787878788,0.7274242424242424,-0.021212121212121078,0.026363636363636377,REVE,1x
PhysionetMI,68,0.796969696969697,0.8386363636363636,0.8004545454545454,0.041666666666666644,0.038181818181818136,REVE,1x
PhysionetMI,69,0.913076923076923,0.9592307692307692,0.8871538461538462,0.04615384615384614,0.07207692307692296,REVE,1x
PhysionetMI,70,1.0,1.0,0.9974242424242424,0.0,0.0025757575757575798,REVE,1x
PhysionetMI,71,0.9666666666666665,0.9568181818181817,0.9290151515151515,-0.0098484848484848,0.027803030303030236,REVE,1x
PhysionetMI,72,0.9727272727272727,0.990909090909091,0.978409090909091,0.01818181818181816,0.012499999999999841,REVE,1x
PhysionetMI,73,0.8795454545454545,0.8446969696969697,0.8396212121212121,-0.034848484848484816,0.0050757575757575165,REVE,1x
PhysionetMI,74,0.7303030303030303,0.7545454545454546,0.696969696969697,0.024242424242424197,0.05757575757575754,REVE,1x
PhysionetMI,75,0.8992424242424242,0.9,0.8763636363636363,0.0007575757575758208,0.023636363636363622,REVE,1x
PhysionetMI,76,0.6636363636363637,0.6,0.6497727272727273,-0.06363636363636363,-0.04977272727272728,REVE,1x
PhysionetMI,77,0.7416666666666667,0.725,0.7314393939393941,-0.01666666666666668,-0.00643939393939402,REVE,1x
PhysionetMI,78,0.6166666666666666,0.7,0.6171969696969697,0.08333333333333331,0.08280303030303023,REVE,1x
PhysionetMI,79,0.796969696969697,0.7818181818181819,0.781060606060606,-0.01515151515151518,0.0007575757575757194,REVE,1x
PhysionetMI,80,0.7915384615384615,0.7915384615384615,0.7886153846153847,-1.9428902930940238e-17,0.002923076923076878,REVE,1x
PhysionetMI,81,0.8575757575757577,0.8984848484848484,0.8529545454545454,0.04090909090909084,0.045530303030303,REVE,1x
PhysionetMI,82,0.7878787878787878,0.8204545454545455,0.7910606060606061,0.03257575757575758,0.02939393939393938,REVE,1x
PhysionetMI,83,0.7923076923076924,0.8376923076923077,0.7554615384615385,0.045384615384615364,0.08223076923076926,REVE,1x
PhysionetMI,84,0.9037878787878789,0.9462121212121213,0.9159848484848485,0.04242424242424242,0.03022727272727274,REVE,1x
PhysionetMI,85,0.95,0.9651515151515151,0.9342424242424243,0.01515151515151516,0.030909090909090803,REVE,1x
PhysionetMI,86,0.8923076923076924,0.9,0.8938461538461538,0.007692307692307681,0.00615384615384612,REVE,1x
PhysionetMI,87,0.7356060606060606,0.7878787878787878,0.696439393939394,0.05227272727272726,0.0914393939393939,REVE,1x
PhysionetMI,90,0.9575757575757574,0.9727272727272727,0.9468939393939394,0.015151515151515183,0.02583333333333334,REVE,1x
PhysionetMI,91,0.8840909090909091,0.9053030303030303,0.8618181818181817,0.021212121212121182,0.04348484848484847,REVE,1x
PhysionetMI,93,0.8886363636363637,0.8833333333333332,0.8723484848484849,-0.00530303030303034,0.010984848484848339,REVE,1x
PhysionetMI,94,0.8416666666666666,0.8083333333333333,0.8690151515151516,-0.033333333333333236,-0.06068181818181813,REVE,1x
PhysionetMI,95,0.8115384615384615,0.82,0.7983076923076924,0.00846153846153838,0.0216923076923076,REVE,1x
PhysionetMI,96,0.8833333333333332,0.8666666666666666,0.8629545454545455,-0.016666666666666642,0.0037121212121211194,REVE,1x
PhysionetMI,97,0.9212121212121211,0.9030303030303031,0.8881060606060606,-0.01818181818181814,0.014924242424242359,REVE,1x
PhysionetMI,98,0.4636363636363637,0.5234848484848484,0.48659090909090913,0.0598484848484848,0.03689393939393934,REVE,1x
PhysionetMI,99,0.6643939393939394,0.7136363636363636,0.6662121212121213,0.04924242424242416,0.0474242424242423,REVE,1x
PhysionetMI,101,0.9923076923076923,1.0,0.9930769230769231,0.007692307692307681,0.00692307692307686,REVE,1x
PhysionetMI,102,0.8234848484848485,0.8780303030303032,0.8353030303030303,0.05454545454545452,0.04272727272727263,REVE,1x
PhysionetMI,103,0.8454545454545455,0.9295454545454547,0.8828030303030303,0.08409090909090912,0.04674242424242432,REVE,1x
PhysionetMI,105,0.8742424242424243,0.8825757575757575,0.8662121212121212,0.00833333333333334,0.01636363636363628,REVE,1x
PhysionetMI,107,0.6424242424242423,0.6181818181818182,0.631439393939394,-0.02424242424242418,-0.01325757575757576,REVE,1x
PhysionetMI,108,0.9121212121212121,0.8954545454545455,0.8950000000000001,-0.01666666666666662,0.00045454545454542115,REVE,1x
PhysionetMI,109,0.6333333333333333,0.6333333333333333,0.6468181818181818,-1.9428902930940238e-17,-0.013484848484848516,REVE,1x
Cho2017,1,0.63,0.674,0.6295999999999999,0.04399999999999996,0.04439999999999998,REVE,2x
Cho2017,2,0.5740000000000001,0.5900000000000001,0.5768,0.01599999999999996,0.0132,REVE,2x
Cho2017,3,0.8480000000000001,0.938,0.8452,0.08999999999999993,0.09279999999999997,REVE,2x
Cho2017,4,0.746,0.868,0.7647999999999999,0.12199999999999996,0.10319999999999993,REVE,2x
Cho2017,5,0.998,0.99,0.9917999999999999,-0.008,-0.00180000000000002,REVE,2x
Cho2017,6,0.8480000000000001,0.85,0.851,0.0019999999999999792,-0.0010000000000000401,REVE,2x
Cho2017,7,0.5850000000000001,0.5916666666666667,0.5904999999999999,0.00666666666666664,0.0011666666666667012,REVE,2x
Cho2017,8,0.6679999999999999,0.696,0.6649999999999999,0.02799999999999996,0.031,REVE,2x
Cho2017,9,0.67,0.6883333333333332,0.6465,0.018333333333333323,0.04183333333333332,REVE,2x
Cho2017,10,0.692,0.732,0.6914,0.03999999999999998,0.04059999999999998,REVE,2x
Cho2017,11,0.604,0.658,0.6186,0.053999999999999916,0.039399999999999956,REVE,2x
Cho2017,12,0.5660000000000001,0.748,0.5648,0.1819999999999999,0.18319999999999997,REVE,2x
Cho2017,13,0.8719999999999999,0.8939999999999999,0.8732,0.022000000000000002,0.020799999999999964,REVE,2x
Cho2017,14,0.8220000000000001,0.8619999999999999,0.8283999999999999,0.03999999999999996,0.033599999999999956,REVE,2x
Cho2017,15,0.632,0.666,0.6382,0.03399999999999998,0.02779999999999998,REVE,2x
Cho2017,16,0.612,0.612,0.6132,6.938893903907229e-19,-0.0012000000000000003,REVE,2x
Cho2017,17,0.604,0.638,0.593,0.03399999999999998,0.044999999999999964,REVE,2x
Cho2017,18,0.596,0.6519999999999999,0.6082000000000001,0.05599999999999998,0.043799999999999915,REVE,2x
Cho2017,19,0.604,0.616,0.6026,0.012,0.01340000000000002,REVE,2x
Cho2017,20,0.612,0.718,0.6146,0.10599999999999994,0.10339999999999991,REVE,2x
Cho2017,21,0.706,0.73,0.6922,0.02399999999999998,0.03779999999999988,REVE,2x
Cho2017,22,0.6599999999999999,0.682,0.6639999999999999,0.022,0.018,REVE,2x
Cho2017,23,0.778,0.8200000000000001,0.7736000000000001,0.041999999999999996,0.046400000000000004,REVE,2x
Cho2017,24,0.612,0.65,0.6336,0.03799999999999996,0.01639999999999998,REVE,2x
Cho2017,25,0.6539999999999999,0.674,0.6621999999999999,0.02,0.01180000000000004,REVE,2x
Cho2017,26,1.0,0.9960000000000001,0.9972,-0.004,-0.0012,REVE,2x
Cho2017,27,0.628,0.634,0.622,0.00599999999999996,0.01199999999999996,REVE,2x
Cho2017,28,0.764,0.962,0.7362,0.1979999999999999,0.22579999999999992,REVE,2x
Cho2017,29,0.49399999999999994,0.568,0.501,0.07399999999999995,0.06699999999999998,REVE,2x
Cho2017,30,0.6900000000000001,0.782,0.6928,0.09199999999999996,0.08919999999999997,REVE,2x
Cho2017,31,0.6519999999999999,0.708,0.655,0.05599999999999996,0.052999999999999915,REVE,2x
Cho2017,32,0.6140000000000001,0.636,0.611,0.02199999999999998,0.025000000000000022,REVE,2x
Cho2017,33,0.64,0.6599999999999999,0.6362,0.019999999999999983,0.02380000000000002,REVE,2x
Cho2017,34,0.554,0.5640000000000001,0.5522,0.009999999999999978,0.01179999999999998,REVE,2x
Cho2017,35,0.49399999999999994,0.75,0.5006,0.25599999999999995,0.24939999999999998,REVE,2x
Cho2017,36,0.58,0.628,0.5838,0.04799999999999997,0.04419999999999998,REVE,2x
Cho2017,37,0.8400000000000001,0.852,0.8506,0.012,0.0013999999999999998,REVE,2x
Cho2017,38,0.5780000000000001,0.5940000000000001,0.5596,0.01599999999999996,0.034399999999999945,REVE,2x
Cho2017,39,0.6140000000000001,0.63,0.6132000000000001,0.015999999999999938,0.01679999999999992,REVE,2x
Cho2017,40,0.48199999999999993,0.48599999999999993,0.488,0.004000000000000021,-0.00199999999999996,REVE,2x
Cho2017,41,0.844,0.8960000000000001,0.8196,0.051999999999999956,0.07639999999999994,REVE,2x
Cho2017,42,0.584,0.5820000000000001,0.5963999999999999,-0.0019999999999999983,-0.01439999999999994,REVE,2x
Cho2017,43,1.0,0.998,0.9996,-0.002,-0.0015999999999999996,REVE,2x
Cho2017,44,0.942,0.962,0.9427999999999999,0.01999999999999998,0.01919999999999998,REVE,2x
Cho2017,45,0.6040000000000001,0.612,0.5884,0.007999999999999941,0.0236,REVE,2x
Cho2017,46,0.6383333333333333,0.6433333333333333,0.6439999999999999,0.004999999999999999,-0.0006666666666666598,REVE,2x
Cho2017,47,0.8220000000000001,0.8620000000000001,0.8004,0.04,0.06159999999999997,REVE,2x
Cho2017,48,0.744,0.808,0.7263999999999999,0.064,0.08160000000000002,REVE,2x
Cho2017,49,1.0,1.0,0.9986,0.0,0.0013999999999999599,REVE,2x
Cho2017,50,0.9,0.9,0.892,0.0,0.008,REVE,2x
Cho2017,51,0.646,0.6439999999999999,0.634,-0.0020000000000000204,0.009999999999999962,REVE,2x
Cho2017,52,0.6900000000000001,0.712,0.675,0.021999999999999957,0.03699999999999998,REVE,2x
Dreyer2023,1,0.9516666666666665,0.9549999999999998,0.9373333333333334,0.00333333333333332,0.01766666666666664,REVE,2x
Dreyer2023,2,0.8566666666666667,0.8833333333333332,0.8195,0.026666666666666623,0.06383333333333333,REVE,2x
Dreyer2023,3,0.8166666666666667,0.8283333333333334,0.8133333333333332,0.01166666666666662,0.014999999999999958,REVE,2x
Dreyer2023,5,0.9550000000000001,0.9733333333333333,0.9438333333333334,0.018333333333333278,0.029499999999999898,REVE,2x
Dreyer2023,6,0.8666666666666666,0.9199999999999999,0.8596666666666666,0.05333333333333332,0.060333333333333315,REVE,2x
Dreyer2023,7,0.9899999999999999,0.9916666666666668,0.9706666666666667,0.0016666666666666995,0.02099999999999998,REVE,2x
Dreyer2023,8,0.8816666666666666,0.9649999999999999,0.868,0.08333333333333319,0.09699999999999986,REVE,2x
Dreyer2023,10,0.9766666666666666,0.9716666666666667,0.9406666666666667,-0.005,0.030999999999999982,REVE,2x
Dreyer2023,11,0.6366666666666667,0.7933333333333333,0.6188333333333333,0.15666666666666665,0.1745,REVE,2x
Dreyer2023,12,0.945,0.9549999999999998,0.9305,0.01000000000000002,0.024499999999999997,REVE,2x
Dreyer2023,13,0.76,0.7783333333333333,0.7513333333333334,0.01833333333333334,0.026999999999999958,REVE,2x
Dreyer2023,14,0.7533333333333333,0.8316666666666667,0.7348333333333332,0.07833333333333323,0.09683333333333329,REVE,2x
Dreyer2023,15,0.8683333333333334,0.8916666666666666,0.8748333333333334,0.0233333333333333,0.01683333333333336,REVE,2x
Dreyer2023,16,0.89,0.9400000000000001,0.8608333333333335,0.04999999999999996,0.07916666666666658,REVE,2x
Dreyer2023,18,0.9633333333333335,0.97,0.9571666666666665,0.006666666666666621,0.01283333333333334,REVE,2x
Dreyer2023,19,0.975,0.99,0.9525,0.015000000000000022,0.037499999999999964,REVE,2x
Dreyer2023,20,0.9850000000000001,0.9866666666666667,0.9583333333333334,0.0016666666666666382,0.028333333333333238,REVE,2x
Dreyer2023,21,0.9583333333333334,0.9616666666666667,0.9401666666666667,0.0033333333333333396,0.0215,REVE,2x
Dreyer2023,22,0.86,0.8800000000000001,0.8506666666666666,0.01999999999999998,0.029333333333333277,REVE,2x
Dreyer2023,23,0.7966666666666666,0.8283333333333334,0.7611666666666668,0.03166666666666662,0.06716666666666657,REVE,2x
Dreyer2023,24,0.99,0.9933333333333334,0.9731666666666667,0.003333333333333318,0.02016666666666654,REVE,2x
Dreyer2023,25,0.8216666666666667,0.8616666666666667,0.7996666666666666,0.03999999999999994,0.06199999999999992,REVE,2x
Dreyer2023,26,0.9183333333333333,0.9583333333333333,0.8813333333333333,0.03999999999999994,0.07699999999999996,REVE,2x
Dreyer2023,27,0.8266666666666668,0.8666666666666668,0.7948333333333334,0.04,0.07183333333333328,REVE,2x
Dreyer2023,28,0.835,0.9083333333333332,0.8354999999999999,0.07333333333333326,0.07283333333333333,REVE,2x
Dreyer2023,30,0.77,0.8533333333333333,0.7741666666666667,0.08333333333333329,0.07916666666666662,REVE,2x
Dreyer2023,31,0.9433333333333334,0.9683333333333334,0.9128333333333334,0.02499999999999998,0.05549999999999996,REVE,2x
Dreyer2023,32,0.9166666666666666,0.9483333333333333,0.898,0.0316666666666666,0.050333333333333265,REVE,2x
Dreyer2023,33,0.8683333333333334,0.8966666666666667,0.8165000000000001,0.028333333333333276,0.0801666666666666,REVE,2x
Dreyer2023,34,0.8766666666666667,0.89,0.8825000000000001,0.013333333333333319,0.007499999999999981,REVE,2x
Dreyer2023,35,0.8283333333333334,0.8766666666666666,0.8203333333333334,0.04833333333333328,0.056333333333333326,REVE,2x
Dreyer2023,36,0.9349999999999999,0.9366666666666668,0.8463333333333333,0.0016666666666666802,0.09033333333333332,REVE,2x
Dreyer2023,37,0.7666666666666666,0.8566666666666667,0.6866666666666668,0.08999999999999996,0.16999999999999998,REVE,2x
Dreyer2023,38,0.8483333333333333,0.8666666666666666,0.8393333333333333,0.01833333333333332,0.027333333333333258,REVE,2x
Dreyer2023,39,0.9733333333333333,0.9850000000000001,0.9666666666666666,0.011666666666666681,0.01833333333333334,REVE,2x
Dreyer2023,40,0.8965517241379309,0.9172413793103449,0.8715517241379309,0.020689655172413796,0.04568965517241378,REVE,2x
Dreyer2023,42,0.7633333333333333,0.9199999999999999,0.711,0.1566666666666666,0.209,REVE,2x
Dreyer2023,43,0.9399999999999998,0.9316666666666666,0.9241666666666667,-0.00833333333333332,0.0075000000000000205,REVE,2x
Dreyer2023,44,0.8066666666666666,0.8483333333333334,0.7975,0.041666666666666664,0.050833333333333265,REVE,2x
Dreyer2023,45,0.7899999999999999,0.8516666666666668,0.8049999999999999,0.0616666666666667,0.046666666666666703,REVE,2x
Dreyer2023,46,0.8033333333333333,0.8116666666666668,0.7856666666666666,0.008333333333333361,0.02599999999999996,REVE,2x
Dreyer2023,47,0.8133333333333332,0.8800000000000001,0.8175000000000001,0.06666666666666658,0.06249999999999996,REVE,2x
Dreyer2023,48,0.75,0.7266666666666667,0.7065,-0.023333333333333324,0.0201666666666666,REVE,2x
Dreyer2023,49,0.8116666666666668,0.8266666666666668,0.7881666666666666,0.015,0.03850000000000002,REVE,2x
Dreyer2023,50,0.69,0.7383333333333333,0.6413333333333333,0.04833333333333332,0.097,REVE,2x
Dreyer2023,51,0.8116666666666668,0.8383333333333333,0.7781666666666668,0.026666666666666623,0.0601666666666665,REVE,2x
Dreyer2023,52,0.8099999999999999,0.9283333333333333,0.7853333333333333,0.11833333333333326,0.14299999999999996,REVE,2x
Dreyer2023,53,0.8183333333333334,0.8183333333333334,0.8019999999999999,1.9428902930940238e-17,0.01633333333333336,REVE,2x
Dreyer2023,54,0.7683333333333333,0.8683333333333334,0.7441666666666668,0.09999999999999992,0.12416666666666658,REVE,2x
Dreyer2023,55,0.8916666666666666,0.9800000000000001,0.917,0.08833333333333335,0.06300000000000001,REVE,2x
Dreyer2023,56,0.9733333333333334,0.9950000000000001,0.942,0.02166666666666666,0.053000000000000026,REVE,2x
Dreyer2023,57,0.75,0.8416666666666666,0.7231666666666667,0.0916666666666666,0.11849999999999994,REVE,2x
Dreyer2023,58,0.9783333333333333,0.9816666666666665,0.9493333333333334,0.0033333333333332763,0.03233333333333322,REVE,2x
Dreyer2023,59,0.85,0.8375,0.8317500000000001,-0.01249999999999998,0.00574999999999992,REVE,2x
Dreyer2023,60,0.9166666666666666,0.9633333333333333,0.9145,0.04666666666666664,0.04883333333333332,REVE,2x
Dreyer2023,61,0.9083333333333332,0.9566666666666667,0.9,0.04833333333333328,0.05666666666666652,REVE,2x
Dreyer2023,62,0.79,0.8516666666666668,0.7691666666666667,0.06166666666666665,0.08249999999999995,REVE,2x
Dreyer2023,63,0.9133333333333333,0.9416666666666667,0.8881666666666665,0.0283333333333333,0.0534999999999999,REVE,2x
Dreyer2023,64,0.805,0.8766666666666667,0.8263333333333334,0.0716666666666666,0.0503333333333333,REVE,2x
Dreyer2023,65,0.8083333333333332,0.8516666666666666,0.7625,0.04333333333333332,0.08916666666666664,REVE,2x
Dreyer2023,66,0.8,0.86,0.7178333333333333,0.059999999999999984,0.1421666666666666,REVE,2x
Dreyer2023,67,0.8916666666666666,0.8716666666666667,0.8548333333333333,-0.01999999999999998,0.01683333333333326,REVE,2x
Dreyer2023,68,0.8300000000000001,0.8766666666666666,0.7718333333333334,0.04666666666666664,0.10483333333333326,REVE,2x
Dreyer2023,69,0.9183333333333333,0.925,0.8705,0.006666666666666621,0.05449999999999992,REVE,2x
Dreyer2023,70,0.7883333333333333,0.9233333333333332,0.7353333333333334,0.13499999999999995,0.18799999999999997,REVE,2x
Dreyer2023,71,0.9083333333333332,0.9233333333333335,0.8643333333333334,0.01499999999999998,0.05899999999999992,REVE,2x
Dreyer2023,72,0.845,0.9766666666666666,0.8201666666666668,0.13166666666666665,0.1564999999999999,REVE,2x
Dreyer2023,73,0.8916666666666666,0.9516666666666665,0.8471666666666667,0.059999999999999956,0.10449999999999995,REVE,2x
Dreyer2023,74,0.8433333333333334,0.8516666666666668,0.8116666666666668,0.00833333333333332,0.03999999999999998,REVE,2x
Dreyer2023,75,0.8666666666666668,0.9183333333333333,0.8135,0.0516666666666666,0.10483333333333325,REVE,2x
Dreyer2023,76,0.8466666666666667,0.8883333333333334,0.8443333333333334,0.0416666666666667,0.04400000000000002,REVE,2x
Dreyer2023,77,0.8733333333333333,0.9233333333333335,0.8550000000000001,0.049999999999999975,0.06833333333333329,REVE,2x
Dreyer2023,80,0.7366666666666666,0.8333333333333334,0.7343333333333333,0.09666666666666665,0.09900000000000002,REVE,2x
Dreyer2023,81,0.9099999999999999,0.95,0.8574999999999999,0.03999999999999996,0.09249999999999994,REVE,2x
Dreyer2023,82,0.8233333333333333,0.9316666666666666,0.7576666666666666,0.10833333333333325,0.17399999999999996,REVE,2x
Dreyer2023,83,0.7416666666666666,0.7983333333333333,0.7188333333333333,0.05666666666666666,0.07949999999999997,REVE,2x
Dreyer2023,84,0.9183333333333333,0.925,0.8811666666666665,0.006666666666666679,0.04383333333333336,REVE,2x
Dreyer2023,85,0.7766666666666666,0.8183333333333334,0.7618333333333334,0.041666666666666616,0.056499999999999925,REVE,2x
Dreyer2023,86,0.8516666666666666,0.86,0.8408333333333333,0.008333333333333342,0.01916666666666664,REVE,2x
Dreyer2023,87,0.8716666666666667,0.9183333333333333,0.851,0.046666666666666655,0.06733333333333327,REVE,2x
PhysionetMI,1,0.9666666666666665,0.9575757575757576,0.9422727272727272,-0.00909090909090902,0.015303030303030301,REVE,2x
PhysionetMI,2,0.9192307692307693,0.9115384615384616,0.9155384615384616,-0.007692307692307679,-0.0039999999999999385,REVE,2x
PhysionetMI,3,0.9143939393939394,0.9409090909090908,0.9173484848484849,0.026515151515151443,0.02356060606060608,REVE,2x
PhysionetMI,4,0.9727272727272727,0.990909090909091,0.9529545454545454,0.01818181818181818,0.03795454545454542,REVE,2x
PhysionetMI,5,0.7356060606060606,0.7712121212121212,0.6912878787878788,0.03560606060606056,0.07992424242424243,REVE,2x
PhysionetMI,6,0.9568181818181818,0.8818181818181818,0.9512121212121214,-0.075,-0.06939393939393945,REVE,2x
PhysionetMI,7,1.0,1.0,0.9900757575757575,0.0,0.0099242424242424,REVE,2x
PhysionetMI,8,0.8712121212121213,0.918939393939394,0.846969696969697,0.04772727272727272,0.07196969696969692,REVE,2x
PhysionetMI,9,0.8346153846153846,0.8646153846153846,0.8413076923076923,0.02999999999999996,0.023307692307692317,REVE,2x
PhysionetMI,10,0.7853846153846155,0.7723076923076923,0.7546153846153846,-0.013076923076923121,0.01769230769230762,REVE,2x
PhysionetMI,11,0.8196969696969697,0.8166666666666667,0.7956818181818182,-0.0030303030303030403,0.02098484848484848,REVE,2x
PhysionetMI,12,0.8727272727272727,0.9386363636363637,0.8625,0.06590909090909089,0.07613636363636361,REVE,2x
PhysionetMI,13,0.85,0.9234848484848485,0.8175000000000001,0.07348484848484844,0.10598484848484846,REVE,2x
PhysionetMI,14,0.7613636363636364,0.8401515151515152,0.7509848484848485,0.07878787878787881,0.08916666666666659,REVE,2x
PhysionetMI,15,0.9846153846153847,0.9923076923076923,0.9830769230769232,0.007692307692307681,0.00923076923076914,REVE,2x
PhysionetMI,16,0.7098484848484847,0.6901515151515152,0.6840909090909091,-0.019696969696969702,0.006060606060606039,REVE,2x
PhysionetMI,17,0.7484848484848484,0.7969696969696971,0.7402272727272727,0.04848484848484856,0.05674242424242426,REVE,2x
PhysionetMI,18,0.9,0.9,0.8965151515151515,0.0,0.0034848484848484197,REVE,2x
PhysionetMI,19,0.8,0.8734848484848484,0.8332575757575758,0.07348484848484843,0.04022727272727272,REVE,2x
PhysionetMI,20,0.946969696969697,0.9583333333333333,0.9065151515151516,0.01136363636363626,0.05181818181818171,REVE,2x
PhysionetMI,21,0.8484848484848484,0.8409090909090908,0.8206818181818182,-0.007575757575757558,0.020227272727272722,REVE,2x
PhysionetMI,22,0.9,0.9,0.8974242424242422,0.0,0.0025757575757575798,REVE,2x
PhysionetMI,23,0.6892307692307693,0.7384615384615384,0.6981538461538461,0.049230769230769175,0.04030769230769224,REVE,2x
PhysionetMI,24,0.6416666666666667,0.7257575757575758,0.6541666666666667,0.08409090909090905,0.07159090909090904,REVE,2x
PhysionetMI,25,0.668939393939394,0.6378787878787879,0.646439393939394,-0.031060606060606046,-0.00856060606060602,REVE,2x
PhysionetMI,26,0.7076923076923076,0.75,0.6777692307692308,0.0423076923076923,0.07223076923076917,REVE,2x
PhysionetMI,27,0.8712121212121213,0.8901515151515152,0.8696969696969697,0.01893939393939394,0.0204545454545454,REVE,2x
PhysionetMI,28,0.8015151515151515,0.775,0.7711363636363637,-0.02651515151515148,0.00386363636363632,REVE,2x
PhysionetMI,29,0.9363636363636363,0.9545454545454547,0.9431818181818183,0.01818181818181816,0.011363636363636232,REVE,2x
PhysionetMI,30,0.9575757575757574,0.9462121212121213,0.9318181818181819,-0.011363636363636319,0.014393939393939362,REVE,2x
PhysionetMI,31,0.9318181818181819,0.9212121212121211,0.8916666666666666,-0.01060606060606058,0.029545454545454604,REVE,2x
PhysionetMI,32,0.97,0.95,0.9719999999999999,-0.019999999999999955,-0.022,REVE,2x
PhysionetMI,33,0.825,0.8666666666666666,0.8287878787878787,0.041666666666666644,0.03787878787878788,REVE,2x
PhysionetMI,34,0.8099999999999999,0.86,0.7854615384615384,0.049999999999999954,0.0745384615384615,REVE,2x
PhysionetMI,35,0.8643939393939395,0.8818181818181818,0.848939393939394,0.01742424242424242,0.032878787878787834,REVE,2x
PhysionetMI,36,0.9030303030303031,0.9181818181818182,0.907121212121212,0.015151515151515142,0.0110606060606061,REVE,2x
PhysionetMI,37,0.8484848484848484,0.8606060606060606,0.8196969696969697,0.01212121212121208,0.04090909090909082,REVE,2x
PhysionetMI,38,0.5075757575757576,0.5772727272727273,0.5140909090909092,0.06969696969696966,0.06318181818181805,REVE,2x
PhysionetMI,39,0.818939393939394,0.8196969696969697,0.7831060606060606,0.0007575757575757794,0.03659090909090904,REVE,2x
PhysionetMI,40,0.9916666666666666,0.9916666666666666,0.9891666666666665,0.0,0.0025000000000000005,REVE,2x
PhysionetMI,41,0.9723076923076922,0.976923076923077,0.953,0.004615384615384641,0.023923076923076943,REVE,2x
PhysionetMI,42,0.9583333333333334,0.9749999999999999,0.9673484848484849,0.0166666666666666,0.0076515151515150785,REVE,2x
PhysionetMI,43,0.9545454545454547,0.9454545454545455,0.9408333333333335,-0.00909090909090908,0.004621212121212097,REVE,2x
PhysionetMI,44,0.8780303030303032,0.8568181818181818,0.8716666666666667,-0.021212121212121217,-0.0148484848484848,REVE,2x
PhysionetMI,45,0.7818181818181819,0.7643939393939394,0.7692424242424243,-0.01742424242424238,-0.004848484848484802,REVE,2x
PhysionetMI,46,0.8537878787878788,0.8219696969696969,0.8316666666666667,-0.031818181818181815,-0.0096969696969697,REVE,2x
PhysionetMI,47,0.7734848484848484,0.7666666666666666,0.7761363636363636,-0.0068181818181818205,-0.009469696969696998,REVE,2x
PhysionetMI,48,0.9833333333333334,0.9833333333333334,0.9598484848484847,0.0,0.023484848484848476,REVE,2x
PhysionetMI,49,0.8825757575757576,0.8992424242424242,0.8474242424242424,0.01666666666666668,0.05181818181818178,REVE,2x
PhysionetMI,50,0.6825757575757575,0.8242424242424242,0.6932575757575757,0.14166666666666666,0.13098484848484845,REVE,2x
PhysionetMI,51,0.890909090909091,0.8825757575757576,0.8662878787878789,-0.008333333333333321,0.01628787878787874,REVE,2x
PhysionetMI,52,0.8823076923076923,0.9423076923076923,0.8949230769230769,0.06,0.04738461538461542,REVE,2x
PhysionetMI,53,0.9643939393939395,0.9727272727272727,0.9595454545454546,0.00833333333333334,0.0131818181818181,REVE,2x
PhysionetMI,54,0.9833333333333332,0.9666666666666666,0.9720454545454545,-0.01666666666666666,-0.005378787878787958,REVE,2x
PhysionetMI,55,0.956060606060606,0.9659090909090908,0.953409090909091,0.0098484848484848,0.01249999999999988,REVE,2x
PhysionetMI,56,0.9037878787878789,0.9651515151515151,0.9320454545454545,0.0613636363636363,0.0331060606060605,REVE,2x
PhysionetMI,57,0.9734848484848484,0.9833333333333332,0.981439393939394,0.0098484848484848,0.0018939393939393402,REVE,2x
PhysionetMI,58,0.8053846153846154,0.9030769230769231,0.8054615384615385,0.09769230769230766,0.09761538461538458,REVE,2x
PhysionetMI,59,0.8098484848484849,0.7878787878787878,0.7888636363636363,-0.021969696969697,-0.0009848484848484385,REVE,2x
PhysionetMI,60,0.9692307692307693,0.9846153846153847,0.9659230769230769,0.015384615384615361,0.018692307692307623,REVE,2x
PhysionetMI,61,1.0,0.990909090909091,0.9837878787878788,-0.00909090909090908,0.0071212121212120795,REVE,2x
PhysionetMI,62,0.8727272727272727,0.8825757575757576,0.8778030303030302,0.0098484848484848,0.00477272727272724,REVE,2x
PhysionetMI,63,0.7689393939393939,0.7704545454545455,0.7538636363636363,0.0015151515151515193,0.01659090909090914,REVE,2x
PhysionetMI,64,0.8227272727272726,0.815909090909091,0.7622727272727272,-0.0068181818181818205,0.05363636363636368,REVE,2x
PhysionetMI,65,0.9477272727272726,0.9454545454545455,0.9547727272727273,-0.0022727272727272193,-0.0093181818181818,REVE,2x
PhysionetMI,66,0.759090909090909,0.7757575757575758,0.7506818181818182,0.01666666666666666,0.025075757575757564,REVE,2x
PhysionetMI,67,0.775,0.7893939393939394,0.7565909090909091,0.0143939393939394,0.032803030303030264,REVE,2x
PhysionetMI,68,0.8136363636363637,0.8409090909090908,0.8012878787878789,0.02727272727272722,0.03962121212121202,REVE,2x
PhysionetMI,69,0.9015384615384615,0.9446153846153846,0.9029230769230769,0.04307692307692308,0.04169230769230765,REVE,2x
PhysionetMI,70,1.0,1.0,0.996590909090909,0.0,0.0034090909090909198,REVE,2x
PhysionetMI,71,0.9219696969696971,0.9477272727272726,0.9249242424242423,0.02575757575757572,0.022803030303030238,REVE,2x
PhysionetMI,72,0.990909090909091,0.990909090909091,0.9737121212121214,0.0,0.01719696969696962,REVE,2x
PhysionetMI,73,0.8522727272727273,0.8613636363636363,0.8098484848484848,0.0090909090909091,0.05151515151515147,REVE,2x
PhysionetMI,74,0.703030303030303,0.7363636363636363,0.6816666666666666,0.03333333333333332,0.0546969696969697,REVE,2x
PhysionetMI,75,0.8492424242424242,0.8416666666666666,0.8306818181818182,-0.007575757575757602,0.010984848484848481,REVE,2x
PhysionetMI,76,0.668939393939394,0.5931818181818181,0.6403787878787879,-0.07575757575757573,-0.04719696969696968,REVE,2x
PhysionetMI,77,0.7136363636363636,0.7659090909090909,0.7006060606060606,0.05227272727272725,0.06530303030303028,REVE,2x
PhysionetMI,78,0.6348484848484849,0.6393939393939394,0.5960606060606061,0.004545454545454522,0.0433333333333333,REVE,2x
PhysionetMI,79,0.8265151515151515,0.7378787878787879,0.7963636363636364,-0.08863636363636358,-0.05848484848484846,REVE,2x
PhysionetMI,80,0.77,0.8099999999999999,0.8089999999999999,0.03999999999999996,0.0010000000000000217,REVE,2x
PhysionetMI,81,0.8674242424242424,0.8878787878787879,0.8520454545454544,0.02045454545454542,0.03583333333333334,REVE,2x
PhysionetMI,82,0.8037878787878789,0.8022727272727274,0.8121969696969696,-0.0015151515151515193,-0.00992424242424244,REVE,2x
PhysionetMI,83,0.7638461538461538,0.8099999999999999,0.7711538461538462,0.0461538461538461,0.03884615384615386,REVE,2x
PhysionetMI,84,0.9310606060606063,0.9303030303030303,0.921590909090909,-0.0007575757575757805,0.008712121212121239,REVE,2x
PhysionetMI,85,0.9204545454545455,0.9477272727272726,0.9234848484848485,0.02727272727272726,0.02424242424242424,REVE,2x
PhysionetMI,86,0.8923076923076924,0.9,0.8953846153846154,0.007692307692307681,0.00461538461538458,REVE,2x
PhysionetMI,87,0.6636363636363636,0.7303030303030302,0.6566666666666666,0.06666666666666672,0.07363636363636364,REVE,2x
PhysionetMI,90,0.9401515151515152,0.9727272727272727,0.9459090909090909,0.03257575757575756,0.02681818181818178,REVE,2x
PhysionetMI,91,0.8689393939393939,0.8628787878787879,0.8926515151515153,-0.006060606060606061,-0.029772727272727263,REVE,2x
PhysionetMI,93,0.8515151515151516,0.8621212121212121,0.8571212121212122,0.010606060606060624,0.004999999999999979,REVE,2x
PhysionetMI,94,0.9151515151515153,0.825,0.8807575757575756,-0.09015151515151512,-0.055757575757575686,REVE,2x
PhysionetMI,95,0.7923076923076924,0.7976923076923077,0.7735384615384616,0.005384615384615419,0.024153846153846144,REVE,2x
PhysionetMI,96,0.9,0.8749999999999998,0.8788636363636364,-0.025000000000000022,-0.003863636363636399,REVE,2x
PhysionetMI,97,0.9287878787878789,0.9106060606060605,0.8762878787878788,-0.01818181818181816,0.03431818181818178,REVE,2x
PhysionetMI,98,0.5386363636363637,0.531060606060606,0.5271212121212121,-0.007575757575757604,0.00393939393939398,REVE,2x
PhysionetMI,99,0.7022727272727273,0.706060606060606,0.7001515151515151,0.003787878787878761,0.005909090909090939,REVE,2x
PhysionetMI,101,1.0,1.0,0.9938461538461538,0.0,0.0061538461538461,REVE,2x
PhysionetMI,102,0.8416666666666666,0.8848484848484848,0.8171212121212121,0.043181818181818196,0.06772727272727272,REVE,2x
PhysionetMI,103,0.8916666666666666,0.9196969696969697,0.9012121212121211,0.028030303030303017,0.018484848484848458,REVE,2x
PhysionetMI,105,0.890909090909091,0.8727272727272727,0.8842424242424242,-0.01818181818181816,-0.01151515151515148,REVE,2x
PhysionetMI,107,0.6477272727272727,0.6310606060606061,0.6265909090909091,-0.016666666666666642,0.0044696969696969395,REVE,2x
PhysionetMI,108,0.9045454545454545,0.8946969696969698,0.8953787878787878,-0.00984848484848484,-0.00068181818181814,REVE,2x
PhysionetMI,109,0.6590909090909091,0.6840909090909091,0.6674242424242424,0.02500000000000004,0.01666666666666666,REVE,2x
Cho2017,1,0.626,0.6699999999999999,0.6146,0.044,0.05539999999999996,REVE,4x
Cho2017,2,0.594,0.584,0.5871999999999999,-0.009999999999999957,-0.0032000000000000197,REVE,4x
Cho2017,3,0.798,0.9039999999999999,0.8192,0.10599999999999994,0.08479999999999996,REVE,4x
Cho2017,4,0.818,0.8300000000000001,0.7956000000000001,0.012000000000000002,0.03439999999999996,REVE,4x
Cho2017,5,0.8960000000000001,0.8939999999999999,0.8785999999999999,-0.002,0.015400000000000002,REVE,4x
Cho2017,6,0.8460000000000001,0.85,0.8427999999999999,0.00399999999999992,0.00720000000000004,REVE,4x
Cho2017,7,0.6133333333333334,0.5933333333333334,0.6094999999999999,-0.01999999999999998,-0.01616666666666662,REVE,4x
Cho2017,8,0.626,0.6819999999999999,0.6414,0.0559999999999999,0.04059999999999992,REVE,4x
Cho2017,9,0.6333333333333334,0.64,0.6276666666666667,0.00666666666666664,0.012333333333333281,REVE,4x
Cho2017,10,0.702,0.718,0.6963999999999999,0.01599999999999996,0.02159999999999998,REVE,4x
Cho2017,11,0.628,0.638,0.6342000000000001,0.009999999999999983,0.0038,REVE,4x
Cho2017,12,0.5800000000000001,0.712,0.5944,0.13199999999999992,0.11759999999999997,REVE,4x
Cho2017,13,0.8800000000000001,0.89,0.869,0.01,0.021000000000000022,REVE,4x
Cho2017,14,0.8400000000000001,0.852,0.8394,0.01199999999999998,0.01260000000000002,REVE,4x
Cho2017,15,0.646,0.6639999999999999,0.6472,0.01800000000000002,0.016799999999999937,REVE,4x
Cho2017,16,0.648,0.638,0.6248,-0.01000000000000004,0.013199999999999962,REVE,4x
Cho2017,17,0.622,0.6639999999999999,0.6272,0.04199999999999994,0.036799999999999986,REVE,4x
Cho2017,18,0.608,0.638,0.5886,0.029999999999999936,0.04939999999999994,REVE,4x
Cho2017,19,0.5780000000000001,0.6,0.585,0.02199999999999998,0.015000000000000019,REVE,4x
Cho2017,20,0.6799999999999999,0.698,0.6586000000000001,0.017999999999999957,0.03939999999999998,REVE,4x
Cho2017,21,0.724,0.73,0.7033999999999999,0.00600000000000004,0.02660000000000006,REVE,4x
Cho2017,22,0.6779999999999999,0.6639999999999999,0.663,-0.013999999999999999,0.0009999999999999794,REVE,4x
Cho2017,23,0.778,0.8119999999999999,0.7628,0.03399999999999996,0.04919999999999996,REVE,4x
Cho2017,24,0.654,0.6719999999999999,0.6487999999999999,0.018,0.023200000000000044,REVE,4x
Cho2017,25,0.678,0.6639999999999999,0.6706000000000001,-0.013999999999999999,-0.006600000000000041,REVE,4x
Cho2017,26,0.8960000000000001,0.8939999999999999,0.8969999999999999,-0.002,-0.0030000000000000196,REVE,4x
Cho2017,27,0.64,0.63,0.6338,-0.01000000000000002,-0.003800000000000002,REVE,4x
Cho2017,28,0.74,0.9279999999999999,0.7442,0.18799999999999997,0.1838,REVE,4x
Cho2017,29,0.528,0.548,0.5126000000000001,0.01999999999999998,0.03539999999999996,REVE,4x
Cho2017,30,0.724,0.77,0.7106,0.046,0.05939999999999999,REVE,4x
Cho2017,31,0.658,0.6779999999999999,0.6557999999999999,0.02,0.0222,REVE,4x
Cho2017,32,0.6140000000000001,0.62,0.6174,0.005999999999999979,0.0026000000000000007,REVE,4x
Cho2017,33,0.624,0.624,0.6016,1.3877787807814458e-18,0.02239999999999994,REVE,4x
Cho2017,34,0.572,0.5820000000000001,0.5650000000000001,0.01000000000000002,0.01699999999999998,REVE,4x
Cho2017,35,0.49400000000000005,0.636,0.5046,0.14199999999999996,0.13139999999999993,REVE,4x
Cho2017,36,0.5820000000000001,0.6559999999999999,0.6044,0.0739999999999999,0.05159999999999994,REVE,4x
Cho2017,37,0.86,0.8560000000000001,0.8576,-0.003999999999999999,-0.0015999999999999994,REVE,4x
Cho2017,38,0.592,0.592,0.5608000000000001,-1.9428902930940238e-17,0.031199999999999922,REVE,4x
Cho2017,39,0.62,0.6599999999999999,0.6108,0.04,0.0492,REVE,4x
Cho2017,40,0.488,0.496,0.4984,0.008000000000000021,-0.0023999999999999412,REVE,4x
Cho2017,41,0.8400000000000001,0.892,0.8272,0.051999999999999914,0.06479999999999986,REVE,4x
Cho2017,42,0.588,0.5980000000000001,0.5748,0.00999999999999998,0.02320000000000006,REVE,4x
Cho2017,43,1.0,1.0,0.9996,0.0,0.0004,REVE,4x
Cho2017,44,0.868,0.8719999999999999,0.8617999999999999,0.004,0.01019999999999994,REVE,4x
Cho2017,45,0.608,0.622,0.5898,0.01399999999999996,0.032199999999999965,REVE,4x
Cho2017,46,0.6216666666666667,0.67,0.6475,0.04833333333333334,0.0225,REVE,4x
Cho2017,47,0.866,0.8699999999999999,0.844,0.003999999999999958,0.02599999999999994,REVE,4x
Cho2017,48,0.71,0.752,0.6848,0.04199999999999998,0.06720000000000004,REVE,4x
Cho2017,49,1.0,1.0,0.9954000000000001,0.0,0.00459999999999992,REVE,4x
Cho2017,50,0.9,0.9,0.8942,0.0,0.00579999999999996,REVE,4x
Cho2017,51,0.666,0.64,0.6588,-0.02599999999999994,-0.018799999999999963,REVE,4x
Cho2017,52,0.674,0.704,0.6756,0.02999999999999998,0.02839999999999996,REVE,4x
Dreyer2023,1,0.9366666666666668,0.9400000000000001,0.9284999999999999,0.00333333333333334,0.011499999999999979,REVE,4x
Dreyer2023,2,0.8616666666666667,0.8933333333333333,0.8506666666666668,0.03166666666666668,0.042666666666666644,REVE,4x
Dreyer2023,3,0.7533333333333333,0.7516666666666666,0.7505,-0.00166666666666666,0.0011666666666667199,REVE,4x
Dreyer2023,5,0.9583333333333333,0.975,0.9465,0.01666666666666666,0.02849999999999998,REVE,4x
Dreyer2023,6,0.9099999999999999,0.9099999999999999,0.876,4.0245584642661923e-17,0.03399999999999994,REVE,4x
Dreyer2023,7,0.9783333333333333,0.9933333333333334,0.9643333333333333,0.01499999999999998,0.029000000000000005,REVE,4x
Dreyer2023,8,0.9133333333333333,0.96,0.8856666666666667,0.04666666666666662,0.07433333333333322,REVE,4x
Dreyer2023,10,0.97,0.9650000000000001,0.9541666666666666,-0.0049999999999999975,0.01083333333333332,REVE,4x
Dreyer2023,11,0.6566666666666666,0.8583333333333334,0.6168333333333333,0.20166666666666666,0.2415,REVE,4x
Dreyer2023,12,0.95,0.96,0.931,0.009999999999999981,0.02899999999999996,REVE,4x
Dreyer2023,13,0.7566666666666666,0.78,0.7556666666666667,0.02333333333333332,0.024333333333333325,REVE,4x
Dreyer2023,14,0.6866666666666668,0.765,0.6925,0.07833333333333332,0.07249999999999998,REVE,4x
Dreyer2023,15,0.7849999999999999,0.7916666666666667,0.7821666666666667,0.00666666666666668,0.00950000000000004,REVE,4x
Dreyer2023,16,0.8166666666666668,0.8400000000000001,0.8121666666666666,0.02333333333333332,0.02783333333333336,REVE,4x
Dreyer2023,18,0.8616666666666667,0.8766666666666666,0.8566666666666667,0.01499999999999998,0.019999999999999917,REVE,4x
Dreyer2023,19,0.8866666666666667,0.89,0.8793333333333335,0.0033333333333333396,0.01066666666666664,REVE,4x
Dreyer2023,20,0.8883333333333333,0.8950000000000001,0.8728333333333333,0.00666666666666668,0.022166666666666602,REVE,4x
Dreyer2023,21,0.9433333333333334,0.9483333333333333,0.9315,0.00499999999999998,0.016833333333333318,REVE,4x
Dreyer2023,22,0.7699999999999999,0.7866666666666666,0.7631666666666665,0.016666666666666656,0.02350000000000002,REVE,4x
Dreyer2023,23,0.7433333333333334,0.7333333333333333,0.7123333333333333,-0.01,0.020999999999999942,REVE,4x
Dreyer2023,24,0.99,0.985,0.9773333333333334,-0.00500000000000002,0.007666666666666639,REVE,4x
Dreyer2023,25,0.8216666666666667,0.8516666666666668,0.8085000000000001,0.029999999999999978,0.04316666666666658,REVE,4x
Dreyer2023,26,0.8816666666666666,0.9616666666666666,0.8763333333333334,0.07999999999999988,0.08533333333333323,REVE,4x
Dreyer2023,27,0.8266666666666665,0.8483333333333334,0.7968333333333333,0.02166666666666668,0.05150000000000006,REVE,4x
Dreyer2023,28,0.7666666666666666,0.8283333333333334,0.7733333333333333,0.06166666666666665,0.05499999999999998,REVE,4x
Dreyer2023,30,0.7416666666666666,0.7633333333333334,0.7201666666666667,0.02166666666666664,0.043166666666666596,REVE,4x
Dreyer2023,31,0.8583333333333334,0.8783333333333333,0.8313333333333333,0.019999999999999983,0.046999999999999965,REVE,4x
Dreyer2023,32,0.9366666666666668,0.9466666666666667,0.8943333333333333,0.00999999999999996,0.05233333333333322,REVE,4x
Dreyer2023,33,0.8616666666666667,0.8866666666666667,0.8291666666666668,0.02499999999999996,0.057499999999999864,REVE,4x
Dreyer2023,34,0.8833333333333332,0.9,0.8805,0.016666666666666642,0.019500000000000062,REVE,4x
Dreyer2023,35,0.7583333333333333,0.7699999999999999,0.7536666666666667,0.011666666666666641,0.016333333333333276,REVE,4x
Dreyer2023,36,0.9316666666666666,0.9383333333333332,0.8966666666666667,0.006666666666666659,0.04166666666666659,REVE,4x
Dreyer2023,37,0.6833333333333333,0.8283333333333334,0.6913333333333332,0.14499999999999996,0.137,REVE,4x
Dreyer2023,38,0.7583333333333334,0.7633333333333334,0.7576666666666667,0.00499999999999998,0.0056666666666665795,REVE,4x
Dreyer2023,39,0.985,0.9850000000000001,0.969,3.95516952522712e-17,0.01600000000000002,REVE,4x
Dreyer2023,40,0.9120689655172415,0.9344827586206896,0.8856896551724137,0.02241379310344824,0.04879310344827578,REVE,4x
Dreyer2023,42,0.6983333333333334,0.8133333333333332,0.6733333333333333,0.11499999999999999,0.13999999999999996,REVE,4x
Dreyer2023,43,0.8516666666666666,0.8616666666666667,0.8506666666666666,0.010000000000000042,0.011,REVE,4x
Dreyer2023,44,0.7383333333333333,0.79,0.7396666666666667,0.05166666666666664,0.050333333333333286,REVE,4x
Dreyer2023,45,0.8333333333333334,0.8433333333333334,0.8001666666666667,0.009999999999999959,0.04316666666666662,REVE,4x
Dreyer2023,46,0.8033333333333333,0.8099999999999999,0.7743333333333333,0.00666666666666664,0.035666666666666604,REVE,4x
Dreyer2023,47,0.7566666666666666,0.775,0.7536666666666666,0.018333333333333278,0.021333333333333322,REVE,4x
Dreyer2023,48,0.7433333333333334,0.76,0.7246666666666667,0.01666666666666666,0.035333333333333314,REVE,4x
Dreyer2023,49,0.7233333333333334,0.74,0.7184999999999999,0.016666666666666618,0.02149999999999992,REVE,4x
Dreyer2023,50,0.6833333333333333,0.7,0.6575,0.016666666666666663,0.042499999999999975,REVE,4x
Dreyer2023,51,0.7416666666666667,0.765,0.7206666666666666,0.02333333333333332,0.04433333333333334,REVE,4x
Dreyer2023,52,0.8133333333333332,0.8883333333333333,0.7953333333333333,0.07499999999999996,0.09299999999999999,REVE,4x
Dreyer2023,53,0.7449999999999999,0.7516666666666667,0.7363333333333333,0.0066666666666667,0.015333333333333338,REVE,4x
Dreyer2023,54,0.7216666666666667,0.7483333333333333,0.7131666666666667,0.02666666666666666,0.03516666666666666,REVE,4x
Dreyer2023,55,0.8700000000000001,0.875,0.8708333333333333,0.004999999999999981,0.00416666666666662,REVE,4x
Dreyer2023,56,0.875,0.8916666666666668,0.8625,0.01666666666666668,0.029166666666666702,REVE,4x
Dreyer2023,57,0.7633333333333333,0.825,0.7203333333333333,0.061666666666666606,0.1046666666666666,REVE,4x
Dreyer2023,58,0.9783333333333333,0.9833333333333332,0.9673333333333334,0.00499999999999998,0.0159999999999999,REVE,4x
Dreyer2023,59,0.74,0.75,0.74775,0.00999999999999996,0.00224999999999998,REVE,4x
Dreyer2023,60,0.8399999999999999,0.8699999999999999,0.8363333333333334,0.02999999999999998,0.03366666666666658,REVE,4x
Dreyer2023,61,0.9016666666666666,0.9649999999999999,0.8965,0.06333333333333328,0.06849999999999994,REVE,4x
Dreyer2023,62,0.72,0.7466666666666667,0.7065,0.026666666666666637,0.04016666666666666,REVE,4x
Dreyer2023,63,0.905,0.9516666666666665,0.8881666666666665,0.04666666666666664,0.0635,REVE,4x
Dreyer2023,64,0.725,0.7633333333333334,0.7318333333333333,0.038333333333333316,0.03149999999999996,REVE,4x
Dreyer2023,65,0.72,0.73,0.7005000000000001,0.01,0.029499999999999936,REVE,4x
Dreyer2023,66,0.775,0.8383333333333333,0.7381666666666666,0.0633333333333333,0.1001666666666667,REVE,4x
Dreyer2023,67,0.865,0.8699999999999999,0.8563333333333333,0.0049999999999999776,0.013666666666666622,REVE,4x
Dreyer2023,68,0.8066666666666666,0.85,0.7808333333333334,0.0433333333333333,0.06916666666666664,REVE,4x
Dreyer2023,69,0.9016666666666667,0.915,0.8681666666666666,0.01333333333333336,0.04683333333333334,REVE,4x
Dreyer2023,70,0.8016666666666667,0.8883333333333333,0.7699999999999999,0.0866666666666666,0.11833333333333326,REVE,4x
Dreyer2023,71,0.8983333333333332,0.9216666666666666,0.8698333333333332,0.023333333333333338,0.05183333333333333,REVE,4x
Dreyer2023,72,0.8283333333333334,0.9549999999999998,0.837,0.12666666666666662,0.11799999999999997,REVE,4x
Dreyer2023,73,0.9,0.9733333333333333,0.8476666666666667,0.07333333333333326,0.12566666666666665,REVE,4x
Dreyer2023,74,0.8300000000000001,0.8300000000000001,0.8055,0.0,0.02449999999999998,REVE,4x
Dreyer2023,75,0.7816666666666666,0.8099999999999999,0.7566666666666666,0.02833333333333334,0.05333333333333332,REVE,4x
Dreyer2023,76,0.7716666666666666,0.7883333333333333,0.7663333333333333,0.01666666666666668,0.02199999999999996,REVE,4x
Dreyer2023,77,0.8933333333333333,0.915,0.8678333333333332,0.02166666666666664,0.04716666666666662,REVE,4x
Dreyer2023,80,0.7866666666666667,0.8466666666666667,0.7736666666666666,0.05999999999999996,0.07299999999999995,REVE,4x
Dreyer2023,81,0.8300000000000001,0.8633333333333333,0.8108333333333334,0.03333333333333328,0.05249999999999992,REVE,4x
Dreyer2023,82,0.8166666666666667,0.925,0.8019999999999999,0.10833333333333328,0.12299999999999991,REVE,4x
Dreyer2023,83,0.755,0.8400000000000001,0.7205,0.08499999999999996,0.11949999999999997,REVE,4x
Dreyer2023,84,0.8699999999999999,0.9199999999999999,0.869,0.05,0.051000000000000045,REVE,4x
Dreyer2023,85,0.7983333333333333,0.8066666666666666,0.7661666666666667,0.00833333333333334,0.0405,REVE,4x
Dreyer2023,86,0.8633333333333333,0.8766666666666666,0.8560000000000001,0.013333333333333364,0.02066666666666664,REVE,4x
Dreyer2023,87,0.875,0.8800000000000001,0.8506666666666668,0.005,0.029333333333333277,REVE,4x
PhysionetMI,1,0.9484848484848485,0.9295454545454545,0.9381060606060607,-0.01893939393939394,-0.008560606060606121,REVE,4x
PhysionetMI,2,0.9261538461538462,0.9438461538461539,0.9166923076923077,0.01769230769230768,0.02715384615384616,REVE,4x
PhysionetMI,3,0.9401515151515152,0.9575757575757574,0.9348484848484848,0.01742424242424238,0.02272727272727266,REVE,4x
PhysionetMI,4,0.8916666666666666,0.8818181818181818,0.8784090909090908,-0.0098484848484848,0.00340909090909094,REVE,4x
PhysionetMI,5,0.6681818181818182,0.6636363636363637,0.6440151515151515,-0.004545454545454561,0.01962121212121206,REVE,4x
PhysionetMI,6,0.9386363636363637,0.8090909090909092,0.9568939393939395,-0.1295454545454545,-0.1478030303030303,REVE,4x
PhysionetMI,7,0.9,0.9,0.8973484848484847,0.0,0.00265151515151514,REVE,4x
PhysionetMI,8,0.8075757575757576,0.7568181818181818,0.7931060606060607,-0.05075757575757576,-0.03628787878787883,REVE,4x
PhysionetMI,9,0.8984615384615384,0.8846153846153847,0.8806923076923077,-0.01384615384615386,0.003923076923076899,REVE,4x
PhysionetMI,10,0.7507692307692309,0.736923076923077,0.7490769230769232,-0.01384615384615388,-0.012153846153846182,REVE,4x
PhysionetMI,11,0.7795454545454545,0.7833333333333334,0.7901515151515152,0.0037878787878787984,-0.006818181818181779,REVE,4x
PhysionetMI,12,0.8886363636363637,0.9393939393939394,0.8860606060606061,0.0507575757575757,0.053333333333333274,REVE,4x
PhysionetMI,13,0.8689393939393939,0.8977272727272727,0.8801515151515151,0.02878787878787878,0.01757575757575754,REVE,4x
PhysionetMI,14,0.8053030303030303,0.8409090909090908,0.789469696969697,0.03560606060606058,0.051439393939393785,REVE,4x
PhysionetMI,15,0.9,0.9,0.8961538461538462,0.0,0.00384615384615382,REVE,4x
PhysionetMI,16,0.7628787878787879,0.7303030303030302,0.7042424242424242,-0.03257575757575758,0.026060606060606055,REVE,4x
PhysionetMI,17,0.7113636363636363,0.7477272727272727,0.7068939393939393,0.03636363636363632,0.04083333333333332,REVE,4x
PhysionetMI,18,0.8,0.8,0.8,0.0,0.0,REVE,4x
PhysionetMI,19,0.85,0.8901515151515152,0.8355303030303031,0.04015151515151514,0.054621212121212036,REVE,4x
PhysionetMI,20,0.9643939393939395,0.9568181818181817,0.9190909090909092,-0.007575757575757599,0.037727272727272575,REVE,4x
PhysionetMI,21,0.8325757575757576,0.8772727272727273,0.8259090909090909,0.04469696969696968,0.0513636363636363,REVE,4x
PhysionetMI,22,0.8,0.8,0.7975,0.0,0.00249999999999998,REVE,4x
PhysionetMI,23,0.6599999999999999,0.6746153846153846,0.658923076923077,0.01461538461538458,0.01569230769230768,REVE,4x
PhysionetMI,24,0.6522727272727273,0.6507575757575758,0.6302272727272726,-0.0015151515151515002,0.02053030303030306,REVE,4x
PhysionetMI,25,0.6553030303030303,0.6454545454545455,0.605,-0.00984848484848486,0.04045454545454548,REVE,4x
PhysionetMI,26,0.6853846153846154,0.7176923076923077,0.6783076923076923,0.0323076923076923,0.039384615384615324,REVE,4x
PhysionetMI,27,0.8984848484848487,0.9250000000000002,0.8825757575757576,0.0265151515151515,0.04242424242424236,REVE,4x
PhysionetMI,28,0.8030303030303031,0.7931818181818182,0.7797727272727273,-0.00984848484848486,0.01340909090909086,REVE,4x
PhysionetMI,29,0.9545454545454547,0.9636363636363636,0.9323484848484849,0.00909090909090908,0.03128787878787872,REVE,4x
PhysionetMI,30,0.8643939393939395,0.8386363636363636,0.8486363636363636,-0.02575757575757572,-0.00999999999999996,REVE,4x
PhysionetMI,31,0.9295454545454545,0.9386363636363637,0.9113636363636364,0.00909090909090908,0.027272727272727282,REVE,4x
PhysionetMI,32,0.8800000000000001,0.8699999999999999,0.8809999999999999,-0.009999999999999978,-0.010999999999999937,REVE,4x
PhysionetMI,33,0.7583333333333334,0.7666666666666668,0.7532575757575758,0.00833333333333334,0.013409090909090881,REVE,4x
PhysionetMI,34,0.7,0.7623076923076922,0.682,0.062307692307692265,0.08030769230769226,REVE,4x
PhysionetMI,35,0.7727272727272727,0.8,0.7567424242424242,0.027272727272727237,0.04325757575757576,REVE,4x
PhysionetMI,36,0.8295454545454545,0.8196969696969697,0.8218181818181819,-0.009848484848484839,-0.002121212121212141,REVE,4x
PhysionetMI,37,0.8666666666666666,0.8878787878787879,0.853409090909091,0.021212121212121245,0.03446969696969698,REVE,4x
PhysionetMI,38,0.543939393939394,0.5272727272727272,0.5143939393939394,-0.016666666666666684,0.012878787878787898,REVE,4x
PhysionetMI,39,0.8553030303030302,0.8204545454545455,0.8403030303030302,-0.034848484848484816,-0.019848484848484803,REVE,4x
PhysionetMI,40,0.9916666666666666,0.9916666666666666,0.983030303030303,0.0,0.00863636363636356,REVE,4x
PhysionetMI,41,0.976923076923077,0.9692307692307691,0.9669230769230769,-0.0076923076923077,0.0023076923076922997,REVE,4x
PhysionetMI,42,0.975,0.9583333333333334,0.9713636363636363,-0.016666666666666642,-0.013030303030302998,REVE,4x
PhysionetMI,43,0.8469696969696969,0.8469696969696969,0.8471969696969698,0.0,-0.00022727272727273985,REVE,4x
PhysionetMI,44,0.8696969696969697,0.8469696969696969,0.860909090909091,-0.022727272727272697,-0.01393939393939388,REVE,4x
PhysionetMI,45,0.7772727272727273,0.759090909090909,0.7932575757575757,-0.018181818181818202,-0.03416666666666672,REVE,4x
PhysionetMI,46,0.7825757575757576,0.7651515151515151,0.7606060606060605,-0.017424242424242436,0.004545454545454542,REVE,4x
PhysionetMI,47,0.8053030303030303,0.7696969696969698,0.7762121212121212,-0.03560606060606058,-0.0065151515151515805,REVE,4x
PhysionetMI,48,1.0,1.0,0.985,0.0,0.01499999999999998,REVE,4x
PhysionetMI,49,0.8242424242424242,0.840909090909091,0.8078030303030304,0.0166666666666667,0.0331060606060607,REVE,4x
PhysionetMI,50,0.6545454545454545,0.696969696969697,0.6381060606060606,0.04242424242424238,0.05886363636363632,REVE,4x
PhysionetMI,51,0.8651515151515152,0.8734848484848484,0.8680303030303032,0.00833333333333336,0.005454545454545479,REVE,4x
PhysionetMI,52,0.8723076923076925,0.9323076923076924,0.8986153846153847,0.05999999999999994,0.033692307692307646,REVE,4x
PhysionetMI,53,0.8818181818181818,0.890909090909091,0.8728787878787878,0.00909090909090908,0.018030303030303018,REVE,4x
PhysionetMI,54,0.9825757575757574,0.9583333333333333,0.9814393939393942,-0.02424242424242426,-0.023106060606060696,REVE,4x
PhysionetMI,55,0.9212121212121211,0.9666666666666666,0.9107575757575758,0.04545454545454544,0.055909090909090894,REVE,4x
PhysionetMI,56,0.956060606060606,0.9727272727272727,0.9501515151515152,0.01666666666666668,0.02257575757575758,REVE,4x
PhysionetMI,57,0.9818181818181818,0.9666666666666666,0.9690151515151516,-0.01515151515151518,-0.0023484848484849803,REVE,4x
PhysionetMI,58,0.8284615384615386,0.8700000000000001,0.7987692307692308,0.04153846153846152,0.07123076923076922,REVE,4x
PhysionetMI,59,0.7992424242424242,0.8340909090909092,0.773939393939394,0.034848484848484865,0.06015151515151512,REVE,4x
PhysionetMI,60,0.9615384615384617,0.9692307692307693,0.9315384615384616,0.007692307692307681,0.03769230769230765,REVE,4x
PhysionetMI,61,1.0,0.9818181818181818,0.9753787878787878,-0.01818181818181816,0.00643939393939392,REVE,4x
PhysionetMI,62,0.7734848484848484,0.775,0.7797727272727273,0.0015151515151515208,-0.00477272727272726,REVE,4x
PhysionetMI,63,0.7113636363636363,0.7212121212121212,0.7110606060606061,0.00984848484848486,0.01015151515151514,REVE,4x
PhysionetMI,64,0.7575757575757576,0.7818181818181819,0.7423484848484849,0.02424242424242426,0.03946969696969696,REVE,4x
PhysionetMI,65,0.9643939393939395,0.956060606060606,0.9538636363636364,-0.008333333333333321,0.0021969696969697,REVE,4x
PhysionetMI,66,0.6674242424242424,0.693939393939394,0.6662878787878788,0.026515151515151502,0.02765151515151514,REVE,4x
PhysionetMI,67,0.7075757575757576,0.7136363636363636,0.6992424242424242,0.006060606060606061,0.014393939393939398,REVE,4x
PhysionetMI,68,0.825,0.8227272727272729,0.8271969696969697,-0.0022727272727272206,-0.004469696969696941,REVE,4x
PhysionetMI,69,0.9746153846153846,0.9723076923076922,0.9033846153846155,-0.0023076923076923205,0.06892307692307695,REVE,4x
PhysionetMI,70,0.9,0.9,0.8956060606060607,0.0,0.00439393939393936,REVE,4x
PhysionetMI,71,0.931060606060606,0.931060606060606,0.9195454545454546,0.0,0.011515151515151499,REVE,4x
PhysionetMI,72,0.8916666666666666,0.8916666666666666,0.8841666666666667,0.0,0.00749999999999996,REVE,4x
PhysionetMI,73,0.7863636363636364,0.7954545454545455,0.7731818181818182,0.009090909090909061,0.022272727272727257,REVE,4x
PhysionetMI,74,0.6575757575757576,0.6803030303030303,0.6274242424242423,0.022727272727272717,0.05287878787878793,REVE,4x
PhysionetMI,75,0.865909090909091,0.8242424242424242,0.8324242424242424,-0.041666666666666616,-0.008181818181818262,REVE,4x
PhysionetMI,76,0.6325757575757576,0.656060606060606,0.6718181818181819,0.023484848484848497,-0.01575757575757576,REVE,4x
PhysionetMI,77,0.6992424242424242,0.7318181818181818,0.6809090909090909,0.03257575757575758,0.05090909090909086,REVE,4x
PhysionetMI,78,0.6196969696969697,0.6045454545454545,0.6282575757575758,-0.01515151515151518,-0.023712121212121302,REVE,4x
PhysionetMI,79,0.8098484848484848,0.7621212121212121,0.786060606060606,-0.047727272727272715,-0.02393939393939392,REVE,4x
PhysionetMI,80,0.8415384615384616,0.7838461538461539,0.8047692307692309,-0.057692307692307744,-0.02092307692307692,REVE,4x
PhysionetMI,81,0.8666666666666668,0.906818181818182,0.8509848484848485,0.04015151515151514,0.05583333333333333,REVE,4x
PhysionetMI,82,0.7310606060606061,0.7386363636363636,0.7278030303030303,0.007575757575757599,0.010833333333333342,REVE,4x
PhysionetMI,83,0.8061538461538461,0.8423076923076923,0.7675384615384615,0.03615384615384612,0.07476923076923077,REVE,4x
PhysionetMI,84,0.9477272727272726,0.9287878787878787,0.9088636363636363,-0.01893939393939392,0.0199242424242424,REVE,4x
PhysionetMI,85,0.9393939393939394,0.9401515151515152,0.9309090909090909,0.0007575757575757388,0.009242424242424241,REVE,4x
PhysionetMI,86,0.8,0.8,0.7992307692307692,0.0,0.00076923076923076,REVE,4x
PhysionetMI,87,0.6651515151515152,0.6477272727272727,0.6624242424242425,-0.017424242424242443,-0.01469696969696976,REVE,4x
PhysionetMI,90,0.9553030303030303,0.9651515151515151,0.9438636363636365,0.0098484848484848,0.0212878787878787,REVE,4x
PhysionetMI,91,0.8621212121212121,0.8628787878787879,0.8650757575757575,0.0007575757575757402,-0.0021969696969697194,REVE,4x
PhysionetMI,93,0.8431818181818181,0.8787878787878787,0.8560606060606061,0.035606060606060544,0.02272727272727272,REVE,4x
PhysionetMI,94,0.865909090909091,0.8333333333333333,0.8623484848484848,-0.03257575757575758,-0.029015151515151483,REVE,4x
PhysionetMI,95,0.7530769230769231,0.7330769230769232,0.7200769230769231,-0.01999999999999994,0.013000000000000017,REVE,4x
PhysionetMI,96,0.7916666666666666,0.7833333333333332,0.7832575757575758,-0.00833333333333334,7.575757575753808e-05,REVE,4x
PhysionetMI,97,0.8106060606060606,0.8204545454545455,0.8006060606060605,0.009848484848484818,0.019848484848484817,REVE,4x
PhysionetMI,98,0.509090909090909,0.5181818181818182,0.5151515151515151,0.00909090909090908,0.0030303030303030602,REVE,4x
PhysionetMI,99,0.678030303030303,0.6886363636363637,0.6497727272727273,0.010606060606060622,0.03886363636363638,REVE,4x
PhysionetMI,101,0.9,0.9,0.8976923076923077,0.0,0.00230769230769228,REVE,4x
PhysionetMI,102,0.840909090909091,0.8863636363636364,0.8073484848484849,0.04545454545454542,0.0790151515151515,REVE,4x
PhysionetMI,103,0.9462121212121213,0.9242424242424242,0.8972727272727272,-0.02196969696969702,0.026969696969696876,REVE,4x
PhysionetMI,105,0.7742424242424242,0.7916666666666666,0.7745454545454546,0.01742424242424242,0.01712121212121204,REVE,4x
PhysionetMI,107,0.5871212121212122,0.5553030303030303,0.5700000000000001,-0.03181818181818182,-0.014696969696969717,REVE,4x
PhysionetMI,108,0.9121212121212121,0.8863636363636364,0.8921969696969697,-0.025757575757575764,-0.0058333333333333405,REVE,4x
PhysionetMI,109,0.7363636363636363,0.6992424242424242,0.718939393939394,-0.03712121212121214,-0.019696969696969706,REVE,4x
Cho2017,1,0.5740000000000001,0.628,0.563,0.05399999999999998,0.06499999999999997,LaBraM,1x
Cho2017,2,0.528,0.5740000000000001,0.5222,0.046,0.05179999999999996,LaBraM,1x
Cho2017,3,0.6140000000000001,0.754,0.638,0.13999999999999993,0.11599999999999992,LaBraM,1x
Cho2017,4,0.612,0.626,0.6304,0.013999999999999995,-0.004399999999999962,LaBraM,1x
Cho2017,5,0.8379999999999999,0.99,0.8484,0.152,0.1416,LaBraM,1x
Cho2017,6,0.8019999999999999,0.8200000000000001,0.8114000000000001,0.018,0.00859999999999998,LaBraM,1x
Cho2017,7,0.4966666666666667,0.5283333333333333,0.5068333333333334,0.0316666666666666,0.02149999999999998,LaBraM,1x
Cho2017,8,0.56,0.616,0.5549999999999999,0.05599999999999998,0.06100000000000002,LaBraM,1x
Cho2017,9,0.51,0.5349999999999999,0.5351666666666667,0.024999999999999984,-0.00016666666666661953,LaBraM,1x
Cho2017,10,0.55,0.548,0.5336000000000001,-0.0020000000000000213,0.014400000000000001,LaBraM,1x
Cho2017,11,0.576,0.5940000000000001,0.5752,0.018000000000000002,0.01879999999999996,LaBraM,1x
Cho2017,12,0.51,0.53,0.5112,0.02000000000000002,0.01880000000000004,LaBraM,1x
Cho2017,13,0.75,0.998,0.6942,0.24799999999999994,0.30379999999999996,LaBraM,1x
Cho2017,14,0.624,0.8300000000000001,0.621,0.20599999999999996,0.20899999999999994,LaBraM,1x
Cho2017,15,0.49400000000000005,0.51,0.5304,0.01599999999999998,-0.020399999999999963,LaBraM,1x
Cho2017,16,0.534,0.538,0.5506,0.004000000000000019,-0.012600000000000038,LaBraM,1x
Cho2017,17,0.5599999999999999,0.666,0.5774,0.10599999999999998,0.08859999999999994,LaBraM,1x
Cho2017,18,0.53,0.568,0.5398,0.03800000000000002,0.028199999999999982,LaBraM,1x
Cho2017,19,0.49800000000000005,0.514,0.4958,0.016,0.0182,LaBraM,1x
Cho2017,20,0.516,0.602,0.5186,0.08599999999999994,0.08339999999999995,LaBraM,1x
Cho2017,21,0.508,0.526,0.5234,0.01799999999999998,0.0025999999999999994,LaBraM,1x
Cho2017,22,0.54,0.532,0.5368,-0.007999999999999959,-0.00479999999999996,LaBraM,1x
Cho2017,23,0.562,0.604,0.5569999999999999,0.042,0.04700000000000002,LaBraM,1x
Cho2017,24,0.538,0.554,0.5558,0.016,-0.00179999999999998,LaBraM,1x
Cho2017,25,0.5599999999999999,0.584,0.5478000000000001,0.023999999999999938,0.03619999999999994,LaBraM,1x
Cho2017,26,0.986,0.9879999999999999,0.9792,0.002,0.008799999999999938,LaBraM,1x
Cho2017,27,0.512,0.55,0.5206000000000001,0.037999999999999964,0.02939999999999996,LaBraM,1x
Cho2017,28,0.736,0.952,0.8131999999999999,0.2159999999999999,0.13879999999999998,LaBraM,1x
Cho2017,29,0.556,0.5860000000000001,0.5568,0.02999999999999996,0.02920000000000002,LaBraM,1x
Cho2017,30,0.538,0.776,0.616,0.238,0.15999999999999998,LaBraM,1x
Cho2017,31,0.514,0.562,0.5508,0.047999999999999966,0.01120000000000002,LaBraM,1x
Cho2017,32,0.496,0.5660000000000001,0.5214000000000001,0.06999999999999997,0.04459999999999996,LaBraM,1x
Cho2017,33,0.576,0.558,0.563,-0.018000000000000023,-0.005000000000000002,LaBraM,1x
Cho2017,34,0.472,0.49399999999999994,0.492,0.021999999999999957,0.002000000000000019,LaBraM,1x
Cho2017,35,0.48599999999999993,0.6799999999999999,0.46299999999999997,0.19399999999999998,0.21699999999999994,LaBraM,1x
Cho2017,36,0.522,0.562,0.539,0.04,0.023,LaBraM,1x
Cho2017,37,0.8699999999999999,0.8539999999999999,0.8614,-0.01600000000000002,-0.007400000000000061,LaBraM,1x
Cho2017,38,0.512,0.53,0.5086,0.018,0.021399999999999957,LaBraM,1x
Cho2017,39,0.534,0.584,0.5412,0.05,0.0428,LaBraM,1x
Cho2017,40,0.51,0.546,0.5078,0.03599999999999996,0.03819999999999992,LaBraM,1x
Cho2017,41,0.554,0.6439999999999999,0.599,0.08999999999999991,0.04499999999999994,LaBraM,1x
Cho2017,42,0.514,0.56,0.523,0.046,0.037,LaBraM,1x
Cho2017,43,0.9719999999999999,1.0,0.977,0.028000000000000004,0.022999999999999958,LaBraM,1x
Cho2017,44,0.9,0.924,0.9046,0.02399999999999996,0.019399999999999997,LaBraM,1x
Cho2017,45,0.518,0.556,0.5107999999999999,0.038,0.0452,LaBraM,1x
Cho2017,46,0.545,0.5433333333333333,0.5438333333333333,-0.0016666666666666787,-0.0004999999999999616,LaBraM,1x
Cho2017,47,0.82,0.868,0.8300000000000001,0.04799999999999996,0.037999999999999916,LaBraM,1x
Cho2017,48,0.528,0.604,0.5356,0.07599999999999991,0.06839999999999993,LaBraM,1x
Cho2017,49,0.976,1.0,0.9576,0.024,0.04239999999999996,LaBraM,1x
Cho2017,50,0.992,1.0,0.9381999999999999,0.008,0.06179999999999995,LaBraM,1x
Cho2017,51,0.51,0.536,0.5064,0.026000000000000002,0.02959999999999998,LaBraM,1x
Cho2017,52,0.532,0.5680000000000001,0.5362,0.036000000000000004,0.0318,LaBraM,1x
Dreyer2023,1,0.9099999999999999,0.9133333333333333,0.8983333333333334,0.00333333333333334,0.015,LaBraM,1x
Dreyer2023,2,0.7966666666666666,0.825,0.7825,0.02833333333333336,0.04249999999999996,LaBraM,1x
Dreyer2023,3,0.835,0.85,0.8220000000000001,0.015000000000000003,0.02799999999999996,LaBraM,1x
Dreyer2023,5,0.9066666666666666,0.9433333333333334,0.8936666666666667,0.03666666666666662,0.04966666666666652,LaBraM,1x
Dreyer2023,6,0.875,0.8933333333333333,0.8598333333333332,0.01833333333333334,0.03349999999999998,LaBraM,1x
Dreyer2023,7,0.9833333333333334,0.9849999999999998,0.952,0.001666666666666638,0.03299999999999988,LaBraM,1x
Dreyer2023,8,0.8666666666666668,0.9166666666666666,0.8554999999999999,0.04999999999999995,0.06116666666666656,LaBraM,1x
Dreyer2023,10,0.9149999999999998,0.9133333333333333,0.8996666666666666,-0.00166666666666666,0.013666666666666641,LaBraM,1x
Dreyer2023,11,0.6916666666666667,0.8816666666666666,0.6731666666666667,0.1899999999999999,0.20849999999999985,LaBraM,1x
Dreyer2023,12,0.9166666666666666,0.9183333333333333,0.8960000000000001,0.0016666666666666798,0.02233333333333324,LaBraM,1x
Dreyer2023,13,0.765,0.7849999999999999,0.7484999999999999,0.01999999999999994,0.0365,LaBraM,1x
Dreyer2023,14,0.845,0.885,0.8408333333333333,0.03999999999999994,0.044166666666666576,LaBraM,1x
Dreyer2023,15,0.9099999999999999,0.9416666666666668,0.9181666666666667,0.03166666666666666,0.02349999999999992,LaBraM,1x
Dreyer2023,16,0.8616666666666667,0.8633333333333333,0.8218333333333334,0.0016666666666666802,0.04149999999999998,LaBraM,1x
Dreyer2023,18,0.9333333333333332,0.96,0.9361666666666666,0.02666666666666666,0.02383333333333332,LaBraM,1x
Dreyer2023,19,0.9,0.9783333333333333,0.8945000000000001,0.07833333333333324,0.08383333333333323,LaBraM,1x
Dreyer2023,20,0.9466666666666667,0.9666666666666666,0.9388333333333334,0.019999999999999997,0.02783333333333326,LaBraM,1x
Dreyer2023,21,0.925,0.9433333333333334,0.9341666666666667,0.018333333333333302,0.00916666666666662,LaBraM,1x
Dreyer2023,22,0.9199999999999999,0.9349999999999999,0.898,0.015000000000000003,0.03699999999999998,LaBraM,1x
Dreyer2023,23,0.7833333333333333,0.8366666666666667,0.7545,0.05333333333333332,0.08216666666666661,LaBraM,1x
Dreyer2023,24,0.9516666666666665,0.9800000000000001,0.923,0.02833333333333336,0.05699999999999996,LaBraM,1x
Dreyer2023,25,0.6783333333333333,0.74,0.6858333333333333,0.06166666666666666,0.05416666666666668,LaBraM,1x
Dreyer2023,26,0.8066666666666666,0.9099999999999999,0.7738333333333334,0.10333333333333328,0.13616666666666655,LaBraM,1x
Dreyer2023,27,0.8533333333333333,0.8683333333333334,0.8433333333333334,0.01499999999999998,0.02499999999999998,LaBraM,1x
Dreyer2023,28,0.8966666666666667,0.9066666666666666,0.8789999999999999,0.00999999999999998,0.027666666666666662,LaBraM,1x
Dreyer2023,30,0.7133333333333334,0.8216666666666667,0.7413333333333334,0.10833333333333328,0.08033333333333323,LaBraM,1x
Dreyer2023,31,0.8699999999999999,0.9416666666666667,0.8408333333333333,0.0716666666666666,0.10083333333333326,LaBraM,1x
Dreyer2023,32,0.8666666666666666,0.9216666666666666,0.8738333333333334,0.05499999999999994,0.047833333333333325,LaBraM,1x
Dreyer2023,33,0.8150000000000001,0.7883333333333333,0.7758333333333333,-0.02666666666666666,0.01249999999999998,LaBraM,1x
Dreyer2023,34,0.8316666666666667,0.8516666666666666,0.8163333333333334,0.01999999999999998,0.035333333333333224,LaBraM,1x
Dreyer2023,35,0.7766666666666666,0.8083333333333333,0.7616666666666666,0.03166666666666666,0.04666666666666672,LaBraM,1x
Dreyer2023,36,0.865,0.86,0.8351666666666666,-0.004999999999999981,0.0248333333333333,LaBraM,1x
Dreyer2023,37,0.6533333333333333,0.7266666666666667,0.636,0.07333333333333329,0.09066666666666659,LaBraM,1x
Dreyer2023,38,0.8883333333333333,0.9383333333333332,0.8518333333333332,0.049999999999999975,0.08650000000000005,LaBraM,1x
Dreyer2023,39,0.9366666666666668,0.9633333333333333,0.9423333333333334,0.026666666666666623,0.02099999999999996,LaBraM,1x
Dreyer2023,40,0.8344827586206897,0.8586206896551725,0.8194827586206896,0.02413793103448274,0.03913793103448272,LaBraM,1x
Dreyer2023,42,0.7116666666666667,0.805,0.6951666666666666,0.09333333333333328,0.1098333333333333,LaBraM,1x
Dreyer2023,43,0.9383333333333332,0.9383333333333332,0.9335000000000001,-2.0122792321330962e-17,0.00483333333333332,LaBraM,1x
Dreyer2023,44,0.7633333333333334,0.7866666666666666,0.7538333333333334,0.023333333333333282,0.0328333333333333,LaBraM,1x
Dreyer2023,45,0.8283333333333334,0.8583333333333334,0.8143333333333335,0.02999999999999996,0.043999999999999984,LaBraM,1x
Dreyer2023,46,0.7533333333333333,0.7883333333333333,0.7445,0.034999999999999996,0.04383333333333328,LaBraM,1x
Dreyer2023,47,0.9083333333333334,0.9383333333333332,0.9018333333333335,0.029999999999999936,0.036499999999999935,LaBraM,1x
Dreyer2023,48,0.7100000000000001,0.705,0.6791666666666666,-0.00500000000000004,0.02583333333333328,LaBraM,1x
Dreyer2023,49,0.8183333333333334,0.8616666666666667,0.7906666666666667,0.04333333333333328,0.07099999999999991,LaBraM,1x
Dreyer2023,50,0.6983333333333334,0.6966666666666667,0.6698333333333333,-0.0016666666666666399,0.02683333333333334,LaBraM,1x
Dreyer2023,51,0.8033333333333333,0.8516666666666668,0.7933333333333333,0.04833333333333338,0.05833333333333331,LaBraM,1x
Dreyer2023,52,0.7666666666666666,0.7633333333333334,0.7351666666666666,-0.003333333333333297,0.028166666666666663,LaBraM,1x
Dreyer2023,53,0.8066666666666666,0.8283333333333334,0.7965,0.02166666666666662,0.031833333333333255,LaBraM,1x
Dreyer2023,54,0.7533333333333333,0.8366666666666667,0.7241666666666667,0.08333333333333333,0.11249999999999998,LaBraM,1x
Dreyer2023,55,0.9416666666666667,0.9666666666666666,0.9494999999999999,0.02499999999999998,0.01716666666666662,LaBraM,1x
Dreyer2023,56,0.9583333333333333,0.985,0.9443333333333331,0.02666666666666666,0.04066666666666672,LaBraM,1x
Dreyer2023,57,0.6950000000000001,0.74,0.7068333333333333,0.04499999999999998,0.0331666666666666,LaBraM,1x
Dreyer2023,58,0.9366666666666665,0.9383333333333332,0.9256666666666667,0.0016666666666666594,0.012666666666666559,LaBraM,1x
Dreyer2023,59,0.825,0.8724999999999999,0.80525,0.04749999999999998,0.06724999999999993,LaBraM,1x
Dreyer2023,60,0.9,0.9266666666666665,0.8695,0.026666666666666616,0.05716666666666663,LaBraM,1x
Dreyer2023,61,0.8949999999999999,0.9216666666666665,0.8805,0.026666666666666637,0.04116666666666658,LaBraM,1x
Dreyer2023,62,0.79,0.8366666666666667,0.772,0.046666666666666676,0.06466666666666669,LaBraM,1x
Dreyer2023,63,0.7766666666666666,0.8283333333333334,0.7706666666666667,0.05166666666666662,0.057666666666666644,LaBraM,1x
Dreyer2023,64,0.7150000000000001,0.8716666666666667,0.7496666666666666,0.15666666666666662,0.122,LaBraM,1x
Dreyer2023,65,0.8683333333333334,0.9283333333333333,0.8345,0.05999999999999998,0.09383333333333325,LaBraM,1x
Dreyer2023,66,0.7983333333333333,0.8550000000000001,0.7648333333333334,0.05666666666666662,0.09016666666666662,LaBraM,1x
Dreyer2023,67,0.9216666666666666,0.93,0.8989999999999998,0.008333333333333361,0.031000000000000038,LaBraM,1x
Dreyer2023,68,0.7616666666666667,0.7883333333333333,0.7458333333333333,0.0266666666666666,0.04249999999999996,LaBraM,1x
Dreyer2023,69,0.8583333333333334,0.8516666666666668,0.8394999999999999,-0.00666666666666664,0.01216666666666674,LaBraM,1x
Dreyer2023,70,0.73,0.825,0.7053333333333334,0.09499999999999995,0.11966666666666656,LaBraM,1x
Dreyer2023,71,0.8483333333333334,0.8883333333333333,0.8196666666666668,0.03999999999999994,0.06866666666666657,LaBraM,1x
Dreyer2023,72,0.8083333333333333,0.9033333333333333,0.8043333333333333,0.09499999999999996,0.09899999999999995,LaBraM,1x
Dreyer2023,73,0.7366666666666667,0.8833333333333332,0.7111666666666666,0.1466666666666666,0.17216666666666666,LaBraM,1x
Dreyer2023,74,0.7466666666666667,0.7716666666666667,0.733,0.025,0.03866666666666666,LaBraM,1x
Dreyer2023,75,0.8383333333333333,0.845,0.8163333333333334,0.006666666666666682,0.028666666666666625,LaBraM,1x
Dreyer2023,76,0.9,0.9366666666666668,0.885,0.03666666666666662,0.0516666666666666,LaBraM,1x
Dreyer2023,77,0.8416666666666666,0.8916666666666666,0.8465,0.04999999999999996,0.04516666666666658,LaBraM,1x
Dreyer2023,80,0.7183333333333334,0.78,0.7008333333333333,0.06166666666666663,0.07916666666666662,LaBraM,1x
Dreyer2023,81,0.835,0.8716666666666667,0.8051666666666666,0.03666666666666664,0.06649999999999996,LaBraM,1x
Dreyer2023,82,0.9183333333333333,0.9650000000000001,0.9028333333333334,0.04666666666666664,0.06216666666666656,LaBraM,1x
Dreyer2023,83,0.6766666666666666,0.775,0.6756666666666666,0.09833333333333331,0.0993333333333333,LaBraM,1x
Dreyer2023,84,0.86,0.8916666666666666,0.841,0.031666666666666635,0.05066666666666666,LaBraM,1x
Dreyer2023,85,0.76,0.7833333333333333,0.7453333333333333,0.02333333333333324,0.037999999999999964,LaBraM,1x
Dreyer2023,86,0.865,0.8666666666666668,0.8495000000000001,0.0016666666666666822,0.017166666666666656,LaBraM,1x
Dreyer2023,87,0.8266666666666665,0.8700000000000001,0.7939999999999999,0.04333333333333334,0.076,LaBraM,1x
PhysionetMI,1,0.925,0.9583333333333333,0.9153787878787879,0.03333333333333328,0.0429545454545454,LaBraM,1x
PhysionetMI,2,0.8923076923076924,0.9346153846153846,0.8760769230769231,0.042307692307692255,0.058538461538461484,LaBraM,1x
PhysionetMI,3,0.956060606060606,0.9477272727272726,0.9315151515151514,-0.00833333333333334,0.01621212121212112,LaBraM,1x
PhysionetMI,4,0.8272727272727274,0.9098484848484848,0.8056060606060604,0.08257575757575758,0.10424242424242432,LaBraM,1x
PhysionetMI,5,0.5977272727272728,0.6174242424242424,0.5881818181818181,0.019696969696969737,0.029242424242424257,LaBraM,1x
PhysionetMI,6,0.9499999999999998,0.9454545454545455,0.9315909090909091,-0.0045454545454544195,0.013863636363636378,LaBraM,1x
PhysionetMI,7,0.9666666666666665,0.9666666666666665,0.9706818181818182,0.0,-0.00401515151515156,LaBraM,1x
PhysionetMI,8,0.7712121212121212,0.7818181818181819,0.7566666666666666,0.010606060606060556,0.025151515151515102,LaBraM,1x
PhysionetMI,9,0.8800000000000001,0.8415384615384616,0.8826923076923077,-0.03846153846153848,-0.04115384615384616,LaBraM,1x
PhysionetMI,10,0.6392307692307693,0.6715384615384615,0.6618461538461539,0.0323076923076923,0.00969230769230766,LaBraM,1x
PhysionetMI,11,0.7977272727272726,0.8159090909090908,0.7890151515151516,0.01818181818181816,0.02689393939393934,LaBraM,1x
PhysionetMI,12,0.8636363636363636,0.8878787878787879,0.8459848484848486,0.024242424242424242,0.041893939393939296,LaBraM,1x
PhysionetMI,13,0.7606060606060605,0.7825757575757576,0.7744696969696969,0.021969696969697017,0.008106060606060703,LaBraM,1x
PhysionetMI,14,0.6977272727272728,0.6863636363636363,0.6815151515151515,-0.011363636363636399,0.0048484848484848615,LaBraM,1x
PhysionetMI,15,0.9923076923076923,1.0,0.9846153846153847,0.007692307692307681,0.01538461538461534,LaBraM,1x
PhysionetMI,16,0.7022727272727274,0.6992424242424242,0.6881060606060606,-0.0030303030303030555,0.01113636363636362,LaBraM,1x
PhysionetMI,17,0.8113636363636363,0.8666666666666666,0.7773484848484848,0.05530303030303023,0.08931818181818182,LaBraM,1x
PhysionetMI,18,1.0,1.0,0.9911363636363637,0.0,0.0088636363636363,LaBraM,1x
PhysionetMI,19,0.8416666666666668,0.8803030303030303,0.8503030303030302,0.03863636363636358,0.03000000000000002,LaBraM,1x
PhysionetMI,20,0.9545454545454545,0.9727272727272727,0.9387878787878788,0.01818181818181818,0.033939393939393936,LaBraM,1x
PhysionetMI,21,0.6886363636363637,0.796969696969697,0.7150757575757576,0.10833333333333328,0.0818939393939394,LaBraM,1x
PhysionetMI,22,1.0,1.0,0.9947727272727273,0.0,0.00522727272727274,LaBraM,1x
PhysionetMI,23,0.7715384615384615,0.7530769230769231,0.7595384615384615,-0.0184615384615385,-0.0064615384615384994,LaBraM,1x
PhysionetMI,24,0.678030303030303,0.6613636363636364,0.6733333333333333,-0.01666666666666664,-0.011969696969696983,LaBraM,1x
PhysionetMI,25,0.7318181818181818,0.6765151515151515,0.6891666666666667,-0.05530303030303026,-0.01265151515151508,LaBraM,1x
PhysionetMI,26,0.6353846153846153,0.6215384615384616,0.6096923076923076,-0.01384615384615378,0.0118461538461539,LaBraM,1x
PhysionetMI,27,0.9037878787878787,0.9234848484848486,0.875,0.01969696969696972,0.048484848484848464,LaBraM,1x
PhysionetMI,28,0.7439393939393939,0.7886363636363637,0.7445454545454545,0.04469696969696966,0.04409090909090908,LaBraM,1x
PhysionetMI,29,0.8371212121212122,0.8848484848484848,0.8112878787878788,0.0477272727272727,0.07356060606060603,LaBraM,1x
PhysionetMI,30,0.8378787878787879,0.8689393939393939,0.8429545454545455,0.03106060606060606,0.02598484848484852,LaBraM,1x
PhysionetMI,31,0.8121212121212121,0.8378787878787879,0.8154545454545454,0.0257575757575757,0.022424242424242395,LaBraM,1x
PhysionetMI,32,0.99,1.0,0.983,0.01,0.01700000000000006,LaBraM,1x
PhysionetMI,33,0.8575757575757577,0.8651515151515152,0.8715151515151515,0.00757575757575756,-0.006363636363636338,LaBraM,1x
PhysionetMI,34,0.7746153846153846,0.8392307692307692,0.7637692307692308,0.0646153846153846,0.07546153846153844,LaBraM,1x
PhysionetMI,35,0.8303030303030303,0.8825757575757576,0.8110606060606061,0.05227272727272723,0.07151515151515145,LaBraM,1x
PhysionetMI,36,0.9378787878787879,0.9462121212121213,0.9063636363636363,0.008333333333333361,0.0398484848484848,LaBraM,1x
PhysionetMI,37,0.7083333333333333,0.8810606060606062,0.7097727272727272,0.1727272727272727,0.1712878787878788,LaBraM,1x
PhysionetMI,38,0.6151515151515151,0.6106060606060606,0.5914393939393939,-0.004545454545454522,0.01916666666666672,LaBraM,1x
PhysionetMI,39,0.6772727272727274,0.6931818181818181,0.7332575757575757,0.0159090909090909,-0.04007575757575752,LaBraM,1x
PhysionetMI,40,1.0,1.0,0.9906818181818181,0.0,0.009318181818181798,LaBraM,1x
PhysionetMI,41,0.9515384615384616,0.9538461538461538,0.9327692307692308,0.0023076923076923396,0.02107692307692302,LaBraM,1x
PhysionetMI,42,0.875,0.8833333333333334,0.8715909090909092,0.00833333333333334,0.01174242424242424,LaBraM,1x
PhysionetMI,43,0.8651515151515152,0.8696969696969697,0.8540151515151516,0.004545454545454539,0.015681818181818137,LaBraM,1x
PhysionetMI,44,0.8962121212121212,0.8666666666666666,0.8901515151515152,-0.02954545454545456,-0.023484848484848497,LaBraM,1x
PhysionetMI,45,0.7227272727272728,0.696969696969697,0.7103030303030303,-0.02575757575757574,-0.01333333333333334,LaBraM,1x
PhysionetMI,46,0.8151515151515152,0.7689393939393939,0.791060606060606,-0.0462121212121212,-0.022121212121212062,LaBraM,1x
PhysionetMI,47,0.7575757575757576,0.8,0.7542424242424242,0.04242424242424244,0.04575757575757578,LaBraM,1x
PhysionetMI,48,0.975,1.0,0.965378787878788,0.025,0.03462121212121208,LaBraM,1x
PhysionetMI,49,0.8560606060606062,0.9053030303030303,0.8381060606060606,0.04924242424242416,0.06719696969696967,LaBraM,1x
PhysionetMI,50,0.6143939393939395,0.7,0.6310606060606061,0.0856060606060605,0.06893939393939386,LaBraM,1x
PhysionetMI,51,0.8643939393939395,0.9280303030303031,0.8552272727272727,0.06363636363636364,0.07280303030303026,LaBraM,1x
PhysionetMI,52,0.9099999999999999,0.9523076923076923,0.880846153846154,0.042307692307692255,0.07146153846153835,LaBraM,1x
PhysionetMI,53,0.9643939393939395,0.9734848484848484,0.947348484848485,0.00909090909090908,0.026136363636363603,LaBraM,1x
PhysionetMI,54,0.9068181818181819,0.9143939393939394,0.9127272727272727,0.007575757575757599,0.0016666666666666802,LaBraM,1x
PhysionetMI,55,0.8818181818181818,0.8833333333333334,0.843560606060606,0.0015151515151515028,0.03977272727272726,LaBraM,1x
PhysionetMI,56,0.9045454545454545,0.9212121212121211,0.8682575757575757,0.01666666666666666,0.05295454545454544,LaBraM,1x
PhysionetMI,57,0.9916666666666666,0.9416666666666668,0.9774242424242423,-0.04999999999999992,-0.035757575757575724,LaBraM,1x
PhysionetMI,58,0.7753846153846153,0.8961538461538462,0.779076923076923,0.12076923076923078,0.11707692307692308,LaBraM,1x
PhysionetMI,59,0.6674242424242425,0.7242424242424244,0.6459848484848485,0.0568181818181818,0.07825757575757576,LaBraM,1x
PhysionetMI,60,0.9030769230769231,0.9307692307692308,0.8949230769230769,0.027692307692307662,0.0358461538461538,LaBraM,1x
PhysionetMI,61,0.9545454545454547,0.9818181818181818,0.9609090909090909,0.027272727272727237,0.02090909090909082,LaBraM,1x
PhysionetMI,62,0.9469696969696969,0.956060606060606,0.9406060606060607,0.00909090909090908,0.01545454545454546,LaBraM,1x
PhysionetMI,63,0.7303030303030302,0.7128787878787879,0.7128030303030303,-0.017424242424242398,7.57575757575804e-05,LaBraM,1x
PhysionetMI,64,0.7484848484848485,0.7333333333333333,0.7692424242424243,-0.01515151515151516,-0.03590909090909098,LaBraM,1x
PhysionetMI,65,0.9651515151515151,0.9363636363636363,0.9321969696969697,-0.02878787878787868,0.0041666666666667004,LaBraM,1x
PhysionetMI,66,0.7393939393939395,0.7454545454545455,0.7807575757575758,0.0060606060606060415,-0.03530303030303028,LaBraM,1x
PhysionetMI,67,0.7,0.696969696969697,0.7109090909090909,-0.003030303030303058,-0.013939393939393979,LaBraM,1x
PhysionetMI,68,0.8537878787878789,0.846969696969697,0.8465909090909092,-0.0068181818181818395,0.0003787878787878798,LaBraM,1x
PhysionetMI,69,0.9053846153846153,0.8915384615384616,0.8810769230769232,-0.0138461538461538,0.010461538461538463,LaBraM,1x
PhysionetMI,70,0.9833333333333332,0.9666666666666665,0.9802272727272727,-0.01666666666666668,-0.013560606060606101,LaBraM,1x
PhysionetMI,71,0.8704545454545455,0.9037878787878787,0.8866666666666667,0.0333333333333333,0.0171212121212121,LaBraM,1x
PhysionetMI,72,0.9818181818181818,0.9643939393939395,0.9658333333333333,-0.01742424242424242,-0.0014393939393939198,LaBraM,1x
PhysionetMI,73,0.8325757575757576,0.8090909090909092,0.7963636363636364,-0.0234848484848485,0.01272727272727272,LaBraM,1x
PhysionetMI,74,0.7962121212121211,0.8128787878787879,0.7811363636363636,0.01666666666666668,0.031742424242424176,LaBraM,1x
PhysionetMI,75,0.8068181818181819,0.8075757575757576,0.7990909090909091,0.0007575757575757014,0.00848484848484854,LaBraM,1x
PhysionetMI,76,0.671969696969697,0.634090909090909,0.6762878787878788,-0.037878787878787845,-0.0421969696969697,LaBraM,1x
PhysionetMI,77,0.6363636363636364,0.6166666666666667,0.6397727272727273,-0.0196969696969697,-0.02310606060606062,LaBraM,1x
PhysionetMI,78,0.6863636363636363,0.6984848484848485,0.6772727272727272,0.01212121212121214,0.02121212121212124,LaBraM,1x
PhysionetMI,79,0.8022727272727274,0.8356060606060606,0.7858333333333334,0.0333333333333333,0.04977272727272726,LaBraM,1x
PhysionetMI,80,0.7346153846153847,0.7923076923076924,0.702076923076923,0.05769230769230764,0.09023076923076923,LaBraM,1x
PhysionetMI,81,0.8818181818181818,0.9287878787878789,0.8763636363636363,0.04696969696969698,0.05242424242424246,LaBraM,1x
PhysionetMI,82,0.825,0.8325757575757576,0.8037878787878789,0.00757575757575758,0.02878787878787874,LaBraM,1x
PhysionetMI,83,0.6561538461538461,0.6592307692307692,0.6616923076923077,0.0030769230769230787,-0.0024615384615384204,LaBraM,1x
PhysionetMI,84,0.9484848484848485,0.9219696969696971,0.9059848484848485,-0.02651515151515148,0.01598484848484846,LaBraM,1x
PhysionetMI,85,0.9636363636363636,0.9378787878787879,0.9309848484848485,-0.02575757575757574,0.006893939393939378,LaBraM,1x
PhysionetMI,86,0.9292307692307693,0.9623076923076923,0.9344615384615385,0.03307692307692298,0.027846153846153864,LaBraM,1x
PhysionetMI,87,0.7083333333333333,0.7575757575757576,0.7238636363636364,0.04924242424242427,0.033712121212121235,LaBraM,1x
PhysionetMI,90,0.9083333333333332,0.9575757575757576,0.8946969696969698,0.04924242424242424,0.06287878787878784,LaBraM,1x
PhysionetMI,91,0.8689393939393939,0.9053030303030303,0.8367424242424242,0.0363636363636363,0.06856060606060603,LaBraM,1x
PhysionetMI,93,0.7992424242424242,0.8636363636363636,0.7916666666666667,0.06439393939393931,0.07196969696969692,LaBraM,1x
PhysionetMI,94,0.8143939393939394,0.8318181818181818,0.795,0.0174242424242424,0.0368181818181818,LaBraM,1x
PhysionetMI,95,0.6900000000000001,0.6976923076923077,0.6718461538461538,0.007692307692307679,0.025846153846153862,LaBraM,1x
PhysionetMI,96,0.9416666666666667,0.9416666666666667,0.9140151515151516,0.0,0.02765151515151506,LaBraM,1x
PhysionetMI,97,0.8340909090909092,0.8946969696969698,0.8388636363636364,0.06060606060606057,0.05583333333333333,LaBraM,1x
PhysionetMI,98,0.4712121212121212,0.45530303030303027,0.47689393939393937,-0.0159090909090909,-0.02159090909090906,LaBraM,1x
PhysionetMI,99,0.7363636363636363,0.7136363636363636,0.7390909090909091,-0.022727272727272724,-0.025454545454545497,LaBraM,1x
PhysionetMI,101,0.976923076923077,1.0,0.973076923076923,0.02307692307692304,0.026923076923076862,LaBraM,1x
PhysionetMI,102,0.7772727272727272,0.825,0.7690909090909092,0.0477272727272727,0.05590909090909087,LaBraM,1x
PhysionetMI,103,0.8492424242424242,0.8242424242424242,0.8540151515151516,-0.02500000000000004,-0.02977272727272736,LaBraM,1x
PhysionetMI,105,0.975,0.9916666666666666,0.961590909090909,0.016666666666666642,0.03007575757575758,LaBraM,1x
PhysionetMI,107,0.5553030303030303,0.5712121212121212,0.5996212121212121,0.015909090909090862,-0.02840909090909096,LaBraM,1x
PhysionetMI,108,0.8128787878787879,0.8121212121212121,0.8040909090909091,-0.0007575757575757014,0.00803030303030304,LaBraM,1x
PhysionetMI,109,0.5356060606060605,0.4954545454545455,0.5546969696969697,-0.040151515151515084,-0.059242424242424166,LaBraM,1x
Cho2017,1,0.576,0.648,0.5738,0.07199999999999998,0.07419999999999996,LaBraM,2x
Cho2017,2,0.508,0.526,0.515,0.018,0.011000000000000015,LaBraM,2x
Cho2017,3,0.656,0.766,0.6481999999999999,0.10999999999999999,0.11779999999999997,LaBraM,2x
Cho2017,4,0.674,0.766,0.6984,0.09199999999999998,0.06760000000000001,LaBraM,2x
Cho2017,5,0.82,0.99,0.8958,0.16999999999999996,0.09419999999999999,LaBraM,2x
Cho2017,6,0.812,0.8140000000000001,0.8142000000000001,0.0019999999999999797,-0.00020000000000005986,LaBraM,2x
Cho2017,7,0.5266666666666666,0.5383333333333333,0.5236666666666666,0.01166666666666668,0.01466666666666668,LaBraM,2x
Cho2017,8,0.548,0.5980000000000001,0.5624,0.049999999999999954,0.035599999999999944,LaBraM,2x
Cho2017,9,0.5516666666666666,0.5650000000000001,0.5413333333333334,0.013333333333333341,0.02366666666666662,LaBraM,2x
Cho2017,10,0.5900000000000001,0.5820000000000001,0.548,-0.007999999999999959,0.03399999999999996,LaBraM,2x
Cho2017,11,0.542,0.604,0.5564,0.062,0.04760000000000004,LaBraM,2x
Cho2017,12,0.53,0.5760000000000001,0.53,0.04600000000000002,0.04600000000000004,LaBraM,2x
Cho2017,13,0.712,0.998,0.8032,0.2859999999999999,0.19479999999999992,LaBraM,2x
Cho2017,14,0.634,0.8240000000000001,0.6491999999999999,0.19000000000000003,0.17480000000000007,LaBraM,2x
Cho2017,15,0.512,0.536,0.5134000000000001,0.023999999999999983,0.02259999999999998,LaBraM,2x
Cho2017,16,0.526,0.548,0.5378000000000001,0.022,0.01020000000000002,LaBraM,2x
Cho2017,17,0.616,0.6539999999999999,0.6006,0.03799999999999994,0.05339999999999995,LaBraM,2x
Cho2017,18,0.52,0.5680000000000001,0.5356,0.04800000000000002,0.03239999999999998,LaBraM,2x
Cho2017,19,0.544,0.554,0.5056,0.009999999999999978,0.04839999999999996,LaBraM,2x
Cho2017,20,0.528,0.6020000000000001,0.55,0.07399999999999995,0.052000000000000005,LaBraM,2x
Cho2017,21,0.53,0.556,0.514,0.025999999999999978,0.041999999999999996,LaBraM,2x
Cho2017,22,0.514,0.538,0.5252,0.02399999999999998,0.0128,LaBraM,2x
Cho2017,23,0.5820000000000001,0.614,0.6,0.03199999999999996,0.014000000000000002,LaBraM,2x
Cho2017,24,0.542,0.5860000000000001,0.5512,0.04399999999999998,0.034800000000000005,LaBraM,2x
Cho2017,25,0.516,0.594,0.5514,0.07799999999999993,0.042599999999999937,LaBraM,2x
Cho2017,26,0.986,0.99,0.9714,0.004,0.018599999999999985,LaBraM,2x
Cho2017,27,0.554,0.608,0.527,0.05399999999999996,0.08099999999999993,LaBraM,2x
Cho2017,28,0.8800000000000001,0.962,0.8776000000000002,0.08199999999999996,0.08439999999999984,LaBraM,2x
Cho2017,29,0.55,0.5980000000000001,0.562,0.047999999999999945,0.03599999999999992,LaBraM,2x
Cho2017,30,0.7060000000000001,0.782,0.6399999999999999,0.076,0.14200000000000004,LaBraM,2x
Cho2017,31,0.548,0.5740000000000001,0.5564,0.025999999999999978,0.01759999999999996,LaBraM,2x
Cho2017,32,0.522,0.604,0.5502,0.08199999999999993,0.05379999999999994,LaBraM,2x
Cho2017,33,0.5800000000000001,0.584,0.5852,0.003999999999999981,-0.00120000000000004,LaBraM,2x
Cho2017,34,0.512,0.49800000000000005,0.5066,-0.014000000000000002,-0.0086,LaBraM,2x
Cho2017,35,0.47400000000000003,0.648,0.4566,0.174,0.19139999999999996,LaBraM,2x
Cho2017,36,0.538,0.5780000000000001,0.5561999999999999,0.039999999999999994,0.02180000000000002,LaBraM,2x
Cho2017,37,0.876,0.8540000000000001,0.8484000000000002,-0.021999999999999898,0.005599999999999941,LaBraM,2x
Cho2017,38,0.51,0.5640000000000001,0.5188,0.05399999999999998,0.045199999999999976,LaBraM,2x
Cho2017,39,0.5640000000000001,0.5840000000000001,0.57,0.02000000000000004,0.014000000000000063,LaBraM,2x
Cho2017,40,0.522,0.526,0.5128,0.00399999999999996,0.013199999999999979,LaBraM,2x
Cho2017,41,0.558,0.666,0.5640000000000001,0.10799999999999996,0.10199999999999991,LaBraM,2x
Cho2017,42,0.544,0.5660000000000001,0.5476000000000001,0.02199999999999998,0.01839999999999998,LaBraM,2x
Cho2017,43,0.9719999999999999,1.0,0.978,0.028000000000000004,0.0219999999999999,LaBraM,2x
Cho2017,44,0.908,0.9400000000000001,0.9199999999999999,0.03199999999999996,0.02000000000000004,LaBraM,2x
Cho2017,45,0.518,0.546,0.5364,0.028000000000000025,0.009600000000000022,LaBraM,2x
Cho2017,46,0.575,0.6483333333333333,0.6041666666666666,0.07333333333333336,0.0441666666666667,LaBraM,2x
Cho2017,47,0.8220000000000001,0.882,0.843,0.059999999999999984,0.03900000000000002,LaBraM,2x
Cho2017,48,0.526,0.6279999999999999,0.5624,0.10199999999999995,0.06559999999999996,LaBraM,2x
Cho2017,49,0.9719999999999999,1.0,0.9858,0.027999999999999997,0.01419999999999994,LaBraM,2x
Cho2017,50,0.938,1.0,0.9418,0.06199999999999998,0.05819999999999994,LaBraM,2x
Cho2017,51,0.528,0.538,0.507,0.010000000000000018,0.031000000000000038,LaBraM,2x
Cho2017,52,0.538,0.62,0.561,0.082,0.05899999999999998,LaBraM,2x
Dreyer2023,1,0.9083333333333334,0.915,0.9120000000000001,0.006666666666666659,0.0029999999999999597,LaBraM,2x
Dreyer2023,2,0.7766666666666666,0.8333333333333334,0.7716666666666667,0.05666666666666664,0.06166666666666663,LaBraM,2x
Dreyer2023,3,0.845,0.8850000000000001,0.8474999999999999,0.04000000000000002,0.037499999999999985,LaBraM,2x
Dreyer2023,5,0.9133333333333333,0.9533333333333334,0.9028333333333333,0.03999999999999994,0.050499999999999955,LaBraM,2x
Dreyer2023,6,0.8733333333333334,0.8799999999999999,0.8593333333333334,0.006666666666666638,0.020666666666666618,LaBraM,2x
Dreyer2023,7,0.9733333333333334,0.9916666666666668,0.9611666666666666,0.01833333333333334,0.03049999999999996,LaBraM,2x
Dreyer2023,8,0.8566666666666667,0.9283333333333333,0.8791666666666667,0.07166666666666663,0.04916666666666662,LaBraM,2x
Dreyer2023,10,0.9033333333333333,0.9216666666666665,0.9148333333333332,0.01833333333333332,0.0068333333333333605,LaBraM,2x
Dreyer2023,11,0.6483333333333333,0.8416666666666666,0.6633333333333333,0.19333333333333325,0.17833333333333323,LaBraM,2x
Dreyer2023,12,0.8933333333333333,0.8949999999999999,0.9013333333333333,0.0016666666666666995,-0.0063333333333333,LaBraM,2x
Dreyer2023,13,0.725,0.7866666666666667,0.7501666666666666,0.06166666666666666,0.0365,LaBraM,2x
Dreyer2023,14,0.8716666666666667,0.8799999999999999,0.8564999999999999,0.00833333333333328,0.02349999999999994,LaBraM,2x
Dreyer2023,15,0.9233333333333332,0.9616666666666666,0.9373333333333334,0.03833333333333328,0.02433333333333326,LaBraM,2x
Dreyer2023,16,0.86,0.86,0.8348333333333333,-4.0245584642661923e-17,0.025166666666666622,LaBraM,2x
Dreyer2023,18,0.9516666666666665,0.96,0.9436666666666668,0.00833333333333334,0.0163333333333333,LaBraM,2x
Dreyer2023,19,0.9233333333333335,0.985,0.923,0.06166666666666663,0.06199999999999992,LaBraM,2x
Dreyer2023,20,0.9683333333333334,0.9766666666666666,0.9443333333333331,0.008333333333333299,0.0323333333333333,LaBraM,2x
Dreyer2023,21,0.9216666666666666,0.9366666666666665,0.9286666666666668,0.01499999999999998,0.0079999999999999,LaBraM,2x
Dreyer2023,22,0.9383333333333332,0.9366666666666668,0.9091666666666667,-0.0016666666666666399,0.02749999999999994,LaBraM,2x
Dreyer2023,23,0.8150000000000001,0.86,0.7863333333333333,0.044999999999999964,0.07366666666666657,LaBraM,2x
Dreyer2023,24,0.9233333333333335,0.9716666666666667,0.925,0.0483333333333333,0.0466666666666666,LaBraM,2x
Dreyer2023,25,0.71,0.76,0.7096666666666667,0.049999999999999975,0.0503333333333333,LaBraM,2x
Dreyer2023,26,0.8233333333333335,0.9166666666666666,0.8221666666666666,0.09333333333333328,0.09450000000000004,LaBraM,2x
Dreyer2023,27,0.8516666666666668,0.875,0.8378333333333334,0.023333333333333258,0.037166666666666605,LaBraM,2x
Dreyer2023,28,0.9049999999999999,0.9,0.8973333333333333,-0.004999999999999961,0.00266666666666662,LaBraM,2x
Dreyer2023,30,0.745,0.8283333333333334,0.7648333333333334,0.08333333333333326,0.06349999999999996,LaBraM,2x
Dreyer2023,31,0.885,0.9483333333333333,0.8651666666666668,0.06333333333333327,0.08316666666666658,LaBraM,2x
Dreyer2023,32,0.8949999999999999,0.9233333333333332,0.8861666666666667,0.02833333333333336,0.0371666666666666,LaBraM,2x
Dreyer2023,33,0.7716666666666667,0.8133333333333332,0.7929999999999999,0.04166666666666668,0.02033333333333332,LaBraM,2x
Dreyer2023,34,0.7966666666666666,0.8433333333333334,0.8231666666666667,0.046666666666666655,0.02016666666666666,LaBraM,2x
Dreyer2023,35,0.7733333333333333,0.8433333333333334,0.78,0.06999999999999997,0.06333333333333328,LaBraM,2x
Dreyer2023,36,0.8833333333333332,0.885,0.8653333333333334,0.0016666666666666802,0.01966666666666664,LaBraM,2x
Dreyer2023,37,0.7183333333333334,0.7633333333333334,0.6816666666666666,0.04499999999999996,0.08166666666666667,LaBraM,2x
Dreyer2023,38,0.8949999999999999,0.9283333333333331,0.8698333333333335,0.0333333333333333,0.0584999999999999,LaBraM,2x
Dreyer2023,39,0.9649999999999999,0.9766666666666668,0.9581666666666667,0.011666666666666702,0.018500000000000037,LaBraM,2x
Dreyer2023,40,0.8241379310344827,0.8810344827586206,0.8389655172413792,0.05689655172413792,0.04206896551724138,LaBraM,2x
Dreyer2023,42,0.735,0.8433333333333334,0.73,0.10833333333333328,0.11333333333333331,LaBraM,2x
Dreyer2023,43,0.9400000000000001,0.9366666666666668,0.9333333333333333,-0.0033333333333333422,0.00333333333333332,LaBraM,2x
Dreyer2023,44,0.7416666666666666,0.7933333333333333,0.7621666666666667,0.05166666666666673,0.03116666666666662,LaBraM,2x
Dreyer2023,45,0.78,0.8683333333333334,0.8023333333333333,0.08833333333333332,0.066,LaBraM,2x
Dreyer2023,46,0.7583333333333333,0.7933333333333333,0.7515000000000001,0.034999999999999976,0.04183333333333328,LaBraM,2x
Dreyer2023,47,0.9366666666666668,0.9466666666666667,0.9063333333333334,0.009999999999999941,0.04033333333333322,LaBraM,2x
Dreyer2023,48,0.7083333333333334,0.7116666666666667,0.6888333333333334,0.003333333333333319,0.022833333333333282,LaBraM,2x
Dreyer2023,49,0.8133333333333332,0.8949999999999999,0.8305,0.08166666666666662,0.06449999999999997,LaBraM,2x
Dreyer2023,50,0.6916666666666667,0.6783333333333333,0.6951666666666667,-0.013333333333333341,-0.0168333333333333,LaBraM,2x
Dreyer2023,51,0.8083333333333332,0.8283333333333334,0.8046666666666666,0.02,0.0236666666666666,LaBraM,2x
Dreyer2023,52,0.7733333333333332,0.7899999999999999,0.7701666666666667,0.01666666666666666,0.01983333333333328,LaBraM,2x
Dreyer2023,53,0.8150000000000001,0.8300000000000001,0.8101666666666667,0.015,0.01983333333333332,LaBraM,2x
Dreyer2023,54,0.7883333333333333,0.8316666666666667,0.7553333333333334,0.04333333333333328,0.0763333333333333,LaBraM,2x
Dreyer2023,55,0.9483333333333333,0.9666666666666666,0.9436666666666665,0.018333333333333278,0.022999999999999958,LaBraM,2x
Dreyer2023,56,0.9650000000000001,0.985,0.9476666666666667,0.02000000000000002,0.037333333333333316,LaBraM,2x
Dreyer2023,57,0.7,0.7633333333333334,0.6998333333333333,0.06333333333333332,0.06349999999999996,LaBraM,2x
Dreyer2023,58,0.9316666666666666,0.9399999999999998,0.9318333333333333,0.008333333333333321,0.0081666666666667,LaBraM,2x
Dreyer2023,59,0.8324999999999999,0.8800000000000001,0.80975,0.0475,0.07025,LaBraM,2x
Dreyer2023,60,0.8716666666666667,0.9333333333333333,0.8735000000000002,0.06166666666666663,0.05983333333333324,LaBraM,2x
Dreyer2023,61,0.8933333333333333,0.9416666666666667,0.8868333333333333,0.04833333333333326,0.05483333333333322,LaBraM,2x
Dreyer2023,62,0.8283333333333334,0.835,0.8068333333333333,0.00666666666666664,0.028166666666666618,LaBraM,2x
Dreyer2023,63,0.7583333333333334,0.8183333333333334,0.7873333333333333,0.059999999999999984,0.03100000000000002,LaBraM,2x
Dreyer2023,64,0.7366666666666666,0.8916666666666666,0.7766666666666666,0.15499999999999997,0.11499999999999996,LaBraM,2x
Dreyer2023,65,0.8816666666666666,0.9316666666666666,0.8533333333333333,0.049999999999999954,0.07833333333333323,LaBraM,2x
Dreyer2023,66,0.8150000000000001,0.8283333333333334,0.7856666666666666,0.013333333333333298,0.04266666666666662,LaBraM,2x
Dreyer2023,67,0.9266666666666665,0.9283333333333333,0.9046666666666667,0.0016666666666667201,0.023666666666666638,LaBraM,2x
Dreyer2023,68,0.7633333333333334,0.7833333333333334,0.7553333333333334,0.02,0.027999999999999997,LaBraM,2x
Dreyer2023,69,0.8766666666666667,0.8983333333333332,0.8756666666666668,0.02166666666666662,0.0226666666666666,LaBraM,2x
Dreyer2023,70,0.7433333333333334,0.8233333333333335,0.7195,0.07999999999999999,0.10383333333333325,LaBraM,2x
Dreyer2023,71,0.8533333333333333,0.8983333333333334,0.8208333333333334,0.04499999999999994,0.07749999999999986,LaBraM,2x
Dreyer2023,72,0.8216666666666667,0.9349999999999999,0.8271666666666666,0.11333333333333324,0.10783333333333323,LaBraM,2x
Dreyer2023,73,0.8116666666666668,0.8783333333333333,0.757,0.06666666666666662,0.12133333333333325,LaBraM,2x
Dreyer2023,74,0.6716666666666666,0.75,0.7226666666666667,0.0783333333333333,0.027333333333333258,LaBraM,2x
Dreyer2023,75,0.8550000000000001,0.8466666666666667,0.825,-0.00833333333333334,0.0216666666666666,LaBraM,2x
Dreyer2023,76,0.8949999999999999,0.9199999999999999,0.8923333333333332,0.02499999999999996,0.02766666666666668,LaBraM,2x
Dreyer2023,77,0.8166666666666668,0.8616666666666667,0.8480000000000001,0.04499999999999994,0.01366666666666656,LaBraM,2x
Dreyer2023,80,0.655,0.74,0.6931666666666667,0.08499999999999999,0.04683333333333324,LaBraM,2x
Dreyer2023,81,0.8666666666666666,0.8949999999999999,0.8484999999999999,0.028333333333333276,0.04649999999999997,LaBraM,2x
Dreyer2023,82,0.9433333333333334,0.9466666666666665,0.9166666666666667,0.0033333333333333604,0.0299999999999999,LaBraM,2x
Dreyer2023,83,0.6633333333333333,0.7466666666666667,0.6741666666666666,0.0833333333333333,0.07249999999999998,LaBraM,2x
Dreyer2023,84,0.8816666666666666,0.885,0.8578333333333333,0.0033333333333332798,0.02716666666666658,LaBraM,2x
Dreyer2023,85,0.76,0.7866666666666666,0.7538333333333334,0.026666666666666623,0.03283333333333332,LaBraM,2x
Dreyer2023,86,0.8516666666666668,0.8583333333333334,0.8568333333333336,0.00666666666666664,0.0014999999999998994,LaBraM,2x
Dreyer2023,87,0.8116666666666668,0.8416666666666666,0.813,0.029999999999999936,0.028666666666666684,LaBraM,2x
PhysionetMI,1,0.9333333333333333,0.9333333333333332,0.9246969696969698,-4.0245584642661923e-17,0.008636363636363557,LaBraM,2x
PhysionetMI,2,0.8946153846153846,0.8669230769230769,0.8976923076923077,-0.0276923076923077,-0.030769230769230722,LaBraM,2x
PhysionetMI,3,0.9303030303030303,0.9484848484848485,0.9221212121212121,0.01818181818181816,0.02636363636363636,LaBraM,2x
PhysionetMI,4,0.8553030303030302,0.9303030303030303,0.8209090909090909,0.07499999999999998,0.1093939393939394,LaBraM,2x
PhysionetMI,5,0.5901515151515151,0.6325757575757576,0.5915909090909091,0.04242424242424236,0.04098484848484848,LaBraM,2x
PhysionetMI,6,0.9333333333333332,0.9636363636363636,0.8970454545454546,0.030303030303030366,0.06659090909090903,LaBraM,2x
PhysionetMI,7,0.9749999999999999,0.9833333333333332,0.9866666666666667,0.00833333333333334,-0.0033333333333333617,LaBraM,2x
PhysionetMI,8,0.7742424242424242,0.7840909090909091,0.7817424242424242,0.00984848484848482,0.0023484848484848185,LaBraM,2x
PhysionetMI,9,0.9307692307692308,0.8846153846153847,0.9124615384615385,-0.04615384615384614,-0.027846153846153816,LaBraM,2x
PhysionetMI,10,0.7330769230769232,0.7446153846153847,0.7150000000000001,0.01153846153846146,0.029615384615384537,LaBraM,2x
PhysionetMI,11,0.7795454545454545,0.8166666666666668,0.7931060606060607,0.037121212121212124,0.023560606060606018,LaBraM,2x
PhysionetMI,12,0.8393939393939395,0.8515151515151516,0.8496969696969698,0.012121212121212121,0.00181818181818178,LaBraM,2x
PhysionetMI,13,0.7969696969696971,0.8477272727272729,0.7793181818181818,0.05075757575757578,0.06840909090909095,LaBraM,2x
PhysionetMI,14,0.6924242424242424,0.7651515151515151,0.6650757575757577,0.07272727272727272,0.10007575757575748,LaBraM,2x
PhysionetMI,15,1.0,0.99,0.9851538461538463,-0.01,0.00484615384615378,LaBraM,2x
PhysionetMI,16,0.6234848484848485,0.6787878787878788,0.6375757575757575,0.05530303030303026,0.0412121212121212,LaBraM,2x
PhysionetMI,17,0.8227272727272726,0.8681818181818182,0.8190909090909091,0.04545454545454542,0.04909090909090914,LaBraM,2x
PhysionetMI,18,1.0,1.0,0.9895454545454546,0.0,0.0104545454545454,LaBraM,2x
PhysionetMI,19,0.8575757575757574,0.8621212121212121,0.8180303030303031,0.004545454545454597,0.04409090909090902,LaBraM,2x
PhysionetMI,20,0.9272727272727274,0.9825757575757574,0.9365909090909093,0.0553030303030303,0.04598484848484839,LaBraM,2x
PhysionetMI,21,0.7848484848484849,0.8371212121212122,0.7555303030303031,0.05227272727272732,0.08159090909090903,LaBraM,2x
PhysionetMI,22,1.0,1.0,0.9932575757575757,0.0,0.006742424242424281,LaBraM,2x
PhysionetMI,23,0.7746153846153846,0.7776923076923077,0.7606153846153847,0.003076923076923019,0.017076923076923038,LaBraM,2x
PhysionetMI,24,0.6863636363636363,0.6954545454545454,0.6884090909090907,0.009090909090909061,0.0070454545454545605,LaBraM,2x
PhysionetMI,25,0.7090909090909091,0.6742424242424242,0.6728030303030303,-0.03484848484848484,0.0014393939393939233,LaBraM,2x
PhysionetMI,26,0.5653846153846154,0.6269230769230769,0.5906923076923076,0.0615384615384615,0.0362307692307692,LaBraM,2x
PhysionetMI,27,0.8787878787878787,0.9151515151515153,0.8709848484848484,0.03636363636363636,0.04416666666666666,LaBraM,2x
PhysionetMI,28,0.7363636363636364,0.7454545454545455,0.7476515151515152,0.009090909090909061,-0.0021969696969697202,LaBraM,2x
PhysionetMI,29,0.8462121212121213,0.865909090909091,0.8187878787878787,0.0196969696969697,0.04712121212121212,LaBraM,2x
PhysionetMI,30,0.8606060606060606,0.8856060606060605,0.8653030303030305,0.02499999999999992,0.02030303030303026,LaBraM,2x
PhysionetMI,31,0.8643939393939395,0.9053030303030303,0.865,0.04090909090909088,0.040303030303030264,LaBraM,2x
PhysionetMI,32,0.99,0.9800000000000001,0.9772307692307691,-0.01,0.0027692307692307994,LaBraM,2x
PhysionetMI,33,0.890909090909091,0.9401515151515152,0.8826515151515151,0.04924242424242422,0.057500000000000016,LaBraM,2x
PhysionetMI,34,0.7646153846153846,0.8569230769230769,0.7524615384615385,0.09230769230769229,0.10446153846153841,LaBraM,2x
PhysionetMI,35,0.8772727272727273,0.9287878787878789,0.8287878787878789,0.0515151515151515,0.09999999999999998,LaBraM,2x
PhysionetMI,36,0.9068181818181819,0.9143939393939394,0.8928030303030304,0.007575757575757599,0.021590909090909043,LaBraM,2x
PhysionetMI,37,0.7416666666666666,0.8666666666666666,0.7533333333333333,0.12499999999999996,0.11333333333333331,LaBraM,2x
PhysionetMI,38,0.5871212121212122,0.5696969696969697,0.5765151515151515,-0.017424242424242484,-0.0068181818181818786,LaBraM,2x
PhysionetMI,39,0.7393939393939395,0.7969696969696971,0.7477272727272728,0.05757575757575758,0.04924242424242418,LaBraM,2x
PhysionetMI,40,1.0,1.0,1.0,0.0,0.0,LaBraM,2x
PhysionetMI,41,0.9669230769230769,0.9461538461538461,0.9476153846153845,-0.02076923076923072,-0.0014615384615383994,LaBraM,2x
PhysionetMI,42,0.825,0.8893939393939394,0.8531818181818182,0.06439393939393934,0.03621212121212114,LaBraM,2x
PhysionetMI,43,0.8666666666666668,0.8878787878787879,0.8597727272727272,0.021212121212121158,0.02810606060606054,LaBraM,2x
PhysionetMI,44,0.906060606060606,0.8113636363636363,0.8896212121212121,-0.09469696969696965,-0.0782575757575758,LaBraM,2x
PhysionetMI,45,0.6621212121212121,0.6901515151515152,0.6745454545454546,0.028030303030303017,0.015606060606060596,LaBraM,2x
PhysionetMI,46,0.7590909090909091,0.7348484848484849,0.738939393939394,-0.02424242424242426,-0.0040909090909091,LaBraM,2x
PhysionetMI,47,0.7121212121212122,0.753030303030303,0.7140151515151516,0.04090909090909088,0.03901515151515146,LaBraM,2x
PhysionetMI,48,0.9583333333333334,1.0,0.932121212121212,0.041666666666666616,0.06787878787878789,LaBraM,2x
PhysionetMI,49,0.9128787878787878,0.8886363636363637,0.8797727272727272,-0.02424242424242422,0.00886363636363636,LaBraM,2x
PhysionetMI,50,0.6681818181818182,0.7378787878787879,0.6531060606060606,0.06969696969696966,0.08477272727272728,LaBraM,2x
PhysionetMI,51,0.8121212121212121,0.8643939393939395,0.8058333333333334,0.05227272727272725,0.05856060606060602,LaBraM,2x
PhysionetMI,52,0.9023076923076923,0.9423076923076923,0.8637692307692306,0.03999999999999996,0.07853846153846153,LaBraM,2x
PhysionetMI,53,0.9363636363636363,0.9636363636363636,0.9306818181818184,0.027272727272727282,0.03295454545454532,LaBraM,2x
PhysionetMI,54,0.9068181818181819,0.8886363636363637,0.9019696969696968,-0.01818181818181816,-0.013333333333333242,LaBraM,2x
PhysionetMI,55,0.925,0.8893939393939394,0.8731818181818183,-0.035606060606060544,0.01621212121212116,LaBraM,2x
PhysionetMI,56,0.8886363636363637,0.8962121212121212,0.8527272727272728,0.007575757575757599,0.04348484848484844,LaBraM,2x
PhysionetMI,57,1.0,0.9499999999999998,0.9816666666666667,-0.050000000000000024,-0.0316666666666666,LaBraM,2x
PhysionetMI,58,0.7984615384615384,0.8584615384615384,0.7666153846153847,0.05999999999999996,0.09184615384615377,LaBraM,2x
PhysionetMI,59,0.6651515151515152,0.7265151515151516,0.6743939393939393,0.06136363636363633,0.05212121212121216,LaBraM,2x
PhysionetMI,60,0.9338461538461539,0.9230769230769231,0.9213076923076923,-0.010769230769230781,0.0017692307692307597,LaBraM,2x
PhysionetMI,61,0.9727272727272727,0.9727272727272727,0.9665151515151515,0.0,0.00621212121212124,LaBraM,2x
PhysionetMI,62,0.9575757575757574,0.9484848484848485,0.9434090909090911,-0.00909090909090906,0.005075757575757437,LaBraM,2x
PhysionetMI,63,0.781060606060606,0.7553030303030303,0.7474999999999999,-0.025757575757575764,0.007803030303030281,LaBraM,2x
PhysionetMI,64,0.8068181818181819,0.775,0.8015151515151515,-0.03181818181818182,-0.026515151515151474,LaBraM,2x
PhysionetMI,65,0.9734848484848484,0.9181818181818182,0.9431060606060606,-0.05530303030303026,-0.024924242424242384,LaBraM,2x
PhysionetMI,66,0.7219696969696969,0.7378787878787879,0.7441666666666666,0.01590909090909094,-0.00628787878787872,LaBraM,2x
PhysionetMI,67,0.7325757575757577,0.7659090909090909,0.7320454545454547,0.03333333333333332,0.033863636363636304,LaBraM,2x
PhysionetMI,68,0.8553030303030305,0.8378787878787879,0.8428030303030305,-0.01742424242424242,-0.004924242424242461,LaBraM,2x
PhysionetMI,69,0.8953846153846154,0.8338461538461539,0.861,-0.06153846153846152,-0.02715384615384616,LaBraM,2x
PhysionetMI,70,0.9825757575757577,0.9833333333333332,0.9836363636363636,0.0007575757575757402,-0.00030303030303036017,LaBraM,2x
PhysionetMI,71,0.9136363636363637,0.9378787878787879,0.8796212121212121,0.02424242424242426,0.05825757575757575,LaBraM,2x
PhysionetMI,72,0.9833333333333332,0.990909090909091,0.9807575757575758,0.00757575757575762,0.0101515151515151,LaBraM,2x
PhysionetMI,73,0.8128787878787879,0.8386363636363636,0.8139393939393941,0.02575757575757574,0.024696969696969683,LaBraM,2x
PhysionetMI,74,0.7962121212121211,0.8363636363636363,0.7706060606060606,0.04015151515151518,0.06575757575757576,LaBraM,2x
PhysionetMI,75,0.8,0.7553030303030303,0.7881060606060606,-0.044696969696969686,-0.0328030303030303,LaBraM,2x
PhysionetMI,76,0.6727272727272727,0.6265151515151516,0.6607575757575758,-0.046212121212121204,-0.0342424242424242,LaBraM,2x
PhysionetMI,77,0.7424242424242424,0.7121212121212122,0.6918181818181818,-0.030303030303030342,0.02030303030303028,LaBraM,2x
PhysionetMI,78,0.6742424242424242,0.6371212121212121,0.628030303030303,-0.037121212121212076,0.009090909090909118,LaBraM,2x
PhysionetMI,79,0.8015151515151515,0.7681818181818182,0.798409090909091,-0.03333333333333334,-0.030227272727272665,LaBraM,2x
PhysionetMI,80,0.78,0.8607692307692307,0.7476153846153846,0.08076923076923075,0.11315384615384613,LaBraM,2x
PhysionetMI,81,0.8818181818181818,0.9575757575757576,0.8774999999999998,0.07575757575757572,0.08007575757575765,LaBraM,2x
PhysionetMI,82,0.8431818181818181,0.8424242424242424,0.821060606060606,-0.0007575757575757596,0.021363636363636317,LaBraM,2x
PhysionetMI,83,0.6430769230769231,0.6169230769230769,0.6446153846153846,-0.02615384615384616,-0.027692307692307728,LaBraM,2x
PhysionetMI,84,0.9568181818181818,0.9303030303030304,0.9039393939393939,-0.02651515151515148,0.0263636363636364,LaBraM,2x
PhysionetMI,85,0.9045454545454545,0.931060606060606,0.9211363636363636,0.02651515151515152,0.009924242424242422,LaBraM,2x
PhysionetMI,86,0.9569230769230769,0.9523076923076923,0.9480000000000001,-0.004615384615384662,0.004307692307692302,LaBraM,2x
PhysionetMI,87,0.6787878787878787,0.6704545454545455,0.7059848484848484,-0.008333333333333281,-0.035530303030303,LaBraM,2x
PhysionetMI,90,0.9325757575757576,0.9136363636363637,0.8813636363636362,-0.01893939393939392,0.03227272727272728,LaBraM,2x
PhysionetMI,91,0.8689393939393939,0.8356060606060606,0.8313636363636364,-0.033333333333333305,0.004242424242424259,LaBraM,2x
PhysionetMI,93,0.775,0.8022727272727274,0.7762121212121211,0.027272727272727237,0.026060606060606062,LaBraM,2x
PhysionetMI,94,0.7984848484848485,0.8083333333333332,0.8037878787878787,0.0098484848484848,0.004545454545454501,LaBraM,2x
PhysionetMI,95,0.6930769230769231,0.6853846153846155,0.6666153846153846,-0.0076923076923077,0.018769230769230823,LaBraM,2x
PhysionetMI,96,0.9333333333333333,0.925,0.909090909090909,-0.008333333333333342,0.01590909090909088,LaBraM,2x
PhysionetMI,97,0.8484848484848484,0.8712121212121213,0.8386363636363636,0.02272727272727272,0.03257575757575752,LaBraM,2x
PhysionetMI,98,0.5257575757575756,0.5189393939393939,0.49424242424242426,-0.006818181818181801,0.024696969696969658,LaBraM,2x
PhysionetMI,99,0.7454545454545455,0.7212121212121212,0.7184090909090909,-0.02424242424242426,0.002803030303030261,LaBraM,2x
PhysionetMI,101,0.9538461538461538,0.9923076923076923,0.9576923076923076,0.03846153846153844,0.034615384615384624,LaBraM,2x
PhysionetMI,102,0.8045454545454545,0.85,0.7847727272727273,0.045454545454545456,0.06522727272727272,LaBraM,2x
PhysionetMI,103,0.890909090909091,0.8424242424242424,0.8809848484848486,-0.048484848484848485,-0.03856060606060604,LaBraM,2x
PhysionetMI,105,0.9666666666666666,0.9825757575757574,0.9608333333333332,0.0159090909090909,0.021742424242424258,LaBraM,2x
PhysionetMI,107,0.5553030303030303,0.5992424242424242,0.5699242424242424,0.043939393939393855,0.02931818181818182,LaBraM,2x
PhysionetMI,108,0.8121212121212121,0.7962121212121211,0.7978030303030303,-0.01590909090909092,-0.0015909090909091012,LaBraM,2x
PhysionetMI,109,0.5363636363636364,0.5022727272727272,0.5648484848484848,-0.0340909090909091,-0.06257575757575753,LaBraM,2x
Cho2017,1,0.552,0.6519999999999999,0.5751999999999999,0.09999999999999992,0.07679999999999994,LaBraM,4x
Cho2017,2,0.518,0.56,0.5429999999999999,0.04200000000000002,0.01700000000000008,LaBraM,4x
Cho2017,3,0.6060000000000001,0.766,0.6115999999999999,0.15999999999999998,0.15440000000000004,LaBraM,4x
Cho2017,4,0.742,0.798,0.7186,0.05599999999999998,0.07940000000000004,LaBraM,4x
Cho2017,5,0.8640000000000001,0.99,0.9126,0.12599999999999995,0.07739999999999991,LaBraM,4x
Cho2017,6,0.766,0.808,0.779,0.04200000000000006,0.029000000000000043,LaBraM,4x
Cho2017,7,0.5333333333333333,0.5416666666666667,0.548,0.00833333333333336,-0.006333333333333318,LaBraM,4x
Cho2017,8,0.586,0.624,0.5838,0.038,0.040199999999999944,LaBraM,4x
Cho2017,9,0.555,0.5633333333333332,0.5549999999999999,0.008333333333333297,0.008333333333333321,LaBraM,4x
Cho2017,10,0.5900000000000001,0.6260000000000001,0.5676,0.036,0.058399999999999994,LaBraM,4x
Cho2017,11,0.558,0.636,0.5732,0.078,0.06279999999999997,LaBraM,4x
Cho2017,12,0.522,0.604,0.5336000000000001,0.08199999999999992,0.0703999999999999,LaBraM,4x
Cho2017,13,0.682,0.994,0.7442,0.31199999999999994,0.24979999999999988,LaBraM,4x
Cho2017,14,0.634,0.796,0.654,0.16199999999999998,0.14200000000000004,LaBraM,4x
Cho2017,15,0.542,0.506,0.521,-0.036,-0.01499999999999998,LaBraM,4x
Cho2017,16,0.522,0.5760000000000001,0.5458000000000001,0.054000000000000006,0.030199999999999998,LaBraM,4x
Cho2017,17,0.5660000000000001,0.664,0.6224000000000001,0.09799999999999999,0.0416,LaBraM,4x
Cho2017,18,0.532,0.5720000000000001,0.5378000000000001,0.03999999999999996,0.03419999999999998,LaBraM,4x
Cho2017,19,0.54,0.5780000000000001,0.529,0.03799999999999998,0.048999999999999974,LaBraM,4x
Cho2017,20,0.526,0.618,0.5474,0.09199999999999994,0.07059999999999991,LaBraM,4x
Cho2017,21,0.526,0.546,0.5124000000000001,0.02000000000000002,0.03359999999999996,LaBraM,4x
Cho2017,22,0.52,0.608,0.5454000000000001,0.08799999999999994,0.06259999999999995,LaBraM,4x
Cho2017,23,0.588,0.6060000000000001,0.5892000000000001,0.01800000000000004,0.01680000000000002,LaBraM,4x
Cho2017,24,0.584,0.592,0.5801999999999999,0.008000000000000021,0.0118,LaBraM,4x
Cho2017,25,0.5640000000000001,0.616,0.5758,0.05199999999999988,0.040199999999999916,LaBraM,4x
Cho2017,26,0.982,0.9879999999999999,0.976,0.006,0.012,LaBraM,4x
Cho2017,27,0.504,0.568,0.5502,0.06399999999999997,0.01780000000000006,LaBraM,4x
Cho2017,28,0.876,0.974,0.893,0.09799999999999995,0.08099999999999993,LaBraM,4x
Cho2017,29,0.58,0.636,0.5816,0.05599999999999998,0.054400000000000004,LaBraM,4x
Cho2017,30,0.674,0.806,0.6992,0.13199999999999995,0.10679999999999998,LaBraM,4x
Cho2017,31,0.538,0.6020000000000001,0.5646,0.064,0.037400000000000044,LaBraM,4x
Cho2017,32,0.55,0.5860000000000001,0.5562,0.035999999999999976,0.02979999999999996,LaBraM,4x
Cho2017,33,0.554,0.5880000000000001,0.5850000000000001,0.033999999999999996,0.003,LaBraM,4x
Cho2017,34,0.49800000000000005,0.524,0.5109999999999999,0.02599999999999996,0.013000000000000022,LaBraM,4x
Cho2017,35,0.47000000000000003,0.76,0.469,0.2899999999999999,0.291,LaBraM,4x
Cho2017,36,0.568,0.562,0.5734,-0.006,-0.011400000000000002,LaBraM,4x
Cho2017,37,0.8380000000000001,0.8719999999999999,0.8606,0.03399999999999996,0.011399999999999983,LaBraM,4x
Cho2017,38,0.516,0.5640000000000001,0.5236000000000001,0.048,0.04039999999999998,LaBraM,4x
Cho2017,39,0.556,0.622,0.5714,0.06599999999999993,0.0505999999999999,LaBraM,4x
Cho2017,40,0.512,0.526,0.5282,0.01399999999999998,-0.0021999999999999797,LaBraM,4x
Cho2017,41,0.592,0.6859999999999999,0.5968,0.09399999999999994,0.08919999999999992,LaBraM,4x
Cho2017,42,0.546,0.5820000000000001,0.5491999999999999,0.035999999999999935,0.032800000000000024,LaBraM,4x
Cho2017,43,0.978,0.9960000000000001,0.984,0.018,0.01199999999999994,LaBraM,4x
Cho2017,44,0.93,0.9380000000000001,0.9236000000000001,0.008,0.01439999999999996,LaBraM,4x
Cho2017,45,0.552,0.556,0.5412,0.003999999999999978,0.014800000000000018,LaBraM,4x
Cho2017,46,0.5883333333333334,0.6233333333333333,0.5951666666666666,0.03499999999999996,0.028166666666666663,LaBraM,4x
Cho2017,47,0.834,0.8539999999999999,0.8443999999999999,0.019999999999999976,0.00959999999999996,LaBraM,4x
Cho2017,48,0.526,0.644,0.5626,0.11799999999999997,0.08139999999999996,LaBraM,4x
Cho2017,49,0.998,0.998,0.9964000000000001,0.0,0.0015999999999999597,LaBraM,4x
Cho2017,50,0.9559999999999998,1.0,0.9726000000000001,0.044,0.027399999999999942,LaBraM,4x
Cho2017,51,0.512,0.558,0.5408000000000001,0.04599999999999998,0.017199999999999983,LaBraM,4x
Cho2017,52,0.55,0.624,0.5726,0.07399999999999994,0.05139999999999996,LaBraM,4x
Dreyer2023,1,0.915,0.9199999999999999,0.9133333333333334,0.004999999999999981,0.0066666666666666,LaBraM,4x
Dreyer2023,2,0.7916666666666667,0.8300000000000001,0.789,0.038333333333333316,0.04099999999999994,LaBraM,4x
Dreyer2023,3,0.8683333333333334,0.8833333333333334,0.8674999999999999,0.015,0.01583333333333336,LaBraM,4x
Dreyer2023,5,0.9366666666666668,0.9533333333333334,0.9253333333333333,0.01666666666666668,0.02799999999999996,LaBraM,4x
Dreyer2023,6,0.875,0.8883333333333333,0.876,0.013333333333333341,0.01233333333333342,LaBraM,4x
Dreyer2023,7,0.95,0.9866666666666667,0.9606666666666668,0.03666666666666668,0.026000000000000023,LaBraM,4x
Dreyer2023,8,0.8949999999999999,0.9433333333333334,0.8888333333333334,0.04833333333333328,0.0544999999999999,LaBraM,4x
Dreyer2023,10,0.9333333333333332,0.945,0.9184999999999999,0.011666666666666641,0.026499999999999958,LaBraM,4x
Dreyer2023,11,0.7016666666666667,0.8583333333333334,0.6841666666666667,0.15666666666666662,0.17416666666666664,LaBraM,4x
Dreyer2023,12,0.915,0.9216666666666665,0.917,0.006666666666666638,0.004666666666666661,LaBraM,4x
Dreyer2023,13,0.7583333333333334,0.79,0.758,0.03166666666666662,0.03199999999999996,LaBraM,4x
Dreyer2023,14,0.8483333333333333,0.8866666666666667,0.8553333333333333,0.038333333333333296,0.03133333333333328,LaBraM,4x
Dreyer2023,15,0.925,0.9499999999999998,0.9328333333333333,0.02499999999999992,0.01716666666666662,LaBraM,4x
Dreyer2023,16,0.8616666666666667,0.8666666666666666,0.842,0.00499999999999996,0.0246666666666666,LaBraM,4x
Dreyer2023,18,0.9516666666666665,0.9550000000000001,0.9501666666666667,0.0033333333333333604,0.004833333333333281,LaBraM,4x
Dreyer2023,19,0.925,0.9816666666666667,0.9205,0.05666666666666666,0.06116666666666659,LaBraM,4x
Dreyer2023,20,0.9583333333333334,0.9666666666666666,0.9528333333333332,0.0083333333333333,0.013833333333333319,LaBraM,4x
Dreyer2023,21,0.9349999999999999,0.95,0.9306666666666666,0.01499999999999998,0.019333333333333237,LaBraM,4x
Dreyer2023,22,0.9333333333333333,0.9350000000000002,0.9238333333333333,0.0016666666666666399,0.011166666666666719,LaBraM,4x
Dreyer2023,23,0.8233333333333333,0.8533333333333333,0.7991666666666666,0.02999999999999998,0.05416666666666662,LaBraM,4x
Dreyer2023,24,0.9483333333333333,0.9733333333333334,0.9305,0.025000000000000022,0.042833333333333376,LaBraM,4x
Dreyer2023,25,0.7183333333333334,0.7733333333333333,0.7195,0.05499999999999994,0.05383333333333332,LaBraM,4x
Dreyer2023,26,0.835,0.9183333333333333,0.8351666666666666,0.08333333333333329,0.08316666666666668,LaBraM,4x
Dreyer2023,27,0.8383333333333333,0.8783333333333333,0.8385,0.03999999999999996,0.039833333333333276,LaBraM,4x
Dreyer2023,28,0.9033333333333331,0.915,0.9006666666666666,0.0116666666666667,0.01433333333333334,LaBraM,4x
Dreyer2023,30,0.7916666666666666,0.82,0.7943333333333333,0.02833333333333334,0.025666666666666636,LaBraM,4x
Dreyer2023,31,0.8866666666666667,0.9533333333333334,0.8780000000000001,0.06666666666666661,0.07533333333333327,LaBraM,4x
Dreyer2023,32,0.8866666666666667,0.9199999999999999,0.8811666666666668,0.0333333333333333,0.03883333333333318,LaBraM,4x
Dreyer2023,33,0.825,0.8400000000000001,0.8025,0.015000000000000019,0.0375,LaBraM,4x
Dreyer2023,34,0.8400000000000001,0.8550000000000001,0.8324999999999999,0.014999999999999958,0.022499999999999958,LaBraM,4x
Dreyer2023,35,0.7916666666666666,0.825,0.792,0.03333333333333336,0.033,LaBraM,4x
Dreyer2023,36,0.8916666666666668,0.9016666666666667,0.8633333333333333,0.01,0.038333333333333344,LaBraM,4x
Dreyer2023,37,0.6799999999999999,0.765,0.6815,0.08499999999999996,0.08349999999999999,LaBraM,4x
Dreyer2023,38,0.905,0.945,0.8906666666666666,0.03999999999999992,0.054333333333333345,LaBraM,4x
Dreyer2023,39,0.9583333333333334,0.9783333333333333,0.9581666666666667,0.02,0.02016666666666668,LaBraM,4x
Dreyer2023,40,0.8689655172413794,0.8948275862068966,0.861551724137931,0.02586206896551722,0.0332758620689655,LaBraM,4x
Dreyer2023,42,0.7383333333333333,0.8316666666666667,0.7303333333333333,0.09333333333333331,0.10133333333333334,LaBraM,4x
Dreyer2023,43,0.9466666666666667,0.945,0.943,-0.00166666666666666,0.00200000000000002,LaBraM,4x
Dreyer2023,44,0.765,0.7983333333333333,0.7773333333333333,0.03333333333333326,0.02099999999999996,LaBraM,4x
Dreyer2023,45,0.8333333333333333,0.8566666666666667,0.8146666666666667,0.02333333333333338,0.041999999999999996,LaBraM,4x
Dreyer2023,46,0.725,0.7916666666666667,0.7483333333333333,0.06666666666666664,0.043333333333333425,LaBraM,4x
Dreyer2023,47,0.9383333333333332,0.9566666666666667,0.9186666666666665,0.018333333333333278,0.037999999999999944,LaBraM,4x
Dreyer2023,48,0.6866666666666668,0.7016666666666667,0.6853333333333332,0.01499999999999998,0.01633333333333336,LaBraM,4x
Dreyer2023,49,0.8616666666666667,0.8733333333333333,0.8406666666666667,0.011666666666666659,0.03266666666666658,LaBraM,4x
Dreyer2023,50,0.6983333333333334,0.71,0.6823333333333333,0.011666666666666659,0.027666666666666662,LaBraM,4x
Dreyer2023,51,0.7966666666666666,0.835,0.798,0.038333333333333316,0.0369999999999999,LaBraM,4x
Dreyer2023,52,0.7916666666666667,0.82,0.7723333333333333,0.0283333333333333,0.04766666666666662,LaBraM,4x
Dreyer2023,53,0.8183333333333334,0.8366666666666667,0.8065,0.018333333333333278,0.03016666666666662,LaBraM,4x
Dreyer2023,54,0.8066666666666666,0.85,0.7815000000000001,0.04333333333333328,0.06849999999999992,LaBraM,4x
Dreyer2023,55,0.9433333333333334,0.9649999999999999,0.952,0.02166666666666662,0.01300000000000004,LaBraM,4x
Dreyer2023,56,0.9649999999999999,0.975,0.9486666666666667,0.01000000000000004,0.02633333333333334,LaBraM,4x
Dreyer2023,57,0.7016666666666667,0.7333333333333334,0.7136666666666667,0.03166666666666666,0.01966666666666666,LaBraM,4x
Dreyer2023,58,0.9683333333333334,0.97,0.9526666666666668,0.0016666666666666607,0.01733333333333328,LaBraM,4x
Dreyer2023,59,0.8799999999999999,0.875,0.841,-0.00499999999999996,0.03399999999999996,LaBraM,4x
Dreyer2023,60,0.86,0.9083333333333332,0.8699999999999999,0.0483333333333333,0.03833333333333326,LaBraM,4x
Dreyer2023,61,0.905,0.925,0.8944999999999999,0.01999999999999998,0.030500000000000037,LaBraM,4x
Dreyer2023,62,0.825,0.8266666666666665,0.7951666666666667,0.0016666666666665998,0.031499999999999896,LaBraM,4x
Dreyer2023,63,0.7916666666666666,0.835,0.7855000000000001,0.04333333333333328,0.04949999999999988,LaBraM,4x
Dreyer2023,64,0.7683333333333333,0.8766666666666667,0.7833333333333334,0.10833333333333328,0.09333333333333328,LaBraM,4x
Dreyer2023,65,0.8816666666666666,0.9083333333333334,0.8393333333333333,0.026666666666666637,0.06899999999999998,LaBraM,4x
Dreyer2023,66,0.7866666666666666,0.8433333333333334,0.7695000000000001,0.05666666666666668,0.07383333333333332,LaBraM,4x
Dreyer2023,67,0.915,0.9316666666666666,0.9023333333333333,0.016666666666666618,0.02933333333333326,LaBraM,4x
Dreyer2023,68,0.795,0.8033333333333333,0.7741666666666667,0.0083333333333333,0.029166666666666556,LaBraM,4x
Dreyer2023,69,0.8733333333333334,0.885,0.8558333333333333,0.011666666666666641,0.029166666666666664,LaBraM,4x
Dreyer2023,70,0.7550000000000001,0.8433333333333334,0.7453333333333333,0.08833333333333329,0.09800000000000002,LaBraM,4x
Dreyer2023,71,0.8166666666666667,0.8916666666666666,0.8221666666666667,0.07499999999999994,0.06949999999999992,LaBraM,4x
Dreyer2023,72,0.8366666666666667,0.9183333333333333,0.844,0.08166666666666657,0.07433333333333324,LaBraM,4x
Dreyer2023,73,0.7183333333333334,0.8716666666666667,0.7195,0.15333333333333335,0.15216666666666664,LaBraM,4x
Dreyer2023,74,0.75,0.75,0.7276666666666667,-1.97758476261356e-17,0.02233333333333326,LaBraM,4x
Dreyer2023,75,0.835,0.8566666666666667,0.8265,0.021666666666666678,0.03016666666666662,LaBraM,4x
Dreyer2023,76,0.8966666666666667,0.9183333333333333,0.8886666666666667,0.021666666666666636,0.0296666666666666,LaBraM,4x
Dreyer2023,77,0.8550000000000001,0.8733333333333333,0.8528333333333334,0.01833333333333332,0.020499999999999956,LaBraM,4x
Dreyer2023,80,0.7133333333333333,0.765,0.7058333333333333,0.05166666666666668,0.059166666666666604,LaBraM,4x
Dreyer2023,81,0.8533333333333333,0.8799999999999999,0.8323333333333334,0.026666666666666637,0.0476666666666666,LaBraM,4x
Dreyer2023,82,0.9333333333333332,0.9649999999999999,0.9175000000000001,0.031666666666666635,0.04749999999999986,LaBraM,4x
Dreyer2023,83,0.71,0.76,0.7038333333333333,0.04999999999999996,0.056166666666666656,LaBraM,4x
Dreyer2023,84,0.8483333333333334,0.8816666666666666,0.8465,0.0333333333333333,0.0351666666666666,LaBraM,4x
Dreyer2023,85,0.7566666666666666,0.7983333333333333,0.7573333333333333,0.041666666666666644,0.04099999999999996,LaBraM,4x
Dreyer2023,86,0.8550000000000001,0.8516666666666668,0.8504999999999999,-0.0033333333333332806,0.0011666666666667596,LaBraM,4x
Dreyer2023,87,0.805,0.8033333333333333,0.7981666666666667,-0.001666666666666701,0.005166666666666661,LaBraM,4x
PhysionetMI,1,0.915909090909091,0.9325757575757576,0.9065909090909091,0.01666666666666664,0.025984848484848423,LaBraM,4x
PhysionetMI,2,0.9146153846153847,0.9123076923076923,0.8920769230769231,-0.0023076923076923205,0.02023076923076918,LaBraM,4x
PhysionetMI,3,0.9378787878787879,0.9378787878787879,0.8959848484848484,0.0,0.041893939393939414,LaBraM,4x
PhysionetMI,4,0.7909090909090909,0.9106060606060605,0.7581818181818182,0.11969696969696968,0.1524242424242424,LaBraM,4x
PhysionetMI,5,0.49393939393939396,0.593939393939394,0.5429545454545455,0.09999999999999995,0.050984848484848425,LaBraM,4x
PhysionetMI,6,0.906060606060606,0.8818181818181818,0.9013636363636364,-0.02424242424242422,-0.01954545454545448,LaBraM,4x
PhysionetMI,7,0.9749999999999999,1.0,0.9847727272727272,0.025000000000000022,0.015227272727272662,LaBraM,4x
PhysionetMI,8,0.7643939393939394,0.7840909090909091,0.7590151515151515,0.019696969696969695,0.02507575757575752,LaBraM,4x
PhysionetMI,9,0.8753846153846154,0.8607692307692307,0.8724615384615385,-0.014615384615384603,-0.01169230769230772,LaBraM,4x
PhysionetMI,10,0.7061538461538461,0.7023076923076923,0.6987692307692307,-0.0038461538461538798,0.003538461538461538,LaBraM,4x
PhysionetMI,11,0.8606060606060606,0.8507575757575758,0.8264393939393939,-0.00984848484848486,0.024318181818181822,LaBraM,4x
PhysionetMI,12,0.8643939393939395,0.8803030303030303,0.8478787878787879,0.01590909090909092,0.0324242424242424,LaBraM,4x
PhysionetMI,13,0.759090909090909,0.8204545454545455,0.7536363636363637,0.061363636363636384,0.06681818181818182,LaBraM,4x
PhysionetMI,14,0.656060606060606,0.6628787878787878,0.6475000000000001,0.006818181818181801,0.01537878787878778,LaBraM,4x
PhysionetMI,15,0.9923076923076923,1.0,0.9810769230769232,0.007692307692307681,0.0189230769230768,LaBraM,4x
PhysionetMI,16,0.7128787878787879,0.6590909090909091,0.6875,-0.05378787878787872,-0.028409090909090894,LaBraM,4x
PhysionetMI,17,0.7681818181818182,0.8856060606060605,0.7868181818181819,0.1174242424242424,0.09878787878787874,LaBraM,4x
PhysionetMI,18,1.0,1.0,0.9924242424242425,0.0,0.007575757575757519,LaBraM,4x
PhysionetMI,19,0.8477272727272727,0.859848484848485,0.8086363636363636,0.01212121212121214,0.051212121212121174,LaBraM,4x
PhysionetMI,20,0.9272727272727274,0.9818181818181818,0.9155303030303031,0.05454545454545452,0.06628787878787874,LaBraM,4x
PhysionetMI,21,0.7689393939393939,0.7553030303030304,0.7563636363636363,-0.01363636363636358,-0.0010606060606059397,LaBraM,4x
PhysionetMI,22,1.0,1.0,0.9940909090909091,0.0,0.005909090909090939,LaBraM,4x
PhysionetMI,23,0.7523076923076923,0.7707692307692308,0.7441538461538462,0.01846153846153848,0.026615384615384662,LaBraM,4x
PhysionetMI,24,0.6795454545454546,0.6083333333333334,0.6888636363636363,-0.07121212121212121,-0.08053030303030298,LaBraM,4x
PhysionetMI,25,0.7015151515151515,0.6787878787878788,0.666969696969697,-0.02272727272727276,0.011818181818181818,LaBraM,4x
PhysionetMI,26,0.6246153846153846,0.6230769230769231,0.5935384615384616,-0.0015384615384614803,0.02953846153846152,LaBraM,4x
PhysionetMI,27,0.8757575757575757,0.8780303030303032,0.8414393939393939,0.0022727272727272804,0.03659090909090904,LaBraM,4x
PhysionetMI,28,0.7454545454545455,0.7522727272727272,0.7448484848484849,0.006818181818181779,0.00742424242424246,LaBraM,4x
PhysionetMI,29,0.7727272727272727,0.8962121212121212,0.8022727272727274,0.12348484848484849,0.09393939393939396,LaBraM,4x
PhysionetMI,30,0.8303030303030303,0.9121212121212121,0.8062121212121213,0.08181818181818173,0.1059090909090908,LaBraM,4x
PhysionetMI,31,0.9234848484848485,0.9401515151515151,0.9122727272727273,0.016666666666666618,0.02787878787878782,LaBraM,4x
PhysionetMI,32,0.99,0.99,0.9814615384615385,0.0,0.008538461538461519,LaBraM,4x
PhysionetMI,33,0.9242424242424242,0.906060606060606,0.9121969696969696,-0.0181818181818182,-0.0061363636363636394,LaBraM,4x
PhysionetMI,34,0.8023076923076923,0.9292307692307693,0.7895384615384615,0.12692307692307697,0.13969230769230775,LaBraM,4x
PhysionetMI,35,0.815909090909091,0.931060606060606,0.7758333333333333,0.11515151515151505,0.15522727272727266,LaBraM,4x
PhysionetMI,36,0.9386363636363637,0.9393939393939392,0.9170454545454547,0.0007575757575756792,0.022348484848484722,LaBraM,4x
PhysionetMI,37,0.7666666666666666,0.8734848484848486,0.7533333333333333,0.10681818181818185,0.12015151515151512,LaBraM,4x
PhysionetMI,38,0.5704545454545455,0.6151515151515151,0.564469696969697,0.04469696969696968,0.05068181818181818,LaBraM,4x
PhysionetMI,39,0.7204545454545455,0.7431818181818182,0.7496212121212121,0.022727272727272717,-0.006439393939393997,LaBraM,4x
PhysionetMI,40,0.9833333333333334,1.0,0.9933333333333334,0.016666666666666642,0.00666666666666664,LaBraM,4x
PhysionetMI,41,0.9207692307692309,0.9138461538461538,0.9147692307692308,-0.00692307692307694,-0.0009230769230769209,LaBraM,4x
PhysionetMI,42,0.875,0.9416666666666667,0.8615909090909091,0.06666666666666658,0.08007575757575759,LaBraM,4x
PhysionetMI,43,0.8984848484848484,0.8954545454545455,0.8741666666666668,-0.0030303030303030195,0.021287878787878863,LaBraM,4x
PhysionetMI,44,0.9136363636363637,0.8674242424242424,0.8957575757575758,-0.046212121212121135,-0.02833333333333326,LaBraM,4x
PhysionetMI,45,0.75,0.7310606060606061,0.745378787878788,-0.018939393939393923,-0.014318181818181897,LaBraM,4x
PhysionetMI,46,0.75,0.7348484848484849,0.7565151515151515,-0.01515151515151518,-0.02166666666666666,LaBraM,4x
PhysionetMI,47,0.7734848484848484,0.746969696969697,0.7191666666666666,-0.02651515151515148,0.02780303030303032,LaBraM,4x
PhysionetMI,48,0.9416666666666667,1.0,0.9175000000000001,0.058333333333333307,0.08249999999999993,LaBraM,4x
PhysionetMI,49,0.8984848484848484,0.8977272727272727,0.8778787878787879,-0.0007575757575757402,0.01984848484848482,LaBraM,4x
PhysionetMI,50,0.6507575757575758,0.7833333333333334,0.6343939393939394,0.13257575757575757,0.14893939393939393,LaBraM,4x
PhysionetMI,51,0.8469696969696969,0.8545454545454545,0.8125757575757575,0.0075757575757575595,0.0419696969696969,LaBraM,4x
PhysionetMI,52,0.89,0.95,0.8756923076923078,0.05999999999999994,0.0743076923076922,LaBraM,4x
PhysionetMI,53,0.9727272727272727,0.9742424242424242,0.9465151515151515,0.0015151515151514596,0.02772727272727264,LaBraM,4x
PhysionetMI,54,0.9401515151515152,0.8825757575757576,0.9211363636363636,-0.057575757575757544,-0.03856060606060604,LaBraM,4x
PhysionetMI,55,0.8734848484848484,0.8984848484848484,0.8690909090909091,0.024999999999999977,0.02939393939393934,LaBraM,4x
PhysionetMI,56,0.8719696969696971,0.9128787878787878,0.8381818181818183,0.0409090909090909,0.07469696969696968,LaBraM,4x
PhysionetMI,57,0.9916666666666666,0.9749999999999999,0.9755303030303029,-0.01666666666666668,-0.0005303030303030421,LaBraM,4x
PhysionetMI,58,0.8361538461538462,0.8384615384615385,0.787,0.002307692307692344,0.05146153846153846,LaBraM,4x
PhysionetMI,59,0.6371212121212121,0.7575757575757576,0.6611363636363636,0.12045454545454548,0.09643939393939394,LaBraM,4x
PhysionetMI,60,0.9153846153846155,0.9230769230769231,0.901923076923077,0.0076923076923077,0.0211538461538461,LaBraM,4x
PhysionetMI,61,0.9636363636363636,0.9727272727272727,0.9402272727272727,0.00909090909090908,0.03249999999999996,LaBraM,4x
PhysionetMI,62,0.9749999999999999,0.9651515151515151,0.9581818181818182,-0.00984848484848482,0.00696969696969692,LaBraM,4x
PhysionetMI,63,0.7734848484848484,0.7833333333333333,0.7287878787878788,0.00984848484848482,0.05454545454545452,LaBraM,4x
PhysionetMI,64,0.7310606060606061,0.7318181818181818,0.7590151515151515,0.0007575757575757596,-0.027196969696969657,LaBraM,4x
PhysionetMI,65,0.9643939393939395,0.9363636363636363,0.9422727272727274,-0.02803030303030298,-0.00590909090909096,LaBraM,4x
PhysionetMI,66,0.7113636363636363,0.718939393939394,0.7275757575757575,0.007575757575757599,-0.008636363636363581,LaBraM,4x
PhysionetMI,67,0.7583333333333333,0.7098484848484848,0.7358333333333333,-0.04848484848484842,-0.02598484848484846,LaBraM,4x
PhysionetMI,68,0.8469696969696969,0.840909090909091,0.8402272727272727,-0.006060606060606101,0.0006818181818181801,LaBraM,4x
PhysionetMI,69,0.8707692307692309,0.7961538461538462,0.8266923076923078,-0.07461538461538461,-0.030538461538461542,LaBraM,4x
PhysionetMI,70,0.9749999999999999,0.9833333333333332,0.9684090909090909,0.00833333333333334,0.014924242424242382,LaBraM,4x
PhysionetMI,71,0.8780303030303032,0.9121212121212123,0.8645454545454546,0.034090909090909095,0.04757575757575752,LaBraM,4x
PhysionetMI,72,0.9825757575757574,0.9553030303030303,0.9606818181818182,-0.027272727272727237,-0.005378787878787879,LaBraM,4x
PhysionetMI,73,0.8575757575757577,0.8348484848484847,0.820530303030303,-0.0227272727272727,0.014318181818181822,LaBraM,4x
PhysionetMI,74,0.8128787878787879,0.8378787878787879,0.7986363636363637,0.025,0.03924242424242414,LaBraM,4x
PhysionetMI,75,0.775,0.781060606060606,0.7771212121212121,0.0060606060606060415,0.003939393939393941,LaBraM,4x
PhysionetMI,76,0.6636363636363637,0.6878787878787879,0.6649242424242424,0.02424242424242426,0.022954545454545477,LaBraM,4x
PhysionetMI,77,0.6931818181818181,0.6886363636363637,0.6736363636363636,-0.004545454545454521,0.015000000000000019,LaBraM,4x
PhysionetMI,78,0.5825757575757575,0.5916666666666667,0.5959090909090909,0.009090909090909077,-0.004242424242424221,LaBraM,4x
PhysionetMI,79,0.8325757575757576,0.8348484848484847,0.8008333333333333,0.0022727272727272796,0.03401515151515152,LaBraM,4x
PhysionetMI,80,0.8253846153846155,0.8330769230769232,0.7943076923076923,0.007692307692307661,0.038769230769230716,LaBraM,4x
PhysionetMI,81,0.9015151515151516,0.8977272727272727,0.858030303030303,-0.0037878787878787594,0.0396969696969696,LaBraM,4x
PhysionetMI,82,0.8530303030303031,0.806060606060606,0.8202272727272728,-0.04696969696969696,-0.014166666666666657,LaBraM,4x
PhysionetMI,83,0.6453846153846154,0.6561538461538461,0.6161538461538462,0.010769230769230701,0.039999999999999904,LaBraM,4x
PhysionetMI,84,0.9325757575757576,0.9287878787878787,0.915909090909091,-0.003787878787878801,0.01287878787878784,LaBraM,4x
PhysionetMI,85,0.9128787878787878,0.9037878787878789,0.9009848484848485,-0.00909090909090908,0.00280303030303032,LaBraM,4x
PhysionetMI,86,0.9669230769230769,0.9523076923076923,0.9441538461538462,-0.014615384615384619,0.008153846153846182,LaBraM,4x
PhysionetMI,87,0.7113636363636363,0.696969696969697,0.7152272727272727,-0.014393939393939417,-0.018257575757575778,LaBraM,4x
PhysionetMI,90,0.8901515151515152,0.8803030303030303,0.8747727272727273,-0.00984848484848486,0.005530303030303021,LaBraM,4x
PhysionetMI,91,0.8712121212121211,0.8946969696969695,0.8196969696969697,0.023484848484848435,0.07499999999999993,LaBraM,4x
PhysionetMI,93,0.7818181818181819,0.8121212121212121,0.7843939393939394,0.030303030303030342,0.02772727272727274,LaBraM,4x
PhysionetMI,94,0.7825757575757576,0.8416666666666666,0.7887121212121212,0.05909090909090904,0.05295454545454544,LaBraM,4x
PhysionetMI,95,0.66,0.6607692307692308,0.6528461538461539,0.0007692307692307596,0.007923076923076939,LaBraM,4x
PhysionetMI,96,0.890909090909091,0.925,0.8915151515151516,0.034090909090909075,0.03348484848484848,LaBraM,4x
PhysionetMI,97,0.8946969696969698,0.8931818181818182,0.8431818181818184,-0.0015151515151515388,0.049999999999999885,LaBraM,4x
PhysionetMI,98,0.4666666666666667,0.4674242424242424,0.47712121212121206,0.0007575757575757402,-0.00969696969696962,LaBraM,4x
PhysionetMI,99,0.7212121212121212,0.7242424242424242,0.7088636363636363,0.00303030303030302,0.015378787878787919,LaBraM,4x
PhysionetMI,101,0.976923076923077,0.9923076923076923,0.9507692307692308,0.015384615384615361,0.041538461538461455,LaBraM,4x
PhysionetMI,102,0.7295454545454545,0.7871212121212121,0.7362121212121211,0.05757575757575765,0.05090909090909094,LaBraM,4x
PhysionetMI,103,0.9295454545454545,0.8340909090909092,0.916060606060606,-0.09545454545454542,-0.08196969696969698,LaBraM,4x
PhysionetMI,105,0.9833333333333332,1.0,0.9641666666666667,0.01666666666666668,0.0358333333333333,LaBraM,4x
PhysionetMI,107,0.6409090909090909,0.5795454545454545,0.6231060606060607,-0.06136363636363638,-0.04356060606060612,LaBraM,4x
PhysionetMI,108,0.781060606060606,0.831060606060606,0.8064393939393939,0.049999999999999975,0.02462121212121208,LaBraM,4x
PhysionetMI,109,0.5484848484848485,0.49393939393939396,0.5631060606060606,-0.05454545454545447,-0.0691666666666667,LaBraM,4x
Cho2017,1,0.634,0.712,0.5728,0.07799999999999999,0.1392,CBraMod,1x
Cho2017,2,0.528,0.496,0.5246000000000001,-0.032,-0.02859999999999998,CBraMod,1x
Cho2017,3,0.6599999999999999,0.868,0.7071999999999999,0.20800000000000002,0.1608,CBraMod,1x
Cho2017,4,0.6599999999999999,0.724,0.6166,0.06399999999999995,0.10739999999999997,CBraMod,1x
Cho2017,5,1.0,0.994,0.9833999999999999,-0.006,0.010599999999999941,CBraMod,1x
Cho2017,6,0.8160000000000001,0.8360000000000001,0.792,0.02,0.04400000000000002,CBraMod,1x
Cho2017,7,0.515,0.525,0.5198333333333334,0.01,0.0051666666666666606,CBraMod,1x
Cho2017,8,0.542,0.532,0.5272,-0.009999999999999981,0.0048000000000000004,CBraMod,1x
Cho2017,9,0.5533333333333333,0.5983333333333334,0.5650000000000001,0.045,0.03333333333333332,CBraMod,1x
Cho2017,10,0.5800000000000001,0.632,0.5438000000000001,0.051999999999999956,0.08819999999999997,CBraMod,1x
Cho2017,11,0.616,0.594,0.5856,-0.022000000000000002,0.008399999999999939,CBraMod,1x
Cho2017,12,0.556,0.732,0.5358,0.17599999999999993,0.1961999999999999,CBraMod,1x
Cho2017,13,0.834,0.976,0.783,0.1419999999999999,0.19299999999999995,CBraMod,1x
Cho2017,14,0.696,0.8800000000000001,0.6961999999999999,0.184,0.1838,CBraMod,1x
Cho2017,15,0.524,0.6639999999999999,0.5347999999999999,0.13999999999999993,0.1292,CBraMod,1x
Cho2017,16,0.634,0.642,0.614,0.008000000000000021,0.028000000000000025,CBraMod,1x
Cho2017,17,0.584,0.592,0.5696000000000001,0.00799999999999998,0.022399999999999958,CBraMod,1x
Cho2017,18,0.6140000000000001,0.65,0.584,0.03599999999999996,0.06599999999999992,CBraMod,1x
Cho2017,19,0.518,0.534,0.5254000000000001,0.01599999999999998,0.00859999999999996,CBraMod,1x
Cho2017,20,0.626,0.702,0.5790000000000001,0.07599999999999998,0.12299999999999986,CBraMod,1x
Cho2017,21,0.542,0.6199999999999999,0.5554,0.07799999999999993,0.06459999999999991,CBraMod,1x
Cho2017,22,0.592,0.64,0.571,0.04799999999999992,0.06899999999999994,CBraMod,1x
Cho2017,23,0.562,0.6,0.5446000000000001,0.03799999999999994,0.055399999999999915,CBraMod,1x
Cho2017,24,0.528,0.608,0.5364,0.07999999999999999,0.07159999999999997,CBraMod,1x
Cho2017,25,0.548,0.5720000000000001,0.5714,0.02400000000000002,0.0006000000000000005,CBraMod,1x
Cho2017,26,0.992,0.998,0.992,0.006,0.006,CBraMod,1x
Cho2017,27,0.5980000000000001,0.558,0.5782,-0.03999999999999994,-0.02019999999999994,CBraMod,1x
Cho2017,28,0.5980000000000001,0.85,0.5795999999999999,0.25199999999999995,0.2704,CBraMod,1x
Cho2017,29,0.476,0.524,0.4676,0.04799999999999998,0.056399999999999915,CBraMod,1x
Cho2017,30,0.716,0.74,0.6446000000000001,0.024,0.09539999999999993,CBraMod,1x
Cho2017,31,0.58,0.64,0.5174000000000001,0.05999999999999994,0.12259999999999996,CBraMod,1x
Cho2017,32,0.552,0.5640000000000001,0.5534000000000001,0.01200000000000004,0.01059999999999998,CBraMod,1x
Cho2017,33,0.5700000000000001,0.514,0.5452,-0.05599999999999996,-0.03119999999999994,CBraMod,1x
Cho2017,34,0.55,0.544,0.5464,-0.00599999999999998,-0.0023999999999999603,CBraMod,1x
Cho2017,35,0.46399999999999997,0.8779999999999999,0.4324,0.414,0.44559999999999994,CBraMod,1x
Cho2017,36,0.54,0.5599999999999999,0.5728000000000001,0.01999999999999998,-0.012800000000000061,CBraMod,1x
Cho2017,37,0.8800000000000001,0.8800000000000001,0.8720000000000001,0.0,0.007999999999999998,CBraMod,1x
Cho2017,38,0.592,0.584,0.5666,-0.00799999999999998,0.017399999999999978,CBraMod,1x
Cho2017,39,0.528,0.576,0.5446,0.04799999999999996,0.0314,CBraMod,1x
Cho2017,40,0.508,0.534,0.5134000000000001,0.026000000000000023,0.02059999999999998,CBraMod,1x
Cho2017,41,0.616,0.694,0.5812,0.07799999999999992,0.11279999999999987,CBraMod,1x
Cho2017,42,0.552,0.51,0.5439999999999999,-0.042,-0.03399999999999994,CBraMod,1x
Cho2017,43,1.0,1.0,0.9996,0.0,0.0004,CBraMod,1x
Cho2017,44,0.9339999999999999,0.9640000000000001,0.922,0.03,0.041999999999999905,CBraMod,1x
Cho2017,45,0.524,0.528,0.5307999999999999,0.0039999999999999775,-0.0027999999999999982,CBraMod,1x
Cho2017,46,0.5533333333333333,0.6716666666666666,0.5926666666666667,0.11833333333333326,0.07899999999999996,CBraMod,1x
Cho2017,47,0.808,0.8620000000000001,0.7896,0.05399999999999998,0.07239999999999998,CBraMod,1x
Cho2017,48,0.644,0.6799999999999999,0.6154,0.03599999999999994,0.06459999999999994,CBraMod,1x
Cho2017,49,0.9960000000000001,0.9960000000000001,0.9872,0.0,0.00879999999999998,CBraMod,1x
Cho2017,50,0.96,1.0,0.8943999999999999,0.03999999999999998,0.10559999999999996,CBraMod,1x
Cho2017,51,0.5700000000000001,0.6040000000000001,0.5782,0.033999999999999996,0.025800000000000017,CBraMod,1x
Cho2017,52,0.6,0.654,0.588,0.05399999999999996,0.06599999999999996,CBraMod,1x
Dreyer2023,1,0.8766666666666667,0.9116666666666667,0.8663333333333334,0.03499999999999996,0.04533333333333324,CBraMod,1x
Dreyer2023,2,0.6933333333333334,0.725,0.6773333333333333,0.03166666666666664,0.04766666666666666,CBraMod,1x
Dreyer2023,3,0.8316666666666667,0.8150000000000001,0.7889999999999999,-0.01666666666666666,0.026000000000000002,CBraMod,1x
Dreyer2023,5,0.8816666666666666,0.885,0.861,0.0033333333333332993,0.02399999999999998,CBraMod,1x
Dreyer2023,6,0.7849999999999999,0.8183333333333334,0.7953333333333333,0.033333333333333305,0.02300000000000002,CBraMod,1x
Dreyer2023,7,0.9683333333333332,0.9766666666666666,0.9435,0.00833333333333334,0.03316666666666664,CBraMod,1x
Dreyer2023,8,0.82,0.8816666666666666,0.8418333333333333,0.06166666666666666,0.03983333333333328,CBraMod,1x
Dreyer2023,10,0.9283333333333333,0.9266666666666665,0.9135,-0.0016666666666666802,0.0131666666666666,CBraMod,1x
Dreyer2023,11,0.6266666666666667,0.7283333333333333,0.6134999999999999,0.10166666666666661,0.11483333333333332,CBraMod,1x
Dreyer2023,12,0.8916666666666666,0.9266666666666667,0.8851666666666667,0.03499999999999996,0.04149999999999992,CBraMod,1x
Dreyer2023,13,0.7416666666666666,0.76,0.7446666666666666,0.01833333333333334,0.015333333333333402,CBraMod,1x
Dreyer2023,14,0.6983333333333333,0.7566666666666666,0.6905,0.05833333333333333,0.06616666666666662,CBraMod,1x
Dreyer2023,15,0.925,0.9183333333333333,0.9176666666666667,-0.006666666666666658,0.0006666666666666404,CBraMod,1x
Dreyer2023,16,0.8266666666666668,0.8616666666666667,0.7941666666666667,0.03499999999999996,0.06749999999999996,CBraMod,1x
Dreyer2023,18,0.9199999999999999,0.9466666666666665,0.9123333333333333,0.026666666666666616,0.03433333333333322,CBraMod,1x
Dreyer2023,19,0.9066666666666666,0.9566666666666667,0.8779999999999999,0.04999999999999998,0.0786666666666666,CBraMod,1x
Dreyer2023,20,0.9166666666666666,0.9216666666666666,0.8923333333333334,0.00500000000000004,0.029333333333333322,CBraMod,1x
Dreyer2023,21,0.9233333333333332,0.9349999999999999,0.9046666666666667,0.011666666666666683,0.030333333333333302,CBraMod,1x
Dreyer2023,22,0.9216666666666666,0.9399999999999998,0.8678333333333332,0.01833333333333332,0.07216666666666663,CBraMod,1x
Dreyer2023,23,0.74,0.7966666666666666,0.72,0.05666666666666664,0.07666666666666663,CBraMod,1x
Dreyer2023,24,0.9483333333333333,0.9483333333333335,0.9195,0.0,0.028833333333333322,CBraMod,1x
Dreyer2023,25,0.6766666666666667,0.7366666666666667,0.6885,0.05999999999999996,0.04816666666666664,CBraMod,1x
Dreyer2023,26,0.805,0.8716666666666667,0.7708333333333333,0.06666666666666664,0.10083333333333333,CBraMod,1x
Dreyer2023,27,0.8016666666666667,0.8266666666666665,0.7745,0.02499999999999996,0.05216666666666664,CBraMod,1x
Dreyer2023,28,0.7866666666666666,0.82,0.7943333333333333,0.03333333333333334,0.02566666666666666,CBraMod,1x
Dreyer2023,30,0.7033333333333334,0.7933333333333333,0.7116666666666667,0.08999999999999994,0.08166666666666662,CBraMod,1x
Dreyer2023,31,0.8949999999999999,0.9133333333333333,0.8578333333333333,0.01833333333333334,0.05549999999999992,CBraMod,1x
Dreyer2023,32,0.845,0.9083333333333332,0.8310000000000001,0.06333333333333327,0.0773333333333333,CBraMod,1x
Dreyer2023,33,0.7883333333333333,0.8083333333333333,0.765,0.02000000000000002,0.0433333333333333,CBraMod,1x
Dreyer2023,34,0.8183333333333334,0.85,0.8300000000000001,0.03166666666666662,0.01999999999999994,CBraMod,1x
Dreyer2023,35,0.7616666666666666,0.7883333333333333,0.7274999999999999,0.0266666666666667,0.060833333333333316,CBraMod,1x
Dreyer2023,36,0.8150000000000001,0.8233333333333333,0.8006666666666666,0.008333333333333281,0.02266666666666664,CBraMod,1x
Dreyer2023,37,0.7366666666666667,0.7616666666666666,0.6966666666666667,0.02499999999999996,0.065,CBraMod,1x
Dreyer2023,38,0.8550000000000001,0.9099999999999999,0.8133333333333332,0.05499999999999996,0.09666666666666654,CBraMod,1x
Dreyer2023,39,0.925,0.9583333333333334,0.9410000000000001,0.0333333333333333,0.01733333333333322,CBraMod,1x
Dreyer2023,40,0.8672413793103448,0.8586206896551725,0.8291379310344829,-0.00862068965517242,0.029482758620689543,CBraMod,1x
Dreyer2023,42,0.7733333333333334,0.8333333333333334,0.7043333333333334,0.05999999999999994,0.12899999999999995,CBraMod,1x
Dreyer2023,43,0.8833333333333334,0.9033333333333333,0.8765000000000001,0.01999999999999998,0.026833333333333258,CBraMod,1x
Dreyer2023,44,0.6566666666666666,0.6733333333333333,0.662,0.01666666666666666,0.0113333333333333,CBraMod,1x
Dreyer2023,45,0.7416666666666666,0.8083333333333333,0.7683333333333333,0.06666666666666664,0.03999999999999994,CBraMod,1x
Dreyer2023,46,0.7366666666666667,0.7183333333333333,0.7121666666666667,-0.01833333333333336,0.006166666666666621,CBraMod,1x
Dreyer2023,47,0.9,0.9183333333333333,0.868,0.01833333333333332,0.050333333333333244,CBraMod,1x
Dreyer2023,48,0.6616666666666666,0.6833333333333333,0.6475,0.02166666666666666,0.0358333333333333,CBraMod,1x
Dreyer2023,49,0.775,0.8233333333333335,0.7478333333333333,0.04833333333333332,0.07549999999999998,CBraMod,1x
Dreyer2023,50,0.64,0.6199999999999999,0.612,-0.020000000000000018,0.00799999999999998,CBraMod,1x
Dreyer2023,51,0.7466666666666667,0.7883333333333333,0.74,0.041666666666666664,0.04833333333333324,CBraMod,1x
Dreyer2023,52,0.7966666666666666,0.8150000000000001,0.7821666666666667,0.018333333333333278,0.032833333333333284,CBraMod,1x
Dreyer2023,53,0.7883333333333333,0.8383333333333333,0.7786666666666666,0.04999999999999996,0.059666666666666646,CBraMod,1x
Dreyer2023,54,0.7116666666666667,0.755,0.6921666666666667,0.04333333333333332,0.0628333333333333,CBraMod,1x
Dreyer2023,55,0.9400000000000001,0.9399999999999998,0.9226666666666666,-1.9428902930940238e-17,0.01733333333333322,CBraMod,1x
Dreyer2023,56,0.9216666666666666,0.9800000000000001,0.8943333333333333,0.05833333333333333,0.08566666666666665,CBraMod,1x
Dreyer2023,57,0.6433333333333333,0.6666666666666666,0.6556666666666666,0.02333333333333328,0.010999999999999939,CBraMod,1x
Dreyer2023,58,0.9333333333333333,0.9550000000000001,0.921,0.02166666666666664,0.0339999999999999,CBraMod,1x
Dreyer2023,59,0.795,0.8275,0.7585,0.03249999999999996,0.06899999999999998,CBraMod,1x
Dreyer2023,60,0.8333333333333334,0.8783333333333333,0.8068333333333333,0.044999999999999964,0.0715,CBraMod,1x
Dreyer2023,61,0.86,0.8983333333333332,0.8563333333333334,0.03833333333333328,0.0419999999999999,CBraMod,1x
Dreyer2023,62,0.7466666666666667,0.8333333333333333,0.7446666666666667,0.0866666666666666,0.08866666666666653,CBraMod,1x
Dreyer2023,63,0.8,0.8366666666666667,0.7816666666666666,0.03666666666666662,0.05499999999999996,CBraMod,1x
Dreyer2023,64,0.7583333333333334,0.8566666666666667,0.7811666666666668,0.09833333333333329,0.07549999999999993,CBraMod,1x
Dreyer2023,65,0.8400000000000001,0.8816666666666666,0.8151666666666667,0.041666666666666616,0.06649999999999996,CBraMod,1x
Dreyer2023,66,0.7350000000000001,0.7616666666666666,0.7143333333333334,0.02666666666666656,0.04733333333333324,CBraMod,1x
Dreyer2023,67,0.8033333333333333,0.825,0.7863333333333333,0.02166666666666662,0.03866666666666664,CBraMod,1x
Dreyer2023,68,0.75,0.7766666666666666,0.7176666666666666,0.026666666666666616,0.059,CBraMod,1x
Dreyer2023,69,0.835,0.875,0.8173333333333334,0.03999999999999992,0.057666666666666554,CBraMod,1x
Dreyer2023,70,0.6816666666666666,0.7150000000000001,0.6543333333333334,0.03333333333333332,0.060666666666666605,CBraMod,1x
Dreyer2023,71,0.8550000000000001,0.8533333333333333,0.8038333333333334,-0.0016666666666667,0.049499999999999975,CBraMod,1x
Dreyer2023,72,0.8283333333333334,0.9033333333333333,0.8154999999999999,0.0749999999999999,0.08783333333333328,CBraMod,1x
Dreyer2023,73,0.7150000000000001,0.85,0.705,0.13499999999999995,0.14499999999999996,CBraMod,1x
Dreyer2023,74,0.7383333333333333,0.7766666666666666,0.7171666666666667,0.038333333333333316,0.0595,CBraMod,1x
Dreyer2023,75,0.7733333333333333,0.8166666666666667,0.7551666666666667,0.043333333333333265,0.0614999999999999,CBraMod,1x
Dreyer2023,76,0.8216666666666667,0.9133333333333333,0.8198333333333332,0.09166666666666665,0.09350000000000004,CBraMod,1x
Dreyer2023,77,0.8316666666666667,0.8416666666666666,0.8063333333333332,0.01,0.035333333333333314,CBraMod,1x
Dreyer2023,80,0.7116666666666667,0.7733333333333333,0.6805000000000001,0.06166666666666666,0.09283333333333321,CBraMod,1x
Dreyer2023,81,0.845,0.8416666666666666,0.7983333333333332,-0.0033333333333333422,0.04333333333333332,CBraMod,1x
Dreyer2023,82,0.8233333333333333,0.8899999999999999,0.7838333333333333,0.06666666666666668,0.10616666666666663,CBraMod,1x
Dreyer2023,83,0.6583333333333334,0.7516666666666667,0.6540000000000001,0.09333333333333325,0.09766666666666654,CBraMod,1x
Dreyer2023,84,0.8466666666666667,0.8766666666666666,0.8106666666666668,0.03,0.06599999999999995,CBraMod,1x
Dreyer2023,85,0.745,0.7766666666666666,0.7348333333333332,0.0316666666666666,0.04183333333333328,CBraMod,1x
Dreyer2023,86,0.8166666666666667,0.8233333333333335,0.8045,0.006666666666666661,0.01883333333333326,CBraMod,1x
Dreyer2023,87,0.7483333333333333,0.8233333333333333,0.7725000000000001,0.07499999999999993,0.050833333333333244,CBraMod,1x
PhysionetMI,1,0.8530303030303031,0.8098484848484848,0.8270454545454546,-0.04318181818181814,-0.0171969696969697,CBraMod,1x
PhysionetMI,2,0.9046153846153846,0.9246153846153847,0.8864615384615384,0.01999999999999996,0.03815384615384622,CBraMod,1x
PhysionetMI,3,0.9651515151515151,0.9651515151515152,0.9465909090909091,4.0245584642661923e-17,0.018560606060606062,CBraMod,1x
PhysionetMI,4,0.8924242424242423,0.9113636363636364,0.8918181818181818,0.018939393939393877,0.01954545454545446,CBraMod,1x
PhysionetMI,5,0.7174242424242424,0.6712121212121211,0.7093181818181818,-0.046212121212121184,-0.03810606060606064,CBraMod,1x
PhysionetMI,6,0.8651515151515152,0.8962121212121211,0.8308333333333333,0.03106060606060606,0.06537878787878786,CBraMod,1x
PhysionetMI,7,0.9734848484848484,0.975,0.9784848484848485,0.0015151515151515002,-0.00348484848484856,CBraMod,1x
PhysionetMI,8,0.8568181818181818,0.9015151515151516,0.8472727272727273,0.04469696969696978,0.05424242424242428,CBraMod,1x
PhysionetMI,9,0.9030769230769231,0.9523076923076923,0.86,0.0492307692307692,0.09230769230769233,CBraMod,1x
PhysionetMI,10,0.67,0.6946153846153846,0.6793076923076924,0.02461538461538464,0.015307692307692319,CBraMod,1x
PhysionetMI,11,0.7181818181818181,0.6742424242424242,0.7234848484848484,-0.043939393939393924,-0.04924242424242421,CBraMod,1x
PhysionetMI,12,0.8810606060606061,0.8704545454545455,0.8632575757575758,-0.01060606060606056,0.007196969696969721,CBraMod,1x
PhysionetMI,13,0.7946969696969697,0.8174242424242424,0.7588636363636363,0.022727272727272783,0.058560606060606125,CBraMod,1x
PhysionetMI,14,0.8181818181818181,0.8704545454545455,0.7906818181818183,0.05227272727272726,0.07977272727272722,CBraMod,1x
PhysionetMI,15,0.9230769230769231,0.9923076923076923,0.9436153846153846,0.06923076923076919,0.048692307692307625,CBraMod,1x
PhysionetMI,16,0.6416666666666666,0.6037878787878788,0.635681818181818,-0.037878787878787845,-0.03189393939393934,CBraMod,1x
PhysionetMI,17,0.7856060606060605,0.8939393939393939,0.8190909090909091,0.10833333333333339,0.0748484848484848,CBraMod,1x
PhysionetMI,18,1.0,1.0,0.9893181818181818,0.0,0.01068181818181814,CBraMod,1x
PhysionetMI,19,0.9121212121212121,0.8613636363636363,0.8622727272727273,-0.05075757575757578,-0.0009090909090909205,CBraMod,1x
PhysionetMI,20,0.8674242424242424,0.9651515151515151,0.8647727272727274,0.09772727272727269,0.1003787878787878,CBraMod,1x
PhysionetMI,21,0.7598484848484849,0.821969696969697,0.7616666666666667,0.0621212121212121,0.06030303030303023,CBraMod,1x
PhysionetMI,22,0.9636363636363636,0.9636363636363636,0.9407575757575758,0.0,0.02287878787878786,CBraMod,1x
PhysionetMI,23,0.7992307692307692,0.8038461538461539,0.7873076923076925,0.00461538461538456,0.01653846153846136,CBraMod,1x
PhysionetMI,24,0.7946969696969697,0.7598484848484849,0.7750757575757576,-0.03484848484848484,-0.015227272727272739,CBraMod,1x
PhysionetMI,25,0.603030303030303,0.5545454545454546,0.5737121212121212,-0.048484848484848436,-0.019166666666666582,CBraMod,1x
PhysionetMI,26,0.6230769230769231,0.5984615384615385,0.6033076923076923,-0.024615384615384657,-0.004846153846153821,CBraMod,1x
PhysionetMI,27,0.8696969696969697,0.8530303030303031,0.8559848484848486,-0.01666666666666668,-0.002954545454545482,CBraMod,1x
PhysionetMI,28,0.7977272727272727,0.8333333333333334,0.7994696969696969,0.03560606060606058,0.03386363636363634,CBraMod,1x
PhysionetMI,29,0.7734848484848484,0.9106060606060605,0.7659848484848485,0.13712121212121212,0.1446212121212121,CBraMod,1x
PhysionetMI,30,0.8681818181818182,0.8924242424242423,0.8825757575757575,0.02424242424242426,0.00984848484848488,CBraMod,1x
PhysionetMI,31,0.7401515151515152,0.7696969696969698,0.7320454545454546,0.02954545454545444,0.03765151515151516,CBraMod,1x
PhysionetMI,32,0.9299999999999999,0.9323076923076924,0.9166153846153845,0.002307692307692341,0.01569230769230772,CBraMod,1x
PhysionetMI,33,0.9204545454545455,0.9303030303030303,0.9236363636363636,0.009848484848484839,0.006666666666666661,CBraMod,1x
PhysionetMI,34,0.8215384615384614,0.8607692307692307,0.7796153846153846,0.03923076923076918,0.08115384615384613,CBraMod,1x
PhysionetMI,35,0.7962121212121211,0.8037878787878789,0.7745454545454545,0.007575757575757599,0.029242424242424257,CBraMod,1x
PhysionetMI,36,0.8651515151515152,0.8962121212121212,0.8421212121212122,0.03106060606060604,0.05409090909090912,CBraMod,1x
PhysionetMI,37,0.6454545454545455,0.7681818181818182,0.6746969696969697,0.12272727272727271,0.09348484848484848,CBraMod,1x
PhysionetMI,38,0.4878787878787879,0.5333333333333333,0.44310606060606056,0.045454545454545435,0.0902272727272727,CBraMod,1x
PhysionetMI,39,0.7174242424242425,0.7886363636363637,0.7114393939393939,0.07121212121212117,0.0771969696969697,CBraMod,1x
PhysionetMI,40,0.990909090909091,0.9568181818181818,0.9396969696969697,-0.03409090909090908,0.01712121212121212,CBraMod,1x
PhysionetMI,41,0.976923076923077,0.9161538461538463,0.9546153846153846,-0.06076923076923074,-0.03846153846153844,CBraMod,1x
PhysionetMI,42,0.9075757575757576,0.8969696969696969,0.895530303030303,-0.01060606060606056,0.0014393939393940014,CBraMod,1x
PhysionetMI,43,0.8628787878787879,0.8621212121212121,0.8457575757575759,-0.0007575757575757596,0.016363636363636302,CBraMod,1x
PhysionetMI,44,0.8333333333333334,0.8674242424242425,0.8675,0.034090909090909116,-7.575757575755821e-05,CBraMod,1x
PhysionetMI,45,0.7886363636363637,0.7795454545454545,0.7849242424242424,-0.009090909090909101,-0.0053787878787879,CBraMod,1x
PhysionetMI,46,0.7143939393939395,0.6909090909090909,0.724090909090909,-0.023484848484848518,-0.03318181818181812,CBraMod,1x
PhysionetMI,47,0.7431818181818182,0.75,0.7424242424242424,0.006818181818181819,0.0075757575757575205,CBraMod,1x
PhysionetMI,48,0.990909090909091,0.990909090909091,0.985,0.0,0.0059090909090909,CBraMod,1x
PhysionetMI,49,0.746969696969697,0.7401515151515152,0.749469696969697,-0.006818181818181843,-0.009318181818181859,CBraMod,1x
PhysionetMI,50,0.7893939393939393,0.8742424242424243,0.7978030303030303,0.08484848484848478,0.07643939393939383,CBraMod,1x
PhysionetMI,51,0.8575757575757577,0.8734848484848484,0.8342424242424242,0.01590909090909088,0.039242424242424245,CBraMod,1x
PhysionetMI,52,0.8815384615384616,0.8515384615384616,0.8553846153846154,-0.03000000000000002,-0.003846153846153821,CBraMod,1x
PhysionetMI,53,0.9121212121212121,0.9833333333333334,0.8902272727272729,0.0712121212121212,0.09310606060606054,CBraMod,1x
PhysionetMI,54,0.8825757575757575,0.9227272727272726,0.8743181818181819,0.04015151515151514,0.04840909090909086,CBraMod,1x
PhysionetMI,55,0.8727272727272728,0.8893939393939394,0.858939393939394,0.01666666666666666,0.0304545454545455,CBraMod,1x
PhysionetMI,56,0.8424242424242424,0.8424242424242424,0.8247727272727273,0.0,0.017651515151515217,CBraMod,1x
PhysionetMI,57,0.9499999999999998,0.9583333333333333,0.9432575757575759,0.0083333333333333,0.015075757575757498,CBraMod,1x
PhysionetMI,58,0.8084615384615385,0.8815384615384616,0.7997692307692308,0.073076923076923,0.08176923076923068,CBraMod,1x
PhysionetMI,59,0.6742424242424242,0.8068181818181819,0.6304545454545455,0.1325757575757575,0.17636363636363633,CBraMod,1x
PhysionetMI,60,0.8984615384615384,0.8876923076923078,0.8670769230769231,-0.010769230769230823,0.0206153846153846,CBraMod,1x
PhysionetMI,61,0.9545454545454547,0.9462121212121213,0.9495454545454546,-0.00833333333333334,-0.0033333333333334047,CBraMod,1x
PhysionetMI,62,0.9583333333333333,0.9666666666666665,0.9249242424242425,0.0083333333333333,0.04174242424242416,CBraMod,1x
PhysionetMI,63,0.7371212121212121,0.7856060606060605,0.7155303030303031,0.04848484848484846,0.0700757575757575,CBraMod,1x
PhysionetMI,64,0.728030303030303,0.7621212121212121,0.7462121212121213,0.03409090909090906,0.01590909090909088,CBraMod,1x
PhysionetMI,65,0.9242424242424242,0.9212121212121211,0.9025000000000001,-0.0030303030303030385,0.018712121212121142,CBraMod,1x
PhysionetMI,66,0.7871212121212121,0.7477272727272728,0.8203030303030303,-0.039393939393939384,-0.07257575757575752,CBraMod,1x
PhysionetMI,67,0.7909090909090909,0.8560606060606061,0.7866666666666667,0.06515151515151515,0.06939393939393937,CBraMod,1x
PhysionetMI,68,0.7325757575757577,0.7219696969696969,0.6984848484848485,-0.01060606060606062,0.02348484848484842,CBraMod,1x
PhysionetMI,69,0.8207692307692307,0.8761538461538463,0.8282307692307693,0.055384615384615365,0.04792307692307686,CBraMod,1x
PhysionetMI,70,0.9742424242424242,0.9583333333333333,0.9786363636363637,-0.01590909090909094,-0.02030303030303036,CBraMod,1x
PhysionetMI,71,0.8787878787878787,0.9318181818181817,0.8902272727272728,0.05303030303030298,0.041590909090909,CBraMod,1x
PhysionetMI,72,0.990909090909091,0.990909090909091,0.9768939393939394,0.0,0.014015151515151442,CBraMod,1x
PhysionetMI,73,0.793939393939394,0.8053030303030303,0.773939393939394,0.01136363636363632,0.03136363636363626,CBraMod,1x
PhysionetMI,74,0.7674242424242425,0.7522727272727272,0.7512121212121212,-0.015151515151515176,0.0010606060606060397,CBraMod,1x
PhysionetMI,75,0.6787878787878788,0.6977272727272728,0.6777272727272727,0.018939393939393877,0.01999999999999994,CBraMod,1x
PhysionetMI,76,0.5522727272727272,0.521969696969697,0.5787878787878787,-0.030303030303030276,-0.056818181818181754,CBraMod,1x
PhysionetMI,77,0.5946969696969697,0.6234848484848484,0.6131818181818182,0.0287878787878788,0.010303030303030319,CBraMod,1x
PhysionetMI,78,0.5946969696969697,0.5242424242424242,0.5557575757575758,-0.07045454545454541,-0.03151515151515148,CBraMod,1x
PhysionetMI,79,0.7340909090909091,0.7507575757575757,0.7398484848484849,0.016666666666666656,0.0109090909090909,CBraMod,1x
PhysionetMI,80,0.7961538461538462,0.8415384615384616,0.8154615384615385,0.04538461538461532,0.026076923076923043,CBraMod,1x
PhysionetMI,81,0.8810606060606062,0.890909090909091,0.866060606060606,0.00984848484848482,0.02484848484848488,CBraMod,1x
PhysionetMI,82,0.8280303030303031,0.8939393939393939,0.8602272727272728,0.06590909090909092,0.03371212121212118,CBraMod,1x
PhysionetMI,83,0.6992307692307692,0.7430769230769231,0.6911538461538462,0.04384615384615385,0.051923076923076864,CBraMod,1x
PhysionetMI,84,0.8234848484848485,0.8242424242424242,0.8231818181818182,0.0007575757575757402,0.0010606060606060813,CBraMod,1x
PhysionetMI,85,0.8613636363636363,0.9583333333333333,0.8596212121212122,0.09696969696969689,0.09871212121212111,CBraMod,1x
PhysionetMI,86,0.9846153846153847,0.99,0.9719230769230769,0.00538461538461536,0.018076923076922942,CBraMod,1x
PhysionetMI,87,0.6371212121212121,0.5522727272727274,0.5965909090909092,-0.08484848484848476,-0.044318181818181826,CBraMod,1x
PhysionetMI,90,0.8742424242424243,0.8765151515151516,0.8555303030303032,0.0022727272727272015,0.0209848484848484,CBraMod,1x
PhysionetMI,91,0.9318181818181817,0.865909090909091,0.8900757575757575,-0.06590909090909083,-0.02416666666666666,CBraMod,1x
PhysionetMI,93,0.7696969696969698,0.825,0.7874242424242424,0.05530303030303032,0.037575757575757596,CBraMod,1x
PhysionetMI,94,0.7863636363636364,0.8545454545454547,0.8016666666666667,0.06818181818181818,0.05287878787878786,CBraMod,1x
PhysionetMI,95,0.6838461538461539,0.6653846153846155,0.687076923076923,-0.018461538461538463,-0.02169230769230766,CBraMod,1x
PhysionetMI,96,0.8583333333333332,0.8318181818181818,0.8458333333333334,-0.026515151515151502,-0.014015151515151541,CBraMod,1x
PhysionetMI,97,0.7893939393939393,0.9,0.8181060606060606,0.11060606060606062,0.08189393939393932,CBraMod,1x
PhysionetMI,98,0.4621212121212121,0.4977272727272727,0.47666666666666657,0.03560606060606056,0.021060606060606078,CBraMod,1x
PhysionetMI,99,0.6234848484848484,0.5840909090909091,0.6368181818181818,-0.039393939393939405,-0.05272727272727268,CBraMod,1x
PhysionetMI,101,0.9307692307692308,0.976923076923077,0.9027692307692309,0.0461538461538461,0.0741538461538461,CBraMod,1x
PhysionetMI,102,0.7333333333333334,0.8075757575757576,0.698560606060606,0.07424242424242418,0.10901515151515154,CBraMod,1x
PhysionetMI,103,0.8242424242424242,0.7803030303030303,0.8172727272727274,-0.043939393939393924,-0.036969696969696965,CBraMod,1x
PhysionetMI,105,0.9068181818181819,0.949242424242424,0.927878787878788,0.04242424242424234,0.021363636363636317,CBraMod,1x
PhysionetMI,107,0.5772727272727273,0.5280303030303031,0.5233333333333332,-0.0492424242424242,0.00469696969696976,CBraMod,1x
PhysionetMI,108,0.8121212121212121,0.8871212121212121,0.8181818181818181,0.075,0.06893939393939386,CBraMod,1x
PhysionetMI,109,0.7106060606060606,0.6916666666666667,0.6774242424242424,-0.01893939393939392,0.014242424242424261,CBraMod,1x
Cho2017,1,0.632,0.712,0.604,0.07999999999999993,0.10799999999999996,CBraMod,2x
Cho2017,2,0.522,0.516,0.53,-0.006000000000000001,-0.014000000000000021,CBraMod,2x
Cho2017,3,0.714,0.892,0.7594000000000001,0.17799999999999996,0.13259999999999994,CBraMod,2x
Cho2017,4,0.62,0.748,0.6209999999999999,0.12799999999999995,0.127,CBraMod,2x
Cho2017,5,0.9800000000000001,0.99,0.9304,0.01,0.059599999999999966,CBraMod,2x
Cho2017,6,0.812,0.806,0.7968,-0.00599999999999998,0.00920000000000002,CBraMod,2x
Cho2017,7,0.5366666666666666,0.5766666666666667,0.524,0.03999999999999998,0.05266666666666662,CBraMod,2x
Cho2017,8,0.568,0.5780000000000001,0.5614,0.010000000000000038,0.01660000000000002,CBraMod,2x
Cho2017,9,0.5766666666666667,0.6216666666666667,0.5638333333333334,0.04499999999999994,0.05783333333333325,CBraMod,2x
Cho2017,10,0.642,0.6559999999999999,0.5428,0.01399999999999998,0.11319999999999994,CBraMod,2x
Cho2017,11,0.626,0.592,0.6,-0.03399999999999998,-0.008000000000000018,CBraMod,2x
Cho2017,12,0.564,0.754,0.5746,0.19,0.17939999999999995,CBraMod,2x
Cho2017,13,0.868,0.978,0.8138000000000002,0.10999999999999995,0.16419999999999987,CBraMod,2x
Cho2017,14,0.762,0.8699999999999999,0.7448,0.10799999999999992,0.12519999999999992,CBraMod,2x
Cho2017,15,0.576,0.6859999999999999,0.5624,0.1099999999999999,0.12359999999999989,CBraMod,2x
Cho2017,16,0.648,0.61,0.5986,-0.03799999999999996,0.011399999999999919,CBraMod,2x
Cho2017,17,0.542,0.638,0.5812000000000002,0.09599999999999992,0.056799999999999885,CBraMod,2x
Cho2017,18,0.576,0.638,0.597,0.06199999999999992,0.040999999999999995,CBraMod,2x
Cho2017,19,0.508,0.506,0.5312,-0.001999999999999979,-0.02519999999999998,CBraMod,2x
Cho2017,20,0.548,0.702,0.5858,0.15399999999999991,0.1162,CBraMod,2x
Cho2017,21,0.594,0.6060000000000001,0.5648,0.012,0.0412,CBraMod,2x
Cho2017,22,0.6539999999999999,0.64,0.5922,-0.01399999999999994,0.04779999999999998,CBraMod,2x
Cho2017,23,0.6220000000000001,0.638,0.573,0.01599999999999996,0.06499999999999997,CBraMod,2x
Cho2017,24,0.524,0.618,0.5458000000000001,0.09399999999999997,0.07219999999999996,CBraMod,2x
Cho2017,25,0.584,0.5780000000000001,0.5736,-0.00599999999999998,0.004400000000000018,CBraMod,2x
Cho2017,26,0.9879999999999999,0.994,0.9663999999999999,0.006,0.02759999999999998,CBraMod,2x
Cho2017,27,0.5780000000000001,0.568,0.5690000000000001,-0.00999999999999998,-0.0010000000000000189,CBraMod,2x
Cho2017,28,0.6779999999999999,0.874,0.6314,0.196,0.2426,CBraMod,2x
Cho2017,29,0.532,0.512,0.4826,-0.02,0.029400000000000044,CBraMod,2x
Cho2017,30,0.712,0.75,0.6754,0.038,0.07460000000000004,CBraMod,2x
Cho2017,31,0.564,0.666,0.5502,0.10199999999999998,0.11579999999999994,CBraMod,2x
Cho2017,32,0.556,0.5700000000000001,0.5496000000000001,0.014000000000000021,0.02039999999999998,CBraMod,2x
Cho2017,33,0.5640000000000001,0.526,0.534,-0.03799999999999998,-0.008000000000000002,CBraMod,2x
Cho2017,34,0.546,0.562,0.5382,0.01599999999999998,0.02379999999999998,CBraMod,2x
Cho2017,35,0.368,0.868,0.3786,0.5,0.48939999999999995,CBraMod,2x
Cho2017,36,0.5880000000000001,0.6,0.5880000000000001,0.01199999999999996,0.01199999999999996,CBraMod,2x
Cho2017,37,0.868,0.866,0.8725999999999999,-0.002,-0.006599999999999942,CBraMod,2x
Cho2017,38,0.584,0.61,0.5728000000000001,0.02599999999999994,0.0371999999999999,CBraMod,2x
Cho2017,39,0.552,0.562,0.5386,0.01000000000000002,0.02340000000000006,CBraMod,2x
Cho2017,40,0.472,0.5599999999999999,0.49420000000000003,0.088,0.06579999999999996,CBraMod,2x
Cho2017,41,0.6599999999999999,0.754,0.634,0.09399999999999999,0.11999999999999997,CBraMod,2x
Cho2017,42,0.558,0.53,0.5512,-0.02799999999999998,-0.021200000000000017,CBraMod,2x
Cho2017,43,1.0,1.0,1.0,0.0,0.0,CBraMod,2x
Cho2017,44,0.932,0.966,0.8779999999999999,0.03399999999999998,0.08799999999999994,CBraMod,2x
Cho2017,45,0.546,0.526,0.5376,-0.01999999999999998,-0.01159999999999994,CBraMod,2x
Cho2017,46,0.6233333333333333,0.6950000000000001,0.597,0.0716666666666666,0.09799999999999995,CBraMod,2x
Cho2017,47,0.858,0.8720000000000001,0.8204,0.014000000000000002,0.05159999999999996,CBraMod,2x
Cho2017,48,0.706,0.716,0.6521999999999999,0.01000000000000004,0.06379999999999998,CBraMod,2x
Cho2017,49,1.0,1.0,0.9978,0.0,0.0021999999999999997,CBraMod,2x
Cho2017,50,0.974,1.0,0.9369999999999999,0.026000000000000002,0.06299999999999994,CBraMod,2x
Cho2017,51,0.612,0.6140000000000001,0.586,0.0020000000000000018,0.028000000000000004,CBraMod,2x
Cho2017,52,0.6439999999999999,0.6599999999999999,0.5988,0.016,0.06119999999999996,CBraMod,2x
Dreyer2023,1,0.905,0.905,0.8880000000000001,3.4694469519536144e-19,0.016999999999999963,CBraMod,2x
Dreyer2023,2,0.6599999999999999,0.6933333333333334,0.675,0.03333333333333331,0.01833333333333328,CBraMod,2x
Dreyer2023,3,0.8183333333333334,0.835,0.8205,0.016666666666666663,0.01449999999999994,CBraMod,2x
Dreyer2023,5,0.9166666666666666,0.93,0.8918333333333333,0.013333333333333319,0.03816666666666662,CBraMod,2x
Dreyer2023,6,0.8083333333333332,0.8416666666666666,0.806,0.03333333333333334,0.03566666666666666,CBraMod,2x
Dreyer2023,7,0.975,0.9899999999999999,0.9604999999999999,0.014999999999999961,0.02949999999999996,CBraMod,2x
Dreyer2023,8,0.85,0.8916666666666666,0.8606666666666666,0.041666666666666616,0.03100000000000002,CBraMod,2x
Dreyer2023,10,0.9466666666666667,0.9583333333333334,0.9395,0.01166666666666666,0.018833333333333337,CBraMod,2x
Dreyer2023,11,0.6283333333333333,0.7333333333333333,0.5921666666666667,0.10499999999999994,0.1411666666666666,CBraMod,2x
Dreyer2023,12,0.925,0.9316666666666666,0.9025000000000001,0.006666666666666659,0.029166666666666542,CBraMod,2x
Dreyer2023,13,0.7683333333333333,0.785,0.7571666666666667,0.016666666666666684,0.027833333333333377,CBraMod,2x
Dreyer2023,14,0.71,0.7533333333333333,0.7065,0.04333333333333334,0.0468333333333333,CBraMod,2x
Dreyer2023,15,0.9416666666666667,0.9516666666666665,0.931,0.00999999999999996,0.020666666666666545,CBraMod,2x
Dreyer2023,16,0.8466666666666667,0.8716666666666667,0.8135,0.02499999999999992,0.05816666666666661,CBraMod,2x
Dreyer2023,18,0.9200000000000002,0.96,0.9101666666666667,0.039999999999999925,0.0498333333333333,CBraMod,2x
Dreyer2023,19,0.9066666666666666,0.9533333333333334,0.8806666666666667,0.046666666666666586,0.07266666666666664,CBraMod,2x
Dreyer2023,20,0.9166666666666666,0.93,0.9066666666666666,0.013333333333333319,0.02333333333333332,CBraMod,2x
Dreyer2023,21,0.915,0.9483333333333333,0.9035,0.033333333333333284,0.04483333333333326,CBraMod,2x
Dreyer2023,22,0.9099999999999999,0.9349999999999999,0.8861666666666667,0.02499999999999998,0.04883333333333336,CBraMod,2x
Dreyer2023,23,0.79,0.8300000000000001,0.7608333333333334,0.03999999999999994,0.06916666666666657,CBraMod,2x
Dreyer2023,24,0.975,0.975,0.9444999999999999,1.97758476261356e-17,0.0305,CBraMod,2x
Dreyer2023,25,0.6833333333333333,0.7483333333333333,0.6886666666666666,0.065,0.059666666666666646,CBraMod,2x
Dreyer2023,26,0.8366666666666667,0.8833333333333332,0.8058333333333334,0.04666666666666662,0.07749999999999999,CBraMod,2x
Dreyer2023,27,0.8233333333333335,0.8383333333333333,0.7941666666666667,0.01499999999999998,0.044166666666666646,CBraMod,2x
Dreyer2023,28,0.8083333333333332,0.8433333333333334,0.8073333333333335,0.03499999999999998,0.03599999999999994,CBraMod,2x
Dreyer2023,30,0.7483333333333333,0.8216666666666667,0.7456666666666666,0.07333333333333333,0.076,CBraMod,2x
Dreyer2023,31,0.9,0.9283333333333333,0.8766666666666666,0.02833333333333326,0.0516666666666666,CBraMod,2x
Dreyer2023,32,0.8866666666666667,0.9233333333333332,0.8388333333333333,0.03666666666666666,0.08449999999999998,CBraMod,2x
Dreyer2023,33,0.8033333333333333,0.8383333333333333,0.7828333333333334,0.03499999999999998,0.055499999999999904,CBraMod,2x
Dreyer2023,34,0.8433333333333334,0.8799999999999999,0.835,0.03666666666666662,0.04499999999999994,CBraMod,2x
Dreyer2023,35,0.8116666666666668,0.7899999999999999,0.7565000000000001,-0.021666666666666678,0.03349999999999986,CBraMod,2x
Dreyer2023,36,0.8400000000000001,0.8300000000000001,0.8296666666666667,-0.00999999999999998,0.0003333333333333605,CBraMod,2x
Dreyer2023,37,0.7016666666666667,0.7849999999999999,0.6851666666666667,0.0833333333333333,0.09983333333333329,CBraMod,2x
Dreyer2023,38,0.8816666666666666,0.9,0.8379999999999999,0.01833333333333336,0.061999999999999965,CBraMod,2x
Dreyer2023,39,0.9349999999999999,0.9516666666666665,0.9391666666666666,0.016666666666666618,0.012499999999999959,CBraMod,2x
Dreyer2023,40,0.8775862068965518,0.8758620689655172,0.8494827586206896,-0.001724137931034521,0.0263793103448276,CBraMod,2x
Dreyer2023,42,0.7816666666666666,0.845,0.7576666666666666,0.0633333333333333,0.08733333333333328,CBraMod,2x
Dreyer2023,43,0.9033333333333333,0.9100000000000001,0.899,0.006666666666666659,0.011000000000000041,CBraMod,2x
Dreyer2023,44,0.6533333333333333,0.6783333333333335,0.658,0.02500000000000004,0.02033333333333336,CBraMod,2x
Dreyer2023,45,0.7849999999999999,0.8300000000000001,0.772,0.04499999999999994,0.05800000000000001,CBraMod,2x
Dreyer2023,46,0.7416666666666667,0.6900000000000001,0.7161666666666667,-0.05166666666666664,-0.02616666666666668,CBraMod,2x
Dreyer2023,47,0.9149999999999998,0.9366666666666665,0.8859999999999999,0.02166666666666662,0.05066666666666654,CBraMod,2x
Dreyer2023,48,0.675,0.6766666666666666,0.66,0.0016666666666666579,0.016666666666666642,CBraMod,2x
Dreyer2023,49,0.805,0.8566666666666667,0.7768333333333333,0.05166666666666662,0.07983333333333334,CBraMod,2x
Dreyer2023,50,0.6333333333333333,0.6283333333333333,0.6133333333333335,-0.00499999999999994,0.01499999999999988,CBraMod,2x
Dreyer2023,51,0.775,0.7983333333333333,0.7581666666666667,0.02333333333333332,0.04016666666666659,CBraMod,2x
Dreyer2023,52,0.8216666666666667,0.8283333333333334,0.7948333333333333,0.00666666666666664,0.03349999999999996,CBraMod,2x
Dreyer2023,53,0.8266666666666668,0.8400000000000001,0.8045,0.013333333333333303,0.035499999999999976,CBraMod,2x
Dreyer2023,54,0.7466666666666667,0.7933333333333333,0.7278333333333333,0.04666666666666666,0.06549999999999997,CBraMod,2x
Dreyer2023,55,0.9333333333333333,0.9466666666666667,0.9255000000000001,0.0133333333333333,0.02116666666666664,CBraMod,2x
Dreyer2023,56,0.9400000000000001,0.9816666666666667,0.9103333333333333,0.041666666666666616,0.07133333333333328,CBraMod,2x
Dreyer2023,57,0.6799999999999999,0.7233333333333334,0.6786666666666668,0.04333333333333328,0.044666666666666584,CBraMod,2x
Dreyer2023,58,0.95,0.9583333333333334,0.9376666666666665,0.0083333333333333,0.02066666666666664,CBraMod,2x
Dreyer2023,59,0.79,0.765,0.78325,-0.02499999999999996,-0.01825000000000006,CBraMod,2x
Dreyer2023,60,0.8566666666666667,0.915,0.8390000000000001,0.05833333333333328,0.07599999999999991,CBraMod,2x
Dreyer2023,61,0.8933333333333333,0.8949999999999999,0.8743333333333334,0.0016666666666666809,0.02066666666666664,CBraMod,2x
Dreyer2023,62,0.755,0.8066666666666666,0.7325,0.05166666666666657,0.07416666666666656,CBraMod,2x
Dreyer2023,63,0.8516666666666666,0.8816666666666666,0.8151666666666667,0.02999999999999996,0.06649999999999992,CBraMod,2x
Dreyer2023,64,0.8033333333333333,0.8883333333333333,0.8055,0.08499999999999998,0.08283333333333329,CBraMod,2x
Dreyer2023,65,0.82,0.8733333333333334,0.8033333333333333,0.0533333333333333,0.06999999999999997,CBraMod,2x
Dreyer2023,66,0.7466666666666667,0.7533333333333333,0.7266666666666667,0.006666666666666659,0.0266666666666666,CBraMod,2x
Dreyer2023,67,0.8266666666666668,0.8316666666666667,0.8056666666666666,0.004999999999999958,0.02599999999999994,CBraMod,2x
Dreyer2023,68,0.7716666666666667,0.7933333333333333,0.7343333333333334,0.02166666666666662,0.05899999999999996,CBraMod,2x
Dreyer2023,69,0.8516666666666666,0.8666666666666668,0.8286666666666667,0.015000000000000019,0.03799999999999998,CBraMod,2x
Dreyer2023,70,0.7133333333333333,0.755,0.6803333333333332,0.0416666666666666,0.0746666666666666,CBraMod,2x
Dreyer2023,71,0.8266666666666665,0.8633333333333333,0.7975000000000001,0.03666666666666666,0.06583333333333327,CBraMod,2x
Dreyer2023,72,0.825,0.9383333333333332,0.8195,0.11333333333333329,0.11883333333333326,CBraMod,2x
Dreyer2023,73,0.7933333333333333,0.8983333333333332,0.7791666666666666,0.10499999999999994,0.11916666666666667,CBraMod,2x
Dreyer2023,74,0.7816666666666666,0.805,0.7608333333333334,0.023333333333333362,0.04416666666666662,CBraMod,2x
Dreyer2023,75,0.78,0.8183333333333334,0.772,0.038333333333333296,0.0463333333333332,CBraMod,2x
Dreyer2023,76,0.8550000000000001,0.9116666666666667,0.8436666666666668,0.05666666666666664,0.06799999999999996,CBraMod,2x
Dreyer2023,77,0.8433333333333334,0.8483333333333333,0.819,0.00499999999999994,0.0293333333333333,CBraMod,2x
Dreyer2023,80,0.7433333333333334,0.8150000000000001,0.7261666666666666,0.07166666666666666,0.08883333333333329,CBraMod,2x
Dreyer2023,81,0.8433333333333334,0.8516666666666666,0.8213333333333332,0.00833333333333334,0.030333333333333302,CBraMod,2x
Dreyer2023,82,0.8266666666666665,0.9,0.7948333333333334,0.07333333333333332,0.10516666666666659,CBraMod,2x
Dreyer2023,83,0.7033333333333334,0.7483333333333333,0.6946666666666667,0.044999999999999915,0.05366666666666664,CBraMod,2x
Dreyer2023,84,0.8616666666666667,0.8766666666666666,0.8141666666666667,0.015000000000000003,0.06249999999999993,CBraMod,2x
Dreyer2023,85,0.7683333333333333,0.775,0.7464999999999999,0.00666666666666668,0.02850000000000002,CBraMod,2x
Dreyer2023,86,0.8333333333333334,0.8183333333333334,0.8138333333333334,-0.015000000000000003,0.0045,CBraMod,2x
Dreyer2023,87,0.7966666666666666,0.8283333333333334,0.8011666666666667,0.0316666666666666,0.027166666666666582,CBraMod,2x
PhysionetMI,1,0.8106060606060606,0.7477272727272728,0.7909848484848486,-0.06287878787878783,-0.043257575757575786,CBraMod,2x
PhysionetMI,2,0.9246153846153845,0.926923076923077,0.8871538461538462,0.002307692307692359,0.03976923076923074,CBraMod,2x
PhysionetMI,3,0.9234848484848485,0.9643939393939395,0.9119696969696971,0.04090909090909088,0.05242424242424234,CBraMod,2x
PhysionetMI,4,0.9015151515151516,0.9204545454545453,0.8927272727272728,0.018939393939393877,0.0277272727272727,CBraMod,2x
PhysionetMI,5,0.6833333333333333,0.6977272727272728,0.7196212121212121,0.01439393939393942,-0.02189393939393932,CBraMod,2x
PhysionetMI,6,0.8984848484848484,0.8946969696969698,0.8510606060606062,-0.0037878787878787594,0.043636363636363584,CBraMod,2x
PhysionetMI,7,0.9916666666666666,0.9749999999999999,0.9812878787878787,-0.01666666666666668,-0.0062878787878788405,CBraMod,2x
PhysionetMI,8,0.8378787878787879,0.8598484848484848,0.7984848484848486,0.02196969696969698,0.06136363636363632,CBraMod,2x
PhysionetMI,9,0.8876923076923078,0.8961538461538462,0.8621538461538462,0.008461538461538501,0.034000000000000016,CBraMod,2x
PhysionetMI,10,0.7176923076923077,0.7176923076923077,0.7125384615384616,2.0816681711721685e-17,0.00515384615384612,CBraMod,2x
PhysionetMI,11,0.7174242424242424,0.6477272727272727,0.7170454545454545,-0.06969696969696967,-0.06931818181818178,CBraMod,2x
PhysionetMI,12,0.8643939393939395,0.8984848484848487,0.8652272727272727,0.034090909090909116,0.03325757575757576,CBraMod,2x
PhysionetMI,13,0.7568181818181818,0.8590909090909091,0.766969696969697,0.10227272727272729,0.09212121212121208,CBraMod,2x
PhysionetMI,14,0.8143939393939394,0.8416666666666668,0.7912121212121213,0.0272727272727273,0.05045454545454544,CBraMod,2x
PhysionetMI,15,0.953846153846154,0.9669230769230769,0.9648461538461539,0.013076923076923042,0.00207692307692304,CBraMod,2x
PhysionetMI,16,0.6772727272727274,0.6136363636363636,0.6238636363636363,-0.06363636363636364,-0.010227272727272618,CBraMod,2x
PhysionetMI,17,0.7765151515151516,0.8606060606060606,0.7965909090909091,0.08409090909090906,0.06401515151515151,CBraMod,2x
PhysionetMI,18,1.0,1.0,0.985,0.0,0.01499999999999994,CBraMod,2x
PhysionetMI,19,0.9098484848484849,0.8878787878787879,0.8558333333333333,-0.02196969696969698,0.0320454545454545,CBraMod,2x
PhysionetMI,20,0.9219696969696969,0.9386363636363637,0.8903030303030303,0.01666666666666672,0.04833333333333328,CBraMod,2x
PhysionetMI,21,0.7780303030303031,0.8560606060606061,0.7581818181818182,0.07803030303030298,0.09787878787878776,CBraMod,2x
PhysionetMI,22,0.9469696969696969,0.9727272727272727,0.9312878787878788,0.025757575757575757,0.0414393939393939,CBraMod,2x
PhysionetMI,23,0.8146153846153845,0.7707692307692308,0.782,-0.04384615384615376,-0.0112307692307692,CBraMod,2x
PhysionetMI,24,0.8174242424242424,0.7689393939393939,0.7644696969696969,-0.04848484848484848,0.004469696969696941,CBraMod,2x
PhysionetMI,25,0.5931818181818181,0.5636363636363637,0.5740151515151515,-0.02954545454545454,-0.010378787878787798,CBraMod,2x
PhysionetMI,26,0.5623076923076923,0.5946153846153847,0.5752307692307692,0.0323076923076923,0.019384615384615417,CBraMod,2x
PhysionetMI,27,0.8431818181818181,0.8446969696969697,0.8628787878787879,0.0015151515151515,-0.01818181818181818,CBraMod,2x
PhysionetMI,28,0.8265151515151515,0.8340909090909092,0.7936363636363636,0.00757575757575758,0.04045454545454544,CBraMod,2x
PhysionetMI,29,0.728030303030303,0.8780303030303032,0.7729545454545454,0.14999999999999997,0.10507575757575753,CBraMod,2x
PhysionetMI,30,0.8931818181818182,0.9280303030303031,0.8807575757575759,0.03484848484848484,0.04727272727272724,CBraMod,2x
PhysionetMI,31,0.7674242424242425,0.7340909090909091,0.758939393939394,-0.03333333333333334,-0.02484848484848476,CBraMod,2x
PhysionetMI,32,0.9099999999999999,0.9023076923076923,0.9153846153846154,-0.00769230769230766,-0.013076923076923019,CBraMod,2x
PhysionetMI,33,0.9295454545454545,0.9151515151515153,0.924469696969697,-0.01439393939393934,-0.009318181818181778,CBraMod,2x
PhysionetMI,34,0.8615384615384615,0.883846153846154,0.8151538461538463,0.0223076923076923,0.06869230769230762,CBraMod,2x
PhysionetMI,35,0.7977272727272727,0.8227272727272729,0.7549242424242424,0.024999999999999977,0.06780303030303032,CBraMod,2x
PhysionetMI,36,0.9113636363636364,0.9318181818181819,0.8484848484848484,0.02045454545454538,0.0833333333333333,CBraMod,2x
PhysionetMI,37,0.6712121212121211,0.8121212121212121,0.6902272727272727,0.14090909090909085,0.12189393939393933,CBraMod,2x
PhysionetMI,38,0.5128787878787879,0.4992424242424242,0.46469696969696955,-0.013636363636363636,0.03454545454545462,CBraMod,2x
PhysionetMI,39,0.7628787878787879,0.718939393939394,0.6996212121212121,-0.043939393939393924,0.01931818181818174,CBraMod,2x
PhysionetMI,40,0.9818181818181818,0.956060606060606,0.9585606060606061,-0.025757575757575778,-0.0025000000000000603,CBraMod,2x
PhysionetMI,41,0.9669230769230769,0.8676923076923078,0.9456153846153846,-0.09923076923076914,-0.07792307692307687,CBraMod,2x
PhysionetMI,42,0.8666666666666668,0.9333333333333332,0.8789393939393939,0.0666666666666666,0.05439393939393933,CBraMod,2x
PhysionetMI,43,0.8303030303030303,0.8545454545454545,0.8389393939393941,0.02424242424242422,0.0156060606060606,CBraMod,2x
PhysionetMI,44,0.8787878787878787,0.8689393939393939,0.8862121212121213,-0.009848484848484839,-0.017272727272727263,CBraMod,2x
PhysionetMI,45,0.8,0.8151515151515152,0.7875757575757576,0.015151515151515199,0.02757575757575758,CBraMod,2x
PhysionetMI,46,0.7962121212121211,0.7371212121212121,0.7615909090909091,-0.05909090909090899,-0.02446969696969696,CBraMod,2x
PhysionetMI,47,0.7053030303030303,0.7901515151515152,0.7434090909090909,0.0848484848484848,0.04674242424242422,CBraMod,2x
PhysionetMI,48,0.9833333333333332,0.9727272727272727,0.967878787878788,-0.01060606060606056,0.004848484848484839,CBraMod,2x
PhysionetMI,49,0.7704545454545455,0.7477272727272727,0.7355303030303031,-0.02272727272727278,0.0121969696969696,CBraMod,2x
PhysionetMI,50,0.7439393939393939,0.8666666666666666,0.7980303030303031,0.12272727272727271,0.06863636363636354,CBraMod,2x
PhysionetMI,51,0.85,0.9037878787878787,0.8072727272727273,0.05378787878787874,0.09651515151515144,CBraMod,2x
PhysionetMI,52,0.9092307692307692,0.8469230769230769,0.8530000000000001,-0.06230769230769234,-0.0060769230769230995,CBraMod,2x
PhysionetMI,53,0.8757575757575757,0.9545454545454547,0.875909090909091,0.07878787878787878,0.07863636363636366,CBraMod,2x
PhysionetMI,54,0.8575757575757577,0.9242424242424242,0.8573484848484849,0.06666666666666667,0.06689393939393937,CBraMod,2x
PhysionetMI,55,0.8719696969696971,0.8522727272727273,0.8345454545454546,-0.0196969696969697,0.017727272727272737,CBraMod,2x
PhysionetMI,56,0.843939393939394,0.8356060606060606,0.8328787878787878,-0.00833333333333336,0.002727272727272738,CBraMod,2x
PhysionetMI,57,0.9583333333333333,0.9499999999999998,0.9511363636363637,-0.008333333333333342,-0.001136363636363702,CBraMod,2x
PhysionetMI,58,0.8476923076923077,0.8592307692307692,0.8069230769230769,0.01153846153846158,0.0523076923076923,CBraMod,2x
PhysionetMI,59,0.7007575757575758,0.7462121212121212,0.6608333333333334,0.045454545454545435,0.08537878787878786,CBraMod,2x
PhysionetMI,60,0.8776923076923078,0.9084615384615387,0.8566153846153848,0.03076923076923076,0.05184615384615382,CBraMod,2x
PhysionetMI,61,0.9545454545454547,0.9462121212121213,0.9492424242424244,-0.00833333333333334,-0.003030303030303124,CBraMod,2x
PhysionetMI,62,0.9333333333333333,0.9333333333333333,0.9232575757575759,0.0,0.0100757575757575,CBraMod,2x
PhysionetMI,63,0.7901515151515152,0.7492424242424243,0.7627272727272728,-0.04090909090909086,-0.013484848484848499,CBraMod,2x
PhysionetMI,64,0.7613636363636364,0.7803030303030303,0.7559848484848485,0.01893939393939392,0.02431818181818176,CBraMod,2x
PhysionetMI,65,0.9325757575757576,0.8681818181818182,0.8717424242424243,-0.06439393939393934,-0.0035606060606060384,CBraMod,2x
PhysionetMI,66,0.7530303030303032,0.7053030303030303,0.7661363636363636,-0.047727272727272695,-0.06083333333333328,CBraMod,2x
PhysionetMI,67,0.775,0.8386363636363636,0.7721969696969697,0.06363636363636356,0.06643939393939383,CBraMod,2x
PhysionetMI,68,0.7318181818181818,0.6984848484848485,0.711969696969697,-0.03333333333333334,-0.013484848484848499,CBraMod,2x
PhysionetMI,69,0.8015384615384615,0.9338461538461539,0.8362307692307693,0.13230769230769227,0.09761538461538456,CBraMod,2x
PhysionetMI,70,0.9651515151515151,0.9666666666666665,0.95,0.0015151515151514401,0.01666666666666652,CBraMod,2x
PhysionetMI,71,0.8787878787878789,0.9053030303030303,0.8746969696969698,0.026515151515151457,0.030606060606060505,CBraMod,2x
PhysionetMI,72,0.990909090909091,0.9727272727272727,0.9681818181818184,-0.01818181818181816,0.004545454545454439,CBraMod,2x
PhysionetMI,73,0.7916666666666667,0.8015151515151515,0.7720454545454546,0.009848484848484862,0.029469696969697,CBraMod,2x
PhysionetMI,74,0.7401515151515151,0.753030303030303,0.7368181818181818,0.012878787878787861,0.01621212121212116,CBraMod,2x
PhysionetMI,75,0.6962121212121213,0.706060606060606,0.6924242424242424,0.009848484848484801,0.01363636363636366,CBraMod,2x
PhysionetMI,76,0.5606060606060606,0.5068181818181818,0.5759848484848484,-0.05378787878787872,-0.06916666666666663,CBraMod,2x
PhysionetMI,77,0.6037878787878788,0.6795454545454545,0.6063636363636363,0.07575757575757572,0.07318181818181818,CBraMod,2x
PhysionetMI,78,0.48484848484848475,0.40681818181818175,0.5023484848484848,-0.078030303030303,-0.095530303030303,CBraMod,2x
PhysionetMI,79,0.7166666666666667,0.7416666666666667,0.7357575757575758,0.02499999999999996,0.0059090909090909,CBraMod,2x
PhysionetMI,80,0.7707692307692308,0.85,0.7818461538461537,0.07923076923076919,0.06815384615384618,CBraMod,2x
PhysionetMI,81,0.8886363636363637,0.8469696969696969,0.8421969696969697,-0.041666666666666644,0.004772727272727301,CBraMod,2x
PhysionetMI,82,0.8378787878787879,0.8689393939393939,0.8362121212121213,0.03106060606060606,0.0327272727272727,CBraMod,2x
PhysionetMI,83,0.7692307692307694,0.7584615384615384,0.7033846153846154,-0.010769230769230803,0.05507692307692302,CBraMod,2x
PhysionetMI,84,0.8568181818181818,0.8265151515151515,0.8276515151515152,-0.03030303030303026,-0.0011363636363635992,CBraMod,2x
PhysionetMI,85,0.8893939393939394,0.9492424242424242,0.8505303030303031,0.05984848484848482,0.09871212121212118,CBraMod,2x
PhysionetMI,86,0.976923076923077,0.9546153846153846,0.975,-0.022307692307692324,-0.0203846153846153,CBraMod,2x
PhysionetMI,87,0.5825757575757575,0.5598484848484848,0.5898484848484848,-0.02272727272727266,-0.03,CBraMod,2x
PhysionetMI,90,0.8651515151515152,0.8583333333333334,0.8427272727272728,-0.0068181818181818395,0.015606060606060517,CBraMod,2x
PhysionetMI,91,0.875,0.7818181818181819,0.8216666666666667,-0.09318181818181817,-0.03984848484848488,CBraMod,2x
PhysionetMI,93,0.7803030303030303,0.8598484848484848,0.7874242424242424,0.07954545454545452,0.07242424242424243,CBraMod,2x
PhysionetMI,94,0.7765151515151516,0.8196969696969697,0.7737878787878788,0.043181818181818196,0.04590909090909088,CBraMod,2x
PhysionetMI,95,0.6246153846153847,0.6284615384615384,0.6634615384615384,0.0038461538461538,-0.03499999999999996,CBraMod,2x
PhysionetMI,96,0.875,0.8666666666666666,0.8390909090909091,-0.00833333333333334,0.02757575757575752,CBraMod,2x
PhysionetMI,97,0.825,0.8621212121212121,0.822121212121212,0.037121212121212055,0.03999999999999996,CBraMod,2x
PhysionetMI,98,0.4613636363636363,0.4492424242424242,0.46098484848484844,-0.012121212121212121,-0.011742424242424221,CBraMod,2x
PhysionetMI,99,0.6606060606060605,0.6098484848484848,0.6459848484848485,-0.050757575757575744,-0.03613636363636362,CBraMod,2x
PhysionetMI,101,0.8846153846153847,0.9746153846153847,0.882923076923077,0.08999999999999994,0.09169230769230763,CBraMod,2x
PhysionetMI,102,0.7265151515151516,0.8651515151515152,0.7128787878787879,0.1386363636363636,0.15227272727272723,CBraMod,2x
PhysionetMI,103,0.865909090909091,0.7977272727272727,0.8478030303030304,-0.06818181818181818,-0.05007575757575752,CBraMod,2x
PhysionetMI,105,0.9242424242424242,0.9409090909090908,0.9344696969696968,0.0166666666666666,0.006439393939393942,CBraMod,2x
PhysionetMI,107,0.5727272727272728,0.5863636363636363,0.5549242424242424,0.013636363636363641,0.0314393939393939,CBraMod,2x
PhysionetMI,108,0.8113636363636363,0.8363636363636363,0.8073484848484849,0.02499999999999996,0.029015151515151445,CBraMod,2x
PhysionetMI,109,0.6765151515151515,0.6401515151515152,0.6543181818181819,-0.0363636363636363,-0.014166666666666699,CBraMod,2x
Cho2017,1,0.638,0.702,0.598,0.06399999999999992,0.10399999999999991,CBraMod,4x
Cho2017,2,0.522,0.528,0.5317999999999999,0.006000000000000001,-0.003799999999999962,CBraMod,4x
Cho2017,3,0.8099999999999999,0.892,0.7968000000000001,0.08199999999999989,0.0951999999999998,CBraMod,4x
Cho2017,4,0.674,0.764,0.6542,0.08999999999999998,0.10979999999999997,CBraMod,4x
Cho2017,5,0.9960000000000001,0.992,0.9773999999999999,-0.004,0.014599999999999941,CBraMod,4x
Cho2017,6,0.782,0.806,0.7976000000000001,0.024,0.00839999999999998,CBraMod,4x
Cho2017,7,0.5549999999999999,0.5683333333333334,0.538,0.013333333333333341,0.03033333333333334,CBraMod,4x
Cho2017,8,0.58,0.588,0.5606,0.007999999999999981,0.027399999999999963,CBraMod,4x
Cho2017,9,0.585,0.6016666666666667,0.5846666666666667,0.016666666666666656,0.01699999999999996,CBraMod,4x
Cho2017,10,0.604,0.6679999999999999,0.5631999999999999,0.06399999999999992,0.10479999999999993,CBraMod,4x
Cho2017,11,0.636,0.654,0.6195999999999999,0.018,0.034399999999999965,CBraMod,4x
Cho2017,12,0.562,0.718,0.5682,0.1559999999999999,0.14979999999999988,CBraMod,4x
Cho2017,13,0.914,0.974,0.8244,0.05999999999999998,0.14959999999999998,CBraMod,4x
Cho2017,14,0.834,0.884,0.7556,0.0499999999999999,0.1283999999999999,CBraMod,4x
Cho2017,15,0.5820000000000001,0.6739999999999999,0.5536000000000001,0.09199999999999989,0.12039999999999991,CBraMod,4x
Cho2017,16,0.634,0.6439999999999999,0.603,0.01,0.04099999999999992,CBraMod,4x
Cho2017,17,0.594,0.6439999999999999,0.5906,0.04999999999999998,0.053399999999999906,CBraMod,4x
Cho2017,18,0.63,0.6679999999999999,0.5978000000000001,0.03799999999999998,0.07019999999999986,CBraMod,4x
Cho2017,19,0.526,0.54,0.521,0.014000000000000002,0.019,CBraMod,4x
Cho2017,20,0.592,0.6679999999999999,0.592,0.0759999999999999,0.07599999999999991,CBraMod,4x
Cho2017,21,0.602,0.61,0.5810000000000001,0.008000000000000021,0.028999999999999998,CBraMod,4x
Cho2017,22,0.6599999999999999,0.658,0.592,-0.001999999999999959,0.06599999999999996,CBraMod,4x
Cho2017,23,0.6559999999999999,0.706,0.6188,0.04999999999999994,0.08719999999999993,CBraMod,4x
Cho2017,24,0.588,0.5860000000000001,0.5582,-0.0020000000000000018,0.027799999999999943,CBraMod,4x
Cho2017,25,0.616,0.614,0.5923999999999999,-0.002000000000000044,0.02159999999999998,CBraMod,4x
Cho2017,26,0.9879999999999999,0.9960000000000001,0.9794,0.008,0.01660000000000004,CBraMod,4x
Cho2017,27,0.584,0.6,0.564,0.016,0.036,CBraMod,4x
Cho2017,28,0.654,0.908,0.6274,0.2539999999999999,0.2805999999999999,CBraMod,4x
Cho2017,29,0.518,0.546,0.48460000000000003,0.028000000000000004,0.061399999999999996,CBraMod,4x
Cho2017,30,0.6900000000000001,0.77,0.6666000000000001,0.07999999999999999,0.10339999999999996,CBraMod,4x
Cho2017,31,0.5780000000000001,0.6619999999999999,0.5374000000000001,0.0839999999999999,0.1245999999999999,CBraMod,4x
Cho2017,32,0.592,0.624,0.5824,0.03199999999999996,0.041599999999999984,CBraMod,4x
Cho2017,33,0.5880000000000001,0.534,0.5536000000000001,-0.05399999999999996,-0.01959999999999998,CBraMod,4x
Cho2017,34,0.5519999999999999,0.5680000000000001,0.5612,0.01600000000000006,0.0068000000000000395,CBraMod,4x
Cho2017,35,0.476,0.874,0.4606,0.398,0.4133999999999999,CBraMod,4x
Cho2017,36,0.5960000000000001,0.5740000000000001,0.6,-0.022000000000000002,-0.026000000000000002,CBraMod,4x
Cho2017,37,0.866,0.86,0.8664,-0.005999999999999938,-0.006399999999999921,CBraMod,4x
Cho2017,38,0.604,0.632,0.5714,0.02799999999999996,0.06059999999999999,CBraMod,4x
Cho2017,39,0.542,0.5700000000000001,0.5406000000000001,0.028000000000000004,0.02939999999999998,CBraMod,4x
Cho2017,40,0.512,0.522,0.5105999999999999,0.010000000000000018,0.011399999999999999,CBraMod,4x
Cho2017,41,0.674,0.788,0.6306,0.11399999999999999,0.15739999999999998,CBraMod,4x
Cho2017,42,0.572,0.53,0.5524,-0.04199999999999994,-0.02239999999999994,CBraMod,4x
Cho2017,43,1.0,1.0,0.999,0.0,0.00100000000000002,CBraMod,4x
Cho2017,44,0.924,0.95,0.9044000000000001,0.025999999999999978,0.04559999999999996,CBraMod,4x
Cho2017,45,0.512,0.562,0.532,0.04999999999999998,0.030000000000000044,CBraMod,4x
Cho2017,46,0.605,0.7,0.6088333333333333,0.09499999999999996,0.09116666666666665,CBraMod,4x
Cho2017,47,0.8400000000000001,0.8460000000000001,0.8074000000000001,0.005999999999999979,0.0385999999999999,CBraMod,4x
Cho2017,48,0.71,0.674,0.6554,-0.035999999999999976,0.01859999999999994,CBraMod,4x
Cho2017,49,1.0,1.0,1.0,0.0,0.0,CBraMod,4x
Cho2017,50,0.9279999999999999,1.0,0.9352,0.07199999999999998,0.06479999999999998,CBraMod,4x
Cho2017,51,0.61,0.6,0.5942000000000001,-0.009999999999999957,0.005800000000000081,CBraMod,4x
Cho2017,52,0.63,0.688,0.5968,0.05799999999999994,0.09119999999999992,CBraMod,4x
Dreyer2023,1,0.9183333333333333,0.9133333333333333,0.8961666666666666,-0.005,0.017166666666666643,CBraMod,4x
Dreyer2023,2,0.6733333333333333,0.7266666666666667,0.6766666666666666,0.053333333333333344,0.04999999999999996,CBraMod,4x
Dreyer2023,3,0.8533333333333333,0.8683333333333334,0.8418333333333333,0.015000000000000041,0.026499999999999958,CBraMod,4x
Dreyer2023,5,0.9416666666666667,0.9483333333333333,0.9188333333333333,0.006666666666666682,0.0295,CBraMod,4x
Dreyer2023,6,0.8,0.8316666666666667,0.7986666666666666,0.03166666666666662,0.03299999999999994,CBraMod,4x
Dreyer2023,7,0.9833333333333334,0.9833333333333332,0.9653333333333333,-3.95516952522712e-17,0.018,CBraMod,4x
Dreyer2023,8,0.8783333333333333,0.8949999999999999,0.8676666666666666,0.016666666666666642,0.027333333333333265,CBraMod,4x
Dreyer2023,10,0.9533333333333334,0.9716666666666667,0.952,0.01833333333333334,0.01966666666666666,CBraMod,4x
Dreyer2023,11,0.63,0.715,0.6106666666666667,0.08499999999999992,0.10433333333333328,CBraMod,4x
Dreyer2023,12,0.9283333333333333,0.95,0.9273333333333333,0.0216666666666666,0.022666666666666602,CBraMod,4x
Dreyer2023,13,0.7733333333333333,0.7666666666666666,0.7595000000000001,-0.006666666666666657,0.00716666666666658,CBraMod,4x
Dreyer2023,14,0.7016666666666667,0.7716666666666667,0.6848333333333334,0.06999999999999994,0.08683333333333329,CBraMod,4x
Dreyer2023,15,0.9416666666666667,0.9516666666666665,0.9349999999999999,0.01000000000000002,0.016666666666666642,CBraMod,4x
Dreyer2023,16,0.8233333333333335,0.885,0.8,0.06166666666666661,0.0849999999999999,CBraMod,4x
Dreyer2023,18,0.9166666666666666,0.9400000000000001,0.9108333333333333,0.023333333333333282,0.029166666666666563,CBraMod,4x
Dreyer2023,19,0.9199999999999999,0.9533333333333334,0.8988333333333334,0.0333333333333333,0.05449999999999994,CBraMod,4x
Dreyer2023,20,0.9433333333333334,0.9366666666666668,0.915,-0.006666666666666659,0.02166666666666664,CBraMod,4x
Dreyer2023,21,0.9016666666666666,0.9333333333333332,0.9071666666666667,0.031666666666666635,0.02616666666666656,CBraMod,4x
Dreyer2023,22,0.9016666666666666,0.9366666666666665,0.8906666666666666,0.03499999999999996,0.045999999999999944,CBraMod,4x
Dreyer2023,23,0.77,0.8233333333333335,0.7553333333333333,0.0533333333333333,0.06799999999999998,CBraMod,4x
Dreyer2023,24,0.9616666666666667,0.9616666666666666,0.9521666666666666,-2.0122792321330962e-17,0.0095,CBraMod,4x
Dreyer2023,25,0.7283333333333333,0.7516666666666667,0.7074999999999999,0.023333333333333296,0.044166666666666674,CBraMod,4x
Dreyer2023,26,0.8383333333333333,0.8983333333333332,0.8363333333333334,0.05999999999999996,0.061999999999999944,CBraMod,4x
Dreyer2023,27,0.805,0.8183333333333334,0.783,0.013333333333333303,0.03533333333333332,CBraMod,4x
Dreyer2023,28,0.8033333333333333,0.8433333333333334,0.8109999999999999,0.04,0.03233333333333328,CBraMod,4x
Dreyer2023,30,0.7366666666666667,0.8316666666666667,0.7464999999999999,0.09499999999999986,0.08516666666666656,CBraMod,4x
Dreyer2023,31,0.925,0.9266666666666665,0.8861666666666668,0.0016666666666666594,0.040499999999999925,CBraMod,4x
Dreyer2023,32,0.8516666666666668,0.9166666666666667,0.844,0.06499999999999995,0.07266666666666666,CBraMod,4x
Dreyer2023,33,0.8066666666666666,0.8366666666666667,0.7953333333333333,0.02999999999999998,0.04133333333333328,CBraMod,4x
Dreyer2023,34,0.8366666666666667,0.8416666666666666,0.8219999999999998,0.004999999999999981,0.01966666666666666,CBraMod,4x
Dreyer2023,35,0.7966666666666666,0.8033333333333333,0.7615000000000001,0.006666666666666679,0.04183333333333332,CBraMod,4x
Dreyer2023,36,0.8483333333333334,0.845,0.8386666666666667,-0.0033333333333333604,0.00633333333333332,CBraMod,4x
Dreyer2023,37,0.725,0.7966666666666666,0.6938333333333333,0.07166666666666663,0.10283333333333333,CBraMod,4x
Dreyer2023,38,0.8683333333333334,0.9,0.8516666666666668,0.031666666666666635,0.0483333333333333,CBraMod,4x
Dreyer2023,39,0.9400000000000001,0.9466666666666667,0.9445,0.00666666666666664,0.0021666666666666596,CBraMod,4x
Dreyer2023,40,0.8793103448275863,0.8827586206896552,0.8632758620689656,0.0034482758620688995,0.01948275862068962,CBraMod,4x
Dreyer2023,42,0.7883333333333333,0.8566666666666667,0.7563333333333333,0.0683333333333333,0.10033333333333334,CBraMod,4x
Dreyer2023,43,0.9283333333333333,0.9166666666666666,0.9066666666666666,-0.01166666666666664,0.01000000000000002,CBraMod,4x
Dreyer2023,44,0.6616666666666667,0.6849999999999999,0.667,0.02333333333333328,0.018,CBraMod,4x
Dreyer2023,45,0.7866666666666666,0.8183333333333334,0.7908333333333333,0.03166666666666662,0.027499999999999903,CBraMod,4x
Dreyer2023,46,0.7683333333333333,0.7216666666666667,0.7366666666666666,-0.0466666666666666,-0.014999999999999899,CBraMod,4x
Dreyer2023,47,0.8966666666666667,0.93,0.8875,0.033333333333333305,0.04249999999999994,CBraMod,4x
Dreyer2023,48,0.65,0.6833333333333333,0.6595000000000001,0.03333333333333326,0.023833333333333238,CBraMod,4x
Dreyer2023,49,0.8166666666666667,0.835,0.7834999999999999,0.01833333333333332,0.051500000000000004,CBraMod,4x
Dreyer2023,50,0.665,0.6466666666666667,0.6486666666666666,-0.018333333333333302,-0.001999999999999981,CBraMod,4x
Dreyer2023,51,0.7716666666666667,0.7916666666666666,0.7526666666666666,0.01999999999999998,0.038999999999999965,CBraMod,4x
Dreyer2023,52,0.8083333333333333,0.8316666666666667,0.7966666666666666,0.0233333333333333,0.0349999999999999,CBraMod,4x
Dreyer2023,53,0.8433333333333334,0.8566666666666667,0.8271666666666666,0.013333333333333322,0.02949999999999996,CBraMod,4x
Dreyer2023,54,0.7316666666666667,0.8216666666666667,0.7271666666666666,0.08999999999999994,0.09449999999999989,CBraMod,4x
Dreyer2023,55,0.9266666666666667,0.9216666666666666,0.9253333333333333,-0.004999999999999978,-0.0036666666666667,CBraMod,4x
Dreyer2023,56,0.93,0.9666666666666668,0.9045,0.03666666666666662,0.06216666666666656,CBraMod,4x
Dreyer2023,57,0.67,0.7366666666666667,0.6855,0.06666666666666664,0.05116666666666662,CBraMod,4x
Dreyer2023,58,0.9633333333333333,0.9733333333333333,0.9566666666666667,0.01000000000000002,0.01666666666666662,CBraMod,4x
Dreyer2023,59,0.7849999999999999,0.78,0.792,-0.0049999999999999975,-0.01199999999999998,CBraMod,4x
Dreyer2023,60,0.8683333333333334,0.9149999999999998,0.8501666666666667,0.046666666666666655,0.0648333333333333,CBraMod,4x
Dreyer2023,61,0.8833333333333332,0.9066666666666666,0.8651666666666668,0.02333333333333332,0.041499999999999856,CBraMod,4x
Dreyer2023,62,0.7733333333333333,0.82,0.7296666666666667,0.04666666666666662,0.09033333333333324,CBraMod,4x
Dreyer2023,63,0.8400000000000001,0.8716666666666667,0.8258333333333333,0.03166666666666664,0.04583333333333328,CBraMod,4x
Dreyer2023,64,0.7716666666666666,0.8883333333333333,0.7918333333333334,0.11666666666666665,0.09649999999999988,CBraMod,4x
Dreyer2023,65,0.8183333333333334,0.8699999999999999,0.7968333333333333,0.05166666666666666,0.0731666666666667,CBraMod,4x
Dreyer2023,66,0.74,0.7616666666666667,0.7381666666666666,0.02166666666666666,0.02349999999999996,CBraMod,4x
Dreyer2023,67,0.8133333333333332,0.8233333333333335,0.808,0.01000000000000002,0.015333333333333398,CBraMod,4x
Dreyer2023,68,0.7383333333333333,0.7849999999999999,0.7326666666666667,0.04666666666666666,0.05233333333333327,CBraMod,4x
Dreyer2023,69,0.8550000000000001,0.8766666666666666,0.8400000000000001,0.021666666666666577,0.036666666666666584,CBraMod,4x
Dreyer2023,70,0.7333333333333333,0.765,0.7095,0.03166666666666666,0.05549999999999996,CBraMod,4x
Dreyer2023,71,0.8533333333333333,0.8633333333333333,0.8071666666666666,0.00999999999999996,0.05616666666666664,CBraMod,4x
Dreyer2023,72,0.845,0.9349999999999999,0.8443333333333334,0.0899999999999999,0.09066666666666659,CBraMod,4x
Dreyer2023,73,0.8099999999999999,0.8933333333333333,0.794,0.08333333333333329,0.09933333333333332,CBraMod,4x
Dreyer2023,74,0.765,0.7933333333333333,0.7558333333333334,0.0283333333333333,0.03749999999999998,CBraMod,4x
Dreyer2023,75,0.7933333333333333,0.8133333333333332,0.7658333333333334,0.019999999999999983,0.04749999999999996,CBraMod,4x
Dreyer2023,76,0.8583333333333334,0.9349999999999999,0.8551666666666666,0.07666666666666662,0.07983333333333331,CBraMod,4x
Dreyer2023,77,0.845,0.8483333333333334,0.8203333333333334,0.00333333333333334,0.02800000000000006,CBraMod,4x
Dreyer2023,80,0.7783333333333333,0.7983333333333333,0.7531666666666667,0.019999999999999997,0.04516666666666662,CBraMod,4x
Dreyer2023,81,0.8716666666666667,0.8733333333333334,0.8351666666666666,0.0016666666666666802,0.0381666666666666,CBraMod,4x
Dreyer2023,82,0.7933333333333333,0.8966666666666667,0.792,0.10333333333333325,0.10466666666666664,CBraMod,4x
Dreyer2023,83,0.6799999999999999,0.7466666666666667,0.6808333333333333,0.06666666666666658,0.0658333333333333,CBraMod,4x
Dreyer2023,84,0.8333333333333334,0.8833333333333332,0.8103333333333333,0.04999999999999994,0.07299999999999993,CBraMod,4x
Dreyer2023,85,0.74,0.8016666666666665,0.7471666666666666,0.061666666666666606,0.05449999999999996,CBraMod,4x
Dreyer2023,86,0.8216666666666667,0.8266666666666665,0.8116666666666668,0.005,0.015000000000000019,CBraMod,4x
Dreyer2023,87,0.7483333333333333,0.77,0.7558333333333334,0.02166666666666664,0.0141666666666666,CBraMod,4x
PhysionetMI,1,0.8030303030303031,0.7916666666666667,0.8132575757575757,-0.011363636363636359,-0.02159090909090906,CBraMod,4x
PhysionetMI,2,0.8792307692307693,0.9346153846153846,0.8711538461538462,0.055384615384615296,0.06346153846153843,CBraMod,4x
PhysionetMI,3,0.9734848484848484,0.9553030303030303,0.9182575757575758,-0.01818181818181816,0.0370454545454545,CBraMod,4x
PhysionetMI,4,0.9363636363636363,0.9295454545454547,0.901818181818182,-0.00681818181818186,0.0277272727272727,CBraMod,4x
PhysionetMI,5,0.7068181818181818,0.6992424242424242,0.7262121212121213,-0.00757575757575758,-0.02696969696969696,CBraMod,4x
PhysionetMI,6,0.8818181818181818,0.9053030303030305,0.8313636363636363,0.02348484848484848,0.07393939393939392,CBraMod,4x
PhysionetMI,7,0.9916666666666666,0.9583333333333333,0.9804545454545455,-0.03333333333333332,-0.02212121212121216,CBraMod,4x
PhysionetMI,8,0.831060606060606,0.8143939393939394,0.8059090909090909,-0.016666666666666677,0.008484848484848418,CBraMod,4x
PhysionetMI,9,0.8776923076923078,0.9161538461538463,0.86,0.03846153846153846,0.0561538461538462,CBraMod,4x
PhysionetMI,10,0.7284615384615385,0.7561538461538462,0.7164615384615385,0.027692307692307683,0.039692307692307645,CBraMod,4x
PhysionetMI,11,0.7628787878787879,0.6659090909090908,0.7449242424242424,-0.09696969696969696,-0.07901515151515151,CBraMod,4x
PhysionetMI,12,0.8287878787878787,0.8477272727272727,0.8334848484848484,0.01893939393939394,0.014242424242424282,CBraMod,4x
PhysionetMI,13,0.7234848484848484,0.7962121212121211,0.7318939393939394,0.07272727272727271,0.06431818181818176,CBraMod,4x
PhysionetMI,14,0.8666666666666666,0.8598484848484848,0.7953030303030303,-0.006818181818181784,0.06454545454545446,CBraMod,4x
PhysionetMI,15,0.9384615384615385,0.9923076923076923,0.9506153846153846,0.0538461538461538,0.04169230769230764,CBraMod,4x
PhysionetMI,16,0.706060606060606,0.6401515151515151,0.6537878787878788,-0.0659090909090909,-0.013636363636363641,CBraMod,4x
PhysionetMI,17,0.7765151515151515,0.8318181818181818,0.7909090909090909,0.0553030303030303,0.04090909090909084,CBraMod,4x
PhysionetMI,18,1.0,1.0,0.9850757575757576,0.0,0.014924242424242359,CBraMod,4x
PhysionetMI,19,0.8674242424242424,0.834848484848485,0.8463636363636363,-0.03257575757575756,-0.0115151515151515,CBraMod,4x
PhysionetMI,20,0.918939393939394,0.9477272727272726,0.881439393939394,0.028787878787878717,0.0662878787878787,CBraMod,4x
PhysionetMI,21,0.7787878787878788,0.8227272727272726,0.7698484848484849,0.04393939393939392,0.052878787878787845,CBraMod,4x
PhysionetMI,22,0.9545454545454547,0.9643939393939395,0.9181060606060607,0.0098484848484848,0.04628787878787874,CBraMod,4x
PhysionetMI,23,0.7869230769230768,0.7561538461538462,0.7678461538461538,-0.030769230769230722,-0.01169230769230764,CBraMod,4x
PhysionetMI,24,0.7643939393939394,0.8007575757575758,0.7262121212121212,0.03636363636363632,0.07454545454545454,CBraMod,4x
PhysionetMI,25,0.5492424242424242,0.4954545454545454,0.5387121212121212,-0.05378787878787879,-0.04325757575757576,CBraMod,4x
PhysionetMI,26,0.6230769230769231,0.5646153846153845,0.5918461538461538,-0.05846153846153844,-0.02723076923076918,CBraMod,4x
PhysionetMI,27,0.8689393939393939,0.8522727272727273,0.8517424242424243,-0.016666666666666642,0.0005303030303030795,CBraMod,4x
PhysionetMI,28,0.8340909090909092,0.7833333333333333,0.7917424242424242,-0.05075757575757574,-0.00840909090909094,CBraMod,4x
PhysionetMI,29,0.7636363636363637,0.846969696969697,0.7831818181818182,0.08333333333333333,0.06378787878787875,CBraMod,4x
PhysionetMI,30,0.8575757575757577,0.9204545454545455,0.8729545454545455,0.06287878787878783,0.047499999999999945,CBraMod,4x
PhysionetMI,31,0.7128787878787879,0.7151515151515151,0.7095454545454546,0.0022727272727272596,0.005606060606060621,CBraMod,4x
PhysionetMI,32,0.9523076923076923,0.95,0.9393076923076922,-0.0023076923076923187,0.010692307692307657,CBraMod,4x
PhysionetMI,33,0.9136363636363637,0.9045454545454547,0.9108333333333333,-0.00909090909090908,-0.00628787878787874,CBraMod,4x
PhysionetMI,34,0.8569230769230769,0.8430769230769231,0.7711538461538462,-0.013846153846153878,0.07192307692307685,CBraMod,4x
PhysionetMI,35,0.806060606060606,0.831060606060606,0.7712121212121212,0.025000000000000022,0.0598484848484848,CBraMod,4x
PhysionetMI,36,0.8856060606060605,0.8689393939393939,0.8605303030303031,-0.016666666666666666,0.008409090909090883,CBraMod,4x
PhysionetMI,37,0.6636363636363637,0.753030303030303,0.6646212121212122,0.0893939393939394,0.08840909090909084,CBraMod,4x
PhysionetMI,38,0.5189393939393939,0.44772727272727275,0.4763636363636364,-0.0712121212121212,-0.028636363636363637,CBraMod,4x
PhysionetMI,39,0.7007575757575758,0.7257575757575758,0.7038636363636364,0.024999999999999946,0.021893939393939344,CBraMod,4x
PhysionetMI,40,0.9643939393939395,0.9666666666666666,0.9603030303030303,0.00227272727272724,0.006363636363636319,CBraMod,4x
PhysionetMI,41,0.9846153846153847,0.8907692307692308,0.9574615384615385,-0.09384615384615377,-0.06669230769230766,CBraMod,4x
PhysionetMI,42,0.8083333333333333,0.8363636363636363,0.8307575757575758,0.02803030303030306,0.005606060606060599,CBraMod,4x
PhysionetMI,43,0.8719696969696968,0.8886363636363637,0.8549242424242424,0.01666666666666668,0.03371212121212122,CBraMod,4x
PhysionetMI,44,0.8795454545454546,0.8515151515151516,0.8803030303030303,-0.028030303030303017,-0.028787878787878723,CBraMod,4x
PhysionetMI,45,0.8234848484848485,0.8378787878787879,0.7986363636363637,0.014393939393939398,0.039242424242424176,CBraMod,4x
PhysionetMI,46,0.7848484848484849,0.7416666666666667,0.7700000000000001,-0.04318181818181817,-0.02833333333333334,CBraMod,4x
PhysionetMI,47,0.7477272727272728,0.7704545454545455,0.7395454545454546,0.02272727272727268,0.030909090909090865,CBraMod,4x
PhysionetMI,48,0.990909090909091,0.9636363636363636,0.978560606060606,-0.027272727272727237,-0.014924242424242399,CBraMod,4x
PhysionetMI,49,0.753030303030303,0.7742424242424242,0.7676515151515152,0.02121212121212126,0.006590909090909061,CBraMod,4x
PhysionetMI,50,0.725,0.8727272727272728,0.7399242424242425,0.1477272727272727,0.1328030303030303,CBraMod,4x
PhysionetMI,51,0.8113636363636363,0.8840909090909091,0.8268181818181818,0.07272727272727274,0.057272727272727274,CBraMod,4x
PhysionetMI,52,0.8938461538461538,0.8469230769230769,0.8706923076923078,-0.04692307692307694,-0.023769230769230838,CBraMod,4x
PhysionetMI,53,0.8833333333333334,0.9371212121212121,0.889090909090909,0.05378787878787874,0.048030303030303,CBraMod,4x
PhysionetMI,54,0.890909090909091,0.9227272727272726,0.8890151515151515,0.031818181818181815,0.0337121212121212,CBraMod,4x
PhysionetMI,55,0.8363636363636363,0.9136363636363635,0.8478787878787879,0.0772727272727272,0.06575757575757565,CBraMod,4x
PhysionetMI,56,0.8090909090909092,0.834848484848485,0.7928787878787878,0.02575757575757574,0.041969696969697004,CBraMod,4x
PhysionetMI,57,0.949242424242424,0.949242424242424,0.9346969696969698,0.0,0.014545454545454417,CBraMod,4x
PhysionetMI,58,0.826923076923077,0.866153846153846,0.8282307692307691,0.0392307692307692,0.03792307692307692,CBraMod,4x
PhysionetMI,59,0.6295454545454545,0.6575757575757575,0.6234848484848484,0.028030303030303037,0.03409090909090906,CBraMod,4x
PhysionetMI,60,0.8653846153846153,0.9161538461538463,0.8654615384615385,0.050769230769230775,0.05069230769230774,CBraMod,4x
PhysionetMI,61,0.9545454545454547,0.9545454545454547,0.9475757575757576,0.0,0.006969696969696898,CBraMod,4x
PhysionetMI,62,0.9333333333333333,0.9325757575757576,0.922348484848485,-0.0007575757575757194,0.010227272727272741,CBraMod,4x
PhysionetMI,63,0.7537878787878788,0.7757575757575758,0.748030303030303,0.021969696969696962,0.027727272727272677,CBraMod,4x
PhysionetMI,64,0.7886363636363637,0.771969696969697,0.776439393939394,-0.016666666666666642,-0.004469696969696918,CBraMod,4x
PhysionetMI,65,0.9000000000000001,0.8954545454545455,0.8736363636363637,-0.00454545454545458,0.0218181818181818,CBraMod,4x
PhysionetMI,66,0.7431818181818182,0.7318181818181818,0.7504545454545454,-0.01136363636363634,-0.01863636363636362,CBraMod,4x
PhysionetMI,67,0.740909090909091,0.8196969696969697,0.7543181818181818,0.07878787878787874,0.06537878787878788,CBraMod,4x
PhysionetMI,68,0.7174242424242425,0.7159090909090909,0.7346212121212121,-0.0015151515151515193,-0.01871212121212122,CBraMod,4x
PhysionetMI,69,0.8138461538461538,0.8361538461538462,0.8240769230769232,0.0223076923076923,0.012076923076923058,CBraMod,4x
PhysionetMI,70,0.9568181818181817,0.9333333333333333,0.9523484848484849,-0.02348484848484846,-0.01901515151515154,CBraMod,4x
PhysionetMI,71,0.906060606060606,0.915151515151515,0.8678787878787878,0.00909090909090906,0.04727272727272726,CBraMod,4x
PhysionetMI,72,0.990909090909091,0.9916666666666666,0.9744696969696969,0.0007575757575757201,0.01719696969696964,CBraMod,4x
PhysionetMI,73,0.8113636363636363,0.8363636363636363,0.7643939393939394,0.024999999999999963,0.0719696969696969,CBraMod,4x
PhysionetMI,74,0.740909090909091,0.7356060606060606,0.7406060606060606,-0.005303030303030342,-0.005000000000000041,CBraMod,4x
PhysionetMI,75,0.6946969696969697,0.7219696969696969,0.7036363636363637,0.02727272727272726,0.0183333333333333,CBraMod,4x
PhysionetMI,76,0.5787878787878787,0.5416666666666666,0.5924242424242425,-0.037121212121212124,-0.05075757575757578,CBraMod,4x
PhysionetMI,77,0.5931818181818181,0.7212121212121212,0.629469696969697,0.128030303030303,0.09174242424242418,CBraMod,4x
PhysionetMI,78,0.5212121212121212,0.5037878787878788,0.5426515151515151,-0.01742424242424244,-0.038863636363636316,CBraMod,4x
PhysionetMI,79,0.7606060606060606,0.7325757575757577,0.7497727272727273,-0.02803030303030306,-0.01719696969696974,CBraMod,4x
PhysionetMI,80,0.8123076923076923,0.8461538461538461,0.8029999999999999,0.033846153846153734,0.04315384615384616,CBraMod,4x
PhysionetMI,81,0.8893939393939394,0.8742424242424243,0.8590151515151515,-0.015151515151515142,0.015227272727272678,CBraMod,4x
PhysionetMI,82,0.8371212121212122,0.8856060606060605,0.8334090909090909,0.04848484848484852,0.052196969696969686,CBraMod,4x
PhysionetMI,83,0.7692307692307693,0.7246153846153847,0.7373846153846154,-0.04461538461538462,-0.01276923076923076,CBraMod,4x
PhysionetMI,84,0.8204545454545453,0.859090909090909,0.8092424242424242,0.038636363636363656,0.049848484848484795,CBraMod,4x
PhysionetMI,85,0.8696969696969697,0.9409090909090908,0.8826515151515151,0.07121212121212121,0.058257575757575744,CBraMod,4x
PhysionetMI,86,0.9923076923076923,0.9823076923076922,0.9816153846153846,-0.01,0.0006923076923076798,CBraMod,4x
PhysionetMI,87,0.6643939393939393,0.6265151515151516,0.6090909090909091,-0.03787878787878786,0.01742424242424248,CBraMod,4x
PhysionetMI,90,0.8840909090909091,0.8492424242424242,0.8428787878787878,-0.034848484848484865,0.006363636363636402,CBraMod,4x
PhysionetMI,91,0.9166666666666666,0.8333333333333334,0.8062121212121213,-0.08333333333333329,0.027121212121212164,CBraMod,4x
PhysionetMI,93,0.7878787878787878,0.7916666666666667,0.7618181818181818,0.003787878787878801,0.02984848484848482,CBraMod,4x
PhysionetMI,94,0.7856060606060606,0.8106060606060606,0.7859848484848485,0.02499999999999996,0.02462121212121208,CBraMod,4x
PhysionetMI,95,0.6823076923076923,0.6938461538461539,0.6613076923076923,0.0115384615384615,0.03253846153846152,CBraMod,4x
PhysionetMI,96,0.8666666666666666,0.8477272727272727,0.839469696969697,-0.01893939393939392,0.00825757575757576,CBraMod,4x
PhysionetMI,97,0.8234848484848485,0.8621212121212121,0.8289393939393941,0.03863636363636362,0.033181818181818076,CBraMod,4x
PhysionetMI,98,0.4878787878787879,0.4984848484848484,0.4927272727272728,0.010606060606060558,0.0057575757575756975,CBraMod,4x
PhysionetMI,99,0.6583333333333334,0.5863636363636363,0.6511363636363636,-0.071969696969697,-0.06477272727272726,CBraMod,4x
PhysionetMI,101,0.86,0.9438461538461539,0.8612307692307691,0.08384615384615378,0.08261538461538458,CBraMod,4x
PhysionetMI,102,0.7166666666666667,0.8287878787878789,0.7028030303030304,0.1121212121212121,0.12598484848484845,CBraMod,4x
PhysionetMI,103,0.865909090909091,0.8166666666666668,0.8351515151515152,-0.0492424242424242,-0.018484848484848403,CBraMod,4x
PhysionetMI,105,0.9325757575757574,0.9401515151515151,0.9288636363636364,0.0075757575757575595,0.011287878787878701,CBraMod,4x
PhysionetMI,107,0.5568181818181819,0.581060606060606,0.5603787878787878,0.024242424242424204,0.02068181818181816,CBraMod,4x
PhysionetMI,108,0.8378787878787879,0.834090909090909,0.8212121212121213,-0.003787878787878779,0.01287878787878784,CBraMod,4x
PhysionetMI,109,0.6742424242424242,0.6234848484848484,0.6567424242424242,-0.050757575757575724,-0.03325757575757576,CBraMod,4x
