condition,dataset,subject,b0_ba,ba,gain,b0_ba_all,ba_all,gain_all
B0,Cho2017,1,0.596,0.596,0.0,0.6020000000000001,0.6020000000000001,0.0
B0,Cho2017,2,0.528,0.528,0.0,0.512,0.512,0.0
B0,Cho2017,3,0.702,0.702,0.0,0.7,0.7,0.0
B0,Cho2017,4,0.65,0.65,0.0,0.637,0.637,0.0
B0,Cho2017,5,0.986,0.986,0.0,0.976,0.976,0.0
B0,Cho2017,6,0.828,0.828,0.0,0.8240000000000001,0.8240000000000001,0.0
B0,Cho2017,7,0.5966666666666667,0.5966666666666667,0.0,0.5841666666666667,0.5841666666666667,0.0
B0,Cho2017,8,0.554,0.554,0.0,0.5589999999999999,0.5589999999999999,0.0
B0,Cho2017,9,0.5549999999999999,0.5549999999999999,0.0,0.5683333333333334,0.5683333333333334,0.0
B0,Cho2017,10,0.604,0.604,0.0,0.626,0.626,0.0
B0,Cho2017,11,0.5900000000000001,0.5900000000000001,0.0,0.546,0.546,0.0
B0,Cho2017,12,0.54,0.54,0.0,0.624,0.624,0.0
B0,Cho2017,13,0.8220000000000001,0.8220000000000001,0.0,0.753,0.753,0.0
B0,Cho2017,14,0.784,0.784,0.0,0.7769999999999999,0.7769999999999999,0.0
B0,Cho2017,15,0.5940000000000001,0.5940000000000001,0.0,0.576,0.576,0.0
B0,Cho2017,16,0.634,0.634,0.0,0.591,0.591,0.0
B0,Cho2017,17,0.49399999999999994,0.49399999999999994,0.0,0.505,0.505,0.0
B0,Cho2017,18,0.614,0.614,0.0,0.585,0.585,0.0
B0,Cho2017,19,0.51,0.51,0.0,0.544,0.544,0.0
B0,Cho2017,20,0.556,0.556,0.0,0.572,0.572,0.0
B0,Cho2017,21,0.546,0.546,0.0,0.524,0.524,0.0
B0,Cho2017,22,0.636,0.636,0.0,0.591,0.591,0.0
B0,Cho2017,23,0.5559999999999999,0.5559999999999999,0.0,0.6799999999999999,0.6799999999999999,0.0
B0,Cho2017,24,0.54,0.54,0.0,0.549,0.549,0.0
B0,Cho2017,25,0.628,0.628,0.0,0.594,0.594,0.0
B0,Cho2017,26,0.9879999999999999,0.9879999999999999,0.0,0.9629999999999999,0.9629999999999999,0.0
B0,Cho2017,27,0.576,0.576,0.0,0.546,0.546,0.0
B0,Cho2017,28,0.5,0.5,0.0,0.516,0.516,0.0
B0,Cho2017,29,0.532,0.532,0.0,0.49400000000000005,0.49400000000000005,0.0
B0,Cho2017,30,0.6759999999999999,0.6759999999999999,0.0,0.607,0.607,0.0
B0,Cho2017,31,0.518,0.518,0.0,0.497,0.497,0.0
B0,Cho2017,32,0.49800000000000005,0.49800000000000005,0.0,0.512,0.512,0.0
B0,Cho2017,33,0.522,0.522,0.0,0.52,0.52,0.0
B0,Cho2017,34,0.5700000000000001,0.5700000000000001,0.0,0.541,0.541,0.0
B0,Cho2017,35,0.374,0.374,0.0,0.488,0.488,0.0
B0,Cho2017,36,0.554,0.554,0.0,0.565,0.565,0.0
B0,Cho2017,37,0.882,0.882,0.0,0.779,0.779,0.0
B0,Cho2017,38,0.544,0.544,0.0,0.568,0.568,0.0
B0,Cho2017,39,0.6,0.6,0.0,0.6599999999999999,0.6599999999999999,0.0
B0,Cho2017,40,0.516,0.516,0.0,0.554,0.554,0.0
B0,Cho2017,41,0.648,0.648,0.0,0.643,0.643,0.0
B0,Cho2017,42,0.562,0.562,0.0,0.544,0.544,0.0
B0,Cho2017,43,1.0,1.0,0.0,0.9789999999999999,0.9789999999999999,0.0
B0,Cho2017,44,0.95,0.95,0.0,0.898,0.898,0.0
B0,Cho2017,45,0.516,0.516,0.0,0.522,0.522,0.0
B0,Cho2017,46,0.5650000000000001,0.5650000000000001,0.0,0.5566666666666666,0.5566666666666666,0.0
B0,Cho2017,47,0.7979999999999999,0.7979999999999999,0.0,0.749,0.749,0.0
B0,Cho2017,48,0.6679999999999999,0.6679999999999999,0.0,0.6689999999999999,0.6689999999999999,0.0
B0,Cho2017,49,1.0,1.0,0.0,0.898,0.898,0.0
B0,Cho2017,50,0.9720000000000001,0.9720000000000001,0.0,0.975,0.975,0.0
B0,Cho2017,51,0.65,0.65,0.0,0.597,0.597,0.0
B0,Cho2017,52,0.5740000000000001,0.5740000000000001,0.0,0.579,0.579,0.0
B0,Dreyer2023,1,0.7833333333333334,0.7833333333333334,0.0,0.8141666666666667,0.8141666666666667,0.0
B0,Dreyer2023,2,0.58,0.58,0.0,0.6208333333333333,0.6208333333333333,0.0
B0,Dreyer2023,3,0.6583333333333334,0.6583333333333334,0.0,0.6841666666666667,0.6841666666666667,0.0
B0,Dreyer2023,5,0.775,0.775,0.0,0.7525000000000001,0.7525000000000001,0.0
B0,Dreyer2023,6,0.72,0.72,0.0,0.7033333333333334,0.7033333333333334,0.0
B0,Dreyer2023,7,0.8966666666666667,0.8966666666666667,0.0,0.8825,0.8825,0.0
B0,Dreyer2023,8,0.7300000000000001,0.7300000000000001,0.0,0.7441666666666666,0.7441666666666666,0.0
B0,Dreyer2023,10,0.8,0.8,0.0,0.8091666666666667,0.8091666666666667,0.0
B0,Dreyer2023,11,0.5666666666666667,0.5666666666666667,0.0,0.5841666666666667,0.5841666666666667,0.0
B0,Dreyer2023,12,0.8066666666666666,0.8066666666666666,0.0,0.7616666666666666,0.7616666666666666,0.0
B0,Dreyer2023,13,0.6883333333333334,0.6883333333333334,0.0,0.7333333333333334,0.7333333333333334,0.0
B0,Dreyer2023,14,0.6316666666666666,0.6316666666666666,0.0,0.645,0.645,0.0
B0,Dreyer2023,15,0.8133333333333332,0.8133333333333332,0.0,0.8366666666666667,0.8366666666666667,0.0
B0,Dreyer2023,16,0.7833333333333333,0.7833333333333333,0.0,0.7633333333333333,0.7633333333333333,0.0
B0,Dreyer2023,18,0.7783333333333333,0.7783333333333333,0.0,0.7675,0.7675,0.0
B0,Dreyer2023,19,0.8116666666666668,0.8116666666666668,0.0,0.7925000000000001,0.7925000000000001,0.0
B0,Dreyer2023,20,0.8066666666666666,0.8066666666666666,0.0,0.78,0.78,0.0
B0,Dreyer2023,21,0.8266666666666668,0.8266666666666668,0.0,0.865,0.865,0.0
B0,Dreyer2023,22,0.7783333333333333,0.7783333333333333,0.0,0.7849999999999999,0.7849999999999999,0.0
B0,Dreyer2023,23,0.6733333333333333,0.6733333333333333,0.0,0.6641666666666667,0.6641666666666667,0.0
B0,Dreyer2023,24,0.8483333333333334,0.8483333333333334,0.0,0.8541666666666666,0.8541666666666666,0.0
B0,Dreyer2023,25,0.6033333333333333,0.6033333333333333,0.0,0.6799999999999999,0.6799999999999999,0.0
B0,Dreyer2023,26,0.6733333333333333,0.6733333333333333,0.0,0.6233333333333333,0.6233333333333333,0.0
B0,Dreyer2023,27,0.6883333333333332,0.6883333333333332,0.0,0.6983333333333334,0.6983333333333334,0.0
B0,Dreyer2023,28,0.7183333333333334,0.7183333333333334,0.0,0.6891666666666667,0.6891666666666667,0.0
B0,Dreyer2023,30,0.63,0.63,0.0,0.6316666666666666,0.6316666666666666,0.0
B0,Dreyer2023,31,0.75,0.75,0.0,0.745,0.745,0.0
B0,Dreyer2023,32,0.6900000000000001,0.6900000000000001,0.0,0.6925,0.6925,0.0
B0,Dreyer2023,33,0.6483333333333333,0.6483333333333333,0.0,0.6891666666666667,0.6891666666666667,0.0
B0,Dreyer2023,34,0.7416666666666667,0.7416666666666667,0.0,0.8333333333333334,0.8333333333333334,0.0
B0,Dreyer2023,35,0.6649999999999999,0.6649999999999999,0.0,0.7291666666666667,0.7291666666666667,0.0
B0,Dreyer2023,36,0.7016666666666667,0.7016666666666667,0.0,0.7416666666666667,0.7416666666666667,0.0
B0,Dreyer2023,37,0.6333333333333333,0.6333333333333333,0.0,0.645,0.645,0.0
B0,Dreyer2023,38,0.7283333333333333,0.7283333333333333,0.0,0.7741666666666667,0.7741666666666667,0.0
B0,Dreyer2023,39,0.8966666666666667,0.8966666666666667,0.0,0.8724999999999999,0.8724999999999999,0.0
B0,Dreyer2023,40,0.6948275862068967,0.6948275862068967,0.0,0.7552780255724055,0.7552780255724055,0.0
B0,Dreyer2023,42,0.615,0.615,0.0,0.6175,0.6175,0.0
B0,Dreyer2023,43,0.805,0.805,0.0,0.8591666666666666,0.8591666666666666,0.0
B0,Dreyer2023,44,0.6216666666666667,0.6216666666666667,0.0,0.6058333333333333,0.6058333333333333,0.0
B0,Dreyer2023,45,0.6783333333333333,0.6783333333333333,0.0,0.6725,0.6725,0.0
B0,Dreyer2023,46,0.6916666666666667,0.6916666666666667,0.0,0.6933333333333334,0.6933333333333334,0.0
B0,Dreyer2023,47,0.735,0.735,0.0,0.7266666666666667,0.7266666666666667,0.0
B0,Dreyer2023,48,0.64,0.64,0.0,0.6425,0.6425,0.0
B0,Dreyer2023,49,0.6966666666666667,0.6966666666666667,0.0,0.6783333333333333,0.6783333333333333,0.0
B0,Dreyer2023,50,0.5700000000000001,0.5700000000000001,0.0,0.6041666666666667,0.6041666666666667,0.0
B0,Dreyer2023,51,0.7066666666666667,0.7066666666666667,0.0,0.7125,0.7125,0.0
B0,Dreyer2023,52,0.7033333333333334,0.7033333333333334,0.0,0.7075,0.7075,0.0
B0,Dreyer2023,53,0.6916666666666667,0.6916666666666667,0.0,0.6716666666666666,0.6716666666666666,0.0
B0,Dreyer2023,54,0.6683333333333333,0.6683333333333333,0.0,0.6441666666666667,0.6441666666666667,0.0
B0,Dreyer2023,55,0.8916666666666666,0.8916666666666666,0.0,0.865,0.865,0.0
B0,Dreyer2023,56,0.8866666666666667,0.8866666666666667,0.0,0.8916666666666666,0.8916666666666666,0.0
B0,Dreyer2023,57,0.5766666666666667,0.5766666666666667,0.0,0.5666666666666667,0.5666666666666667,0.0
B0,Dreyer2023,58,0.8916666666666666,0.8916666666666666,0.0,0.8625,0.8625,0.0
B0,Dreyer2023,59,0.7275,0.7275,0.0,0.7775,0.7775,0.0
B0,Dreyer2023,60,0.6950000000000001,0.6950000000000001,0.0,0.7150000000000001,0.7150000000000001,0.0
B0,Dreyer2023,61,0.7683333333333333,0.7683333333333333,0.0,0.7525000000000001,0.7525000000000001,0.0
B0,Dreyer2023,62,0.7233333333333334,0.7233333333333334,0.0,0.7300000000000001,0.7300000000000001,0.0
B0,Dreyer2023,63,0.6416666666666666,0.6416666666666666,0.0,0.6308333333333334,0.6308333333333334,0.0
B0,Dreyer2023,64,0.6466666666666667,0.6466666666666667,0.0,0.6483333333333332,0.6483333333333332,0.0
B0,Dreyer2023,65,0.8183333333333334,0.8183333333333334,0.0,0.765,0.765,0.0
B0,Dreyer2023,66,0.665,0.665,0.0,0.6408333333333334,0.6408333333333334,0.0
B0,Dreyer2023,67,0.735,0.735,0.0,0.7233333333333334,0.7233333333333334,0.0
B0,Dreyer2023,68,0.605,0.605,0.0,0.6275000000000001,0.6275000000000001,0.0
B0,Dreyer2023,69,0.7483333333333333,0.7483333333333333,0.0,0.7633333333333333,0.7633333333333333,0.0
B0,Dreyer2023,70,0.48166666666666663,0.48166666666666663,0.0,0.5716666666666667,0.5716666666666667,0.0
B0,Dreyer2023,71,0.6816666666666666,0.6816666666666666,0.0,0.7366666666666666,0.7366666666666666,0.0
B0,Dreyer2023,72,0.6616666666666667,0.6616666666666667,0.0,0.6916666666666667,0.6916666666666667,0.0
B0,Dreyer2023,73,0.6283333333333333,0.6283333333333333,0.0,0.6725,0.6725,0.0
B0,Dreyer2023,74,0.635,0.635,0.0,0.6483333333333333,0.6483333333333333,0.0
B0,Dreyer2023,75,0.7183333333333334,0.7183333333333334,0.0,0.6991666666666667,0.6991666666666667,0.0
B0,Dreyer2023,76,0.7983333333333333,0.7983333333333333,0.0,0.7891666666666667,0.7891666666666667,0.0
B0,Dreyer2023,77,0.735,0.735,0.0,0.6958333333333334,0.6958333333333334,0.0
B0,Dreyer2023,80,0.5700000000000001,0.5700000000000001,0.0,0.6174999999999999,0.6174999999999999,0.0
B0,Dreyer2023,81,0.7150000000000001,0.7150000000000001,0.0,0.675,0.675,0.0
B0,Dreyer2023,82,0.78,0.78,0.0,0.7466666666666667,0.7466666666666667,0.0
B0,Dreyer2023,83,0.6066666666666667,0.6066666666666667,0.0,0.575,0.575,0.0
B0,Dreyer2023,84,0.735,0.735,0.0,0.71,0.71,0.0
B0,Dreyer2023,85,0.6916666666666667,0.6916666666666667,0.0,0.7075,0.7075,0.0
B0,Dreyer2023,86,0.7116666666666667,0.7116666666666667,0.0,0.7383333333333333,0.7383333333333333,0.0
B0,Dreyer2023,87,0.7416666666666667,0.7416666666666667,0.0,0.7433333333333334,0.7433333333333334,0.0
B0,PhysionetMI,1,0.781060606060606,0.781060606060606,0.0,0.7861660079051384,0.7861660079051384,0.0
B0,PhysionetMI,2,0.8115384615384615,0.8115384615384615,0.0,0.7349802371541502,0.7349802371541502,0.0
B0,PhysionetMI,3,0.8568181818181818,0.8568181818181818,0.0,0.8482213438735178,0.8482213438735178,0.0
B0,PhysionetMI,4,0.8219696969696969,0.8219696969696969,0.0,0.7990118577075098,0.7990118577075098,0.0
B0,PhysionetMI,5,0.6477272727272727,0.6477272727272727,0.0,0.5916666666666666,0.5916666666666666,0.0
B0,PhysionetMI,6,0.7575757575757576,0.7575757575757576,0.0,0.738095238095238,0.738095238095238,0.0
B0,PhysionetMI,7,0.9053030303030303,0.9053030303030303,0.0,0.8401185770750988,0.8401185770750988,0.0
B0,PhysionetMI,8,0.7560606060606061,0.7560606060606061,0.0,0.6879446640316205,0.6879446640316205,0.0
B0,PhysionetMI,9,0.7930769230769231,0.7930769230769231,0.0,0.6851190476190476,0.6851190476190476,0.0
B0,PhysionetMI,10,0.5976923076923077,0.5976923076923077,0.0,0.6726190476190477,0.6726190476190477,0.0
B0,PhysionetMI,11,0.6227272727272727,0.6227272727272727,0.0,0.6841897233201581,0.6841897233201581,0.0
B0,PhysionetMI,12,0.8219696969696969,0.8219696969696969,0.0,0.8202380952380952,0.8202380952380952,0.0
B0,PhysionetMI,13,0.5409090909090908,0.5409090909090908,0.0,0.6519762845849802,0.6519762845849802,0.0
B0,PhysionetMI,14,0.7045454545454545,0.7045454545454545,0.0,0.674901185770751,0.674901185770751,0.0
B0,PhysionetMI,15,0.8784615384615385,0.8784615384615385,0.0,0.8013833992094861,0.8013833992094861,0.0
B0,PhysionetMI,16,0.4954545454545455,0.4954545454545455,0.0,0.6760869565217391,0.6760869565217391,0.0
B0,PhysionetMI,17,0.6825757575757576,0.6825757575757576,0.0,0.7320158102766798,0.7320158102766798,0.0
B0,PhysionetMI,18,0.9462121212121211,0.9462121212121211,0.0,0.9187747035573123,0.9187747035573123,0.0
B0,PhysionetMI,19,0.8363636363636363,0.8363636363636363,0.0,0.7780632411067193,0.7780632411067193,0.0
B0,PhysionetMI,20,0.7954545454545455,0.7954545454545455,0.0,0.809288537549407,0.809288537549407,0.0
B0,PhysionetMI,21,0.4045454545454545,0.4045454545454545,0.0,0.5023809523809524,0.5023809523809524,0.0
B0,PhysionetMI,22,0.8583333333333334,0.8583333333333334,0.0,0.8588932806324111,0.8588932806324111,0.0
B0,PhysionetMI,23,0.6046153846153846,0.6046153846153846,0.0,0.6377470355731225,0.6377470355731225,0.0
B0,PhysionetMI,24,0.6053030303030302,0.6053030303030302,0.0,0.6462450592885375,0.6462450592885375,0.0
B0,PhysionetMI,25,0.6227272727272728,0.6227272727272728,0.0,0.6227272727272727,0.6227272727272727,0.0
B0,PhysionetMI,26,0.5453846153846154,0.5453846153846154,0.0,0.5708333333333333,0.5708333333333333,0.0
B0,PhysionetMI,27,0.7234848484848485,0.7234848484848485,0.0,0.7784584980237155,0.7784584980237155,0.0
B0,PhysionetMI,28,0.7727272727272727,0.7727272727272727,0.0,0.8088932806324112,0.8088932806324112,0.0
B0,PhysionetMI,29,0.8106060606060606,0.8106060606060606,0.0,0.8474308300395258,0.8474308300395258,0.0
B0,PhysionetMI,30,0.8378787878787879,0.8378787878787879,0.0,0.7678571428571429,0.7678571428571429,0.0
B0,PhysionetMI,31,0.45378787878787874,0.45378787878787874,0.0,0.5071146245059288,0.5071146245059288,0.0
B0,PhysionetMI,32,0.7892307692307693,0.7892307692307693,0.0,0.7363095238095239,0.7363095238095239,0.0
B0,PhysionetMI,33,0.9303030303030303,0.9303030303030303,0.0,0.9067193675889328,0.9067193675889328,0.0
B0,PhysionetMI,34,0.8492307692307692,0.8492307692307692,0.0,0.8065476190476192,0.8065476190476192,0.0
B0,PhysionetMI,35,0.7340909090909091,0.7340909090909091,0.0,0.7928853754940711,0.7928853754940711,0.0
B0,PhysionetMI,36,0.6401515151515152,0.6401515151515152,0.0,0.6365612648221344,0.6365612648221344,0.0
B0,PhysionetMI,37,0.6507575757575758,0.6507575757575758,0.0,0.6865612648221344,0.6865612648221344,0.0
B0,PhysionetMI,38,0.44696969696969696,0.44696969696969696,0.0,0.5270750988142292,0.5270750988142292,0.0
B0,PhysionetMI,39,0.7431818181818182,0.7431818181818182,0.0,0.8017786561264822,0.8017786561264822,0.0
B0,PhysionetMI,40,0.6901515151515152,0.6901515151515152,0.0,0.7470238095238095,0.7470238095238095,0.0
B0,PhysionetMI,41,0.9292307692307693,0.9292307692307693,0.0,0.7357142857142857,0.7357142857142857,0.0
B0,PhysionetMI,42,0.9030303030303031,0.9030303030303031,0.0,0.9106719367588934,0.9106719367588934,0.0
B0,PhysionetMI,43,0.5484848484848486,0.5484848484848486,0.0,0.6713438735177866,0.6713438735177866,0.0
B0,PhysionetMI,44,0.8219696969696969,0.8219696969696969,0.0,0.8478260869565217,0.8478260869565217,0.0
B0,PhysionetMI,45,0.5954545454545455,0.5954545454545455,0.0,0.667588932806324,0.667588932806324,0.0
B0,PhysionetMI,46,0.7083333333333334,0.7083333333333334,0.0,0.7454545454545455,0.7454545454545455,0.0
B0,PhysionetMI,47,0.6954545454545455,0.6954545454545455,0.0,0.7113095238095238,0.7113095238095238,0.0
B0,PhysionetMI,48,0.8469696969696969,0.8469696969696969,0.0,0.8642292490118578,0.8642292490118578,0.0
B0,PhysionetMI,49,0.5431818181818182,0.5431818181818182,0.0,0.5592885375494071,0.5592885375494071,0.0
B0,PhysionetMI,50,0.7439393939393939,0.7439393939393939,0.0,0.8110671936758893,0.8110671936758893,0.0
B0,PhysionetMI,51,0.7439393939393939,0.7439393939393939,0.0,0.7089285714285715,0.7089285714285715,0.0
B0,PhysionetMI,52,0.6861538461538461,0.6861538461538461,0.0,0.7285714285714285,0.7285714285714285,0.0
B0,PhysionetMI,53,0.6901515151515152,0.6901515151515152,0.0,0.7041501976284585,0.7041501976284585,0.0
B0,PhysionetMI,54,0.9363636363636363,0.9363636363636363,0.0,0.8905138339920949,0.8905138339920949,0.0
B0,PhysionetMI,55,0.825,0.825,0.0,0.8033596837944664,0.8033596837944664,0.0
B0,PhysionetMI,56,0.7075757575757576,0.7075757575757576,0.0,0.7675889328063241,0.7675889328063241,0.0
B0,PhysionetMI,57,0.8901515151515152,0.8901515151515152,0.0,0.8809523809523808,0.8809523809523808,0.0
B0,PhysionetMI,58,0.8130769230769233,0.8130769230769233,0.0,0.8464285714285715,0.8464285714285715,0.0
B0,PhysionetMI,59,0.7454545454545455,0.7454545454545455,0.0,0.7077380952380953,0.7077380952380953,0.0
B0,PhysionetMI,60,0.8846153846153847,0.8846153846153847,0.0,0.7841897233201581,0.7841897233201581,0.0
B0,PhysionetMI,61,0.740151515151515,0.740151515151515,0.0,0.7737154150197629,0.7737154150197629,0.0
B0,PhysionetMI,62,0.9166666666666664,0.9166666666666664,0.0,0.9565217391304348,0.9565217391304348,0.0
B0,PhysionetMI,63,0.7681818181818182,0.7681818181818182,0.0,0.6867588932806324,0.6867588932806324,0.0
B0,PhysionetMI,64,0.7621212121212121,0.7621212121212121,0.0,0.7055335968379446,0.7055335968379446,0.0
B0,PhysionetMI,65,0.8075757575757576,0.8075757575757576,0.0,0.7642857142857142,0.7642857142857142,0.0
B0,PhysionetMI,66,0.7113636363636363,0.7113636363636363,0.0,0.6221343873517787,0.6221343873517787,0.0
B0,PhysionetMI,67,0.7416666666666667,0.7416666666666667,0.0,0.666798418972332,0.666798418972332,0.0
B0,PhysionetMI,68,0.6946969696969697,0.6946969696969697,0.0,0.749802371541502,0.749802371541502,0.0
B0,PhysionetMI,69,0.6369230769230769,0.6369230769230769,0.0,0.6321428571428571,0.6321428571428571,0.0
B0,PhysionetMI,70,0.8007575757575758,0.8007575757575758,0.0,0.8098814229249012,0.8098814229249012,0.0
B0,PhysionetMI,71,0.8159090909090908,0.8159090909090908,0.0,0.8422924901185771,0.8422924901185771,0.0
B0,PhysionetMI,72,0.9272727272727274,0.9272727272727274,0.0,0.940909090909091,0.940909090909091,0.0
B0,PhysionetMI,73,0.6462121212121212,0.6462121212121212,0.0,0.7468379446640316,0.7468379446640316,0.0
B0,PhysionetMI,74,0.6568181818181819,0.6568181818181819,0.0,0.7291666666666667,0.7291666666666667,0.0
B0,PhysionetMI,75,0.409090909090909,0.409090909090909,0.0,0.49446640316205526,0.49446640316205526,0.0
B0,PhysionetMI,76,0.5151515151515151,0.5151515151515151,0.0,0.6395256916996048,0.6395256916996048,0.0
B0,PhysionetMI,77,0.5984848484848484,0.5984848484848484,0.0,0.6255952380952381,0.6255952380952381,0.0
B0,PhysionetMI,78,0.5007575757575757,0.5007575757575757,0.0,0.5081027667984189,0.5081027667984189,0.0
B0,PhysionetMI,79,0.65,0.65,0.0,0.649802371541502,0.649802371541502,0.0
B0,PhysionetMI,80,0.8076923076923077,0.8076923076923077,0.0,0.7215415019762845,0.7215415019762845,0.0
B0,PhysionetMI,81,0.7439393939393939,0.7439393939393939,0.0,0.7492094861660079,0.7492094861660079,0.0
B0,PhysionetMI,82,0.6537878787878788,0.6537878787878788,0.0,0.7140316205533597,0.7140316205533597,0.0
B0,PhysionetMI,83,0.6892307692307693,0.6892307692307693,0.0,0.5498023715415019,0.5498023715415019,0.0
B0,PhysionetMI,84,0.8583333333333334,0.8583333333333334,0.0,0.7345849802371541,0.7345849802371541,0.0
B0,PhysionetMI,85,0.6727272727272727,0.6727272727272727,0.0,0.6986166007905139,0.6986166007905139,0.0
B0,PhysionetMI,86,0.8538461538461538,0.8538461538461538,0.0,0.8739130434782609,0.8739130434782609,0.0
B0,PhysionetMI,87,0.6196969696969696,0.6196969696969696,0.0,0.5717391304347826,0.5717391304347826,0.0
B0,PhysionetMI,90,0.7621212121212121,0.7621212121212121,0.0,0.7877470355731225,0.7877470355731225,0.0
B0,PhysionetMI,91,0.6924242424242424,0.6924242424242424,0.0,0.7061264822134387,0.7061264822134387,0.0
B0,PhysionetMI,93,0.7174242424242424,0.7174242424242424,0.0,0.7310276679841897,0.7310276679841897,0.0
B0,PhysionetMI,94,0.6962121212121213,0.6962121212121213,0.0,0.6492094861660079,0.6492094861660079,0.0
B0,PhysionetMI,95,0.6138461538461538,0.6138461538461538,0.0,0.7013833992094861,0.7013833992094861,0.0
B0,PhysionetMI,96,0.7507575757575757,0.7507575757575757,0.0,0.7343873517786561,0.7343873517786561,0.0
B0,PhysionetMI,97,0.7621212121212121,0.7621212121212121,0.0,0.7304347826086957,0.7304347826086957,0.0
B0,PhysionetMI,98,0.4446969696969697,0.4446969696969697,0.0,0.5713438735177865,0.5713438735177865,0.0
B0,PhysionetMI,99,0.5424242424242424,0.5424242424242424,0.0,0.5667984189723321,0.5667984189723321,0.0
B0,PhysionetMI,101,0.826153846153846,0.826153846153846,0.0,0.8385375494071147,0.8385375494071147,0.0
B0,PhysionetMI,102,0.6439393939393939,0.6439393939393939,0.0,0.6988142292490118,0.6988142292490118,0.0
B0,PhysionetMI,103,0.6795454545454545,0.6795454545454545,0.0,0.6841897233201581,0.6841897233201581,0.0
B0,PhysionetMI,105,0.834848484848485,0.834848484848485,0.0,0.8215415019762846,0.8215415019762846,0.0
B0,PhysionetMI,107,0.4537878787878788,0.4537878787878788,0.0,0.5916666666666666,0.5916666666666666,0.0
B0,PhysionetMI,108,0.7219696969696969,0.7219696969696969,0.0,0.7563241106719367,0.7563241106719367,0.0
B0,PhysionetMI,109,0.6303030303030303,0.6303030303030303,0.0,0.6460474308300396,0.6460474308300396,0.0
B1a,Cho2017,1,0.596,0.5740000000000001,-0.02200000000000002,0.6020000000000001,0.5900000000000001,-0.012000000000000033
B1a,Cho2017,2,0.528,0.556,0.028000000000000004,0.512,0.5519999999999999,0.039999999999999994
B1a,Cho2017,3,0.702,0.6699999999999999,-0.03200000000000003,0.7,0.68,-0.019999999999999973
B1a,Cho2017,4,0.65,0.6519999999999999,0.002000000000000024,0.637,0.6759999999999999,0.038999999999999965
B1a,Cho2017,5,0.986,0.792,-0.194,0.976,0.7689999999999999,-0.20700000000000002
B1a,Cho2017,6,0.828,0.738,-0.09000000000000001,0.8240000000000001,0.6910000000000001,-0.13299999999999998
B1a,Cho2017,7,0.5966666666666667,0.5,-0.09666666666666665,0.5841666666666667,0.5275000000000001,-0.05666666666666662
B1a,Cho2017,8,0.554,0.5599999999999999,0.005999999999999983,0.5589999999999999,0.542,-0.01699999999999995
B1a,Cho2017,9,0.5549999999999999,0.5583333333333333,0.0033333333333333435,0.5683333333333334,0.53,-0.03833333333333331
B1a,Cho2017,10,0.604,0.612,0.008000000000000007,0.626,0.648,0.02200000000000002
B1a,Cho2017,11,0.5900000000000001,0.628,0.03799999999999999,0.546,0.605,0.05899999999999998
B1a,Cho2017,12,0.54,0.5640000000000001,0.023999999999999976,0.624,0.599,-0.025
B1a,Cho2017,13,0.8220000000000001,0.8280000000000001,0.006000000000000005,0.753,0.757,0.0040000000000000036
B1a,Cho2017,14,0.784,0.778,-0.006000000000000005,0.7769999999999999,0.806,0.029000000000000026
B1a,Cho2017,15,0.5940000000000001,0.6060000000000001,0.011999999999999988,0.576,0.581,0.00499999999999996
B1a,Cho2017,16,0.634,0.5700000000000001,-0.06399999999999997,0.591,0.5439999999999999,-0.04700000000000002
B1a,Cho2017,17,0.49399999999999994,0.568,0.07400000000000001,0.505,0.5609999999999999,0.05599999999999998
B1a,Cho2017,18,0.614,0.664,0.050000000000000024,0.585,0.643,0.05799999999999996
B1a,Cho2017,19,0.51,0.5900000000000001,0.08,0.544,0.581,0.036999999999999963
B1a,Cho2017,20,0.556,0.5880000000000001,0.03200000000000001,0.572,0.609,0.03700000000000003
B1a,Cho2017,21,0.546,0.6,0.05400000000000003,0.524,0.571,0.04699999999999993
B1a,Cho2017,22,0.636,0.612,-0.023999999999999976,0.591,0.585,-0.006000000000000005
B1a,Cho2017,23,0.5559999999999999,0.5860000000000001,0.030000000000000072,0.6799999999999999,0.632,-0.048
B1a,Cho2017,24,0.54,0.634,0.09399999999999997,0.549,0.61,0.060999999999999985
B1a,Cho2017,25,0.628,0.544,-0.08399999999999999,0.594,0.5740000000000001,-0.019999999999999973
B1a,Cho2017,26,0.9879999999999999,0.8459999999999999,-0.14200000000000002,0.9629999999999999,0.8039999999999999,-0.15899999999999997
B1a,Cho2017,27,0.576,0.576,2.2204460492503132e-17,0.546,0.583,0.03699999999999999
B1a,Cho2017,28,0.5,0.6479999999999999,0.14799999999999996,0.516,0.654,0.13799999999999998
B1a,Cho2017,29,0.532,0.4699999999999999,-0.06200000000000002,0.49400000000000005,0.511,0.017000000000000015
B1a,Cho2017,30,0.6759999999999999,0.6759999999999999,4.4408920985006264e-17,0.607,0.597,-0.010000000000000031
B1a,Cho2017,31,0.518,0.558,0.040000000000000036,0.497,0.537,0.040000000000000015
B1a,Cho2017,32,0.49800000000000005,0.554,0.05600000000000001,0.512,0.554,0.041999999999999996
B1a,Cho2017,33,0.522,0.6020000000000001,0.08000000000000003,0.52,0.603,0.083
B1a,Cho2017,34,0.5700000000000001,0.608,0.037999999999999964,0.541,0.5900000000000001,0.049
B1a,Cho2017,35,0.374,0.46799999999999997,0.09400000000000003,0.488,0.5650000000000001,0.07699999999999999
B1a,Cho2017,36,0.554,0.532,-0.02200000000000004,0.565,0.524,-0.040999999999999946
B1a,Cho2017,37,0.882,0.8240000000000001,-0.05799999999999998,0.779,0.7110000000000001,-0.06799999999999999
B1a,Cho2017,38,0.544,0.548,0.004000000000000026,0.568,0.544,-0.023999999999999976
B1a,Cho2017,39,0.6,0.514,-0.08600000000000001,0.6599999999999999,0.588,-0.07200000000000002
B1a,Cho2017,40,0.516,0.506,-0.010000000000000009,0.554,0.513,-0.040999999999999995
B1a,Cho2017,41,0.648,0.628,-0.019999999999999997,0.643,0.622,-0.02100000000000002
B1a,Cho2017,42,0.562,0.524,-0.03800000000000001,0.544,0.545,0.0010000000000000009
B1a,Cho2017,43,1.0,0.968,-0.03200000000000003,0.9789999999999999,0.9339999999999999,-0.045
B1a,Cho2017,44,0.95,0.588,-0.362,0.898,0.592,-0.306
B1a,Cho2017,45,0.516,0.546,0.030000000000000027,0.522,0.547,0.025
B1a,Cho2017,46,0.5650000000000001,0.645,0.08000000000000004,0.5566666666666666,0.5791666666666666,0.022499999999999985
B1a,Cho2017,47,0.7979999999999999,0.5700000000000001,-0.22799999999999992,0.749,0.546,-0.20299999999999993
B1a,Cho2017,48,0.6679999999999999,0.5900000000000001,-0.07799999999999999,0.6689999999999999,0.59,-0.07900000000000003
B1a,Cho2017,49,1.0,0.9339999999999999,-0.06600000000000006,0.898,0.8320000000000001,-0.06600000000000002
B1a,Cho2017,50,0.9720000000000001,0.706,-0.266,0.975,0.678,-0.297
B1a,Cho2017,51,0.65,0.5700000000000001,-0.07999999999999992,0.597,0.563,-0.03400000000000001
B1a,Cho2017,52,0.5740000000000001,0.624,0.05,0.579,0.6050000000000001,0.026000000000000023
B1a,Dreyer2023,1,0.7833333333333334,0.8116666666666668,0.028333333333333342,0.8141666666666667,0.8083333333333333,-0.0058333333333333345
B1a,Dreyer2023,2,0.58,0.5333333333333334,-0.046666666666666655,0.6208333333333333,0.5491666666666667,-0.07166666666666663
B1a,Dreyer2023,3,0.6583333333333334,0.7649999999999999,0.10666666666666662,0.6841666666666667,0.7775000000000001,0.09333333333333334
B1a,Dreyer2023,5,0.775,0.735,-0.040000000000000015,0.7525000000000001,0.7333333333333333,-0.019166666666666665
B1a,Dreyer2023,6,0.72,0.6583333333333334,-0.06166666666666663,0.7033333333333334,0.6825,-0.02083333333333337
B1a,Dreyer2023,7,0.8966666666666667,0.8266666666666668,-0.06999999999999998,0.8825,0.8533333333333333,-0.029166666666666674
B1a,Dreyer2023,8,0.7300000000000001,0.6816666666666666,-0.04833333333333338,0.7441666666666666,0.6941666666666666,-0.050000000000000044
B1a,Dreyer2023,10,0.8,0.9166666666666667,0.1166666666666667,0.8091666666666667,0.9083333333333334,0.09916666666666667
B1a,Dreyer2023,11,0.5666666666666667,0.5616666666666668,-0.004999999999999982,0.5841666666666667,0.5625,-0.021666666666666657
B1a,Dreyer2023,12,0.8066666666666666,0.705,-0.10166666666666668,0.7616666666666666,0.6783333333333333,-0.08333333333333334
B1a,Dreyer2023,13,0.6883333333333334,0.6766666666666666,-0.011666666666666669,0.7333333333333334,0.745,0.011666666666666648
B1a,Dreyer2023,14,0.6316666666666666,0.6133333333333333,-0.018333333333333333,0.645,0.6208333333333333,-0.024166666666666715
B1a,Dreyer2023,15,0.8133333333333332,0.8099999999999999,-0.0033333333333333435,0.8366666666666667,0.8258333333333333,-0.010833333333333296
B1a,Dreyer2023,16,0.7833333333333333,0.73,-0.053333333333333344,0.7633333333333333,0.7366666666666667,-0.026666666666666637
B1a,Dreyer2023,18,0.7783333333333333,0.6849999999999999,-0.09333333333333331,0.7675,0.6733333333333333,-0.09416666666666669
B1a,Dreyer2023,19,0.8116666666666668,0.8533333333333333,0.04166666666666674,0.7925000000000001,0.835,0.04249999999999996
B1a,Dreyer2023,20,0.8066666666666666,0.8400000000000001,0.033333333333333326,0.78,0.8,0.02000000000000004
B1a,Dreyer2023,21,0.8266666666666668,0.805,-0.021666666666666678,0.865,0.8441666666666666,-0.02083333333333335
B1a,Dreyer2023,22,0.7783333333333333,0.7699999999999999,-0.00833333333333337,0.7849999999999999,0.8133333333333332,0.02833333333333332
B1a,Dreyer2023,23,0.6733333333333333,0.6333333333333334,-0.039999999999999945,0.6641666666666667,0.6491666666666667,-0.015000000000000013
B1a,Dreyer2023,24,0.8483333333333334,0.8783333333333333,0.02999999999999996,0.8541666666666666,0.8775000000000001,0.023333333333333338
B1a,Dreyer2023,25,0.6033333333333333,0.6183333333333334,0.01499999999999999,0.6799999999999999,0.7008333333333333,0.020833333333333325
B1a,Dreyer2023,26,0.6733333333333333,0.735,0.06166666666666665,0.6233333333333333,0.6908333333333333,0.0675
B1a,Dreyer2023,27,0.6883333333333332,0.6366666666666667,-0.05166666666666666,0.6983333333333334,0.6808333333333334,-0.01749999999999998
B1a,Dreyer2023,28,0.7183333333333334,0.6599999999999999,-0.05833333333333337,0.6891666666666667,0.6758333333333333,-0.013333333333333308
B1a,Dreyer2023,30,0.63,0.6716666666666666,0.0416666666666667,0.6316666666666666,0.6866666666666666,0.05500000000000001
B1a,Dreyer2023,31,0.75,0.7783333333333333,0.0283333333333333,0.745,0.755,0.009999999999999986
B1a,Dreyer2023,32,0.6900000000000001,0.7216666666666667,0.03166666666666666,0.6925,0.7433333333333334,0.050833333333333355
B1a,Dreyer2023,33,0.6483333333333333,0.6,-0.04833333333333334,0.6891666666666667,0.6383333333333334,-0.05083333333333331
B1a,Dreyer2023,34,0.7416666666666667,0.67,-0.07166666666666668,0.8333333333333334,0.7708333333333333,-0.0625
B1a,Dreyer2023,35,0.6649999999999999,0.7066666666666667,0.0416666666666667,0.7291666666666667,0.7424999999999999,0.013333333333333308
B1a,Dreyer2023,36,0.7016666666666667,0.6599999999999999,-0.04166666666666665,0.7416666666666667,0.6875,-0.054166666666666696
B1a,Dreyer2023,37,0.6333333333333333,0.6266666666666667,-0.006666666666666665,0.645,0.6291666666666667,-0.015833333333333345
B1a,Dreyer2023,38,0.7283333333333333,0.7666666666666667,0.03833333333333335,0.7741666666666667,0.7816666666666666,0.007499999999999951
B1a,Dreyer2023,39,0.8966666666666667,0.9066666666666666,0.010000000000000054,0.8724999999999999,0.8641666666666667,-0.008333333333333326
B1a,Dreyer2023,40,0.6948275862068967,0.6172413793103448,-0.07758620689655175,0.7552780255724055,0.6867231638418079,-0.06855486173059769
B1a,Dreyer2023,42,0.615,0.6216666666666667,0.006666666666666643,0.6175,0.6416666666666666,0.024166666666666604
B1a,Dreyer2023,43,0.805,0.76,-0.04499999999999997,0.8591666666666666,0.7908333333333333,-0.06833333333333336
B1a,Dreyer2023,44,0.6216666666666667,0.5716666666666667,-0.049999999999999954,0.6058333333333333,0.5816666666666667,-0.02416666666666665
B1a,Dreyer2023,45,0.6783333333333333,0.595,-0.08333333333333333,0.6725,0.5925,-0.07999999999999996
B1a,Dreyer2023,46,0.6916666666666667,0.5583333333333333,-0.1333333333333334,0.6933333333333334,0.6325000000000001,-0.060833333333333316
B1a,Dreyer2023,47,0.735,0.7316666666666667,-0.0033333333333333214,0.7266666666666667,0.7375,0.010833333333333361
B1a,Dreyer2023,48,0.64,0.6466666666666667,0.006666666666666621,0.6425,0.6525000000000001,0.009999999999999986
B1a,Dreyer2023,49,0.6966666666666667,0.6733333333333333,-0.023333333333333272,0.6783333333333333,0.6566666666666666,-0.021666666666666678
B1a,Dreyer2023,50,0.5700000000000001,0.5916666666666666,0.021666666666666657,0.6041666666666667,0.6308333333333334,0.026666666666666637
B1a,Dreyer2023,51,0.7066666666666667,0.6633333333333333,-0.043333333333333314,0.7125,0.7,-0.012499999999999978
B1a,Dreyer2023,52,0.7033333333333334,0.6766666666666666,-0.026666666666666616,0.7075,0.7141666666666666,0.006666666666666643
B1a,Dreyer2023,53,0.6916666666666667,0.7283333333333333,0.036666666666666646,0.6716666666666666,0.6983333333333334,0.026666666666666707
B1a,Dreyer2023,54,0.6683333333333333,0.6233333333333333,-0.045,0.6441666666666667,0.6225,-0.021666666666666633
B1a,Dreyer2023,55,0.8916666666666666,0.9616666666666666,0.06999999999999995,0.865,0.9358333333333334,0.07083333333333335
B1a,Dreyer2023,56,0.8866666666666667,0.9733333333333333,0.08666666666666667,0.8916666666666666,0.9466666666666667,0.05500000000000001
B1a,Dreyer2023,57,0.5766666666666667,0.6133333333333334,0.036666666666666695,0.5666666666666667,0.5866666666666667,0.020000000000000018
B1a,Dreyer2023,58,0.8916666666666666,0.7666666666666666,-0.12499999999999997,0.8625,0.7683333333333333,-0.09416666666666666
B1a,Dreyer2023,59,0.7275,0.8300000000000001,0.10250000000000001,0.7775,0.82875,0.05125000000000002
B1a,Dreyer2023,60,0.6950000000000001,0.7916666666666667,0.09666666666666668,0.7150000000000001,0.7525000000000001,0.0375
B1a,Dreyer2023,61,0.7683333333333333,0.7233333333333333,-0.04500000000000006,0.7525000000000001,0.7358333333333333,-0.016666666666666673
B1a,Dreyer2023,62,0.7233333333333334,0.72,-0.0033333333333333435,0.7300000000000001,0.7183333333333334,-0.011666666666666691
B1a,Dreyer2023,63,0.6416666666666666,0.6933333333333334,0.05166666666666668,0.6308333333333334,0.6883333333333332,0.057499999999999975
B1a,Dreyer2023,64,0.6466666666666667,0.6066666666666667,-0.040000000000000015,0.6483333333333332,0.6375,-0.010833333333333339
B1a,Dreyer2023,65,0.8183333333333334,0.65,-0.16833333333333333,0.765,0.6725,-0.0925
B1a,Dreyer2023,66,0.665,0.7033333333333334,0.03833333333333331,0.6408333333333334,0.6975,0.056666666666666685
B1a,Dreyer2023,67,0.735,0.6716666666666666,-0.06333333333333331,0.7233333333333334,0.655,-0.06833333333333333
B1a,Dreyer2023,68,0.605,0.6683333333333333,0.06333333333333332,0.6275000000000001,0.6183333333333334,-0.009166666666666656
B1a,Dreyer2023,69,0.7483333333333333,0.7583333333333334,0.010000000000000009,0.7633333333333333,0.7908333333333333,0.02749999999999997
B1a,Dreyer2023,70,0.48166666666666663,0.515,0.03333333333333338,0.5716666666666667,0.5816666666666667,0.009999999999999964
B1a,Dreyer2023,71,0.6816666666666666,0.5716666666666667,-0.11000000000000001,0.7366666666666666,0.6016666666666667,-0.13499999999999995
B1a,Dreyer2023,72,0.6616666666666667,0.61,-0.05166666666666671,0.6916666666666667,0.6491666666666667,-0.04249999999999998
B1a,Dreyer2023,73,0.6283333333333333,0.76,0.13166666666666665,0.6725,0.7783333333333333,0.10583333333333331
B1a,Dreyer2023,74,0.635,0.7433333333333334,0.10833333333333332,0.6483333333333333,0.7108333333333333,0.06250000000000003
B1a,Dreyer2023,75,0.7183333333333334,0.6416666666666667,-0.07666666666666669,0.6991666666666667,0.6258333333333332,-0.07333333333333333
B1a,Dreyer2023,76,0.7983333333333333,0.8099999999999999,0.011666666666666691,0.7891666666666667,0.7908333333333333,0.001666666666666683
B1a,Dreyer2023,77,0.735,0.7,-0.03499999999999999,0.6958333333333334,0.6675000000000001,-0.028333333333333342
B1a,Dreyer2023,80,0.5700000000000001,0.6266666666666667,0.05666666666666662,0.6174999999999999,0.6,-0.01749999999999998
B1a,Dreyer2023,81,0.7150000000000001,0.6866666666666668,-0.02833333333333332,0.675,0.6875,0.012499999999999978
B1a,Dreyer2023,82,0.78,0.7083333333333334,-0.07166666666666668,0.7466666666666667,0.6791666666666666,-0.06750000000000003
B1a,Dreyer2023,83,0.6066666666666667,0.62,0.01333333333333342,0.575,0.6008333333333333,0.02583333333333331
B1a,Dreyer2023,84,0.735,0.7516666666666667,0.016666666666666673,0.71,0.735,0.025
B1a,Dreyer2023,85,0.6916666666666667,0.675,-0.016666666666666698,0.7075,0.6625,-0.04499999999999997
B1a,Dreyer2023,86,0.7116666666666667,0.7433333333333334,0.03166666666666662,0.7383333333333333,0.7666666666666666,0.02833333333333332
B1a,Dreyer2023,87,0.7416666666666667,0.6666666666666666,-0.07500000000000002,0.7433333333333334,0.655,-0.0883333333333333
B1a,PhysionetMI,1,0.781060606060606,0.5212121212121212,-0.2598484848484849,0.7861660079051384,0.5772727272727273,-0.20889328063241114
B1a,PhysionetMI,2,0.8115384615384615,0.7446153846153847,-0.06692307692307689,0.7349802371541502,0.7132411067193676,-0.021739130434782615
B1a,PhysionetMI,3,0.8568181818181818,0.6234848484848485,-0.23333333333333334,0.8482213438735178,0.5563241106719368,-0.29189723320158106
B1a,PhysionetMI,4,0.8219696969696969,0.5553030303030303,-0.26666666666666666,0.7990118577075098,0.5432806324110672,-0.25573122529644265
B1a,PhysionetMI,5,0.6477272727272727,0.4704545454545455,-0.17727272727272728,0.5916666666666666,0.5029761904761905,-0.08869047619047618
B1a,PhysionetMI,6,0.7575757575757576,0.47575757575757577,-0.28181818181818186,0.738095238095238,0.5244047619047618,-0.21369047619047618
B1a,PhysionetMI,7,0.9053030303030303,0.8878787878787879,-0.017424242424242408,0.8401185770750988,0.8379446640316205,-0.0021739130434782926
B1a,PhysionetMI,8,0.7560606060606061,0.621969696969697,-0.1340909090909091,0.6879446640316205,0.5602766798418972,-0.12766798418972333
B1a,PhysionetMI,9,0.7930769230769231,0.6484615384615384,-0.14461538461538453,0.6851190476190476,0.5833333333333333,-0.10178571428571434
B1a,PhysionetMI,10,0.5976923076923077,0.49000000000000005,-0.10769230769230771,0.6726190476190477,0.5625,-0.1101190476190476
B1a,PhysionetMI,11,0.6227272727272727,0.4424242424242424,-0.18030303030303027,0.6841897233201581,0.5223320158102767,-0.1618577075098814
B1a,PhysionetMI,12,0.8219696969696969,0.6893939393939394,-0.13257575757575757,0.8202380952380952,0.6773809523809524,-0.14285714285714288
B1a,PhysionetMI,13,0.5409090909090908,0.6136363636363636,0.07272727272727278,0.6519762845849802,0.6132411067193676,-0.03873517786561265
B1a,PhysionetMI,14,0.7045454545454545,0.6196969696969697,-0.08484848484848484,0.674901185770751,0.5401185770750988,-0.13478260869565217
B1a,PhysionetMI,15,0.8784615384615385,0.6246153846153846,-0.2538461538461539,0.8013833992094861,0.6013833992094861,-0.2
B1a,PhysionetMI,16,0.4954545454545455,0.45530303030303027,-0.040151515151515146,0.6760869565217391,0.5717391304347826,-0.10434782608695656
B1a,PhysionetMI,17,0.6825757575757576,0.5848484848484848,-0.09772727272727275,0.7320158102766798,0.6084980237154151,-0.12351778656126484
B1a,PhysionetMI,18,0.9462121212121211,0.603030303030303,-0.3431818181818182,0.9187747035573123,0.6818181818181819,-0.23695652173913045
B1a,PhysionetMI,19,0.8363636363636363,0.5553030303030303,-0.28106060606060607,0.7780632411067193,0.5462450592885375,-0.23181818181818184
B1a,PhysionetMI,20,0.7954545454545455,0.5613636363636363,-0.23409090909090907,0.809288537549407,0.6399209486166008,-0.16936758893280635
B1a,PhysionetMI,21,0.4045454545454545,0.5636363636363637,0.15909090909090912,0.5023809523809524,0.5791666666666666,0.07678571428571429
B1a,PhysionetMI,22,0.8583333333333334,0.5840909090909091,-0.27424242424242423,0.8588932806324111,0.5990118577075099,-0.25988142292490124
B1a,PhysionetMI,23,0.6046153846153846,0.6653846153846155,0.060769230769230756,0.6377470355731225,0.5871541501976284,-0.05059288537549409
B1a,PhysionetMI,24,0.6053030303030302,0.5742424242424242,-0.031060606060606077,0.6462450592885375,0.5369565217391304,-0.10928853754940711
B1a,PhysionetMI,25,0.6227272727272728,0.5636363636363637,-0.05909090909090908,0.6227272727272727,0.6067193675889329,-0.01600790513833992
B1a,PhysionetMI,26,0.5453846153846154,0.6061538461538463,0.060769230769230874,0.5708333333333333,0.6416666666666667,0.07083333333333335
B1a,PhysionetMI,27,0.7234848484848485,0.7340909090909091,0.010606060606060574,0.7784584980237155,0.6626482213438736,-0.11581027667984185
B1a,PhysionetMI,28,0.7727272727272727,0.6015151515151514,-0.17121212121212123,0.8088932806324112,0.6175889328063241,-0.19130434782608696
B1a,PhysionetMI,29,0.8106060606060606,0.8416666666666668,0.0310606060606061,0.8474308300395258,0.8462450592885375,-0.0011857707509881354
B1a,PhysionetMI,30,0.8378787878787879,0.7424242424242424,-0.09545454545454543,0.7678571428571429,0.6791666666666667,-0.08869047619047618
B1a,PhysionetMI,31,0.45378787878787874,0.5545454545454546,0.10075757575757582,0.5071146245059288,0.5254940711462451,0.018379446640316256
B1a,PhysionetMI,32,0.7892307692307693,0.5900000000000001,-0.19923076923076924,0.7363095238095239,0.5577380952380953,-0.17857142857142855
B1a,PhysionetMI,33,0.9303030303030303,0.6590909090909091,-0.2712121212121212,0.9067193675889328,0.6869565217391305,-0.21976284584980227
B1a,PhysionetMI,34,0.8492307692307692,0.7138461538461538,-0.13538461538461538,0.8065476190476192,0.7029761904761905,-0.1035714285714286
B1a,PhysionetMI,35,0.7340909090909091,0.5136363636363637,-0.22045454545454551,0.7928853754940711,0.6219367588932807,-0.17094861660079053
B1a,PhysionetMI,36,0.6401515151515152,0.5727272727272728,-0.06742424242424247,0.6365612648221344,0.5245059288537549,-0.1120553359683794
B1a,PhysionetMI,37,0.6507575757575758,0.5621212121212121,-0.08863636363636365,0.6865612648221344,0.6007905138339921,-0.08577075098814231
B1a,PhysionetMI,38,0.44696969696969696,0.546969696969697,0.1,0.5270750988142292,0.517786561264822,-0.009288537549407106
B1a,PhysionetMI,39,0.7431818181818182,0.5060606060606061,-0.23712121212121212,0.8017786561264822,0.5409090909090909,-0.2608695652173913
B1a,PhysionetMI,40,0.6901515151515152,0.6257575757575757,-0.06439393939393938,0.7470238095238095,0.6815476190476191,-0.06547619047619047
B1a,PhysionetMI,41,0.9292307692307693,0.7446153846153847,-0.18461538461538465,0.7357142857142857,0.6059523809523809,-0.12976190476190477
B1a,PhysionetMI,42,0.9030303030303031,0.8219696969696969,-0.08106060606060608,0.9106719367588934,0.8389328063241107,-0.0717391304347826
B1a,PhysionetMI,43,0.5484848484848486,0.8575757575757577,0.3090909090909091,0.6713438735177866,0.8055335968379447,0.13418972332015816
B1a,PhysionetMI,44,0.8219696969696969,0.5356060606060606,-0.2863636363636363,0.8478260869565217,0.5946640316205534,-0.25316205533596836
B1a,PhysionetMI,45,0.5954545454545455,0.6143939393939395,0.018939393939393943,0.667588932806324,0.558300395256917,-0.10928853754940711
B1a,PhysionetMI,46,0.7083333333333334,0.55,-0.1583333333333334,0.7454545454545455,0.5183794466403162,-0.2270750988142293
B1a,PhysionetMI,47,0.6954545454545455,0.5954545454545455,-0.1,0.7113095238095238,0.5630952380952381,-0.1482142857142857
B1a,PhysionetMI,48,0.8469696969696969,0.5946969696969697,-0.25227272727272726,0.8642292490118578,0.6681818181818182,-0.19604743083003956
B1a,PhysionetMI,49,0.5431818181818182,0.6727272727272727,0.12954545454545455,0.5592885375494071,0.6466403162055336,0.08735177865612649
B1a,PhysionetMI,50,0.7439393939393939,0.5143939393939394,-0.22954545454545455,0.8110671936758893,0.5075098814229249,-0.30355731225296445
B1a,PhysionetMI,51,0.7439393939393939,0.7234848484848485,-0.020454545454545413,0.7089285714285715,0.6988095238095238,-0.010119047619047606
B1a,PhysionetMI,52,0.6861538461538461,0.7707692307692308,0.08461538461538462,0.7285714285714285,0.7273809523809524,-0.0011904761904761862
B1a,PhysionetMI,53,0.6901515151515152,0.696969696969697,0.006818181818181812,0.7041501976284585,0.607707509881423,-0.09644268774703554
B1a,PhysionetMI,54,0.9363636363636363,0.6977272727272728,-0.23863636363636367,0.8905138339920949,0.7324110671936759,-0.15810276679841895
B1a,PhysionetMI,55,0.825,0.9037878787878787,0.07878787878787874,0.8033596837944664,0.7849802371541502,-0.01837944664031623
B1a,PhysionetMI,56,0.7075757575757576,0.7128787878787879,0.0053030303030302765,0.7675889328063241,0.6573122529644269,-0.1102766798418973
B1a,PhysionetMI,57,0.8901515151515152,0.5863636363636363,-0.30378787878787883,0.8809523809523808,0.618452380952381,-0.2625
B1a,PhysionetMI,58,0.8130769230769233,0.7815384615384615,-0.031538461538461585,0.8464285714285715,0.7886904761904762,-0.057738095238095255
B1a,PhysionetMI,59,0.7454545454545455,0.6333333333333334,-0.11212121212121211,0.7077380952380953,0.6726190476190477,-0.035119047619047605
B1a,PhysionetMI,60,0.8846153846153847,0.5838461538461538,-0.3007692307692308,0.7841897233201581,0.6136363636363636,-0.17055335968379443
B1a,PhysionetMI,61,0.740151515151515,0.6128787878787879,-0.1272727272727272,0.7737154150197629,0.591501976284585,-0.1822134387351779
B1a,PhysionetMI,62,0.9166666666666664,0.746969696969697,-0.16969696969696957,0.9565217391304348,0.7650197628458498,-0.19150197628458496
B1a,PhysionetMI,63,0.7681818181818182,0.5204545454545455,-0.2477272727272727,0.6867588932806324,0.5173913043478261,-0.16936758893280635
B1a,PhysionetMI,64,0.7621212121212121,0.4962121212121212,-0.26590909090909093,0.7055335968379446,0.5379446640316206,-0.1675889328063241
B1a,PhysionetMI,65,0.8075757575757576,0.6189393939393939,-0.18863636363636366,0.7642857142857142,0.555952380952381,-0.20833333333333331
B1a,PhysionetMI,66,0.7113636363636363,0.5234848484848486,-0.18787878787878784,0.6221343873517787,0.5737154150197629,-0.04841897233201582
B1a,PhysionetMI,67,0.7416666666666667,0.5446969696969697,-0.19696969696969696,0.666798418972332,0.48616600790513836,-0.1806324110671937
B1a,PhysionetMI,68,0.6946969696969697,0.5037878787878787,-0.19090909090909094,0.749802371541502,0.6122529644268775,-0.13754940711462452
B1a,PhysionetMI,69,0.6369230769230769,0.47923076923076924,-0.15769230769230771,0.6321428571428571,0.5345238095238095,-0.0976190476190476
B1a,PhysionetMI,70,0.8007575757575758,0.6590909090909091,-0.14166666666666675,0.8098814229249012,0.6436758893280633,-0.16620553359683793
B1a,PhysionetMI,71,0.8159090909090908,0.5477272727272727,-0.2681818181818182,0.8422924901185771,0.616600790513834,-0.22569169960474306
B1a,PhysionetMI,72,0.9272727272727274,0.8825757575757576,-0.04469696969696975,0.940909090909091,0.8383399209486166,-0.10256916996047434
B1a,PhysionetMI,73,0.6462121212121212,0.718939393939394,0.07272727272727272,0.7468379446640316,0.6946640316205533,-0.05217391304347825
B1a,PhysionetMI,74,0.6568181818181819,0.49621212121212127,-0.16060606060606059,0.7291666666666667,0.5196428571428571,-0.20952380952380958
B1a,PhysionetMI,75,0.409090909090909,0.6833333333333333,0.2742424242424243,0.49446640316205526,0.6644268774703558,0.1699604743083004
B1a,PhysionetMI,76,0.5151515151515151,0.4909090909090909,-0.02424242424242421,0.6395256916996048,0.5079051383399209,-0.1316205533596838
B1a,PhysionetMI,77,0.5984848484848484,0.6090909090909091,0.010606060606060619,0.6255952380952381,0.4988095238095238,-0.1267857142857143
B1a,PhysionetMI,78,0.5007575757575757,0.4712121212121212,-0.029545454545454562,0.5081027667984189,0.5037549407114624,-0.004347826086956519
B1a,PhysionetMI,79,0.65,0.5242424242424242,-0.1257575757575758,0.649802371541502,0.5126482213438736,-0.13715415019762842
B1a,PhysionetMI,80,0.8076923076923077,0.5430769230769231,-0.2646153846153846,0.7215415019762845,0.574901185770751,-0.14664031620553356
B1a,PhysionetMI,81,0.7439393939393939,0.4787878787878788,-0.26515151515151514,0.7492094861660079,0.5110671936758894,-0.23814229249011856
B1a,PhysionetMI,82,0.6537878787878788,0.5545454545454546,-0.09924242424242422,0.7140316205533597,0.5901185770750988,-0.12391304347826086
B1a,PhysionetMI,83,0.6892307692307693,0.6638461538461538,-0.025384615384615384,0.5498023715415019,0.6260869565217391,0.07628458498023713
B1a,PhysionetMI,84,0.8583333333333334,0.7015151515151515,-0.15681818181818186,0.7345849802371541,0.6968379446640316,-0.03774703557312249
B1a,PhysionetMI,85,0.6727272727272727,0.6901515151515152,0.017424242424242387,0.6986166007905139,0.6460474308300395,-0.05256916996047434
B1a,PhysionetMI,86,0.8538461538461538,0.7276923076923076,-0.12615384615384614,0.8739130434782609,0.7187747035573123,-0.15513833992094864
B1a,PhysionetMI,87,0.6196969696969696,0.5113636363636364,-0.10833333333333331,0.5717391304347826,0.4889328063241106,-0.08280632411067194
B1a,PhysionetMI,90,0.7621212121212121,0.4962121212121212,-0.26590909090909093,0.7877470355731225,0.5122529644268774,-0.2754940711462451
B1a,PhysionetMI,91,0.6924242424242424,0.5704545454545454,-0.12196969696969698,0.7061264822134387,0.6361660079051383,-0.0699604743083004
B1a,PhysionetMI,93,0.7174242424242424,0.7053030303030303,-0.01212121212121211,0.7310276679841897,0.6950592885375494,-0.03596837944664035
B1a,PhysionetMI,94,0.6962121212121213,0.8371212121212122,0.14090909090909087,0.6492094861660079,0.7675889328063241,0.11837944664031622
B1a,PhysionetMI,95,0.6138461538461538,0.5307692307692308,-0.08307692307692308,0.7013833992094861,0.5703557312252965,-0.1310276679841897
B1a,PhysionetMI,96,0.7507575757575757,0.40606060606060607,-0.34469696969696967,0.7343873517786561,0.500395256916996,-0.23399209486166014
B1a,PhysionetMI,97,0.7621212121212121,0.5825757575757576,-0.1795454545454545,0.7304347826086957,0.5413043478260869,-0.1891304347826087
B1a,PhysionetMI,98,0.4446969696969697,0.4651515151515152,0.020454545454545503,0.5713438735177865,0.5148221343873518,-0.05652173913043477
B1a,PhysionetMI,99,0.5424242424242424,0.5416666666666667,-0.0007575757575757347,0.5667984189723321,0.4812252964426877,-0.08557312252964429
B1a,PhysionetMI,101,0.826153846153846,0.7361538461538462,-0.09,0.8385375494071147,0.6636363636363637,-0.17490118577075098
B1a,PhysionetMI,102,0.6439393939393939,0.5393939393939394,-0.10454545454545452,0.6988142292490118,0.5561264822134387,-0.1426877470355731
B1a,PhysionetMI,103,0.6795454545454545,0.5378787878787878,-0.14166666666666666,0.6841897233201581,0.6148221343873518,-0.06936758893280634
B1a,PhysionetMI,105,0.834848484848485,0.4840909090909092,-0.35075757575757577,0.8215415019762846,0.491304347826087,-0.3302371541501976
B1a,PhysionetMI,107,0.4537878787878788,0.4583333333333333,0.0045454545454545634,0.5916666666666666,0.4892857142857142,-0.10238095238095235
B1a,PhysionetMI,108,0.7219696969696969,0.6090909090909091,-0.11287878787878788,0.7563241106719367,0.6628458498023716,-0.0934782608695652
B1a,PhysionetMI,109,0.6303030303030303,0.6287878787878788,-0.0015151515151514694,0.6460474308300396,0.6195652173913043,-0.026482213438735226
B1c,Cho2017,1,0.596,0.57,-0.026000000000000044,0.6020000000000001,0.596,-0.006000000000000005
B1c,Cho2017,2,0.528,0.58,0.051999999999999956,0.512,0.578,0.06599999999999995
B1c,Cho2017,3,0.702,0.6799999999999999,-0.02200000000000004,0.7,0.7,2.2204460492503132e-17
B1c,Cho2017,4,0.65,0.6839999999999999,0.03399999999999999,0.637,0.7,0.06299999999999997
B1c,Cho2017,5,0.986,0.8640000000000001,-0.122,0.976,0.835,-0.14100000000000001
B1c,Cho2017,6,0.828,0.72,-0.10800000000000003,0.8240000000000001,0.7020000000000001,-0.12199999999999996
B1c,Cho2017,7,0.5966666666666667,0.5549999999999999,-0.04166666666666667,0.5841666666666667,0.5525,-0.03166666666666666
B1c,Cho2017,8,0.554,0.552,-0.0020000000000000018,0.5589999999999999,0.553,-0.005999999999999961
B1c,Cho2017,9,0.5549999999999999,0.585,0.02999999999999998,0.5683333333333334,0.5783333333333334,0.009999999999999964
B1c,Cho2017,10,0.604,0.616,0.01200000000000001,0.626,0.661,0.03500000000000005
B1c,Cho2017,11,0.5900000000000001,0.5900000000000001,0.0,0.546,0.578,0.03199999999999996
B1c,Cho2017,12,0.54,0.56,0.019999999999999997,0.624,0.584,-0.040000000000000036
B1c,Cho2017,13,0.8220000000000001,0.786,-0.03599999999999999,0.753,0.721,-0.03200000000000001
B1c,Cho2017,14,0.784,0.808,0.02400000000000002,0.7769999999999999,0.826,0.049
B1c,Cho2017,15,0.5940000000000001,0.5780000000000001,-0.015999999999999993,0.576,0.571,-0.0050000000000000044
B1c,Cho2017,16,0.634,0.5900000000000001,-0.04399999999999995,0.591,0.557,-0.03399999999999996
B1c,Cho2017,17,0.49399999999999994,0.5740000000000001,0.08000000000000002,0.505,0.563,0.05799999999999996
B1c,Cho2017,18,0.614,0.6300000000000001,0.016000000000000035,0.585,0.64,0.05499999999999998
B1c,Cho2017,19,0.51,0.5860000000000001,0.07600000000000007,0.544,0.592,0.04800000000000002
B1c,Cho2017,20,0.556,0.6439999999999999,0.08799999999999994,0.572,0.595,0.02300000000000002
B1c,Cho2017,21,0.546,0.608,0.06200000000000001,0.524,0.5860000000000001,0.061999999999999986
B1c,Cho2017,22,0.636,0.622,-0.014000000000000012,0.591,0.592,0.0009999999999999564
B1c,Cho2017,23,0.5559999999999999,0.62,0.06400000000000003,0.6799999999999999,0.6050000000000001,-0.07499999999999998
B1c,Cho2017,24,0.54,0.588,0.048,0.549,0.604,0.05499999999999998
B1c,Cho2017,25,0.628,0.526,-0.10200000000000001,0.594,0.567,-0.026999999999999958
B1c,Cho2017,26,0.9879999999999999,0.9199999999999999,-0.06800000000000002,0.9629999999999999,0.882,-0.08099999999999996
B1c,Cho2017,27,0.576,0.648,0.072,0.546,0.6199999999999999,0.07399999999999995
B1c,Cho2017,28,0.5,0.6779999999999999,0.17799999999999996,0.516,0.6559999999999999,0.13999999999999996
B1c,Cho2017,29,0.532,0.48200000000000004,-0.05,0.49400000000000005,0.503,0.008999999999999998
B1c,Cho2017,30,0.6759999999999999,0.6739999999999999,-0.0020000000000000018,0.607,0.58,-0.027000000000000003
B1c,Cho2017,31,0.518,0.502,-0.016000000000000014,0.497,0.479,-0.018000000000000016
B1c,Cho2017,32,0.49800000000000005,0.506,0.008000000000000018,0.512,0.522,0.010000000000000031
B1c,Cho2017,33,0.522,0.5800000000000001,0.05800000000000005,0.52,0.582,0.061999999999999944
B1c,Cho2017,34,0.5700000000000001,0.5700000000000001,-2.2204460492503132e-17,0.541,0.549,0.008000000000000007
B1c,Cho2017,35,0.374,0.402,0.028000000000000035,0.488,0.533,0.045000000000000026
B1c,Cho2017,36,0.554,0.5780000000000001,0.023999999999999955,0.565,0.554,-0.010999999999999965
B1c,Cho2017,37,0.882,0.8380000000000001,-0.044,0.779,0.754,-0.025
B1c,Cho2017,38,0.544,0.548,0.0040000000000000036,0.568,0.562,-0.005999999999999961
B1c,Cho2017,39,0.6,0.554,-0.04599999999999997,0.6599999999999999,0.61,-0.049999999999999975
B1c,Cho2017,40,0.516,0.506,-0.010000000000000009,0.554,0.51,-0.044
B1c,Cho2017,41,0.648,0.634,-0.014000000000000012,0.643,0.61,-0.03300000000000003
B1c,Cho2017,42,0.562,0.532,-0.030000000000000027,0.544,0.5589999999999999,0.014999999999999947
B1c,Cho2017,43,1.0,0.974,-0.026000000000000023,0.9789999999999999,0.9289999999999999,-0.050000000000000024
B1c,Cho2017,44,0.95,0.674,-0.27599999999999997,0.898,0.688,-0.21000000000000002
B1c,Cho2017,45,0.516,0.548,0.03199999999999999,0.522,0.5650000000000001,0.04299999999999997
B1c,Cho2017,46,0.5650000000000001,0.625,0.06000000000000001,0.5566666666666666,0.5675,0.010833333333333316
B1c,Cho2017,47,0.7979999999999999,0.572,-0.22599999999999998,0.749,0.554,-0.195
B1c,Cho2017,48,0.6679999999999999,0.6060000000000001,-0.061999999999999965,0.6689999999999999,0.615,-0.054000000000000006
B1c,Cho2017,49,1.0,0.9219999999999999,-0.07800000000000003,0.898,0.8130000000000001,-0.085
B1c,Cho2017,50,0.9720000000000001,0.5980000000000001,-0.374,0.975,0.636,-0.33899999999999997
B1c,Cho2017,51,0.65,0.62,-0.02999999999999998,0.597,0.5890000000000001,-0.007999999999999962
B1c,Cho2017,52,0.5740000000000001,0.5880000000000001,0.014000000000000058,0.579,0.608,0.029000000000000005
B1c,Dreyer2023,1,0.7833333333333334,0.7733333333333333,-0.010000000000000009,0.8141666666666667,0.7591666666666667,-0.05500000000000003
B1c,Dreyer2023,2,0.58,0.5283333333333333,-0.05166666666666668,0.6208333333333333,0.5883333333333333,-0.03249999999999997
B1c,Dreyer2023,3,0.6583333333333334,0.7216666666666667,0.06333333333333331,0.6841666666666667,0.7233333333333334,0.03916666666666666
B1c,Dreyer2023,5,0.775,0.735,-0.040000000000000015,0.7525000000000001,0.7216666666666667,-0.03083333333333336
B1c,Dreyer2023,6,0.72,0.6866666666666668,-0.033333333333333326,0.7033333333333334,0.6791666666666667,-0.02416666666666667
B1c,Dreyer2023,7,0.8966666666666667,0.835,-0.06166666666666665,0.8825,0.8491666666666667,-0.03333333333333335
B1c,Dreyer2023,8,0.7300000000000001,0.665,-0.06500000000000003,0.7441666666666666,0.7116666666666667,-0.03250000000000004
B1c,Dreyer2023,10,0.8,0.9116666666666667,0.11166666666666665,0.8091666666666667,0.9016666666666666,0.09249999999999999
B1c,Dreyer2023,11,0.5666666666666667,0.5966666666666667,0.030000000000000027,0.5841666666666667,0.5883333333333333,0.004166666666666652
B1c,Dreyer2023,12,0.8066666666666666,0.7433333333333334,-0.06333333333333331,0.7616666666666666,0.7075,-0.054166666666666606
B1c,Dreyer2023,13,0.6883333333333334,0.6533333333333333,-0.03500000000000001,0.7333333333333334,0.7333333333333333,-2.2204460492503132e-17
B1c,Dreyer2023,14,0.6316666666666666,0.5966666666666667,-0.03500000000000001,0.645,0.595,-0.050000000000000024
B1c,Dreyer2023,15,0.8133333333333332,0.8566666666666667,0.043333333333333314,0.8366666666666667,0.8583333333333334,0.021666666666666702
B1c,Dreyer2023,16,0.7833333333333333,0.6950000000000001,-0.08833333333333333,0.7633333333333333,0.7383333333333333,-0.024999999999999977
B1c,Dreyer2023,18,0.7783333333333333,0.6683333333333333,-0.10999999999999996,0.7675,0.6375,-0.12999999999999998
B1c,Dreyer2023,19,0.8116666666666668,0.86,0.04833333333333334,0.7925000000000001,0.8258333333333333,0.033333333333333305
B1c,Dreyer2023,20,0.8066666666666666,0.8833333333333334,0.07666666666666663,0.78,0.8433333333333334,0.06333333333333335
B1c,Dreyer2023,21,0.8266666666666668,0.8033333333333333,-0.023333333333333362,0.865,0.8058333333333334,-0.05916666666666672
B1c,Dreyer2023,22,0.7783333333333333,0.835,0.05666666666666664,0.7849999999999999,0.8550000000000001,0.06999999999999999
B1c,Dreyer2023,23,0.6733333333333333,0.6716666666666666,-0.0016666666666666607,0.6641666666666667,0.6900000000000001,0.02583333333333331
B1c,Dreyer2023,24,0.8483333333333334,0.8883333333333333,0.039999999999999966,0.8541666666666666,0.8875,0.033333333333333305
B1c,Dreyer2023,25,0.6033333333333333,0.6666666666666667,0.06333333333333335,0.6799999999999999,0.735,0.05500000000000001
B1c,Dreyer2023,26,0.6733333333333333,0.6966666666666667,0.023333333333333296,0.6233333333333333,0.6733333333333333,0.050000000000000044
B1c,Dreyer2023,27,0.6883333333333332,0.6416666666666666,-0.046666666666666676,0.6983333333333334,0.6966666666666667,-0.0016666666666666607
B1c,Dreyer2023,28,0.7183333333333334,0.7,-0.018333333333333333,0.6891666666666667,0.705,0.015833333333333345
B1c,Dreyer2023,30,0.63,0.6816666666666666,0.05166666666666668,0.6316666666666666,0.6916666666666667,0.06000000000000003
B1c,Dreyer2023,31,0.75,0.79,0.039999999999999994,0.745,0.7766666666666666,0.03166666666666666
B1c,Dreyer2023,32,0.6900000000000001,0.6933333333333334,0.003333333333333366,0.6925,0.7058333333333333,0.01333333333333333
B1c,Dreyer2023,33,0.6483333333333333,0.6083333333333333,-0.040000000000000015,0.6891666666666667,0.6375,-0.05166666666666666
B1c,Dreyer2023,34,0.7416666666666667,0.6799999999999999,-0.06166666666666669,0.8333333333333334,0.7883333333333333,-0.04499999999999997
B1c,Dreyer2023,35,0.6649999999999999,0.6900000000000001,0.025000000000000022,0.7291666666666667,0.7258333333333333,-0.0033333333333333435
B1c,Dreyer2023,36,0.7016666666666667,0.6766666666666666,-0.025,0.7416666666666667,0.7024999999999999,-0.039166666666666725
B1c,Dreyer2023,37,0.6333333333333333,0.675,0.0416666666666667,0.645,0.6583333333333333,0.01333333333333333
B1c,Dreyer2023,38,0.7283333333333333,0.7433333333333334,0.015000000000000036,0.7741666666666667,0.7875,0.013333333333333308
B1c,Dreyer2023,39,0.8966666666666667,0.9,0.0033333333333334103,0.8724999999999999,0.865,-0.007499999999999995
B1c,Dreyer2023,40,0.6948275862068967,0.6206896551724138,-0.07413793103448278,0.7552780255724055,0.7040440083258994,-0.05123401724650609
B1c,Dreyer2023,42,0.615,0.645,0.030000000000000006,0.6175,0.6391666666666667,0.021666666666666612
B1c,Dreyer2023,43,0.805,0.7183333333333334,-0.08666666666666667,0.8591666666666666,0.76,-0.0991666666666667
B1c,Dreyer2023,44,0.6216666666666667,0.5766666666666667,-0.04499999999999997,0.6058333333333333,0.5966666666666667,-0.009166666666666656
B1c,Dreyer2023,45,0.6783333333333333,0.6083333333333334,-0.06999999999999998,0.6725,0.5916666666666667,-0.08083333333333331
B1c,Dreyer2023,46,0.6916666666666667,0.5666666666666667,-0.12500000000000003,0.6933333333333334,0.6391666666666667,-0.054166666666666655
B1c,Dreyer2023,47,0.735,0.7433333333333334,0.008333333333333326,0.7266666666666667,0.7458333333333333,0.019166666666666686
B1c,Dreyer2023,48,0.64,0.6683333333333333,0.028333333333333276,0.6425,0.6533333333333333,0.010833333333333316
B1c,Dreyer2023,49,0.6966666666666667,0.6666666666666667,-0.02999999999999996,0.6783333333333333,0.6575,-0.02083333333333337
B1c,Dreyer2023,50,0.5700000000000001,0.5916666666666667,0.021666666666666678,0.6041666666666667,0.6141666666666666,0.010000000000000009
B1c,Dreyer2023,51,0.7066666666666667,0.6566666666666666,-0.05,0.7125,0.6633333333333333,-0.04916666666666662
B1c,Dreyer2023,52,0.7033333333333334,0.7116666666666667,0.00833333333333337,0.7075,0.7433333333333334,0.03583333333333334
B1c,Dreyer2023,53,0.6916666666666667,0.7533333333333333,0.06166666666666667,0.6716666666666666,0.7241666666666667,0.05250000000000001
B1c,Dreyer2023,54,0.6683333333333333,0.6333333333333334,-0.03499999999999996,0.6441666666666667,0.6166666666666666,-0.027500000000000014
B1c,Dreyer2023,55,0.8916666666666666,0.9433333333333334,0.05166666666666666,0.865,0.9324999999999999,0.06750000000000003
B1c,Dreyer2023,56,0.8866666666666667,0.975,0.08833333333333335,0.8916666666666666,0.9558333333333333,0.06416666666666668
B1c,Dreyer2023,57,0.5766666666666667,0.6483333333333333,0.07166666666666668,0.5666666666666667,0.6383333333333333,0.07166666666666668
B1c,Dreyer2023,58,0.8916666666666666,0.8066666666666666,-0.08499999999999996,0.8625,0.8,-0.06250000000000003
B1c,Dreyer2023,59,0.7275,0.8125,0.08500000000000005,0.7775,0.82,0.04250000000000005
B1c,Dreyer2023,60,0.6950000000000001,0.7683333333333333,0.07333333333333332,0.7150000000000001,0.7341666666666666,0.019166666666666665
B1c,Dreyer2023,61,0.7683333333333333,0.71,-0.05833333333333339,0.7525000000000001,0.7375,-0.014999999999999947
B1c,Dreyer2023,62,0.7233333333333334,0.7416666666666666,0.018333333333333292,0.7300000000000001,0.7366666666666667,0.006666666666666621
B1c,Dreyer2023,63,0.6416666666666666,0.6983333333333334,0.056666666666666664,0.6308333333333334,0.6858333333333333,0.05500000000000003
B1c,Dreyer2023,64,0.6466666666666667,0.625,-0.021666666666666678,0.6483333333333332,0.6416666666666666,-0.006666666666666643
B1c,Dreyer2023,65,0.8183333333333334,0.675,-0.14333333333333337,0.765,0.6816666666666666,-0.08333333333333334
B1c,Dreyer2023,66,0.665,0.7066666666666667,0.04166666666666665,0.6408333333333334,0.6791666666666667,0.03833333333333335
B1c,Dreyer2023,67,0.735,0.6583333333333334,-0.07666666666666666,0.7233333333333334,0.6233333333333333,-0.10000000000000002
B1c,Dreyer2023,68,0.605,0.645,0.039999999999999994,0.6275000000000001,0.6233333333333333,-0.004166666666666652
B1c,Dreyer2023,69,0.7483333333333333,0.7933333333333333,0.045,0.7633333333333333,0.8025,0.03916666666666668
B1c,Dreyer2023,70,0.48166666666666663,0.5483333333333333,0.06666666666666671,0.5716666666666667,0.5983333333333334,0.02666666666666666
B1c,Dreyer2023,71,0.6816666666666666,0.6399999999999999,-0.04166666666666672,0.7366666666666666,0.6575,-0.07916666666666665
B1c,Dreyer2023,72,0.6616666666666667,0.6216666666666667,-0.039999999999999994,0.6916666666666667,0.6691666666666667,-0.022499999999999964
B1c,Dreyer2023,73,0.6283333333333333,0.7983333333333333,0.16999999999999998,0.6725,0.8116666666666668,0.13916666666666666
B1c,Dreyer2023,74,0.635,0.7266666666666667,0.09166666666666667,0.6483333333333333,0.7,0.05166666666666668
B1c,Dreyer2023,75,0.7183333333333334,0.67,-0.04833333333333336,0.6991666666666667,0.6483333333333333,-0.050833333333333355
B1c,Dreyer2023,76,0.7983333333333333,0.8016666666666665,0.0033333333333333435,0.7891666666666667,0.7875,-0.0016666666666666607
B1c,Dreyer2023,77,0.735,0.6933333333333334,-0.04166666666666665,0.6958333333333334,0.6641666666666667,-0.03166666666666669
B1c,Dreyer2023,80,0.5700000000000001,0.655,0.085,0.6174999999999999,0.6266666666666667,0.009166666666666656
B1c,Dreyer2023,81,0.7150000000000001,0.6433333333333333,-0.07166666666666668,0.675,0.6625,-0.012500000000000044
B1c,Dreyer2023,82,0.78,0.7133333333333333,-0.0666666666666667,0.7466666666666667,0.6875,-0.05916666666666668
B1c,Dreyer2023,83,0.6066666666666667,0.6849999999999999,0.07833333333333334,0.575,0.6433333333333333,0.06833333333333332
B1c,Dreyer2023,84,0.735,0.7616666666666667,0.026666666666666682,0.71,0.7516666666666667,0.04166666666666667
B1c,Dreyer2023,85,0.6916666666666667,0.6849999999999999,-0.006666666666666687,0.7075,0.6575,-0.049999999999999975
B1c,Dreyer2023,86,0.7116666666666667,0.7233333333333334,0.011666666666666648,0.7383333333333333,0.7608333333333334,0.02250000000000003
B1c,Dreyer2023,87,0.7416666666666667,0.7383333333333333,-0.0033333333333333435,0.7433333333333334,0.6983333333333334,-0.045
B1c,PhysionetMI,1,0.781060606060606,0.5992424242424242,-0.18181818181818182,0.7861660079051384,0.6395256916996047,-0.14664031620553364
B1c,PhysionetMI,2,0.8115384615384615,0.7815384615384616,-0.02999999999999996,0.7349802371541502,0.7209486166007906,-0.014031620553359669
B1c,PhysionetMI,3,0.8568181818181818,0.4984848484848484,-0.3583333333333334,0.8482213438735178,0.5136363636363637,-0.33458498023715416
B1c,PhysionetMI,4,0.8219696969696969,0.593939393939394,-0.22803030303030303,0.7990118577075098,0.5513833992094861,-0.24762845849802373
B1c,PhysionetMI,5,0.6477272727272727,0.568939393939394,-0.07878787878787881,0.5916666666666666,0.5464285714285715,-0.04523809523809523
B1c,PhysionetMI,6,0.7575757575757576,0.5204545454545455,-0.23712121212121212,0.738095238095238,0.5226190476190476,-0.21547619047619046
B1c,PhysionetMI,7,0.9053030303030303,0.8477272727272727,-0.057575757575757544,0.8401185770750988,0.7784584980237155,-0.0616600790513834
B1c,PhysionetMI,8,0.7560606060606061,0.6204545454545454,-0.13560606060606065,0.6879446640316205,0.5545454545454546,-0.133399209486166
B1c,PhysionetMI,9,0.7930769230769231,0.6607692307692308,-0.13230769230769224,0.6851190476190476,0.631547619047619,-0.05357142857142858
B1c,PhysionetMI,10,0.5976923076923077,0.4776923076923077,-0.12,0.6726190476190477,0.5648809523809524,-0.10773809523809523
B1c,PhysionetMI,11,0.6227272727272727,0.4121212121212121,-0.2106060606060606,0.6841897233201581,0.4982213438735178,-0.1859683794466403
B1c,PhysionetMI,12,0.8219696969696969,0.6636363636363637,-0.15833333333333335,0.8202380952380952,0.6154761904761905,-0.20476190476190476
B1c,PhysionetMI,13,0.5409090909090908,0.5083333333333333,-0.032575757575757536,0.6519762845849802,0.5205533596837945,-0.1314229249011858
B1c,PhysionetMI,14,0.7045454545454545,0.6181818181818182,-0.08636363636363635,0.674901185770751,0.5551383399209486,-0.11976284584980239
B1c,PhysionetMI,15,0.8784615384615385,0.6853846153846155,-0.1930769230769231,0.8013833992094861,0.6413043478260869,-0.1600790513833992
B1c,PhysionetMI,16,0.4954545454545455,0.39924242424242423,-0.09621212121212123,0.6760869565217391,0.5009881422924901,-0.17509881422924906
B1c,PhysionetMI,17,0.6825757575757576,0.5545454545454545,-0.12803030303030305,0.7320158102766798,0.6314229249011858,-0.10059288537549407
B1c,PhysionetMI,18,0.9462121212121211,0.4977272727272727,-0.44848484848484854,0.9187747035573123,0.6324110671936759,-0.28636363636363643
B1c,PhysionetMI,19,0.8363636363636363,0.6045454545454545,-0.23181818181818184,0.7780632411067193,0.5616600790513834,-0.21640316205533594
B1c,PhysionetMI,20,0.7954545454545455,0.47651515151515156,-0.31893939393939397,0.809288537549407,0.5687747035573123,-0.24051383399209483
B1c,PhysionetMI,21,0.4045454545454545,0.5477272727272727,0.14318181818181822,0.5023809523809524,0.5494047619047618,0.047023809523809544
B1c,PhysionetMI,22,0.8583333333333334,0.5818181818181818,-0.2765151515151515,0.8588932806324111,0.6104743083003952,-0.24841897233201582
B1c,PhysionetMI,23,0.6046153846153846,0.6884615384615385,0.08384615384615382,0.6377470355731225,0.5802371541501976,-0.05750988142292492
B1c,PhysionetMI,24,0.6053030303030302,0.5643939393939394,-0.040909090909090874,0.6462450592885375,0.5304347826086956,-0.11581027667984192
B1c,PhysionetMI,25,0.6227272727272728,0.5022727272727272,-0.12045454545454545,0.6227272727272727,0.5535573122529645,-0.0691699604743083
B1c,PhysionetMI,26,0.5453846153846154,0.5676923076923077,0.022307692307692372,0.5708333333333333,0.5833333333333333,0.012499999999999978
B1c,PhysionetMI,27,0.7234848484848485,0.6606060606060606,-0.0628787878787879,0.7784584980237155,0.65,-0.12845849802371542
B1c,PhysionetMI,28,0.7727272727272727,0.5371212121212121,-0.23560606060606065,0.8088932806324112,0.5806324110671937,-0.22826086956521738
B1c,PhysionetMI,29,0.8106060606060606,0.8007575757575758,-0.009848484848484839,0.8474308300395258,0.8130434782608695,-0.03438735177865613
B1c,PhysionetMI,30,0.8378787878787879,0.6303030303030303,-0.20757575757575758,0.7678571428571429,0.6125,-0.1553571428571429
B1c,PhysionetMI,31,0.45378787878787874,0.5969696969696969,0.14318181818181822,0.5071146245059288,0.5079051383399209,0.0007905138339921125
B1c,PhysionetMI,32,0.7892307692307693,0.5723076923076923,-0.21692307692307694,0.7363095238095239,0.5625,-0.1738095238095238
B1c,PhysionetMI,33,0.9303030303030303,0.5295454545454545,-0.40075757575757576,0.9067193675889328,0.6063241106719367,-0.300395256916996
B1c,PhysionetMI,34,0.8492307692307692,0.7115384615384615,-0.13769230769230767,0.8065476190476192,0.7089285714285715,-0.09761904761904767
B1c,PhysionetMI,35,0.7340909090909091,0.5196969696969698,-0.21439393939393944,0.7928853754940711,0.6065217391304347,-0.18636363636363634
B1c,PhysionetMI,36,0.6401515151515152,0.5727272727272728,-0.06742424242424246,0.6365612648221344,0.541699604743083,-0.09486166007905135
B1c,PhysionetMI,37,0.6507575757575758,0.6386363636363637,-0.012121212121212154,0.6865612648221344,0.6430830039525691,-0.04347826086956523
B1c,PhysionetMI,38,0.44696969696969696,0.5075757575757576,0.06060606060606064,0.5270750988142292,0.5092885375494072,-0.017786561264822098
B1c,PhysionetMI,39,0.7431818181818182,0.5083333333333333,-0.23484848484848486,0.8017786561264822,0.5511857707509881,-0.25059288537549407
B1c,PhysionetMI,40,0.6901515151515152,0.5886363636363636,-0.10151515151515149,0.7470238095238095,0.6833333333333333,-0.06369047619047619
B1c,PhysionetMI,41,0.9292307692307693,0.696923076923077,-0.23230769230769227,0.7357142857142857,0.6208333333333333,-0.11488095238095238
B1c,PhysionetMI,42,0.9030303030303031,0.7007575757575758,-0.20227272727272724,0.9106719367588934,0.7549407114624506,-0.15573122529644262
B1c,PhysionetMI,43,0.5484848484848486,0.7621212121212121,0.21363636363636357,0.6713438735177866,0.76699604743083,0.09565217391304351
B1c,PhysionetMI,44,0.8219696969696969,0.509090909090909,-0.31287878787878787,0.8478260869565217,0.5646245059288537,-0.28320158102766796
B1c,PhysionetMI,45,0.5954545454545455,0.593939393939394,-0.001515151515151525,0.667588932806324,0.5515810276679842,-0.11600790513833989
B1c,PhysionetMI,46,0.7083333333333334,0.5174242424242423,-0.19090909090909097,0.7454545454545455,0.5122529644268774,-0.23320158102766803
B1c,PhysionetMI,47,0.6954545454545455,0.5515151515151515,-0.14393939393939398,0.7113095238095238,0.5636904761904762,-0.1476190476190476
B1c,PhysionetMI,48,0.8469696969696969,0.6053030303030302,-0.2416666666666667,0.8642292490118578,0.6146245059288538,-0.24960474308300395
B1c,PhysionetMI,49,0.5431818181818182,0.6659090909090909,0.12272727272727273,0.5592885375494071,0.7029644268774703,0.14367588932806324
B1c,PhysionetMI,50,0.7439393939393939,0.6045454545454546,-0.13939393939393935,0.8110671936758893,0.6081027667984189,-0.2029644268774704
B1c,PhysionetMI,51,0.7439393939393939,0.7371212121212122,-0.006818181818181746,0.7089285714285715,0.6880952380952381,-0.020833333333333325
B1c,PhysionetMI,52,0.6861538461538461,0.7115384615384616,0.02538461538461543,0.7285714285714285,0.6946428571428571,-0.03392857142857142
B1c,PhysionetMI,53,0.6901515151515152,0.7325757575757577,0.042424242424242434,0.7041501976284585,0.5895256916996047,-0.11462450592885373
B1c,PhysionetMI,54,0.9363636363636363,0.6765151515151515,-0.25984848484848494,0.8905138339920949,0.733596837944664,-0.1569169960474308
B1c,PhysionetMI,55,0.825,0.8606060606060606,0.03560606060606062,0.8033596837944664,0.7494071146245059,-0.053952569169960454
B1c,PhysionetMI,56,0.7075757575757576,0.6848484848484848,-0.022727272727272728,0.7675889328063241,0.6434782608695653,-0.12411067193675893
B1c,PhysionetMI,57,0.8901515151515152,0.5348484848484848,-0.35530303030303034,0.8809523809523808,0.5815476190476191,-0.29940476190476184
B1c,PhysionetMI,58,0.8130769230769233,0.7207692307692308,-0.09230769230769234,0.8464285714285715,0.7136904761904762,-0.13273809523809527
B1c,PhysionetMI,59,0.7454545454545455,0.6666666666666667,-0.07878787878787874,0.7077380952380953,0.7011904761904761,-0.006547619047619069
B1c,PhysionetMI,60,0.8846153846153847,0.586923076923077,-0.2976923076923077,0.7841897233201581,0.5944664031620552,-0.18972332015810275
B1c,PhysionetMI,61,0.740151515151515,0.6643939393939393,-0.07575757575757573,0.7737154150197629,0.6154150197628458,-0.15830039525691703
B1c,PhysionetMI,62,0.9166666666666664,0.8128787878787879,-0.10378787878787862,0.9565217391304348,0.8213438735177865,-0.13517786561264825
B1c,PhysionetMI,63,0.7681818181818182,0.5598484848484848,-0.20833333333333331,0.6867588932806324,0.5379446640316206,-0.14881422924901183
B1c,PhysionetMI,64,0.7621212121212121,0.5022727272727272,-0.2598484848484849,0.7055335968379446,0.5298418972332015,-0.1756916996047431
B1c,PhysionetMI,65,0.8075757575757576,0.5,-0.3075757575757576,0.7642857142857142,0.5648809523809524,-0.19940476190476192
B1c,PhysionetMI,66,0.7113636363636363,0.5840909090909091,-0.12727272727272726,0.6221343873517787,0.5628458498023715,-0.05928853754940715
B1c,PhysionetMI,67,0.7416666666666667,0.6477272727272727,-0.09393939393939395,0.666798418972332,0.5745059288537548,-0.0922924901185771
B1c,PhysionetMI,68,0.6946969696969697,0.6022727272727273,-0.09242424242424244,0.749802371541502,0.6466403162055336,-0.10316205533596841
B1c,PhysionetMI,69,0.6369230769230769,0.48692307692307696,-0.15,0.6321428571428571,0.5101190476190476,-0.1220238095238095
B1c,PhysionetMI,70,0.8007575757575758,0.7037878787878787,-0.09696969696969707,0.8098814229249012,0.7245059288537549,-0.08537549407114624
B1c,PhysionetMI,71,0.8159090909090908,0.571969696969697,-0.24393939393939396,0.8422924901185771,0.5938735177865613,-0.24841897233201582
B1c,PhysionetMI,72,0.9272727272727274,0.8825757575757576,-0.04469696969696972,0.940909090909091,0.8245059288537548,-0.11640316205533603
B1c,PhysionetMI,73,0.6462121212121212,0.6515151515151516,0.005303030303030298,0.7468379446640316,0.6551383399209486,-0.09169960474308303
B1c,PhysionetMI,74,0.6568181818181819,0.5621212121212121,-0.0946969696969697,0.7291666666666667,0.5791666666666666,-0.15000000000000005
B1c,PhysionetMI,75,0.409090909090909,0.5871212121212122,0.17803030303030307,0.49446640316205526,0.5847826086956521,0.09031620553359687
B1c,PhysionetMI,76,0.5151515151515151,0.4909090909090909,-0.02424242424242421,0.6395256916996048,0.5535573122529645,-0.08596837944664033
B1c,PhysionetMI,77,0.5984848484848484,0.4916666666666667,-0.10681818181818178,0.6255952380952381,0.5125,-0.11309523809523814
B1c,PhysionetMI,78,0.5007575757575757,0.4257575757575758,-0.07500000000000001,0.5081027667984189,0.4762845849802371,-0.031818181818181815
B1c,PhysionetMI,79,0.65,0.5727272727272728,-0.07727272727272727,0.649802371541502,0.542094861660079,-0.1077075098814229
B1c,PhysionetMI,80,0.8076923076923077,0.6623076923076923,-0.1453846153846154,0.7215415019762845,0.6470355731225297,-0.07450592885375493
B1c,PhysionetMI,81,0.7439393939393939,0.5363636363636364,-0.2075757575757576,0.7492094861660079,0.5312252964426877,-0.21798418972332018
B1c,PhysionetMI,82,0.6537878787878788,0.5765151515151515,-0.07727272727272727,0.7140316205533597,0.5794466403162055,-0.13458498023715412
B1c,PhysionetMI,83,0.6892307692307693,0.5415384615384615,-0.14769230769230762,0.5498023715415019,0.5389328063241107,-0.01086956521739133
B1c,PhysionetMI,84,0.8583333333333334,0.7424242424242424,-0.11590909090909096,0.7345849802371541,0.7041501976284585,-0.030434782608695653
B1c,PhysionetMI,85,0.6727272727272727,0.656060606060606,-0.016666666666666673,0.6986166007905139,0.6650197628458498,-0.03359683794466404
B1c,PhysionetMI,86,0.8538461538461538,0.6707692307692308,-0.18307692307692305,0.8739130434782609,0.6800395256916996,-0.19387351778656128
B1c,PhysionetMI,87,0.6196969696969696,0.45530303030303027,-0.16439393939393937,0.5717391304347826,0.45395256916996046,-0.11778656126482215
B1c,PhysionetMI,90,0.7621212121212121,0.46818181818181814,-0.29393939393939394,0.7877470355731225,0.4592885375494071,-0.3284584980237154
B1c,PhysionetMI,91,0.6924242424242424,0.6083333333333333,-0.08409090909090913,0.7061264822134387,0.5879446640316205,-0.11818181818181817
B1c,PhysionetMI,93,0.7174242424242424,0.6590909090909091,-0.05833333333333337,0.7310276679841897,0.6561264822134387,-0.07490118577075097
B1c,PhysionetMI,94,0.6962121212121213,0.6992424242424242,0.003030303030302983,0.6492094861660079,0.6480237154150197,-0.0011857707509881576
B1c,PhysionetMI,95,0.6138461538461538,0.5323076923076924,-0.08153846153846152,0.7013833992094861,0.6065217391304347,-0.09486166007905136
B1c,PhysionetMI,96,0.7507575757575757,0.42727272727272725,-0.3234848484848485,0.7343873517786561,0.48814229249011853,-0.2462450592885376
B1c,PhysionetMI,97,0.7621212121212121,0.6386363636363637,-0.12348484848484846,0.7304347826086957,0.5885375494071147,-0.141897233201581
B1c,PhysionetMI,98,0.4446969696969697,0.5196969696969698,0.07500000000000004,0.5713438735177865,0.5924901185770751,0.021146245059288547
B1c,PhysionetMI,99,0.5424242424242424,0.5303030303030303,-0.012121212121212088,0.5667984189723321,0.46699604743083006,-0.09980237154150198
B1c,PhysionetMI,101,0.826153846153846,0.6915384615384615,-0.1346153846153846,0.8385375494071147,0.7098814229249012,-0.12865612648221342
B1c,PhysionetMI,102,0.6439393939393939,0.5409090909090909,-0.10303030303030306,0.6988142292490118,0.5658102766798419,-0.13300395256917
B1c,PhysionetMI,103,0.6795454545454545,0.4871212121212121,-0.1924242424242424,0.6841897233201581,0.5901185770750988,-0.0940711462450593
B1c,PhysionetMI,105,0.834848484848485,0.5234848484848486,-0.3113636363636364,0.8215415019762846,0.5160079051383399,-0.3055335968379446
B1c,PhysionetMI,107,0.4537878787878788,0.4992424242424242,0.045454545454545435,0.5916666666666666,0.5107142857142857,-0.08095238095238096
B1c,PhysionetMI,108,0.7219696969696969,0.6553030303030303,-0.06666666666666668,0.7563241106719367,0.7110671936758893,-0.04525691699604743
B1c,PhysionetMI,109,0.6303030303030303,0.6393939393939394,0.009090909090909127,0.6460474308300396,0.6379446640316205,-0.008102766798418991
B2_T3A,Cho2017,1,0.596,0.5700000000000001,-0.025999999999999978,0.6020000000000001,0.576,-0.02600000000000004
B2_T3A,Cho2017,2,0.528,0.514,-0.014000000000000002,0.512,0.49800000000000005,-0.014000000000000002
B2_T3A,Cho2017,3,0.702,0.746,0.044,0.7,0.73,0.03
B2_T3A,Cho2017,4,0.65,0.65,-3.9898639947466563e-17,0.637,0.639,0.00199999999999996
B2_T3A,Cho2017,5,0.986,0.8720000000000001,-0.11399999999999995,0.976,0.845,-0.13099999999999995
B2_T3A,Cho2017,6,0.828,0.506,-0.32199999999999995,0.8240000000000001,0.522,-0.30199999999999994
B2_T3A,Cho2017,7,0.5966666666666667,0.5416666666666666,-0.05499999999999996,0.5841666666666667,0.5508333333333333,-0.033333333333333284
B2_T3A,Cho2017,8,0.554,0.5,-0.05399999999999998,0.5589999999999999,0.518,-0.04099999999999994
B2_T3A,Cho2017,9,0.5549999999999999,0.5466666666666666,-0.008333333333333321,0.5683333333333334,0.5533333333333333,-0.015000000000000022
B2_T3A,Cho2017,10,0.604,0.6060000000000001,0.002,0.626,0.627,0.001
B2_T3A,Cho2017,11,0.5900000000000001,0.548,-0.04200000000000002,0.546,0.518,-0.02799999999999998
B2_T3A,Cho2017,12,0.54,0.542,0.002,0.624,0.626,0.00199999999999996
B2_T3A,Cho2017,13,0.8220000000000001,0.548,-0.2739999999999999,0.753,0.558,-0.195
B2_T3A,Cho2017,14,0.784,0.5,-0.284,0.7769999999999999,0.5,-0.27699999999999997
B2_T3A,Cho2017,15,0.5940000000000001,0.548,-0.04599999999999998,0.576,0.5349999999999999,-0.04099999999999998
B2_T3A,Cho2017,16,0.634,0.61,-0.024,0.591,0.5519999999999999,-0.038999999999999965
B2_T3A,Cho2017,17,0.49399999999999994,0.504,0.00999999999999998,0.505,0.507,0.0019999999999999996
B2_T3A,Cho2017,18,0.614,0.594,-0.01999999999999998,0.585,0.5740000000000001,-0.01099999999999998
B2_T3A,Cho2017,19,0.51,0.514,0.004,0.544,0.525,-0.018999999999999982
B2_T3A,Cho2017,20,0.556,0.556,0.0,0.572,0.5740000000000001,0.002
B2_T3A,Cho2017,21,0.546,0.54,-0.006,0.524,0.525,0.001
B2_T3A,Cho2017,22,0.636,0.5940000000000001,-0.04199999999999996,0.591,0.578,-0.01300000000000002
B2_T3A,Cho2017,23,0.5559999999999999,0.552,-0.003999999999999958,0.6799999999999999,0.623,-0.05699999999999996
B2_T3A,Cho2017,24,0.54,0.518,-0.02199999999999998,0.549,0.527,-0.02199999999999996
B2_T3A,Cho2017,25,0.628,0.5980000000000001,-0.029999999999999943,0.594,0.577,-0.01699999999999996
B2_T3A,Cho2017,26,0.9879999999999999,0.6799999999999999,-0.308,0.9629999999999999,0.665,-0.29799999999999993
B2_T3A,Cho2017,27,0.576,0.516,-0.05999999999999996,0.546,0.509,-0.037
B2_T3A,Cho2017,28,0.5,0.5,0.0,0.516,0.515,-0.001
B2_T3A,Cho2017,29,0.532,0.544,0.012000000000000021,0.49400000000000005,0.506,0.011999999999999959
B2_T3A,Cho2017,30,0.6759999999999999,0.6759999999999999,0.0,0.607,0.607,0.0
B2_T3A,Cho2017,31,0.518,0.502,-0.016,0.497,0.5,0.003
B2_T3A,Cho2017,32,0.49800000000000005,0.5,0.0019999999999999888,0.512,0.499,-0.01299999999999998
B2_T3A,Cho2017,33,0.522,0.55,0.028000000000000004,0.52,0.53,0.01
B2_T3A,Cho2017,34,0.5700000000000001,0.516,-0.05399999999999996,0.541,0.514,-0.02699999999999996
B2_T3A,Cho2017,35,0.374,0.374,0.0,0.488,0.48900000000000005,0.001
B2_T3A,Cho2017,36,0.554,0.522,-0.032000000000000015,0.565,0.525,-0.03999999999999996
B2_T3A,Cho2017,37,0.882,0.642,-0.24,0.779,0.6,-0.179
B2_T3A,Cho2017,38,0.544,0.524,-0.02,0.568,0.537,-0.03099999999999996
B2_T3A,Cho2017,39,0.6,0.596,-0.004,0.6599999999999999,0.655,-0.00499999999999994
B2_T3A,Cho2017,40,0.516,0.49399999999999994,-0.022,0.554,0.521,-0.03299999999999996
B2_T3A,Cho2017,41,0.648,0.5700000000000001,-0.07799999999999993,0.643,0.583,-0.059999999999999984
B2_T3A,Cho2017,42,0.562,0.522,-0.04,0.544,0.521,-0.02300000000000002
B2_T3A,Cho2017,43,1.0,0.9019999999999999,-0.098,0.9789999999999999,0.8800000000000001,-0.09899999999999998
B2_T3A,Cho2017,44,0.95,0.6980000000000001,-0.2519999999999999,0.898,0.67,-0.22799999999999992
B2_T3A,Cho2017,45,0.516,0.506,-0.01,0.522,0.505,-0.017
B2_T3A,Cho2017,46,0.5650000000000001,0.6033333333333333,0.038333333333333316,0.5566666666666666,0.5683333333333334,0.011666666666666698
B2_T3A,Cho2017,47,0.7979999999999999,0.5660000000000001,-0.2319999999999999,0.749,0.5599999999999999,-0.18899999999999997
B2_T3A,Cho2017,48,0.6679999999999999,0.548,-0.11999999999999995,0.6689999999999999,0.5439999999999999,-0.12499999999999996
B2_T3A,Cho2017,49,1.0,0.754,-0.246,0.898,0.714,-0.184
B2_T3A,Cho2017,50,0.9720000000000001,0.5640000000000001,-0.4079999999999999,0.975,0.571,-0.404
B2_T3A,Cho2017,51,0.65,0.558,-0.09199999999999994,0.597,0.5469999999999999,-0.04999999999999994
B2_T3A,Cho2017,52,0.5740000000000001,0.538,-0.03599999999999996,0.579,0.539,-0.039999999999999966
B2_T3A,Dreyer2023,1,0.7833333333333334,0.77,-0.013333333333333319,0.8141666666666667,0.7858333333333334,-0.028333333333333283
B2_T3A,Dreyer2023,2,0.58,0.58,0.0,0.6208333333333333,0.6208333333333333,1.9949319973733282e-17
B2_T3A,Dreyer2023,3,0.6583333333333334,0.6300000000000001,-0.0283333333333333,0.6841666666666667,0.6591666666666667,-0.02499999999999998
B2_T3A,Dreyer2023,5,0.775,0.7416666666666666,-0.03333333333333334,0.7525000000000001,0.7241666666666667,-0.02833333333333322
B2_T3A,Dreyer2023,6,0.72,0.7150000000000001,-0.004999999999999979,0.7033333333333334,0.6883333333333334,-0.01499999999999998
B2_T3A,Dreyer2023,7,0.8966666666666667,0.9083333333333332,0.011666666666666678,0.8825,0.905,0.02250000000000002
B2_T3A,Dreyer2023,8,0.7300000000000001,0.5466666666666666,-0.1833333333333333,0.7441666666666666,0.55,-0.19416666666666665
B2_T3A,Dreyer2023,10,0.8,0.6716666666666666,-0.12833333333333333,0.8091666666666667,0.6816666666666666,-0.1275
B2_T3A,Dreyer2023,11,0.5666666666666667,0.5366666666666667,-0.02999999999999996,0.5841666666666667,0.575,-0.0091666666666666
B2_T3A,Dreyer2023,12,0.8066666666666666,0.7416666666666667,-0.06499999999999996,0.7616666666666666,0.7275,-0.03416666666666662
B2_T3A,Dreyer2023,13,0.6883333333333334,0.6316666666666666,-0.05666666666666664,0.7333333333333334,0.6833333333333333,-0.04999999999999996
B2_T3A,Dreyer2023,14,0.6316666666666666,0.6133333333333334,-0.018333333333333302,0.645,0.6208333333333333,-0.024166666666666663
B2_T3A,Dreyer2023,15,0.8133333333333332,0.7933333333333333,-0.02,0.8366666666666667,0.8141666666666667,-0.02249999999999992
B2_T3A,Dreyer2023,16,0.7833333333333333,0.74,-0.04333333333333328,0.7633333333333333,0.7416666666666666,-0.02166666666666664
B2_T3A,Dreyer2023,18,0.7783333333333333,0.5316666666666666,-0.24666666666666665,0.7675,0.5241666666666667,-0.24333333333333332
B2_T3A,Dreyer2023,19,0.8116666666666668,0.7733333333333333,-0.03833333333333329,0.7925000000000001,0.7558333333333334,-0.03666666666666669
B2_T3A,Dreyer2023,20,0.8066666666666666,0.7483333333333333,-0.05833333333333331,0.78,0.7091666666666667,-0.0708333333333333
B2_T3A,Dreyer2023,21,0.8266666666666668,0.8016666666666667,-0.02499999999999998,0.865,0.8375,-0.027500000000000017
B2_T3A,Dreyer2023,22,0.7783333333333333,0.6950000000000001,-0.0833333333333333,0.7849999999999999,0.7,-0.08499999999999994
B2_T3A,Dreyer2023,23,0.6733333333333333,0.6599999999999999,-0.013333333333333319,0.6641666666666667,0.6533333333333333,-0.010833333333333339
B2_T3A,Dreyer2023,24,0.8483333333333334,0.7416666666666666,-0.10666666666666669,0.8541666666666666,0.7591666666666667,-0.09499999999999999
B2_T3A,Dreyer2023,25,0.6033333333333333,0.5866666666666667,-0.016666666666666642,0.6799999999999999,0.6616666666666667,-0.01833333333333332
B2_T3A,Dreyer2023,26,0.6733333333333333,0.675,0.00166666666666666,0.6233333333333333,0.6224999999999999,-0.0008333333333333199
B2_T3A,Dreyer2023,27,0.6883333333333332,0.7033333333333334,0.015000000000000019,0.6983333333333334,0.7058333333333333,0.0075000000000000015
B2_T3A,Dreyer2023,28,0.7183333333333334,0.6316666666666666,-0.08666666666666664,0.6891666666666667,0.62,-0.06916666666666657
B2_T3A,Dreyer2023,30,0.63,0.6466666666666667,0.01666666666666668,0.6316666666666666,0.6341666666666667,0.0025000000000000196
B2_T3A,Dreyer2023,31,0.75,0.6833333333333333,-0.06666666666666664,0.745,0.6591666666666667,-0.08583333333333323
B2_T3A,Dreyer2023,32,0.6900000000000001,0.6533333333333333,-0.03666666666666662,0.6925,0.6591666666666667,-0.03333333333333326
B2_T3A,Dreyer2023,33,0.6483333333333333,0.6483333333333333,0.0,0.6891666666666667,0.6891666666666667,0.0
B2_T3A,Dreyer2023,34,0.7416666666666667,0.71,-0.03166666666666666,0.8333333333333334,0.7683333333333333,-0.06499999999999995
B2_T3A,Dreyer2023,35,0.6649999999999999,0.6166666666666666,-0.0483333333333333,0.7291666666666667,0.6808333333333334,-0.04833333333333332
B2_T3A,Dreyer2023,36,0.7016666666666667,0.7066666666666668,0.005000000000000039,0.7416666666666667,0.745,0.0033333333333333
B2_T3A,Dreyer2023,37,0.6333333333333333,0.6266666666666667,-0.006666666666666659,0.645,0.6375,-0.007499999999999981
B2_T3A,Dreyer2023,38,0.7283333333333333,0.6733333333333333,-0.05499999999999998,0.7741666666666667,0.7241666666666666,-0.05000000000000008
B2_T3A,Dreyer2023,39,0.8966666666666667,0.875,-0.021666666666666598,0.8724999999999999,0.8433333333333334,-0.02916666666666658
B2_T3A,Dreyer2023,40,0.6948275862068967,0.6551724137931034,-0.0396551724137931,0.7552780255724055,0.7052928932500743,-0.04998513232233126
B2_T3A,Dreyer2023,42,0.615,0.5966666666666667,-0.018333333333333302,0.6175,0.5916666666666666,-0.025833333333333357
B2_T3A,Dreyer2023,43,0.805,0.8300000000000001,0.02499999999999996,0.8591666666666666,0.8699999999999999,0.010833333333333282
B2_T3A,Dreyer2023,44,0.6216666666666667,0.5766666666666667,-0.04499999999999994,0.6058333333333333,0.5758333333333333,-0.02999999999999998
B2_T3A,Dreyer2023,45,0.6783333333333333,0.6683333333333333,-0.009999999999999962,0.6725,0.665,-0.00749999999999996
B2_T3A,Dreyer2023,46,0.6916666666666667,0.6783333333333333,-0.013333333333333319,0.6933333333333334,0.67,-0.0233333333333333
B2_T3A,Dreyer2023,47,0.735,0.575,-0.15999999999999998,0.7266666666666667,0.5816666666666667,-0.14499999999999996
B2_T3A,Dreyer2023,48,0.64,0.605,-0.034999999999999996,0.6425,0.61,-0.03249999999999996
B2_T3A,Dreyer2023,49,0.6966666666666667,0.6783333333333333,-0.0183333333333333,0.6783333333333333,0.6525000000000001,-0.025833333333333302
B2_T3A,Dreyer2023,50,0.5700000000000001,0.5616666666666666,-0.00833333333333334,0.6041666666666667,0.5816666666666667,-0.022499999999999958
B2_T3A,Dreyer2023,51,0.7066666666666667,0.7033333333333334,-0.0033333333333333396,0.7125,0.72,0.007500000000000019
B2_T3A,Dreyer2023,52,0.7033333333333334,0.5566666666666666,-0.14666666666666658,0.7075,0.5558333333333334,-0.15166666666666667
B2_T3A,Dreyer2023,53,0.6916666666666667,0.6466666666666667,-0.04499999999999994,0.6716666666666666,0.6208333333333333,-0.050833333333333286
B2_T3A,Dreyer2023,54,0.6683333333333333,0.615,-0.053333333333333274,0.6441666666666667,0.6108333333333333,-0.033333333333333284
B2_T3A,Dreyer2023,55,0.8916666666666666,0.8550000000000001,-0.03666666666666666,0.865,0.835,-0.029999999999999936
B2_T3A,Dreyer2023,56,0.8866666666666667,0.8316666666666667,-0.05499999999999996,0.8916666666666666,0.8099999999999999,-0.08166666666666661
B2_T3A,Dreyer2023,57,0.5766666666666667,0.5583333333333333,-0.01833333333333334,0.5666666666666667,0.5683333333333334,0.0016666666666666607
B2_T3A,Dreyer2023,58,0.8916666666666666,0.5,-0.3916666666666666,0.8625,0.5,-0.3625
B2_T3A,Dreyer2023,59,0.7275,0.71,-0.01749999999999998,0.7775,0.7449999999999999,-0.03249999999999994
B2_T3A,Dreyer2023,60,0.6950000000000001,0.65,-0.045,0.7150000000000001,0.6925000000000001,-0.02249999999999994
B2_T3A,Dreyer2023,61,0.7683333333333333,0.7266666666666667,-0.04166666666666668,0.7525000000000001,0.74,-0.01249999999999996
B2_T3A,Dreyer2023,62,0.7233333333333334,0.7350000000000001,0.0116666666666667,0.7300000000000001,0.7208333333333333,-0.00916666666666672
B2_T3A,Dreyer2023,63,0.6416666666666666,0.625,-0.01666666666666662,0.6308333333333334,0.6325,0.00166666666666666
B2_T3A,Dreyer2023,64,0.6466666666666667,0.62,-0.026666666666666616,0.6483333333333332,0.6183333333333334,-0.0299999999999999
B2_T3A,Dreyer2023,65,0.8183333333333334,0.7516666666666667,-0.06666666666666667,0.765,0.7158333333333333,-0.04916666666666662
B2_T3A,Dreyer2023,66,0.665,0.6333333333333334,-0.031666666666666635,0.6408333333333334,0.6108333333333333,-0.03000000000000002
B2_T3A,Dreyer2023,67,0.735,0.5733333333333334,-0.16166666666666663,0.7233333333333334,0.5658333333333333,-0.15750000000000003
B2_T3A,Dreyer2023,68,0.605,0.5,-0.10499999999999994,0.6275000000000001,0.5,-0.1275
B2_T3A,Dreyer2023,69,0.7483333333333333,0.65,-0.09833333333333334,0.7633333333333333,0.6599999999999999,-0.1033333333333333
B2_T3A,Dreyer2023,70,0.48166666666666663,0.48999999999999994,0.008333333333333321,0.5716666666666667,0.5416666666666666,-0.02999999999999998
B2_T3A,Dreyer2023,71,0.6816666666666666,0.66,-0.02166666666666664,0.7366666666666666,0.7166666666666667,-0.01999999999999996
B2_T3A,Dreyer2023,72,0.6616666666666667,0.6433333333333333,-0.018333333333333302,0.6916666666666667,0.6900000000000001,-0.0016666666666666607
B2_T3A,Dreyer2023,73,0.6283333333333333,0.6066666666666667,-0.02166666666666664,0.6725,0.6341666666666667,-0.03833333333333328
B2_T3A,Dreyer2023,74,0.635,0.6116666666666667,-0.02333333333333332,0.6483333333333333,0.6216666666666667,-0.0266666666666666
B2_T3A,Dreyer2023,75,0.7183333333333334,0.6816666666666668,-0.03666666666666662,0.6991666666666667,0.6691666666666667,-0.029999999999999936
B2_T3A,Dreyer2023,76,0.7983333333333333,0.7350000000000001,-0.06333333333333327,0.7891666666666667,0.7191666666666666,-0.06999999999999997
B2_T3A,Dreyer2023,77,0.735,0.67,-0.06499999999999995,0.6958333333333334,0.6608333333333334,-0.03499999999999998
B2_T3A,Dreyer2023,80,0.5700000000000001,0.5633333333333332,-0.006666666666666679,0.6174999999999999,0.5891666666666666,-0.0283333333333333
B2_T3A,Dreyer2023,81,0.7150000000000001,0.6616666666666667,-0.05333333333333332,0.675,0.6408333333333334,-0.03416666666666666
B2_T3A,Dreyer2023,82,0.78,0.5566666666666666,-0.22333333333333333,0.7466666666666667,0.55,-0.19666666666666666
B2_T3A,Dreyer2023,83,0.6066666666666667,0.6199999999999999,0.013333333333333319,0.575,0.5875,0.012499999999999959
B2_T3A,Dreyer2023,84,0.735,0.7016666666666667,-0.0333333333333333,0.71,0.6716666666666666,-0.038333333333333316
B2_T3A,Dreyer2023,85,0.6916666666666667,0.6616666666666667,-0.02999999999999998,0.7075,0.6575,-0.04999999999999992
B2_T3A,Dreyer2023,86,0.7116666666666667,0.7116666666666667,-6.938893903907229e-19,0.7383333333333333,0.7366666666666667,-0.00166666666666666
B2_T3A,Dreyer2023,87,0.7416666666666667,0.725,-0.01666666666666666,0.7433333333333334,0.7216666666666667,-0.02166666666666666
B2_T3A,PhysionetMI,1,0.781060606060606,0.556060606060606,-0.225,0.7861660079051384,0.5555335968379447,-0.23063241106719365
B2_T3A,PhysionetMI,2,0.8115384615384615,0.8323076923076924,0.020769230769230762,0.7349802371541502,0.6970355731225297,-0.03794466403162046
B2_T3A,PhysionetMI,3,0.8568181818181818,0.7772727272727272,-0.07954545454545454,0.8482213438735178,0.8298418972332016,-0.0183794466403162
B2_T3A,PhysionetMI,4,0.8219696969696969,0.7704545454545455,-0.05151515151515146,0.7990118577075098,0.7415019762845849,-0.05750988142292486
B2_T3A,PhysionetMI,5,0.6477272727272727,0.5742424242424242,-0.07348484848484846,0.5916666666666666,0.5553571428571429,-0.03630952380952376
B2_T3A,PhysionetMI,6,0.7575757575757576,0.7068181818181818,-0.05075757575757574,0.738095238095238,0.694047619047619,-0.04404761904761896
B2_T3A,PhysionetMI,7,0.9053030303030303,0.8113636363636363,-0.09393939393939395,0.8401185770750988,0.7816205533596838,-0.05849802371541506
B2_T3A,PhysionetMI,8,0.7560606060606061,0.6553030303030303,-0.10075757575757571,0.6879446640316205,0.6219367588932807,-0.06600790513833986
B2_T3A,PhysionetMI,9,0.7930769230769231,0.7930769230769231,0.0,0.6851190476190476,0.6851190476190476,0.0
B2_T3A,PhysionetMI,10,0.5976923076923077,0.5,-0.09769230769230766,0.6726190476190477,0.5,-0.17261904761904756
B2_T3A,PhysionetMI,11,0.6227272727272727,0.6484848484848484,0.02575757575757574,0.6841897233201581,0.7247035573122529,0.040513833992094836
B2_T3A,PhysionetMI,12,0.8219696969696969,0.7196969696969697,-0.10227272727272721,0.8202380952380952,0.743452380952381,-0.07678571428571425
B2_T3A,PhysionetMI,13,0.5409090909090908,0.5,-0.04090909090909084,0.6519762845849802,0.5,-0.1519762845849802
B2_T3A,PhysionetMI,14,0.7045454545454545,0.6977272727272728,-0.006818181818181798,0.674901185770751,0.6381422924901186,-0.03675889328063242
B2_T3A,PhysionetMI,15,0.8784615384615385,0.8438461538461539,-0.034615384615384596,0.8013833992094861,0.733596837944664,-0.0677865612648221
B2_T3A,PhysionetMI,16,0.4954545454545455,0.4954545454545455,0.0,0.6760869565217391,0.533399209486166,-0.14268774703557308
B2_T3A,PhysionetMI,17,0.6825757575757576,0.5,-0.18257575757575753,0.7320158102766798,0.5278656126482213,-0.20415019762845849
B2_T3A,PhysionetMI,18,0.9462121212121211,0.85,-0.0962121212121212,0.9187747035573123,0.8383399209486166,-0.0804347826086956
B2_T3A,PhysionetMI,19,0.8363636363636363,0.6916666666666667,-0.14469696969696966,0.7780632411067193,0.6986166007905139,-0.07944664031620542
B2_T3A,PhysionetMI,20,0.7954545454545455,0.7954545454545455,0.0,0.809288537549407,0.809288537549407,0.0
B2_T3A,PhysionetMI,21,0.4045454545454545,0.4045454545454545,0.0,0.5023809523809524,0.5023809523809524,0.0
B2_T3A,PhysionetMI,22,0.8583333333333334,0.7378787878787879,-0.12045454545454541,0.8588932806324111,0.725296442687747,-0.13359683794466398
B2_T3A,PhysionetMI,23,0.6046153846153846,0.5261538461538462,-0.07846153846153846,0.6377470355731225,0.5464426877470355,-0.0913043478260869
B2_T3A,PhysionetMI,24,0.6053030303030302,0.48484848484848475,-0.12045454545454534,0.6462450592885375,0.5237154150197629,-0.12252964426877466
B2_T3A,PhysionetMI,25,0.6227272727272728,0.5856060606060606,-0.03712121212121206,0.6227272727272727,0.5711462450592885,-0.05158102766798418
B2_T3A,PhysionetMI,26,0.5453846153846154,0.5492307692307692,0.0038461538461538602,0.5708333333333333,0.5607142857142857,-0.01011904761904758
B2_T3A,PhysionetMI,27,0.7234848484848485,0.7492424242424243,0.02575757575757572,0.7784584980237155,0.7824110671936759,0.00395256916996044
B2_T3A,PhysionetMI,28,0.7727272727272727,0.746969696969697,-0.025757575757575757,0.8088932806324112,0.8138339920948617,0.00494071146245054
B2_T3A,PhysionetMI,29,0.8106060606060606,0.7560606060606061,-0.054545454545454564,0.8474308300395258,0.7646245059288537,-0.08280632411067194
B2_T3A,PhysionetMI,30,0.8378787878787879,0.7568181818181818,-0.08106060606060603,0.7678571428571429,0.7613095238095238,-0.006547619047619038
B2_T3A,PhysionetMI,31,0.45378787878787874,0.45378787878787874,0.0,0.5071146245059288,0.5071146245059288,0.0
B2_T3A,PhysionetMI,32,0.7892307692307693,0.6838461538461539,-0.10538461538461537,0.7363095238095239,0.7041666666666666,-0.032142857142857126
B2_T3A,PhysionetMI,33,0.9303030303030303,0.8280303030303031,-0.10227272727272718,0.9067193675889328,0.8553359683794467,-0.05138339920948611
B2_T3A,PhysionetMI,34,0.8492307692307692,0.6784615384615384,-0.1707692307692307,0.8065476190476192,0.7154761904761905,-0.09107142857142858
B2_T3A,PhysionetMI,35,0.7340909090909091,0.6757575757575758,-0.05833333333333335,0.7928853754940711,0.7367588932806324,-0.05612648221343872
B2_T3A,PhysionetMI,36,0.6401515151515152,0.5893939393939394,-0.0507575757575758,0.6365612648221344,0.6108695652173913,-0.025691699604743025
B2_T3A,PhysionetMI,37,0.6507575757575758,0.6272727272727273,-0.02348484848484848,0.6865612648221344,0.6539525691699605,-0.03260869565217392
B2_T3A,PhysionetMI,38,0.44696969696969696,0.4378787878787878,-0.009090909090909103,0.5270750988142292,0.5266798418972332,-0.0003952569169960417
B2_T3A,PhysionetMI,39,0.7431818181818182,0.7431818181818182,0.0,0.8017786561264822,0.8061264822134386,0.00434782608695648
B2_T3A,PhysionetMI,40,0.6901515151515152,0.5371212121212121,-0.15303030303030302,0.7470238095238095,0.5565476190476191,-0.19047619047619044
B2_T3A,PhysionetMI,41,0.9292307692307693,0.9184615384615386,-0.01076923076923076,0.7357142857142857,0.7273809523809524,-0.0083333333333333
B2_T3A,PhysionetMI,42,0.9030303030303031,0.740909090909091,-0.1621212121212121,0.9106719367588934,0.8011857707509881,-0.10948616600790509
B2_T3A,PhysionetMI,43,0.5484848484848486,0.5954545454545455,0.046969696969696884,0.6713438735177866,0.7053359683794466,0.033992094861660015
B2_T3A,PhysionetMI,44,0.8219696969696969,0.8242424242424242,0.0022727272727272817,0.8478260869565217,0.8177865612648221,-0.03003952569169958
B2_T3A,PhysionetMI,45,0.5954545454545455,0.6068181818181818,0.01136363636363634,0.667588932806324,0.6201581027667984,-0.04743083003952568
B2_T3A,PhysionetMI,46,0.7083333333333334,0.6704545454545455,-0.03787878787878788,0.7454545454545455,0.7025691699604744,-0.04288537549407112
B2_T3A,PhysionetMI,47,0.6954545454545455,0.656060606060606,-0.039393939393939384,0.7113095238095238,0.6547619047619048,-0.056547619047619
B2_T3A,PhysionetMI,48,0.8469696969696969,0.8098484848484849,-0.0371212121212121,0.8642292490118578,0.8274703557312254,-0.03675889328063242
B2_T3A,PhysionetMI,49,0.5431818181818182,0.5606060606060607,0.017424242424242405,0.5592885375494071,0.5822134387351778,0.02292490118577066
B2_T3A,PhysionetMI,50,0.7439393939393939,0.7053030303030303,-0.038636363636363635,0.8110671936758893,0.6968379446640316,-0.11422924901185769
B2_T3A,PhysionetMI,51,0.7439393939393939,0.6386363636363637,-0.10530303030303023,0.7089285714285715,0.6404761904761905,-0.0684523809523809
B2_T3A,PhysionetMI,52,0.6861538461538461,0.6884615384615385,0.0023076923076922966,0.7285714285714285,0.7160714285714286,-0.012500000000000016
B2_T3A,PhysionetMI,53,0.6901515151515152,0.6287878787878788,-0.061363636363636356,0.7041501976284585,0.6290513833992095,-0.07509881422924894
B2_T3A,PhysionetMI,54,0.9363636363636363,0.8545454545454547,-0.08181818181818182,0.8905138339920949,0.8122529644268776,-0.07826086956521738
B2_T3A,PhysionetMI,55,0.825,0.8098484848484848,-0.01515151515151516,0.8033596837944664,0.7958498023715415,-0.007509881422924941
B2_T3A,PhysionetMI,56,0.7075757575757576,0.7053030303030303,-0.002272727272727279,0.7675889328063241,0.7432806324110672,-0.024308300395256922
B2_T3A,PhysionetMI,57,0.8901515151515152,0.818939393939394,-0.0712121212121212,0.8809523809523808,0.7958333333333333,-0.08511904761904758
B2_T3A,PhysionetMI,58,0.8130769230769233,0.8069230769230769,-0.006153846153846237,0.8464285714285715,0.8321428571428571,-0.014285714285714318
B2_T3A,PhysionetMI,59,0.7454545454545455,0.6583333333333333,-0.08712121212121213,0.7077380952380953,0.6357142857142857,-0.07202380952380952
B2_T3A,PhysionetMI,60,0.8846153846153847,0.7469230769230769,-0.13769230769230772,0.7841897233201581,0.6976284584980237,-0.08656126482213436
B2_T3A,PhysionetMI,61,0.740151515151515,0.6848484848484848,-0.0553030303030303,0.7737154150197629,0.7098814229249012,-0.06383399209486165
B2_T3A,PhysionetMI,62,0.9166666666666664,0.6666666666666666,-0.24999999999999992,0.9565217391304348,0.7430830039525691,-0.21343873517786557
B2_T3A,PhysionetMI,63,0.7681818181818182,0.6393939393939394,-0.12878787878787873,0.6867588932806324,0.58399209486166,-0.1027667984189723
B2_T3A,PhysionetMI,64,0.7621212121212121,0.5568181818181819,-0.20530303030303027,0.7055335968379446,0.5470355731225297,-0.158498023715415
B2_T3A,PhysionetMI,65,0.8075757575757576,0.7916666666666667,-0.015909090909090897,0.7642857142857142,0.7547619047619047,-0.009523809523809521
B2_T3A,PhysionetMI,66,0.7113636363636363,0.6916666666666667,-0.019696969696969678,0.6221343873517787,0.6436758893280633,0.021541501976284537
B2_T3A,PhysionetMI,67,0.7416666666666667,0.6666666666666667,-0.07499999999999993,0.666798418972332,0.6061264822134388,-0.06067193675889322
B2_T3A,PhysionetMI,68,0.6946969696969697,0.5515151515151515,-0.1431818181818181,0.749802371541502,0.5442687747035573,-0.20553359683794473
B2_T3A,PhysionetMI,69,0.6369230769230769,0.6861538461538462,0.049230769230769224,0.6321428571428571,0.6821428571428572,0.04999999999999996
B2_T3A,PhysionetMI,70,0.8007575757575758,0.7643939393939394,-0.03636363636363642,0.8098814229249012,0.7557312252964427,-0.05415019762845848
B2_T3A,PhysionetMI,71,0.8159090909090908,0.6878787878787879,-0.128030303030303,0.8422924901185771,0.7282608695652174,-0.11403162055335962
B2_T3A,PhysionetMI,72,0.9272727272727274,0.9181818181818183,-0.009090909090909061,0.940909090909091,0.9274703557312254,-0.013438735177865618
B2_T3A,PhysionetMI,73,0.6462121212121212,0.6878787878787879,0.04166666666666666,0.7468379446640316,0.750395256916996,0.003557312252964501
B2_T3A,PhysionetMI,74,0.6568181818181819,0.6409090909090909,-0.01590909090909092,0.7291666666666667,0.7005952380952382,-0.028571428571428543
B2_T3A,PhysionetMI,75,0.409090909090909,0.475,0.06590909090909089,0.49446640316205526,0.5079051383399209,0.013438735177865618
B2_T3A,PhysionetMI,76,0.5151515151515151,0.48484848484848486,-0.03030303030303024,0.6395256916996048,0.5195652173913043,-0.1199604743083004
B2_T3A,PhysionetMI,77,0.5984848484848484,0.5371212121212121,-0.061363636363636266,0.6255952380952381,0.5827380952380953,-0.04285714285714286
B2_T3A,PhysionetMI,78,0.5007575757575757,0.5280303030303031,0.02727272727272726,0.5081027667984189,0.5310276679841897,0.022924901185770723
B2_T3A,PhysionetMI,79,0.65,0.5681818181818181,-0.08181818181818178,0.649802371541502,0.6134387351778656,-0.0363636363636363
B2_T3A,PhysionetMI,80,0.8076923076923077,0.7538461538461538,-0.053846153846153835,0.7215415019762845,0.7142292490118577,-0.00731225296442682
B2_T3A,PhysionetMI,81,0.7439393939393939,0.5871212121212122,-0.1568181818181818,0.7492094861660079,0.624308300395257,-0.12490118577075096
B2_T3A,PhysionetMI,82,0.6537878787878788,0.6363636363636365,-0.0174242424242424,0.7140316205533597,0.6468379446640317,-0.06719367588932802
B2_T3A,PhysionetMI,83,0.6892307692307693,0.6561538461538461,-0.03307692307692302,0.5498023715415019,0.5278656126482214,-0.02193675889328062
B2_T3A,PhysionetMI,84,0.8583333333333334,0.7386363636363636,-0.11969696969696968,0.7345849802371541,0.6901185770750988,-0.044466403162055315
B2_T3A,PhysionetMI,85,0.6727272727272727,0.5401515151515152,-0.1325757575757575,0.6986166007905139,0.5424901185770751,-0.15612648221343867
B2_T3A,PhysionetMI,86,0.8538461538461538,0.73,-0.12384615384615379,0.8739130434782609,0.774901185770751,-0.09901185770750986
B2_T3A,PhysionetMI,87,0.6196969696969696,0.5204545454545454,-0.09924242424242416,0.5717391304347826,0.5381422924901186,-0.033596837944664004
B2_T3A,PhysionetMI,90,0.7621212121212121,0.693939393939394,-0.06818181818181818,0.7877470355731225,0.6936758893280632,-0.09407114624505927
B2_T3A,PhysionetMI,91,0.6924242424242424,0.5159090909090909,-0.17651515151515149,0.7061264822134387,0.516798418972332,-0.18932806324110665
B2_T3A,PhysionetMI,93,0.7174242424242424,0.725,0.007575757575757602,0.7310276679841897,0.7134387351778656,-0.01758893280632412
B2_T3A,PhysionetMI,94,0.6962121212121213,0.546969696969697,-0.14924242424242423,0.6492094861660079,0.5367588932806324,-0.11245059288537544
B2_T3A,PhysionetMI,95,0.6138461538461538,0.5700000000000001,-0.0438461538461538,0.7013833992094861,0.6547430830039526,-0.046640316205533515
B2_T3A,PhysionetMI,96,0.7507575757575757,0.5484848484848486,-0.20227272727272724,0.7343873517786561,0.5476284584980238,-0.18675889328063242
B2_T3A,PhysionetMI,97,0.7621212121212121,0.7772727272727272,0.015151515151515119,0.7304347826086957,0.7041501976284585,-0.02628458498023716
B2_T3A,PhysionetMI,98,0.4446969696969697,0.46893939393939393,0.02424242424242424,0.5713438735177865,0.583399209486166,0.01205533596837936
B2_T3A,PhysionetMI,99,0.5424242424242424,0.509090909090909,-0.033333333333333305,0.5667984189723321,0.5043478260869565,-0.06245059288537545
B2_T3A,PhysionetMI,101,0.826153846153846,0.8146153846153845,-0.01153846153846154,0.8385375494071147,0.8280632411067194,-0.01047430830039522
B2_T3A,PhysionetMI,102,0.6439393939393939,0.6333333333333334,-0.0106060606060606,0.6988142292490118,0.6703557312252965,-0.028458498023715383
B2_T3A,PhysionetMI,103,0.6795454545454545,0.6181818181818182,-0.06136363636363633,0.6841897233201581,0.6128458498023716,-0.07134387351778651
B2_T3A,PhysionetMI,105,0.834848484848485,0.7348484848484849,-0.1,0.8215415019762846,0.7571146245059289,-0.06442687747035568
B2_T3A,PhysionetMI,107,0.4537878787878788,0.4893939393939394,0.0356060606060606,0.5916666666666666,0.5636904761904762,-0.02797619047619046
B2_T3A,PhysionetMI,108,0.7219696969696969,0.8280303030303029,0.10606060606060601,0.7563241106719367,0.8381422924901185,0.08181818181818179
B2_T3A,PhysionetMI,109,0.6303030303030303,0.525,-0.10530303030303027,0.6460474308300396,0.525691699604743,-0.12035573122529644
B3_film,Cho2017,1,0.596,0.5820000000000001,-0.013999999999999999,0.6020000000000001,0.5700000000000001,-0.032
B3_film,Cho2017,2,0.528,0.5,-0.02799999999999998,0.512,0.506,-0.006
B3_film,Cho2017,3,0.702,0.5700000000000001,-0.13199999999999995,0.7,0.566,-0.13400000000000004
B3_film,Cho2017,4,0.65,0.588,-0.06199999999999996,0.637,0.596,-0.041
B3_film,Cho2017,5,0.986,0.9960000000000001,0.01,0.976,0.9879999999999999,0.012
B3_film,Cho2017,6,0.828,0.8160000000000001,-0.011999999999999959,0.8240000000000001,0.8119999999999999,-0.012
B3_film,Cho2017,7,0.5966666666666667,0.475,-0.12166666666666663,0.5841666666666667,0.48166666666666663,-0.10249999999999995
B3_film,Cho2017,8,0.554,0.544,-0.009999999999999998,0.5589999999999999,0.546,-0.01299999999999996
B3_film,Cho2017,9,0.5549999999999999,0.495,-0.05999999999999996,0.5683333333333334,0.5025000000000001,-0.0658333333333333
B3_film,Cho2017,10,0.604,0.528,-0.07599999999999994,0.626,0.536,-0.0899999999999999
B3_film,Cho2017,11,0.5900000000000001,0.5660000000000001,-0.02400000000000002,0.546,0.538,-0.00799999999999998
B3_film,Cho2017,12,0.54,0.46399999999999997,-0.076,0.624,0.557,-0.06699999999999993
B3_film,Cho2017,13,0.8220000000000001,0.608,-0.21399999999999997,0.753,0.568,-0.185
B3_film,Cho2017,14,0.784,0.63,-0.15399999999999997,0.7769999999999999,0.633,-0.14399999999999993
B3_film,Cho2017,15,0.5940000000000001,0.512,-0.08199999999999996,0.576,0.5359999999999999,-0.039999999999999994
B3_film,Cho2017,16,0.634,0.5740000000000001,-0.05999999999999996,0.591,0.5509999999999999,-0.03999999999999994
B3_film,Cho2017,17,0.49399999999999994,0.496,0.001999999999999998,0.505,0.49700000000000005,-0.00799999999999998
B3_film,Cho2017,18,0.614,0.548,-0.06599999999999996,0.585,0.5429999999999999,-0.04199999999999996
B3_film,Cho2017,19,0.51,0.496,-0.01399999999999998,0.544,0.526,-0.018000000000000002
B3_film,Cho2017,20,0.556,0.5740000000000001,0.01799999999999996,0.572,0.557,-0.01499999999999998
B3_film,Cho2017,21,0.546,0.52,-0.025999999999999978,0.524,0.516,-0.008
B3_film,Cho2017,22,0.636,0.5660000000000001,-0.06999999999999997,0.591,0.523,-0.06799999999999994
B3_film,Cho2017,23,0.5559999999999999,0.508,-0.04799999999999994,0.6799999999999999,0.601,-0.07899999999999993
B3_film,Cho2017,24,0.54,0.492,-0.04799999999999996,0.549,0.508,-0.04099999999999996
B3_film,Cho2017,25,0.628,0.526,-0.10199999999999991,0.594,0.501,-0.0929999999999999
B3_film,Cho2017,26,0.9879999999999999,0.9879999999999999,0.0,0.9629999999999999,0.953,-0.01
B3_film,Cho2017,27,0.576,0.5,-0.07599999999999996,0.546,0.49800000000000005,-0.048
B3_film,Cho2017,28,0.5,0.514,0.014000000000000002,0.516,0.531,0.015
B3_film,Cho2017,29,0.532,0.44800000000000006,-0.08399999999999994,0.49400000000000005,0.46399999999999997,-0.02999999999999996
B3_film,Cho2017,30,0.6759999999999999,0.5439999999999999,-0.13199999999999992,0.607,0.533,-0.07399999999999994
B3_film,Cho2017,31,0.518,0.526,0.00799999999999998,0.497,0.504,0.007000000000000001
B3_film,Cho2017,32,0.49800000000000005,0.512,0.01399999999999998,0.512,0.514,0.00200000000000002
B3_film,Cho2017,33,0.522,0.506,-0.01599999999999998,0.52,0.525,0.005
B3_film,Cho2017,34,0.5700000000000001,0.536,-0.03399999999999998,0.541,0.513,-0.02799999999999996
B3_film,Cho2017,35,0.374,0.44800000000000006,0.07399999999999998,0.488,0.47800000000000004,-0.010000000000000004
B3_film,Cho2017,36,0.554,0.5,-0.054000000000000006,0.565,0.517,-0.04799999999999992
B3_film,Cho2017,37,0.882,0.852,-0.029999999999999936,0.779,0.747,-0.03199999999999999
B3_film,Cho2017,38,0.544,0.536,-0.008000000000000004,0.568,0.542,-0.026000000000000002
B3_film,Cho2017,39,0.6,0.506,-0.09399999999999996,0.6599999999999999,0.579,-0.08099999999999993
B3_film,Cho2017,40,0.516,0.488,-0.02799999999999998,0.554,0.512,-0.04199999999999996
B3_film,Cho2017,41,0.648,0.512,-0.13599999999999995,0.643,0.518,-0.12499999999999996
B3_film,Cho2017,42,0.562,0.538,-0.02399999999999998,0.544,0.53,-0.014000000000000021
B3_film,Cho2017,43,1.0,0.998,-0.002,0.9789999999999999,0.9480000000000001,-0.030999999999999982
B3_film,Cho2017,44,0.95,0.9019999999999999,-0.04799999999999998,0.898,0.869,-0.028999999999999936
B3_film,Cho2017,45,0.516,0.524,0.007999999999999998,0.522,0.518,-0.004000000000000001
B3_film,Cho2017,46,0.5650000000000001,0.5433333333333333,-0.02166666666666666,0.5566666666666666,0.5466666666666666,-0.01000000000000002
B3_film,Cho2017,47,0.7979999999999999,0.702,-0.09599999999999995,0.749,0.673,-0.07599999999999998
B3_film,Cho2017,48,0.6679999999999999,0.58,-0.088,0.6689999999999999,0.62,-0.04899999999999997
B3_film,Cho2017,49,1.0,0.942,-0.057999999999999975,0.898,0.845,-0.05299999999999998
B3_film,Cho2017,50,0.9720000000000001,0.8140000000000001,-0.15799999999999997,0.975,0.835,-0.13999999999999996
B3_film,Cho2017,51,0.65,0.6140000000000001,-0.0359999999999999,0.597,0.567,-0.02999999999999998
B3_film,Cho2017,52,0.5740000000000001,0.55,-0.023999999999999997,0.579,0.542,-0.037
B3_film,Dreyer2023,1,0.7833333333333334,0.8533333333333333,0.06999999999999994,0.8141666666666667,0.8525,0.038333333333333316
B3_film,Dreyer2023,2,0.58,0.5983333333333334,0.0183333333333333,0.6208333333333333,0.62,-0.0008333333333332999
B3_film,Dreyer2023,3,0.6583333333333334,0.7816666666666667,0.1233333333333333,0.6841666666666667,0.8091666666666667,0.12499999999999996
B3_film,Dreyer2023,5,0.775,0.8,0.024999999999999984,0.7525000000000001,0.8033333333333333,0.05083333333333332
B3_film,Dreyer2023,6,0.72,0.7433333333333334,0.0233333333333333,0.7033333333333334,0.7291666666666667,0.02583333333333328
B3_film,Dreyer2023,7,0.8966666666666667,0.9400000000000001,0.04333333333333332,0.8825,0.9424999999999999,0.05999999999999992
B3_film,Dreyer2023,8,0.7300000000000001,0.7616666666666667,0.03166666666666662,0.7441666666666666,0.7525000000000001,0.008333333333333321
B3_film,Dreyer2023,10,0.8,0.825,0.024999999999999942,0.8091666666666667,0.8433333333333334,0.03416666666666662
B3_film,Dreyer2023,11,0.5666666666666667,0.6050000000000001,0.038333333333333316,0.5841666666666667,0.6116666666666667,0.027500000000000004
B3_film,Dreyer2023,12,0.8066666666666666,0.8616666666666667,0.05499999999999994,0.7616666666666666,0.8383333333333333,0.07666666666666669
B3_film,Dreyer2023,13,0.6883333333333334,0.7016666666666667,0.0133333333333333,0.7333333333333334,0.7616666666666667,0.02833333333333326
B3_film,Dreyer2023,14,0.6316666666666666,0.6466666666666667,0.015000000000000003,0.645,0.6458333333333333,0.0008333333333332804
B3_film,Dreyer2023,15,0.8133333333333332,0.865,0.05166666666666657,0.8366666666666667,0.8791666666666667,0.042499999999999996
B3_film,Dreyer2023,16,0.7833333333333333,0.8066666666666666,0.0233333333333333,0.7633333333333333,0.8150000000000001,0.05166666666666664
B3_film,Dreyer2023,18,0.7783333333333333,0.845,0.06666666666666668,0.7675,0.8591666666666666,0.09166666666666662
B3_film,Dreyer2023,19,0.8116666666666668,0.825,0.013333333333333341,0.7925000000000001,0.8083333333333333,0.0158333333333333
B3_film,Dreyer2023,20,0.8066666666666666,0.79,-0.016666666666666663,0.78,0.7741666666666667,-0.005833333333333279
B3_film,Dreyer2023,21,0.8266666666666668,0.9200000000000002,0.09333333333333327,0.865,0.9266666666666667,0.06166666666666663
B3_film,Dreyer2023,22,0.7783333333333333,0.8566666666666667,0.07833333333333331,0.7849999999999999,0.8583333333333332,0.07333333333333325
B3_film,Dreyer2023,23,0.6733333333333333,0.7550000000000001,0.08166666666666668,0.6641666666666667,0.7383333333333333,0.07416666666666663
B3_film,Dreyer2023,24,0.8483333333333334,0.8916666666666666,0.04333333333333326,0.8541666666666666,0.8966666666666667,0.0424999999999999
B3_film,Dreyer2023,25,0.6033333333333333,0.6050000000000001,0.001666666666666701,0.6799999999999999,0.6891666666666667,0.00916666666666668
B3_film,Dreyer2023,26,0.6733333333333333,0.6900000000000001,0.016666666666666642,0.6233333333333333,0.6425,0.019166666666666683
B3_film,Dreyer2023,27,0.6883333333333332,0.7333333333333334,0.045,0.6983333333333334,0.7675,0.06916666666666663
B3_film,Dreyer2023,28,0.7183333333333334,0.705,-0.01333333333333334,0.6891666666666667,0.7033333333333334,0.014166666666666657
B3_film,Dreyer2023,30,0.63,0.7033333333333334,0.07333333333333329,0.6316666666666666,0.7233333333333334,0.09166666666666662
B3_film,Dreyer2023,31,0.75,0.8033333333333333,0.0533333333333333,0.745,0.8083333333333333,0.0633333333333333
B3_film,Dreyer2023,32,0.6900000000000001,0.765,0.07499999999999998,0.6925,0.7525000000000001,0.059999999999999984
B3_film,Dreyer2023,33,0.6483333333333333,0.6900000000000001,0.041666666666666644,0.6891666666666667,0.71,0.020833333333333322
B3_film,Dreyer2023,34,0.7416666666666667,0.79,0.04833333333333328,0.8333333333333334,0.8616666666666667,0.028333333333333384
B3_film,Dreyer2023,35,0.6649999999999999,0.7416666666666667,0.07666666666666669,0.7291666666666667,0.7791666666666667,0.04999999999999995
B3_film,Dreyer2023,36,0.7016666666666667,0.7133333333333333,0.011666666666666659,0.7416666666666667,0.7575000000000001,0.01583333333333328
B3_film,Dreyer2023,37,0.6333333333333333,0.665,0.03166666666666666,0.645,0.6725000000000001,0.02749999999999998
B3_film,Dreyer2023,38,0.7283333333333333,0.8066666666666666,0.0783333333333333,0.7741666666666667,0.8233333333333335,0.04916666666666658
B3_film,Dreyer2023,39,0.8966666666666667,0.9099999999999999,0.013333333333333381,0.8724999999999999,0.89,0.01749999999999994
B3_film,Dreyer2023,40,0.6948275862068967,0.7862068965517242,0.09137931034482752,0.7552780255724055,0.8152988403211419,0.06002081474873626
B3_film,Dreyer2023,42,0.615,0.675,0.05999999999999994,0.6175,0.6791666666666666,0.061666666666666536
B3_film,Dreyer2023,43,0.805,0.8633333333333333,0.05833333333333328,0.8591666666666666,0.9066666666666666,0.047499999999999896
B3_film,Dreyer2023,44,0.6216666666666667,0.6533333333333333,0.03166666666666668,0.6058333333333333,0.6258333333333332,0.01999999999999998
B3_film,Dreyer2023,45,0.6783333333333333,0.71,0.03166666666666666,0.6725,0.6933333333333334,0.020833333333333336
B3_film,Dreyer2023,46,0.6916666666666667,0.7,0.00833333333333334,0.6933333333333334,0.7258333333333333,0.032500000000000015
B3_film,Dreyer2023,47,0.735,0.8516666666666666,0.11666666666666661,0.7266666666666667,0.8375,0.11083333333333331
B3_film,Dreyer2023,48,0.64,0.6483333333333333,0.008333333333333321,0.6425,0.655,0.0125
B3_film,Dreyer2023,49,0.6966666666666667,0.7533333333333333,0.056666666666666664,0.6783333333333333,0.7416666666666667,0.06333333333333327
B3_film,Dreyer2023,50,0.5700000000000001,0.6016666666666667,0.03166666666666666,0.6041666666666667,0.62,0.0158333333333333
B3_film,Dreyer2023,51,0.7066666666666667,0.7483333333333333,0.041666666666666664,0.7125,0.76,0.0475
B3_film,Dreyer2023,52,0.7033333333333334,0.7483333333333333,0.045,0.7075,0.7566666666666666,0.0491666666666666
B3_film,Dreyer2023,53,0.6916666666666667,0.7516666666666667,0.05999999999999996,0.6716666666666666,0.7516666666666667,0.07999999999999996
B3_film,Dreyer2023,54,0.6683333333333333,0.7366666666666666,0.06833333333333327,0.6441666666666667,0.6900000000000001,0.04583333333333328
B3_film,Dreyer2023,55,0.8916666666666666,0.8899999999999999,-0.0016666666666667,0.865,0.8675,0.0025
B3_film,Dreyer2023,56,0.8866666666666667,0.925,0.038333333333333316,0.8916666666666666,0.8908333333333334,-0.000833333333333322
B3_film,Dreyer2023,57,0.5766666666666667,0.6333333333333334,0.05666666666666664,0.5666666666666667,0.6158333333333333,0.049166666666666636
B3_film,Dreyer2023,58,0.8916666666666666,0.9016666666666666,0.01,0.8625,0.8841666666666667,0.02166666666666658
B3_film,Dreyer2023,59,0.7275,0.7625,0.034999999999999996,0.7775,0.8275,0.05
B3_film,Dreyer2023,60,0.6950000000000001,0.7649999999999999,0.06999999999999991,0.7150000000000001,0.7483333333333333,0.0333333333333333
B3_film,Dreyer2023,61,0.7683333333333333,0.8266666666666665,0.05833333333333326,0.7525000000000001,0.8308333333333333,0.0783333333333333
B3_film,Dreyer2023,62,0.7233333333333334,0.6799999999999999,-0.04333333333333336,0.7300000000000001,0.7141666666666666,-0.01583333333333336
B3_film,Dreyer2023,63,0.6416666666666666,0.7283333333333333,0.08666666666666661,0.6308333333333334,0.7283333333333333,0.09749999999999995
B3_film,Dreyer2023,64,0.6466666666666667,0.7066666666666667,0.05999999999999996,0.6483333333333332,0.7108333333333333,0.0625
B3_film,Dreyer2023,65,0.8183333333333334,0.8083333333333332,-0.01000000000000002,0.765,0.7891666666666667,0.02416666666666666
B3_film,Dreyer2023,66,0.665,0.72,0.05499999999999996,0.6408333333333334,0.6916666666666667,0.050833333333333286
B3_film,Dreyer2023,67,0.735,0.7483333333333333,0.013333333333333319,0.7233333333333334,0.7883333333333333,0.06499999999999992
B3_film,Dreyer2023,68,0.605,0.6416666666666666,0.036666666666666604,0.6275000000000001,0.6575,0.02999999999999996
B3_film,Dreyer2023,69,0.7483333333333333,0.8216666666666667,0.07333333333333332,0.7633333333333333,0.8025,0.03916666666666664
B3_film,Dreyer2023,70,0.48166666666666663,0.595,0.11333333333333333,0.5716666666666667,0.655,0.08333333333333323
B3_film,Dreyer2023,71,0.6816666666666666,0.8099999999999999,0.12833333333333327,0.7366666666666666,0.8225,0.08583333333333334
B3_film,Dreyer2023,72,0.6616666666666667,0.6599999999999999,-0.0016666666666666802,0.6916666666666667,0.7074999999999999,0.0158333333333333
B3_film,Dreyer2023,73,0.6283333333333333,0.6833333333333333,0.05499999999999996,0.6725,0.7133333333333334,0.04083333333333334
B3_film,Dreyer2023,74,0.635,0.7283333333333333,0.09333333333333331,0.6483333333333333,0.7016666666666667,0.053333333333333274
B3_film,Dreyer2023,75,0.7183333333333334,0.7383333333333333,0.019999999999999955,0.6991666666666667,0.73,0.030833333333333303
B3_film,Dreyer2023,76,0.7983333333333333,0.7666666666666667,-0.031666666666666614,0.7891666666666667,0.7516666666666667,-0.03749999999999998
B3_film,Dreyer2023,77,0.735,0.7616666666666667,0.0266666666666667,0.6958333333333334,0.7308333333333333,0.03499999999999992
B3_film,Dreyer2023,80,0.5700000000000001,0.665,0.09499999999999989,0.6174999999999999,0.6558333333333334,0.0383333333333333
B3_film,Dreyer2023,81,0.7150000000000001,0.7733333333333333,0.05833333333333328,0.675,0.7675000000000001,0.09249999999999992
B3_film,Dreyer2023,82,0.78,0.7583333333333333,-0.021666666666666678,0.7466666666666667,0.7766666666666666,0.029999999999999936
B3_film,Dreyer2023,83,0.6066666666666667,0.6366666666666667,0.030000000000000044,0.575,0.5983333333333333,0.02333333333333324
B3_film,Dreyer2023,84,0.735,0.7633333333333333,0.02833333333333332,0.71,0.7216666666666667,0.011666666666666641
B3_film,Dreyer2023,85,0.6916666666666667,0.7,0.008333333333333321,0.7075,0.6849999999999999,-0.022499999999999982
B3_film,Dreyer2023,86,0.7116666666666667,0.7583333333333333,0.0466666666666666,0.7383333333333333,0.7583333333333333,0.01999999999999998
B3_film,Dreyer2023,87,0.7416666666666667,0.7866666666666666,0.04499999999999994,0.7433333333333334,0.7983333333333333,0.05499999999999998
B3_film,PhysionetMI,1,0.781060606060606,0.8515151515151516,0.0704545454545454,0.7861660079051384,0.8626482213438734,0.0764822134387351
B3_film,PhysionetMI,2,0.8115384615384615,0.9138461538461538,0.10230769230769228,0.7349802371541502,0.9243083003952568,0.18932806324110665
B3_film,PhysionetMI,3,0.8568181818181818,0.9492424242424242,0.09242424242424233,0.8482213438735178,0.9415019762845851,0.0932806324110672
B3_film,PhysionetMI,4,0.8219696969696969,0.9196969696969697,0.09772727272727277,0.7990118577075098,0.9031620553359684,0.10415019762845848
B3_film,PhysionetMI,5,0.6477272727272727,0.7136363636363636,0.06590909090909086,0.5916666666666666,0.6476190476190476,0.05595238095238096
B3_film,PhysionetMI,6,0.7575757575757576,0.8651515151515152,0.10757575757575757,0.738095238095238,0.8095238095238095,0.07142857142857142
B3_film,PhysionetMI,7,0.9053030303030303,0.9575757575757576,0.05227272727272725,0.8401185770750988,0.9245059288537549,0.08438735177865611
B3_film,PhysionetMI,8,0.7560606060606061,0.8401515151515152,0.08409090909090908,0.6879446640316205,0.7735177865612648,0.08557312252964422
B3_film,PhysionetMI,9,0.7930769230769231,0.8699999999999999,0.0769230769230769,0.6851190476190476,0.850595238095238,0.16547619047619047
B3_film,PhysionetMI,10,0.5976923076923077,0.6053846153846154,0.0076923076923077,0.6726190476190477,0.6845238095238095,0.01190476190476186
B3_film,PhysionetMI,11,0.6227272727272727,0.7015151515151515,0.0787878787878788,0.6841897233201581,0.7201581027667985,0.03596837944664038
B3_film,PhysionetMI,12,0.8219696969696969,0.890909090909091,0.06893939393939394,0.8202380952380952,0.8607142857142858,0.04047619047619046
B3_film,PhysionetMI,13,0.5409090909090908,0.7583333333333334,0.21742424242424244,0.6519762845849802,0.7365612648221344,0.08458498023715412
B3_film,PhysionetMI,14,0.7045454545454545,0.7007575757575758,-0.00378787878787878,0.674901185770751,0.6229249011857707,-0.05197628458498025
B3_film,PhysionetMI,15,0.8784615384615385,0.9053846153846156,0.0269230769230769,0.8013833992094861,0.833201581027668,0.031818181818181815
B3_film,PhysionetMI,16,0.4954545454545455,0.6303030303030303,0.1348484848484848,0.6760869565217391,0.7304347826086957,0.05434782608695645
B3_film,PhysionetMI,17,0.6825757575757576,0.8704545454545455,0.18787878787878784,0.7320158102766798,0.8802371541501977,0.14822134387351776
B3_film,PhysionetMI,18,0.9462121212121211,0.9462121212121213,0.0,0.9187747035573123,0.9640316205533598,0.04525691699604746
B3_film,PhysionetMI,19,0.8363636363636363,0.8583333333333334,0.021969696969696938,0.7780632411067193,0.8349802371541502,0.056916996047430814
B3_film,PhysionetMI,20,0.7954545454545455,0.8431818181818181,0.04772727272727269,0.809288537549407,0.8976284584980236,0.08833992094861653
B3_film,PhysionetMI,21,0.4045454545454545,0.6946969696969697,0.29015151515151516,0.5023809523809524,0.6880952380952381,0.18571428571428567
B3_film,PhysionetMI,22,0.8583333333333334,0.9386363636363637,0.08030303030303029,0.8588932806324111,0.9600790513833992,0.10118577075098815
B3_film,PhysionetMI,23,0.6046153846153846,0.7646153846153847,0.15999999999999995,0.6377470355731225,0.7610671936758894,0.12332015810276675
B3_film,PhysionetMI,24,0.6053030303030302,0.7386363636363636,0.1333333333333333,0.6462450592885375,0.7559288537549407,0.10968379446640317
B3_film,PhysionetMI,25,0.6227272727272728,0.6053030303030302,-0.01742424242424242,0.6227272727272727,0.5828063241106719,-0.03992094861660078
B3_film,PhysionetMI,26,0.5453846153846154,0.6076923076923076,0.06230769230769234,0.5708333333333333,0.6630952380952382,0.09226190476190477
B3_film,PhysionetMI,27,0.7234848484848485,0.8348484848484847,0.11136363636363629,0.7784584980237155,0.8632411067193676,0.08478260869565214
B3_film,PhysionetMI,28,0.7727272727272727,0.7560606060606061,-0.016666666666666618,0.8088932806324112,0.8254940711462451,0.016600790513833962
B3_film,PhysionetMI,29,0.8106060606060606,0.7909090909090909,-0.019696969696969664,0.8474308300395258,0.8173913043478261,-0.03003952569169956
B3_film,PhysionetMI,30,0.8378787878787879,0.8757575757575757,0.03787878787878788,0.7678571428571429,0.8416666666666666,0.0738095238095238
B3_film,PhysionetMI,31,0.45378787878787874,0.7303030303030302,0.2765151515151515,0.5071146245059288,0.7723320158102767,0.26521739130434785
B3_film,PhysionetMI,32,0.7892307692307693,0.9646153846153845,0.17538461538461533,0.7363095238095239,0.9464285714285715,0.2101190476190476
B3_film,PhysionetMI,33,0.9303030303030303,0.9037878787878789,-0.026515151515151474,0.9067193675889328,0.8432806324110672,-0.06343873517786554
B3_film,PhysionetMI,34,0.8492307692307692,0.7961538461538462,-0.05307692307692304,0.8065476190476192,0.8238095238095238,0.0172619047619047
B3_film,PhysionetMI,35,0.7340909090909091,0.7871212121212121,0.053030303030303004,0.7928853754940711,0.825691699604743,0.03280632411067188
B3_film,PhysionetMI,36,0.6401515151515152,0.8537878787878788,0.21363636363636357,0.6365612648221344,0.808300395256917,0.17173913043478264
B3_film,PhysionetMI,37,0.6507575757575758,0.6704545454545455,0.019696969696969685,0.6865612648221344,0.6701581027667984,-0.016403162055335978
B3_film,PhysionetMI,38,0.44696969696969696,0.40681818181818175,-0.04015151515151512,0.5270750988142292,0.5033596837944664,-0.02371541501976278
B3_film,PhysionetMI,39,0.7431818181818182,0.6863636363636364,-0.05681818181818175,0.8017786561264822,0.7984189723320159,-0.0033596837944664406
B3_film,PhysionetMI,40,0.6901515151515152,0.8643939393939395,0.1742424242424242,0.7470238095238095,0.831547619047619,0.08452380952380947
B3_film,PhysionetMI,41,0.9292307692307693,0.9615384615384617,0.03230769230769228,0.7357142857142857,0.8285714285714286,0.09285714285714286
B3_film,PhysionetMI,42,0.9030303030303031,0.8818181818181818,-0.021212121212121203,0.9106719367588934,0.8847826086956522,-0.02588932806324108
B3_film,PhysionetMI,43,0.5484848484848486,0.7787878787878788,0.23030303030303023,0.6713438735177866,0.8557312252964427,0.18438735177865612
B3_film,PhysionetMI,44,0.8219696969696969,0.9128787878787878,0.09090909090909086,0.8478260869565217,0.8458498023715414,-0.0019762845849802388
B3_film,PhysionetMI,45,0.5954545454545455,0.7265151515151516,0.13106060606060602,0.667588932806324,0.7849802371541502,0.11739130434782605
B3_film,PhysionetMI,46,0.7083333333333334,0.7681818181818183,0.05984848484848484,0.7454545454545455,0.7689723320158103,0.023517786561264784
B3_film,PhysionetMI,47,0.6954545454545455,0.7143939393939395,0.01893939393939392,0.7113095238095238,0.6892857142857143,-0.022023809523809543
B3_film,PhysionetMI,48,0.8469696969696969,0.9916666666666666,0.14469696969696963,0.8642292490118578,0.9826086956521738,0.11837944664031616
B3_film,PhysionetMI,49,0.5431818181818182,0.7340909090909091,0.19090909090909086,0.5592885375494071,0.7395256916996048,0.18023715415019761
B3_film,PhysionetMI,50,0.7439393939393939,0.7075757575757576,-0.0363636363636363,0.8110671936758893,0.7474308300395257,-0.0636363636363636
B3_film,PhysionetMI,51,0.7439393939393939,0.8030303030303031,0.059090909090909104,0.7089285714285715,0.7791666666666667,0.0702380952380952
B3_film,PhysionetMI,52,0.6861538461538461,0.8461538461538461,0.15999999999999998,0.7285714285714285,0.85,0.12142857142857137
B3_film,PhysionetMI,53,0.6901515151515152,0.8128787878787879,0.12272727272727275,0.7041501976284585,0.7847826086956522,0.08063241106719363
B3_film,PhysionetMI,54,0.9363636363636363,0.8696969696969697,-0.06666666666666667,0.8905138339920949,0.8936758893280633,0.0031620553359684002
B3_film,PhysionetMI,55,0.825,0.8712121212121213,0.04621212121212122,0.8033596837944664,0.9120553359683793,0.10869565217391297
B3_film,PhysionetMI,56,0.7075757575757576,0.8530303030303031,0.14545454545454545,0.7675889328063241,0.866798418972332,0.09920948616600779
B3_film,PhysionetMI,57,0.8901515151515152,0.9416666666666664,0.051515151515151424,0.8809523809523808,0.9232142857142858,0.042261904761904764
B3_film,PhysionetMI,58,0.8130769230769233,0.7753846153846153,-0.03769230769230773,0.8464285714285715,0.7726190476190476,-0.07380952380952381
B3_film,PhysionetMI,59,0.7454545454545455,0.6227272727272728,-0.12272727272727268,0.7077380952380953,0.6970238095238095,-0.01071428571428572
B3_film,PhysionetMI,60,0.8846153846153847,0.8138461538461538,-0.07076923076923076,0.7841897233201581,0.7895256916996047,0.0053359683794466
B3_film,PhysionetMI,61,0.740151515151515,0.9363636363636363,0.19621212121212128,0.7737154150197629,0.9454545454545455,0.17173913043478253
B3_film,PhysionetMI,62,0.9166666666666664,0.9416666666666667,0.025000000000000043,0.9565217391304348,0.9476284584980237,-0.00889328063241108
B3_film,PhysionetMI,63,0.7681818181818182,0.7742424242424242,0.006060606060606097,0.6867588932806324,0.7395256916996047,0.05276679841897229
B3_film,PhysionetMI,64,0.7621212121212121,0.6871212121212121,-0.07500000000000002,0.7055335968379446,0.7318181818181818,0.02628458498023716
B3_film,PhysionetMI,65,0.8075757575757576,0.8568181818181818,0.04924242424242422,0.7642857142857142,0.7970238095238095,0.03273809523809524
B3_film,PhysionetMI,66,0.7113636363636363,0.8083333333333333,0.0969696969696969,0.6221343873517787,0.7031620553359683,0.08102766798418966
B3_film,PhysionetMI,67,0.7416666666666667,0.8083333333333332,0.0666666666666666,0.666798418972332,0.7140316205533597,0.047233201581027597
B3_film,PhysionetMI,68,0.6946969696969697,0.7484848484848485,0.05378787878787876,0.749802371541502,0.7869565217391303,0.0371541501976284
B3_film,PhysionetMI,69,0.6369230769230769,0.7046153846153846,0.06769230769230764,0.6321428571428571,0.7232142857142858,0.09107142857142858
B3_film,PhysionetMI,70,0.8007575757575758,0.9386363636363637,0.1378787878787878,0.8098814229249012,0.9385375494071146,0.12865612648221347
B3_film,PhysionetMI,71,0.8159090909090908,0.9234848484848485,0.10757575757575755,0.8422924901185771,0.9294466403162055,0.08715415019762843
B3_film,PhysionetMI,72,0.9272727272727274,0.9636363636363636,0.03636363636363634,0.940909090909091,0.9636363636363636,0.022727272727272697
B3_film,PhysionetMI,73,0.6462121212121212,0.7121212121212122,0.06590909090909089,0.7468379446640316,0.808102766798419,0.06126482213438735
B3_film,PhysionetMI,74,0.6568181818181819,0.818939393939394,0.16212121212121217,0.7291666666666667,0.8166666666666667,0.08749999999999993
B3_film,PhysionetMI,75,0.409090909090909,0.771969696969697,0.3628787878787879,0.49446640316205526,0.7383399209486166,0.24387351778656124
B3_film,PhysionetMI,76,0.5151515151515151,0.6128787878787879,0.09772727272727272,0.6395256916996048,0.617193675889328,-0.02233201581027668
B3_film,PhysionetMI,77,0.5984848484848484,0.6037878787878788,0.0053030303030303,0.6255952380952381,0.6815476190476191,0.05595238095238092
B3_film,PhysionetMI,78,0.5007575757575757,0.49469696969696964,-0.0060606060606060806,0.5081027667984189,0.5189723320158103,0.010869565217391281
B3_film,PhysionetMI,79,0.65,0.7848484848484849,0.13484848484848483,0.649802371541502,0.7480237154150198,0.09822134387351775
B3_film,PhysionetMI,80,0.8076923076923077,0.8292307692307693,0.021538461538461565,0.7215415019762845,0.6756916996047431,-0.0458498023715415
B3_film,PhysionetMI,81,0.7439393939393939,0.843939393939394,0.09999999999999998,0.7492094861660079,0.8715415019762845,0.12233201581027661
B3_film,PhysionetMI,82,0.6537878787878788,0.8083333333333333,0.1545454545454545,0.7140316205533597,0.8057312252964426,0.09169960474308296
B3_film,PhysionetMI,83,0.6892307692307693,0.6915384615384615,0.0023076923076922997,0.5498023715415019,0.6458498023715415,0.09604743083003953
B3_film,PhysionetMI,84,0.8583333333333334,0.8583333333333332,-9.992007221626409e-17,0.7345849802371541,0.8164031620553359,0.08181818181818182
B3_film,PhysionetMI,85,0.6727272727272727,0.8878787878787879,0.21515151515151515,0.6986166007905139,0.8673913043478262,0.16877470355731222
B3_film,PhysionetMI,86,0.8538461538461538,0.9692307692307693,0.11538461538461535,0.8739130434782609,0.9780632411067194,0.10415019762845841
B3_film,PhysionetMI,87,0.6196969696969696,0.556060606060606,-0.0636363636363636,0.5717391304347826,0.5501976284584981,-0.02154150197628458
B3_film,PhysionetMI,90,0.7621212121212121,0.8674242424242424,0.10530303030303026,0.7877470355731225,0.8980237154150197,0.11027667984189718
B3_film,PhysionetMI,91,0.6924242424242424,0.8810606060606062,0.18863636363636366,0.7061264822134387,0.8851778656126482,0.17905138339920945
B3_film,PhysionetMI,93,0.7174242424242424,0.7196969696969697,0.0022727272727272817,0.7310276679841897,0.7213438735177865,-0.00968379446640316
B3_film,PhysionetMI,94,0.6962121212121213,0.7886363636363637,0.09242424242424235,0.6492094861660079,0.7972332015810276,0.14802371541501969
B3_film,PhysionetMI,95,0.6138461538461538,0.6815384615384616,0.06769230769230769,0.7013833992094861,0.7418972332015811,0.040513833992094815
B3_film,PhysionetMI,96,0.7507575757575757,0.8159090909090908,0.06515151515151506,0.7343873517786561,0.8650197628458498,0.13063241106719362
B3_film,PhysionetMI,97,0.7621212121212121,0.8007575757575758,0.03863636363636366,0.7304347826086957,0.750395256916996,0.01996047430830038
B3_film,PhysionetMI,98,0.4446969696969697,0.4666666666666666,0.021969696969696962,0.5713438735177865,0.625494071146245,0.05415019762845841
B3_film,PhysionetMI,99,0.5424242424242424,0.6037878787878788,0.0613636363636363,0.5667984189723321,0.6462450592885375,0.07944664031620552
B3_film,PhysionetMI,101,0.826153846153846,0.8615384615384615,0.03538461538461534,0.8385375494071147,0.8782608695652174,0.039723320158102746
B3_film,PhysionetMI,102,0.6439393939393939,0.6242424242424243,-0.019696969696969678,0.6988142292490118,0.6940711462450593,-0.004743083003952559
B3_film,PhysionetMI,103,0.6795454545454545,0.8212121212121213,0.14166666666666666,0.6841897233201581,0.7709486166007905,0.08675889328063238
B3_film,PhysionetMI,105,0.834848484848485,0.9250000000000002,0.09015151515151514,0.8215415019762846,0.9207509881422924,0.09920948616600786
B3_film,PhysionetMI,107,0.4537878787878788,0.5628787878787879,0.10909090909090904,0.5916666666666666,0.6934523809523809,0.10178571428571428
B3_film,PhysionetMI,108,0.7219696969696969,0.8045454545454545,0.08257575757575755,0.7563241106719367,0.8472332015810278,0.09090909090909086
B3_film,PhysionetMI,109,0.6303030303030303,0.5401515151515152,-0.09015151515151512,0.6460474308300396,0.5428853754940711,-0.10316205533596841
B3_lora,Cho2017,1,0.596,0.642,0.045999999999999944,0.6020000000000001,0.639,0.036999999999999963
B3_lora,Cho2017,2,0.528,0.524,-0.004000000000000001,0.512,0.51,-0.0019999999999999996
B3_lora,Cho2017,3,0.702,0.6719999999999999,-0.030000000000000016,0.7,0.6759999999999999,-0.024000000000000042
B3_lora,Cho2017,4,0.65,0.64,-0.009999999999999964,0.637,0.63,-0.0070000000000000635
B3_lora,Cho2017,5,0.986,1.0,0.013999999999999999,0.976,0.9890000000000001,0.013000000000000001
B3_lora,Cho2017,6,0.828,0.8140000000000001,-0.01399999999999996,0.8240000000000001,0.798,-0.025999999999999922
B3_lora,Cho2017,7,0.5966666666666667,0.5033333333333333,-0.0933333333333333,0.5841666666666667,0.5066666666666666,-0.07749999999999996
B3_lora,Cho2017,8,0.554,0.54,-0.014000000000000021,0.5589999999999999,0.558,-0.0009999999999999794
B3_lora,Cho2017,9,0.5549999999999999,0.5433333333333333,-0.01166666666666668,0.5683333333333334,0.5333333333333333,-0.03500000000000004
B3_lora,Cho2017,10,0.604,0.5820000000000001,-0.021999999999999978,0.626,0.6,-0.02599999999999994
B3_lora,Cho2017,11,0.5900000000000001,0.604,0.01399999999999998,0.546,0.572,0.02599999999999994
B3_lora,Cho2017,12,0.54,0.514,-0.026000000000000002,0.624,0.5700000000000001,-0.05399999999999994
B3_lora,Cho2017,13,0.8220000000000001,0.8460000000000001,0.02399999999999996,0.753,0.8089999999999999,0.05599999999999997
B3_lora,Cho2017,14,0.784,0.7220000000000001,-0.06199999999999998,0.7769999999999999,0.7300000000000001,-0.04699999999999994
B3_lora,Cho2017,15,0.5940000000000001,0.52,-0.07399999999999998,0.576,0.539,-0.03699999999999998
B3_lora,Cho2017,16,0.634,0.626,-0.00799999999999998,0.591,0.603,0.01199999999999998
B3_lora,Cho2017,17,0.49399999999999994,0.55,0.05599999999999998,0.505,0.538,0.03299999999999996
B3_lora,Cho2017,18,0.614,0.6140000000000001,2.0122792321330962e-17,0.585,0.611,0.025999999999999978
B3_lora,Cho2017,19,0.51,0.522,0.012,0.544,0.55,0.006
B3_lora,Cho2017,20,0.556,0.5660000000000001,0.009999999999999981,0.572,0.586,0.01399999999999996
B3_lora,Cho2017,21,0.546,0.546,0.0,0.524,0.5349999999999999,0.01099999999999996
B3_lora,Cho2017,22,0.636,0.592,-0.04399999999999994,0.591,0.552,-0.038999999999999965
B3_lora,Cho2017,23,0.5559999999999999,0.562,0.00600000000000004,0.6799999999999999,0.673,-0.006999999999999959
B3_lora,Cho2017,24,0.54,0.49399999999999994,-0.04599999999999998,0.549,0.519,-0.02999999999999996
B3_lora,Cho2017,25,0.628,0.554,-0.07399999999999994,0.594,0.556,-0.037999999999999916
B3_lora,Cho2017,26,0.9879999999999999,0.99,0.002,0.9629999999999999,0.96,-0.003
B3_lora,Cho2017,27,0.576,0.5660000000000001,-0.009999999999999981,0.546,0.533,-0.01299999999999996
B3_lora,Cho2017,28,0.5,0.5820000000000001,0.082,0.516,0.57,0.0539999999999999
B3_lora,Cho2017,29,0.532,0.502,-0.029999999999999978,0.49400000000000005,0.507,0.01300000000000002
B3_lora,Cho2017,30,0.6759999999999999,0.638,-0.03799999999999994,0.607,0.6060000000000001,-0.0010000000000000202
B3_lora,Cho2017,31,0.518,0.548,0.02999999999999996,0.497,0.524,0.027000000000000003
B3_lora,Cho2017,32,0.49800000000000005,0.534,0.035999999999999976,0.512,0.549,0.03699999999999998
B3_lora,Cho2017,33,0.522,0.5860000000000001,0.06399999999999995,0.52,0.575,0.05499999999999994
B3_lora,Cho2017,34,0.5700000000000001,0.548,-0.02199999999999998,0.541,0.549,0.00800000000000008
B3_lora,Cho2017,35,0.374,0.396,0.02199999999999998,0.488,0.488,-2.2204460492503132e-17
B3_lora,Cho2017,36,0.554,0.534,-0.02000000000000002,0.565,0.536,-0.028999999999999942
B3_lora,Cho2017,37,0.882,0.874,-0.00799999999999998,0.779,0.8009999999999999,0.022
B3_lora,Cho2017,38,0.544,0.5780000000000001,0.03399999999999996,0.568,0.595,0.027000000000000003
B3_lora,Cho2017,39,0.6,0.528,-0.07199999999999997,0.6599999999999999,0.603,-0.05699999999999996
B3_lora,Cho2017,40,0.516,0.528,0.011999999999999981,0.554,0.529,-0.02499999999999998
B3_lora,Cho2017,41,0.648,0.616,-0.03199999999999996,0.643,0.618,-0.02500000000000006
B3_lora,Cho2017,42,0.562,0.542,-0.01999999999999998,0.544,0.52,-0.02399999999999998
B3_lora,Cho2017,43,1.0,1.0,0.0,0.9789999999999999,0.962,-0.01699999999999998
B3_lora,Cho2017,44,0.95,0.9359999999999999,-0.014000000000000002,0.898,0.907,0.00900000000000002
B3_lora,Cho2017,45,0.516,0.538,0.022,0.522,0.537,0.014999999999999958
B3_lora,Cho2017,46,0.5650000000000001,0.5483333333333333,-0.01666666666666664,0.5566666666666666,0.5416666666666666,-0.015
B3_lora,Cho2017,47,0.7979999999999999,0.8380000000000001,0.04000000000000004,0.749,0.7889999999999999,0.03999999999999996
B3_lora,Cho2017,48,0.6679999999999999,0.662,-0.00599999999999998,0.6689999999999999,0.664,-0.00499999999999996
B3_lora,Cho2017,49,1.0,0.994,-0.006,0.898,0.89,-0.00800000000000002
B3_lora,Cho2017,50,0.9720000000000001,0.95,-0.02199999999999998,0.975,0.961,-0.013999999999999999
B3_lora,Cho2017,51,0.65,0.56,-0.0899999999999999,0.597,0.5449999999999999,-0.051999999999999956
B3_lora,Cho2017,52,0.5740000000000001,0.604,0.03000000000000002,0.579,0.5890000000000001,0.01000000000000002
B3_lora,Dreyer2023,1,0.7833333333333334,0.8850000000000001,0.10166666666666664,0.8141666666666667,0.8975,0.08333333333333329
B3_lora,Dreyer2023,2,0.58,0.6816666666666666,0.1016666666666666,0.6208333333333333,0.7058333333333333,0.08499999999999999
B3_lora,Dreyer2023,3,0.6583333333333334,0.8183333333333334,0.15999999999999998,0.6841666666666667,0.8508333333333333,0.16666666666666663
B3_lora,Dreyer2023,5,0.775,0.8766666666666667,0.10166666666666661,0.7525000000000001,0.8841666666666667,0.13166666666666663
B3_lora,Dreyer2023,6,0.72,0.7716666666666667,0.05166666666666664,0.7033333333333334,0.7675,0.06416666666666661
B3_lora,Dreyer2023,7,0.8966666666666667,0.9766666666666666,0.07999999999999992,0.8825,0.9841666666666666,0.10166666666666666
B3_lora,Dreyer2023,8,0.7300000000000001,0.8266666666666665,0.09666666666666658,0.7441666666666666,0.8099999999999999,0.06583333333333326
B3_lora,Dreyer2023,10,0.8,0.9116666666666667,0.11166666666666658,0.8091666666666667,0.9183333333333333,0.10916666666666659
B3_lora,Dreyer2023,11,0.5666666666666667,0.6316666666666666,0.06499999999999996,0.5841666666666667,0.63,0.045833333333333316
B3_lora,Dreyer2023,12,0.8066666666666666,0.8949999999999999,0.08833333333333333,0.7616666666666666,0.8966666666666667,0.13500000000000004
B3_lora,Dreyer2023,13,0.6883333333333334,0.7566666666666666,0.06833333333333326,0.7333333333333334,0.8258333333333333,0.09249999999999994
B3_lora,Dreyer2023,14,0.6316666666666666,0.6916666666666667,0.05999999999999996,0.645,0.6858333333333333,0.04083333333333322
B3_lora,Dreyer2023,15,0.8133333333333332,0.9266666666666665,0.11333333333333324,0.8366666666666667,0.9375,0.10083333333333329
B3_lora,Dreyer2023,16,0.7833333333333333,0.8266666666666668,0.04333333333333332,0.7633333333333333,0.85,0.08666666666666663
B3_lora,Dreyer2023,18,0.7783333333333333,0.9066666666666666,0.12833333333333333,0.7675,0.9016666666666666,0.1341666666666666
B3_lora,Dreyer2023,19,0.8116666666666668,0.8949999999999999,0.08333333333333333,0.7925000000000001,0.8858333333333333,0.09333333333333328
B3_lora,Dreyer2023,20,0.8066666666666666,0.8966666666666667,0.08999999999999993,0.78,0.8574999999999999,0.07749999999999999
B3_lora,Dreyer2023,21,0.8266666666666668,0.9116666666666665,0.08499999999999992,0.865,0.9208333333333334,0.055833333333333277
B3_lora,Dreyer2023,22,0.7783333333333333,0.9283333333333333,0.14999999999999997,0.7849999999999999,0.9108333333333333,0.1258333333333333
B3_lora,Dreyer2023,23,0.6733333333333333,0.7366666666666667,0.06333333333333334,0.6641666666666667,0.75,0.08583333333333326
B3_lora,Dreyer2023,24,0.8483333333333334,0.9399999999999998,0.09166666666666659,0.8541666666666666,0.9316666666666666,0.07749999999999993
B3_lora,Dreyer2023,25,0.6033333333333333,0.67,0.06666666666666664,0.6799999999999999,0.7633333333333333,0.08333333333333326
B3_lora,Dreyer2023,26,0.6733333333333333,0.7783333333333333,0.10499999999999998,0.6233333333333333,0.755,0.13166666666666665
B3_lora,Dreyer2023,27,0.6883333333333332,0.8066666666666666,0.11833333333333329,0.6983333333333334,0.8316666666666667,0.1333333333333333
B3_lora,Dreyer2023,28,0.7183333333333334,0.7716666666666667,0.05333333333333323,0.6891666666666667,0.765,0.0758333333333333
B3_lora,Dreyer2023,30,0.63,0.7116666666666667,0.08166666666666669,0.6316666666666666,0.7266666666666667,0.095
B3_lora,Dreyer2023,31,0.75,0.8733333333333333,0.1233333333333333,0.745,0.8649999999999999,0.11999999999999993
B3_lora,Dreyer2023,32,0.6900000000000001,0.845,0.155,0.6925,0.8291666666666666,0.13666666666666663
B3_lora,Dreyer2023,33,0.6483333333333333,0.795,0.14666666666666664,0.6891666666666667,0.8025,0.11333333333333329
B3_lora,Dreyer2023,34,0.7416666666666667,0.7933333333333333,0.05166666666666662,0.8333333333333334,0.8733333333333333,0.03999999999999996
B3_lora,Dreyer2023,35,0.6649999999999999,0.7499999999999999,0.08499999999999992,0.7291666666666667,0.7741666666666667,0.045
B3_lora,Dreyer2023,36,0.7016666666666667,0.7983333333333332,0.0966666666666666,0.7416666666666667,0.8400000000000001,0.09833333333333329
B3_lora,Dreyer2023,37,0.6333333333333333,0.735,0.10166666666666661,0.645,0.76,0.11499999999999999
B3_lora,Dreyer2023,38,0.7283333333333333,0.8533333333333333,0.12499999999999996,0.7741666666666667,0.8808333333333334,0.10666666666666655
B3_lora,Dreyer2023,39,0.8966666666666667,0.9183333333333333,0.02166666666666666,0.8724999999999999,0.9116666666666667,0.039166666666666614
B3_lora,Dreyer2023,40,0.6948275862068967,0.8534482758620691,0.15862068965517234,0.7552780255724055,0.8909901873327385,0.135712161760333
B3_lora,Dreyer2023,42,0.615,0.74,0.12499999999999997,0.6175,0.76,0.1424999999999999
B3_lora,Dreyer2023,43,0.805,0.8816666666666666,0.07666666666666663,0.8591666666666666,0.9199999999999999,0.06083333333333326
B3_lora,Dreyer2023,44,0.6216666666666667,0.6466666666666667,0.025,0.6058333333333333,0.6575,0.05166666666666664
B3_lora,Dreyer2023,45,0.6783333333333333,0.7466666666666667,0.06833333333333327,0.6725,0.7216666666666667,0.04916666666666668
B3_lora,Dreyer2023,46,0.6916666666666667,0.7366666666666667,0.045,0.6933333333333334,0.77,0.07666666666666662
B3_lora,Dreyer2023,47,0.735,0.8933333333333333,0.1583333333333333,0.7266666666666667,0.8766666666666667,0.15
B3_lora,Dreyer2023,48,0.64,0.6683333333333333,0.02833333333333326,0.6425,0.6841666666666667,0.04166666666666658
B3_lora,Dreyer2023,49,0.6966666666666667,0.7833333333333333,0.08666666666666666,0.6783333333333333,0.7783333333333334,0.1
B3_lora,Dreyer2023,50,0.5700000000000001,0.6166666666666666,0.04666666666666662,0.6041666666666667,0.6516666666666666,0.04749999999999992
B3_lora,Dreyer2023,51,0.7066666666666667,0.7466666666666667,0.03999999999999996,0.7125,0.7766666666666666,0.06416666666666662
B3_lora,Dreyer2023,52,0.7033333333333334,0.7966666666666666,0.0933333333333333,0.7075,0.8016666666666665,0.09416666666666659
B3_lora,Dreyer2023,53,0.6916666666666667,0.7866666666666667,0.09499999999999997,0.6716666666666666,0.7958333333333333,0.12416666666666662
B3_lora,Dreyer2023,54,0.6683333333333333,0.7016666666666667,0.033333333333333326,0.6441666666666667,0.6900000000000001,0.04583333333333332
B3_lora,Dreyer2023,55,0.8916666666666666,0.9366666666666668,0.044999999999999964,0.865,0.925,0.059999999999999984
B3_lora,Dreyer2023,56,0.8866666666666667,0.9200000000000002,0.03333333333333331,0.8916666666666666,0.8966666666666667,0.005000000000000039
B3_lora,Dreyer2023,57,0.5766666666666667,0.635,0.05833333333333328,0.5666666666666667,0.6108333333333333,0.044166666666666646
B3_lora,Dreyer2023,58,0.8916666666666666,0.9233333333333332,0.03166666666666666,0.8625,0.9308333333333334,0.06833333333333326
B3_lora,Dreyer2023,59,0.7275,0.78,0.05249999999999998,0.7775,0.8400000000000001,0.0625
B3_lora,Dreyer2023,60,0.6950000000000001,0.8066666666666666,0.11166666666666655,0.7150000000000001,0.7933333333333333,0.07833333333333334
B3_lora,Dreyer2023,61,0.7683333333333333,0.8633333333333333,0.09499999999999995,0.7525000000000001,0.8641666666666665,0.11166666666666662
B3_lora,Dreyer2023,62,0.7233333333333334,0.7416666666666667,0.01833333333333332,0.7300000000000001,0.7391666666666666,0.009166666666666618
B3_lora,Dreyer2023,63,0.6416666666666666,0.8133333333333332,0.17166666666666666,0.6308333333333334,0.7858333333333333,0.15499999999999994
B3_lora,Dreyer2023,64,0.6466666666666667,0.765,0.11833333333333326,0.6483333333333332,0.775,0.12666666666666668
B3_lora,Dreyer2023,65,0.8183333333333334,0.835,0.01666666666666666,0.765,0.835,0.07
B3_lora,Dreyer2023,66,0.665,0.7583333333333334,0.09333333333333327,0.6408333333333334,0.73,0.08916666666666662
B3_lora,Dreyer2023,67,0.735,0.7916666666666666,0.0566666666666666,0.7233333333333334,0.8191666666666666,0.09583333333333324
B3_lora,Dreyer2023,68,0.605,0.7366666666666667,0.13166666666666665,0.6275000000000001,0.7341666666666666,0.10666666666666666
B3_lora,Dreyer2023,69,0.7483333333333333,0.8516666666666666,0.10333333333333328,0.7633333333333333,0.8625,0.09916666666666664
B3_lora,Dreyer2023,70,0.48166666666666663,0.6716666666666666,0.19000000000000003,0.5716666666666667,0.7175,0.14583333333333334
B3_lora,Dreyer2023,71,0.6816666666666666,0.8550000000000001,0.17333333333333328,0.7366666666666666,0.8775000000000001,0.1408333333333333
B3_lora,Dreyer2023,72,0.6616666666666667,0.8099999999999999,0.14833333333333326,0.6916666666666667,0.8208333333333334,0.12916666666666668
B3_lora,Dreyer2023,73,0.6283333333333333,0.7466666666666667,0.11833333333333332,0.6725,0.7908333333333333,0.11833333333333326
B3_lora,Dreyer2023,74,0.635,0.735,0.09999999999999992,0.6483333333333333,0.7416666666666667,0.09333333333333332
B3_lora,Dreyer2023,75,0.7183333333333334,0.7583333333333334,0.03999999999999996,0.6991666666666667,0.7308333333333332,0.03166666666666656
B3_lora,Dreyer2023,76,0.7983333333333333,0.8216666666666667,0.023333333333333317,0.7891666666666667,0.8150000000000001,0.025833333333333302
B3_lora,Dreyer2023,77,0.735,0.8233333333333333,0.0883333333333333,0.6958333333333334,0.7808333333333334,0.08499999999999994
B3_lora,Dreyer2023,80,0.5700000000000001,0.7116666666666667,0.1416666666666666,0.6174999999999999,0.7150000000000001,0.09749999999999998
B3_lora,Dreyer2023,81,0.7150000000000001,0.8299999999999998,0.11499999999999992,0.675,0.8158333333333333,0.14083333333333325
B3_lora,Dreyer2023,82,0.78,0.795,0.014999999999999961,0.7466666666666667,0.8066666666666666,0.05999999999999992
B3_lora,Dreyer2023,83,0.6066666666666667,0.6883333333333334,0.08166666666666669,0.575,0.6716666666666666,0.09666666666666658
B3_lora,Dreyer2023,84,0.735,0.8333333333333334,0.09833333333333329,0.71,0.8133333333333332,0.1033333333333333
B3_lora,Dreyer2023,85,0.6916666666666667,0.735,0.0433333333333333,0.7075,0.7325,0.025
B3_lora,Dreyer2023,86,0.7116666666666667,0.8383333333333333,0.12666666666666662,0.7383333333333333,0.8291666666666666,0.09083333333333328
B3_lora,Dreyer2023,87,0.7416666666666667,0.7833333333333334,0.041666666666666644,0.7433333333333334,0.7983333333333333,0.05499999999999996
B3_lora,PhysionetMI,1,0.781060606060606,0.8356060606060606,0.05454545454545452,0.7861660079051384,0.8610671936758892,0.07490118577075092
B3_lora,PhysionetMI,2,0.8115384615384615,0.8946153846153846,0.08307692307692303,0.7349802371541502,0.9195652173913043,0.18458498023715406
B3_lora,PhysionetMI,3,0.8568181818181818,0.9484848484848485,0.09166666666666659,0.8482213438735178,0.941897233201581,0.09367588932806324
B3_lora,PhysionetMI,4,0.8219696969696969,0.9196969696969697,0.09772727272727272,0.7990118577075098,0.9033596837944664,0.10434782608695647
B3_lora,PhysionetMI,5,0.6477272727272727,0.7204545454545455,0.07272727272727268,0.5916666666666666,0.6970238095238095,0.10535714285714284
B3_lora,PhysionetMI,6,0.7575757575757576,0.8825757575757576,0.12499999999999997,0.738095238095238,0.8452380952380952,0.1071428571428571
B3_lora,PhysionetMI,7,0.9053030303030303,0.9825757575757577,0.07727272727272723,0.8401185770750988,0.942094861660079,0.10197628458498018
B3_lora,PhysionetMI,8,0.7560606060606061,0.8325757575757574,0.0765151515151514,0.6879446640316205,0.7731225296442688,0.08517786561264817
B3_lora,PhysionetMI,9,0.7930769230769231,0.9076923076923077,0.1146153846153846,0.6851190476190476,0.8607142857142858,0.17559523809523803
B3_lora,PhysionetMI,10,0.5976923076923077,0.7276923076923077,0.13,0.6726190476190477,0.7994047619047618,0.12678571428571422
B3_lora,PhysionetMI,11,0.6227272727272727,0.725,0.10227272727272722,0.6841897233201581,0.7381422924901185,0.05395256916996051
B3_lora,PhysionetMI,12,0.8219696969696969,0.8643939393939395,0.04242424242424238,0.8202380952380952,0.875,0.05476190476190472
B3_lora,PhysionetMI,13,0.5409090909090908,0.803030303030303,0.2621212121212121,0.6519762845849802,0.8511857707509881,0.19920948616600792
B3_lora,PhysionetMI,14,0.7045454545454545,0.7734848484848486,0.06893939393939394,0.674901185770751,0.6533596837944664,-0.02154150197628458
B3_lora,PhysionetMI,15,0.8784615384615385,0.9284615384615386,0.04999999999999996,0.8013833992094861,0.8855731225296442,0.08418972332015809
B3_lora,PhysionetMI,16,0.4954545454545455,0.6053030303030302,0.10984848484848478,0.6760869565217391,0.7401185770750989,0.06403162055335962
B3_lora,PhysionetMI,17,0.6825757575757576,0.803030303030303,0.12045454545454537,0.7320158102766798,0.7966403162055335,0.06462450592885369
B3_lora,PhysionetMI,18,0.9462121212121211,1.0,0.05378787878787874,0.9187747035573123,0.9956521739130434,0.07687747035573121
B3_lora,PhysionetMI,19,0.8363636363636363,0.9106060606060605,0.07424242424242425,0.7780632411067193,0.8915019762845849,0.1134387351778656
B3_lora,PhysionetMI,20,0.7954545454545455,0.9045454545454547,0.10909090909090909,0.809288537549407,0.9061264822134387,0.09683794466403157
B3_lora,PhysionetMI,21,0.4045454545454545,0.759090909090909,0.3545454545454545,0.5023809523809524,0.7142857142857143,0.2119047619047619
B3_lora,PhysionetMI,22,0.8583333333333334,0.9636363636363636,0.10530303030303027,0.8588932806324111,0.9780632411067194,0.11916996047430832
B3_lora,PhysionetMI,23,0.6046153846153846,0.7838461538461539,0.17923076923076917,0.6377470355731225,0.7806324110671936,0.1428853754940711
B3_lora,PhysionetMI,24,0.6053030303030302,0.7863636363636364,0.1810606060606061,0.6462450592885375,0.7434782608695653,0.09723320158102763
B3_lora,PhysionetMI,25,0.6227272727272728,0.5954545454545455,-0.027272727272727282,0.6227272727272727,0.6199604743083004,-0.0027667984189723004
B3_lora,PhysionetMI,26,0.5453846153846154,0.6407692307692308,0.09538461538461543,0.5708333333333333,0.6517857142857143,0.08095238095238094
B3_lora,PhysionetMI,27,0.7234848484848485,0.8696969696969697,0.14621212121212115,0.7784584980237155,0.8762845849802371,0.0978260869565217
B3_lora,PhysionetMI,28,0.7727272727272727,0.7984848484848485,0.02575757575757574,0.8088932806324112,0.825296442687747,0.016403162055336
B3_lora,PhysionetMI,29,0.8106060606060606,0.7386363636363636,-0.07196969696969696,0.8474308300395258,0.8211462450592885,-0.026284584980237096
B3_lora,PhysionetMI,30,0.8378787878787879,0.8583333333333334,0.020454545454545482,0.7678571428571429,0.8488095238095237,0.08095238095238094
B3_lora,PhysionetMI,31,0.45378787878787874,0.7416666666666667,0.2878787878787879,0.5071146245059288,0.741699604743083,0.23458498023715418
B3_lora,PhysionetMI,32,0.7892307692307693,0.9323076923076924,0.14307692307692302,0.7363095238095239,0.9488095238095239,0.2125
B3_lora,PhysionetMI,33,0.9303030303030303,0.9295454545454545,-0.0007575757575757402,0.9067193675889328,0.8335968379446641,-0.07312252964426874
B3_lora,PhysionetMI,34,0.8492307692307692,0.8215384615384614,-0.027692307692307638,0.8065476190476192,0.8351190476190476,0.02857142857142848
B3_lora,PhysionetMI,35,0.7340909090909091,0.8143939393939394,0.08030303030303025,0.7928853754940711,0.8567193675889329,0.0638339920948616
B3_lora,PhysionetMI,36,0.6401515151515152,0.9113636363636364,0.2712121212121211,0.6365612648221344,0.8715415019762845,0.2349802371541502
B3_lora,PhysionetMI,37,0.6507575757575758,0.6795454545454545,0.028787878787878758,0.6865612648221344,0.6877470355731226,0.0011857707509881576
B3_lora,PhysionetMI,38,0.44696969696969696,0.49469696969696975,0.0477272727272727,0.5270750988142292,0.5440711462450593,0.01699604743083008
B3_lora,PhysionetMI,39,0.7431818181818182,0.7454545454545455,0.002272727272727279,0.8017786561264822,0.8286561264822134,0.02687747035573122
B3_lora,PhysionetMI,40,0.6901515151515152,0.9818181818181818,0.29166666666666663,0.7470238095238095,0.9077380952380952,0.16071428571428567
B3_lora,PhysionetMI,41,0.9292307692307693,0.9692307692307693,0.03999999999999996,0.7357142857142857,0.8386904761904761,0.10297619047619044
B3_lora,PhysionetMI,42,0.9030303030303031,0.8916666666666668,-0.011363636363636298,0.9106719367588934,0.8818181818181818,-0.028853754940711386
B3_lora,PhysionetMI,43,0.5484848484848486,0.8212121212121211,0.2727272727272726,0.6713438735177866,0.8691699604743084,0.19782608695652168
B3_lora,PhysionetMI,44,0.8219696969696969,0.8606060606060606,0.03863636363636362,0.8478260869565217,0.8278656126482213,-0.01996047430830034
B3_lora,PhysionetMI,45,0.5954545454545455,0.7984848484848485,0.20303030303030298,0.667588932806324,0.808300395256917,0.1407114624505929
B3_lora,PhysionetMI,46,0.7083333333333334,0.7424242424242424,0.03409090909090904,0.7454545454545455,0.7284584980237154,-0.016996047430830018
B3_lora,PhysionetMI,47,0.6954545454545455,0.7348484848484849,0.03939393939393938,0.7113095238095238,0.6934523809523809,-0.01785714285714284
B3_lora,PhysionetMI,48,0.8469696969696969,0.990909090909091,0.14393939393939387,0.8642292490118578,0.9867588932806324,0.12252964426877466
B3_lora,PhysionetMI,49,0.5431818181818182,0.7628787878787879,0.21969696969696967,0.5592885375494071,0.7355731225296442,0.17628458498023708
B3_lora,PhysionetMI,50,0.7439393939393939,0.7803030303030303,0.036363636363636376,0.8110671936758893,0.7928853754940711,-0.01818181818181822
B3_lora,PhysionetMI,51,0.7439393939393939,0.8242424242424242,0.08030303030303029,0.7089285714285715,0.8071428571428572,0.0982142857142857
B3_lora,PhysionetMI,52,0.6861538461538461,0.8661538461538463,0.18,0.7285714285714285,0.8535714285714284,0.12499999999999996
B3_lora,PhysionetMI,53,0.6901515151515152,0.9015151515151516,0.21136363636363634,0.7041501976284585,0.8988142292490119,0.19466403162055332
B3_lora,PhysionetMI,54,0.9363636363636363,0.8909090909090909,-0.0454545454545455,0.8905138339920949,0.8920948616600791,0.001581027667984198
B3_lora,PhysionetMI,55,0.825,0.8462121212121213,0.02121212121212118,0.8033596837944664,0.8990118577075099,0.09565217391304345
B3_lora,PhysionetMI,56,0.7075757575757576,0.8356060606060606,0.128030303030303,0.7675889328063241,0.884189723320158,0.11660079051383392
B3_lora,PhysionetMI,57,0.8901515151515152,0.949242424242424,0.059090909090908986,0.8809523809523808,0.931547619047619,0.05059523809523806
B3_lora,PhysionetMI,58,0.8130769230769233,0.8161538461538462,0.0030769230769230604,0.8464285714285715,0.806547619047619,-0.0398809523809524
B3_lora,PhysionetMI,59,0.7454545454545455,0.6659090909090909,-0.07954545454545454,0.7077380952380953,0.6958333333333333,-0.011904761904761921
B3_lora,PhysionetMI,60,0.8846153846153847,0.8884615384615385,0.0038461538461538407,0.7841897233201581,0.8237154150197629,0.03952569169960472
B3_lora,PhysionetMI,61,0.740151515151515,0.9545454545454547,0.21439393939393944,0.7737154150197629,0.9594861660079053,0.18577075098814222
B3_lora,PhysionetMI,62,0.9166666666666664,0.9583333333333333,0.04166666666666668,0.9565217391304348,0.9602766798418972,0.00375494071146244
B3_lora,PhysionetMI,63,0.7681818181818182,0.7287878787878788,-0.039393939393939356,0.6867588932806324,0.6822134387351778,-0.004545454545454542
B3_lora,PhysionetMI,64,0.7621212121212121,0.7621212121212122,2.2204460492503132e-17,0.7055335968379446,0.774901185770751,0.06936758893280634
B3_lora,PhysionetMI,65,0.8075757575757576,0.9242424242424242,0.11666666666666665,0.7642857142857142,0.8589285714285714,0.09464285714285711
B3_lora,PhysionetMI,66,0.7113636363636363,0.7704545454545455,0.059090909090909124,0.6221343873517787,0.6875494071146245,0.06541501976284578
B3_lora,PhysionetMI,67,0.7416666666666667,0.7916666666666666,0.04999999999999994,0.666798418972332,0.7233201581027668,0.056521739130434755
B3_lora,PhysionetMI,68,0.6946969696969697,0.6727272727272727,-0.021969696969696962,0.749802371541502,0.7523715415019763,0.0025691699604743212
B3_lora,PhysionetMI,69,0.6369230769230769,0.8284615384615386,0.1915384615384615,0.6321428571428571,0.8172619047619047,0.18511904761904757
B3_lora,PhysionetMI,70,0.8007575757575758,0.9659090909090908,0.165151515151515,0.8098814229249012,0.9602766798418972,0.15039525691699607
B3_lora,PhysionetMI,71,0.8159090909090908,0.9143939393939393,0.09848484848484843,0.8422924901185771,0.9383399209486166,0.09604743083003951
B3_lora,PhysionetMI,72,0.9272727272727274,1.0,0.07272727272727267,0.940909090909091,0.9954545454545454,0.05454545454545447
B3_lora,PhysionetMI,73,0.6462121212121212,0.7568181818181818,0.11060606060606062,0.7468379446640316,0.848814229249012,0.1019762845849802
B3_lora,PhysionetMI,74,0.6568181818181819,0.7575757575757576,0.10075757575757578,0.7291666666666667,0.780952380952381,0.05178571428571421
B3_lora,PhysionetMI,75,0.409090909090909,0.6606060606060606,0.2515151515151515,0.49446640316205526,0.6772727272727272,0.18280632411067194
B3_lora,PhysionetMI,76,0.5151515151515151,0.5515151515151515,0.03636363636363638,0.6395256916996048,0.6,-0.03952569169960478
B3_lora,PhysionetMI,77,0.5984848484848484,0.6037878787878788,0.0053030303030303216,0.6255952380952381,0.6952380952380952,0.06964285714285708
B3_lora,PhysionetMI,78,0.5007575757575757,0.5621212121212121,0.06136363636363633,0.5081027667984189,0.541501976284585,0.03339920948616596
B3_lora,PhysionetMI,79,0.65,0.7515151515151516,0.10151515151515152,0.649802371541502,0.7440711462450593,0.09426877470355732
B3_lora,PhysionetMI,80,0.8076923076923077,0.7907692307692308,-0.01692307692307686,0.7215415019762845,0.6859683794466404,-0.035573122529644195
B3_lora,PhysionetMI,81,0.7439393939393939,0.8704545454545455,0.12651515151515147,0.7492094861660079,0.8891304347826086,0.1399209486166007
B3_lora,PhysionetMI,82,0.6537878787878788,0.8113636363636363,0.15757575757575756,0.7140316205533597,0.7984189723320159,0.08438735177865608
B3_lora,PhysionetMI,83,0.6892307692307693,0.7215384615384616,0.03230769230769236,0.5498023715415019,0.6375494071146245,0.08774703557312248
B3_lora,PhysionetMI,84,0.8583333333333334,0.8825757575757576,0.024242424242424218,0.7345849802371541,0.8298418972332016,0.09525691699604738
B3_lora,PhysionetMI,85,0.6727272727272727,0.8878787878787879,0.21515151515151515,0.6986166007905139,0.8401185770750988,0.1415019762845849
B3_lora,PhysionetMI,86,0.8538461538461538,0.9846153846153847,0.13076923076923075,0.8739130434782609,0.9913043478260869,0.11739130434782599
B3_lora,PhysionetMI,87,0.6196969696969696,0.6303030303030303,0.01060606060606056,0.5717391304347826,0.5970355731225296,0.025296442687747
B3_lora,PhysionetMI,90,0.7621212121212121,0.8727272727272727,0.11060606060606056,0.7877470355731225,0.8901185770750988,0.10237154150197625
B3_lora,PhysionetMI,91,0.6924242424242424,0.9166666666666666,0.22424242424242422,0.7061264822134387,0.8990118577075099,0.19288537549407123
B3_lora,PhysionetMI,93,0.7174242424242424,0.7886363636363637,0.07121212121212117,0.7310276679841897,0.7881422924901186,0.05711462450592878
B3_lora,PhysionetMI,94,0.6962121212121213,0.7954545454545455,0.0992424242424242,0.6492094861660079,0.825098814229249,0.17588932806324106
B3_lora,PhysionetMI,95,0.6138461538461538,0.6515384615384615,0.0376923076923077,0.7013833992094861,0.7632411067193676,0.06185770750988142
B3_lora,PhysionetMI,96,0.7507575757575757,0.8583333333333332,0.10757575757575752,0.7343873517786561,0.8869565217391304,0.15256916996047423
B3_lora,PhysionetMI,97,0.7621212121212121,0.7696969696969697,0.007575757575757518,0.7304347826086957,0.7800395256916997,0.04960474308300394
B3_lora,PhysionetMI,98,0.4446969696969697,0.4621212121212121,0.0174242424242424,0.5713438735177865,0.6602766798418973,0.08893280632411063
B3_lora,PhysionetMI,99,0.5424242424242424,0.6151515151515151,0.07272727272727272,0.5667984189723321,0.6440711462450592,0.0772727272727272
B3_lora,PhysionetMI,101,0.826153846153846,0.8976923076923077,0.07153846153846152,0.8385375494071147,0.908498023715415,0.06996047430830035
B3_lora,PhysionetMI,102,0.6439393939393939,0.7416666666666667,0.09772727272727272,0.6988142292490118,0.7845849802371541,0.08577075098814227
B3_lora,PhysionetMI,103,0.6795454545454545,0.8575757575757577,0.17803030303030307,0.6841897233201581,0.7922924901185772,0.10810276679841893
B3_lora,PhysionetMI,105,0.834848484848485,0.9068181818181819,0.07196969696969692,0.8215415019762846,0.9337944664031621,0.11225296442687746
B3_lora,PhysionetMI,107,0.4537878787878788,0.5553030303030303,0.10151515151515149,0.5916666666666666,0.7011904761904761,0.10952380952380951
B3_lora,PhysionetMI,108,0.7219696969696969,0.8537878787878788,0.13181818181818178,0.7563241106719367,0.8616600790513834,0.10533596837944659
B3_lora,PhysionetMI,109,0.6303030303030303,0.6537878787878788,0.023484848484848497,0.6460474308300396,0.6634387351778657,0.01739130434782614
B4_film,Cho2017,1,0.596,0.568,-0.02799999999999998,0.6020000000000001,0.5589999999999999,-0.043000000000000003
B4_film,Cho2017,2,0.528,0.5,-0.028000000000000004,0.512,0.511,-0.00099999999999998
B4_film,Cho2017,3,0.702,0.544,-0.15799999999999995,0.7,0.542,-0.15799999999999997
B4_film,Cho2017,4,0.65,0.5599999999999999,-0.09,0.637,0.557,-0.07999999999999996
B4_film,Cho2017,5,0.986,0.9960000000000001,0.01,0.976,0.9890000000000001,0.013000000000000001
B4_film,Cho2017,6,0.828,0.742,-0.08599999999999995,0.8240000000000001,0.742,-0.08199999999999996
B4_film,Cho2017,7,0.5966666666666667,0.4933333333333333,-0.1033333333333333,0.5841666666666667,0.4966666666666666,-0.08749999999999994
B4_film,Cho2017,8,0.554,0.542,-0.012000000000000021,0.5589999999999999,0.546,-0.01299999999999996
B4_film,Cho2017,9,0.5549999999999999,0.5,-0.05499999999999996,0.5683333333333334,0.505,-0.06333333333333328
B4_film,Cho2017,10,0.604,0.516,-0.08799999999999993,0.626,0.53,-0.09599999999999995
B4_film,Cho2017,11,0.5900000000000001,0.5740000000000001,-0.01600000000000004,0.546,0.542,-0.003999999999999979
B4_film,Cho2017,12,0.54,0.488,-0.052000000000000005,0.624,0.529,-0.09499999999999995
B4_film,Cho2017,13,0.8220000000000001,0.602,-0.21999999999999997,0.753,0.563,-0.19
B4_film,Cho2017,14,0.784,0.644,-0.13999999999999996,0.7769999999999999,0.648,-0.12899999999999992
B4_film,Cho2017,15,0.5940000000000001,0.52,-0.07399999999999997,0.576,0.5439999999999999,-0.032
B4_film,Cho2017,16,0.634,0.58,-0.05399999999999996,0.591,0.557,-0.03399999999999998
B4_film,Cho2017,17,0.49399999999999994,0.506,0.012,0.505,0.49800000000000005,-0.00699999999999998
B4_film,Cho2017,18,0.614,0.55,-0.06399999999999997,0.585,0.538,-0.04699999999999998
B4_film,Cho2017,19,0.51,0.502,-0.007999999999999998,0.544,0.532,-0.012
B4_film,Cho2017,20,0.556,0.55,-0.006000000000000022,0.572,0.541,-0.03099999999999998
B4_film,Cho2017,21,0.546,0.53,-0.01599999999999998,0.524,0.526,0.0020000000000000005
B4_film,Cho2017,22,0.636,0.584,-0.05199999999999998,0.591,0.531,-0.05999999999999996
B4_film,Cho2017,23,0.5559999999999999,0.512,-0.04399999999999994,0.6799999999999999,0.605,-0.07499999999999996
B4_film,Cho2017,24,0.54,0.48599999999999993,-0.05399999999999996,0.549,0.499,-0.04999999999999996
B4_film,Cho2017,25,0.628,0.512,-0.11599999999999996,0.594,0.501,-0.09299999999999992
B4_film,Cho2017,26,0.9879999999999999,0.9879999999999999,0.0,0.9629999999999999,0.9549999999999998,-0.00800000000000004
B4_film,Cho2017,27,0.576,0.51,-0.06599999999999996,0.546,0.509,-0.037
B4_film,Cho2017,28,0.5,0.504,0.004000000000000022,0.516,0.523,0.006999999999999981
B4_film,Cho2017,29,0.532,0.458,-0.07399999999999995,0.49400000000000005,0.469,-0.02499999999999998
B4_film,Cho2017,30,0.6759999999999999,0.55,-0.12599999999999995,0.607,0.54,-0.06699999999999998
B4_film,Cho2017,31,0.518,0.504,-0.014000000000000002,0.497,0.496,-0.0009999999999999998
B4_film,Cho2017,32,0.49800000000000005,0.508,0.01,0.512,0.504,-0.00799999999999996
B4_film,Cho2017,33,0.522,0.51,-0.012,0.52,0.525,0.005
B4_film,Cho2017,34,0.5700000000000001,0.54,-0.02999999999999998,0.541,0.516,-0.02499999999999996
B4_film,Cho2017,35,0.374,0.496,0.12199999999999997,0.488,0.528,0.03999999999999996
B4_film,Cho2017,36,0.554,0.49800000000000005,-0.055999999999999994,0.565,0.511,-0.05399999999999992
B4_film,Cho2017,37,0.882,0.788,-0.09399999999999996,0.779,0.701,-0.07799999999999999
B4_film,Cho2017,38,0.544,0.502,-0.042,0.568,0.528,-0.03999999999999996
B4_film,Cho2017,39,0.6,0.528,-0.07199999999999995,0.6599999999999999,0.584,-0.07599999999999996
B4_film,Cho2017,40,0.516,0.49000000000000005,-0.026000000000000002,0.554,0.5109999999999999,-0.04299999999999998
B4_film,Cho2017,41,0.648,0.518,-0.12999999999999995,0.643,0.53,-0.11299999999999999
B4_film,Cho2017,42,0.562,0.538,-0.024,0.544,0.54,-0.003999999999999999
B4_film,Cho2017,43,1.0,0.9960000000000001,-0.004,0.9789999999999999,0.961,-0.01799999999999998
B4_film,Cho2017,44,0.95,0.9039999999999999,-0.04599999999999998,0.898,0.867,-0.030999999999999944
B4_film,Cho2017,45,0.516,0.524,0.008000000000000002,0.522,0.519,-0.003000000000000001
B4_film,Cho2017,46,0.5650000000000001,0.5266666666666666,-0.0383333333333333,0.5566666666666666,0.5333333333333333,-0.0233333333333333
B4_film,Cho2017,47,0.7979999999999999,0.6679999999999999,-0.12999999999999998,0.749,0.642,-0.10699999999999998
B4_film,Cho2017,48,0.6679999999999999,0.5980000000000001,-0.06999999999999995,0.6689999999999999,0.631,-0.03799999999999998
B4_film,Cho2017,49,1.0,0.966,-0.034,0.898,0.8619999999999999,-0.03600000000000002
B4_film,Cho2017,50,0.9720000000000001,0.8460000000000001,-0.12599999999999995,0.975,0.857,-0.11799999999999997
B4_film,Cho2017,51,0.65,0.5940000000000001,-0.05599999999999992,0.597,0.5650000000000001,-0.03199999999999996
B4_film,Cho2017,52,0.5740000000000001,0.558,-0.016000000000000004,0.579,0.541,-0.038
B4_film,Dreyer2023,1,0.7833333333333334,0.8566666666666667,0.07333333333333328,0.8141666666666667,0.8550000000000001,0.04083333333333332
B4_film,Dreyer2023,2,0.58,0.6016666666666667,0.02166666666666664,0.6208333333333333,0.6224999999999999,0.0016666666666667039
B4_film,Dreyer2023,3,0.6583333333333334,0.7766666666666666,0.11833333333333326,0.6841666666666667,0.8,0.11583333333333332
B4_film,Dreyer2023,5,0.775,0.7966666666666666,0.02166666666666662,0.7525000000000001,0.8058333333333334,0.0533333333333333
B4_film,Dreyer2023,6,0.72,0.7183333333333334,-0.0016666666666666607,0.7033333333333334,0.7091666666666667,0.005833333333333301
B4_film,Dreyer2023,7,0.8966666666666667,0.9366666666666668,0.04,0.8825,0.9408333333333333,0.05833333333333328
B4_film,Dreyer2023,8,0.7300000000000001,0.7550000000000001,0.02499999999999998,0.7441666666666666,0.745,0.0008333333333333401
B4_film,Dreyer2023,10,0.8,0.825,0.024999999999999942,0.8091666666666667,0.8441666666666666,0.03499999999999994
B4_film,Dreyer2023,11,0.5666666666666667,0.6116666666666667,0.044999999999999964,0.5841666666666667,0.6116666666666667,0.027500000000000004
B4_film,Dreyer2023,12,0.8066666666666666,0.85,0.04333333333333328,0.7616666666666666,0.8358333333333334,0.07416666666666666
B4_film,Dreyer2023,13,0.6883333333333334,0.7,0.01166666666666662,0.7333333333333334,0.7575,0.0241666666666666
B4_film,Dreyer2023,14,0.6316666666666666,0.6466666666666667,0.015000000000000019,0.645,0.6458333333333334,0.0008333333333333012
B4_film,Dreyer2023,15,0.8133333333333332,0.8616666666666667,0.04833333333333326,0.8366666666666667,0.8741666666666668,0.0375
B4_film,Dreyer2023,16,0.7833333333333333,0.8016666666666665,0.018333333333333302,0.7633333333333333,0.8125,0.049166666666666636
B4_film,Dreyer2023,18,0.7783333333333333,0.8466666666666667,0.06833333333333334,0.7675,0.8558333333333333,0.08833333333333329
B4_film,Dreyer2023,19,0.8116666666666668,0.8266666666666665,0.015,0.7925000000000001,0.8116666666666668,0.019166666666666644
B4_film,Dreyer2023,20,0.8066666666666666,0.79,-0.01666666666666668,0.78,0.7766666666666667,-0.003333333333333277
B4_film,Dreyer2023,21,0.8266666666666668,0.9233333333333335,0.0966666666666666,0.865,0.9308333333333334,0.06583333333333327
B4_film,Dreyer2023,22,0.7783333333333333,0.8550000000000001,0.07666666666666662,0.7849999999999999,0.8541666666666666,0.0691666666666666
B4_film,Dreyer2023,23,0.6733333333333333,0.7533333333333333,0.07999999999999999,0.6641666666666667,0.735,0.0708333333333333
B4_film,Dreyer2023,24,0.8483333333333334,0.8933333333333333,0.04499999999999992,0.8541666666666666,0.9008333333333333,0.04666666666666658
B4_film,Dreyer2023,25,0.6033333333333333,0.6083333333333333,0.005,0.6799999999999999,0.6950000000000001,0.014999999999999961
B4_film,Dreyer2023,26,0.6733333333333333,0.6916666666666667,0.018333333333333302,0.6233333333333333,0.6425,0.01916666666666664
B4_film,Dreyer2023,27,0.6883333333333332,0.7383333333333333,0.04999999999999996,0.6983333333333334,0.7583333333333334,0.05999999999999998
B4_film,Dreyer2023,28,0.7183333333333334,0.7016666666666667,-0.016666666666666698,0.6891666666666667,0.7016666666666667,0.012499999999999978
B4_film,Dreyer2023,30,0.63,0.7016666666666667,0.07166666666666663,0.6316666666666666,0.7241666666666666,0.09249999999999994
B4_film,Dreyer2023,31,0.75,0.8,0.04999999999999998,0.745,0.8058333333333334,0.06083333333333328
B4_film,Dreyer2023,32,0.6900000000000001,0.7516666666666667,0.06166666666666663,0.6925,0.7483333333333333,0.055833333333333277
B4_film,Dreyer2023,33,0.6483333333333333,0.6866666666666668,0.038333333333333296,0.6891666666666667,0.7066666666666667,0.01750000000000004
B4_film,Dreyer2023,34,0.7416666666666667,0.7916666666666667,0.04999999999999996,0.8333333333333334,0.8625,0.02916666666666664
B4_film,Dreyer2023,35,0.6649999999999999,0.74,0.07499999999999998,0.7291666666666667,0.7816666666666666,0.052499999999999915
B4_film,Dreyer2023,36,0.7016666666666667,0.7133333333333333,0.01166666666666666,0.7416666666666667,0.755,0.0133333333333333
B4_film,Dreyer2023,37,0.6333333333333333,0.67,0.03666666666666666,0.645,0.6791666666666667,0.03416666666666664
B4_film,Dreyer2023,38,0.7283333333333333,0.8033333333333333,0.07499999999999998,0.7741666666666667,0.8233333333333333,0.04916666666666652
B4_film,Dreyer2023,39,0.8966666666666667,0.8800000000000001,-0.0166666666666666,0.8724999999999999,0.8625,-0.009999999999999998
B4_film,Dreyer2023,40,0.6948275862068967,0.789655172413793,0.09482758620689649,0.7552780255724055,0.8178709485578353,0.06259292298542965
B4_film,Dreyer2023,42,0.615,0.6599999999999999,0.04499999999999994,0.6175,0.6766666666666666,0.059166666666666576
B4_film,Dreyer2023,43,0.805,0.8550000000000001,0.04999999999999996,0.8591666666666666,0.9016666666666666,0.04249999999999994
B4_film,Dreyer2023,44,0.6216666666666667,0.6533333333333333,0.03166666666666666,0.6058333333333333,0.62,0.01416666666666666
B4_film,Dreyer2023,45,0.6783333333333333,0.6933333333333334,0.015000000000000022,0.6725,0.6683333333333333,-0.0041666666666666805
B4_film,Dreyer2023,46,0.6916666666666667,0.6866666666666668,-0.004999999999999981,0.6933333333333334,0.7133333333333334,0.02000000000000002
B4_film,Dreyer2023,47,0.735,0.8550000000000001,0.11999999999999997,0.7266666666666667,0.8383333333333333,0.11166666666666662
B4_film,Dreyer2023,48,0.64,0.645,0.004999999999999979,0.6425,0.6508333333333334,0.00833333333333336
B4_film,Dreyer2023,49,0.6966666666666667,0.735,0.0383333333333333,0.6783333333333333,0.7325,0.05416666666666664
B4_film,Dreyer2023,50,0.5700000000000001,0.6016666666666667,0.03166666666666664,0.6041666666666667,0.62,0.01583333333333328
B4_film,Dreyer2023,51,0.7066666666666667,0.7366666666666667,0.029999999999999978,0.7125,0.7516666666666667,0.039166666666666676
B4_film,Dreyer2023,52,0.7033333333333334,0.7483333333333333,0.045,0.7075,0.7558333333333334,0.048333333333333284
B4_film,Dreyer2023,53,0.6916666666666667,0.7449999999999999,0.053333333333333274,0.6716666666666666,0.7458333333333333,0.07416666666666664
B4_film,Dreyer2023,54,0.6683333333333333,0.7266666666666667,0.058333333333333334,0.6441666666666667,0.6816666666666666,0.03749999999999998
B4_film,Dreyer2023,55,0.8916666666666666,0.8933333333333333,0.0016666666666666605,0.865,0.8724999999999999,0.00749999999999994
B4_film,Dreyer2023,56,0.8866666666666667,0.9283333333333331,0.041666666666666616,0.8916666666666666,0.89,-0.0016666666666666197
B4_film,Dreyer2023,57,0.5766666666666667,0.6116666666666667,0.03499999999999998,0.5666666666666667,0.5941666666666666,0.02749999999999996
B4_film,Dreyer2023,58,0.8916666666666666,0.8916666666666666,1.9428902930940238e-17,0.8625,0.8808333333333334,0.01833333333333326
B4_film,Dreyer2023,59,0.7275,0.77,0.04249999999999998,0.7775,0.8300000000000001,0.052500000000000005
B4_film,Dreyer2023,60,0.6950000000000001,0.7616666666666666,0.06666666666666658,0.7150000000000001,0.7516666666666667,0.03666666666666664
B4_film,Dreyer2023,61,0.7683333333333333,0.8116666666666668,0.04333333333333328,0.7525000000000001,0.8158333333333333,0.06333333333333328
B4_film,Dreyer2023,62,0.7233333333333334,0.6916666666666667,-0.03166666666666666,0.7300000000000001,0.7224999999999999,-0.00750000000000008
B4_film,Dreyer2023,63,0.6416666666666666,0.72,0.07833333333333328,0.6308333333333334,0.7233333333333334,0.09249999999999996
B4_film,Dreyer2023,64,0.6466666666666667,0.705,0.05833333333333328,0.6483333333333332,0.71,0.06166666666666668
B4_film,Dreyer2023,65,0.8183333333333334,0.8,-0.01833333333333332,0.765,0.7866666666666667,0.021666666666666702
B4_film,Dreyer2023,66,0.665,0.7116666666666667,0.04666666666666662,0.6408333333333334,0.6883333333333332,0.047499999999999966
B4_film,Dreyer2023,67,0.735,0.7483333333333333,0.013333333333333319,0.7233333333333334,0.7883333333333333,0.06499999999999995
B4_film,Dreyer2023,68,0.605,0.64,0.03499999999999998,0.6275000000000001,0.6566666666666666,0.02916666666666662
B4_film,Dreyer2023,69,0.7483333333333333,0.8216666666666667,0.07333333333333329,0.7633333333333333,0.8025,0.03916666666666664
B4_film,Dreyer2023,70,0.48166666666666663,0.595,0.11333333333333333,0.5716666666666667,0.6516666666666666,0.07999999999999993
B4_film,Dreyer2023,71,0.6816666666666666,0.7849999999999999,0.10333333333333328,0.7366666666666666,0.8025,0.06583333333333333
B4_film,Dreyer2023,72,0.6616666666666667,0.67,0.008333333333333299,0.6916666666666667,0.7075,0.01583333333333334
B4_film,Dreyer2023,73,0.6283333333333333,0.7083333333333334,0.07999999999999999,0.6725,0.735,0.06250000000000003
B4_film,Dreyer2023,74,0.635,0.7216666666666667,0.08666666666666661,0.6483333333333333,0.6983333333333334,0.04999999999999994
B4_film,Dreyer2023,75,0.7183333333333334,0.7233333333333334,0.004999999999999979,0.6991666666666667,0.7191666666666666,0.01999999999999996
B4_film,Dreyer2023,76,0.7983333333333333,0.7716666666666667,-0.026666666666666616,0.7891666666666667,0.7525000000000001,-0.036666666666666604
B4_film,Dreyer2023,77,0.735,0.7816666666666666,0.04666666666666668,0.6958333333333334,0.745,0.04916666666666658
B4_film,Dreyer2023,80,0.5700000000000001,0.6633333333333333,0.09333333333333324,0.6174999999999999,0.6516666666666666,0.0341666666666666
B4_film,Dreyer2023,81,0.7150000000000001,0.7616666666666667,0.04666666666666662,0.675,0.7583333333333334,0.08333333333333329
B4_film,Dreyer2023,82,0.78,0.7583333333333333,-0.021666666666666702,0.7466666666666667,0.7716666666666667,0.02499999999999996
B4_film,Dreyer2023,83,0.6066666666666667,0.6316666666666666,0.025,0.575,0.5966666666666667,0.02166666666666662
B4_film,Dreyer2023,84,0.735,0.7583333333333333,0.023333333333333324,0.71,0.7208333333333333,0.010833333333333278
B4_film,Dreyer2023,85,0.6916666666666667,0.6733333333333333,-0.01833333333333332,0.7075,0.67,-0.03749999999999998
B4_film,Dreyer2023,86,0.7116666666666667,0.7616666666666666,0.04999999999999992,0.7383333333333333,0.7649999999999999,0.0266666666666666
B4_film,Dreyer2023,87,0.7416666666666667,0.7983333333333333,0.0566666666666666,0.7433333333333334,0.7991666666666666,0.055833333333333277
B4_film,PhysionetMI,1,0.781060606060606,0.8424242424242424,0.0613636363636363,0.7861660079051384,0.86699604743083,0.08083003952569164
B4_film,PhysionetMI,2,0.8115384615384615,0.9138461538461538,0.10230769230769228,0.7349802371541502,0.9286561264822135,0.19367588932806318
B4_film,PhysionetMI,3,0.8568181818181818,0.9492424242424242,0.09242424242424233,0.8482213438735178,0.9369565217391305,0.08873517786561265
B4_film,PhysionetMI,4,0.8219696969696969,0.9196969696969697,0.09772727272727277,0.7990118577075098,0.9077075098814229,0.10869565217391304
B4_film,PhysionetMI,5,0.6477272727272727,0.6954545454545455,0.0477272727272727,0.5916666666666666,0.6470238095238094,0.055357142857142806
B4_film,PhysionetMI,6,0.7575757575757576,0.8363636363636365,0.07878787878787882,0.738095238095238,0.7916666666666667,0.05357142857142858
B4_film,PhysionetMI,7,0.9053030303030303,0.9575757575757576,0.05227272727272725,0.8401185770750988,0.9201581027667984,0.08003952569169955
B4_film,PhysionetMI,8,0.7560606060606061,0.8318181818181818,0.07575757575757576,0.6879446640316205,0.7691699604743083,0.0812252964426877
B4_film,PhysionetMI,9,0.7930769230769231,0.8776923076923075,0.08461538461538462,0.6851190476190476,0.85,0.16488095238095232
B4_film,PhysionetMI,10,0.5976923076923077,0.6107692307692307,0.01307692307692308,0.6726190476190477,0.6732142857142858,0.0005952380952381229
B4_film,PhysionetMI,11,0.6227272727272727,0.7007575757575758,0.07803030303030303,0.6841897233201581,0.7158102766798419,0.03162055335968382
B4_film,PhysionetMI,12,0.8219696969696969,0.8651515151515152,0.043181818181818196,0.8202380952380952,0.8523809523809524,0.03214285714285712
B4_film,PhysionetMI,13,0.5409090909090908,0.7856060606060606,0.24469696969696972,0.6519762845849802,0.758300395256917,0.10632411067193673
B4_film,PhysionetMI,14,0.7045454545454545,0.7166666666666667,0.012121212121212139,0.674901185770751,0.6458498023715415,-0.029051383399209485
B4_film,PhysionetMI,15,0.8784615384615385,0.9053846153846156,0.0269230769230769,0.8013833992094861,0.841897233201581,0.040513833992094864
B4_film,PhysionetMI,16,0.4954545454545455,0.6212121212121212,0.1257575757575757,0.6760869565217391,0.725889328063241,0.04980237154150192
B4_film,PhysionetMI,17,0.6825757575757576,0.8795454545454546,0.19696969696969696,0.7320158102766798,0.8893280632411068,0.15731225296442686
B4_film,PhysionetMI,18,0.9462121212121211,0.9462121212121213,0.0,0.9187747035573123,0.9640316205533598,0.04525691699604746
B4_film,PhysionetMI,19,0.8363636363636363,0.865909090909091,0.02954545454545454,0.7780632411067193,0.8389328063241106,0.060869565217391265
B4_film,PhysionetMI,20,0.7954545454545455,0.8151515151515152,0.019696969696969702,0.809288537549407,0.8656126482213438,0.056324110671936725
B4_film,PhysionetMI,21,0.4045454545454545,0.7196969696969697,0.31515151515151507,0.5023809523809524,0.6958333333333333,0.19345238095238093
B4_film,PhysionetMI,22,0.8583333333333334,0.9303030303030303,0.07196969696969693,0.8588932806324111,0.9555335968379447,0.09664031620553362
B4_film,PhysionetMI,23,0.6046153846153846,0.7646153846153847,0.15999999999999995,0.6377470355731225,0.7610671936758894,0.12332015810276675
B4_film,PhysionetMI,24,0.6053030303030302,0.7378787878787879,0.1325757575757576,0.6462450592885375,0.7555335968379446,0.10928853754940708
B4_film,PhysionetMI,25,0.6227272727272728,0.5856060606060606,-0.03712121212121214,0.6227272727272727,0.5741106719367589,-0.04861660079051382
B4_film,PhysionetMI,26,0.5453846153846154,0.6130769230769231,0.06769230769230772,0.5708333333333333,0.6619047619047619,0.09107142857142854
B4_film,PhysionetMI,27,0.7234848484848485,0.8257575757575758,0.10227272727272721,0.7784584980237155,0.8588932806324111,0.08043478260869562
B4_film,PhysionetMI,28,0.7727272727272727,0.7643939393939394,-0.008333333333333299,0.8088932806324112,0.8298418972332016,0.02094861660079048
B4_film,PhysionetMI,29,0.8106060606060606,0.7825757575757576,-0.028030303030302982,0.8474308300395258,0.8128458498023715,-0.03458498023715412
B4_film,PhysionetMI,30,0.8378787878787879,0.8757575757575757,0.03787878787878788,0.7678571428571429,0.8327380952380953,0.06488095238095233
B4_film,PhysionetMI,31,0.45378787878787874,0.7477272727272727,0.2939393939393939,0.5071146245059288,0.7903162055335968,0.28320158102766796
B4_film,PhysionetMI,32,0.7892307692307693,0.946923076923077,0.15769230769230763,0.7363095238095239,0.9470238095238095,0.21071428571428563
B4_film,PhysionetMI,33,0.9303030303030303,0.8856060606060607,-0.04469696969696966,0.9067193675889328,0.8434782608695652,-0.06324110671936753
B4_film,PhysionetMI,34,0.8492307692307692,0.7707692307692308,-0.07846153846153842,0.8065476190476192,0.8107142857142857,0.0041666666666666016
B4_film,PhysionetMI,35,0.7340909090909091,0.7871212121212121,0.053030303030303004,0.7928853754940711,0.8300395256916996,0.037154150197628376
B4_film,PhysionetMI,36,0.6401515151515152,0.8553030303030302,0.2151515151515151,0.6365612648221344,0.8077075098814228,0.17114624505928852
B4_film,PhysionetMI,37,0.6507575757575758,0.6712121212121213,0.02045454545454544,0.6865612648221344,0.6743083003952569,-0.012252964426877459
B4_film,PhysionetMI,38,0.44696969696969696,0.3977272727272727,-0.0492424242424242,0.5270750988142292,0.4988142292490118,-0.02826086956521734
B4_film,PhysionetMI,39,0.7431818181818182,0.693939393939394,-0.049242424242424185,0.8017786561264822,0.7843873517786562,-0.01739130434782612
B4_film,PhysionetMI,40,0.6901515151515152,0.8643939393939395,0.1742424242424242,0.7470238095238095,0.8410714285714285,0.094047619047619
B4_film,PhysionetMI,41,0.9292307692307693,0.9692307692307693,0.03999999999999996,0.7357142857142857,0.8369047619047618,0.10119047619047614
B4_film,PhysionetMI,42,0.9030303030303031,0.8901515151515152,-0.012878787878787901,0.9106719367588934,0.8982213438735178,-0.012450592885375419
B4_film,PhysionetMI,43,0.5484848484848486,0.7712121212121212,0.22272727272727266,0.6713438735177866,0.8464426877470356,0.17509881422924897
B4_film,PhysionetMI,44,0.8219696969696969,0.8939393939393939,0.07196969696969696,0.8478260869565217,0.8452569169960474,-0.0025691699604743394
B4_film,PhysionetMI,45,0.5954545454545455,0.7181818181818181,0.12272727272727268,0.667588932806324,0.7851778656126482,0.1175889328063241
B4_film,PhysionetMI,46,0.7083333333333334,0.7507575757575757,0.0424242424242424,0.7454545454545455,0.7555335968379446,0.010079051383399202
B4_film,PhysionetMI,47,0.6954545454545455,0.728030303030303,0.032575757575757563,0.7113095238095238,0.7053571428571429,-0.005952380952380922
B4_film,PhysionetMI,48,0.8469696969696969,0.9643939393939395,0.11742424242424239,0.8642292490118578,0.9687747035573123,0.10454545454545452
B4_film,PhysionetMI,49,0.5431818181818182,0.7340909090909091,0.19090909090909086,0.5592885375494071,0.7347826086956522,0.175494071146245
B4_film,PhysionetMI,50,0.7439393939393939,0.7075757575757576,-0.0363636363636363,0.8110671936758893,0.7474308300395257,-0.0636363636363636
B4_film,PhysionetMI,51,0.7439393939393939,0.8022727272727274,0.05833333333333335,0.7089285714285715,0.7827380952380952,0.07380952380952376
B4_film,PhysionetMI,52,0.6861538461538461,0.8138461538461538,0.12769230769230772,0.7285714285714285,0.8255952380952382,0.0970238095238095
B4_film,PhysionetMI,53,0.6901515151515152,0.8128787878787879,0.12272727272727275,0.7041501976284585,0.7581027667984189,0.05395256916996048
B4_film,PhysionetMI,54,0.9363636363636363,0.8787878787878789,-0.05757575757575758,0.8905138339920949,0.8980237154150197,0.00750988142292492
B4_film,PhysionetMI,55,0.825,0.8621212121212121,0.037121212121212124,0.8033596837944664,0.9118577075098815,0.10849802371541498
B4_film,PhysionetMI,56,0.7075757575757576,0.8522727272727273,0.14469696969696963,0.7675889328063241,0.86699604743083,0.09940711462450583
B4_film,PhysionetMI,57,0.8901515151515152,0.9499999999999998,0.05984848484848476,0.8809523809523808,0.9273809523809524,0.046428571428571444
B4_film,PhysionetMI,58,0.8130769230769233,0.7730769230769231,-0.04000000000000002,0.8464285714285715,0.7880952380952381,-0.05833333333333338
B4_film,PhysionetMI,59,0.7454545454545455,0.6310606060606061,-0.11439393939393935,0.7077380952380953,0.6922619047619047,-0.01547619047619046
B4_film,PhysionetMI,60,0.8846153846153847,0.8238461538461539,-0.06076923076923072,0.7841897233201581,0.7986166007905139,0.0144268774703557
B4_film,PhysionetMI,61,0.740151515151515,0.9363636363636363,0.19621212121212128,0.7737154150197629,0.9501976284584981,0.1764822134387351
B4_film,PhysionetMI,62,0.9166666666666664,0.9416666666666667,0.025000000000000043,0.9565217391304348,0.9476284584980237,-0.00889328063241108
B4_film,PhysionetMI,63,0.7681818181818182,0.775,0.006818181818181857,0.6867588932806324,0.7436758893280633,0.05691699604743082
B4_film,PhysionetMI,64,0.7621212121212121,0.6772727272727274,-0.08484848484848488,0.7055335968379446,0.7312252964426877,0.025691699604743056
B4_film,PhysionetMI,65,0.8075757575757576,0.8734848484848484,0.06590909090909086,0.7642857142857142,0.8095238095238095,0.04523809523809526
B4_film,PhysionetMI,66,0.7113636363636363,0.8090909090909092,0.09772727272727272,0.6221343873517787,0.7077075098814228,0.08557312252964418
B4_film,PhysionetMI,67,0.7416666666666667,0.8083333333333332,0.0666666666666666,0.666798418972332,0.7096837944664032,0.04288537549407108
B4_film,PhysionetMI,68,0.6946969696969697,0.7477272727272728,0.05303030303030302,0.749802371541502,0.7646245059288537,0.01482213438735174
B4_film,PhysionetMI,69,0.6369230769230769,0.6946153846153846,0.05769230769230762,0.6321428571428571,0.7136904761904762,0.08154761904761905
B4_film,PhysionetMI,70,0.8007575757575758,0.9219696969696969,0.12121212121212113,0.8098814229249012,0.9294466403162055,0.1195652173913044
B4_film,PhysionetMI,71,0.8159090909090908,0.9234848484848485,0.10757575757575755,0.8422924901185771,0.9294466403162055,0.08715415019762843
B4_film,PhysionetMI,72,0.9272727272727274,0.9727272727272727,0.04545454545454543,0.940909090909091,0.9681818181818181,0.027272727272727237
B4_film,PhysionetMI,73,0.6462121212121212,0.703030303030303,0.05681818181818182,0.7468379446640316,0.8035573122529645,0.05671936758893279
B4_film,PhysionetMI,74,0.6568181818181819,0.8022727272727274,0.14545454545454545,0.7291666666666667,0.8130952380952381,0.08392857142857137
B4_film,PhysionetMI,75,0.409090909090909,0.771969696969697,0.3628787878787879,0.49446640316205526,0.7383399209486166,0.24387351778656124
B4_film,PhysionetMI,76,0.5151515151515151,0.6113636363636363,0.0962121212121212,0.6395256916996048,0.6298418972332016,-0.009683794466403217
B4_film,PhysionetMI,77,0.5984848484848484,0.6219696969696968,0.02348484848484848,0.6255952380952381,0.7095238095238094,0.08392857142857137
B4_film,PhysionetMI,78,0.5007575757575757,0.49318181818181817,-0.007575757575757578,0.5081027667984189,0.5318181818181819,0.02371541501976284
B4_film,PhysionetMI,79,0.65,0.7848484848484849,0.13484848484848483,0.649802371541502,0.7347826086956522,0.08498023715415018
B4_film,PhysionetMI,80,0.8076923076923077,0.8653846153846153,0.05769230769230767,0.7215415019762845,0.6830039525691699,-0.03853754940711458
B4_film,PhysionetMI,81,0.7439393939393939,0.8530303030303031,0.10909090909090906,0.7492094861660079,0.8802371541501977,0.1310276679841897
B4_film,PhysionetMI,82,0.6537878787878788,0.8257575757575758,0.17196969696969697,0.7140316205533597,0.8055335968379447,0.09150197628458494
B4_film,PhysionetMI,83,0.6892307692307693,0.6992307692307692,0.01000000000000002,0.5498023715415019,0.6545454545454545,0.10474308300395259
B4_film,PhysionetMI,84,0.8583333333333334,0.8492424242424242,-0.00909090909090916,0.7345849802371541,0.8118577075098814,0.07727272727272728
B4_film,PhysionetMI,85,0.6727272727272727,0.8704545454545455,0.19772727272727267,0.6986166007905139,0.8492094861660078,0.15059288537549403
B4_film,PhysionetMI,86,0.8538461538461538,0.9592307692307692,0.10538461538461538,0.8739130434782609,0.9735177865612649,0.09960474308300385
B4_film,PhysionetMI,87,0.6196969696969696,0.5734848484848485,-0.0462121212121212,0.5717391304347826,0.5681818181818181,-0.003557312252964421
B4_film,PhysionetMI,90,0.7621212121212121,0.8583333333333334,0.09621212121212114,0.7877470355731225,0.907312252964427,0.11956521739130428
B4_film,PhysionetMI,91,0.6924242424242424,0.8803030303030303,0.18787878787878784,0.7061264822134387,0.8849802371541502,0.17885375494071148
B4_film,PhysionetMI,93,0.7174242424242424,0.728030303030303,0.01060606060606058,0.7310276679841897,0.7302371541501976,-0.0007905138339920597
B4_film,PhysionetMI,94,0.6962121212121213,0.7886363636363637,0.09242424242424235,0.6492094861660079,0.7974308300395256,0.1482213438735177
B4_film,PhysionetMI,95,0.6138461538461538,0.6815384615384615,0.06769230769230766,0.7013833992094861,0.7373517786561264,0.035968379446640296
B4_film,PhysionetMI,96,0.7507575757575757,0.8075757575757576,0.05681818181818175,0.7343873517786561,0.8563241106719367,0.12193675889328057
B4_film,PhysionetMI,97,0.7621212121212121,0.8007575757575758,0.03863636363636366,0.7304347826086957,0.7415019762845849,0.011067193675889323
B4_film,PhysionetMI,98,0.4446969696969697,0.4666666666666666,0.021969696969696962,0.5713438735177865,0.6389328063241106,0.06758893280632403
B4_film,PhysionetMI,99,0.5424242424242424,0.6113636363636363,0.06893939393939388,0.5667984189723321,0.642292490118577,0.07549407114624504
B4_film,PhysionetMI,101,0.826153846153846,0.8692307692307694,0.04307692307692304,0.8385375494071147,0.8782608695652174,0.03972332015810278
B4_film,PhysionetMI,102,0.6439393939393939,0.6242424242424243,-0.019696969696969678,0.6988142292490118,0.6895256916996046,-0.0092885375494071
B4_film,PhysionetMI,103,0.6795454545454545,0.8212121212121213,0.14166666666666666,0.6841897233201581,0.7752964426877471,0.09110671936758886
B4_film,PhysionetMI,105,0.834848484848485,0.925,0.09015151515151516,0.8215415019762846,0.9207509881422924,0.09920948616600786
B4_film,PhysionetMI,107,0.4537878787878788,0.5545454545454545,0.10075757575757571,0.5916666666666666,0.6928571428571428,0.10119047619047619
B4_film,PhysionetMI,108,0.7219696969696969,0.7878787878787878,0.06590909090909089,0.7563241106719367,0.8381422924901185,0.0818181818181818
B4_film,PhysionetMI,109,0.6303030303030303,0.5651515151515152,-0.06515151515151511,0.6460474308300396,0.5820158102766799,-0.06403162055335972
B4_lora,Cho2017,1,0.596,0.63,0.03399999999999996,0.6020000000000001,0.628,0.02599999999999996
B4_lora,Cho2017,2,0.528,0.518,-0.01,0.512,0.506,-0.006000000000000021
B4_lora,Cho2017,3,0.702,0.64,-0.06200000000000002,0.7,0.637,-0.06300000000000003
B4_lora,Cho2017,4,0.65,0.628,-0.02199999999999996,0.637,0.618,-0.019000000000000038
B4_lora,Cho2017,5,0.986,0.998,0.012,0.976,0.9869999999999999,0.011000000000000001
B4_lora,Cho2017,6,0.828,0.74,-0.08799999999999994,0.8240000000000001,0.732,-0.09199999999999994
B4_lora,Cho2017,7,0.5966666666666667,0.5133333333333333,-0.08333333333333326,0.5841666666666667,0.5066666666666666,-0.07749999999999996
B4_lora,Cho2017,8,0.554,0.532,-0.022,0.5589999999999999,0.545,-0.01399999999999994
B4_lora,Cho2017,9,0.5549999999999999,0.5366666666666667,-0.01833333333333332,0.5683333333333334,0.5325,-0.03583333333333336
B4_lora,Cho2017,10,0.604,0.5740000000000001,-0.029999999999999936,0.626,0.597,-0.02899999999999996
B4_lora,Cho2017,11,0.5900000000000001,0.592,0.00199999999999996,0.546,0.562,0.01599999999999996
B4_lora,Cho2017,12,0.54,0.522,-0.018,0.624,0.58,-0.04399999999999996
B4_lora,Cho2017,13,0.8220000000000001,0.8400000000000001,0.017999999999999978,0.753,0.8099999999999999,0.05699999999999998
B4_lora,Cho2017,14,0.784,0.716,-0.06799999999999998,0.7769999999999999,0.726,-0.050999999999999955
B4_lora,Cho2017,15,0.5940000000000001,0.51,-0.08399999999999999,0.576,0.536,-0.03999999999999998
B4_lora,Cho2017,16,0.634,0.608,-0.025999999999999957,0.591,0.586,-0.004999999999999998
B4_lora,Cho2017,17,0.49399999999999994,0.56,0.06599999999999998,0.505,0.539,0.034
B4_lora,Cho2017,18,0.614,0.6,-0.013999999999999938,0.585,0.6060000000000001,0.020999999999999998
B4_lora,Cho2017,19,0.51,0.508,-0.002000000000000001,0.544,0.538,-0.00600000000000002
B4_lora,Cho2017,20,0.556,0.556,2.0816681711721684e-18,0.572,0.58,0.007999999999999978
B4_lora,Cho2017,21,0.546,0.536,-0.009999999999999981,0.524,0.527,0.003
B4_lora,Cho2017,22,0.636,0.5980000000000001,-0.03799999999999996,0.591,0.5549999999999999,-0.03600000000000002
B4_lora,Cho2017,23,0.5559999999999999,0.5439999999999999,-0.011999999999999962,0.6799999999999999,0.617,-0.06299999999999994
B4_lora,Cho2017,24,0.54,0.49800000000000005,-0.04199999999999998,0.549,0.519,-0.02999999999999996
B4_lora,Cho2017,25,0.628,0.544,-0.08399999999999994,0.594,0.544,-0.04999999999999992
B4_lora,Cho2017,26,0.9879999999999999,0.99,0.002,0.9629999999999999,0.96,-0.003
B4_lora,Cho2017,27,0.576,0.558,-0.01799999999999998,0.546,0.529,-0.01699999999999998
B4_lora,Cho2017,28,0.5,0.578,0.07799999999999993,0.516,0.564,0.047999999999999945
B4_lora,Cho2017,29,0.532,0.484,-0.04799999999999996,0.49400000000000005,0.48900000000000005,-0.005
B4_lora,Cho2017,30,0.6759999999999999,0.646,-0.029999999999999923,0.607,0.605,-0.002000000000000041
B4_lora,Cho2017,31,0.518,0.54,0.02199999999999998,0.497,0.517,0.01999999999999997
B4_lora,Cho2017,32,0.49800000000000005,0.514,0.01599999999999998,0.512,0.533,0.021000000000000022
B4_lora,Cho2017,33,0.522,0.5860000000000001,0.06399999999999995,0.52,0.5740000000000001,0.05399999999999996
B4_lora,Cho2017,34,0.5700000000000001,0.552,-0.01799999999999998,0.541,0.545,0.004000000000000081
B4_lora,Cho2017,35,0.374,0.41200000000000003,0.03799999999999996,0.488,0.506,0.01799999999999996
B4_lora,Cho2017,36,0.554,0.516,-0.038,0.565,0.5269999999999999,-0.037999999999999944
B4_lora,Cho2017,37,0.882,0.8,-0.08199999999999999,0.779,0.734,-0.04499999999999995
B4_lora,Cho2017,38,0.544,0.576,0.03199999999999998,0.568,0.5810000000000001,0.013000000000000017
B4_lora,Cho2017,39,0.6,0.526,-0.07399999999999994,0.6599999999999999,0.599,-0.06099999999999994
B4_lora,Cho2017,40,0.516,0.508,-0.008000000000000021,0.554,0.5269999999999999,-0.02699999999999998
B4_lora,Cho2017,41,0.648,0.6060000000000001,-0.042,0.643,0.6020000000000001,-0.040999999999999995
B4_lora,Cho2017,42,0.562,0.534,-0.02799999999999998,0.544,0.517,-0.02699999999999998
B4_lora,Cho2017,43,1.0,0.898,-0.10200000000000001,0.9789999999999999,0.8779999999999999,-0.101
B4_lora,Cho2017,44,0.95,0.938,-0.012,0.898,0.907,0.00900000000000002
B4_lora,Cho2017,45,0.516,0.536,0.02,0.522,0.534,0.011999999999999959
B4_lora,Cho2017,46,0.5650000000000001,0.5433333333333333,-0.021666666666666657,0.5566666666666666,0.5325,-0.02416666666666666
B4_lora,Cho2017,47,0.7979999999999999,0.768,-0.02999999999999998,0.749,0.73,-0.019000000000000024
B4_lora,Cho2017,48,0.6679999999999999,0.666,-0.001999999999999981,0.6689999999999999,0.667,-0.0019999999999999797
B4_lora,Cho2017,49,1.0,0.8960000000000001,-0.10400000000000001,0.898,0.807,-0.09100000000000003
B4_lora,Cho2017,50,0.9720000000000001,0.9460000000000001,-0.025999999999999985,0.975,0.959,-0.015999999999999997
B4_lora,Cho2017,51,0.65,0.558,-0.09199999999999993,0.597,0.54,-0.0569999999999999
B4_lora,Cho2017,52,0.5740000000000001,0.592,0.018000000000000023,0.579,0.583,0.004000000000000023
B4_lora,Dreyer2023,1,0.7833333333333334,0.8800000000000001,0.09666666666666664,0.8141666666666667,0.8949999999999999,0.08083333333333328
B4_lora,Dreyer2023,2,0.58,0.6666666666666667,0.0866666666666666,0.6208333333333333,0.6983333333333334,0.0775
B4_lora,Dreyer2023,3,0.6583333333333334,0.82,0.16166666666666665,0.6841666666666667,0.8533333333333333,0.16916666666666663
B4_lora,Dreyer2023,5,0.775,0.885,0.1099999999999999,0.7525000000000001,0.8866666666666667,0.13416666666666663
B4_lora,Dreyer2023,6,0.72,0.77,0.049999999999999975,0.7033333333333334,0.765,0.061666666666666606
B4_lora,Dreyer2023,7,0.8966666666666667,0.9716666666666665,0.07499999999999991,0.8825,0.9824999999999999,0.1
B4_lora,Dreyer2023,8,0.7300000000000001,0.8333333333333334,0.10333333333333324,0.7441666666666666,0.8183333333333334,0.07416666666666663
B4_lora,Dreyer2023,10,0.8,0.9133333333333333,0.11333333333333324,0.8091666666666667,0.9266666666666667,0.11749999999999998
B4_lora,Dreyer2023,11,0.5666666666666667,0.6316666666666666,0.06499999999999996,0.5841666666666667,0.6275000000000001,0.04333333333333334
B4_lora,Dreyer2023,12,0.8066666666666666,0.9,0.09333333333333331,0.7616666666666666,0.8991666666666667,0.13749999999999996
B4_lora,Dreyer2023,13,0.6883333333333334,0.76,0.07166666666666664,0.7333333333333334,0.8300000000000001,0.09666666666666661
B4_lora,Dreyer2023,14,0.6316666666666666,0.6933333333333334,0.06166666666666666,0.645,0.6849999999999999,0.039999999999999904
B4_lora,Dreyer2023,15,0.8133333333333332,0.9216666666666666,0.10833333333333324,0.8366666666666667,0.9358333333333333,0.09916666666666664
B4_lora,Dreyer2023,16,0.7833333333333333,0.8216666666666667,0.038333333333333316,0.7633333333333333,0.8458333333333332,0.08249999999999996
B4_lora,Dreyer2023,18,0.7783333333333333,0.9016666666666666,0.12333333333333334,0.7675,0.8983333333333334,0.1308333333333333
B4_lora,Dreyer2023,19,0.8116666666666668,0.8966666666666667,0.08499999999999999,0.7925000000000001,0.8866666666666667,0.09416666666666662
B4_lora,Dreyer2023,20,0.8066666666666666,0.8883333333333333,0.0816666666666666,0.78,0.8541666666666666,0.0741666666666666
B4_lora,Dreyer2023,21,0.8266666666666668,0.9116666666666667,0.08499999999999994,0.865,0.9233333333333335,0.058333333333333307
B4_lora,Dreyer2023,22,0.7783333333333333,0.9266666666666665,0.1483333333333333,0.7849999999999999,0.9125,0.1275
B4_lora,Dreyer2023,23,0.6733333333333333,0.7333333333333333,0.06,0.6641666666666667,0.7483333333333333,0.08416666666666658
B4_lora,Dreyer2023,24,0.8483333333333334,0.9366666666666668,0.08833333333333326,0.8541666666666666,0.9316666666666666,0.07749999999999993
B4_lora,Dreyer2023,25,0.6033333333333333,0.6783333333333333,0.07499999999999998,0.6799999999999999,0.7666666666666666,0.08666666666666659
B4_lora,Dreyer2023,26,0.6733333333333333,0.7983333333333335,0.125,0.6233333333333333,0.7725,0.14916666666666661
B4_lora,Dreyer2023,27,0.6883333333333332,0.8016666666666665,0.11333333333333326,0.6983333333333334,0.8275,0.12916666666666665
B4_lora,Dreyer2023,28,0.7183333333333334,0.7699999999999999,0.05166666666666656,0.6891666666666667,0.7616666666666667,0.0725
B4_lora,Dreyer2023,30,0.63,0.7116666666666667,0.08166666666666668,0.6316666666666666,0.725,0.09333333333333334
B4_lora,Dreyer2023,31,0.75,0.8699999999999999,0.11999999999999997,0.745,0.8641666666666665,0.1191666666666666
B4_lora,Dreyer2023,32,0.6900000000000001,0.845,0.15499999999999997,0.6925,0.8316666666666667,0.13916666666666663
B4_lora,Dreyer2023,33,0.6483333333333333,0.79,0.1416666666666666,0.6891666666666667,0.8025,0.11333333333333329
B4_lora,Dreyer2023,34,0.7416666666666667,0.7966666666666666,0.05499999999999992,0.8333333333333334,0.8741666666666668,0.04083333333333328
B4_lora,Dreyer2023,35,0.6649999999999999,0.7516666666666667,0.08666666666666664,0.7291666666666667,0.7766666666666666,0.047499999999999945
B4_lora,Dreyer2023,36,0.7016666666666667,0.8066666666666666,0.10499999999999991,0.7416666666666667,0.85,0.10833333333333325
B4_lora,Dreyer2023,37,0.6333333333333333,0.7316666666666667,0.0983333333333333,0.645,0.7583333333333333,0.11333333333333326
B4_lora,Dreyer2023,38,0.7283333333333333,0.8533333333333333,0.12499999999999996,0.7741666666666667,0.8816666666666666,0.1074999999999999
B4_lora,Dreyer2023,39,0.8966666666666667,0.9166666666666666,0.02,0.8724999999999999,0.9083333333333334,0.035833333333333287
B4_lora,Dreyer2023,40,0.6948275862068967,0.85,0.15517241379310337,0.7552780255724055,0.8865744870651204,0.13129646149271484
B4_lora,Dreyer2023,42,0.615,0.7416666666666667,0.12666666666666665,0.6175,0.7591666666666667,0.14166666666666655
B4_lora,Dreyer2023,43,0.805,0.8883333333333333,0.08333333333333331,0.8591666666666666,0.9233333333333332,0.06416666666666661
B4_lora,Dreyer2023,44,0.6216666666666667,0.6466666666666667,0.025,0.6058333333333333,0.655,0.04916666666666662
B4_lora,Dreyer2023,45,0.6783333333333333,0.7466666666666667,0.06833333333333327,0.6725,0.7208333333333334,0.04833333333333334
B4_lora,Dreyer2023,46,0.6916666666666667,0.745,0.05333333333333332,0.6933333333333334,0.7699999999999999,0.07666666666666658
B4_lora,Dreyer2023,47,0.735,0.8983333333333334,0.1633333333333333,0.7266666666666667,0.8816666666666666,0.15500000000000003
B4_lora,Dreyer2023,48,0.64,0.665,0.02499999999999996,0.6425,0.6816666666666666,0.039166666666666614
B4_lora,Dreyer2023,49,0.6966666666666667,0.7866666666666666,0.08999999999999996,0.6783333333333333,0.7791666666666667,0.1008333333333333
B4_lora,Dreyer2023,50,0.5700000000000001,0.605,0.03499999999999994,0.6041666666666667,0.6383333333333333,0.0341666666666666
B4_lora,Dreyer2023,51,0.7066666666666667,0.7483333333333333,0.041666666666666664,0.7125,0.7766666666666666,0.06416666666666662
B4_lora,Dreyer2023,52,0.7033333333333334,0.8016666666666667,0.09833333333333336,0.7075,0.8025,0.09499999999999992
B4_lora,Dreyer2023,53,0.6916666666666667,0.7833333333333333,0.09166666666666662,0.6716666666666666,0.7949999999999999,0.1233333333333333
B4_lora,Dreyer2023,54,0.6683333333333333,0.7066666666666667,0.038333333333333316,0.6441666666666667,0.6916666666666667,0.04749999999999995
B4_lora,Dreyer2023,55,0.8916666666666666,0.9366666666666668,0.044999999999999964,0.865,0.925,0.059999999999999984
B4_lora,Dreyer2023,56,0.8866666666666667,0.9183333333333333,0.031666666666666635,0.8916666666666666,0.8975000000000002,0.00583333333333336
B4_lora,Dreyer2023,57,0.5766666666666667,0.6433333333333333,0.0666666666666666,0.5666666666666667,0.6125,0.04583333333333332
B4_lora,Dreyer2023,58,0.8916666666666666,0.9233333333333332,0.03166666666666664,0.8625,0.9291666666666666,0.06666666666666658
B4_lora,Dreyer2023,59,0.7275,0.7775000000000001,0.049999999999999975,0.7775,0.8375,0.06
B4_lora,Dreyer2023,60,0.6950000000000001,0.805,0.1099999999999999,0.7150000000000001,0.7883333333333333,0.07333333333333333
B4_lora,Dreyer2023,61,0.7683333333333333,0.865,0.09666666666666664,0.7525000000000001,0.8616666666666667,0.10916666666666666
B4_lora,Dreyer2023,62,0.7233333333333334,0.7483333333333333,0.024999999999999977,0.7300000000000001,0.7433333333333334,0.013333333333333258
B4_lora,Dreyer2023,63,0.6416666666666666,0.8116666666666668,0.16999999999999998,0.6308333333333334,0.7908333333333333,0.15999999999999998
B4_lora,Dreyer2023,64,0.6466666666666667,0.7699999999999999,0.12333333333333325,0.6483333333333332,0.7775000000000001,0.12916666666666668
B4_lora,Dreyer2023,65,0.8183333333333334,0.8333333333333334,0.01499999999999998,0.765,0.835,0.06999999999999998
B4_lora,Dreyer2023,66,0.665,0.765,0.09999999999999995,0.6408333333333334,0.7300000000000001,0.08916666666666666
B4_lora,Dreyer2023,67,0.735,0.8,0.06499999999999995,0.7233333333333334,0.8166666666666667,0.09333333333333325
B4_lora,Dreyer2023,68,0.605,0.75,0.14499999999999996,0.6275000000000001,0.74,0.11249999999999993
B4_lora,Dreyer2023,69,0.7483333333333333,0.86,0.11166666666666662,0.7633333333333333,0.8708333333333333,0.10750000000000001
B4_lora,Dreyer2023,70,0.48166666666666663,0.665,0.18333333333333335,0.5716666666666667,0.7125,0.1408333333333333
B4_lora,Dreyer2023,71,0.6816666666666666,0.8550000000000001,0.17333333333333326,0.7366666666666666,0.8783333333333333,0.14166666666666666
B4_lora,Dreyer2023,72,0.6616666666666667,0.805,0.14333333333333328,0.6916666666666667,0.8183333333333334,0.12666666666666662
B4_lora,Dreyer2023,73,0.6283333333333333,0.7433333333333334,0.11499999999999996,0.6725,0.7883333333333333,0.1158333333333333
B4_lora,Dreyer2023,74,0.635,0.7383333333333333,0.10333333333333325,0.6483333333333333,0.7441666666666666,0.09583333333333333
B4_lora,Dreyer2023,75,0.7183333333333334,0.76,0.041666666666666616,0.6991666666666667,0.7316666666666667,0.03249999999999992
B4_lora,Dreyer2023,76,0.7983333333333333,0.8183333333333334,0.020000000000000018,0.7891666666666667,0.8125,0.0233333333333333
B4_lora,Dreyer2023,77,0.735,0.8233333333333335,0.08833333333333335,0.6958333333333334,0.7825,0.0866666666666666
B4_lora,Dreyer2023,80,0.5700000000000001,0.7116666666666667,0.1416666666666666,0.6174999999999999,0.7166666666666667,0.09916666666666668
B4_lora,Dreyer2023,81,0.7150000000000001,0.8283333333333334,0.11333333333333329,0.675,0.8141666666666666,0.13916666666666658
B4_lora,Dreyer2023,82,0.78,0.7816666666666666,0.0016666666666666399,0.7466666666666667,0.8033333333333333,0.0566666666666666
B4_lora,Dreyer2023,83,0.6066666666666667,0.6916666666666667,0.08500000000000002,0.575,0.6741666666666666,0.09916666666666654
B4_lora,Dreyer2023,84,0.735,0.8300000000000001,0.09499999999999995,0.71,0.8099999999999999,0.09999999999999995
B4_lora,Dreyer2023,85,0.6916666666666667,0.7283333333333333,0.03666666666666664,0.7075,0.7241666666666666,0.01666666666666666
B4_lora,Dreyer2023,86,0.7116666666666667,0.8266666666666665,0.11499999999999995,0.7383333333333333,0.825,0.0866666666666666
B4_lora,Dreyer2023,87,0.7416666666666667,0.7849999999999999,0.04333333333333329,0.7433333333333334,0.7983333333333333,0.05499999999999994
B4_lora,PhysionetMI,1,0.781060606060606,0.8340909090909092,0.05303030303030302,0.7861660079051384,0.8618577075098814,0.07569169960474303
B4_lora,PhysionetMI,2,0.8115384615384615,0.8892307692307693,0.07769230769230766,0.7349802371541502,0.9154150197628459,0.18043478260869555
B4_lora,PhysionetMI,3,0.8568181818181818,0.9484848484848485,0.09166666666666659,0.8482213438735178,0.9462450592885375,0.09802371541501977
B4_lora,PhysionetMI,4,0.8219696969696969,0.9196969696969697,0.09772727272727272,0.7990118577075098,0.9077075098814229,0.10869565217391304
B4_lora,PhysionetMI,5,0.6477272727272727,0.7204545454545455,0.07272727272727268,0.5916666666666666,0.6970238095238095,0.10535714285714282
B4_lora,PhysionetMI,6,0.7575757575757576,0.8818181818181818,0.12424242424242422,0.738095238095238,0.8404761904761905,0.10238095238095235
B4_lora,PhysionetMI,7,0.9053030303030303,0.9825757575757577,0.07727272727272723,0.8401185770750988,0.941897233201581,0.10177865612648218
B4_lora,PhysionetMI,8,0.7560606060606061,0.8325757575757574,0.0765151515151514,0.6879446640316205,0.7731225296442688,0.08517786561264817
B4_lora,PhysionetMI,9,0.7930769230769231,0.9053846153846153,0.11230769230769229,0.6851190476190476,0.8601190476190477,0.17499999999999996
B4_lora,PhysionetMI,10,0.5976923076923077,0.7276923076923077,0.13,0.6726190476190477,0.8125,0.13988095238095236
B4_lora,PhysionetMI,11,0.6227272727272727,0.7340909090909091,0.11136363636363633,0.6841897233201581,0.7470355731225297,0.06284584980237157
B4_lora,PhysionetMI,12,0.8219696969696969,0.8643939393939395,0.04242424242424238,0.8202380952380952,0.8702380952380953,0.049999999999999975
B4_lora,PhysionetMI,13,0.5409090909090908,0.8022727272727274,0.26136363636363635,0.6519762845849802,0.824901185770751,0.1729249011857707
B4_lora,PhysionetMI,14,0.7045454545454545,0.7734848484848486,0.06893939393939394,0.674901185770751,0.6533596837944664,-0.02154150197628458
B4_lora,PhysionetMI,15,0.8784615384615385,0.9284615384615386,0.04999999999999996,0.8013833992094861,0.8855731225296442,0.08418972332015809
B4_lora,PhysionetMI,16,0.4954545454545455,0.6409090909090909,0.14545454545454536,0.6760869565217391,0.758300395256917,0.08221343873517775
B4_lora,PhysionetMI,17,0.6825757575757576,0.803030303030303,0.12045454545454537,0.7320158102766798,0.7966403162055335,0.06462450592885369
B4_lora,PhysionetMI,18,0.9462121212121211,1.0,0.05378787878787874,0.9187747035573123,1.0,0.08122529644268775
B4_lora,PhysionetMI,19,0.8363636363636363,0.9106060606060605,0.07424242424242425,0.7780632411067193,0.8915019762845849,0.1134387351778656
B4_lora,PhysionetMI,20,0.7954545454545455,0.9037878787878789,0.10833333333333332,0.809288537549407,0.9106719367588931,0.10138339920948611
B4_lora,PhysionetMI,21,0.4045454545454545,0.7848484848484849,0.38030303030303025,0.5023809523809524,0.7523809523809524,0.24999999999999994
B4_lora,PhysionetMI,22,0.8583333333333334,0.9636363636363636,0.10530303030303027,0.8588932806324111,0.9780632411067194,0.11916996047430832
B4_lora,PhysionetMI,23,0.6046153846153846,0.7915384615384615,0.1869230769230769,0.6377470355731225,0.7849802371541502,0.14723320158102765
B4_lora,PhysionetMI,24,0.6053030303030302,0.8037878787878789,0.19848484848484851,0.6462450592885375,0.7480237154150198,0.10177865612648221
B4_lora,PhysionetMI,25,0.6227272727272728,0.578030303030303,-0.04469696969696969,0.6227272727272727,0.6021739130434783,-0.02055335968379444
B4_lora,PhysionetMI,26,0.5453846153846154,0.6584615384615384,0.1130769230769231,0.5708333333333333,0.6648809523809524,0.09404761904761902
B4_lora,PhysionetMI,27,0.7234848484848485,0.8606060606060606,0.13712121212121206,0.7784584980237155,0.867588932806324,0.08913043478260865
B4_lora,PhysionetMI,28,0.7727272727272727,0.7984848484848485,0.02575757575757574,0.8088932806324112,0.825296442687747,0.016403162055336
B4_lora,PhysionetMI,29,0.8106060606060606,0.7303030303030302,-0.08030303030303029,0.8474308300395258,0.8122529644268776,-0.0351778656126482
B4_lora,PhysionetMI,30,0.8378787878787879,0.8666666666666668,0.028787878787878817,0.7678571428571429,0.8434523809523811,0.07559523809523808
B4_lora,PhysionetMI,31,0.45378787878787874,0.7931818181818182,0.3393939393939394,0.5071146245059288,0.7725296442687747,0.26541501976284587
B4_lora,PhysionetMI,32,0.7892307692307693,0.9323076923076924,0.14307692307692302,0.7363095238095239,0.9488095238095239,0.2125
B4_lora,PhysionetMI,33,0.9303030303030303,0.9204545454545455,-0.009848484848484801,0.9067193675889328,0.8470355731225296,-0.05968379446640311
B4_lora,PhysionetMI,34,0.8492307692307692,0.8215384615384614,-0.027692307692307662,0.8065476190476192,0.8351190476190476,0.02857142857142848
B4_lora,PhysionetMI,35,0.7340909090909091,0.8053030303030303,0.07121212121212116,0.7928853754940711,0.8521739130434783,0.059288537549407064
B4_lora,PhysionetMI,36,0.6401515151515152,0.9113636363636364,0.2712121212121211,0.6365612648221344,0.8760869565217391,0.23952569169960478
B4_lora,PhysionetMI,37,0.6507575757575758,0.6886363636363637,0.03787878787878783,0.6865612648221344,0.6875494071146245,0.0009881422924901601
B4_lora,PhysionetMI,38,0.44696969696969696,0.49469696969696975,0.0477272727272727,0.5270750988142292,0.5440711462450593,0.01699604743083008
B4_lora,PhysionetMI,39,0.7431818181818182,0.7371212121212121,-0.0060606060606060806,0.8017786561264822,0.8201581027667985,0.0183794466403162
B4_lora,PhysionetMI,40,0.6901515151515152,0.9818181818181818,0.29166666666666663,0.7470238095238095,0.9160714285714286,0.16904761904761903
B4_lora,PhysionetMI,41,0.9292307692307693,0.9592307692307692,0.03,0.7357142857142857,0.8214285714285714,0.08571428571428569
B4_lora,PhysionetMI,42,0.9030303030303031,0.8916666666666668,-0.011363636363636298,0.9106719367588934,0.8861660079051383,-0.024505928853754883
B4_lora,PhysionetMI,43,0.5484848484848486,0.8212121212121211,0.2727272727272726,0.6713438735177866,0.8691699604743084,0.19782608695652168
B4_lora,PhysionetMI,44,0.8219696969696969,0.8696969696969697,0.04772727272727274,0.8478260869565217,0.832411067193676,-0.01541501976284578
B4_lora,PhysionetMI,45,0.5954545454545455,0.781060606060606,0.18560606060606058,0.667588932806324,0.8037549407114625,0.13616600790513833
B4_lora,PhysionetMI,46,0.7083333333333334,0.7515151515151516,0.04318181818181811,0.7454545454545455,0.7373517786561266,-0.00810276679841894
B4_lora,PhysionetMI,47,0.6954545454545455,0.7348484848484849,0.039393939393939405,0.7113095238095238,0.6934523809523809,-0.01785714285714282
B4_lora,PhysionetMI,48,0.8469696969696969,0.990909090909091,0.14393939393939387,0.8642292490118578,0.9867588932806324,0.12252964426877466
B4_lora,PhysionetMI,49,0.5431818181818182,0.7712121212121212,0.22803030303030303,0.5592885375494071,0.7353754940711463,0.17608695652173909
B4_lora,PhysionetMI,50,0.7439393939393939,0.7803030303030303,0.036363636363636376,0.8110671936758893,0.8019762845849803,-0.00909090909090914
B4_lora,PhysionetMI,51,0.7439393939393939,0.8333333333333334,0.08939393939393936,0.7089285714285715,0.8083333333333333,0.09940476190476187
B4_lora,PhysionetMI,52,0.6861538461538461,0.8661538461538463,0.18,0.7285714285714285,0.8494047619047619,0.12083333333333326
B4_lora,PhysionetMI,53,0.6901515151515152,0.9098484848484849,0.21969696969696967,0.7041501976284585,0.9033596837944664,0.19920948616600787
B4_lora,PhysionetMI,54,0.9363636363636363,0.8734848484848484,-0.06287878787878788,0.8905138339920949,0.874110671936759,-0.01640316205533596
B4_lora,PhysionetMI,55,0.825,0.8553030303030302,0.03030303030303026,0.8033596837944664,0.9035573122529644,0.100197628458498
B4_lora,PhysionetMI,56,0.7075757575757576,0.843939393939394,0.1363636363636363,0.7675889328063241,0.8885375494071145,0.1209486166007904
B4_lora,PhysionetMI,57,0.8901515151515152,0.949242424242424,0.059090909090908986,0.8809523809523808,0.9321428571428572,0.05119047619047616
B4_lora,PhysionetMI,58,0.8130769230769233,0.8061538461538461,-0.00692307692307694,0.8464285714285715,0.8017857142857142,-0.04464285714285714
B4_lora,PhysionetMI,59,0.7454545454545455,0.6492424242424242,-0.09621212121212117,0.7077380952380953,0.675,-0.0327380952380952
B4_lora,PhysionetMI,60,0.8846153846153847,0.8630769230769231,-0.02153846153846156,0.7841897233201581,0.8061264822134386,0.02193675889328062
B4_lora,PhysionetMI,61,0.740151515151515,0.9272727272727274,0.1871212121212122,0.7737154150197629,0.9322134387351779,0.15849802371541494
B4_lora,PhysionetMI,62,0.9166666666666664,0.9583333333333333,0.04166666666666668,0.9565217391304348,0.9648221343873518,0.008300395256916981
B4_lora,PhysionetMI,63,0.7681818181818182,0.7371212121212121,-0.03106060606060604,0.6867588932806324,0.6824110671936758,-0.004347826086956502
B4_lora,PhysionetMI,64,0.7621212121212121,0.7522727272727273,-0.009848484848484818,0.7055335968379446,0.774505928853755,0.06897233201581024
B4_lora,PhysionetMI,65,0.8075757575757576,0.9250000000000002,0.11742424242424243,0.7642857142857142,0.8595238095238095,0.09523809523809522
B4_lora,PhysionetMI,66,0.7113636363636363,0.7780303030303031,0.0666666666666667,0.6221343873517787,0.6962450592885376,0.07411067193675884
B4_lora,PhysionetMI,67,0.7416666666666667,0.7916666666666666,0.04999999999999994,0.666798418972332,0.7233201581027668,0.056521739130434755
B4_lora,PhysionetMI,68,0.6946969696969697,0.7075757575757576,0.01287878787878786,0.749802371541502,0.7610671936758894,0.011264822134387361
B4_lora,PhysionetMI,69,0.6369230769230769,0.8284615384615386,0.1915384615384615,0.6321428571428571,0.8172619047619047,0.18511904761904757
B4_lora,PhysionetMI,70,0.8007575757575758,0.9749999999999999,0.17424242424242412,0.8098814229249012,0.9646245059288537,0.1547430830039526
B4_lora,PhysionetMI,71,0.8159090909090908,0.9227272727272726,0.10681818181818177,0.8422924901185771,0.942687747035573,0.10039525691699605
B4_lora,PhysionetMI,72,0.9272727272727274,1.0,0.07272727272727267,0.940909090909091,0.9909090909090909,0.04999999999999994
B4_lora,PhysionetMI,73,0.6462121212121212,0.746969696969697,0.10075757575757574,0.7468379446640316,0.8440711462450594,0.09723320158102766
B4_lora,PhysionetMI,74,0.6568181818181819,0.7666666666666667,0.1098484848484849,0.7291666666666667,0.7863095238095238,0.05714285714285712
B4_lora,PhysionetMI,75,0.409090909090909,0.6696969696969697,0.2606060606060606,0.49446640316205526,0.6814229249011857,0.18695652173913044
B4_lora,PhysionetMI,76,0.5151515151515151,0.5598484848484848,0.0446969696969697,0.6395256916996048,0.5954545454545455,-0.04407114624505932
B4_lora,PhysionetMI,77,0.5984848484848484,0.6121212121212121,0.013636363636363641,0.6255952380952381,0.6994047619047619,0.07380952380952374
B4_lora,PhysionetMI,78,0.5007575757575757,0.5977272727272728,0.09696969696969691,0.5081027667984189,0.5594861660079051,0.051383399209486105
B4_lora,PhysionetMI,79,0.65,0.7424242424242424,0.09242424242424244,0.649802371541502,0.7393280632411068,0.08952569169960474
B4_lora,PhysionetMI,80,0.8076923076923077,0.7830769230769231,-0.02461538461538456,0.7215415019762845,0.6814229249011857,-0.040118577075098784
B4_lora,PhysionetMI,81,0.7439393939393939,0.8613636363636363,0.11742424242424239,0.7492094861660079,0.8847826086956522,0.1355731225296442
B4_lora,PhysionetMI,82,0.6537878787878788,0.8280303030303031,0.17424242424242423,0.7140316205533597,0.8071146245059289,0.09308300395256912
B4_lora,PhysionetMI,83,0.6892307692307693,0.7038461538461538,0.014615384615384641,0.5498023715415019,0.63300395256917,0.08320158102766795
B4_lora,PhysionetMI,84,0.8583333333333334,0.8734848484848486,0.015151515151515138,0.7345849802371541,0.8339920948616599,0.09940711462450588
B4_lora,PhysionetMI,85,0.6727272727272727,0.8962121212121212,0.22348484848484845,0.6986166007905139,0.8535573122529645,0.15494071146245053
B4_lora,PhysionetMI,86,0.8538461538461538,0.9846153846153847,0.13076923076923075,0.8739130434782609,0.9913043478260869,0.11739130434782599
B4_lora,PhysionetMI,87,0.6196969696969696,0.6386363636363636,0.018939393939393902,0.5717391304347826,0.6057312252964426,0.033992094861660015
B4_lora,PhysionetMI,90,0.7621212121212121,0.890909090909091,0.12878787878787876,0.7877470355731225,0.8944664031620553,0.10671936758893275
B4_lora,PhysionetMI,91,0.6924242424242424,0.9166666666666666,0.22424242424242422,0.7061264822134387,0.8990118577075099,0.19288537549407123
B4_lora,PhysionetMI,93,0.7174242424242424,0.7803030303030303,0.06287878787878784,0.7310276679841897,0.7792490118577076,0.048221343873517744
B4_lora,PhysionetMI,94,0.6962121212121213,0.7946969696969697,0.09848484848484843,0.6492094861660079,0.8341897233201582,0.18498023715415016
B4_lora,PhysionetMI,95,0.6138461538461538,0.6438461538461538,0.030000000000000016,0.7013833992094861,0.759090909090909,0.057707509881422925
B4_lora,PhysionetMI,96,0.7507575757575757,0.8583333333333332,0.10757575757575752,0.7343873517786561,0.8869565217391304,0.15256916996047423
B4_lora,PhysionetMI,97,0.7621212121212121,0.7696969696969697,0.007575757575757518,0.7304347826086957,0.7754940711462451,0.045059288537549404
B4_lora,PhysionetMI,98,0.4446969696969697,0.45378787878787874,0.009090909090909061,0.5713438735177865,0.6515810276679842,0.08023715415019758
B4_lora,PhysionetMI,99,0.5424242424242424,0.6257575757575757,0.08333333333333333,0.5667984189723321,0.6699604743083004,0.1031620553359683
B4_lora,PhysionetMI,101,0.826153846153846,0.8976923076923077,0.07153846153846152,0.8385375494071147,0.9041501976284584,0.06561264822134381
B4_lora,PhysionetMI,102,0.6439393939393939,0.7159090909090909,0.07196969696969698,0.6988142292490118,0.7713438735177865,0.07252964426877466
B4_lora,PhysionetMI,103,0.6795454545454545,0.8575757575757577,0.17803030303030307,0.6841897233201581,0.7922924901185772,0.10810276679841893
B4_lora,PhysionetMI,105,0.834848484848485,0.9068181818181819,0.07196969696969692,0.8215415019762846,0.9337944664031621,0.11225296442687746
B4_lora,PhysionetMI,107,0.4537878787878788,0.5553030303030303,0.10151515151515149,0.5916666666666666,0.7011904761904761,0.10952380952380951
B4_lora,PhysionetMI,108,0.7219696969696969,0.8454545454545455,0.12348484848484846,0.7563241106719367,0.8616600790513834,0.10533596837944656
B4_lora,PhysionetMI,109,0.6303030303030303,0.671969696969697,0.0416666666666667,0.6460474308300396,0.6774703557312254,0.03142292490118584
B5_n10,Cho2017,1,0.596,0.642,0.045999999999999944,,,
B5_n10,Cho2017,2,0.528,0.53,0.001999999999999999,,,
B5_n10,Cho2017,3,0.702,0.702,0.0,,,
B5_n10,Cho2017,4,0.65,0.6639999999999999,0.013999999999999981,,,
B5_n10,Cho2017,5,0.986,0.99,0.004000000000000001,,,
B5_n10,Cho2017,6,0.828,0.75,-0.07799999999999996,,,
B5_n10,Cho2017,7,0.5966666666666667,0.4766666666666667,-0.11999999999999995,,,
B5_n10,Cho2017,8,0.554,0.512,-0.04199999999999998,,,
B5_n10,Cho2017,9,0.5549999999999999,0.6016666666666667,0.04666666666666662,,,
B5_n10,Cho2017,10,0.604,0.528,-0.07599999999999994,,,
B5_n10,Cho2017,11,0.5900000000000001,0.542,-0.04799999999999997,,,
B5_n10,Cho2017,12,0.54,0.522,-0.018000000000000023,,,
B5_n10,Cho2017,13,0.8220000000000001,0.844,0.022000000000000002,,,
B5_n10,Cho2017,14,0.784,0.85,0.06599999999999999,,,
B5_n10,Cho2017,15,0.5940000000000001,0.532,-0.062,,,
B5_n10,Cho2017,16,0.634,0.55,-0.08399999999999992,,,
B5_n10,Cho2017,17,0.49399999999999994,0.534,0.03999999999999998,,,
B5_n10,Cho2017,18,0.614,0.614,-4.0245584642661923e-17,,,
B5_n10,Cho2017,19,0.51,0.542,0.03199999999999998,,,
B5_n10,Cho2017,20,0.556,0.5660000000000001,0.009999999999999998,,,
B5_n10,Cho2017,21,0.546,0.522,-0.02399999999999998,,,
B5_n10,Cho2017,22,0.636,0.5660000000000001,-0.06999999999999997,,,
B5_n10,Cho2017,23,0.5559999999999999,0.526,-0.029999999999999936,,,
B5_n10,Cho2017,24,0.54,0.5599999999999999,0.01999999999999998,,,
B5_n10,Cho2017,25,0.628,0.5880000000000001,-0.03999999999999996,,,
B5_n10,Cho2017,26,0.9879999999999999,0.994,0.006,,,
B5_n10,Cho2017,27,0.576,0.49000000000000005,-0.08599999999999995,,,
B5_n10,Cho2017,28,0.5,0.742,0.242,,,
B5_n10,Cho2017,29,0.532,0.472,-0.06,,,
B5_n10,Cho2017,30,0.6759999999999999,0.5860000000000001,-0.08999999999999989,,,
B5_n10,Cho2017,31,0.518,0.506,-0.012,,,
B5_n10,Cho2017,32,0.49800000000000005,0.49399999999999994,-0.00400000000000002,,,
B5_n10,Cho2017,33,0.522,0.502,-0.02,,,
B5_n10,Cho2017,34,0.5700000000000001,0.592,0.021999999999999957,,,
B5_n10,Cho2017,35,0.374,0.40800000000000003,0.03399999999999998,,,
B5_n10,Cho2017,36,0.554,0.5680000000000001,0.014000000000000002,,,
B5_n10,Cho2017,37,0.882,0.734,-0.14799999999999996,,,
B5_n10,Cho2017,38,0.544,0.556,0.012000000000000002,,,
B5_n10,Cho2017,39,0.6,0.548,-0.051999999999999956,,,
B5_n10,Cho2017,40,0.516,0.458,-0.05799999999999996,,,
B5_n10,Cho2017,41,0.648,0.634,-0.013999999999999999,,,
B5_n10,Cho2017,42,0.562,0.508,-0.054000000000000006,,,
B5_n10,Cho2017,43,1.0,1.0,0.0,,,
B5_n10,Cho2017,44,0.95,0.9480000000000001,-0.0020000000000000005,,,
B5_n10,Cho2017,45,0.516,0.536,0.01999999999999998,,,
B5_n10,Cho2017,46,0.5650000000000001,0.5800000000000001,0.015000000000000019,,,
B5_n10,Cho2017,47,0.7979999999999999,0.8039999999999999,0.006000000000000017,,,
B5_n10,Cho2017,48,0.6679999999999999,0.662,-0.005999999999999978,,,
B5_n10,Cho2017,49,1.0,0.9720000000000001,-0.027999999999999997,,,
B5_n10,Cho2017,50,0.9720000000000001,1.0,0.027999999999999997,,,
B5_n10,Cho2017,51,0.65,0.618,-0.032,,,
B5_n10,Cho2017,52,0.5740000000000001,0.592,0.018,,,
B5_n10,Dreyer2023,1,0.7833333333333334,0.8,0.016666666666666642,,,
B5_n10,Dreyer2023,2,0.58,0.5966666666666667,0.016666666666666642,,,
B5_n10,Dreyer2023,3,0.6583333333333334,0.5633333333333332,-0.09499999999999996,,,
B5_n10,Dreyer2023,5,0.775,0.69,-0.08500000000000002,,,
B5_n10,Dreyer2023,6,0.72,0.5583333333333333,-0.16166666666666663,,,
B5_n10,Dreyer2023,7,0.8966666666666667,0.8833333333333332,-0.0133333333333333,,,
B5_n10,Dreyer2023,8,0.7300000000000001,0.78,0.04999999999999994,,,
B5_n10,Dreyer2023,10,0.8,0.7466666666666667,-0.053333333333333274,,,
B5_n10,Dreyer2023,11,0.5666666666666667,0.5966666666666667,0.02999999999999996,,,
B5_n10,Dreyer2023,12,0.8066666666666666,0.8150000000000001,0.008333333333333361,,,
B5_n10,Dreyer2023,13,0.6883333333333334,0.725,0.036666666666666604,,,
B5_n10,Dreyer2023,14,0.6316666666666666,0.5900000000000001,-0.041666666666666644,,,
B5_n10,Dreyer2023,15,0.8133333333333332,0.765,-0.04833333333333332,,,
B5_n10,Dreyer2023,16,0.7833333333333333,0.7533333333333333,-0.029999999999999916,,,
B5_n10,Dreyer2023,18,0.7783333333333333,0.7716666666666667,-0.006666666666666659,,,
B5_n10,Dreyer2023,19,0.8116666666666668,0.8166666666666667,0.004999999999999999,,,
B5_n10,Dreyer2023,20,0.8066666666666666,0.8316666666666667,0.024999999999999942,,,
B5_n10,Dreyer2023,21,0.8266666666666668,0.7966666666666666,-0.02999999999999996,,,
B5_n10,Dreyer2023,22,0.7783333333333333,0.7316666666666667,-0.046666666666666703,,,
B5_n10,Dreyer2023,23,0.6733333333333333,0.675,0.0016666666666666802,,,
B5_n10,Dreyer2023,24,0.8483333333333334,0.8099999999999999,-0.038333333333333344,,,
B5_n10,Dreyer2023,25,0.6033333333333333,0.5766666666666667,-0.026666666666666637,,,
B5_n10,Dreyer2023,26,0.6733333333333333,0.58,-0.09333333333333335,,,
B5_n10,Dreyer2023,27,0.6883333333333332,0.7100000000000001,0.02166666666666668,,,
B5_n10,Dreyer2023,28,0.7183333333333334,0.6666666666666667,-0.05166666666666664,,,
B5_n10,Dreyer2023,30,0.63,0.61,-0.01999999999999996,,,
B5_n10,Dreyer2023,31,0.75,0.73,-0.02000000000000004,,,
B5_n10,Dreyer2023,32,0.6900000000000001,0.7033333333333334,0.013333333333333319,,,
B5_n10,Dreyer2023,33,0.6483333333333333,0.6416666666666667,-0.006666666666666657,,,
B5_n10,Dreyer2023,34,0.7416666666666667,0.75,0.0083333333333333,,,
B5_n10,Dreyer2023,35,0.6649999999999999,0.66,-0.00499999999999994,,,
B5_n10,Dreyer2023,36,0.7016666666666667,0.6233333333333333,-0.0783333333333333,,,
B5_n10,Dreyer2023,37,0.6333333333333333,0.5833333333333334,-0.04999999999999992,,,
B5_n10,Dreyer2023,38,0.7283333333333333,0.7333333333333333,0.004999999999999999,,,
B5_n10,Dreyer2023,39,0.8966666666666667,0.8716666666666667,-0.024999999999999918,,,
B5_n10,Dreyer2023,40,0.6948275862068967,0.6810344827586208,-0.01379310344827584,,,
B5_n10,Dreyer2023,42,0.615,0.6100000000000001,-0.004999999999999979,,,
B5_n10,Dreyer2023,43,0.805,0.825,0.01999999999999998,,,
B5_n10,Dreyer2023,44,0.6216666666666667,0.5366666666666666,-0.08499999999999996,,,
B5_n10,Dreyer2023,45,0.6783333333333333,0.7133333333333333,0.03499999999999998,,,
B5_n10,Dreyer2023,46,0.6916666666666667,0.665,-0.026666666666666637,,,
B5_n10,Dreyer2023,47,0.735,0.7533333333333333,0.01833333333333332,,,
B5_n10,Dreyer2023,48,0.64,0.505,-0.135,,,
B5_n10,Dreyer2023,49,0.6966666666666667,0.5266666666666666,-0.16999999999999993,,,
B5_n10,Dreyer2023,50,0.5700000000000001,0.6016666666666667,0.03166666666666664,,,
B5_n10,Dreyer2023,51,0.7066666666666667,0.7133333333333333,0.006666666666666619,,,
B5_n10,Dreyer2023,52,0.7033333333333334,0.5966666666666667,-0.10666666666666658,,,
B5_n10,Dreyer2023,53,0.6916666666666667,0.7183333333333334,0.02666666666666666,,,
B5_n10,Dreyer2023,54,0.6683333333333333,0.6366666666666667,-0.03166666666666662,,,
B5_n10,Dreyer2023,55,0.8916666666666666,0.8516666666666666,-0.03999999999999998,,,
B5_n10,Dreyer2023,56,0.8866666666666667,0.675,-0.21166666666666661,,,
B5_n10,Dreyer2023,57,0.5766666666666667,0.665,0.08833333333333329,,,
B5_n10,Dreyer2023,58,0.8916666666666666,0.8450000000000001,-0.04666666666666656,,,
B5_n10,Dreyer2023,59,0.7275,0.75,0.022499999999999982,,,
B5_n10,Dreyer2023,60,0.6950000000000001,0.7633333333333334,0.06833333333333327,,,
B5_n10,Dreyer2023,61,0.7683333333333333,0.74,-0.028333333333333342,,,
B5_n10,Dreyer2023,62,0.7233333333333334,0.6833333333333333,-0.03999999999999994,,,
B5_n10,Dreyer2023,63,0.6416666666666666,0.6300000000000001,-0.01166666666666662,,,
B5_n10,Dreyer2023,64,0.6466666666666667,0.6133333333333333,-0.03333333333333332,,,
B5_n10,Dreyer2023,65,0.8183333333333334,0.78,-0.03833333333333328,,,
B5_n10,Dreyer2023,66,0.665,0.625,-0.04,,,
B5_n10,Dreyer2023,67,0.735,0.7783333333333333,0.0433333333333333,,,
B5_n10,Dreyer2023,68,0.605,0.5716666666666667,-0.03333333333333332,,,
B5_n10,Dreyer2023,69,0.7483333333333333,0.7116666666666667,-0.03666666666666666,,,
B5_n10,Dreyer2023,70,0.48166666666666663,0.48666666666666664,0.004999999999999999,,,
B5_n10,Dreyer2023,71,0.6816666666666666,0.74,0.05833333333333326,,,
B5_n10,Dreyer2023,72,0.6616666666666667,0.6933333333333334,0.03166666666666662,,,
B5_n10,Dreyer2023,73,0.6283333333333333,0.72,0.09166666666666665,,,
B5_n10,Dreyer2023,74,0.635,0.65,0.01499999999999998,,,
B5_n10,Dreyer2023,75,0.7183333333333334,0.6566666666666666,-0.06166666666666666,,,
B5_n10,Dreyer2023,76,0.7983333333333333,0.6900000000000001,-0.10833333333333324,,,
B5_n10,Dreyer2023,77,0.735,0.6033333333333333,-0.13166666666666665,,,
B5_n10,Dreyer2023,80,0.5700000000000001,0.6333333333333333,0.06333333333333327,,,
B5_n10,Dreyer2023,81,0.7150000000000001,0.6816666666666666,-0.03333333333333332,,,
B5_n10,Dreyer2023,82,0.78,0.75,-0.02999999999999998,,,
B5_n10,Dreyer2023,83,0.6066666666666667,0.5966666666666667,-0.00999999999999998,,,
B5_n10,Dreyer2023,84,0.735,0.7433333333333334,0.00833333333333334,,,
B5_n10,Dreyer2023,85,0.6916666666666667,0.6666666666666667,-0.02499999999999998,,,
B5_n10,Dreyer2023,86,0.7116666666666667,0.7166666666666666,0.0049999999999999585,,,
B5_n10,Dreyer2023,87,0.7416666666666667,0.7,-0.041666666666666644,,,
B5_n10,PhysionetMI,1,0.781060606060606,0.8075757575757576,0.02651515151515152,,,
B5_n10,PhysionetMI,2,0.8115384615384615,0.8223076923076922,0.010769230769230718,,,
B5_n10,PhysionetMI,3,0.8568181818181818,0.775,-0.08181818181818176,,,
B5_n10,PhysionetMI,4,0.8219696969696969,0.8280303030303031,0.006060606060606058,,,
B5_n10,PhysionetMI,5,0.6477272727272727,0.5590909090909091,-0.08863636363636355,,,
B5_n10,PhysionetMI,6,0.7575757575757576,0.7522727272727273,-0.005303030303030279,,,
B5_n10,PhysionetMI,7,0.9053030303030303,0.9128787878787878,0.0075757575757575395,,,
B5_n10,PhysionetMI,8,0.7560606060606061,0.6477272727272727,-0.10833333333333335,,,
B5_n10,PhysionetMI,9,0.7930769230769231,0.75,-0.04307692307692304,,,
B5_n10,PhysionetMI,10,0.5976923076923077,0.6292307692307693,0.031538461538461536,,,
B5_n10,PhysionetMI,11,0.6227272727272727,0.6257575757575757,0.0030303030303030416,,,
B5_n10,PhysionetMI,12,0.8219696969696969,0.6568181818181819,-0.1651515151515151,,,
B5_n10,PhysionetMI,13,0.5409090909090908,0.5696969696969697,0.02878787878787878,,,
B5_n10,PhysionetMI,14,0.7045454545454545,0.8053030303030303,0.10075757575757568,,,
B5_n10,PhysionetMI,15,0.8784615384615385,0.79,-0.08846153846153848,,,
B5_n10,PhysionetMI,16,0.4954545454545455,0.39924242424242423,-0.09621212121212115,,,
B5_n10,PhysionetMI,17,0.6825757575757576,0.7477272727272727,0.06515151515151504,,,
B5_n10,PhysionetMI,18,0.9462121212121211,0.9303030303030303,-0.01590909090909096,,,
B5_n10,PhysionetMI,19,0.8363636363636363,0.7727272727272727,-0.06363636363636363,,,
B5_n10,PhysionetMI,20,0.7954545454545455,0.7977272727272727,0.0022727272727272596,,,
B5_n10,PhysionetMI,21,0.4045454545454545,0.44696969696969696,0.04242424242424238,,,
B5_n10,PhysionetMI,22,0.8583333333333334,0.8666666666666666,0.008333333333333358,,,
B5_n10,PhysionetMI,23,0.6046153846153846,0.6976923076923077,0.093076923076923,,,
B5_n10,PhysionetMI,24,0.6053030303030302,0.6439393939393939,0.038636363636363635,,,
B5_n10,PhysionetMI,25,0.6227272727272728,0.521969696969697,-0.10075757575757568,,,
B5_n10,PhysionetMI,26,0.5453846153846154,0.4815384615384615,-0.06384615384615379,,,
B5_n10,PhysionetMI,27,0.7234848484848485,0.7454545454545455,0.0219696969696969,,,
B5_n10,PhysionetMI,28,0.7727272727272727,0.8356060606060606,0.06287878787878785,,,
B5_n10,PhysionetMI,29,0.8106060606060606,0.7856060606060606,-0.024999999999999946,,,
B5_n10,PhysionetMI,30,0.8378787878787879,0.8401515151515152,0.002272727272727279,,,
B5_n10,PhysionetMI,31,0.45378787878787874,0.7568181818181818,0.30303030303030304,,,
B5_n10,PhysionetMI,32,0.7892307692307693,0.8461538461538461,0.056923076923076875,,,
B5_n10,PhysionetMI,33,0.9303030303030303,0.8856060606060605,-0.04469696969696972,,,
B5_n10,PhysionetMI,34,0.8492307692307692,0.67,-0.17923076923076914,,,
B5_n10,PhysionetMI,35,0.7340909090909091,0.834848484848485,0.10075757575757568,,,
B5_n10,PhysionetMI,36,0.6401515151515152,0.7522727272727273,0.11212121212121207,,,
B5_n10,PhysionetMI,37,0.6507575757575758,0.6098484848484849,-0.04090909090909085,,,
B5_n10,PhysionetMI,38,0.44696969696969696,0.32878787878787874,-0.11818181818181821,,,
B5_n10,PhysionetMI,39,0.7431818181818182,0.7401515151515151,-0.0030303030303030403,,,
B5_n10,PhysionetMI,40,0.6901515151515152,0.6878787878787879,-0.0022727272727273012,,,
B5_n10,PhysionetMI,41,0.9292307692307693,0.8384615384615385,-0.09076923076923074,,,
B5_n10,PhysionetMI,42,0.9030303030303031,0.8681818181818182,-0.034848484848484865,,,
B5_n10,PhysionetMI,43,0.5484848484848486,0.6666666666666666,0.11818181818181805,,,
B5_n10,PhysionetMI,44,0.8219696969696969,0.7742424242424242,-0.04772727272727268,,,
B5_n10,PhysionetMI,45,0.5954545454545455,0.5931818181818181,-0.0022727272727272596,,,
B5_n10,PhysionetMI,46,0.7083333333333334,0.6772727272727272,-0.0310606060606061,,,
B5_n10,PhysionetMI,47,0.6954545454545455,0.7787878787878788,0.08333333333333329,,,
B5_n10,PhysionetMI,48,0.8469696969696969,0.8719696969696968,0.02499999999999994,,,
B5_n10,PhysionetMI,49,0.5431818181818182,0.55,0.006818181818181801,,,
B5_n10,PhysionetMI,50,0.7439393939393939,0.7742424242424242,0.030303030303030297,,,
B5_n10,PhysionetMI,51,0.7439393939393939,0.6871212121212121,-0.0568181818181818,,,
B5_n10,PhysionetMI,52,0.6861538461538461,0.7992307692307692,0.1130769230769231,,,
B5_n10,PhysionetMI,53,0.6901515151515152,0.7818181818181819,0.09166666666666662,,,
B5_n10,PhysionetMI,54,0.9363636363636363,0.8136363636363637,-0.12272727272727275,,,
B5_n10,PhysionetMI,55,0.825,0.8083333333333333,-0.01666666666666668,,,
B5_n10,PhysionetMI,56,0.7075757575757576,0.696969696969697,-0.0106060606060606,,,
B5_n10,PhysionetMI,57,0.8901515151515152,0.9143939393939394,0.02424242424242422,,,
B5_n10,PhysionetMI,58,0.8130769230769233,0.8861538461538462,0.07307692307692307,,,
B5_n10,PhysionetMI,59,0.7454545454545455,0.593939393939394,-0.15151515151515152,,,
B5_n10,PhysionetMI,60,0.8846153846153847,0.703076923076923,-0.18153846153846148,,,
B5_n10,PhysionetMI,61,0.740151515151515,0.7931818181818182,0.053030303030303094,,,
B5_n10,PhysionetMI,62,0.9166666666666664,0.9,-0.016666666666666656,,,
B5_n10,PhysionetMI,63,0.7681818181818182,0.5863636363636363,-0.18181818181818174,,,
B5_n10,PhysionetMI,64,0.7621212121212121,0.6265151515151516,-0.13560606060606056,,,
B5_n10,PhysionetMI,65,0.8075757575757576,0.7318181818181818,-0.07575757575757576,,,
B5_n10,PhysionetMI,66,0.7113636363636363,0.6484848484848484,-0.06287878787878785,,,
B5_n10,PhysionetMI,67,0.7416666666666667,0.8333333333333333,0.09166666666666665,,,
B5_n10,PhysionetMI,68,0.6946969696969697,0.6181818181818182,-0.07651515151515151,,,
B5_n10,PhysionetMI,69,0.6369230769230769,0.7561538461538462,0.11923076923076918,,,
B5_n10,PhysionetMI,70,0.8007575757575758,0.8371212121212122,0.0363636363636363,,,
B5_n10,PhysionetMI,71,0.8159090909090908,0.8530303030303031,0.037121212121212145,,,
B5_n10,PhysionetMI,72,0.9272727272727274,0.9818181818181818,0.054545454545454494,,,
B5_n10,PhysionetMI,73,0.6462121212121212,0.6931818181818181,0.04696969696969696,,,
B5_n10,PhysionetMI,74,0.6568181818181819,0.6053030303030302,-0.05151515151515148,,,
B5_n10,PhysionetMI,75,0.409090909090909,0.5128787878787879,0.10378787878787879,,,
B5_n10,PhysionetMI,76,0.5151515151515151,0.5060606060606061,-0.009090909090909104,,,
B5_n10,PhysionetMI,77,0.5984848484848484,0.5295454545454545,-0.06893939393939383,,,
B5_n10,PhysionetMI,78,0.5007575757575757,0.5484848484848485,0.04772727272727274,,,
B5_n10,PhysionetMI,79,0.65,0.5606060606060607,-0.08939393939393936,,,
B5_n10,PhysionetMI,80,0.8076923076923077,0.8523076923076923,0.04461538461538458,,,
B5_n10,PhysionetMI,81,0.7439393939393939,0.7007575757575758,-0.04318181818181814,,,
B5_n10,PhysionetMI,82,0.6537878787878788,0.7181818181818181,0.06439393939393936,,,
B5_n10,PhysionetMI,83,0.6892307692307693,0.6646153846153846,-0.02461538461538458,,,
B5_n10,PhysionetMI,84,0.8583333333333334,0.759090909090909,-0.09924242424242427,,,
B5_n10,PhysionetMI,85,0.6727272727272727,0.5128787878787878,-0.15984848484848482,,,
B5_n10,PhysionetMI,86,0.8538461538461538,0.8853846153846154,0.03153846153846156,,,
B5_n10,PhysionetMI,87,0.6196969696969696,0.5545454545454545,-0.06515151515151511,,,
B5_n10,PhysionetMI,90,0.7621212121212121,0.7727272727272727,0.0106060606060606,,,
B5_n10,PhysionetMI,91,0.6924242424242424,0.8075757575757576,0.11515151515151514,,,
B5_n10,PhysionetMI,93,0.7174242424242424,0.6681818181818182,-0.04924242424242424,,,
B5_n10,PhysionetMI,94,0.6962121212121213,0.8583333333333334,0.16212121212121205,,,
B5_n10,PhysionetMI,95,0.6138461538461538,0.553076923076923,-0.06076923076923076,,,
B5_n10,PhysionetMI,96,0.7507575757575757,0.6734848484848485,-0.07727272727272724,,,
B5_n10,PhysionetMI,97,0.7621212121212121,0.8234848484848485,0.061363636363636356,,,
B5_n10,PhysionetMI,98,0.4446969696969697,0.4340909090909091,-0.010606060606060619,,,
B5_n10,PhysionetMI,99,0.5424242424242424,0.5484848484848485,0.006060606060606061,,,
B5_n10,PhysionetMI,101,0.826153846153846,0.8207692307692309,-0.005384615384615381,,,
B5_n10,PhysionetMI,102,0.6439393939393939,0.7454545454545455,0.10151515151515152,,,
B5_n10,PhysionetMI,103,0.6795454545454545,0.6727272727272727,-0.006818181818181761,,,
B5_n10,PhysionetMI,105,0.834848484848485,0.9128787878787878,0.07803030303030296,,,
B5_n10,PhysionetMI,107,0.4537878787878788,0.4075757575757576,-0.04621212121212116,,,
B5_n10,PhysionetMI,108,0.7219696969696969,0.6606060606060606,-0.06136363636363632,,,
B5_n10,PhysionetMI,109,0.6303030303030303,0.6522727272727273,0.02196969696969702,,,
B5_n20,Cho2017,1,0.596,0.662,0.06599999999999992,,,
B5_n20,Cho2017,2,0.528,0.518,-0.01,,,
B5_n20,Cho2017,3,0.702,0.786,0.08400000000000003,,,
B5_n20,Cho2017,4,0.65,0.616,-0.0339999999999999,,,
B5_n20,Cho2017,5,0.986,0.99,0.004000000000000001,,,
B5_n20,Cho2017,6,0.828,0.6960000000000001,-0.13199999999999992,,,
B5_n20,Cho2017,7,0.5966666666666667,0.5083333333333333,-0.08833333333333329,,,
B5_n20,Cho2017,8,0.554,0.526,-0.027999999999999997,,,
B5_n20,Cho2017,9,0.5549999999999999,0.6066666666666667,0.0516666666666666,,,
B5_n20,Cho2017,10,0.604,0.53,-0.07399999999999993,,,
B5_n20,Cho2017,11,0.5900000000000001,0.556,-0.03399999999999996,,,
B5_n20,Cho2017,12,0.54,0.49800000000000005,-0.042,,,
B5_n20,Cho2017,13,0.8220000000000001,0.8560000000000001,0.034,,,
B5_n20,Cho2017,14,0.784,0.884,0.09999999999999994,,,
B5_n20,Cho2017,15,0.5940000000000001,0.5820000000000001,-0.012,,,
B5_n20,Cho2017,16,0.634,0.5599999999999999,-0.07399999999999994,,,
B5_n20,Cho2017,17,0.49399999999999994,0.536,0.042,,,
B5_n20,Cho2017,18,0.614,0.628,0.01400000000000004,,,
B5_n20,Cho2017,19,0.51,0.514,0.004000000000000022,,,
B5_n20,Cho2017,20,0.556,0.56,0.004000000000000039,,,
B5_n20,Cho2017,21,0.546,0.634,0.08799999999999993,,,
B5_n20,Cho2017,22,0.636,0.528,-0.10799999999999996,,,
B5_n20,Cho2017,23,0.5559999999999999,0.538,-0.017999999999999957,,,
B5_n20,Cho2017,24,0.54,0.538,-0.0020000000000000005,,,
B5_n20,Cho2017,25,0.628,0.6,-0.028000000000000004,,,
B5_n20,Cho2017,26,0.9879999999999999,0.998,0.01,,,
B5_n20,Cho2017,27,0.576,0.5820000000000001,0.005999999999999979,,,
B5_n20,Cho2017,28,0.5,0.71,0.20999999999999988,,,
B5_n20,Cho2017,29,0.532,0.48,-0.052000000000000005,,,
B5_n20,Cho2017,30,0.6759999999999999,0.594,-0.08199999999999993,,,
B5_n20,Cho2017,31,0.518,0.562,0.043999999999999984,,,
B5_n20,Cho2017,32,0.49800000000000005,0.462,-0.035999999999999976,,,
B5_n20,Cho2017,33,0.522,0.54,0.018,,,
B5_n20,Cho2017,34,0.5700000000000001,0.6,0.03000000000000002,,,
B5_n20,Cho2017,35,0.374,0.42400000000000004,0.050000000000000024,,,
B5_n20,Cho2017,36,0.554,0.596,0.04199999999999991,,,
B5_n20,Cho2017,37,0.882,0.8859999999999999,0.00400000000000002,,,
B5_n20,Cho2017,38,0.544,0.556,0.012,,,
B5_n20,Cho2017,39,0.6,0.516,-0.08399999999999994,,,
B5_n20,Cho2017,40,0.516,0.466,-0.049999999999999975,,,
B5_n20,Cho2017,41,0.648,0.638,-0.009999999999999998,,,
B5_n20,Cho2017,42,0.562,0.524,-0.03799999999999998,,,
B5_n20,Cho2017,43,1.0,1.0,0.0,,,
B5_n20,Cho2017,44,0.95,0.9559999999999998,0.006,,,
B5_n20,Cho2017,45,0.516,0.528,0.012,,,
B5_n20,Cho2017,46,0.5650000000000001,0.5966666666666667,0.03166666666666666,,,
B5_n20,Cho2017,47,0.7979999999999999,0.844,0.04600000000000002,,,
B5_n20,Cho2017,48,0.6679999999999999,0.6279999999999999,-0.03999999999999998,,,
B5_n20,Cho2017,49,1.0,0.9960000000000001,-0.004,,,
B5_n20,Cho2017,50,0.9720000000000001,0.9960000000000001,0.024,,,
B5_n20,Cho2017,51,0.65,0.642,-0.00799999999999996,,,
B5_n20,Cho2017,52,0.5740000000000001,0.6140000000000001,0.03999999999999998,,,
B5_n20,Dreyer2023,1,0.7833333333333334,0.795,0.011666666666666641,,,
B5_n20,Dreyer2023,2,0.58,0.6,0.019999999999999962,,,
B5_n20,Dreyer2023,3,0.6583333333333334,0.645,-0.013333333333333319,,,
B5_n20,Dreyer2023,5,0.775,0.7533333333333333,-0.02166666666666666,,,
B5_n20,Dreyer2023,6,0.72,0.7416666666666667,0.021666666666666678,,,
B5_n20,Dreyer2023,7,0.8966666666666667,0.93,0.03333333333333336,,,
B5_n20,Dreyer2023,8,0.7300000000000001,0.8283333333333334,0.09833333333333322,,,
B5_n20,Dreyer2023,10,0.8,0.7266666666666667,-0.07333333333333328,,,
B5_n20,Dreyer2023,11,0.5666666666666667,0.615,0.0483333333333333,,,
B5_n20,Dreyer2023,12,0.8066666666666666,0.795,-0.01166666666666662,,,
B5_n20,Dreyer2023,13,0.6883333333333334,0.6733333333333333,-0.015,,,
B5_n20,Dreyer2023,14,0.6316666666666666,0.655,0.023333333333333338,,,
B5_n20,Dreyer2023,15,0.8133333333333332,0.825,0.01166666666666662,,,
B5_n20,Dreyer2023,16,0.7833333333333333,0.765,-0.01833333333333332,,,
B5_n20,Dreyer2023,18,0.7783333333333333,0.7933333333333333,0.015000000000000003,,,
B5_n20,Dreyer2023,19,0.8116666666666668,0.8533333333333333,0.04166666666666668,,,
B5_n20,Dreyer2023,20,0.8066666666666666,0.8283333333333334,0.02166666666666664,,,
B5_n20,Dreyer2023,21,0.8266666666666668,0.8483333333333334,0.02166666666666664,,,
B5_n20,Dreyer2023,22,0.7783333333333333,0.72,-0.05833333333333331,,,
B5_n20,Dreyer2023,23,0.6733333333333333,0.7016666666666667,0.02833333333333332,,,
B5_n20,Dreyer2023,24,0.8483333333333334,0.8283333333333334,-0.02000000000000002,,,
B5_n20,Dreyer2023,25,0.6033333333333333,0.6133333333333333,0.01,,,
B5_n20,Dreyer2023,26,0.6733333333333333,0.6066666666666667,-0.06666666666666664,,,
B5_n20,Dreyer2023,27,0.6883333333333332,0.7166666666666666,0.0283333333333333,,,
B5_n20,Dreyer2023,28,0.7183333333333334,0.675,-0.043333333333333356,,,
B5_n20,Dreyer2023,30,0.63,0.5883333333333333,-0.041666666666666644,,,
B5_n20,Dreyer2023,31,0.75,0.785,0.034999999999999996,,,
B5_n20,Dreyer2023,32,0.6900000000000001,0.7583333333333333,0.06833333333333327,,,
B5_n20,Dreyer2023,33,0.6483333333333333,0.5883333333333333,-0.05999999999999996,,,
B5_n20,Dreyer2023,34,0.7416666666666667,0.7333333333333334,-0.008333333333333342,,,
B5_n20,Dreyer2023,35,0.6649999999999999,0.6416666666666667,-0.02333333333333328,,,
B5_n20,Dreyer2023,36,0.7016666666666667,0.6783333333333333,-0.023333333333333282,,,
B5_n20,Dreyer2023,37,0.6333333333333333,0.5866666666666667,-0.0466666666666666,,,
B5_n20,Dreyer2023,38,0.7283333333333333,0.7916666666666666,0.06333333333333328,,,
B5_n20,Dreyer2023,39,0.8966666666666667,0.9183333333333333,0.021666666666666702,,,
B5_n20,Dreyer2023,40,0.6948275862068967,0.6965517241379311,0.0017241379310344398,,,
B5_n20,Dreyer2023,42,0.615,0.6366666666666666,0.02166666666666662,,,
B5_n20,Dreyer2023,43,0.805,0.8533333333333333,0.0483333333333333,,,
B5_n20,Dreyer2023,44,0.6216666666666667,0.6199999999999999,-0.001666666666666683,,,
B5_n20,Dreyer2023,45,0.6783333333333333,0.7,0.021666666666666678,,,
B5_n20,Dreyer2023,46,0.6916666666666667,0.6616666666666667,-0.02999999999999998,,,
B5_n20,Dreyer2023,47,0.735,0.8283333333333334,0.09333333333333328,,,
B5_n20,Dreyer2023,48,0.64,0.5116666666666667,-0.12833333333333333,,,
B5_n20,Dreyer2023,49,0.6966666666666667,0.6950000000000001,-0.0016666666666666414,,,
B5_n20,Dreyer2023,50,0.5700000000000001,0.6199999999999999,0.04999999999999994,,,
B5_n20,Dreyer2023,51,0.7066666666666667,0.7033333333333334,-0.0033333333333332984,,,
B5_n20,Dreyer2023,52,0.7033333333333334,0.625,-0.07833333333333321,,,
B5_n20,Dreyer2023,53,0.6916666666666667,0.7383333333333333,0.04666666666666664,,,
B5_n20,Dreyer2023,54,0.6683333333333333,0.725,0.05666666666666664,,,
B5_n20,Dreyer2023,55,0.8916666666666666,0.8699999999999999,-0.02166666666666666,,,
B5_n20,Dreyer2023,56,0.8866666666666667,0.8416666666666666,-0.04499999999999998,,,
B5_n20,Dreyer2023,57,0.5766666666666667,0.6416666666666666,0.06499999999999996,,,
B5_n20,Dreyer2023,58,0.8916666666666666,0.8516666666666668,-0.03999999999999992,,,
B5_n20,Dreyer2023,59,0.7275,0.7825,0.05499999999999998,,,
B5_n20,Dreyer2023,60,0.6950000000000001,0.7766666666666666,0.0816666666666666,,,
B5_n20,Dreyer2023,61,0.7683333333333333,0.78,0.011666666666666657,,,
B5_n20,Dreyer2023,62,0.7233333333333334,0.6916666666666667,-0.03166666666666664,,,
B5_n20,Dreyer2023,63,0.6416666666666666,0.6183333333333334,-0.023333333333333282,,,
B5_n20,Dreyer2023,64,0.6466666666666667,0.63,-0.016666666666666663,,,
B5_n20,Dreyer2023,65,0.8183333333333334,0.8,-0.01833333333333332,,,
B5_n20,Dreyer2023,66,0.665,0.6683333333333333,0.003333333333333341,,,
B5_n20,Dreyer2023,67,0.735,0.8533333333333333,0.11833333333333326,,,
B5_n20,Dreyer2023,68,0.605,0.6316666666666666,0.026666666666666637,,,
B5_n20,Dreyer2023,69,0.7483333333333333,0.7183333333333334,-0.02999999999999996,,,
B5_n20,Dreyer2023,70,0.48166666666666663,0.5266666666666666,0.04499999999999994,,,
B5_n20,Dreyer2023,71,0.6816666666666666,0.7066666666666667,0.02499999999999994,,,
B5_n20,Dreyer2023,72,0.6616666666666667,0.6733333333333333,0.011666666666666641,,,
B5_n20,Dreyer2023,73,0.6283333333333333,0.6983333333333335,0.07000000000000003,,,
B5_n20,Dreyer2023,74,0.635,0.6783333333333333,0.04333333333333332,,,
B5_n20,Dreyer2023,75,0.7183333333333334,0.6866666666666668,-0.03166666666666666,,,
B5_n20,Dreyer2023,76,0.7983333333333333,0.7433333333333334,-0.05499999999999994,,,
B5_n20,Dreyer2023,77,0.735,0.6783333333333333,-0.05666666666666662,,,
B5_n20,Dreyer2023,80,0.5700000000000001,0.6016666666666667,0.03166666666666664,,,
B5_n20,Dreyer2023,81,0.7150000000000001,0.6866666666666666,-0.02833333333333334,,,
B5_n20,Dreyer2023,82,0.78,0.7016666666666667,-0.07833333333333332,,,
B5_n20,Dreyer2023,83,0.6066666666666667,0.6183333333333334,0.011666666666666723,,,
B5_n20,Dreyer2023,84,0.735,0.745,0.01,,,
B5_n20,Dreyer2023,85,0.6916666666666667,0.6616666666666666,-0.030000000000000006,,,
B5_n20,Dreyer2023,86,0.7116666666666667,0.7366666666666666,0.02499999999999994,,,
B5_n20,Dreyer2023,87,0.7416666666666667,0.665,-0.07666666666666663,,,
B5_n20,PhysionetMI,1,0.781060606060606,0.8742424242424243,0.09318181818181816,,,
B5_n20,PhysionetMI,2,0.8115384615384615,0.8646153846153846,0.05307692307692308,,,
B5_n20,PhysionetMI,3,0.8568181818181818,0.8954545454545453,0.0386363636363636,,,
B5_n20,PhysionetMI,4,0.8219696969696969,0.8560606060606061,0.03409090909090912,,,
B5_n20,PhysionetMI,5,0.6477272727272727,0.6037878787878788,-0.04393939393939394,,,
B5_n20,PhysionetMI,6,0.7575757575757576,0.7386363636363635,-0.01893939393939396,,,
B5_n20,PhysionetMI,7,0.9053030303030303,0.9310606060606059,0.02575757575757574,,,
B5_n20,PhysionetMI,8,0.7560606060606061,0.6636363636363637,-0.09242424242424235,,,
B5_n20,PhysionetMI,9,0.7930769230769231,0.7907692307692307,-0.0023076923076923604,,,
B5_n20,PhysionetMI,10,0.5976923076923077,0.6,0.00230769230769228,,,
B5_n20,PhysionetMI,11,0.6227272727272727,0.5931818181818181,-0.02954545454545454,,,
B5_n20,PhysionetMI,12,0.8219696969696969,0.771969696969697,-0.04999999999999998,,,
B5_n20,PhysionetMI,13,0.5409090909090908,0.6348484848484849,0.09393939393939395,,,
B5_n20,PhysionetMI,14,0.7045454545454545,0.781060606060606,0.07651515151515144,,,
B5_n20,PhysionetMI,15,0.8784615384615385,0.8623076923076922,-0.01615384615384618,,,
B5_n20,PhysionetMI,16,0.4954545454545455,0.4621212121212121,-0.033333333333333305,,,
B5_n20,PhysionetMI,17,0.6825757575757576,0.7477272727272727,0.0651515151515151,,,
B5_n20,PhysionetMI,18,0.9462121212121211,0.9477272727272726,0.0015151515151515,,,
B5_n20,PhysionetMI,19,0.8363636363636363,0.8242424242424242,-0.01212121212121208,,,
B5_n20,PhysionetMI,20,0.7954545454545455,0.8484848484848484,0.05303030303030298,,,
B5_n20,PhysionetMI,21,0.4045454545454545,0.4242424242424242,0.019696969696969678,,,
B5_n20,PhysionetMI,22,0.8583333333333334,0.8583333333333334,3.8857805861880476e-17,,,
B5_n20,PhysionetMI,23,0.6046153846153846,0.6392307692307693,0.03461538461538456,,,
B5_n20,PhysionetMI,24,0.6053030303030302,0.6234848484848484,0.01818181818181814,,,
B5_n20,PhysionetMI,25,0.6227272727272728,0.5098484848484849,-0.11287878787878783,,,
B5_n20,PhysionetMI,26,0.5453846153846154,0.45384615384615384,-0.0915384615384615,,,
B5_n20,PhysionetMI,27,0.7234848484848485,0.718939393939394,-0.004545454545454559,,,
B5_n20,PhysionetMI,28,0.7727272727272727,0.7787878787878788,0.006060606060606058,,,
B5_n20,PhysionetMI,29,0.8106060606060606,0.8280303030303031,0.017424242424242477,,,
B5_n20,PhysionetMI,30,0.8378787878787879,0.8651515151515152,0.027272727272727282,,,
B5_n20,PhysionetMI,31,0.45378787878787874,0.6515151515151515,0.1977272727272727,,,
B5_n20,PhysionetMI,32,0.7892307692307693,0.8438461538461539,0.05461538461538458,,,
B5_n20,PhysionetMI,33,0.9303030303030303,0.949242424242424,0.01893939393939382,,,
B5_n20,PhysionetMI,34,0.8492307692307692,0.6507692307692308,-0.1984615384615384,,,
B5_n20,PhysionetMI,35,0.7340909090909091,0.7856060606060606,0.05151515151515146,,,
B5_n20,PhysionetMI,36,0.6401515151515152,0.8333333333333334,0.19318181818181812,,,
B5_n20,PhysionetMI,37,0.6507575757575758,0.5537878787878788,-0.09696969696969691,,,
B5_n20,PhysionetMI,38,0.44696969696969696,0.33484848484848484,-0.11212121212121207,,,
B5_n20,PhysionetMI,39,0.7431818181818182,0.6856060606060606,-0.05757575757575754,,,
B5_n20,PhysionetMI,40,0.6901515151515152,0.7416666666666667,0.05151515151515148,,,
B5_n20,PhysionetMI,41,0.9292307692307693,0.9338461538461538,0.00461538461538454,,,
B5_n20,PhysionetMI,42,0.9030303030303031,0.9477272727272726,0.04469696969696966,,,
B5_n20,PhysionetMI,43,0.5484848484848486,0.7825757575757576,0.234090909090909,,,
B5_n20,PhysionetMI,44,0.8219696969696969,0.7681818181818182,-0.05378787878787879,,,
B5_n20,PhysionetMI,45,0.5954545454545455,0.603030303030303,0.007575757575757579,,,
B5_n20,PhysionetMI,46,0.7083333333333334,0.6598484848484849,-0.048484848484848506,,,
B5_n20,PhysionetMI,47,0.6954545454545455,0.7825757575757576,0.08712121212121213,,,
B5_n20,PhysionetMI,48,0.8469696969696969,0.9318181818181819,0.0848484848484848,,,
B5_n20,PhysionetMI,49,0.5431818181818182,0.6037878787878788,0.060606060606060566,,,
B5_n20,PhysionetMI,50,0.7439393939393939,0.7901515151515153,0.04621212121212128,,,
B5_n20,PhysionetMI,51,0.7439393939393939,0.7265151515151516,-0.01742424242424238,,,
B5_n20,PhysionetMI,52,0.6861538461538461,0.7853846153846155,0.0992307692307692,,,
B5_n20,PhysionetMI,53,0.6901515151515152,0.9128787878787877,0.2227272727272726,,,
B5_n20,PhysionetMI,54,0.9363636363636363,0.8666666666666668,-0.06969696969696967,,,
B5_n20,PhysionetMI,55,0.825,0.8825757575757576,0.05757575757575754,,,
B5_n20,PhysionetMI,56,0.7075757575757576,0.7742424242424242,0.0666666666666666,,,
B5_n20,PhysionetMI,57,0.8901515151515152,0.9409090909090908,0.05075757575757568,,,
B5_n20,PhysionetMI,58,0.8130769230769233,0.8315384615384616,0.0184615384615384,,,
B5_n20,PhysionetMI,59,0.7454545454545455,0.6189393939393939,-0.12651515151515147,,,
B5_n20,PhysionetMI,60,0.8846153846153847,0.7569230769230769,-0.1276923076923077,,,
B5_n20,PhysionetMI,61,0.740151515151515,0.7856060606060605,0.045454545454545484,,,
B5_n20,PhysionetMI,62,0.9166666666666664,0.8416666666666668,-0.07499999999999991,,,
B5_n20,PhysionetMI,63,0.7681818181818182,0.6742424242424242,-0.0939393939393939,,,
B5_n20,PhysionetMI,64,0.7621212121212121,0.5977272727272728,-0.16439393939393937,,,
B5_n20,PhysionetMI,65,0.8075757575757576,0.8106060606060606,0.0030303030303029596,,,
B5_n20,PhysionetMI,66,0.7113636363636363,0.6787878787878788,-0.03257575757575756,,,
B5_n20,PhysionetMI,67,0.7416666666666667,0.8583333333333332,0.11666666666666659,,,
B5_n20,PhysionetMI,68,0.6946969696969697,0.6174242424242424,-0.07727272727272726,,,
B5_n20,PhysionetMI,69,0.6369230769230769,0.8653846153846153,0.2284615384615384,,,
B5_n20,PhysionetMI,70,0.8007575757575758,0.8204545454545455,0.019696969696969602,,,
B5_n20,PhysionetMI,71,0.8159090909090908,0.8560606060606061,0.04015151515151516,,,
B5_n20,PhysionetMI,72,0.9272727272727274,0.990909090909091,0.06363636363636357,,,
B5_n20,PhysionetMI,73,0.6462121212121212,0.7174242424242425,0.07121212121212121,,,
B5_n20,PhysionetMI,74,0.6568181818181819,0.6681818181818182,0.011363636363636359,,,
B5_n20,PhysionetMI,75,0.409090909090909,0.5757575757575758,0.16666666666666663,,,
B5_n20,PhysionetMI,76,0.5151515151515151,0.4242424242424242,-0.09090909090909088,,,
B5_n20,PhysionetMI,77,0.5984848484848484,0.6522727272727272,0.05378787878787879,,,
B5_n20,PhysionetMI,78,0.5007575757575757,0.6143939393939394,0.11363636363636358,,,
B5_n20,PhysionetMI,79,0.65,0.6151515151515151,-0.03484848484848484,,,
B5_n20,PhysionetMI,80,0.8076923076923077,0.7392307692307692,-0.0684615384615384,,,
B5_n20,PhysionetMI,81,0.7439393939393939,0.6606060606060606,-0.08333333333333326,,,
B5_n20,PhysionetMI,82,0.6537878787878788,0.696969696969697,0.04318181818181816,,,
B5_n20,PhysionetMI,83,0.6892307692307693,0.5930769230769231,-0.09615384615384615,,,
B5_n20,PhysionetMI,84,0.8583333333333334,0.7446969696969697,-0.11363636363636367,,,
B5_n20,PhysionetMI,85,0.6727272727272727,0.6325757575757576,-0.04015151515151512,,,
B5_n20,PhysionetMI,86,0.8538461538461538,0.953846153846154,0.1,,,
B5_n20,PhysionetMI,87,0.6196969696969696,0.5386363636363637,-0.08106060606060597,,,
B5_n20,PhysionetMI,90,0.7621212121212121,0.7772727272727273,0.01515151515151512,,,
B5_n20,PhysionetMI,91,0.6924242424242424,0.8166666666666668,0.12424242424242422,,,
B5_n20,PhysionetMI,93,0.7174242424242424,0.7522727272727273,0.034848484848484865,,,
B5_n20,PhysionetMI,94,0.6962121212121213,0.8136363636363637,0.11742424242424236,,,
B5_n20,PhysionetMI,95,0.6138461538461538,0.5884615384615384,-0.025384615384615377,,,
B5_n20,PhysionetMI,96,0.7507575757575757,0.681060606060606,-0.06969696969696967,,,
B5_n20,PhysionetMI,97,0.7621212121212121,0.875,0.11287878787878784,,,
B5_n20,PhysionetMI,98,0.4446969696969697,0.4674242424242424,0.02272727272727268,,,
B5_n20,PhysionetMI,99,0.5424242424242424,0.5522727272727272,0.009848484848484856,,,
B5_n20,PhysionetMI,101,0.826153846153846,0.8669230769230769,0.04076923076923072,,,
B5_n20,PhysionetMI,102,0.6439393939393939,0.7143939393939395,0.07045454545454546,,,
B5_n20,PhysionetMI,103,0.6795454545454545,0.6833333333333333,0.003787878787878818,,,
B5_n20,PhysionetMI,105,0.834848484848485,0.906060606060606,0.07121212121212118,,,
B5_n20,PhysionetMI,107,0.4537878787878788,0.4871212121212121,0.03333333333333334,,,
B5_n20,PhysionetMI,108,0.7219696969696969,0.840909090909091,0.1189393939393939,,,
B5_n20,PhysionetMI,109,0.6303030303030303,0.5954545454545455,-0.03484848484848484,,,
B5_n40,Cho2017,1,0.596,0.6559999999999999,0.05999999999999987,,,
B5_n40,Cho2017,2,0.528,0.526,-0.0020000000000000213,,,
B5_n40,Cho2017,3,0.702,0.852,0.14999999999999997,,,
B5_n40,Cho2017,4,0.65,0.6639999999999999,0.014000000000000002,,,
B5_n40,Cho2017,5,0.986,0.99,0.004000000000000001,,,
B5_n40,Cho2017,6,0.828,0.836,0.008,,,
B5_n40,Cho2017,7,0.5966666666666667,0.5433333333333333,-0.053333333333333274,,,
B5_n40,Cho2017,8,0.554,0.556,0.0019999999999999766,,,
B5_n40,Cho2017,9,0.5549999999999999,0.615,0.05999999999999998,,,
B5_n40,Cho2017,10,0.604,0.5720000000000001,-0.03199999999999996,,,
B5_n40,Cho2017,11,0.5900000000000001,0.5720000000000001,-0.018,,,
B5_n40,Cho2017,12,0.54,0.584,0.04399999999999996,,,
B5_n40,Cho2017,13,0.8220000000000001,0.932,0.10999999999999992,,,
B5_n40,Cho2017,14,0.784,0.892,0.1079999999999999,,,
B5_n40,Cho2017,15,0.5940000000000001,0.628,0.033999999999999975,,,
B5_n40,Cho2017,16,0.634,0.5740000000000001,-0.05999999999999992,,,
B5_n40,Cho2017,17,0.49399999999999994,0.522,0.028000000000000004,,,
B5_n40,Cho2017,18,0.614,0.646,0.032,,,
B5_n40,Cho2017,19,0.51,0.542,0.03199999999999999,,,
B5_n40,Cho2017,20,0.556,0.562,0.006000000000000021,,,
B5_n40,Cho2017,21,0.546,0.6,0.05399999999999998,,,
B5_n40,Cho2017,22,0.636,0.554,-0.08199999999999999,,,
B5_n40,Cho2017,23,0.5559999999999999,0.548,-0.007999999999999941,,,
B5_n40,Cho2017,24,0.54,0.5740000000000001,0.03399999999999998,,,
B5_n40,Cho2017,25,0.628,0.5760000000000001,-0.051999999999999935,,,
B5_n40,Cho2017,26,0.9879999999999999,0.9960000000000001,0.008,,,
B5_n40,Cho2017,27,0.576,0.522,-0.05399999999999998,,,
B5_n40,Cho2017,28,0.5,0.718,0.21799999999999997,,,
B5_n40,Cho2017,29,0.532,0.46799999999999997,-0.06399999999999996,,,
B5_n40,Cho2017,30,0.6759999999999999,0.576,-0.09999999999999991,,,
B5_n40,Cho2017,31,0.518,0.606,0.08799999999999995,,,
B5_n40,Cho2017,32,0.49800000000000005,0.516,0.018,,,
B5_n40,Cho2017,33,0.522,0.536,0.014000000000000002,,,
B5_n40,Cho2017,34,0.5700000000000001,0.506,-0.06399999999999996,,,
B5_n40,Cho2017,35,0.374,0.43599999999999994,0.061999999999999944,,,
B5_n40,Cho2017,36,0.554,0.5880000000000001,0.03399999999999996,,,
B5_n40,Cho2017,37,0.882,0.876,-0.0059999999999999585,,,
B5_n40,Cho2017,38,0.544,0.556,0.01199999999999998,,,
B5_n40,Cho2017,39,0.6,0.49800000000000005,-0.10199999999999998,,,
B5_n40,Cho2017,40,0.516,0.46399999999999997,-0.051999999999999956,,,
B5_n40,Cho2017,41,0.648,0.648,0.0,,,
B5_n40,Cho2017,42,0.562,0.526,-0.03599999999999998,,,
B5_n40,Cho2017,43,1.0,1.0,0.0,,,
B5_n40,Cho2017,44,0.95,0.952,0.002,,,
B5_n40,Cho2017,45,0.516,0.542,0.026000000000000023,,,
B5_n40,Cho2017,46,0.5650000000000001,0.6066666666666667,0.04166666666666667,,,
B5_n40,Cho2017,47,0.7979999999999999,0.8939999999999999,0.09599999999999999,,,
B5_n40,Cho2017,48,0.6679999999999999,0.638,-0.02999999999999996,,,
B5_n40,Cho2017,49,1.0,0.994,-0.006,,,
B5_n40,Cho2017,50,0.9720000000000001,0.9960000000000001,0.024,,,
B5_n40,Cho2017,51,0.65,0.6599999999999999,0.01000000000000004,,,
B5_n40,Cho2017,52,0.5740000000000001,0.6619999999999999,0.08799999999999993,,,
B5_n40,Dreyer2023,1,0.7833333333333334,0.85,0.06666666666666664,,,
B5_n40,Dreyer2023,2,0.58,0.5916666666666667,0.0116666666666667,,,
B5_n40,Dreyer2023,3,0.6583333333333334,0.6766666666666666,0.01833333333333332,,,
B5_n40,Dreyer2023,5,0.775,0.7716666666666667,-0.0033333333333333596,,,
B5_n40,Dreyer2023,6,0.72,0.7350000000000001,0.015000000000000019,,,
B5_n40,Dreyer2023,7,0.8966666666666667,0.9566666666666667,0.05999999999999992,,,
B5_n40,Dreyer2023,8,0.7300000000000001,0.8183333333333334,0.08833333333333324,,,
B5_n40,Dreyer2023,10,0.8,0.7483333333333333,-0.05166666666666666,,,
B5_n40,Dreyer2023,11,0.5666666666666667,0.63,0.06333333333333328,,,
B5_n40,Dreyer2023,12,0.8066666666666666,0.8083333333333333,0.0016666666666667004,,,
B5_n40,Dreyer2023,13,0.6883333333333334,0.6866666666666668,-0.0016666666666666802,,,
B5_n40,Dreyer2023,14,0.6316666666666666,0.6266666666666667,-0.005,,,
B5_n40,Dreyer2023,15,0.8133333333333332,0.8466666666666667,0.033333333333333305,,,
B5_n40,Dreyer2023,16,0.7833333333333333,0.7933333333333333,0.01000000000000002,,,
B5_n40,Dreyer2023,18,0.7783333333333333,0.845,0.06666666666666664,,,
B5_n40,Dreyer2023,19,0.8116666666666668,0.875,0.0633333333333333,,,
B5_n40,Dreyer2023,20,0.8066666666666666,0.835,0.02833333333333332,,,
B5_n40,Dreyer2023,21,0.8266666666666668,0.8483333333333334,0.02166666666666666,,,
B5_n40,Dreyer2023,22,0.7783333333333333,0.77,-0.00833333333333336,,,
B5_n40,Dreyer2023,23,0.6733333333333333,0.7416666666666666,0.0683333333333333,,,
B5_n40,Dreyer2023,24,0.8483333333333334,0.8533333333333333,0.00499999999999996,,,
B5_n40,Dreyer2023,25,0.6033333333333333,0.6533333333333333,0.04999999999999996,,,
B5_n40,Dreyer2023,26,0.6733333333333333,0.6683333333333333,-0.004999999999999999,,,
B5_n40,Dreyer2023,27,0.6883333333333332,0.6933333333333334,0.0049999999999999975,,,
B5_n40,Dreyer2023,28,0.7183333333333334,0.6583333333333333,-0.06000000000000001,,,
B5_n40,Dreyer2023,30,0.63,0.6266666666666667,-0.0033333333333333006,,,
B5_n40,Dreyer2023,31,0.75,0.7983333333333333,0.048333333333333325,,,
B5_n40,Dreyer2023,32,0.6900000000000001,0.7916666666666667,0.10166666666666664,,,
B5_n40,Dreyer2023,33,0.6483333333333333,0.6183333333333334,-0.03,,,
B5_n40,Dreyer2023,34,0.7416666666666667,0.755,0.0133333333333333,,,
B5_n40,Dreyer2023,35,0.6649999999999999,0.6833333333333333,0.01833333333333336,,,
B5_n40,Dreyer2023,36,0.7016666666666667,0.6866666666666668,-0.01499999999999998,,,
B5_n40,Dreyer2023,37,0.6333333333333333,0.6266666666666667,-0.006666666666666659,,,
B5_n40,Dreyer2023,38,0.7283333333333333,0.8366666666666667,0.10833333333333332,,,
B5_n40,Dreyer2023,39,0.8966666666666667,0.9216666666666666,0.02500000000000006,,,
B5_n40,Dreyer2023,40,0.6948275862068967,0.6982758620689655,0.0034482758620689195,,,
B5_n40,Dreyer2023,42,0.615,0.6716666666666666,0.0566666666666666,,,
B5_n40,Dreyer2023,43,0.805,0.8800000000000001,0.07499999999999993,,,
B5_n40,Dreyer2023,44,0.6216666666666667,0.5916666666666666,-0.02999999999999996,,,
B5_n40,Dreyer2023,45,0.6783333333333333,0.6950000000000001,0.01666666666666668,,,
B5_n40,Dreyer2023,46,0.6916666666666667,0.6216666666666667,-0.06999999999999994,,,
B5_n40,Dreyer2023,47,0.735,0.8333333333333334,0.09833333333333334,,,
B5_n40,Dreyer2023,48,0.64,0.615,-0.025,,,
B5_n40,Dreyer2023,49,0.6966666666666667,0.71,0.01333333333333336,,,
B5_n40,Dreyer2023,50,0.5700000000000001,0.5816666666666667,0.011666666666666659,,,
B5_n40,Dreyer2023,51,0.7066666666666667,0.7150000000000001,0.00833333333333334,,,
B5_n40,Dreyer2023,52,0.7033333333333334,0.6666666666666666,-0.03666666666666662,,,
B5_n40,Dreyer2023,53,0.6916666666666667,0.75,0.058333333333333307,,,
B5_n40,Dreyer2023,54,0.6683333333333333,0.7483333333333333,0.07999999999999993,,,
B5_n40,Dreyer2023,55,0.8916666666666666,0.8583333333333332,-0.03333333333333334,,,
B5_n40,Dreyer2023,56,0.8866666666666667,0.9266666666666665,0.03999999999999998,,,
B5_n40,Dreyer2023,57,0.5766666666666667,0.6483333333333333,0.07166666666666663,,,
B5_n40,Dreyer2023,58,0.8916666666666666,0.8816666666666666,-0.00999999999999996,,,
B5_n40,Dreyer2023,59,0.7275,0.755,0.027500000000000004,,,
B5_n40,Dreyer2023,60,0.6950000000000001,0.7433333333333334,0.04833333333333326,,,
B5_n40,Dreyer2023,61,0.7683333333333333,0.78,0.01166666666666664,,,
B5_n40,Dreyer2023,62,0.7233333333333334,0.6983333333333334,-0.02499999999999996,,,
B5_n40,Dreyer2023,63,0.6416666666666666,0.6833333333333333,0.041666666666666664,,,
B5_n40,Dreyer2023,64,0.6466666666666667,0.6616666666666666,0.014999999999999958,,,
B5_n40,Dreyer2023,65,0.8183333333333334,0.77,-0.0483333333333333,,,
B5_n40,Dreyer2023,66,0.665,0.6366666666666667,-0.0283333333333333,,,
B5_n40,Dreyer2023,67,0.735,0.8283333333333334,0.09333333333333324,,,
B5_n40,Dreyer2023,68,0.605,0.6366666666666666,0.03166666666666662,,,
B5_n40,Dreyer2023,69,0.7483333333333333,0.765,0.01666666666666668,,,
B5_n40,Dreyer2023,70,0.48166666666666663,0.5716666666666667,0.08999999999999994,,,
B5_n40,Dreyer2023,71,0.6816666666666666,0.7516666666666667,0.06999999999999994,,,
B5_n40,Dreyer2023,72,0.6616666666666667,0.6633333333333333,0.001666666666666619,,,
B5_n40,Dreyer2023,73,0.6283333333333333,0.7116666666666667,0.08333333333333329,,,
B5_n40,Dreyer2023,74,0.635,0.6583333333333334,0.02333333333333332,,,
B5_n40,Dreyer2023,75,0.7183333333333334,0.6950000000000001,-0.023333333333333338,,,
B5_n40,Dreyer2023,76,0.7983333333333333,0.7283333333333333,-0.06999999999999997,,,
B5_n40,Dreyer2023,77,0.735,0.6616666666666667,-0.07333333333333324,,,
B5_n40,Dreyer2023,80,0.5700000000000001,0.615,0.044999999999999964,,,
B5_n40,Dreyer2023,81,0.7150000000000001,0.7266666666666667,0.011666666666666622,,,
B5_n40,Dreyer2023,82,0.78,0.775,-0.004999999999999999,,,
B5_n40,Dreyer2023,83,0.6066666666666667,0.655,0.04833333333333334,,,
B5_n40,Dreyer2023,84,0.735,0.7433333333333334,0.008333333333333321,,,
B5_n40,Dreyer2023,85,0.6916666666666667,0.6566666666666666,-0.03499999999999996,,,
B5_n40,Dreyer2023,86,0.7116666666666667,0.7216666666666667,0.009999999999999959,,,
B5_n40,Dreyer2023,87,0.7416666666666667,0.6616666666666666,-0.07999999999999999,,,
B5_n80,Cho2017,1,0.596,0.6559999999999999,0.05999999999999994,,,
B5_n80,Cho2017,2,0.528,0.526,-0.00200000000000002,,,
B5_n80,Cho2017,3,0.702,0.8099999999999999,0.10800000000000001,,,
B5_n80,Cho2017,4,0.65,0.6559999999999999,0.005999999999999979,,,
B5_n80,Cho2017,5,0.986,0.99,0.004000000000000001,,,
B5_n80,Cho2017,6,0.828,0.8220000000000001,-0.00599999999999998,,,
B5_n80,Cho2017,7,0.5966666666666667,0.5483333333333333,-0.0483333333333333,,,
B5_n80,Cho2017,8,0.554,0.556,0.0020000000000000018,,,
B5_n80,Cho2017,9,0.5549999999999999,0.6316666666666666,0.0766666666666666,,,
B5_n80,Cho2017,10,0.604,0.544,-0.05999999999999994,,,
B5_n80,Cho2017,11,0.5900000000000001,0.5800000000000001,-0.01,,,
B5_n80,Cho2017,12,0.54,0.6759999999999999,0.13599999999999993,,,
B5_n80,Cho2017,13,0.8220000000000001,0.932,0.10999999999999992,,,
B5_n80,Cho2017,14,0.784,0.8879999999999999,0.1039999999999999,,,
B5_n80,Cho2017,15,0.5940000000000001,0.578,-0.01600000000000002,,,
B5_n80,Cho2017,16,0.634,0.5700000000000001,-0.0639999999999999,,,
B5_n80,Cho2017,17,0.49399999999999994,0.526,0.032,,,
B5_n80,Cho2017,18,0.614,0.628,0.014000000000000018,,,
B5_n80,Cho2017,19,0.51,0.542,0.032,,,
B5_n80,Cho2017,20,0.556,0.628,0.07199999999999997,,,
B5_n80,Cho2017,21,0.546,0.5840000000000001,0.03800000000000002,,,
B5_n80,Cho2017,22,0.636,0.596,-0.03999999999999996,,,
B5_n80,Cho2017,23,0.5559999999999999,0.584,0.028000000000000018,,,
B5_n80,Cho2017,24,0.54,0.5660000000000001,0.026000000000000002,,,
B5_n80,Cho2017,25,0.628,0.5900000000000001,-0.03800000000000004,,,
B5_n80,Cho2017,26,0.9879999999999999,0.998,0.01,,,
B5_n80,Cho2017,27,0.576,0.548,-0.02799999999999998,,,
B5_n80,Cho2017,28,0.5,0.7380000000000001,0.238,,,
B5_n80,Cho2017,29,0.532,0.516,-0.015999999999999997,,,
B5_n80,Cho2017,30,0.6759999999999999,0.63,-0.045999999999999916,,,
B5_n80,Cho2017,31,0.518,0.584,0.06599999999999996,,,
B5_n80,Cho2017,32,0.49800000000000005,0.516,0.01799999999999994,,,
B5_n80,Cho2017,33,0.522,0.518,-0.003999999999999979,,,
B5_n80,Cho2017,34,0.5700000000000001,0.5820000000000001,0.011999999999999983,,,
B5_n80,Cho2017,35,0.374,0.746,0.372,,,
B5_n80,Cho2017,36,0.554,0.5820000000000001,0.02799999999999996,,,
B5_n80,Cho2017,37,0.882,0.866,-0.01599999999999996,,,
B5_n80,Cho2017,38,0.544,0.55,0.006000000000000003,,,
B5_n80,Cho2017,39,0.6,0.528,-0.07199999999999994,,,
B5_n80,Cho2017,40,0.516,0.48599999999999993,-0.030000000000000006,,,
B5_n80,Cho2017,41,0.648,0.682,0.033999999999999975,,,
B5_n80,Cho2017,42,0.562,0.512,-0.05,,,
B5_n80,Cho2017,43,1.0,1.0,0.0,,,
B5_n80,Cho2017,44,0.95,0.95,0.0,,,
B5_n80,Cho2017,45,0.516,0.54,0.024,,,
B5_n80,Cho2017,46,0.5650000000000001,0.6766666666666666,0.11166666666666661,,,
B5_n80,Cho2017,47,0.7979999999999999,0.8640000000000001,0.066,,,
B5_n80,Cho2017,48,0.6679999999999999,0.65,-0.01799999999999998,,,
B5_n80,Cho2017,49,1.0,1.0,0.0,,,
B5_n80,Cho2017,50,0.9720000000000001,1.0,0.027999999999999997,,,
B5_n80,Cho2017,51,0.65,0.6060000000000001,-0.043999999999999914,,,
B5_n80,Cho2017,52,0.5740000000000001,0.65,0.07599999999999998,,,
B5_n80,Dreyer2023,1,0.7833333333333334,0.8016666666666667,0.01833333333333332,,,
B5_n80,Dreyer2023,2,0.58,0.61,0.02999999999999996,,,
B5_n80,Dreyer2023,3,0.6583333333333334,0.7166666666666667,0.058333333333333307,,,
B5_n80,Dreyer2023,5,0.775,0.7966666666666666,0.02166666666666662,,,
B5_n80,Dreyer2023,6,0.72,0.7433333333333334,0.0233333333333333,,,
B5_n80,Dreyer2023,7,0.8966666666666667,0.9516666666666665,0.05499999999999994,,,
B5_n80,Dreyer2023,8,0.7300000000000001,0.78,0.049999999999999954,,,
B5_n80,Dreyer2023,10,0.8,0.8383333333333333,0.038333333333333296,,,
B5_n80,Dreyer2023,11,0.5666666666666667,0.6,0.03333333333333331,,,
B5_n80,Dreyer2023,12,0.8066666666666666,0.8466666666666667,0.03999999999999998,,,
B5_n80,Dreyer2023,13,0.6883333333333334,0.7333333333333333,0.04499999999999994,,,
B5_n80,Dreyer2023,14,0.6316666666666666,0.6533333333333333,0.021666666666666636,,,
B5_n80,Dreyer2023,15,0.8133333333333332,0.8533333333333333,0.03999999999999994,,,
B5_n80,Dreyer2023,16,0.7833333333333333,0.75,-0.0333333333333333,,,
B5_n80,Dreyer2023,18,0.7783333333333333,0.8150000000000001,0.03666666666666668,,,
B5_n80,Dreyer2023,19,0.8116666666666668,0.8883333333333333,0.07666666666666659,,,
B5_n80,Dreyer2023,20,0.8066666666666666,0.8166666666666667,0.009999999999999981,,,
B5_n80,Dreyer2023,21,0.8266666666666668,0.8566666666666667,0.02999999999999998,,,
B5_n80,Dreyer2023,22,0.7783333333333333,0.8166666666666667,0.03833333333333326,,,
B5_n80,Dreyer2023,23,0.6733333333333333,0.7166666666666666,0.04333333333333328,,,
B5_n80,Dreyer2023,24,0.8483333333333334,0.8616666666666667,0.013333333333333263,,,
B5_n80,Dreyer2023,25,0.6033333333333333,0.6916666666666667,0.08833333333333324,,,
B5_n80,Dreyer2023,26,0.6733333333333333,0.6849999999999999,0.011666666666666641,,,
B5_n80,Dreyer2023,27,0.6883333333333332,0.7166666666666667,0.02833333333333334,,,
B5_n80,Dreyer2023,28,0.7183333333333334,0.7,-0.01833333333333336,,,
B5_n80,Dreyer2023,30,0.63,0.6183333333333334,-0.0116666666666666,,,
B5_n80,Dreyer2023,31,0.75,0.8,0.049999999999999975,,,
B5_n80,Dreyer2023,32,0.6900000000000001,0.7783333333333333,0.0883333333333333,,,
B5_n80,Dreyer2023,33,0.6483333333333333,0.7066666666666667,0.05833333333333326,,,
B5_n80,Dreyer2023,34,0.7416666666666667,0.7733333333333333,0.03166666666666662,,,
B5_n80,Dreyer2023,35,0.6649999999999999,0.76,0.095,,,
B5_n80,Dreyer2023,36,0.7016666666666667,0.7266666666666667,0.025,,,
B5_n80,Dreyer2023,37,0.6333333333333333,0.6416666666666667,0.00833333333333334,,,
B5_n80,Dreyer2023,38,0.7283333333333333,0.8166666666666667,0.08833333333333326,,,
B5_n80,Dreyer2023,39,0.8966666666666667,0.93,0.03333333333333334,,,
B5_n80,Dreyer2023,40,0.6948275862068967,0.7293103448275862,0.03448275862068962,,,
B5_n80,Dreyer2023,42,0.615,0.67,0.05499999999999994,,,
B5_n80,Dreyer2023,43,0.805,0.8699999999999999,0.06499999999999993,,,
B5_n80,Dreyer2023,44,0.6216666666666667,0.6066666666666667,-0.014999999999999961,,,
B5_n80,Dreyer2023,45,0.6783333333333333,0.7383333333333333,0.05999999999999994,,,
B5_n80,Dreyer2023,46,0.6916666666666667,0.65,-0.041666666666666644,,,
B5_n80,Dreyer2023,47,0.735,0.8583333333333334,0.12333333333333327,,,
B5_n80,Dreyer2023,48,0.64,0.5816666666666667,-0.05833333333333333,,,
B5_n80,Dreyer2023,49,0.6966666666666667,0.7283333333333333,0.03166666666666666,,,
B5_n80,Dreyer2023,50,0.5700000000000001,0.6116666666666666,0.041666666666666644,,,
B5_n80,Dreyer2023,51,0.7066666666666667,0.7233333333333334,0.016666666666666656,,,
B5_n80,Dreyer2023,52,0.7033333333333334,0.6383333333333334,-0.0649999999999999,,,
B5_n80,Dreyer2023,53,0.6916666666666667,0.74,0.0483333333333333,,,
B5_n80,Dreyer2023,54,0.6683333333333333,0.7383333333333333,0.06999999999999998,,,
B5_n80,Dreyer2023,55,0.8916666666666666,0.8783333333333333,-0.01333333333333334,,,
B5_n80,Dreyer2023,56,0.8866666666666667,0.8983333333333332,0.01166666666666668,,,
B5_n80,Dreyer2023,57,0.5766666666666667,0.6016666666666667,0.025,,,
B5_n80,Dreyer2023,58,0.8916666666666666,0.8816666666666666,-0.009999999999999981,,,
B5_n80,Dreyer2023,59,0.7275,0.7675,0.03999999999999998,,,
B5_n80,Dreyer2023,60,0.6950000000000001,0.7983333333333333,0.10333333333333328,,,
B5_n80,Dreyer2023,61,0.7683333333333333,0.7833333333333334,0.01499999999999998,,,
B5_n80,Dreyer2023,62,0.7233333333333334,0.6916666666666667,-0.03166666666666666,,,
B5_n80,Dreyer2023,63,0.6416666666666666,0.675,0.033333333333333305,,,
B5_n80,Dreyer2023,64,0.6466666666666667,0.6666666666666667,0.01999999999999998,,,
B5_n80,Dreyer2023,65,0.8183333333333334,0.7866666666666667,-0.031666666666666635,,,
B5_n80,Dreyer2023,66,0.665,0.6683333333333333,0.00333333333333332,,,
B5_n80,Dreyer2023,67,0.735,0.8099999999999999,0.07499999999999993,,,
B5_n80,Dreyer2023,68,0.605,0.6183333333333334,0.013333333333333358,,,
B5_n80,Dreyer2023,69,0.7483333333333333,0.7133333333333333,-0.034999999999999996,,,
B5_n80,Dreyer2023,70,0.48166666666666663,0.5616666666666668,0.07999999999999996,,,
B5_n80,Dreyer2023,71,0.6816666666666666,0.6983333333333334,0.016666666666666642,,,
B5_n80,Dreyer2023,72,0.6616666666666667,0.7150000000000001,0.053333333333333253,,,
B5_n80,Dreyer2023,73,0.6283333333333333,0.7133333333333333,0.08499999999999992,,,
B5_n80,Dreyer2023,74,0.635,0.6716666666666666,0.03666666666666664,,,
B5_n80,Dreyer2023,75,0.7183333333333334,0.7166666666666667,-0.0016666666666666802,,,
B5_n80,Dreyer2023,76,0.7983333333333333,0.7733333333333333,-0.02499999999999994,,,
B5_n80,Dreyer2023,77,0.735,0.6983333333333334,-0.036666666666666604,,,
B5_n80,Dreyer2023,80,0.5700000000000001,0.5916666666666667,0.02166666666666664,,,
B5_n80,Dreyer2023,81,0.7150000000000001,0.6983333333333334,-0.01666666666666666,,,
B5_n80,Dreyer2023,82,0.78,0.7849999999999999,0.004999999999999982,,,
B5_n80,Dreyer2023,83,0.6066666666666667,0.6416666666666667,0.03500000000000002,,,
B5_n80,Dreyer2023,84,0.735,0.7433333333333334,0.00833333333333334,,,
B5_n80,Dreyer2023,85,0.6916666666666667,0.6983333333333334,0.006666666666666661,,,
B5_n80,Dreyer2023,86,0.7116666666666667,0.7466666666666667,0.034999999999999934,,,
B5_n80,Dreyer2023,87,0.7416666666666667,0.6983333333333334,-0.0433333333333333,,,
B6_film_all,Cho2017,1,0.596,0.6519999999999999,0.05599999999999992,,,
B6_film_all,Cho2017,2,0.528,0.512,-0.016,,,
B6_film_all,Cho2017,3,0.702,0.818,0.11599999999999999,,,
B6_film_all,Cho2017,4,0.65,0.6559999999999999,0.005999999999999999,,,
B6_film_all,Cho2017,5,0.986,0.99,0.004000000000000001,,,
B6_film_all,Cho2017,6,0.828,0.8379999999999999,0.009999999999999998,,,
B6_film_all,Cho2017,7,0.5966666666666667,0.5666666666666667,-0.02999999999999996,,,
B6_film_all,Cho2017,8,0.554,0.546,-0.00799999999999998,,,
B6_film_all,Cho2017,9,0.5549999999999999,0.6483333333333333,0.09333333333333327,,,
B6_film_all,Cho2017,10,0.604,0.576,-0.02799999999999996,,,
B6_film_all,Cho2017,11,0.5900000000000001,0.528,-0.061999999999999965,,,
B6_film_all,Cho2017,12,0.54,0.682,0.14199999999999996,,,
B6_film_all,Cho2017,13,0.8220000000000001,0.9339999999999999,0.11199999999999995,,,
B6_film_all,Cho2017,14,0.784,0.884,0.09999999999999992,,,
B6_film_all,Cho2017,15,0.5940000000000001,0.5780000000000001,-0.016000000000000025,,,
B6_film_all,Cho2017,16,0.634,0.612,-0.021999999999999985,,,
B6_film_all,Cho2017,17,0.49399999999999994,0.5860000000000001,0.09199999999999997,,,
B6_film_all,Cho2017,18,0.614,0.6220000000000001,0.00800000000000006,,,
B6_film_all,Cho2017,19,0.51,0.53,0.02,,,
B6_film_all,Cho2017,20,0.556,0.622,0.06599999999999992,,,
B6_film_all,Cho2017,21,0.546,0.5700000000000001,0.024,,,
B6_film_all,Cho2017,22,0.636,0.596,-0.03999999999999996,,,
B6_film_all,Cho2017,23,0.5559999999999999,0.594,0.03799999999999998,,,
B6_film_all,Cho2017,24,0.54,0.544,0.004000000000000023,,,
B6_film_all,Cho2017,25,0.628,0.604,-0.02399999999999998,,,
B6_film_all,Cho2017,26,0.9879999999999999,0.998,0.01,,,
B6_film_all,Cho2017,27,0.576,0.54,-0.03599999999999998,,,
B6_film_all,Cho2017,28,0.5,0.76,0.25999999999999995,,,
B6_film_all,Cho2017,29,0.532,0.54,0.007999999999999998,,,
B6_film_all,Cho2017,30,0.6759999999999999,0.6639999999999999,-0.011999999999999959,,,
B6_film_all,Cho2017,31,0.518,0.624,0.10599999999999994,,,
B6_film_all,Cho2017,32,0.49800000000000005,0.544,0.04599999999999998,,,
B6_film_all,Cho2017,33,0.522,0.524,0.002000000000000001,,,
B6_film_all,Cho2017,34,0.5700000000000001,0.548,-0.021999999999999978,,,
B6_film_all,Cho2017,35,0.374,0.8560000000000001,0.48199999999999993,,,
B6_film_all,Cho2017,36,0.554,0.61,0.0559999999999999,,,
B6_film_all,Cho2017,37,0.882,0.874,-0.007999999999999959,,,
B6_film_all,Cho2017,38,0.544,0.534,-0.010000000000000002,,,
B6_film_all,Cho2017,39,0.6,0.5640000000000001,-0.03599999999999998,,,
B6_film_all,Cho2017,40,0.516,0.502,-0.014000000000000002,,,
B6_film_all,Cho2017,41,0.648,0.696,0.04799999999999997,,,
B6_film_all,Cho2017,42,0.562,0.508,-0.054000000000000006,,,
B6_film_all,Cho2017,43,1.0,1.0,0.0,,,
B6_film_all,Cho2017,44,0.95,0.9559999999999998,0.006,,,
B6_film_all,Cho2017,45,0.516,0.536,0.01999999999999998,,,
B6_film_all,Cho2017,46,0.5650000000000001,0.615,0.049999999999999975,,,
B6_film_all,Cho2017,47,0.7979999999999999,0.892,0.09400000000000003,,,
B6_film_all,Cho2017,48,0.6679999999999999,0.6459999999999999,-0.022000000000000026,,,
B6_film_all,Cho2017,49,1.0,0.998,-0.002,,,
B6_film_all,Cho2017,50,0.9720000000000001,0.9960000000000001,0.024,,,
B6_film_all,Cho2017,51,0.65,0.618,-0.03199999999999994,,,
B6_film_all,Cho2017,52,0.5740000000000001,0.624,0.049999999999999975,,,
B6_film_all,Dreyer2023,1,0.7833333333333334,0.8283333333333334,0.04499999999999994,,,
B6_film_all,Dreyer2023,2,0.58,0.575,-0.005,,,
B6_film_all,Dreyer2023,3,0.6583333333333334,0.7733333333333333,0.11499999999999995,,,
B6_film_all,Dreyer2023,5,0.775,0.7766666666666666,0.0016666666666666388,,,
B6_film_all,Dreyer2023,6,0.72,0.755,0.03499999999999996,,,
B6_film_all,Dreyer2023,7,0.8966666666666667,0.9516666666666665,0.05499999999999994,,,
B6_film_all,Dreyer2023,8,0.7300000000000001,0.7916666666666666,0.06166666666666658,,,
B6_film_all,Dreyer2023,10,0.8,0.8400000000000001,0.03999999999999996,,,
B6_film_all,Dreyer2023,11,0.5666666666666667,0.63,0.06333333333333328,,,
B6_film_all,Dreyer2023,12,0.8066666666666666,0.8400000000000001,0.03333333333333332,,,
B6_film_all,Dreyer2023,13,0.6883333333333334,0.725,0.03666666666666662,,,
B6_film_all,Dreyer2023,14,0.6316666666666666,0.6900000000000001,0.058333333333333307,,,
B6_film_all,Dreyer2023,15,0.8133333333333332,0.8533333333333333,0.03999999999999998,,,
B6_film_all,Dreyer2023,16,0.7833333333333333,0.79,0.00666666666666668,,,
B6_film_all,Dreyer2023,18,0.7783333333333333,0.8266666666666668,0.04833333333333334,,,
B6_film_all,Dreyer2023,19,0.8116666666666668,0.9083333333333334,0.09666666666666664,,,
B6_film_all,Dreyer2023,20,0.8066666666666666,0.8183333333333334,0.011666666666666659,,,
B6_film_all,Dreyer2023,21,0.8266666666666668,0.8483333333333334,0.02166666666666664,,,
B6_film_all,Dreyer2023,22,0.7783333333333333,0.8316666666666667,0.053333333333333274,,,
B6_film_all,Dreyer2023,23,0.6733333333333333,0.7466666666666667,0.0733333333333333,,,
B6_film_all,Dreyer2023,24,0.8483333333333334,0.885,0.036666666666666584,,,
B6_film_all,Dreyer2023,25,0.6033333333333333,0.7116666666666667,0.10833333333333335,,,
B6_film_all,Dreyer2023,26,0.6733333333333333,0.7033333333333334,0.029999999999999936,,,
B6_film_all,Dreyer2023,27,0.6883333333333332,0.7516666666666667,0.0633333333333333,,,
B6_film_all,Dreyer2023,28,0.7183333333333334,0.735,0.016666666666666618,,,
B6_film_all,Dreyer2023,30,0.63,0.6183333333333334,-0.01166666666666662,,,
B6_film_all,Dreyer2023,31,0.75,0.8133333333333332,0.06333333333333327,,,
B6_film_all,Dreyer2023,32,0.6900000000000001,0.79,0.1,,,
B6_film_all,Dreyer2023,33,0.6483333333333333,0.7216666666666667,0.07333333333333328,,,
B6_film_all,Dreyer2023,34,0.7416666666666667,0.77,0.028333333333333276,,,
B6_film_all,Dreyer2023,35,0.6649999999999999,0.7716666666666667,0.10666666666666666,,,
B6_film_all,Dreyer2023,36,0.7016666666666667,0.7283333333333333,0.02666666666666666,,,
B6_film_all,Dreyer2023,37,0.6333333333333333,0.6633333333333333,0.02999999999999998,,,
B6_film_all,Dreyer2023,38,0.7283333333333333,0.8333333333333334,0.10499999999999995,,,
B6_film_all,Dreyer2023,39,0.8966666666666667,0.9316666666666666,0.03500000000000002,,,
B6_film_all,Dreyer2023,40,0.6948275862068967,0.7241379310344828,0.029310344827586175,,,
B6_film_all,Dreyer2023,42,0.615,0.7150000000000001,0.09999999999999994,,,
B6_film_all,Dreyer2023,43,0.805,0.8683333333333334,0.0633333333333333,,,
B6_film_all,Dreyer2023,44,0.6216666666666667,0.6016666666666667,-0.01999999999999994,,,
B6_film_all,Dreyer2023,45,0.6783333333333333,0.7683333333333333,0.08999999999999993,,,
B6_film_all,Dreyer2023,46,0.6916666666666667,0.6366666666666666,-0.05499999999999998,,,
B6_film_all,Dreyer2023,47,0.735,0.8683333333333334,0.13333333333333325,,,
B6_film_all,Dreyer2023,48,0.64,0.5933333333333334,-0.04666666666666668,,,
B6_film_all,Dreyer2023,49,0.6966666666666667,0.7533333333333333,0.05666666666666666,,,
B6_film_all,Dreyer2023,50,0.5700000000000001,0.6266666666666667,0.05666666666666664,,,
B6_film_all,Dreyer2023,51,0.7066666666666667,0.7466666666666667,0.03999999999999998,,,
B6_film_all,Dreyer2023,52,0.7033333333333334,0.6633333333333333,-0.039999999999999904,,,
B6_film_all,Dreyer2023,53,0.6916666666666667,0.7300000000000001,0.038333333333333344,,,
B6_film_all,Dreyer2023,54,0.6683333333333333,0.7016666666666667,0.03333333333333334,,,
B6_film_all,Dreyer2023,55,0.8916666666666666,0.8916666666666666,-1.9428902930940238e-17,,,
B6_film_all,Dreyer2023,56,0.8866666666666667,0.9633333333333333,0.07666666666666659,,,
B6_film_all,Dreyer2023,57,0.5766666666666667,0.6133333333333334,0.03666666666666666,,,
B6_film_all,Dreyer2023,58,0.8916666666666666,0.915,0.02333333333333336,,,
B6_film_all,Dreyer2023,59,0.7275,0.79,0.06249999999999996,,,
B6_film_all,Dreyer2023,60,0.6950000000000001,0.7966666666666666,0.10166666666666657,,,
B6_film_all,Dreyer2023,61,0.7683333333333333,0.7916666666666667,0.0233333333333333,,,
B6_film_all,Dreyer2023,62,0.7233333333333334,0.735,0.011666666666666641,,,
B6_film_all,Dreyer2023,63,0.6416666666666666,0.72,0.0783333333333333,,,
B6_film_all,Dreyer2023,64,0.6466666666666667,0.7066666666666667,0.05999999999999994,,,
B6_film_all,Dreyer2023,65,0.8183333333333334,0.8133333333333332,-0.005000000000000018,,,
B6_film_all,Dreyer2023,66,0.665,0.6416666666666667,-0.023333333333333324,,,
B6_film_all,Dreyer2023,67,0.735,0.8383333333333333,0.10333333333333328,,,
B6_film_all,Dreyer2023,68,0.605,0.6883333333333332,0.08333333333333323,,,
B6_film_all,Dreyer2023,69,0.7483333333333333,0.7366666666666667,-0.011666666666666641,,,
B6_film_all,Dreyer2023,70,0.48166666666666663,0.59,0.10833333333333325,,,
B6_film_all,Dreyer2023,71,0.6816666666666666,0.7416666666666667,0.059999999999999984,,,
B6_film_all,Dreyer2023,72,0.6616666666666667,0.7133333333333333,0.0516666666666666,,,
B6_film_all,Dreyer2023,73,0.6283333333333333,0.7466666666666667,0.11833333333333332,,,
B6_film_all,Dreyer2023,74,0.635,0.6633333333333333,0.02833333333333332,,,
B6_film_all,Dreyer2023,75,0.7183333333333334,0.7366666666666667,0.018333333333333302,,,
B6_film_all,Dreyer2023,76,0.7983333333333333,0.82,0.021666666666666678,,,
B6_film_all,Dreyer2023,77,0.735,0.7216666666666667,-0.013333333333333319,,,
B6_film_all,Dreyer2023,80,0.5700000000000001,0.635,0.06499999999999993,,,
B6_film_all,Dreyer2023,81,0.7150000000000001,0.6950000000000001,-0.02,,,
B6_film_all,Dreyer2023,82,0.78,0.82,0.03999999999999994,,,
B6_film_all,Dreyer2023,83,0.6066666666666667,0.6283333333333333,0.021666666666666702,,,
B6_film_all,Dreyer2023,84,0.735,0.75,0.015000000000000019,,,
B6_film_all,Dreyer2023,85,0.6916666666666667,0.7133333333333333,0.02166666666666664,,,
B6_film_all,Dreyer2023,86,0.7116666666666667,0.7316666666666667,0.019999999999999962,,,
B6_film_all,Dreyer2023,87,0.7416666666666667,0.755,0.013333333333333322,,,
B6_film_all,PhysionetMI,1,0.781060606060606,0.8401515151515152,0.05909090909090906,,,
B6_film_all,PhysionetMI,2,0.8115384615384615,0.8976923076923077,0.08615384615384614,,,
B6_film_all,PhysionetMI,3,0.8568181818181818,0.8977272727272727,0.04090909090909088,,,
B6_film_all,PhysionetMI,4,0.8219696969696969,0.8234848484848485,0.0015151515151515167,,,
B6_film_all,PhysionetMI,5,0.6477272727272727,0.6272727272727273,-0.0204545454545454,,,
B6_film_all,PhysionetMI,6,0.7575757575757576,0.8515151515151516,0.09393939393939392,,,
B6_film_all,PhysionetMI,7,0.9053030303030303,0.9499999999999998,0.04469696969696964,,,
B6_film_all,PhysionetMI,8,0.7560606060606061,0.7636363636363637,0.007575757575757541,,,
B6_film_all,PhysionetMI,9,0.7930769230769231,0.7884615384615384,-0.00461538461538466,,,
B6_film_all,PhysionetMI,10,0.5976923076923077,0.6492307692307693,0.0515384615384615,,,
B6_film_all,PhysionetMI,11,0.6227272727272727,0.6015151515151516,-0.02121212121212122,,,
B6_film_all,PhysionetMI,12,0.8219696969696969,0.8106060606060606,-0.011363636363636302,,,
B6_film_all,PhysionetMI,13,0.5409090909090908,0.7454545454545455,0.20454545454545459,,,
B6_film_all,PhysionetMI,14,0.7045454545454545,0.7583333333333334,0.05378787878787876,,,
B6_film_all,PhysionetMI,15,0.8784615384615385,0.9423076923076923,0.06384615384615379,,,
B6_film_all,PhysionetMI,16,0.4954545454545455,0.5159090909090909,0.02045454545454544,,,
B6_film_all,PhysionetMI,17,0.6825757575757576,0.7916666666666667,0.10909090909090909,,,
B6_film_all,PhysionetMI,18,0.9462121212121211,0.956060606060606,0.009848484848484839,,,
B6_film_all,PhysionetMI,19,0.8363636363636363,0.7674242424242425,-0.0689393939393939,,,
B6_film_all,PhysionetMI,20,0.7954545454545455,0.8227272727272726,0.027272727272727282,,,
B6_film_all,PhysionetMI,21,0.4045454545454545,0.42651515151515146,0.021969696969696962,,,
B6_film_all,PhysionetMI,22,0.8583333333333334,0.8840909090909091,0.025757575757575778,,,
B6_film_all,PhysionetMI,23,0.6046153846153846,0.6330769230769231,0.02846153846153842,,,
B6_film_all,PhysionetMI,24,0.6053030303030302,0.6310606060606061,0.025757575757575802,,,
B6_film_all,PhysionetMI,25,0.6227272727272728,0.49318181818181817,-0.1295454545454545,,,
B6_film_all,PhysionetMI,26,0.5453846153846154,0.5692307692307692,0.02384615384615388,,,
B6_film_all,PhysionetMI,27,0.7234848484848485,0.7303030303030302,0.0068181818181818205,,,
B6_film_all,PhysionetMI,28,0.7727272727272727,0.7893939393939394,0.01666666666666668,,,
B6_film_all,PhysionetMI,29,0.8106060606060606,0.8545454545454545,0.0439393939393939,,,
B6_film_all,PhysionetMI,30,0.8378787878787879,0.8742424242424243,0.03636363636363636,,,
B6_film_all,PhysionetMI,31,0.45378787878787874,0.6984848484848485,0.2446969696969697,,,
B6_film_all,PhysionetMI,32,0.7892307692307693,0.8984615384615384,0.10923076923076921,,,
B6_film_all,PhysionetMI,33,0.9303030303030303,0.949242424242424,0.01893939393939382,,,
B6_film_all,PhysionetMI,34,0.8492307692307692,0.6607692307692308,-0.1884615384615384,,,
B6_film_all,PhysionetMI,35,0.7340909090909091,0.7954545454545455,0.06136363636363632,,,
B6_film_all,PhysionetMI,36,0.6401515151515152,0.8704545454545454,0.23030303030303023,,,
B6_film_all,PhysionetMI,37,0.6507575757575758,0.6416666666666666,-0.00909090909090914,,,
B6_film_all,PhysionetMI,38,0.44696969696969696,0.39469696969696966,-0.05227272727272726,,,
B6_film_all,PhysionetMI,39,0.7431818181818182,0.6431818181818182,-0.09999999999999999,,,
B6_film_all,PhysionetMI,40,0.6901515151515152,0.7492424242424243,0.05909090909090906,,,
B6_film_all,PhysionetMI,41,0.9292307692307693,0.8853846153846154,-0.04384615384615382,,,
B6_film_all,PhysionetMI,42,0.9030303030303031,0.9393939393939394,0.03636363636363636,,,
B6_film_all,PhysionetMI,43,0.5484848484848486,0.7287878787878788,0.1803030303030302,,,
B6_film_all,PhysionetMI,44,0.8219696969696969,0.759090909090909,-0.06287878787878787,,,
B6_film_all,PhysionetMI,45,0.5954545454545455,0.6371212121212121,0.041666666666666644,,,
B6_film_all,PhysionetMI,46,0.7083333333333334,0.6674242424242425,-0.04090909090909093,,,
B6_film_all,PhysionetMI,47,0.6954545454545455,0.8340909090909092,0.1386363636363636,,,
B6_film_all,PhysionetMI,48,0.8469696969696969,0.9643939393939395,0.11742424242424239,,,
B6_film_all,PhysionetMI,49,0.5431818181818182,0.5916666666666667,0.04848484848484848,,,
B6_film_all,PhysionetMI,50,0.7439393939393939,0.7901515151515152,0.04621212121212122,,,
B6_film_all,PhysionetMI,51,0.7439393939393939,0.7439393939393939,5.828670879282072e-17,,,
B6_film_all,PhysionetMI,52,0.6861538461538461,0.7469230769230769,0.06076923076923074,,,
B6_film_all,PhysionetMI,53,0.6901515151515152,0.8772727272727272,0.18712121212121208,,,
B6_film_all,PhysionetMI,54,0.9363636363636363,0.8386363636363636,-0.09772727272727272,,,
B6_film_all,PhysionetMI,55,0.825,0.8583333333333334,0.03333333333333334,,,
B6_film_all,PhysionetMI,56,0.7075757575757576,0.7833333333333332,0.07575757575757566,,,
B6_film_all,PhysionetMI,57,0.8901515151515152,0.9416666666666664,0.051515151515151424,,,
B6_film_all,PhysionetMI,58,0.8130769230769233,0.8615384615384617,0.048461538461538445,,,
B6_film_all,PhysionetMI,59,0.7454545454545455,0.6833333333333333,-0.0621212121212121,,,
B6_film_all,PhysionetMI,60,0.8846153846153847,0.7507692307692307,-0.13384615384615384,,,
B6_film_all,PhysionetMI,61,0.740151515151515,0.8674242424242424,0.1272727272727273,,,
B6_film_all,PhysionetMI,62,0.9166666666666664,0.9416666666666667,0.025000000000000043,,,
B6_film_all,PhysionetMI,63,0.7681818181818182,0.6954545454545455,-0.07272727272727267,,,
B6_film_all,PhysionetMI,64,0.7621212121212121,0.696969696969697,-0.06515151515151518,,,
B6_film_all,PhysionetMI,65,0.8075757575757576,0.8272727272727274,0.019696969696969664,,,
B6_film_all,PhysionetMI,66,0.7113636363636363,0.6522727272727273,-0.05909090909090904,,,
B6_film_all,PhysionetMI,67,0.7416666666666667,0.890909090909091,0.14924242424242418,,,
B6_film_all,PhysionetMI,68,0.6946969696969697,0.681060606060606,-0.01363636363636358,,,
B6_film_all,PhysionetMI,69,0.6369230769230769,0.8846153846153847,0.2476923076923076,,,
B6_film_all,PhysionetMI,70,0.8007575757575758,0.8295454545454547,0.028787878787878703,,,
B6_film_all,PhysionetMI,71,0.8159090909090908,0.8393939393939395,0.023484848484848518,,,
B6_film_all,PhysionetMI,72,0.9272727272727274,0.990909090909091,0.06363636363636357,,,
B6_film_all,PhysionetMI,73,0.6462121212121212,0.6674242424242425,0.021212121212121245,,,
B6_film_all,PhysionetMI,74,0.6568181818181819,0.6833333333333333,0.02651515151515148,,,
B6_film_all,PhysionetMI,75,0.409090909090909,0.4810606060606061,0.07196969696969693,,,
B6_film_all,PhysionetMI,76,0.5151515151515151,0.4204545454545454,-0.09469696969696964,,,
B6_film_all,PhysionetMI,77,0.5984848484848484,0.6068181818181818,0.00833333333333336,,,
B6_film_all,PhysionetMI,78,0.5007575757575757,0.5954545454545455,0.09469696969696965,,,
B6_film_all,PhysionetMI,79,0.65,0.5037878787878787,-0.14621212121212118,,,
B6_film_all,PhysionetMI,80,0.8076923076923077,0.7769230769230769,-0.03076923076923076,,,
B6_film_all,PhysionetMI,81,0.7439393939393939,0.6712121212121213,-0.07272727272727267,,,
B6_film_all,PhysionetMI,82,0.6537878787878788,0.7257575757575758,0.07196969696969693,,,
B6_film_all,PhysionetMI,83,0.6892307692307693,0.6446153846153846,-0.044615384615384585,,,
B6_film_all,PhysionetMI,84,0.8583333333333334,0.7727272727272727,-0.0856060606060606,,,
B6_film_all,PhysionetMI,85,0.6727272727272727,0.5924242424242425,-0.08030303030303022,,,
B6_film_all,PhysionetMI,86,0.8538461538461538,0.9538461538461538,0.09999999999999995,,,
B6_film_all,PhysionetMI,87,0.6196969696969696,0.5772727272727273,-0.042424242424242364,,,
B6_film_all,PhysionetMI,90,0.7621212121212121,0.7348484848484849,-0.02727272727272726,,,
B6_film_all,PhysionetMI,91,0.6924242424242424,0.8242424242424242,0.13181818181818183,,,
B6_film_all,PhysionetMI,93,0.7174242424242424,0.759090909090909,0.04166666666666666,,,
B6_film_all,PhysionetMI,94,0.6962121212121213,0.8416666666666668,0.1454545454545454,,,
B6_film_all,PhysionetMI,95,0.6138461538461538,0.6053846153846154,-0.00846153846153846,,,
B6_film_all,PhysionetMI,96,0.7507575757575757,0.7454545454545455,-0.0053030303030303025,,,
B6_film_all,PhysionetMI,97,0.7621212121212121,0.9249999999999998,0.16287878787878782,,,
B6_film_all,PhysionetMI,98,0.4446969696969697,0.4818181818181818,0.037121212121212124,,,
B6_film_all,PhysionetMI,99,0.5424242424242424,0.4810606060606061,-0.06136363636363634,,,
B6_film_all,PhysionetMI,101,0.826153846153846,0.8892307692307693,0.06307692307692306,,,
B6_film_all,PhysionetMI,102,0.6439393939393939,0.7393939393939394,0.09545454545454538,,,
B6_film_all,PhysionetMI,103,0.6795454545454545,0.6659090909090909,-0.01363636363636358,,,
B6_film_all,PhysionetMI,105,0.834848484848485,0.9143939393939394,0.07954545454545447,,,
B6_film_all,PhysionetMI,107,0.4537878787878788,0.47348484848484845,0.01969696969696976,,,
B6_film_all,PhysionetMI,108,0.7219696969696969,0.806060606060606,0.08409090909090906,,,
B6_film_all,PhysionetMI,109,0.6303030303030303,0.5628787878787879,-0.06742424242424234,,,
B6_film_first2,Cho2017,1,0.596,0.6359999999999999,0.03999999999999994,,,
B6_film_first2,Cho2017,2,0.528,0.516,-0.012000000000000021,,,
B6_film_first2,Cho2017,3,0.702,0.8300000000000001,0.12799999999999997,,,
B6_film_first2,Cho2017,4,0.65,0.66,0.01000000000000004,,,
B6_film_first2,Cho2017,5,0.986,0.994,0.008,,,
B6_film_first2,Cho2017,6,0.828,0.8320000000000001,0.00400000000000002,,,
B6_film_first2,Cho2017,7,0.5966666666666667,0.545,-0.0516666666666666,,,
B6_film_first2,Cho2017,8,0.554,0.536,-0.018,,,
B6_film_first2,Cho2017,9,0.5549999999999999,0.6016666666666667,0.04666666666666664,,,
B6_film_first2,Cho2017,10,0.604,0.624,0.01999999999999998,,,
B6_film_first2,Cho2017,11,0.5900000000000001,0.5720000000000001,-0.018,,,
B6_film_first2,Cho2017,12,0.54,0.6359999999999999,0.09599999999999992,,,
B6_film_first2,Cho2017,13,0.8220000000000001,0.9359999999999999,0.11399999999999995,,,
B6_film_first2,Cho2017,14,0.784,0.8719999999999999,0.0879999999999999,,,
B6_film_first2,Cho2017,15,0.5940000000000001,0.616,0.02199999999999998,,,
B6_film_first2,Cho2017,16,0.634,0.622,-0.011999999999999981,,,
B6_film_first2,Cho2017,17,0.49399999999999994,0.5720000000000001,0.07799999999999996,,,
B6_film_first2,Cho2017,18,0.614,0.638,0.024,,,
B6_film_first2,Cho2017,19,0.51,0.53,0.02,,,
B6_film_first2,Cho2017,20,0.556,0.6220000000000001,0.06599999999999993,,,
B6_film_first2,Cho2017,21,0.546,0.5840000000000001,0.03800000000000002,,,
B6_film_first2,Cho2017,22,0.636,0.618,-0.01799999999999998,,,
B6_film_first2,Cho2017,23,0.5559999999999999,0.5740000000000001,0.018,,,
B6_film_first2,Cho2017,24,0.54,0.552,0.012000000000000021,,,
B6_film_first2,Cho2017,25,0.628,0.5700000000000001,-0.05799999999999992,,,
B6_film_first2,Cho2017,26,0.9879999999999999,0.9960000000000001,0.008,,,
B6_film_first2,Cho2017,27,0.576,0.546,-0.029999999999999936,,,
B6_film_first2,Cho2017,28,0.5,0.706,0.20599999999999996,,,
B6_film_first2,Cho2017,29,0.532,0.526,-0.00599999999999998,,,
B6_film_first2,Cho2017,30,0.6759999999999999,0.6599999999999999,-0.01599999999999996,,,
B6_film_first2,Cho2017,31,0.518,0.5900000000000001,0.07199999999999994,,,
B6_film_first2,Cho2017,32,0.49800000000000005,0.524,0.025999999999999978,,,
B6_film_first2,Cho2017,33,0.522,0.548,0.025999999999999978,,,
B6_film_first2,Cho2017,34,0.5700000000000001,0.542,-0.02799999999999998,,,
B6_film_first2,Cho2017,35,0.374,0.792,0.418,,,
B6_film_first2,Cho2017,36,0.554,0.5800000000000001,0.025999999999999957,,,
B6_film_first2,Cho2017,37,0.882,0.8699999999999999,-0.01199999999999998,,,
B6_film_first2,Cho2017,38,0.544,0.536,-0.007999999999999998,,,
B6_film_first2,Cho2017,39,0.6,0.568,-0.03199999999999998,,,
B6_film_first2,Cho2017,40,0.516,0.504,-0.01199999999999998,,,
B6_film_first2,Cho2017,41,0.648,0.694,0.046,,,
B6_film_first2,Cho2017,42,0.562,0.522,-0.03999999999999998,,,
B6_film_first2,Cho2017,43,1.0,1.0,0.0,,,
B6_film_first2,Cho2017,44,0.95,0.95,6.938893903907229e-19,,,
B6_film_first2,Cho2017,45,0.516,0.534,0.01799999999999996,,,
B6_film_first2,Cho2017,46,0.5650000000000001,0.6516666666666666,0.08666666666666664,,,
B6_film_first2,Cho2017,47,0.7979999999999999,0.874,0.076,,,
B6_film_first2,Cho2017,48,0.6679999999999999,0.698,0.029999999999999936,,,
B6_film_first2,Cho2017,49,1.0,1.0,0.0,,,
B6_film_first2,Cho2017,50,0.9720000000000001,1.0,0.027999999999999997,,,
B6_film_first2,Cho2017,51,0.65,0.618,-0.03199999999999994,,,
B6_film_first2,Cho2017,52,0.5740000000000001,0.624,0.04999999999999996,,,
B6_film_first2,Dreyer2023,1,0.7833333333333334,0.8033333333333333,0.01999999999999998,,,
B6_film_first2,Dreyer2023,2,0.58,0.5700000000000001,-0.00999999999999998,,,
B6_film_first2,Dreyer2023,3,0.6583333333333334,0.72,0.061666666666666606,,,
B6_film_first2,Dreyer2023,5,0.775,0.7866666666666666,0.011666666666666617,,,
B6_film_first2,Dreyer2023,6,0.72,0.7150000000000001,-0.005,,,
B6_film_first2,Dreyer2023,7,0.8966666666666667,0.9283333333333333,0.03166666666666666,,,
B6_film_first2,Dreyer2023,8,0.7300000000000001,0.75,0.01999999999999996,,,
B6_film_first2,Dreyer2023,10,0.8,0.8533333333333333,0.0533333333333333,,,
B6_film_first2,Dreyer2023,11,0.5666666666666667,0.6083333333333333,0.041666666666666616,,,
B6_film_first2,Dreyer2023,12,0.8066666666666666,0.8400000000000001,0.03333333333333332,,,
B6_film_first2,Dreyer2023,13,0.6883333333333334,0.6849999999999999,-0.0033333333333333604,,,
B6_film_first2,Dreyer2023,14,0.6316666666666666,0.6466666666666667,0.015000000000000019,,,
B6_film_first2,Dreyer2023,15,0.8133333333333332,0.8583333333333334,0.04499999999999994,,,
B6_film_first2,Dreyer2023,16,0.7833333333333333,0.7849999999999999,0.0016666666666666594,,,
B6_film_first2,Dreyer2023,18,0.7783333333333333,0.8366666666666667,0.058333333333333307,,,
B6_film_first2,Dreyer2023,19,0.8116666666666668,0.8766666666666666,0.06499999999999995,,,
B6_film_first2,Dreyer2023,20,0.8066666666666666,0.8033333333333333,-0.003333333333333359,,,
B6_film_first2,Dreyer2023,21,0.8266666666666668,0.8633333333333333,0.03666666666666664,,,
B6_film_first2,Dreyer2023,22,0.7783333333333333,0.7833333333333334,0.004999999999999999,,,
B6_film_first2,Dreyer2023,23,0.6733333333333333,0.7033333333333334,0.02999999999999998,,,
B6_film_first2,Dreyer2023,24,0.8483333333333334,0.8300000000000001,-0.01833333333333336,,,
B6_film_first2,Dreyer2023,25,0.6033333333333333,0.6183333333333334,0.015,,,
B6_film_first2,Dreyer2023,26,0.6733333333333333,0.6683333333333332,-0.00500000000000006,,,
B6_film_first2,Dreyer2023,27,0.6883333333333332,0.7066666666666668,0.01833333333333336,,,
B6_film_first2,Dreyer2023,28,0.7183333333333334,0.7066666666666668,-0.011666666666666641,,,
B6_film_first2,Dreyer2023,30,0.63,0.64,0.01000000000000004,,,
B6_film_first2,Dreyer2023,31,0.75,0.7849999999999999,0.03499999999999996,,,
B6_film_first2,Dreyer2023,32,0.6900000000000001,0.7683333333333333,0.07833333333333328,,,
B6_film_first2,Dreyer2023,33,0.6483333333333333,0.6283333333333333,-0.01999999999999996,,,
B6_film_first2,Dreyer2023,34,0.7416666666666667,0.75,0.008333333333333321,,,
B6_film_first2,Dreyer2023,35,0.6649999999999999,0.6883333333333332,0.023333333333333338,,,
B6_film_first2,Dreyer2023,36,0.7016666666666667,0.7116666666666667,0.01000000000000002,,,
B6_film_first2,Dreyer2023,37,0.6333333333333333,0.6183333333333334,-0.01499999999999998,,,
B6_film_first2,Dreyer2023,38,0.7283333333333333,0.7733333333333333,0.04499999999999998,,,
B6_film_first2,Dreyer2023,39,0.8966666666666667,0.925,0.02833333333333334,,,
B6_film_first2,Dreyer2023,40,0.6948275862068967,0.6948275862068966,0.0,,,
B6_film_first2,Dreyer2023,42,0.615,0.6599999999999999,0.04499999999999994,,,
B6_film_first2,Dreyer2023,43,0.805,0.8566666666666667,0.05166666666666668,,,
B6_film_first2,Dreyer2023,44,0.6216666666666667,0.6066666666666667,-0.014999999999999961,,,
B6_film_first2,Dreyer2023,45,0.6783333333333333,0.675,-0.0033333333333333006,,,
B6_film_first2,Dreyer2023,46,0.6916666666666667,0.625,-0.06666666666666664,,,
B6_film_first2,Dreyer2023,47,0.735,0.8466666666666667,0.11166666666666662,,,
B6_film_first2,Dreyer2023,48,0.64,0.5983333333333334,-0.0416666666666667,,,
B6_film_first2,Dreyer2023,49,0.6966666666666667,0.7150000000000001,0.018333333333333358,,,
B6_film_first2,Dreyer2023,50,0.5700000000000001,0.6116666666666667,0.041666666666666644,,,
B6_film_first2,Dreyer2023,51,0.7066666666666667,0.735,0.02833333333333332,,,
B6_film_first2,Dreyer2023,52,0.7033333333333334,0.6849999999999999,-0.018333333333333302,,,
B6_film_first2,Dreyer2023,53,0.6916666666666667,0.74,0.04833333333333334,,,
B6_film_first2,Dreyer2023,54,0.6683333333333333,0.6566666666666666,-0.01166666666666662,,,
B6_film_first2,Dreyer2023,55,0.8916666666666666,0.89,-0.0016666666666666594,,,
B6_film_first2,Dreyer2023,56,0.8866666666666667,0.9399999999999998,0.053333333333333274,,,
B6_film_first2,Dreyer2023,57,0.5766666666666667,0.5966666666666667,0.02,,,
B6_film_first2,Dreyer2023,58,0.8916666666666666,0.8866666666666667,-0.004999999999999981,,,
B6_film_first2,Dreyer2023,59,0.7275,0.7625,0.03500000000000002,,,
B6_film_first2,Dreyer2023,60,0.6950000000000001,0.7016666666666667,0.0066666666666666385,,,
B6_film_first2,Dreyer2023,61,0.7683333333333333,0.805,0.0366666666666666,,,
B6_film_first2,Dreyer2023,62,0.7233333333333334,0.7166666666666667,-0.00666666666666664,,,
B6_film_first2,Dreyer2023,63,0.6416666666666666,0.6816666666666666,0.03999999999999996,,,
B6_film_first2,Dreyer2023,64,0.6466666666666667,0.6933333333333334,0.046666666666666655,,,
B6_film_first2,Dreyer2023,65,0.8183333333333334,0.8016666666666667,-0.016666666666666642,,,
B6_film_first2,Dreyer2023,66,0.665,0.6533333333333333,-0.01166666666666668,,,
B6_film_first2,Dreyer2023,67,0.735,0.7766666666666666,0.041666666666666616,,,
B6_film_first2,Dreyer2023,68,0.605,0.6333333333333333,0.0283333333333333,,,
B6_film_first2,Dreyer2023,69,0.7483333333333333,0.7766666666666666,0.0283333333333333,,,
B6_film_first2,Dreyer2023,70,0.48166666666666663,0.5866666666666667,0.10499999999999995,,,
B6_film_first2,Dreyer2023,71,0.6816666666666666,0.7583333333333333,0.07666666666666658,,,
B6_film_first2,Dreyer2023,72,0.6616666666666667,0.6866666666666668,0.02499999999999996,,,
B6_film_first2,Dreyer2023,73,0.6283333333333333,0.7366666666666667,0.10833333333333335,,,
B6_film_first2,Dreyer2023,74,0.635,0.675,0.03999999999999998,,,
B6_film_first2,Dreyer2023,75,0.7183333333333334,0.7133333333333333,-0.00500000000000002,,,
B6_film_first2,Dreyer2023,76,0.7983333333333333,0.825,0.026666666666666637,,,
B6_film_first2,Dreyer2023,77,0.735,0.7633333333333333,0.0283333333333333,,,
B6_film_first2,Dreyer2023,80,0.5700000000000001,0.6433333333333333,0.07333333333333326,,,
B6_film_first2,Dreyer2023,81,0.7150000000000001,0.7266666666666667,0.01166666666666662,,,
B6_film_first2,Dreyer2023,82,0.78,0.8066666666666666,0.026666666666666637,,,
B6_film_first2,Dreyer2023,83,0.6066666666666667,0.6233333333333333,0.016666666666666698,,,
B6_film_first2,Dreyer2023,84,0.735,0.71,-0.02499999999999996,,,
B6_film_first2,Dreyer2023,85,0.6916666666666667,0.6933333333333334,0.001666666666666644,,,
B6_film_first2,Dreyer2023,86,0.7116666666666667,0.7316666666666667,0.01999999999999996,,,
B6_film_first2,Dreyer2023,87,0.7416666666666667,0.7283333333333333,-0.013333333333333341,,,
B6_film_first2,PhysionetMI,1,0.781060606060606,0.8295454545454545,0.04848484848484846,,,
B6_film_first2,PhysionetMI,2,0.8115384615384615,0.8469230769230769,0.03538461538461536,,,
B6_film_first2,PhysionetMI,3,0.8568181818181818,0.8893939393939394,0.03257575757575754,,,
B6_film_first2,PhysionetMI,4,0.8219696969696969,0.8386363636363636,0.01666666666666668,,,
B6_film_first2,PhysionetMI,5,0.6477272727272727,0.5325757575757575,-0.11515151515151512,,,
B6_film_first2,PhysionetMI,6,0.7575757575757576,0.7977272727272727,0.040151515151515105,,,
B6_film_first2,PhysionetMI,7,0.9053030303030303,0.9499999999999998,0.04469696969696964,,,
B6_film_first2,PhysionetMI,8,0.7560606060606061,0.6643939393939394,-0.09166666666666662,,,
B6_film_first2,PhysionetMI,9,0.7930769230769231,0.7346153846153847,-0.0584615384615384,,,
B6_film_first2,PhysionetMI,10,0.5976923076923077,0.6330769230769231,0.0353846153846154,,,
B6_film_first2,PhysionetMI,11,0.6227272727272727,0.5924242424242424,-0.030303030303030283,,,
B6_film_first2,PhysionetMI,12,0.8219696969696969,0.7439393939393939,-0.07803030303030298,,,
B6_film_first2,PhysionetMI,13,0.5409090909090908,0.6628787878787878,0.12196969696969692,,,
B6_film_first2,PhysionetMI,14,0.7045454545454545,0.6765151515151515,-0.028030303030303023,,,
B6_film_first2,PhysionetMI,15,0.8784615384615385,0.9099999999999999,0.03153846153846146,,,
B6_film_first2,PhysionetMI,16,0.4954545454545455,0.4409090909090909,-0.05454545454545454,,,
B6_film_first2,PhysionetMI,17,0.6825757575757576,0.7151515151515151,0.03257575757575756,,,
B6_film_first2,PhysionetMI,18,0.9462121212121211,0.9401515151515151,-0.006060606060606099,,,
B6_film_first2,PhysionetMI,19,0.8363636363636363,0.7477272727272728,-0.0886363636363636,,,
B6_film_first2,PhysionetMI,20,0.7954545454545455,0.8136363636363637,0.01818181818181816,,,
B6_film_first2,PhysionetMI,21,0.4045454545454545,0.4113636363636363,0.006818181818181779,,,
B6_film_first2,PhysionetMI,22,0.8583333333333334,0.8712121212121213,0.01287878787878786,,,
B6_film_first2,PhysionetMI,23,0.6046153846153846,0.6323076923076922,0.027692307692307662,,,
B6_film_first2,PhysionetMI,24,0.6053030303030302,0.7507575757575757,0.1454545454545455,,,
B6_film_first2,PhysionetMI,25,0.6227272727272728,0.568939393939394,-0.05378787878787872,,,
B6_film_first2,PhysionetMI,26,0.5453846153846154,0.5430769230769231,-0.002307692307692303,,,
B6_film_first2,PhysionetMI,27,0.7234848484848485,0.7553030303030303,0.03181818181818176,,,
B6_film_first2,PhysionetMI,28,0.7727272727272727,0.771969696969697,-0.0007575757575757805,,,
B6_film_first2,PhysionetMI,29,0.8106060606060606,0.8204545454545455,0.00984848484848486,,,
B6_film_first2,PhysionetMI,30,0.8378787878787879,0.8325757575757576,-0.005303030303030279,,,
B6_film_first2,PhysionetMI,31,0.45378787878787874,0.5886363636363636,0.13484848484848477,,,
B6_film_first2,PhysionetMI,32,0.7892307692307693,0.9076923076923077,0.1184615384615384,,,
B6_film_first2,PhysionetMI,33,0.9303030303030303,0.9219696969696969,-0.00833333333333338,,,
B6_film_first2,PhysionetMI,34,0.8492307692307692,0.7392307692307692,-0.10999999999999992,,,
B6_film_first2,PhysionetMI,35,0.7340909090909091,0.7893939393939394,0.05530303030303026,,,
B6_film_first2,PhysionetMI,36,0.6401515151515152,0.7022727272727274,0.062121212121212056,,,
B6_film_first2,PhysionetMI,37,0.6507575757575758,0.6856060606060607,0.03484848484848482,,,
B6_film_first2,PhysionetMI,38,0.44696969696969696,0.3840909090909091,-0.06287878787878785,,,
B6_film_first2,PhysionetMI,39,0.7431818181818182,0.728030303030303,-0.015151515151515142,,,
B6_film_first2,PhysionetMI,40,0.6901515151515152,0.7401515151515152,0.050000000000000024,,,
B6_film_first2,PhysionetMI,41,0.9292307692307693,0.8807692307692309,-0.04846153846153846,,,
B6_film_first2,PhysionetMI,42,0.9030303030303031,0.9568181818181817,0.05378787878787874,,,
B6_film_first2,PhysionetMI,43,0.5484848484848486,0.6492424242424243,0.10075757575757574,,,
B6_film_first2,PhysionetMI,44,0.8219696969696969,0.8401515151515152,0.01818181818181818,,,
B6_film_first2,PhysionetMI,45,0.5954545454545455,0.6371212121212121,0.04166666666666661,,,
B6_film_first2,PhysionetMI,46,0.7083333333333334,0.6984848484848485,-0.00984848484848486,,,
B6_film_first2,PhysionetMI,47,0.6954545454545455,0.7318181818181818,0.03636363636363636,,,
B6_film_first2,PhysionetMI,48,0.8469696969696969,0.9393939393939392,0.09242424242424234,,,
B6_film_first2,PhysionetMI,49,0.5431818181818182,0.5643939393939394,0.02121212121212116,,,
B6_film_first2,PhysionetMI,50,0.7439393939393939,0.7659090909090909,0.021969696969697004,,,
B6_film_first2,PhysionetMI,51,0.7439393939393939,0.7606060606060605,0.016666666666666642,,,
B6_film_first2,PhysionetMI,52,0.6861538461538461,0.6861538461538462,5.967448757360216e-17,,,
B6_film_first2,PhysionetMI,53,0.6901515151515152,0.7977272727272727,0.10757575757575757,,,
B6_film_first2,PhysionetMI,54,0.9363636363636363,0.8386363636363636,-0.09772727272727275,,,
B6_film_first2,PhysionetMI,55,0.825,0.875,0.04999999999999992,,,
B6_film_first2,PhysionetMI,56,0.7075757575757576,0.7742424242424242,0.06666666666666657,,,
B6_film_first2,PhysionetMI,57,0.8901515151515152,0.9234848484848486,0.03333333333333332,,,
B6_film_first2,PhysionetMI,58,0.8130769230769233,0.9015384615384615,0.08846153846153845,,,
B6_film_first2,PhysionetMI,59,0.7454545454545455,0.7265151515151516,-0.01893939393939394,,,
B6_film_first2,PhysionetMI,60,0.8846153846153847,0.7146153846153845,-0.17,,,
B6_film_first2,PhysionetMI,61,0.740151515151515,0.8075757575757576,0.06742424242424247,,,
B6_film_first2,PhysionetMI,62,0.9166666666666664,0.925,0.00833333333333338,,,
B6_film_first2,PhysionetMI,63,0.7681818181818182,0.6931818181818181,-0.07499999999999993,,,
B6_film_first2,PhysionetMI,64,0.7621212121212121,0.7393939393939395,-0.02272727272727276,,,
B6_film_first2,PhysionetMI,65,0.8075757575757576,0.8795454545454545,0.07196969696969692,,,
B6_film_first2,PhysionetMI,66,0.7113636363636363,0.6537878787878788,-0.0575757575757575,,,
B6_film_first2,PhysionetMI,67,0.7416666666666667,0.8477272727272727,0.10606060606060601,,,
B6_film_first2,PhysionetMI,68,0.6946969696969697,0.6431818181818182,-0.0515151515151515,,,
B6_film_first2,PhysionetMI,69,0.6369230769230769,0.786923076923077,0.14999999999999997,,,
B6_film_first2,PhysionetMI,70,0.8007575757575758,0.8037878787878787,0.00303030303030294,,,
B6_film_first2,PhysionetMI,71,0.8159090909090908,0.8454545454545455,0.02954545454545454,,,
B6_film_first2,PhysionetMI,72,0.9272727272727274,0.9636363636363636,0.03636363636363634,,,
B6_film_first2,PhysionetMI,73,0.6462121212121212,0.6765151515151515,0.030303030303030283,,,
B6_film_first2,PhysionetMI,74,0.6568181818181819,0.6295454545454545,-0.027272727272727216,,,
B6_film_first2,PhysionetMI,75,0.409090909090909,0.4454545454545455,0.036363636363636376,,,
B6_film_first2,PhysionetMI,76,0.5151515151515151,0.42803030303030304,-0.08712121212121207,,,
B6_film_first2,PhysionetMI,77,0.5984848484848484,0.6053030303030302,0.0068181818181818395,,,
B6_film_first2,PhysionetMI,78,0.5007575757575757,0.5522727272727272,0.05151515151515148,,,
B6_film_first2,PhysionetMI,79,0.65,0.5060606060606061,-0.14393939393939387,,,
B6_film_first2,PhysionetMI,80,0.8076923076923077,0.8161538461538462,0.008461538461538503,,,
B6_film_first2,PhysionetMI,81,0.7439393939393939,0.746969696969697,0.003030303030303,,,
B6_film_first2,PhysionetMI,82,0.6537878787878788,0.671969696969697,0.018181818181818202,,,
B6_film_first2,PhysionetMI,83,0.6892307692307693,0.7630769230769231,0.07384615384615384,,,
B6_film_first2,PhysionetMI,84,0.8583333333333334,0.7628787878787879,-0.09545454545454543,,,
B6_film_first2,PhysionetMI,85,0.6727272727272727,0.7007575757575758,0.028030303030303037,,,
B6_film_first2,PhysionetMI,86,0.8538461538461538,0.9384615384615385,0.0846153846153846,,,
B6_film_first2,PhysionetMI,87,0.6196969696969696,0.5712121212121212,-0.04848484848484844,,,
B6_film_first2,PhysionetMI,90,0.7621212121212121,0.7,-0.062121212121212056,,,
B6_film_first2,PhysionetMI,91,0.6924242424242424,0.759090909090909,0.0666666666666666,,,
B6_film_first2,PhysionetMI,93,0.7174242424242424,0.8022727272727274,0.08484848484848481,,,
B6_film_first2,PhysionetMI,94,0.6962121212121213,0.8166666666666668,0.12045454545454541,,,
B6_film_first2,PhysionetMI,95,0.6138461538461538,0.5361538461538461,-0.07769230769230766,,,
B6_film_first2,PhysionetMI,96,0.7507575757575757,0.7378787878787879,-0.012878787878787878,,,
B6_film_first2,PhysionetMI,97,0.7621212121212121,0.8659090909090909,0.10378787878787872,,,
B6_film_first2,PhysionetMI,98,0.4446969696969697,0.4537878787878788,0.0090909090909091,,,
B6_film_first2,PhysionetMI,99,0.5424242424242424,0.5659090909090908,0.023484848484848456,,,
B6_film_first2,PhysionetMI,101,0.826153846153846,0.8407692307692308,0.014615384615384619,,,
B6_film_first2,PhysionetMI,102,0.6439393939393939,0.7310606060606061,0.08712121212121207,,,
B6_film_first2,PhysionetMI,103,0.6795454545454545,0.5962121212121212,-0.08333333333333329,,,
B6_film_first2,PhysionetMI,105,0.834848484848485,0.8621212121212121,0.027272727272727244,,,
B6_film_first2,PhysionetMI,107,0.4537878787878788,0.4515151515151515,-0.0022727272727272423,,,
B6_film_first2,PhysionetMI,108,0.7219696969696969,0.7765151515151516,0.05454545454545452,,,
B6_film_first2,PhysionetMI,109,0.6303030303030303,0.6257575757575757,-0.00454545454545452,,,
B6_lora4,Cho2017,1,0.596,0.7,0.10399999999999991,,,
B6_lora4,Cho2017,2,0.528,0.528,-2.1163626406917045e-17,,,
B6_lora4,Cho2017,3,0.702,0.8620000000000001,0.15999999999999998,,,
B6_lora4,Cho2017,4,0.65,0.706,0.05599999999999996,,,
B6_lora4,Cho2017,5,0.986,0.99,0.004000000000000001,,,
B6_lora4,Cho2017,6,0.828,0.834,0.006000000000000044,,,
B6_lora4,Cho2017,7,0.5966666666666667,0.5766666666666667,-0.01999999999999996,,,
B6_lora4,Cho2017,8,0.554,0.5700000000000001,0.01600000000000002,,,
B6_lora4,Cho2017,9,0.5549999999999999,0.6333333333333334,0.0783333333333333,,,
B6_lora4,Cho2017,10,0.604,0.61,0.00599999999999998,,,
B6_lora4,Cho2017,11,0.5900000000000001,0.5660000000000001,-0.02399999999999998,,,
B6_lora4,Cho2017,12,0.54,0.664,0.12399999999999993,,,
B6_lora4,Cho2017,13,0.8220000000000001,0.944,0.12199999999999991,,,
B6_lora4,Cho2017,14,0.784,0.868,0.08399999999999996,,,
B6_lora4,Cho2017,15,0.5940000000000001,0.608,0.01399999999999996,,,
B6_lora4,Cho2017,16,0.634,0.646,0.011999999999999981,,,
B6_lora4,Cho2017,17,0.49399999999999994,0.5740000000000001,0.07999999999999999,,,
B6_lora4,Cho2017,18,0.614,0.634,0.01999999999999998,,,
B6_lora4,Cho2017,19,0.51,0.534,0.024,,,
B6_lora4,Cho2017,20,0.556,0.656,0.09999999999999995,,,
B6_lora4,Cho2017,21,0.546,0.606,0.05999999999999992,,,
B6_lora4,Cho2017,22,0.636,0.632,-0.00400000000000002,,,
B6_lora4,Cho2017,23,0.5559999999999999,0.62,0.064,,,
B6_lora4,Cho2017,24,0.54,0.5640000000000001,0.024,,,
B6_lora4,Cho2017,25,0.628,0.588,-0.03999999999999998,,,
B6_lora4,Cho2017,26,0.9879999999999999,1.0,0.012,,,
B6_lora4,Cho2017,27,0.576,0.5820000000000001,0.006000000000000019,,,
B6_lora4,Cho2017,28,0.5,0.772,0.27199999999999996,,,
B6_lora4,Cho2017,29,0.532,0.546,0.014000000000000002,,,
B6_lora4,Cho2017,30,0.6759999999999999,0.6900000000000001,0.01400000000000004,,,
B6_lora4,Cho2017,31,0.518,0.62,0.10199999999999991,,,
B6_lora4,Cho2017,32,0.49800000000000005,0.53,0.032,,,
B6_lora4,Cho2017,33,0.522,0.54,0.01799999999999998,,,
B6_lora4,Cho2017,34,0.5700000000000001,0.546,-0.02399999999999998,,,
B6_lora4,Cho2017,35,0.374,0.866,0.492,,,
B6_lora4,Cho2017,36,0.554,0.6040000000000001,0.04999999999999996,,,
B6_lora4,Cho2017,37,0.882,0.868,-0.01399999999999996,,,
B6_lora4,Cho2017,38,0.544,0.53,-0.013999999999999999,,,
B6_lora4,Cho2017,39,0.6,0.556,-0.04399999999999996,,,
B6_lora4,Cho2017,40,0.516,0.554,0.038,,,
B6_lora4,Cho2017,41,0.648,0.708,0.059999999999999984,,,
B6_lora4,Cho2017,42,0.562,0.528,-0.03399999999999998,,,
B6_lora4,Cho2017,43,1.0,1.0,0.0,,,
B6_lora4,Cho2017,44,0.95,0.958,0.008,,,
B6_lora4,Cho2017,45,0.516,0.544,0.02799999999999998,,,
B6_lora4,Cho2017,46,0.5650000000000001,0.675,0.11000000000000001,,,
B6_lora4,Cho2017,47,0.7979999999999999,0.8939999999999999,0.09599999999999999,,,
B6_lora4,Cho2017,48,0.6679999999999999,0.712,0.04399999999999996,,,
B6_lora4,Cho2017,49,1.0,1.0,0.0,,,
B6_lora4,Cho2017,50,0.9720000000000001,1.0,0.027999999999999997,,,
B6_lora4,Cho2017,51,0.65,0.624,-0.025999999999999957,,,
B6_lora4,Cho2017,52,0.5740000000000001,0.6719999999999999,0.09799999999999995,,,
B6_lora4,Dreyer2023,1,0.7833333333333334,0.8216666666666667,0.03833333333333328,,,
B6_lora4,Dreyer2023,2,0.58,0.59,0.009999999999999959,,,
B6_lora4,Dreyer2023,3,0.6583333333333334,0.7466666666666667,0.08833333333333333,,,
B6_lora4,Dreyer2023,5,0.775,0.8233333333333335,0.048333333333333284,,,
B6_lora4,Dreyer2023,6,0.72,0.76,0.03999999999999996,,,
B6_lora4,Dreyer2023,7,0.8966666666666667,0.925,0.02833333333333336,,,
B6_lora4,Dreyer2023,8,0.7300000000000001,0.7449999999999999,0.01499999999999994,,,
B6_lora4,Dreyer2023,10,0.8,0.8333333333333334,0.03333333333333334,,,
B6_lora4,Dreyer2023,11,0.5666666666666667,0.655,0.08833333333333329,,,
B6_lora4,Dreyer2023,12,0.8066666666666666,0.8333333333333334,0.026666666666666682,,,
B6_lora4,Dreyer2023,13,0.6883333333333334,0.7316666666666667,0.0433333333333333,,,
B6_lora4,Dreyer2023,14,0.6316666666666666,0.6666666666666667,0.03499999999999998,,,
B6_lora4,Dreyer2023,15,0.8133333333333332,0.8400000000000001,0.026666666666666637,,,
B6_lora4,Dreyer2023,16,0.7833333333333333,0.7666666666666667,-0.016666666666666642,,,
B6_lora4,Dreyer2023,18,0.7783333333333333,0.8799999999999999,0.10166666666666664,,,
B6_lora4,Dreyer2023,19,0.8116666666666668,0.915,0.10333333333333332,,,
B6_lora4,Dreyer2023,20,0.8066666666666666,0.8400000000000001,0.033333333333333284,,,
B6_lora4,Dreyer2023,21,0.8266666666666668,0.8550000000000001,0.0283333333333333,,,
B6_lora4,Dreyer2023,22,0.7783333333333333,0.82,0.041666666666666616,,,
B6_lora4,Dreyer2023,23,0.6733333333333333,0.6966666666666665,0.023333333333333282,,,
B6_lora4,Dreyer2023,24,0.8483333333333334,0.89,0.041666666666666595,,,
B6_lora4,Dreyer2023,25,0.6033333333333333,0.71,0.10666666666666665,,,
B6_lora4,Dreyer2023,26,0.6733333333333333,0.7416666666666666,0.06833333333333323,,,
B6_lora4,Dreyer2023,27,0.6883333333333332,0.7333333333333333,0.04499999999999998,,,
B6_lora4,Dreyer2023,28,0.7183333333333334,0.725,0.006666666666666642,,,
B6_lora4,Dreyer2023,30,0.63,0.6300000000000001,7.91033905045424e-17,,,
B6_lora4,Dreyer2023,31,0.75,0.8083333333333333,0.058333333333333307,,,
B6_lora4,Dreyer2023,32,0.6900000000000001,0.74,0.049999999999999954,,,
B6_lora4,Dreyer2023,33,0.6483333333333333,0.6683333333333333,0.01999999999999998,,,
B6_lora4,Dreyer2023,34,0.7416666666666667,0.775,0.0333333333333333,,,
B6_lora4,Dreyer2023,35,0.6649999999999999,0.71,0.045,,,
B6_lora4,Dreyer2023,36,0.7016666666666667,0.7116666666666667,0.009999999999999962,,,
B6_lora4,Dreyer2023,37,0.6333333333333333,0.7,0.06666666666666664,,,
B6_lora4,Dreyer2023,38,0.7283333333333333,0.8400000000000001,0.11166666666666665,,,
B6_lora4,Dreyer2023,39,0.8966666666666667,0.9383333333333332,0.04166666666666668,,,
B6_lora4,Dreyer2023,40,0.6948275862068967,0.7017241379310345,0.006896551724137859,,,
B6_lora4,Dreyer2023,42,0.615,0.675,0.05999999999999992,,,
B6_lora4,Dreyer2023,43,0.805,0.8633333333333333,0.05833333333333331,,,
B6_lora4,Dreyer2023,44,0.6216666666666667,0.615,-0.00666666666666664,,,
B6_lora4,Dreyer2023,45,0.6783333333333333,0.7483333333333333,0.06999999999999998,,,
B6_lora4,Dreyer2023,46,0.6916666666666667,0.67,-0.02166666666666664,,,
B6_lora4,Dreyer2023,47,0.735,0.8483333333333333,0.11333333333333329,,,
B6_lora4,Dreyer2023,48,0.64,0.6566666666666666,0.01666666666666662,,,
B6_lora4,Dreyer2023,49,0.6966666666666667,0.7383333333333333,0.04166666666666666,,,
B6_lora4,Dreyer2023,50,0.5700000000000001,0.5766666666666667,0.006666666666666659,,,
B6_lora4,Dreyer2023,51,0.7066666666666667,0.7266666666666667,0.01999999999999996,,,
B6_lora4,Dreyer2023,52,0.7033333333333334,0.7066666666666667,0.00333333333333338,,,
B6_lora4,Dreyer2023,53,0.6916666666666667,0.765,0.07333333333333332,,,
B6_lora4,Dreyer2023,54,0.6683333333333333,0.6699999999999999,0.0016666666666666618,,,
B6_lora4,Dreyer2023,55,0.8916666666666666,0.8833333333333334,-0.00833333333333334,,,
B6_lora4,Dreyer2023,56,0.8866666666666667,0.9850000000000001,0.0983333333333333,,,
B6_lora4,Dreyer2023,57,0.5766666666666667,0.585,0.00833333333333334,,,
B6_lora4,Dreyer2023,58,0.8916666666666666,0.8699999999999999,-0.0216666666666666,,,
B6_lora4,Dreyer2023,59,0.7275,0.7474999999999999,0.01999999999999994,,,
B6_lora4,Dreyer2023,60,0.6950000000000001,0.7483333333333333,0.053333333333333253,,,
B6_lora4,Dreyer2023,61,0.7683333333333333,0.7849999999999999,0.016666666666666642,,,
B6_lora4,Dreyer2023,62,0.7233333333333334,0.7433333333333334,0.02,,,
B6_lora4,Dreyer2023,63,0.6416666666666666,0.675,0.03333333333333332,,,
B6_lora4,Dreyer2023,64,0.6466666666666667,0.7383333333333333,0.09166666666666658,,,
B6_lora4,Dreyer2023,65,0.8183333333333334,0.8483333333333334,0.02999999999999998,,,
B6_lora4,Dreyer2023,66,0.665,0.6316666666666666,-0.0333333333333333,,,
B6_lora4,Dreyer2023,67,0.735,0.8533333333333333,0.11833333333333326,,,
B6_lora4,Dreyer2023,68,0.605,0.6683333333333333,0.06333333333333327,,,
B6_lora4,Dreyer2023,69,0.7483333333333333,0.755,0.006666666666666659,,,
B6_lora4,Dreyer2023,70,0.48166666666666663,0.55,0.06833333333333332,,,
B6_lora4,Dreyer2023,71,0.6816666666666666,0.7083333333333333,0.026666666666666606,,,
B6_lora4,Dreyer2023,72,0.6616666666666667,0.755,0.09333333333333321,,,
B6_lora4,Dreyer2023,73,0.6283333333333333,0.735,0.10666666666666665,,,
B6_lora4,Dreyer2023,74,0.635,0.6616666666666666,0.026666666666666623,,,
B6_lora4,Dreyer2023,75,0.7183333333333334,0.7516666666666667,0.033333333333333284,,,
B6_lora4,Dreyer2023,76,0.7983333333333333,0.8133333333333332,0.015,,,
B6_lora4,Dreyer2023,77,0.735,0.7466666666666666,0.011666666666666641,,,
B6_lora4,Dreyer2023,80,0.5700000000000001,0.5883333333333334,0.01833333333333332,,,
B6_lora4,Dreyer2023,81,0.7150000000000001,0.6966666666666667,-0.01833333333333334,,,
B6_lora4,Dreyer2023,82,0.78,0.7833333333333334,0.003333333333333319,,,
B6_lora4,Dreyer2023,83,0.6066666666666667,0.615,0.00833333333333336,,,
B6_lora4,Dreyer2023,84,0.735,0.7583333333333334,0.02333333333333334,,,
B6_lora4,Dreyer2023,85,0.6916666666666667,0.75,0.05833333333333326,,,
B6_lora4,Dreyer2023,86,0.7116666666666667,0.7233333333333334,0.011666666666666641,,,
B6_lora4,Dreyer2023,87,0.7416666666666667,0.7566666666666666,0.01499999999999998,,,
B6_lora4,PhysionetMI,1,0.781060606060606,0.825,0.043939393939393924,,,
B6_lora4,PhysionetMI,2,0.8115384615384615,0.8661538461538463,0.0546153846153846,,,
B6_lora4,PhysionetMI,3,0.8568181818181818,0.8492424242424242,-0.007575757575757599,,,
B6_lora4,PhysionetMI,4,0.8219696969696969,0.8143939393939394,-0.0075757575757575595,,,
B6_lora4,PhysionetMI,5,0.6477272727272727,0.6295454545454545,-0.01818181818181816,,,
B6_lora4,PhysionetMI,6,0.7575757575757576,0.8378787878787879,0.08030303030303028,,,
B6_lora4,PhysionetMI,7,0.9053030303030303,0.9318181818181817,0.026515151515151457,,,
B6_lora4,PhysionetMI,8,0.7560606060606061,0.8575757575757577,0.10151515151515149,,,
B6_lora4,PhysionetMI,9,0.7930769230769231,0.7984615384615384,0.005384615384615381,,,
B6_lora4,PhysionetMI,10,0.5976923076923077,0.6,0.0023076923076923023,,,
B6_lora4,PhysionetMI,11,0.6227272727272727,0.6212121212121212,-0.0015151515151514805,,,
B6_lora4,PhysionetMI,12,0.8219696969696969,0.753030303030303,-0.06893939393939386,,,
B6_lora4,PhysionetMI,13,0.5409090909090908,0.6484848484848486,0.10757575757575757,,,
B6_lora4,PhysionetMI,14,0.7045454545454545,0.8212121212121213,0.11666666666666665,,,
B6_lora4,PhysionetMI,15,0.8784615384615385,0.8992307692307693,0.02076923076923074,,,
B6_lora4,PhysionetMI,16,0.4954545454545455,0.5174242424242423,0.021969696969696938,,,
B6_lora4,PhysionetMI,17,0.6825757575757576,0.8393939393939395,0.15681818181818183,,,
B6_lora4,PhysionetMI,18,0.9462121212121211,0.990909090909091,0.04469696969696966,,,
B6_lora4,PhysionetMI,19,0.8363636363636363,0.7795454545454545,-0.05681818181818178,,,
B6_lora4,PhysionetMI,20,0.7954545454545455,0.8212121212121213,0.025757575757575757,,,
B6_lora4,PhysionetMI,21,0.4045454545454545,0.5280303030303031,0.12348484848484842,,,
B6_lora4,PhysionetMI,22,0.8583333333333334,0.9371212121212121,0.07878787878787878,,,
B6_lora4,PhysionetMI,23,0.6046153846153846,0.6276923076923077,0.02307692307692304,,,
B6_lora4,PhysionetMI,24,0.6053030303030302,0.7022727272727274,0.096969696969697,,,
B6_lora4,PhysionetMI,25,0.6227272727272728,0.5386363636363637,-0.08409090909090902,,,
B6_lora4,PhysionetMI,26,0.5453846153846154,0.6169230769230769,0.07153846153846158,,,
B6_lora4,PhysionetMI,27,0.7234848484848485,0.7356060606060606,0.01212121212121206,,,
B6_lora4,PhysionetMI,28,0.7727272727272727,0.7795454545454545,0.0068181818181818,,,
B6_lora4,PhysionetMI,29,0.8106060606060606,0.843939393939394,0.03333333333333332,,,
B6_lora4,PhysionetMI,30,0.8378787878787879,0.8651515151515152,0.02727272727272726,,,
B6_lora4,PhysionetMI,31,0.45378787878787874,0.6848484848484848,0.23106060606060605,,,
B6_lora4,PhysionetMI,32,0.7892307692307693,0.8915384615384616,0.10230769230769225,,,
B6_lora4,PhysionetMI,33,0.9303030303030303,0.9401515151515151,0.00984848484848478,,,
B6_lora4,PhysionetMI,34,0.8492307692307692,0.686923076923077,-0.16230769230769226,,,
B6_lora4,PhysionetMI,35,0.7340909090909091,0.8075757575757576,0.07348484848484842,,,
B6_lora4,PhysionetMI,36,0.6401515151515152,0.8166666666666667,0.17651515151515143,,,
B6_lora4,PhysionetMI,37,0.6507575757575758,0.6545454545454545,0.0037878787878787594,,,
B6_lora4,PhysionetMI,38,0.44696969696969696,0.4916666666666666,0.044696969696969735,,,
B6_lora4,PhysionetMI,39,0.7431818181818182,0.7325757575757577,-0.010606060606060601,,,
B6_lora4,PhysionetMI,40,0.6901515151515152,0.8431818181818181,0.15303030303030302,,,
B6_lora4,PhysionetMI,41,0.9292307692307693,0.8553846153846154,-0.07384615384615387,,,
B6_lora4,PhysionetMI,42,0.9030303030303031,0.8704545454545455,-0.03257575757575754,,,
B6_lora4,PhysionetMI,43,0.5484848484848486,0.678030303030303,0.12954545454545446,,,
B6_lora4,PhysionetMI,44,0.8219696969696969,0.8227272727272726,0.0007575757575757763,,,
B6_lora4,PhysionetMI,45,0.5954545454545455,0.646969696969697,0.05151515151515148,,,
B6_lora4,PhysionetMI,46,0.7083333333333334,0.6257575757575757,-0.08257575757575754,,,
B6_lora4,PhysionetMI,47,0.6954545454545455,0.7840909090909092,0.08863636363636365,,,
B6_lora4,PhysionetMI,48,0.8469696969696969,0.9212121212121213,0.07424242424242422,,,
B6_lora4,PhysionetMI,49,0.5431818181818182,0.5727272727272728,0.02954545454545452,,,
B6_lora4,PhysionetMI,50,0.7439393939393939,0.8159090909090908,0.07196969696969693,,,
B6_lora4,PhysionetMI,51,0.7439393939393939,0.7621212121212121,0.01818181818181816,,,
B6_lora4,PhysionetMI,52,0.6861538461538461,0.6561538461538461,-0.029999999999999923,,,
B6_lora4,PhysionetMI,53,0.6901515151515152,0.8560606060606061,0.16590909090909084,,,
B6_lora4,PhysionetMI,54,0.9363636363636363,0.8833333333333334,-0.05303030303030304,,,
B6_lora4,PhysionetMI,55,0.825,0.9083333333333332,0.08333333333333323,,,
B6_lora4,PhysionetMI,56,0.7075757575757576,0.8,0.09242424242424234,,,
B6_lora4,PhysionetMI,57,0.8901515151515152,0.9325757575757574,0.042424242424242364,,,
B6_lora4,PhysionetMI,58,0.8130769230769233,0.7884615384615385,-0.024615384615384702,,,
B6_lora4,PhysionetMI,59,0.7454545454545455,0.6674242424242424,-0.07803030303030298,,,
B6_lora4,PhysionetMI,60,0.8846153846153847,0.8007692307692308,-0.08384615384615382,,,
B6_lora4,PhysionetMI,61,0.740151515151515,0.8757575757575757,0.13560606060606067,,,
B6_lora4,PhysionetMI,62,0.9166666666666664,0.9499999999999998,0.03333333333333334,,,
B6_lora4,PhysionetMI,63,0.7681818181818182,0.7242424242424244,-0.04393939393939384,,,
B6_lora4,PhysionetMI,64,0.7621212121212121,0.790909090909091,0.028787878787878758,,,
B6_lora4,PhysionetMI,65,0.8075757575757576,0.8075757575757576,2.0816681711721685e-17,,,
B6_lora4,PhysionetMI,66,0.7113636363636363,0.7159090909090909,0.004545454545454561,,,
B6_lora4,PhysionetMI,67,0.7416666666666667,0.8719696969696971,0.13030303030303028,,,
B6_lora4,PhysionetMI,68,0.6946969696969697,0.656060606060606,-0.03863636363636362,,,
B6_lora4,PhysionetMI,69,0.6369230769230769,0.8846153846153847,0.2476923076923076,,,
B6_lora4,PhysionetMI,70,0.8007575757575758,0.8651515151515152,0.06439393939393931,,,
B6_lora4,PhysionetMI,71,0.8159090909090908,0.8560606060606061,0.0401515151515152,,,
B6_lora4,PhysionetMI,72,0.9272727272727274,0.9727272727272727,0.0454545454545454,,,
B6_lora4,PhysionetMI,73,0.6462121212121212,0.7689393939393939,0.12272727272727271,,,
B6_lora4,PhysionetMI,74,0.6568181818181819,0.6537878787878788,-0.003030303030302997,,,
B6_lora4,PhysionetMI,75,0.409090909090909,0.45378787878787874,0.04469696969696968,,,
B6_lora4,PhysionetMI,76,0.5151515151515151,0.34924242424242424,-0.16590909090909084,,,
B6_lora4,PhysionetMI,77,0.5984848484848484,0.5969696969696969,-0.0015151515151515405,,,
B6_lora4,PhysionetMI,78,0.5007575757575757,0.6242424242424243,0.12348484848484838,,,
B6_lora4,PhysionetMI,79,0.65,0.5196969696969698,-0.13030303030303028,,,
B6_lora4,PhysionetMI,80,0.8076923076923077,0.8146153846153847,0.006923076923077001,,,
B6_lora4,PhysionetMI,81,0.7439393939393939,0.7401515151515152,-0.0037878787878787403,,,
B6_lora4,PhysionetMI,82,0.6537878787878788,0.75,0.09621212121212112,,,
B6_lora4,PhysionetMI,83,0.6892307692307693,0.6807692307692308,-0.008461538461538418,,,
B6_lora4,PhysionetMI,84,0.8583333333333334,0.8318181818181818,-0.02651515151515152,,,
B6_lora4,PhysionetMI,85,0.6727272727272727,0.7606060606060606,0.08787878787878786,,,
B6_lora4,PhysionetMI,86,0.8538461538461538,0.9230769230769231,0.06923076923076922,,,
B6_lora4,PhysionetMI,87,0.6196969696969696,0.5477272727272727,-0.07196969696969688,,,
B6_lora4,PhysionetMI,90,0.7621212121212121,0.7863636363636364,0.02424242424242422,,,
B6_lora4,PhysionetMI,91,0.6924242424242424,0.8166666666666667,0.1242424242424242,,,
B6_lora4,PhysionetMI,93,0.7174242424242424,0.8022727272727274,0.08484848484848481,,,
B6_lora4,PhysionetMI,94,0.6962121212121213,0.8166666666666667,0.12045454545454537,,,
B6_lora4,PhysionetMI,95,0.6138461538461538,0.6138461538461538,-1.9428902930940238e-17,,,
B6_lora4,PhysionetMI,96,0.7507575757575757,0.7553030303030303,0.004545454545454538,,,
B6_lora4,PhysionetMI,97,0.7621212121212121,0.8469696969696969,0.08484848484848481,,,
B6_lora4,PhysionetMI,98,0.4446969696969697,0.41590909090909084,-0.028787878787878786,,,
B6_lora4,PhysionetMI,99,0.5424242424242424,0.571969696969697,0.029545454545454604,,,
B6_lora4,PhysionetMI,101,0.826153846153846,0.8938461538461538,0.06769230769230766,,,
B6_lora4,PhysionetMI,102,0.6439393939393939,0.703030303030303,0.05909090909090906,,,
B6_lora4,PhysionetMI,103,0.6795454545454545,0.675,-0.004545454545454538,,,
B6_lora4,PhysionetMI,105,0.834848484848485,0.915151515151515,0.08030303030303021,,,
B6_lora4,PhysionetMI,107,0.4537878787878788,0.5446969696969697,0.0909090909090909,,,
B6_lora4,PhysionetMI,108,0.7219696969696969,0.7492424242424243,0.02727272727272722,,,
B6_lora4,PhysionetMI,109,0.6303030303030303,0.543939393939394,-0.08636363636363632,,,
B6_lora8,Cho2017,1,0.596,0.698,0.10199999999999994,,,
B6_lora8,Cho2017,2,0.528,0.524,-0.004000000000000001,,,
B6_lora8,Cho2017,3,0.702,0.842,0.13999999999999996,,,
B6_lora8,Cho2017,4,0.65,0.756,0.10600000000000001,,,
B6_lora8,Cho2017,5,0.986,0.992,0.006,,,
B6_lora8,Cho2017,6,0.828,0.818,-0.009999999999999959,,,
B6_lora8,Cho2017,7,0.5966666666666667,0.5616666666666666,-0.03499999999999998,,,
B6_lora8,Cho2017,8,0.554,0.5780000000000001,0.024000000000000018,,,
B6_lora8,Cho2017,9,0.5549999999999999,0.6083333333333333,0.053333333333333274,,,
B6_lora8,Cho2017,10,0.604,0.604,-1.9428902930940238e-17,,,
B6_lora8,Cho2017,11,0.5900000000000001,0.5860000000000001,-0.003999999999999998,,,
B6_lora8,Cho2017,12,0.54,0.742,0.20199999999999996,,,
B6_lora8,Cho2017,13,0.8220000000000001,0.968,0.14599999999999996,,,
B6_lora8,Cho2017,14,0.784,0.8779999999999999,0.09399999999999996,,,
B6_lora8,Cho2017,15,0.5940000000000001,0.614,0.01999999999999996,,,
B6_lora8,Cho2017,16,0.634,0.638,0.00399999999999998,,,
B6_lora8,Cho2017,17,0.49399999999999994,0.5980000000000001,0.10399999999999991,,,
B6_lora8,Cho2017,18,0.614,0.6539999999999999,0.03999999999999994,,,
B6_lora8,Cho2017,19,0.51,0.554,0.043999999999999984,,,
B6_lora8,Cho2017,20,0.556,0.6739999999999999,0.11799999999999988,,,
B6_lora8,Cho2017,21,0.546,0.616,0.06999999999999994,,,
B6_lora8,Cho2017,22,0.636,0.634,-0.002000000000000041,,,
B6_lora8,Cho2017,23,0.5559999999999999,0.618,0.061999999999999965,,,
B6_lora8,Cho2017,24,0.54,0.538,-0.0019999999999999784,,,
B6_lora8,Cho2017,25,0.628,0.5800000000000001,-0.04799999999999994,,,
B6_lora8,Cho2017,26,0.9879999999999999,0.9960000000000001,0.008,,,
B6_lora8,Cho2017,27,0.576,0.5740000000000001,-0.00199999999999996,,,
B6_lora8,Cho2017,28,0.5,0.8460000000000001,0.346,,,
B6_lora8,Cho2017,29,0.532,0.568,0.03599999999999998,,,
B6_lora8,Cho2017,30,0.6759999999999999,0.662,-0.013999999999999957,,,
B6_lora8,Cho2017,31,0.518,0.6639999999999999,0.14599999999999996,,,
B6_lora8,Cho2017,32,0.49800000000000005,0.534,0.03599999999999998,,,
B6_lora8,Cho2017,33,0.522,0.52,-0.00199999999999998,,,
B6_lora8,Cho2017,34,0.5700000000000001,0.546,-0.023999999999999938,,,
B6_lora8,Cho2017,35,0.374,0.8699999999999999,0.4959999999999999,,,
B6_lora8,Cho2017,36,0.554,0.608,0.053999999999999916,,,
B6_lora8,Cho2017,37,0.882,0.8719999999999999,-0.01000000000000002,,,
B6_lora8,Cho2017,38,0.544,0.556,0.01199999999999998,,,
B6_lora8,Cho2017,39,0.6,0.536,-0.06399999999999995,,,
B6_lora8,Cho2017,40,0.516,0.504,-0.012,,,
B6_lora8,Cho2017,41,0.648,0.726,0.07799999999999999,,,
B6_lora8,Cho2017,42,0.562,0.548,-0.013999999999999999,,,
B6_lora8,Cho2017,43,1.0,1.0,0.0,,,
B6_lora8,Cho2017,44,0.95,0.954,0.003999999999999999,,,
B6_lora8,Cho2017,45,0.516,0.542,0.026000000000000002,,,
B6_lora8,Cho2017,46,0.5650000000000001,0.6983333333333334,0.1333333333333333,,,
B6_lora8,Cho2017,47,0.7979999999999999,0.884,0.086,,,
B6_lora8,Cho2017,48,0.6679999999999999,0.692,0.024,,,
B6_lora8,Cho2017,49,1.0,1.0,0.0,,,
B6_lora8,Cho2017,50,0.9720000000000001,1.0,0.027999999999999997,,,
B6_lora8,Cho2017,51,0.65,0.6260000000000001,-0.0239999999999999,,,
B6_lora8,Cho2017,52,0.5740000000000001,0.6479999999999999,0.07399999999999993,,,
B6_lora8,Dreyer2023,1,0.7833333333333334,0.8099999999999999,0.026666666666666637,,,
B6_lora8,Dreyer2023,2,0.58,0.5916666666666666,0.011666666666666641,,,
B6_lora8,Dreyer2023,3,0.6583333333333334,0.7550000000000001,0.09666666666666662,,,
B6_lora8,Dreyer2023,5,0.775,0.7966666666666666,0.02166666666666666,,,
B6_lora8,Dreyer2023,6,0.72,0.7466666666666667,0.026666666666666623,,,
B6_lora8,Dreyer2023,7,0.8966666666666667,0.9216666666666666,0.02499999999999998,,,
B6_lora8,Dreyer2023,8,0.7300000000000001,0.74,0.009999999999999959,,,
B6_lora8,Dreyer2023,10,0.8,0.8150000000000001,0.014999999999999961,,,
B6_lora8,Dreyer2023,11,0.5666666666666667,0.6266666666666667,0.05999999999999996,,,
B6_lora8,Dreyer2023,12,0.8066666666666666,0.8183333333333334,0.01166666666666664,,,
B6_lora8,Dreyer2023,13,0.6883333333333334,0.735,0.0466666666666666,,,
B6_lora8,Dreyer2023,14,0.6316666666666666,0.6683333333333333,0.03666666666666664,,,
B6_lora8,Dreyer2023,15,0.8133333333333332,0.8583333333333334,0.04499999999999998,,,
B6_lora8,Dreyer2023,16,0.7833333333333333,0.79,0.006666666666666661,,,
B6_lora8,Dreyer2023,18,0.7783333333333333,0.8800000000000001,0.10166666666666661,,,
B6_lora8,Dreyer2023,19,0.8116666666666668,0.9,0.08833333333333329,,,
B6_lora8,Dreyer2023,20,0.8066666666666666,0.825,0.018333333333333302,,,
B6_lora8,Dreyer2023,21,0.8266666666666668,0.865,0.038333333333333296,,,
B6_lora8,Dreyer2023,22,0.7783333333333333,0.8133333333333332,0.03499999999999994,,,
B6_lora8,Dreyer2023,23,0.6733333333333333,0.7033333333333334,0.029999999999999964,,,
B6_lora8,Dreyer2023,24,0.8483333333333334,0.8666666666666666,0.018333333333333302,,,
B6_lora8,Dreyer2023,25,0.6033333333333333,0.7216666666666667,0.11833333333333326,,,
B6_lora8,Dreyer2023,26,0.6733333333333333,0.7466666666666667,0.07333333333333328,,,
B6_lora8,Dreyer2023,27,0.6883333333333332,0.7316666666666667,0.0433333333333333,,,
B6_lora8,Dreyer2023,28,0.7183333333333334,0.71,-0.00833333333333334,,,
B6_lora8,Dreyer2023,30,0.63,0.64,0.01000000000000002,,,
B6_lora8,Dreyer2023,31,0.75,0.8083333333333333,0.058333333333333307,,,
B6_lora8,Dreyer2023,32,0.6900000000000001,0.75,0.05999999999999994,,,
B6_lora8,Dreyer2023,33,0.6483333333333333,0.665,0.01666666666666664,,,
B6_lora8,Dreyer2023,34,0.7416666666666667,0.7783333333333333,0.036666666666666604,,,
B6_lora8,Dreyer2023,35,0.6649999999999999,0.7083333333333334,0.04333333333333334,,,
B6_lora8,Dreyer2023,36,0.7016666666666667,0.6950000000000001,-0.006666666666666659,,,
B6_lora8,Dreyer2023,37,0.6333333333333333,0.7,0.06666666666666662,,,
B6_lora8,Dreyer2023,38,0.7283333333333333,0.8833333333333332,0.15499999999999997,,,
B6_lora8,Dreyer2023,39,0.8966666666666667,0.93,0.03333333333333336,,,
B6_lora8,Dreyer2023,40,0.6948275862068967,0.6758620689655173,-0.01896551724137934,,,
B6_lora8,Dreyer2023,42,0.615,0.6633333333333333,0.0483333333333333,,,
B6_lora8,Dreyer2023,43,0.805,0.86,0.05499999999999994,,,
B6_lora8,Dreyer2023,44,0.6216666666666667,0.6233333333333333,0.0016666666666667017,,,
B6_lora8,Dreyer2023,45,0.6783333333333333,0.7316666666666667,0.0533333333333333,,,
B6_lora8,Dreyer2023,46,0.6916666666666667,0.6666666666666667,-0.02499999999999996,,,
B6_lora8,Dreyer2023,47,0.735,0.8816666666666666,0.14666666666666667,,,
B6_lora8,Dreyer2023,48,0.64,0.665,0.024999999999999942,,,
B6_lora8,Dreyer2023,49,0.6966666666666667,0.7466666666666667,0.05,,,
B6_lora8,Dreyer2023,50,0.5700000000000001,0.5616666666666668,-0.008333333333333321,,,
B6_lora8,Dreyer2023,51,0.7066666666666667,0.7433333333333334,0.03666666666666664,,,
B6_lora8,Dreyer2023,52,0.7033333333333334,0.67,-0.033333333333333284,,,
B6_lora8,Dreyer2023,53,0.6916666666666667,0.7949999999999999,0.10333333333333328,,,
B6_lora8,Dreyer2023,54,0.6683333333333333,0.6666666666666667,-0.0016666666666666414,,,
B6_lora8,Dreyer2023,55,0.8916666666666666,0.8799999999999999,-0.011666666666666704,,,
B6_lora8,Dreyer2023,56,0.8866666666666667,0.9733333333333333,0.0866666666666666,,,
B6_lora8,Dreyer2023,57,0.5766666666666667,0.595,0.018333333333333337,,,
B6_lora8,Dreyer2023,58,0.8916666666666666,0.86,-0.03166666666666662,,,
B6_lora8,Dreyer2023,59,0.7275,0.745,0.01749999999999998,,,
B6_lora8,Dreyer2023,60,0.6950000000000001,0.7366666666666667,0.041666666666666644,,,
B6_lora8,Dreyer2023,61,0.7683333333333333,0.8016666666666665,0.03333333333333328,,,
B6_lora8,Dreyer2023,62,0.7233333333333334,0.7666666666666667,0.04333333333333334,,,
B6_lora8,Dreyer2023,63,0.6416666666666666,0.6766666666666666,0.03499999999999998,,,
B6_lora8,Dreyer2023,64,0.6466666666666667,0.74,0.09333333333333325,,,
B6_lora8,Dreyer2023,65,0.8183333333333334,0.8433333333333334,0.02499999999999998,,,
B6_lora8,Dreyer2023,66,0.665,0.6649999999999999,-3.8857805861880476e-17,,,
B6_lora8,Dreyer2023,67,0.735,0.8916666666666666,0.15666666666666662,,,
B6_lora8,Dreyer2023,68,0.605,0.6950000000000001,0.08999999999999994,,,
B6_lora8,Dreyer2023,69,0.7483333333333333,0.7616666666666666,0.0133333333333333,,,
B6_lora8,Dreyer2023,70,0.48166666666666663,0.5483333333333333,0.06666666666666664,,,
B6_lora8,Dreyer2023,71,0.6816666666666666,0.7133333333333333,0.03166666666666662,,,
B6_lora8,Dreyer2023,72,0.6616666666666667,0.7416666666666667,0.07999999999999993,,,
B6_lora8,Dreyer2023,73,0.6283333333333333,0.7383333333333333,0.10999999999999995,,,
B6_lora8,Dreyer2023,74,0.635,0.6683333333333333,0.03333333333333332,,,
B6_lora8,Dreyer2023,75,0.7183333333333334,0.7433333333333334,0.02499999999999996,,,
B6_lora8,Dreyer2023,76,0.7983333333333333,0.835,0.036666666666666674,,,
B6_lora8,Dreyer2023,77,0.735,0.7483333333333333,0.013333333333333341,,,
B6_lora8,Dreyer2023,80,0.5700000000000001,0.5983333333333334,0.028333333333333304,,,
B6_lora8,Dreyer2023,81,0.7150000000000001,0.6933333333333334,-0.021666666666666678,,,
B6_lora8,Dreyer2023,82,0.78,0.8416666666666666,0.061666666666666606,,,
B6_lora8,Dreyer2023,83,0.6066666666666667,0.6133333333333333,0.0066666666666667,,,
B6_lora8,Dreyer2023,84,0.735,0.7683333333333333,0.03333333333333332,,,
B6_lora8,Dreyer2023,85,0.6916666666666667,0.77,0.07833333333333328,,,
B6_lora8,Dreyer2023,86,0.7116666666666667,0.7300000000000001,0.01833333333333332,,,
B6_lora8,Dreyer2023,87,0.7416666666666667,0.755,0.01333333333333328,,,
B6_lora8,PhysionetMI,1,0.781060606060606,0.8280303030303031,0.04696969696969696,,,
B6_lora8,PhysionetMI,2,0.8115384615384615,0.85,0.03846153846153842,,,
B6_lora8,PhysionetMI,3,0.8568181818181818,0.8401515151515152,-0.01666666666666666,,,
B6_lora8,PhysionetMI,4,0.8219696969696969,0.8378787878787879,0.015909090909090897,,,
B6_lora8,PhysionetMI,5,0.6477272727272727,0.5696969696969697,-0.07803030303030298,,,
B6_lora8,PhysionetMI,6,0.7575757575757576,0.8181818181818181,0.06060606060606059,,,
B6_lora8,PhysionetMI,7,0.9053030303030303,0.9575757575757574,0.05227272727272721,,,
B6_lora8,PhysionetMI,8,0.7560606060606061,0.8280303030303031,0.07196969696969696,,,
B6_lora8,PhysionetMI,9,0.7930769230769231,0.8461538461538461,0.05307692307692308,,,
B6_lora8,PhysionetMI,10,0.5976923076923077,0.5723076923076923,-0.025384615384615377,,,
B6_lora8,PhysionetMI,11,0.6227272727272727,0.6128787878787879,-0.009848484848484839,,,
B6_lora8,PhysionetMI,12,0.8219696969696969,0.8037878787878789,-0.01818181818181812,,,
B6_lora8,PhysionetMI,13,0.5409090909090908,0.7393939393939394,0.1984848484848485,,,
B6_lora8,PhysionetMI,14,0.7045454545454545,0.8356060606060606,0.13106060606060604,,,
B6_lora8,PhysionetMI,15,0.8784615384615385,0.8923076923076924,0.013846153846153819,,,
B6_lora8,PhysionetMI,16,0.4954545454545455,0.4878787878787879,-0.00757575757575758,,,
B6_lora8,PhysionetMI,17,0.6825757575757576,0.8272727272727274,0.14469696969696969,,,
B6_lora8,PhysionetMI,18,0.9462121212121211,0.9749999999999999,0.028787878787878703,,,
B6_lora8,PhysionetMI,19,0.8363636363636363,0.7537878787878788,-0.08257575757575752,,,
B6_lora8,PhysionetMI,20,0.7954545454545455,0.7871212121212121,-0.00833333333333328,,,
B6_lora8,PhysionetMI,21,0.4045454545454545,0.5621212121212121,0.15757575757575754,,,
B6_lora8,PhysionetMI,22,0.8583333333333334,0.9113636363636364,0.05303030303030302,,,
B6_lora8,PhysionetMI,23,0.6046153846153846,0.6776923076923078,0.07307692307692304,,,
B6_lora8,PhysionetMI,24,0.6053030303030302,0.7530303030303032,0.1477272727272728,,,
B6_lora8,PhysionetMI,25,0.6227272727272728,0.5636363636363637,-0.05909090909090906,,,
B6_lora8,PhysionetMI,26,0.5453846153846154,0.6192307692307693,0.07384615384615388,,,
B6_lora8,PhysionetMI,27,0.7234848484848485,0.7363636363636363,0.0128787878787878,,,
B6_lora8,PhysionetMI,28,0.7727272727272727,0.7795454545454545,0.006818181818181779,,,
B6_lora8,PhysionetMI,29,0.8106060606060606,0.8863636363636364,0.07575757575757575,,,
B6_lora8,PhysionetMI,30,0.8378787878787879,0.8757575757575757,0.0378787878787879,,,
B6_lora8,PhysionetMI,31,0.45378787878787874,0.7022727272727273,0.24848484848484845,,,
B6_lora8,PhysionetMI,32,0.7892307692307693,0.8584615384615384,0.06923076923076918,,,
B6_lora8,PhysionetMI,33,0.9303030303030303,0.9318181818181819,0.0015151515151514805,,,
B6_lora8,PhysionetMI,34,0.8492307692307692,0.6438461538461538,-0.20538461538461536,,,
B6_lora8,PhysionetMI,35,0.7340909090909091,0.8227272727272726,0.08863636363636355,,,
B6_lora8,PhysionetMI,36,0.6401515151515152,0.8007575757575758,0.16060606060606053,,,
B6_lora8,PhysionetMI,37,0.6507575757575758,0.6431818181818182,-0.007575757575757558,,,
B6_lora8,PhysionetMI,38,0.44696969696969696,0.4810606060606061,0.03409090909090906,,,
B6_lora8,PhysionetMI,39,0.7431818181818182,0.75,0.006818181818181819,,,
B6_lora8,PhysionetMI,40,0.6901515151515152,0.8765151515151516,0.18636363636363631,,,
B6_lora8,PhysionetMI,41,0.9292307692307693,0.9038461538461539,-0.025384615384615318,,,
B6_lora8,PhysionetMI,42,0.9030303030303031,0.8878787878787879,-0.01515151515151512,,,
B6_lora8,PhysionetMI,43,0.5484848484848486,0.6909090909090909,0.14242424242424237,,,
B6_lora8,PhysionetMI,44,0.8219696969696969,0.8136363636363637,-0.008333333333333304,,,
B6_lora8,PhysionetMI,45,0.5954545454545455,0.6371212121212121,0.041666666666666644,,,
B6_lora8,PhysionetMI,46,0.7083333333333334,0.6666666666666667,-0.041666666666666685,,,
B6_lora8,PhysionetMI,47,0.6954545454545455,0.8090909090909092,0.11363636363636362,,,
B6_lora8,PhysionetMI,48,0.8469696969696969,0.9212121212121211,0.0742424242424242,,,
B6_lora8,PhysionetMI,49,0.5431818181818182,0.5992424242424242,0.05606060606060605,,,
B6_lora8,PhysionetMI,50,0.7439393939393939,0.8416666666666666,0.09772727272727266,,,
B6_lora8,PhysionetMI,51,0.7439393939393939,0.7878787878787878,0.04393939393939394,,,
B6_lora8,PhysionetMI,52,0.6861538461538461,0.6484615384615384,-0.0376923076923076,,,
B6_lora8,PhysionetMI,53,0.6901515151515152,0.8386363636363636,0.14848484848484847,,,
B6_lora8,PhysionetMI,54,0.9363636363636363,0.840909090909091,-0.09545454545454543,,,
B6_lora8,PhysionetMI,55,0.825,0.9,0.07499999999999993,,,
B6_lora8,PhysionetMI,56,0.7075757575757576,0.818939393939394,0.11136363636363633,,,
B6_lora8,PhysionetMI,57,0.8901515151515152,0.9325757575757574,0.04242424242424236,,,
B6_lora8,PhysionetMI,58,0.8130769230769233,0.773076923076923,-0.04000000000000008,,,
B6_lora8,PhysionetMI,59,0.7454545454545455,0.646969696969697,-0.09848484848484847,,,
B6_lora8,PhysionetMI,60,0.8846153846153847,0.8338461538461539,-0.050769230769230754,,,
B6_lora8,PhysionetMI,61,0.740151515151515,0.9568181818181818,0.21666666666666673,,,
B6_lora8,PhysionetMI,62,0.9166666666666664,0.9499999999999998,0.03333333333333334,,,
B6_lora8,PhysionetMI,63,0.7681818181818182,0.7265151515151516,-0.041666666666666574,,,
B6_lora8,PhysionetMI,64,0.7621212121212121,0.7674242424242425,0.005303030303030321,,,
B6_lora8,PhysionetMI,65,0.8075757575757576,0.8166666666666668,0.009090909090909084,,,
B6_lora8,PhysionetMI,66,0.7113636363636363,0.7242424242424242,0.012878787878787901,,,
B6_lora8,PhysionetMI,67,0.7416666666666667,0.8772727272727272,0.13560606060606054,,,
B6_lora8,PhysionetMI,68,0.6946969696969697,0.6386363636363637,-0.05606060606060605,,,
B6_lora8,PhysionetMI,69,0.6369230769230769,0.9,0.26307692307692304,,,
B6_lora8,PhysionetMI,70,0.8007575757575758,0.8727272727272727,0.07196969696969688,,,
B6_lora8,PhysionetMI,71,0.8159090909090908,0.8636363636363636,0.04772727272727274,,,
B6_lora8,PhysionetMI,72,0.9272727272727274,0.9545454545454545,0.027272727272727237,,,
B6_lora8,PhysionetMI,73,0.6462121212121212,0.6515151515151516,0.0053030303030303,,,
B6_lora8,PhysionetMI,74,0.6568181818181819,0.696969696969697,0.040151515151515105,,,
B6_lora8,PhysionetMI,75,0.409090909090909,0.5128787878787878,0.10378787878787876,,,
B6_lora8,PhysionetMI,76,0.5151515151515151,0.3674242424242424,-0.14772727272727265,,,
B6_lora8,PhysionetMI,77,0.5984848484848484,0.5886363636363636,-0.009848484848484778,,,
B6_lora8,PhysionetMI,78,0.5007575757575757,0.6257575757575757,0.12499999999999993,,,
B6_lora8,PhysionetMI,79,0.65,0.5378787878787878,-0.11212121212121207,,,
B6_lora8,PhysionetMI,80,0.8076923076923077,0.8523076923076923,0.04461538461538464,,,
B6_lora8,PhysionetMI,81,0.7439393939393939,0.7818181818181819,0.03787878787878788,,,
B6_lora8,PhysionetMI,82,0.6537878787878788,0.7575757575757576,0.10378787878787872,,,
B6_lora8,PhysionetMI,83,0.6892307692307693,0.6661538461538462,-0.02307692307692302,,,
B6_lora8,PhysionetMI,84,0.8583333333333334,0.821969696969697,-0.03636363636363636,,,
B6_lora8,PhysionetMI,85,0.6727272727272727,0.865909090909091,0.19318181818181815,,,
B6_lora8,PhysionetMI,86,0.8538461538461538,0.9692307692307693,0.11538461538461538,,,
B6_lora8,PhysionetMI,87,0.6196969696969696,0.5272727272727272,-0.09242424242424234,,,
B6_lora8,PhysionetMI,90,0.7621212121212121,0.8424242424242424,0.08030303030303028,,,
B6_lora8,PhysionetMI,91,0.6924242424242424,0.8265151515151515,0.1340909090909091,,,
B6_lora8,PhysionetMI,93,0.7174242424242424,0.7666666666666667,0.04924242424242424,,,
B6_lora8,PhysionetMI,94,0.6962121212121213,0.825,0.12878787878787873,,,
B6_lora8,PhysionetMI,95,0.6138461538461538,0.5861538461538461,-0.027692307692307676,,,
B6_lora8,PhysionetMI,96,0.7507575757575757,0.818939393939394,0.0681818181818182,,,
B6_lora8,PhysionetMI,97,0.7621212121212121,0.8643939393939395,0.10227272727272722,,,
B6_lora8,PhysionetMI,98,0.4446969696969697,0.4295454545454545,-0.01515151515151516,,,
B6_lora8,PhysionetMI,99,0.5424242424242424,0.5962121212121212,0.05378787878787876,,,
B6_lora8,PhysionetMI,101,0.826153846153846,0.866153846153846,0.039999999999999966,,,
B6_lora8,PhysionetMI,102,0.6439393939393939,0.6840909090909091,0.040151515151515084,,,
B6_lora8,PhysionetMI,103,0.6795454545454545,0.6742424242424242,-0.0053030303030303,,,
B6_lora8,PhysionetMI,105,0.834848484848485,0.9583333333333333,0.12348484848484834,,,
B6_lora8,PhysionetMI,107,0.4537878787878788,0.5189393939393939,0.06515151515151515,,,
B6_lora8,PhysionetMI,108,0.7219696969696969,0.7484848484848484,0.0265151515151515,,,
B6_lora8,PhysionetMI,109,0.6303030303030303,0.5083333333333333,-0.12196969696969692,,,
M_film,Cho2017,1,0.596,0.568,-0.02799999999999998,0.6020000000000001,0.5609999999999999,-0.04100000000000002
M_film,Cho2017,2,0.528,0.496,-0.032,0.512,0.508,-0.00399999999999998
M_film,Cho2017,3,0.702,0.546,-0.15599999999999994,0.7,0.548,-0.15199999999999997
M_film,Cho2017,4,0.65,0.588,-0.061999999999999944,0.637,0.6,-0.037
M_film,Cho2017,5,0.986,0.9960000000000001,0.01,0.976,0.9890000000000001,0.013000000000000001
M_film,Cho2017,6,0.828,0.76,-0.06799999999999996,0.8240000000000001,0.748,-0.07599999999999996
M_film,Cho2017,7,0.5966666666666667,0.4766666666666667,-0.11999999999999995,0.5841666666666667,0.4833333333333333,-0.10083333333333326
M_film,Cho2017,8,0.554,0.5279999999999999,-0.02600000000000004,0.5589999999999999,0.538,-0.020999999999999956
M_film,Cho2017,9,0.5549999999999999,0.505,-0.049999999999999975,0.5683333333333334,0.5083333333333333,-0.05999999999999994
M_film,Cho2017,10,0.604,0.524,-0.07999999999999992,0.626,0.538,-0.0879999999999999
M_film,Cho2017,11,0.5900000000000001,0.58,-0.01000000000000004,0.546,0.548,0.00200000000000002
M_film,Cho2017,12,0.54,0.49399999999999994,-0.046,0.624,0.53,-0.09399999999999992
M_film,Cho2017,13,0.8220000000000001,0.6,-0.22199999999999998,0.753,0.5599999999999999,-0.193
M_film,Cho2017,14,0.784,0.632,-0.15199999999999997,0.7769999999999999,0.635,-0.14199999999999993
M_film,Cho2017,15,0.5940000000000001,0.514,-0.07999999999999999,0.576,0.541,-0.035
M_film,Cho2017,16,0.634,0.584,-0.049999999999999954,0.591,0.5660000000000001,-0.024999999999999977
M_film,Cho2017,17,0.49399999999999994,0.514,0.019999999999999983,0.505,0.507,0.0019999999999999996
M_film,Cho2017,18,0.614,0.56,-0.05399999999999994,0.585,0.546,-0.03899999999999998
M_film,Cho2017,19,0.51,0.502,-0.00799999999999998,0.544,0.532,-0.012
M_film,Cho2017,20,0.556,0.55,-0.006000000000000021,0.572,0.542,-0.029999999999999954
M_film,Cho2017,21,0.546,0.532,-0.01399999999999998,0.524,0.522,-0.002000000000000001
M_film,Cho2017,22,0.636,0.576,-0.059999999999999984,0.591,0.532,-0.05899999999999994
M_film,Cho2017,23,0.5559999999999999,0.49000000000000005,-0.06599999999999992,0.6799999999999999,0.5970000000000001,-0.08299999999999996
M_film,Cho2017,24,0.54,0.48199999999999993,-0.05799999999999996,0.549,0.5,-0.04899999999999996
M_film,Cho2017,25,0.628,0.524,-0.10399999999999998,0.594,0.5029999999999999,-0.09099999999999993
M_film,Cho2017,26,0.9879999999999999,0.9879999999999999,0.0,0.9629999999999999,0.9549999999999998,-0.00800000000000004
M_film,Cho2017,27,0.576,0.508,-0.06799999999999996,0.546,0.506,-0.04
M_film,Cho2017,28,0.5,0.532,0.032,0.516,0.541,0.025
M_film,Cho2017,29,0.532,0.45999999999999996,-0.07199999999999995,0.49400000000000005,0.47000000000000003,-0.02399999999999998
M_film,Cho2017,30,0.6759999999999999,0.548,-0.12799999999999992,0.607,0.533,-0.07399999999999995
M_film,Cho2017,31,0.518,0.508,-0.01,0.497,0.504,0.007000000000000001
M_film,Cho2017,32,0.49800000000000005,0.5,0.0020000000000000005,0.512,0.497,-0.01499999999999998
M_film,Cho2017,33,0.522,0.512,-0.009999999999999998,0.52,0.525,0.004999999999999979
M_film,Cho2017,34,0.5700000000000001,0.54,-0.02999999999999998,0.541,0.516,-0.02499999999999996
M_film,Cho2017,35,0.374,0.49399999999999994,0.11999999999999995,0.488,0.517,0.02899999999999998
M_film,Cho2017,36,0.554,0.506,-0.048,0.565,0.512,-0.05299999999999992
M_film,Cho2017,37,0.882,0.786,-0.09599999999999996,0.779,0.701,-0.07799999999999999
M_film,Cho2017,38,0.544,0.53,-0.014000000000000023,0.568,0.539,-0.02899999999999996
M_film,Cho2017,39,0.6,0.516,-0.08399999999999994,0.6599999999999999,0.5780000000000001,-0.08199999999999993
M_film,Cho2017,40,0.516,0.492,-0.024,0.554,0.5109999999999999,-0.04299999999999998
M_film,Cho2017,41,0.648,0.538,-0.10999999999999999,0.643,0.542,-0.10099999999999998
M_film,Cho2017,42,0.562,0.532,-0.02999999999999998,0.544,0.53,-0.01399999999999998
M_film,Cho2017,43,1.0,1.0,0.0,0.9789999999999999,0.959,-0.01999999999999998
M_film,Cho2017,44,0.95,0.9039999999999999,-0.04599999999999998,0.898,0.869,-0.02899999999999998
M_film,Cho2017,45,0.516,0.538,0.022000000000000002,0.522,0.526,0.004000000000000001
M_film,Cho2017,46,0.5650000000000001,0.5333333333333333,-0.031666666666666635,0.5566666666666666,0.5341666666666667,-0.02249999999999998
M_film,Cho2017,47,0.7979999999999999,0.65,-0.14799999999999996,0.749,0.627,-0.12199999999999997
M_film,Cho2017,48,0.6679999999999999,0.5980000000000001,-0.06999999999999997,0.6689999999999999,0.6300000000000001,-0.03899999999999996
M_film,Cho2017,49,1.0,0.954,-0.04599999999999998,0.898,0.857,-0.041
M_film,Cho2017,50,0.9720000000000001,0.844,-0.12799999999999995,0.975,0.8559999999999999,-0.11899999999999997
M_film,Cho2017,51,0.65,0.5940000000000001,-0.055999999999999904,0.597,0.568,-0.02899999999999998
M_film,Cho2017,52,0.5740000000000001,0.554,-0.02,0.579,0.54,-0.039
M_film,Dreyer2023,1,0.7833333333333334,0.86,0.07666666666666662,0.8141666666666667,0.8558333333333333,0.041666666666666644
M_film,Dreyer2023,2,0.58,0.595,0.01499999999999998,0.6208333333333333,0.6174999999999999,-0.003333333333333319
M_film,Dreyer2023,3,0.6583333333333334,0.7766666666666666,0.11833333333333326,0.6841666666666667,0.8008333333333333,0.11666666666666663
M_film,Dreyer2023,5,0.775,0.7983333333333333,0.0233333333333333,0.7525000000000001,0.8099999999999999,0.05749999999999996
M_film,Dreyer2023,6,0.72,0.7366666666666667,0.01666666666666666,0.7033333333333334,0.7175,0.014166666666666581
M_film,Dreyer2023,7,0.8966666666666667,0.9400000000000001,0.04333333333333334,0.8825,0.9425000000000001,0.05999999999999992
M_film,Dreyer2023,8,0.7300000000000001,0.7633333333333333,0.033333333333333284,0.7441666666666666,0.7566666666666666,0.01249999999999998
M_film,Dreyer2023,10,0.8,0.825,0.024999999999999942,0.8091666666666667,0.8441666666666666,0.03499999999999994
M_film,Dreyer2023,11,0.5666666666666667,0.6050000000000001,0.038333333333333316,0.5841666666666667,0.61,0.02583333333333334
M_film,Dreyer2023,12,0.8066666666666666,0.8516666666666666,0.04499999999999994,0.7616666666666666,0.8366666666666667,0.07499999999999998
M_film,Dreyer2023,13,0.6883333333333334,0.7,0.01166666666666662,0.7333333333333334,0.7583333333333333,0.024999999999999942
M_film,Dreyer2023,14,0.6316666666666666,0.6466666666666667,0.015000000000000019,0.645,0.6458333333333334,0.0008333333333333026
M_film,Dreyer2023,15,0.8133333333333332,0.8616666666666667,0.04833333333333326,0.8366666666666667,0.8741666666666668,0.0375
M_film,Dreyer2023,16,0.7833333333333333,0.8,0.016666666666666642,0.7633333333333333,0.8133333333333332,0.049999999999999975
M_film,Dreyer2023,18,0.7783333333333333,0.8466666666666667,0.06833333333333336,0.7675,0.8558333333333333,0.08833333333333328
M_film,Dreyer2023,19,0.8116666666666668,0.8283333333333334,0.01666666666666666,0.7925000000000001,0.8141666666666666,0.0216666666666666
M_film,Dreyer2023,20,0.8066666666666666,0.7916666666666666,-0.015000000000000019,0.78,0.7766666666666666,-0.003333333333333297
M_film,Dreyer2023,21,0.8266666666666668,0.9233333333333335,0.0966666666666666,0.865,0.9291666666666668,0.06416666666666662
M_film,Dreyer2023,22,0.7783333333333333,0.8550000000000001,0.07666666666666662,0.7849999999999999,0.8541666666666666,0.0691666666666666
M_film,Dreyer2023,23,0.6733333333333333,0.755,0.08166666666666665,0.6641666666666667,0.7358333333333333,0.07166666666666663
M_film,Dreyer2023,24,0.8483333333333334,0.8916666666666666,0.04333333333333324,0.8541666666666666,0.8983333333333332,0.04416666666666658
M_film,Dreyer2023,25,0.6033333333333333,0.6033333333333333,2.0122792321330962e-17,0.6799999999999999,0.6875,0.00749999999999996
M_film,Dreyer2023,26,0.6733333333333333,0.6916666666666667,0.018333333333333302,0.6233333333333333,0.6425,0.01916666666666664
M_film,Dreyer2023,27,0.6883333333333332,0.7233333333333334,0.03499999999999996,0.6983333333333334,0.7508333333333334,0.05249999999999998
M_film,Dreyer2023,28,0.7183333333333334,0.7066666666666667,-0.011666666666666718,0.6891666666666667,0.7083333333333333,0.019166666666666658
M_film,Dreyer2023,30,0.63,0.7033333333333334,0.07333333333333332,0.6316666666666666,0.7258333333333333,0.09416666666666665
M_film,Dreyer2023,31,0.75,0.8033333333333333,0.05333333333333332,0.745,0.8074999999999999,0.06249999999999998
M_film,Dreyer2023,32,0.6900000000000001,0.7383333333333333,0.0483333333333333,0.6925,0.73,0.03749999999999998
M_film,Dreyer2023,33,0.6483333333333333,0.6866666666666668,0.038333333333333296,0.6891666666666667,0.7075,0.01833333333333336
M_film,Dreyer2023,34,0.7416666666666667,0.79,0.0483333333333333,0.8333333333333334,0.8608333333333335,0.02749999999999998
M_film,Dreyer2023,35,0.6649999999999999,0.7416666666666666,0.07666666666666663,0.7291666666666667,0.7825,0.05333333333333323
M_film,Dreyer2023,36,0.7016666666666667,0.7116666666666667,0.009999999999999998,0.7416666666666667,0.7541666666666667,0.01249999999999996
M_film,Dreyer2023,37,0.6333333333333333,0.6666666666666666,0.033333333333333305,0.645,0.6758333333333334,0.030833333333333303
M_film,Dreyer2023,38,0.7283333333333333,0.8016666666666667,0.07333333333333332,0.7741666666666667,0.8233333333333333,0.04916666666666654
M_film,Dreyer2023,39,0.8966666666666667,0.8833333333333334,-0.01333333333333328,0.8724999999999999,0.8666666666666666,-0.0058333333333333804
M_film,Dreyer2023,40,0.6948275862068967,0.789655172413793,0.09482758620689649,0.7552780255724055,0.8178709485578353,0.06259292298542965
M_film,Dreyer2023,42,0.615,0.6566666666666666,0.0416666666666666,0.6175,0.6758333333333334,0.05833333333333326
M_film,Dreyer2023,43,0.805,0.8533333333333333,0.0483333333333333,0.8591666666666666,0.9008333333333333,0.0416666666666666
M_film,Dreyer2023,44,0.6216666666666667,0.655,0.03333333333333336,0.6058333333333333,0.6191666666666666,0.013333333333333341
M_film,Dreyer2023,45,0.6783333333333333,0.71,0.03166666666666666,0.6725,0.6883333333333332,0.015833333333333317
M_film,Dreyer2023,46,0.6916666666666667,0.6799999999999999,-0.011666666666666659,0.6933333333333334,0.7150000000000001,0.02166666666666668
M_film,Dreyer2023,47,0.735,0.8566666666666667,0.12166666666666663,0.7266666666666667,0.8383333333333333,0.11166666666666662
M_film,Dreyer2023,48,0.64,0.6416666666666667,0.0016666666666666392,0.6425,0.6491666666666667,0.00666666666666668
M_film,Dreyer2023,49,0.6966666666666667,0.74,0.0433333333333333,0.6783333333333333,0.7358333333333333,0.05749999999999996
M_film,Dreyer2023,50,0.5700000000000001,0.6016666666666667,0.03166666666666664,0.6041666666666667,0.62,0.01583333333333328
M_film,Dreyer2023,51,0.7066666666666667,0.7383333333333333,0.031666666666666635,0.7125,0.7550000000000001,0.042499999999999996
M_film,Dreyer2023,52,0.7033333333333334,0.7483333333333333,0.045,0.7075,0.7566666666666666,0.04916666666666662
M_film,Dreyer2023,53,0.6916666666666667,0.7449999999999999,0.053333333333333274,0.6716666666666666,0.7466666666666667,0.07499999999999997
M_film,Dreyer2023,54,0.6683333333333333,0.7266666666666667,0.058333333333333334,0.6441666666666667,0.6816666666666666,0.03749999999999998
M_film,Dreyer2023,55,0.8916666666666666,0.8966666666666667,0.005,0.865,0.8741666666666668,0.009166666666666639
M_film,Dreyer2023,56,0.8866666666666667,0.9266666666666665,0.03999999999999996,0.8916666666666666,0.8883333333333333,-0.0033333333333333
M_film,Dreyer2023,57,0.5766666666666667,0.615,0.0383333333333333,0.5666666666666667,0.5974999999999999,0.030833333333333317
M_film,Dreyer2023,58,0.8916666666666666,0.89,-0.0016666666666666399,0.8625,0.8791666666666667,0.0166666666666666
M_film,Dreyer2023,59,0.7275,0.77,0.04249999999999998,0.7775,0.82875,0.05125000000000002
M_film,Dreyer2023,60,0.6950000000000001,0.7566666666666666,0.06166666666666658,0.7150000000000001,0.7458333333333333,0.030833333333333303
M_film,Dreyer2023,61,0.7683333333333333,0.825,0.0566666666666666,0.7525000000000001,0.8300000000000001,0.0775
M_film,Dreyer2023,62,0.7233333333333334,0.6900000000000001,-0.033333333333333305,0.7300000000000001,0.7216666666666667,-0.008333333333333401
M_film,Dreyer2023,63,0.6416666666666666,0.7216666666666667,0.07999999999999996,0.6308333333333334,0.7241666666666667,0.09333333333333328
M_film,Dreyer2023,64,0.6466666666666667,0.705,0.05833333333333328,0.6483333333333332,0.7108333333333333,0.0625
M_film,Dreyer2023,65,0.8183333333333334,0.8,-0.01833333333333332,0.765,0.7866666666666667,0.021666666666666702
M_film,Dreyer2023,66,0.665,0.7116666666666667,0.04666666666666662,0.6408333333333334,0.6883333333333332,0.047499999999999966
M_film,Dreyer2023,67,0.735,0.75,0.015,0.7233333333333334,0.7883333333333333,0.06499999999999995
M_film,Dreyer2023,68,0.605,0.64,0.03499999999999996,0.6275000000000001,0.6591666666666667,0.03166666666666658
M_film,Dreyer2023,69,0.7483333333333333,0.8216666666666667,0.07333333333333329,0.7633333333333333,0.8025,0.03916666666666664
M_film,Dreyer2023,70,0.48166666666666663,0.595,0.11333333333333333,0.5716666666666667,0.6525,0.08083333333333328
M_film,Dreyer2023,71,0.6816666666666666,0.785,0.1033333333333333,0.7366666666666666,0.8099999999999999,0.07333333333333333
M_film,Dreyer2023,72,0.6616666666666667,0.665,0.0033333333333332993,0.6916666666666667,0.7025,0.01083333333333332
M_film,Dreyer2023,73,0.6283333333333333,0.7033333333333334,0.075,0.6725,0.7308333333333333,0.05833333333333336
M_film,Dreyer2023,74,0.635,0.725,0.08999999999999994,0.6483333333333333,0.7,0.0516666666666666
M_film,Dreyer2023,75,0.7183333333333334,0.735,0.016666666666666642,0.6991666666666667,0.7258333333333333,0.026666666666666623
M_film,Dreyer2023,76,0.7983333333333333,0.7716666666666667,-0.026666666666666616,0.7891666666666667,0.7508333333333332,-0.03833333333333328
M_film,Dreyer2023,77,0.735,0.7666666666666667,0.03166666666666672,0.6958333333333334,0.735,0.039166666666666586
M_film,Dreyer2023,80,0.5700000000000001,0.6616666666666667,0.09166666666666659,0.6174999999999999,0.6516666666666666,0.0341666666666666
M_film,Dreyer2023,81,0.7150000000000001,0.7616666666666667,0.04666666666666662,0.675,0.7566666666666666,0.08166666666666662
M_film,Dreyer2023,82,0.78,0.7583333333333333,-0.021666666666666702,0.7466666666666667,0.7708333333333333,0.0241666666666666
M_film,Dreyer2023,83,0.6066666666666667,0.6366666666666666,0.02999999999999998,0.575,0.6024999999999999,0.02749999999999994
M_film,Dreyer2023,84,0.735,0.755,0.02,0.71,0.72,0.00999999999999996
M_film,Dreyer2023,85,0.6916666666666667,0.6766666666666666,-0.015000000000000003,0.7075,0.6708333333333334,-0.036666666666666604
M_film,Dreyer2023,86,0.7116666666666667,0.7616666666666666,0.0499999999999999,0.7383333333333333,0.765,0.026666666666666616
M_film,Dreyer2023,87,0.7416666666666667,0.8,0.05833333333333326,0.7433333333333334,0.8008333333333333,0.05749999999999996
M_film,PhysionetMI,1,0.781060606060606,0.8515151515151516,0.07045454545454541,0.7861660079051384,0.8713438735177865,0.08517786561264815
M_film,PhysionetMI,2,0.8115384615384615,0.9138461538461538,0.10230769230769228,0.7349802371541502,0.9286561264822135,0.19367588932806318
M_film,PhysionetMI,3,0.8568181818181818,0.9492424242424242,0.09242424242424233,0.8482213438735178,0.9367588932806324,0.08853754940711463
M_film,PhysionetMI,4,0.8219696969696969,0.9196969696969697,0.09772727272727277,0.7990118577075098,0.9077075098814229,0.10869565217391304
M_film,PhysionetMI,5,0.6477272727272727,0.6954545454545455,0.0477272727272727,0.5916666666666666,0.6428571428571429,0.05119047619047616
M_film,PhysionetMI,6,0.7575757575757576,0.8401515151515152,0.08257575757575758,0.738095238095238,0.8053571428571429,0.06726190476190472
M_film,PhysionetMI,7,0.9053030303030303,0.9575757575757576,0.05227272727272725,0.8401185770750988,0.9201581027667984,0.08003952569169955
M_film,PhysionetMI,8,0.7560606060606061,0.8318181818181818,0.07575757575757576,0.6879446640316205,0.7691699604743083,0.0812252964426877
M_film,PhysionetMI,9,0.7930769230769231,0.8699999999999999,0.0769230769230769,0.6851190476190476,0.8458333333333332,0.16071428571428567
M_film,PhysionetMI,10,0.5976923076923077,0.6207692307692307,0.023076923076923078,0.6726190476190477,0.6833333333333333,0.010714285714285723
M_film,PhysionetMI,11,0.6227272727272727,0.7007575757575758,0.07803030303030303,0.6841897233201581,0.7067193675889328,0.0225296442687747
M_film,PhysionetMI,12,0.8219696969696969,0.8651515151515152,0.043181818181818196,0.8202380952380952,0.8523809523809524,0.03214285714285712
M_film,PhysionetMI,13,0.5409090909090908,0.7856060606060606,0.24469696969696972,0.6519762845849802,0.7626482213438736,0.11067193675889327
M_film,PhysionetMI,14,0.7045454545454545,0.6916666666666667,-0.012878787878787861,0.674901185770751,0.6183794466403162,-0.05652173913043477
M_film,PhysionetMI,15,0.8784615384615385,0.9053846153846156,0.0269230769230769,0.8013833992094861,0.8375494071146246,0.03616600790513834
M_film,PhysionetMI,16,0.4954545454545455,0.5962121212121212,0.10075757575757571,0.6760869565217391,0.7134387351778656,0.03735177865612642
M_film,PhysionetMI,17,0.6825757575757576,0.8795454545454546,0.19696969696969696,0.7320158102766798,0.8893280632411068,0.15731225296442686
M_film,PhysionetMI,18,0.9462121212121211,0.9462121212121213,0.0,0.9187747035573123,0.9640316205533598,0.04525691699604746
M_film,PhysionetMI,19,0.8363636363636363,0.8825757575757576,0.0462121212121212,0.7780632411067193,0.8567193675889329,0.07865612648221344
M_film,PhysionetMI,20,0.7954545454545455,0.825,0.02954545454545454,0.809288537549407,0.8794466403162055,0.07015810276679839
M_film,PhysionetMI,21,0.4045454545454545,0.7098484848484848,0.3053030303030303,0.5023809523809524,0.6898809523809524,0.18749999999999997
M_film,PhysionetMI,22,0.8583333333333334,0.9303030303030303,0.07196969696969693,0.8588932806324111,0.9555335968379447,0.09664031620553362
M_film,PhysionetMI,23,0.6046153846153846,0.7646153846153847,0.15999999999999995,0.6377470355731225,0.7610671936758894,0.12332015810276675
M_film,PhysionetMI,24,0.6053030303030302,0.7378787878787879,0.1325757575757576,0.6462450592885375,0.7509881422924901,0.10474308300395255
M_film,PhysionetMI,25,0.6227272727272728,0.5856060606060606,-0.03712121212121214,0.6227272727272727,0.5741106719367589,-0.04861660079051382
M_film,PhysionetMI,26,0.5453846153846154,0.6130769230769231,0.06769230769230772,0.5708333333333333,0.6619047619047619,0.09107142857142854
M_film,PhysionetMI,27,0.7234848484848485,0.8257575757575758,0.10227272727272721,0.7784584980237155,0.8588932806324111,0.08043478260869562
M_film,PhysionetMI,28,0.7727272727272727,0.7643939393939394,-0.008333333333333299,0.8088932806324112,0.8211462450592885,0.012252964426877459
M_film,PhysionetMI,29,0.8106060606060606,0.7825757575757576,-0.028030303030302982,0.8474308300395258,0.8128458498023715,-0.03458498023715412
M_film,PhysionetMI,30,0.8378787878787879,0.8757575757575757,0.03787878787878788,0.7678571428571429,0.8327380952380953,0.06488095238095233
M_film,PhysionetMI,31,0.45378787878787874,0.7477272727272727,0.2939393939393939,0.5071146245059288,0.7903162055335968,0.28320158102766796
M_film,PhysionetMI,32,0.7892307692307693,0.946923076923077,0.15769230769230763,0.7363095238095239,0.9470238095238095,0.21071428571428563
M_film,PhysionetMI,33,0.9303030303030303,0.8856060606060607,-0.04469696969696966,0.9067193675889328,0.8434782608695652,-0.06324110671936753
M_film,PhysionetMI,34,0.8492307692307692,0.7707692307692308,-0.07846153846153842,0.8065476190476192,0.8107142857142857,0.0041666666666666016
M_film,PhysionetMI,35,0.7340909090909091,0.7871212121212121,0.053030303030303004,0.7928853754940711,0.8300395256916996,0.037154150197628376
M_film,PhysionetMI,36,0.6401515151515152,0.8553030303030302,0.2151515151515151,0.6365612648221344,0.8077075098814228,0.17114624505928852
M_film,PhysionetMI,37,0.6507575757575758,0.6712121212121213,0.02045454545454544,0.6865612648221344,0.6743083003952569,-0.012252964426877459
M_film,PhysionetMI,38,0.44696969696969696,0.3977272727272727,-0.0492424242424242,0.5270750988142292,0.4988142292490118,-0.02826086956521734
M_film,PhysionetMI,39,0.7431818181818182,0.6946969696969697,-0.0484848484848484,0.8017786561264822,0.7845849802371542,-0.017193675889328075
M_film,PhysionetMI,40,0.6901515151515152,0.8560606060606061,0.16590909090909087,0.7470238095238095,0.8321428571428571,0.0851190476190476
M_film,PhysionetMI,41,0.9292307692307693,0.9692307692307693,0.03999999999999996,0.7357142857142857,0.8369047619047618,0.10119047619047614
M_film,PhysionetMI,42,0.9030303030303031,0.8901515151515152,-0.012878787878787901,0.9106719367588934,0.8982213438735178,-0.012450592885375419
M_film,PhysionetMI,43,0.5484848484848486,0.7712121212121212,0.22272727272727266,0.6713438735177866,0.8464426877470356,0.17509881422924897
M_film,PhysionetMI,44,0.8219696969696969,0.8856060606060605,0.06363636363636363,0.8478260869565217,0.8322134387351777,-0.015612648221343839
M_film,PhysionetMI,45,0.5954545454545455,0.7181818181818181,0.12272727272727268,0.667588932806324,0.7851778656126482,0.1175889328063241
M_film,PhysionetMI,46,0.7083333333333334,0.7507575757575757,0.0424242424242424,0.7454545454545455,0.7555335968379446,0.010079051383399202
M_film,PhysionetMI,47,0.6954545454545455,0.7151515151515151,0.0196969696969697,0.7113095238095238,0.6988095238095238,-0.012499999999999959
M_film,PhysionetMI,48,0.8469696969696969,0.9825757575757574,0.13560606060606056,0.8642292490118578,0.9780632411067194,0.11383399209486163
M_film,PhysionetMI,49,0.5431818181818182,0.7340909090909091,0.19090909090909086,0.5592885375494071,0.7349802371541502,0.17569169960474304
M_film,PhysionetMI,50,0.7439393939393939,0.7075757575757576,-0.0363636363636363,0.8110671936758893,0.7474308300395257,-0.0636363636363636
M_film,PhysionetMI,51,0.7439393939393939,0.8022727272727274,0.05833333333333335,0.7089285714285715,0.7827380952380952,0.07380952380952376
M_film,PhysionetMI,52,0.6861538461538461,0.8138461538461538,0.12769230769230772,0.7285714285714285,0.8303571428571429,0.10178571428571423
M_film,PhysionetMI,53,0.6901515151515152,0.8128787878787879,0.12272727272727275,0.7041501976284585,0.7715415019762846,0.06739130434782607
M_film,PhysionetMI,54,0.9363636363636363,0.8787878787878789,-0.05757575757575758,0.8905138339920949,0.8980237154150197,0.00750988142292492
M_film,PhysionetMI,55,0.825,0.8621212121212121,0.037121212121212124,0.8033596837944664,0.9118577075098815,0.10849802371541498
M_film,PhysionetMI,56,0.7075757575757576,0.8522727272727273,0.14469696969696963,0.7675889328063241,0.8800395256916996,0.11245059288537537
M_film,PhysionetMI,57,0.8901515151515152,0.9499999999999998,0.05984848484848476,0.8809523809523808,0.9273809523809524,0.046428571428571444
M_film,PhysionetMI,58,0.8130769230769233,0.7753846153846153,-0.03769230769230772,0.8464285714285715,0.7803571428571429,-0.06607142857142856
M_film,PhysionetMI,59,0.7454545454545455,0.5977272727272728,-0.14772727272727265,0.7077380952380953,0.675,-0.0327380952380952
M_film,PhysionetMI,60,0.8846153846153847,0.8238461538461539,-0.06076923076923072,0.7841897233201581,0.7986166007905139,0.0144268774703557
M_film,PhysionetMI,61,0.740151515151515,0.9363636363636363,0.19621212121212128,0.7737154150197629,0.9501976284584981,0.1764822134387351
M_film,PhysionetMI,62,0.9166666666666664,0.9416666666666667,0.025000000000000043,0.9565217391304348,0.9476284584980237,-0.00889328063241108
M_film,PhysionetMI,63,0.7681818181818182,0.775,0.006818181818181857,0.6867588932806324,0.7436758893280633,0.05691699604743082
M_film,PhysionetMI,64,0.7621212121212121,0.6954545454545455,-0.06666666666666668,0.7055335968379446,0.7403162055335969,0.034782608695652154
M_film,PhysionetMI,65,0.8075757575757576,0.8734848484848484,0.06590909090909086,0.7642857142857142,0.8095238095238095,0.04523809523809526
M_film,PhysionetMI,66,0.7113636363636363,0.8,0.08863636363636361,0.6221343873517787,0.7031620553359683,0.08102766798418964
M_film,PhysionetMI,67,0.7416666666666667,0.8083333333333332,0.0666666666666666,0.666798418972332,0.7096837944664032,0.04288537549407108
M_film,PhysionetMI,68,0.6946969696969697,0.7484848484848485,0.05378787878787876,0.749802371541502,0.7826086956521738,0.0328063241106719
M_film,PhysionetMI,69,0.6369230769230769,0.6923076923076923,0.055384615384615324,0.6321428571428571,0.7172619047619048,0.08511904761904762
M_film,PhysionetMI,70,0.8007575757575758,0.9219696969696969,0.12121212121212113,0.8098814229249012,0.9294466403162055,0.1195652173913044
M_film,PhysionetMI,71,0.8159090909090908,0.9234848484848485,0.10757575757575755,0.8422924901185771,0.9294466403162055,0.08715415019762843
M_film,PhysionetMI,72,0.9272727272727274,0.9727272727272727,0.04545454545454543,0.940909090909091,0.9681818181818181,0.027272727272727237
M_film,PhysionetMI,73,0.6462121212121212,0.6863636363636363,0.04015151515151514,0.7468379446640316,0.7948616600790513,0.048023715415019756
M_film,PhysionetMI,74,0.6568181818181819,0.8022727272727274,0.14545454545454545,0.7291666666666667,0.8130952380952381,0.08392857142857137
M_film,PhysionetMI,75,0.409090909090909,0.771969696969697,0.3628787878787879,0.49446640316205526,0.7339920948616601,0.23952569169960475
M_film,PhysionetMI,76,0.5151515151515151,0.6386363636363637,0.12348484848484845,0.6395256916996048,0.6391304347826087,-0.00039525691699607843
M_film,PhysionetMI,77,0.5984848484848484,0.6227272727272727,0.02424242424242426,0.6255952380952381,0.7053571428571429,0.07976190476190467
M_film,PhysionetMI,78,0.5007575757575757,0.47727272727272724,-0.0234848484848485,0.5081027667984189,0.5189723320158103,0.010869565217391281
M_film,PhysionetMI,79,0.65,0.7848484848484849,0.13484848484848483,0.649802371541502,0.7347826086956522,0.08498023715415018
M_film,PhysionetMI,80,0.8076923076923077,0.8523076923076923,0.04461538461538462,0.7215415019762845,0.7067193675889328,-0.01482213438735174
M_film,PhysionetMI,81,0.7439393939393939,0.8530303030303031,0.10909090909090906,0.7492094861660079,0.8802371541501977,0.1310276679841897
M_film,PhysionetMI,82,0.6537878787878788,0.8257575757575758,0.17196969696969697,0.7140316205533597,0.8055335968379447,0.09150197628458494
M_film,PhysionetMI,83,0.6892307692307693,0.6838461538461539,-0.00538461538461536,0.5498023715415019,0.6326086956521739,0.08280632411067193
M_film,PhysionetMI,84,0.8583333333333334,0.8492424242424242,-0.00909090909090916,0.7345849802371541,0.8118577075098814,0.07727272727272728
M_film,PhysionetMI,85,0.6727272727272727,0.8704545454545455,0.19772727272727267,0.6986166007905139,0.8492094861660078,0.15059288537549403
M_film,PhysionetMI,86,0.8538461538461538,0.9592307692307692,0.10538461538461538,0.8739130434782609,0.9735177865612649,0.09960474308300385
M_film,PhysionetMI,87,0.6196969696969696,0.5734848484848485,-0.0462121212121212,0.5717391304347826,0.5636363636363637,-0.008102766798418962
M_film,PhysionetMI,90,0.7621212121212121,0.8583333333333334,0.09621212121212118,0.7877470355731225,0.907312252964427,0.1195652173913043
M_film,PhysionetMI,91,0.6924242424242424,0.8893939393939394,0.19696969696969693,0.7061264822134387,0.8940711462450592,0.18794466403162055
M_film,PhysionetMI,93,0.7174242424242424,0.728030303030303,0.01060606060606058,0.7310276679841897,0.7302371541501976,-0.0007905138339920597
M_film,PhysionetMI,94,0.6962121212121213,0.7886363636363637,0.09242424242424235,0.6492094861660079,0.7974308300395256,0.1482213438735177
M_film,PhysionetMI,95,0.6138461538461538,0.6815384615384615,0.06769230769230766,0.7013833992094861,0.7418972332015811,0.040513833992094836
M_film,PhysionetMI,96,0.7507575757575757,0.8075757575757576,0.05681818181818175,0.7343873517786561,0.8563241106719367,0.12193675889328057
M_film,PhysionetMI,97,0.7621212121212121,0.8007575757575758,0.03863636363636366,0.7304347826086957,0.7458498023715415,0.015415019762845861
M_film,PhysionetMI,98,0.4446969696969697,0.4666666666666666,0.021969696969696962,0.5713438735177865,0.6389328063241106,0.06758893280632403
M_film,PhysionetMI,99,0.5424242424242424,0.603030303030303,0.06060606060606057,0.5667984189723321,0.6375494071146245,0.07075098814229246
M_film,PhysionetMI,101,0.826153846153846,0.8692307692307694,0.04307692307692304,0.8385375494071147,0.8782608695652174,0.03972332015810278
M_film,PhysionetMI,102,0.6439393939393939,0.6242424242424243,-0.019696969696969678,0.6988142292490118,0.6895256916996046,-0.0092885375494071
M_film,PhysionetMI,103,0.6795454545454545,0.8212121212121213,0.14166666666666666,0.6841897233201581,0.7752964426877471,0.09110671936758886
M_film,PhysionetMI,105,0.834848484848485,0.925,0.09015151515151516,0.8215415019762846,0.9207509881422924,0.09920948616600786
M_film,PhysionetMI,107,0.4537878787878788,0.5545454545454545,0.10075757575757571,0.5916666666666666,0.6880952380952381,0.09642857142857145
M_film,PhysionetMI,108,0.7219696969696969,0.7878787878787878,0.06590909090909089,0.7563241106719367,0.8381422924901185,0.0818181818181818
M_film,PhysionetMI,109,0.6303030303030303,0.5484848484848485,-0.08181818181818176,0.6460474308300396,0.5602766798418972,-0.0857707509881423
M_film_lambda0,Cho2017,1,0.596,0.588,-0.00800000000000002,0.6020000000000001,0.612,0.00999999999999996
M_film_lambda0,Cho2017,2,0.528,0.51,-0.01799999999999998,0.512,0.513,0.0009999999999999996
M_film_lambda0,Cho2017,3,0.702,0.6020000000000001,-0.09999999999999995,0.7,0.6,-0.09999999999999995
M_film_lambda0,Cho2017,4,0.65,0.606,-0.043999999999999984,0.637,0.5970000000000001,-0.04
M_film_lambda0,Cho2017,5,0.986,0.998,0.012,0.976,0.9890000000000001,0.013000000000000001
M_film_lambda0,Cho2017,6,0.828,0.792,-0.03599999999999996,0.8240000000000001,0.784,-0.039999999999999966
M_film_lambda0,Cho2017,7,0.5966666666666667,0.5183333333333333,-0.07833333333333328,0.5841666666666667,0.5116666666666666,-0.07249999999999994
M_film_lambda0,Cho2017,8,0.554,0.516,-0.038,0.5589999999999999,0.523,-0.035999999999999935
M_film_lambda0,Cho2017,9,0.5549999999999999,0.5216666666666667,-0.03333333333333332,0.5683333333333334,0.5266666666666666,-0.041666666666666616
M_film_lambda0,Cho2017,10,0.604,0.538,-0.06599999999999993,0.626,0.5389999999999999,-0.08699999999999994
M_film_lambda0,Cho2017,11,0.5900000000000001,0.546,-0.044000000000000025,0.546,0.5269999999999999,-0.019
M_film_lambda0,Cho2017,12,0.54,0.506,-0.034,0.624,0.549,-0.07499999999999993
M_film_lambda0,Cho2017,13,0.8220000000000001,0.666,-0.15599999999999997,0.753,0.637,-0.11600000000000002
M_film_lambda0,Cho2017,14,0.784,0.6020000000000001,-0.18199999999999997,0.7769999999999999,0.6140000000000001,-0.16299999999999998
M_film_lambda0,Cho2017,15,0.5940000000000001,0.532,-0.061999999999999965,0.576,0.526,-0.05
M_film_lambda0,Cho2017,16,0.634,0.558,-0.07599999999999993,0.591,0.534,-0.05699999999999996
M_film_lambda0,Cho2017,17,0.49399999999999994,0.51,0.01599999999999998,0.505,0.49399999999999994,-0.011
M_film_lambda0,Cho2017,18,0.614,0.572,-0.041999999999999975,0.585,0.5599999999999999,-0.024999999999999984
M_film_lambda0,Cho2017,19,0.51,0.49800000000000005,-0.012,0.544,0.51,-0.03399999999999998
M_film_lambda0,Cho2017,20,0.556,0.5700000000000001,0.01399999999999998,0.572,0.5599999999999999,-0.011999999999999983
M_film_lambda0,Cho2017,21,0.546,0.52,-0.026000000000000002,0.524,0.512,-0.012000000000000021
M_film_lambda0,Cho2017,22,0.636,0.548,-0.08799999999999998,0.591,0.529,-0.06199999999999996
M_film_lambda0,Cho2017,23,0.5559999999999999,0.526,-0.029999999999999923,0.6799999999999999,0.623,-0.05699999999999996
M_film_lambda0,Cho2017,24,0.54,0.53,-0.01000000000000002,0.549,0.538,-0.010999999999999998
M_film_lambda0,Cho2017,25,0.628,0.554,-0.07399999999999998,0.594,0.542,-0.05199999999999992
M_film_lambda0,Cho2017,26,0.9879999999999999,0.9879999999999999,0.0,0.9629999999999999,0.9559999999999998,-0.00700000000000002
M_film_lambda0,Cho2017,27,0.576,0.514,-0.061999999999999965,0.546,0.525,-0.020999999999999984
M_film_lambda0,Cho2017,28,0.5,0.496,-0.00399999999999998,0.516,0.506,-0.01
M_film_lambda0,Cho2017,29,0.532,0.49800000000000005,-0.034,0.49400000000000005,0.488,-0.006000000000000021
M_film_lambda0,Cho2017,30,0.6759999999999999,0.5740000000000001,-0.10199999999999994,0.607,0.548,-0.058999999999999976
M_film_lambda0,Cho2017,31,0.518,0.544,0.025999999999999978,0.497,0.513,0.016
M_film_lambda0,Cho2017,32,0.49800000000000005,0.512,0.01399999999999998,0.512,0.51,-0.001999999999999999
M_film_lambda0,Cho2017,33,0.522,0.532,0.009999999999999998,0.52,0.54,0.02
M_film_lambda0,Cho2017,34,0.5700000000000001,0.5660000000000001,-0.004000000000000001,0.541,0.534,-0.006999999999999958
M_film_lambda0,Cho2017,35,0.374,0.5439999999999999,0.16999999999999996,0.488,0.549,0.06099999999999994
M_film_lambda0,Cho2017,36,0.554,0.536,-0.018,0.565,0.525,-0.03999999999999994
M_film_lambda0,Cho2017,37,0.882,0.858,-0.023999999999999976,0.779,0.7390000000000001,-0.03999999999999994
M_film_lambda0,Cho2017,38,0.544,0.53,-0.01400000000000004,0.568,0.523,-0.04499999999999994
M_film_lambda0,Cho2017,39,0.6,0.53,-0.06999999999999998,0.6599999999999999,0.595,-0.06499999999999992
M_film_lambda0,Cho2017,40,0.516,0.506,-0.01,0.554,0.542,-0.012
M_film_lambda0,Cho2017,41,0.648,0.538,-0.10999999999999996,0.643,0.55,-0.09299999999999994
M_film_lambda0,Cho2017,42,0.562,0.514,-0.048,0.544,0.511,-0.03299999999999998
M_film_lambda0,Cho2017,43,1.0,0.9,-0.1,0.9789999999999999,0.869,-0.10999999999999995
M_film_lambda0,Cho2017,44,0.95,0.9299999999999999,-0.019999999999999983,0.898,0.899,0.0010000000000000397
M_film_lambda0,Cho2017,45,0.516,0.55,0.03399999999999996,0.522,0.547,0.025
M_film_lambda0,Cho2017,46,0.5650000000000001,0.5283333333333333,-0.03666666666666662,0.5566666666666666,0.525,-0.031666666666666635
M_film_lambda0,Cho2017,47,0.7979999999999999,0.754,-0.04399999999999996,0.749,0.7070000000000001,-0.04200000000000002
M_film_lambda0,Cho2017,48,0.6679999999999999,0.616,-0.05199999999999998,0.6689999999999999,0.615,-0.054000000000000006
M_film_lambda0,Cho2017,49,1.0,0.8939999999999999,-0.10600000000000001,0.898,0.8039999999999999,-0.09400000000000001
M_film_lambda0,Cho2017,50,0.9720000000000001,0.858,-0.11399999999999996,0.975,0.865,-0.11000000000000001
M_film_lambda0,Cho2017,51,0.65,0.526,-0.12399999999999993,0.597,0.518,-0.07899999999999992
M_film_lambda0,Cho2017,52,0.5740000000000001,0.536,-0.03799999999999998,0.579,0.532,-0.04699999999999996
M_film_lambda0,Dreyer2023,1,0.7833333333333334,0.8466666666666667,0.0633333333333333,0.8141666666666667,0.8533333333333333,0.0391666666666666
M_film_lambda0,Dreyer2023,2,0.58,0.5983333333333334,0.01833333333333332,0.6208333333333333,0.62,-0.0008333333333333172
M_film_lambda0,Dreyer2023,3,0.6583333333333334,0.72,0.06166666666666661,0.6841666666666667,0.7516666666666667,0.06749999999999994
M_film_lambda0,Dreyer2023,5,0.775,0.795,0.019999999999999962,0.7525000000000001,0.7925,0.03999999999999998
M_film_lambda0,Dreyer2023,6,0.72,0.73,0.009999999999999998,0.7033333333333334,0.73,0.0266666666666666
M_film_lambda0,Dreyer2023,7,0.8966666666666667,0.9316666666666666,0.034999999999999996,0.8825,0.9416666666666667,0.05916666666666663
M_film_lambda0,Dreyer2023,8,0.7300000000000001,0.76,0.02999999999999996,0.7441666666666666,0.7474999999999999,0.0033333333333333
M_film_lambda0,Dreyer2023,10,0.8,0.8300000000000001,0.02999999999999996,0.8091666666666667,0.8491666666666667,0.03999999999999996
M_film_lambda0,Dreyer2023,11,0.5666666666666667,0.6216666666666667,0.05499999999999994,0.5841666666666667,0.6241666666666668,0.04
M_film_lambda0,Dreyer2023,12,0.8066666666666666,0.8316666666666667,0.024999999999999998,0.7616666666666666,0.8150000000000001,0.05333333333333333
M_film_lambda0,Dreyer2023,13,0.6883333333333334,0.7116666666666667,0.023333333333333282,0.7333333333333334,0.765,0.03166666666666662
M_film_lambda0,Dreyer2023,14,0.6316666666666666,0.6233333333333333,-0.008333333333333342,0.645,0.6224999999999999,-0.02250000000000002
M_film_lambda0,Dreyer2023,15,0.8133333333333332,0.8333333333333334,0.019999999999999983,0.8366666666666667,0.8466666666666667,0.01000000000000004
M_film_lambda0,Dreyer2023,16,0.7833333333333333,0.7866666666666666,0.0033333333333333192,0.7633333333333333,0.7949999999999999,0.03166666666666664
M_film_lambda0,Dreyer2023,18,0.7783333333333333,0.8216666666666667,0.04333333333333332,0.7675,0.8266666666666665,0.059166666666666624
M_film_lambda0,Dreyer2023,19,0.8116666666666668,0.825,0.013333333333333358,0.7925000000000001,0.8066666666666666,0.0141666666666666
M_film_lambda0,Dreyer2023,20,0.8066666666666666,0.8433333333333334,0.03666666666666662,0.78,0.8099999999999999,0.03
M_film_lambda0,Dreyer2023,21,0.8266666666666668,0.8816666666666666,0.05499999999999994,0.865,0.8991666666666667,0.034166666666666665
M_film_lambda0,Dreyer2023,22,0.7783333333333333,0.8466666666666667,0.06833333333333327,0.7849999999999999,0.8466666666666667,0.06166666666666665
M_film_lambda0,Dreyer2023,23,0.6733333333333333,0.7616666666666666,0.08833333333333332,0.6641666666666667,0.7383333333333333,0.0741666666666666
M_film_lambda0,Dreyer2023,24,0.8483333333333334,0.875,0.026666666666666623,0.8541666666666666,0.8775000000000001,0.02333333333333332
M_film_lambda0,Dreyer2023,25,0.6033333333333333,0.6283333333333333,0.02499999999999998,0.6799999999999999,0.6891666666666667,0.009166666666666701
M_film_lambda0,Dreyer2023,26,0.6733333333333333,0.71,0.03666666666666662,0.6233333333333333,0.6541666666666667,0.03083333333333334
M_film_lambda0,Dreyer2023,27,0.6883333333333332,0.72,0.03166666666666664,0.6983333333333334,0.7483333333333333,0.04999999999999992
M_film_lambda0,Dreyer2023,28,0.7183333333333334,0.7383333333333333,0.019999999999999917,0.6891666666666667,0.7133333333333334,0.02416666666666668
M_film_lambda0,Dreyer2023,30,0.63,0.6433333333333333,0.01333333333333336,0.6316666666666666,0.6716666666666666,0.03999999999999998
M_film_lambda0,Dreyer2023,31,0.75,0.8133333333333332,0.0633333333333333,0.745,0.8,0.05499999999999996
M_film_lambda0,Dreyer2023,32,0.6900000000000001,0.7583333333333333,0.06833333333333327,0.6925,0.7441666666666666,0.05166666666666664
M_film_lambda0,Dreyer2023,33,0.6483333333333333,0.675,0.02666666666666666,0.6891666666666667,0.6891666666666667,3.95516952522712e-17
M_film_lambda0,Dreyer2023,34,0.7416666666666667,0.775,0.0333333333333333,0.8333333333333334,0.85,0.01666666666666666
M_film_lambda0,Dreyer2023,35,0.6649999999999999,0.735,0.06999999999999998,0.7291666666666667,0.7866666666666667,0.05749999999999994
M_film_lambda0,Dreyer2023,36,0.7016666666666667,0.7266666666666667,0.024999999999999977,0.7416666666666667,0.7683333333333333,0.026666666666666616
M_film_lambda0,Dreyer2023,37,0.6333333333333333,0.6783333333333333,0.04499999999999998,0.645,0.6883333333333332,0.04333333333333328
M_film_lambda0,Dreyer2023,38,0.7283333333333333,0.7966666666666666,0.06833333333333323,0.7741666666666667,0.8216666666666667,0.04749999999999992
M_film_lambda0,Dreyer2023,39,0.8966666666666667,0.9133333333333333,0.01666666666666668,0.8724999999999999,0.8841666666666667,0.011666666666666681
M_film_lambda0,Dreyer2023,40,0.6948275862068967,0.756896551724138,0.06206896551724136,0.7552780255724055,0.795866785608088,0.04058876003568242
M_film_lambda0,Dreyer2023,42,0.615,0.6599999999999999,0.044999999999999964,0.6175,0.6591666666666667,0.04166666666666654
M_film_lambda0,Dreyer2023,43,0.805,0.8150000000000001,0.009999999999999981,0.8591666666666666,0.8724999999999999,0.013333333333333242
M_film_lambda0,Dreyer2023,44,0.6216666666666667,0.6433333333333333,0.02166666666666668,0.6058333333333333,0.615,0.009166666666666698
M_film_lambda0,Dreyer2023,45,0.6783333333333333,0.7683333333333333,0.08999999999999996,0.6725,0.75,0.07749999999999996
M_film_lambda0,Dreyer2023,46,0.6916666666666667,0.6900000000000001,-0.0016666666666666386,0.6933333333333334,0.7183333333333334,0.02499999999999996
M_film_lambda0,Dreyer2023,47,0.735,0.835,0.10000000000000002,0.7266666666666667,0.8141666666666666,0.08749999999999998
M_film_lambda0,Dreyer2023,48,0.64,0.6483333333333333,0.0083333333333333,0.6425,0.6441666666666667,0.0016666666666666787
M_film_lambda0,Dreyer2023,49,0.6966666666666667,0.7983333333333333,0.10166666666666668,0.6783333333333333,0.765,0.08666666666666664
M_film_lambda0,Dreyer2023,50,0.5700000000000001,0.6166666666666666,0.04666666666666662,0.6041666666666667,0.6199999999999999,0.0158333333333333
M_film_lambda0,Dreyer2023,51,0.7066666666666667,0.7533333333333333,0.04666666666666665,0.7125,0.76,0.0475
M_film_lambda0,Dreyer2023,52,0.7033333333333334,0.7183333333333334,0.015000000000000019,0.7075,0.7341666666666666,0.026666666666666623
M_film_lambda0,Dreyer2023,53,0.6916666666666667,0.7116666666666667,0.02,0.6716666666666666,0.7208333333333333,0.0491666666666666
M_film_lambda0,Dreyer2023,54,0.6683333333333333,0.6799999999999999,0.011666666666666683,0.6441666666666667,0.6575,0.013333333333333319
M_film_lambda0,Dreyer2023,55,0.8916666666666666,0.8933333333333333,0.0016666666666666594,0.865,0.8816666666666666,0.016666666666666642
M_film_lambda0,Dreyer2023,56,0.8866666666666667,0.8866666666666667,1.9428902930940238e-17,0.8916666666666666,0.8891666666666665,-0.0024999999999999996
M_film_lambda0,Dreyer2023,57,0.5766666666666667,0.6333333333333333,0.05666666666666662,0.5666666666666667,0.6233333333333333,0.056666666666666664
M_film_lambda0,Dreyer2023,58,0.8916666666666666,0.8916666666666666,2.0816681711721685e-17,0.8625,0.8825,0.01999999999999994
M_film_lambda0,Dreyer2023,59,0.7275,0.7725,0.045000000000000026,0.7775,0.8150000000000001,0.03749999999999998
M_film_lambda0,Dreyer2023,60,0.6950000000000001,0.7416666666666667,0.04666666666666664,0.7150000000000001,0.7508333333333332,0.0358333333333333
M_film_lambda0,Dreyer2023,61,0.7683333333333333,0.8066666666666666,0.038333333333333296,0.7525000000000001,0.8216666666666667,0.0691666666666667
M_film_lambda0,Dreyer2023,62,0.7233333333333334,0.6916666666666667,-0.03166666666666662,0.7300000000000001,0.7183333333333334,-0.011666666666666681
M_film_lambda0,Dreyer2023,63,0.6416666666666666,0.7083333333333334,0.06666666666666665,0.6308333333333334,0.7125,0.08166666666666662
M_film_lambda0,Dreyer2023,64,0.6466666666666667,0.7,0.0533333333333333,0.6483333333333332,0.6891666666666667,0.040833333333333346
M_film_lambda0,Dreyer2023,65,0.8183333333333334,0.8116666666666668,-0.00666666666666664,0.765,0.7816666666666666,0.01666666666666664
M_film_lambda0,Dreyer2023,66,0.665,0.7066666666666667,0.041666666666666616,0.6408333333333334,0.6833333333333333,0.04249999999999994
M_film_lambda0,Dreyer2023,67,0.735,0.735,-2.0816681711721685e-17,0.7233333333333334,0.7683333333333333,0.04499999999999994
M_film_lambda0,Dreyer2023,68,0.605,0.6566666666666666,0.05166666666666664,0.6275000000000001,0.6875,0.05999999999999996
M_film_lambda0,Dreyer2023,69,0.7483333333333333,0.8016666666666665,0.05333333333333325,0.7633333333333333,0.8016666666666667,0.0383333333333333
M_film_lambda0,Dreyer2023,70,0.48166666666666663,0.5533333333333333,0.07166666666666663,0.5716666666666667,0.635,0.0633333333333333
M_film_lambda0,Dreyer2023,71,0.6816666666666666,0.7899999999999999,0.10833333333333324,0.7366666666666666,0.8125,0.07583333333333332
M_film_lambda0,Dreyer2023,72,0.6616666666666667,0.7183333333333334,0.05666666666666664,0.6916666666666667,0.7575000000000001,0.06583333333333333
M_film_lambda0,Dreyer2023,73,0.6283333333333333,0.6766666666666666,0.04833333333333332,0.6725,0.7150000000000001,0.042499999999999975
M_film_lambda0,Dreyer2023,74,0.635,0.6816666666666666,0.04666666666666662,0.6483333333333333,0.6716666666666666,0.02333333333333332
M_film_lambda0,Dreyer2023,75,0.7183333333333334,0.74,0.02166666666666664,0.6991666666666667,0.7108333333333333,0.01166666666666666
M_film_lambda0,Dreyer2023,76,0.7983333333333333,0.7766666666666666,-0.02166666666666666,0.7891666666666667,0.7641666666666667,-0.025
M_film_lambda0,Dreyer2023,77,0.735,0.75,0.015000000000000003,0.6958333333333334,0.7116666666666667,0.0158333333333333
M_film_lambda0,Dreyer2023,80,0.5700000000000001,0.6266666666666667,0.0566666666666666,0.6174999999999999,0.6408333333333334,0.0233333333333333
M_film_lambda0,Dreyer2023,81,0.7150000000000001,0.7483333333333333,0.0333333333333333,0.675,0.725,0.0499999999999999
M_film_lambda0,Dreyer2023,82,0.78,0.7616666666666667,-0.01833333333333334,0.7466666666666667,0.7525000000000001,0.0058333333333333
M_film_lambda0,Dreyer2023,83,0.6066666666666667,0.6316666666666666,0.025000000000000022,0.575,0.5883333333333333,0.013333333333333319
M_film_lambda0,Dreyer2023,84,0.735,0.7666666666666667,0.03166666666666666,0.71,0.7166666666666667,0.006666666666666698
M_film_lambda0,Dreyer2023,85,0.6916666666666667,0.6933333333333334,0.0016666666666666579,0.7075,0.6791666666666667,-0.0283333333333333
M_film_lambda0,Dreyer2023,86,0.7116666666666667,0.7316666666666667,0.01999999999999994,0.7383333333333333,0.755,0.01666666666666662
M_film_lambda0,Dreyer2023,87,0.7416666666666667,0.77,0.02833333333333332,0.7433333333333334,0.7741666666666667,0.03083333333333328
M_film_lambda0,PhysionetMI,1,0.781060606060606,0.8704545454545454,0.08939393939393936,0.7861660079051384,0.8839920948616602,0.09782608695652165
M_film_lambda0,PhysionetMI,2,0.8115384615384615,0.8815384615384616,0.06999999999999994,0.7349802371541502,0.8743083003952569,0.1393280632411067
M_film_lambda0,PhysionetMI,3,0.8568181818181818,0.9401515151515151,0.08333333333333326,0.8482213438735178,0.9241106719367588,0.07588932806324111
M_film_lambda0,PhysionetMI,4,0.8219696969696969,0.903030303030303,0.08106060606060606,0.7990118577075098,0.8814229249011858,0.08241106719367583
M_film_lambda0,PhysionetMI,5,0.6477272727272727,0.7007575757575758,0.05303030303030302,0.5916666666666666,0.6428571428571429,0.05119047619047616
M_film_lambda0,PhysionetMI,6,0.7575757575757576,0.8651515151515152,0.10757575757575759,0.738095238095238,0.8398809523809524,0.10178571428571426
M_film_lambda0,PhysionetMI,7,0.9053030303030303,0.9393939393939394,0.03409090909090908,0.8401185770750988,0.8932806324110671,0.053162055335968336
M_film_lambda0,PhysionetMI,8,0.7560606060606061,0.8371212121212122,0.081060606060606,0.6879446640316205,0.73300395256917,0.04505928853754936
M_film_lambda0,PhysionetMI,9,0.7930769230769231,0.836923076923077,0.0438461538461539,0.6851190476190476,0.8071428571428572,0.12202380952380945
M_film_lambda0,PhysionetMI,10,0.5976923076923077,0.6446153846153846,0.04692307692307686,0.6726190476190477,0.7238095238095238,0.05119047619047616
M_film_lambda0,PhysionetMI,11,0.6227272727272727,0.7,0.0772727272727273,0.6841897233201581,0.7197628458498023,0.035573122529644265
M_film_lambda0,PhysionetMI,12,0.8219696969696969,0.8386363636363636,0.01666666666666666,0.8202380952380952,0.825,0.00476190476190474
M_film_lambda0,PhysionetMI,13,0.5409090909090908,0.7393939393939395,0.1984848484848485,0.6519762845849802,0.740909090909091,0.08893280632411066
M_film_lambda0,PhysionetMI,14,0.7045454545454545,0.6984848484848485,-0.0060606060606060806,0.674901185770751,0.6505928853754941,-0.024308300395256943
M_film_lambda0,PhysionetMI,15,0.8784615384615385,0.89,0.01153846153846152,0.8013833992094861,0.8201581027667985,0.018774703557312238
M_film_lambda0,PhysionetMI,16,0.4954545454545455,0.6022727272727273,0.10681818181818177,0.6760869565217391,0.7154150197628459,0.0393280632411067
M_film_lambda0,PhysionetMI,17,0.6825757575757576,0.8606060606060607,0.17803030303030304,0.7320158102766798,0.8620553359683795,0.13003952569169958
M_film_lambda0,PhysionetMI,18,0.9462121212121211,1.0,0.05378787878787874,0.9187747035573123,0.9778656126482212,0.0590909090909091
M_film_lambda0,PhysionetMI,19,0.8363636363636363,0.8681818181818182,0.03181818181818184,0.7780632411067193,0.8221343873517787,0.0440711462450593
M_film_lambda0,PhysionetMI,20,0.7954545454545455,0.8045454545454547,0.009090909090909158,0.809288537549407,0.8335968379446641,0.02430830039525696
M_film_lambda0,PhysionetMI,21,0.4045454545454545,0.65,0.24545454545454543,0.5023809523809524,0.6702380952380953,0.1678571428571428
M_film_lambda0,PhysionetMI,22,0.8583333333333334,0.9386363636363637,0.08030303030303029,0.8588932806324111,0.9466403162055336,0.08774703557312255
M_film_lambda0,PhysionetMI,23,0.6046153846153846,0.7292307692307692,0.12461538461538454,0.6377470355731225,0.7430830039525691,0.10533596837944663
M_film_lambda0,PhysionetMI,24,0.6053030303030302,0.6507575757575758,0.04545454545454552,0.6462450592885375,0.6930830039525692,0.0468379446640316
M_film_lambda0,PhysionetMI,25,0.6227272727272728,0.6484848484848484,0.025757575757575778,0.6227272727272727,0.6407114624505929,0.01798418972332018
M_film_lambda0,PhysionetMI,26,0.5453846153846154,0.5599999999999999,0.014615384615384619,0.5708333333333333,0.6172619047619048,0.046428571428571416
M_film_lambda0,PhysionetMI,27,0.7234848484848485,0.8181818181818181,0.09469696969696964,0.7784584980237155,0.8448616600790514,0.06640316205533592
M_film_lambda0,PhysionetMI,28,0.7727272727272727,0.7818181818181819,0.00909090909090908,0.8088932806324112,0.825889328063241,0.01699604743083
M_film_lambda0,PhysionetMI,29,0.8106060606060606,0.7659090909090909,-0.04469696969696968,0.8474308300395258,0.7768774703557313,-0.07055335968379442
M_film_lambda0,PhysionetMI,30,0.8378787878787879,0.8401515151515152,0.0022727272727273012,0.7678571428571429,0.8107142857142857,0.04285714285714286
M_film_lambda0,PhysionetMI,31,0.45378787878787874,0.7159090909090909,0.2621212121212121,0.5071146245059288,0.7693675889328062,0.26225296442687746
M_film_lambda0,PhysionetMI,32,0.7892307692307693,0.8969230769230769,0.1076923076923076,0.7363095238095239,0.8851190476190476,0.14880952380952378
M_film_lambda0,PhysionetMI,33,0.9303030303030303,0.9303030303030303,0.0,0.9067193675889328,0.8652173913043478,-0.04150197628458494
M_film_lambda0,PhysionetMI,34,0.8492307692307692,0.8238461538461539,-0.025384615384615318,0.8065476190476192,0.8238095238095238,0.017261904761904638
M_film_lambda0,PhysionetMI,35,0.7340909090909091,0.7984848484848486,0.06439393939393934,0.7928853754940711,0.8221343873517787,0.02924901185770748
M_film_lambda0,PhysionetMI,36,0.6401515151515152,0.7659090909090909,0.1257575757575757,0.6365612648221344,0.7772727272727273,0.14071146245059296
M_film_lambda0,PhysionetMI,37,0.6507575757575758,0.6068181818181818,-0.04393939393939396,0.6865612648221344,0.6235177865612648,-0.06304347826086962
M_film_lambda0,PhysionetMI,38,0.44696969696969696,0.3507575757575757,-0.09621212121212118,0.5270750988142292,0.4523715415019763,-0.07470355731225295
M_film_lambda0,PhysionetMI,39,0.7431818181818182,0.7295454545454546,-0.013636363636363622,0.8017786561264822,0.7885375494071145,-0.013241106719367662
M_film_lambda0,PhysionetMI,40,0.6901515151515152,0.8848484848484848,0.19469696969696965,0.7470238095238095,0.8672619047619048,0.12023809523809519
M_film_lambda0,PhysionetMI,41,0.9292307692307693,0.9361538461538462,0.006923076923076919,0.7357142857142857,0.8011904761904761,0.06547619047619044
M_film_lambda0,PhysionetMI,42,0.9030303030303031,0.8893939393939394,-0.013636363636363596,0.9106719367588934,0.8936758893280633,-0.01699604743083
M_film_lambda0,PhysionetMI,43,0.5484848484848486,0.728030303030303,0.17954545454545448,0.6713438735177866,0.8379446640316205,0.16660079051383395
M_film_lambda0,PhysionetMI,44,0.8219696969696969,0.8931818181818182,0.07121212121212121,0.8478260869565217,0.8450592885375494,-0.0027667984189723395
M_film_lambda0,PhysionetMI,45,0.5954545454545455,0.7121212121212122,0.11666666666666661,0.667588932806324,0.7723320158102767,0.10474308300395252
M_film_lambda0,PhysionetMI,46,0.7083333333333334,0.7151515151515152,0.006818181818181781,0.7454545454545455,0.7476284584980237,0.0021739130434782635
M_film_lambda0,PhysionetMI,47,0.6954545454545455,0.7416666666666667,0.046212121212121204,0.7113095238095238,0.7238095238095238,0.012500000000000039
M_film_lambda0,PhysionetMI,48,0.8469696969696969,0.9818181818181818,0.13484848484848483,0.8642292490118578,0.9733201581027668,0.10909090909090906
M_film_lambda0,PhysionetMI,49,0.5431818181818182,0.7204545454545455,0.1772727272727272,0.5592885375494071,0.6968379446640316,0.13754940711462452
M_film_lambda0,PhysionetMI,50,0.7439393939393939,0.7507575757575757,0.0068181818181818205,0.8110671936758893,0.7468379446640316,-0.06422924901185768
M_film_lambda0,PhysionetMI,51,0.7439393939393939,0.7984848484848485,0.05454545454545452,0.7089285714285715,0.7607142857142858,0.05178571428571427
M_film_lambda0,PhysionetMI,52,0.6861538461538461,0.8230769230769232,0.13692307692307693,0.7285714285714285,0.8339285714285716,0.10535714285714282
M_film_lambda0,PhysionetMI,53,0.6901515151515152,0.8159090909090908,0.12575757575757573,0.7041501976284585,0.8094861660079051,0.10533596837944662
M_film_lambda0,PhysionetMI,54,0.9363636363636363,0.9053030303030303,-0.031060606060606143,0.8905138339920949,0.9201581027667984,0.029644268774703563
M_film_lambda0,PhysionetMI,55,0.825,0.8901515151515152,0.06515151515151514,0.8033596837944664,0.8948616600790513,0.09150197628458497
M_film_lambda0,PhysionetMI,56,0.7075757575757576,0.8613636363636363,0.15378787878787875,0.7675889328063241,0.8533596837944664,0.08577075098814224
M_film_lambda0,PhysionetMI,57,0.8901515151515152,0.949242424242424,0.059090909090908986,0.8809523809523808,0.9220238095238097,0.04107142857142858
M_film_lambda0,PhysionetMI,58,0.8130769230769233,0.7623076923076924,-0.050769230769230775,0.8464285714285715,0.7898809523809524,-0.056547619047619
M_film_lambda0,PhysionetMI,59,0.7454545454545455,0.6515151515151516,-0.09393939393939388,0.7077380952380953,0.6875,-0.0202380952380952
M_film_lambda0,PhysionetMI,60,0.8846153846153847,0.826923076923077,-0.057692307692307696,0.7841897233201581,0.775296442687747,-0.008893280632411099
M_film_lambda0,PhysionetMI,61,0.740151515151515,0.9371212121212121,0.19696969696969704,0.7737154150197629,0.9551383399209487,0.18142292490118567
M_film_lambda0,PhysionetMI,62,0.9166666666666664,0.9583333333333333,0.04166666666666668,0.9565217391304348,0.9608695652173914,0.004347826086956542
M_film_lambda0,PhysionetMI,63,0.7681818181818182,0.7401515151515151,-0.02803030303030306,0.6867588932806324,0.716205533596838,0.029446640316205565
M_film_lambda0,PhysionetMI,64,0.7621212121212121,0.7075757575757576,-0.054545454545454564,0.7055335968379446,0.7116600790513834,0.0061264822134387414
M_film_lambda0,PhysionetMI,65,0.8075757575757576,0.8916666666666668,0.08409090909090908,0.7642857142857142,0.8303571428571429,0.06607142857142856
M_film_lambda0,PhysionetMI,66,0.7113636363636363,0.7840909090909091,0.0727272727272727,0.6221343873517787,0.6899209486166008,0.06778656126482205
M_film_lambda0,PhysionetMI,67,0.7416666666666667,0.7666666666666667,0.025000000000000022,0.666798418972332,0.6835968379446641,0.01679841897233202
M_film_lambda0,PhysionetMI,68,0.6946969696969697,0.7575757575757576,0.06287878787878788,0.749802371541502,0.7745059288537549,0.02470355731225292
M_film_lambda0,PhysionetMI,69,0.6369230769230769,0.7346153846153847,0.09769230769230763,0.6321428571428571,0.7654761904761905,0.13333333333333336
M_film_lambda0,PhysionetMI,70,0.8007575757575758,0.8712121212121213,0.07045454545454535,0.8098814229249012,0.8893280632411067,0.07944664031620549
M_film_lambda0,PhysionetMI,71,0.8159090909090908,0.9075757575757576,0.09166666666666665,0.8422924901185771,0.916798418972332,0.0745059288537549
M_film_lambda0,PhysionetMI,72,0.9272727272727274,0.9545454545454547,0.02727272727272726,0.940909090909091,0.9547430830039525,0.013833992094861641
M_film_lambda0,PhysionetMI,73,0.6462121212121212,0.7143939393939395,0.06818181818181818,0.7468379446640316,0.8179841897233201,0.0711462450592885
M_film_lambda0,PhysionetMI,74,0.6568181818181819,0.7204545454545455,0.06363636363636364,0.7291666666666667,0.7738095238095238,0.044642857142857116
M_film_lambda0,PhysionetMI,75,0.409090909090909,0.771969696969697,0.3628787878787879,0.49446640316205526,0.7252964426877471,0.23083003952569164
M_film_lambda0,PhysionetMI,76,0.5151515151515151,0.5886363636363636,0.07348484848484846,0.6395256916996048,0.6185770750988142,-0.02094861660079048
M_film_lambda0,PhysionetMI,77,0.5984848484848484,0.621969696969697,0.023484848484848518,0.6255952380952381,0.6851190476190476,0.05952380952380944
M_film_lambda0,PhysionetMI,78,0.5007575757575757,0.49318181818181817,-0.007575757575757576,0.5081027667984189,0.5407114624505929,0.03260869565217388
M_film_lambda0,PhysionetMI,79,0.65,0.75,0.09999999999999995,0.649802371541502,0.707707509881423,0.057905138339920934
M_film_lambda0,PhysionetMI,80,0.8076923076923077,0.86,0.0523076923076923,0.7215415019762845,0.7104743083003953,-0.01106719367588926
M_film_lambda0,PhysionetMI,81,0.7439393939393939,0.7909090909090909,0.046969696969696925,0.7492094861660079,0.8185770750988143,0.06936758893280628
M_film_lambda0,PhysionetMI,82,0.6537878787878788,0.8409090909090908,0.18712121212121208,0.7140316205533597,0.8100790513833992,0.09604743083003946
M_film_lambda0,PhysionetMI,83,0.6892307692307693,0.7161538461538461,0.02692307692307692,0.5498023715415019,0.6418972332015811,0.092094861660079
M_film_lambda0,PhysionetMI,84,0.8583333333333334,0.831060606060606,-0.027272727272727337,0.7345849802371541,0.7843873517786562,0.04980237154150194
M_film_lambda0,PhysionetMI,85,0.6727272727272727,0.9227272727272726,0.24999999999999994,0.6986166007905139,0.8579051383399209,0.15928853754940708
M_film_lambda0,PhysionetMI,86,0.8538461538461538,0.9307692307692308,0.07692307692307694,0.8739130434782609,0.9476284584980237,0.07371541501976277
M_film_lambda0,PhysionetMI,87,0.6196969696969696,0.5878787878787879,-0.0318181818181818,0.5717391304347826,0.5798418972332016,0.00810276679841898
M_film_lambda0,PhysionetMI,90,0.7621212121212121,0.85,0.08787878787878786,0.7877470355731225,0.8847826086956522,0.0970355731225296
M_film_lambda0,PhysionetMI,91,0.6924242424242424,0.8280303030303029,0.1356060606060605,0.7061264822134387,0.8673913043478262,0.16126482213438736
M_film_lambda0,PhysionetMI,93,0.7174242424242424,0.728030303030303,0.010606060606060619,0.7310276679841897,0.7519762845849802,0.020948616600790462
M_film_lambda0,PhysionetMI,94,0.6962121212121213,0.806060606060606,0.10984848484848475,0.6492094861660079,0.8328063241106719,0.18359683794466397
M_film_lambda0,PhysionetMI,95,0.6138461538461538,0.6569230769230769,0.04307692307692308,0.7013833992094861,0.7320158102766798,0.0306324110671937
M_film_lambda0,PhysionetMI,96,0.7507575757575757,0.7795454545454545,0.02878787878787874,0.7343873517786561,0.8375494071146244,0.10316205533596831
M_film_lambda0,PhysionetMI,97,0.7621212121212121,0.8015151515151515,0.0393939393939394,0.7304347826086957,0.7602766798418973,0.029841897233201565
M_film_lambda0,PhysionetMI,98,0.4446969696969697,0.43712121212121213,-0.00757575757575756,0.5713438735177865,0.6027667984189723,0.031422924901185735
M_film_lambda0,PhysionetMI,99,0.5424242424242424,0.5977272727272727,0.05530303030303028,0.5667984189723321,0.6359683794466403,0.06916996047430826
M_film_lambda0,PhysionetMI,101,0.826153846153846,0.8346153846153846,0.008461538461538503,0.8385375494071147,0.8768774703557313,0.038339920948616615
M_film_lambda0,PhysionetMI,102,0.6439393939393939,0.6628787878787878,0.018939393939393923,0.6988142292490118,0.7264822134387352,0.027667984189723337
M_film_lambda0,PhysionetMI,103,0.6795454545454545,0.8287878787878789,0.14924242424242423,0.6841897233201581,0.7671936758893281,0.08300395256916988
M_film_lambda0,PhysionetMI,105,0.834848484848485,0.8962121212121211,0.0613636363636363,0.8215415019762846,0.8930830039525691,0.07154150197628453
M_film_lambda0,PhysionetMI,107,0.4537878787878788,0.5022727272727272,0.04848484848484848,0.5916666666666666,0.65,0.058333333333333334
M_film_lambda0,PhysionetMI,108,0.7219696969696969,0.7621212121212121,0.04015151515151516,0.7563241106719367,0.8203557312252965,0.0640316205533596
M_film_lambda0,PhysionetMI,109,0.6303030303030303,0.5606060606060606,-0.06969696969696963,0.6460474308300396,0.5709486166007904,-0.07509881422924905
M_lora,Cho2017,1,0.596,0.632,0.03599999999999996,0.6020000000000001,0.631,0.02899999999999996
M_lora,Cho2017,2,0.528,0.524,-0.004,0.512,0.509,-0.003000000000000021
M_lora,Cho2017,3,0.702,0.6359999999999999,-0.06599999999999999,0.7,0.633,-0.06699999999999998
M_lora,Cho2017,4,0.65,0.632,-0.01799999999999998,0.637,0.621,-0.01600000000000002
M_lora,Cho2017,5,0.986,0.998,0.012,0.976,0.9869999999999999,0.011000000000000001
M_lora,Cho2017,6,0.828,0.74,-0.08799999999999994,0.8240000000000001,0.7300000000000001,-0.09399999999999992
M_lora,Cho2017,7,0.5966666666666667,0.5083333333333333,-0.08833333333333326,0.5841666666666667,0.5066666666666666,-0.07749999999999993
M_lora,Cho2017,8,0.554,0.524,-0.03,0.5589999999999999,0.538,-0.020999999999999942
M_lora,Cho2017,9,0.5549999999999999,0.5366666666666667,-0.01833333333333332,0.5683333333333334,0.5333333333333333,-0.03500000000000002
M_lora,Cho2017,10,0.604,0.5680000000000001,-0.03599999999999992,0.626,0.5860000000000001,-0.03999999999999994
M_lora,Cho2017,11,0.5900000000000001,0.588,-0.002000000000000041,0.546,0.558,0.011999999999999959
M_lora,Cho2017,12,0.54,0.518,-0.022,0.624,0.5860000000000001,-0.03799999999999996
M_lora,Cho2017,13,0.8220000000000001,0.8460000000000001,0.02399999999999998,0.753,0.8099999999999999,0.05699999999999994
M_lora,Cho2017,14,0.784,0.716,-0.06799999999999998,0.7769999999999999,0.724,-0.05299999999999996
M_lora,Cho2017,15,0.5940000000000001,0.508,-0.086,0.576,0.536,-0.03999999999999998
M_lora,Cho2017,16,0.634,0.608,-0.025999999999999957,0.591,0.587,-0.003999999999999978
M_lora,Cho2017,17,0.49399999999999994,0.548,0.05399999999999998,0.505,0.536,0.031
M_lora,Cho2017,18,0.614,0.6,-0.013999999999999938,0.585,0.604,0.018999999999999982
M_lora,Cho2017,19,0.51,0.512,0.001999999999999999,0.544,0.532,-0.01200000000000002
M_lora,Cho2017,20,0.556,0.568,0.01199999999999998,0.572,0.583,0.010999999999999961
M_lora,Cho2017,21,0.546,0.54,-0.006000000000000001,0.524,0.53,0.006
M_lora,Cho2017,22,0.636,0.5900000000000001,-0.045999999999999944,0.591,0.5509999999999999,-0.04000000000000002
M_lora,Cho2017,23,0.5559999999999999,0.55,-0.005999999999999961,0.6799999999999999,0.6460000000000001,-0.03399999999999994
M_lora,Cho2017,24,0.54,0.512,-0.02799999999999998,0.549,0.522,-0.026999999999999958
M_lora,Cho2017,25,0.628,0.556,-0.07199999999999997,0.594,0.553,-0.04099999999999992
M_lora,Cho2017,26,0.9879999999999999,0.99,0.002,0.9629999999999999,0.96,-0.003
M_lora,Cho2017,27,0.576,0.558,-0.017999999999999978,0.546,0.533,-0.013000000000000001
M_lora,Cho2017,28,0.5,0.58,0.07999999999999996,0.516,0.568,0.051999999999999956
M_lora,Cho2017,29,0.532,0.49800000000000005,-0.033999999999999996,0.49400000000000005,0.499,0.004999999999999981
M_lora,Cho2017,30,0.6759999999999999,0.626,-0.0499999999999999,0.607,0.5980000000000001,-0.00900000000000002
M_lora,Cho2017,31,0.518,0.546,0.02799999999999996,0.497,0.52,0.023
M_lora,Cho2017,32,0.49800000000000005,0.512,0.01399999999999998,0.512,0.53,0.018
M_lora,Cho2017,33,0.522,0.5860000000000001,0.06399999999999995,0.52,0.5730000000000001,0.052999999999999936
M_lora,Cho2017,34,0.5700000000000001,0.552,-0.01799999999999998,0.541,0.545,0.004000000000000081
M_lora,Cho2017,35,0.374,0.40800000000000003,0.03399999999999998,0.488,0.5,0.011999999999999945
M_lora,Cho2017,36,0.554,0.516,-0.038,0.565,0.538,-0.02699999999999996
M_lora,Cho2017,37,0.882,0.8,-0.08199999999999999,0.779,0.736,-0.042999999999999955
M_lora,Cho2017,38,0.544,0.576,0.03199999999999998,0.568,0.5810000000000001,0.013000000000000017
M_lora,Cho2017,39,0.6,0.53,-0.06999999999999997,0.6599999999999999,0.604,-0.05599999999999994
M_lora,Cho2017,40,0.516,0.51,-0.006000000000000021,0.554,0.517,-0.03699999999999998
M_lora,Cho2017,41,0.648,0.5980000000000001,-0.05,0.643,0.593,-0.05
M_lora,Cho2017,42,0.562,0.534,-0.02799999999999998,0.544,0.517,-0.02699999999999998
M_lora,Cho2017,43,1.0,0.834,-0.16599999999999998,0.9789999999999999,0.82,-0.15899999999999997
M_lora,Cho2017,44,0.95,0.938,-0.012,0.898,0.907,0.00900000000000002
M_lora,Cho2017,45,0.516,0.538,0.022,0.522,0.5349999999999999,0.012999999999999975
M_lora,Cho2017,46,0.5650000000000001,0.5549999999999999,-0.01000000000000002,0.5566666666666666,0.5441666666666667,-0.012500000000000039
M_lora,Cho2017,47,0.7979999999999999,0.77,-0.027999999999999962,0.749,0.729,-0.02
M_lora,Cho2017,48,0.6679999999999999,0.6699999999999999,0.0019999999999999797,0.6689999999999999,0.6689999999999999,-1.9428902930940238e-17
M_lora,Cho2017,49,1.0,0.8939999999999999,-0.10600000000000001,0.898,0.807,-0.09100000000000001
M_lora,Cho2017,50,0.9720000000000001,0.952,-0.01999999999999998,0.975,0.962,-0.01300000000000002
M_lora,Cho2017,51,0.65,0.558,-0.09199999999999993,0.597,0.54,-0.0569999999999999
M_lora,Cho2017,52,0.5740000000000001,0.612,0.038,0.579,0.5940000000000001,0.015000000000000022
M_lora,Dreyer2023,1,0.7833333333333334,0.8833333333333334,0.09999999999999998,0.8141666666666667,0.8975,0.08333333333333329
M_lora,Dreyer2023,2,0.58,0.6783333333333333,0.09833333333333324,0.6208333333333333,0.7066666666666667,0.08583333333333332
M_lora,Dreyer2023,3,0.6583333333333334,0.82,0.16166666666666665,0.6841666666666667,0.8533333333333333,0.16916666666666663
M_lora,Dreyer2023,5,0.775,0.8833333333333332,0.10833333333333321,0.7525000000000001,0.89,0.13749999999999996
M_lora,Dreyer2023,6,0.72,0.7716666666666667,0.05166666666666666,0.7033333333333334,0.765,0.06166666666666658
M_lora,Dreyer2023,7,0.8966666666666667,0.9749999999999999,0.07833333333333325,0.8825,0.9841666666666666,0.10166666666666666
M_lora,Dreyer2023,8,0.7300000000000001,0.8333333333333334,0.10333333333333324,0.7441666666666666,0.8175000000000001,0.07333333333333328
M_lora,Dreyer2023,10,0.8,0.9133333333333333,0.11333333333333326,0.8091666666666667,0.9233333333333335,0.11416666666666667
M_lora,Dreyer2023,11,0.5666666666666667,0.6333333333333333,0.06666666666666662,0.5841666666666667,0.6275000000000001,0.04333333333333334
M_lora,Dreyer2023,12,0.8066666666666666,0.9016666666666667,0.095,0.7616666666666666,0.9016666666666667,0.13999999999999996
M_lora,Dreyer2023,13,0.6883333333333334,0.7566666666666666,0.06833333333333327,0.7333333333333334,0.8283333333333334,0.09499999999999996
M_lora,Dreyer2023,14,0.6316666666666666,0.6916666666666667,0.06,0.645,0.6841666666666667,0.039166666666666586
M_lora,Dreyer2023,15,0.8133333333333332,0.9233333333333335,0.10999999999999992,0.8366666666666667,0.9366666666666668,0.09999999999999998
M_lora,Dreyer2023,16,0.7833333333333333,0.82,0.03666666666666666,0.7633333333333333,0.8458333333333332,0.08249999999999999
M_lora,Dreyer2023,18,0.7783333333333333,0.9033333333333333,0.125,0.7675,0.8991666666666667,0.13166666666666663
M_lora,Dreyer2023,19,0.8116666666666668,0.8966666666666667,0.08499999999999999,0.7925000000000001,0.8866666666666667,0.09416666666666662
M_lora,Dreyer2023,20,0.8066666666666666,0.8883333333333333,0.0816666666666666,0.78,0.8541666666666666,0.0741666666666666
M_lora,Dreyer2023,21,0.8266666666666668,0.9166666666666666,0.08999999999999994,0.865,0.9258333333333333,0.060833333333333295
M_lora,Dreyer2023,22,0.7783333333333333,0.9266666666666665,0.1483333333333333,0.7849999999999999,0.9125,0.1275
M_lora,Dreyer2023,23,0.6733333333333333,0.7333333333333334,0.06000000000000002,0.6641666666666667,0.7483333333333333,0.0841666666666666
M_lora,Dreyer2023,24,0.8483333333333334,0.9416666666666667,0.09333333333333325,0.8541666666666666,0.9333333333333333,0.0791666666666666
M_lora,Dreyer2023,25,0.6033333333333333,0.675,0.07166666666666663,0.6799999999999999,0.7666666666666666,0.0866666666666666
M_lora,Dreyer2023,26,0.6733333333333333,0.7983333333333335,0.125,0.6233333333333333,0.7716666666666667,0.1483333333333333
M_lora,Dreyer2023,27,0.6883333333333332,0.805,0.11666666666666661,0.6983333333333334,0.8291666666666666,0.1308333333333333
M_lora,Dreyer2023,28,0.7183333333333334,0.7699999999999999,0.05166666666666656,0.6891666666666667,0.7625,0.07333333333333332
M_lora,Dreyer2023,30,0.63,0.7133333333333334,0.08333333333333334,0.6316666666666666,0.725,0.09333333333333334
M_lora,Dreyer2023,31,0.75,0.8699999999999999,0.11999999999999997,0.745,0.8641666666666665,0.1191666666666666
M_lora,Dreyer2023,32,0.6900000000000001,0.8416666666666666,0.15166666666666662,0.6925,0.8266666666666665,0.13416666666666663
M_lora,Dreyer2023,33,0.6483333333333333,0.79,0.1416666666666666,0.6891666666666667,0.8025,0.11333333333333331
M_lora,Dreyer2023,34,0.7416666666666667,0.7966666666666666,0.05499999999999992,0.8333333333333334,0.875,0.041666666666666616
M_lora,Dreyer2023,35,0.6649999999999999,0.7533333333333333,0.08833333333333329,0.7291666666666667,0.7775000000000001,0.04833333333333326
M_lora,Dreyer2023,36,0.7016666666666667,0.8066666666666666,0.10499999999999994,0.7416666666666667,0.8516666666666666,0.10999999999999995
M_lora,Dreyer2023,37,0.6333333333333333,0.725,0.09166666666666663,0.645,0.7533333333333333,0.10833333333333324
M_lora,Dreyer2023,38,0.7283333333333333,0.8533333333333333,0.12499999999999996,0.7741666666666667,0.8808333333333334,0.10666666666666655
M_lora,Dreyer2023,39,0.8966666666666667,0.9149999999999998,0.01833333333333334,0.8724999999999999,0.9075,0.03499999999999992
M_lora,Dreyer2023,40,0.6948275862068967,0.8482758620689654,0.1534482758620689,0.7552780255724055,0.887481415402914,0.13220338983050844
M_lora,Dreyer2023,42,0.615,0.7416666666666667,0.12666666666666665,0.6175,0.7591666666666667,0.14166666666666655
M_lora,Dreyer2023,43,0.805,0.8883333333333333,0.08333333333333331,0.8591666666666666,0.9233333333333332,0.06416666666666661
M_lora,Dreyer2023,44,0.6216666666666667,0.6466666666666667,0.025,0.6058333333333333,0.655,0.04916666666666662
M_lora,Dreyer2023,45,0.6783333333333333,0.75,0.0716666666666666,0.6725,0.7175,0.045
M_lora,Dreyer2023,46,0.6916666666666667,0.7433333333333334,0.05166666666666664,0.6933333333333334,0.7708333333333333,0.07749999999999992
M_lora,Dreyer2023,47,0.735,0.8949999999999999,0.15999999999999998,0.7266666666666667,0.8800000000000001,0.15333333333333338
M_lora,Dreyer2023,48,0.64,0.6583333333333334,0.018333333333333302,0.6425,0.6775,0.03499999999999992
M_lora,Dreyer2023,49,0.6966666666666667,0.7849999999999999,0.08833333333333329,0.6783333333333333,0.7791666666666667,0.1008333333333333
M_lora,Dreyer2023,50,0.5700000000000001,0.6133333333333333,0.04333333333333328,0.6041666666666667,0.6483333333333333,0.0441666666666666
M_lora,Dreyer2023,51,0.7066666666666667,0.7483333333333333,0.041666666666666664,0.7125,0.7766666666666666,0.06416666666666662
M_lora,Dreyer2023,52,0.7033333333333334,0.7933333333333333,0.09000000000000001,0.7075,0.8,0.09249999999999994
M_lora,Dreyer2023,53,0.6916666666666667,0.7833333333333333,0.09166666666666665,0.6716666666666666,0.7949999999999999,0.1233333333333333
M_lora,Dreyer2023,54,0.6683333333333333,0.7083333333333333,0.039999999999999994,0.6441666666666667,0.6933333333333334,0.049166666666666636
M_lora,Dreyer2023,55,0.8916666666666666,0.9366666666666668,0.044999999999999964,0.865,0.925,0.059999999999999984
M_lora,Dreyer2023,56,0.8866666666666667,0.9183333333333333,0.031666666666666635,0.8916666666666666,0.8975000000000002,0.00583333333333336
M_lora,Dreyer2023,57,0.5766666666666667,0.6333333333333333,0.0566666666666666,0.5666666666666667,0.6108333333333333,0.044166666666666646
M_lora,Dreyer2023,58,0.8916666666666666,0.9266666666666665,0.03499999999999998,0.8625,0.9341666666666667,0.07166666666666657
M_lora,Dreyer2023,59,0.7275,0.7775000000000001,0.049999999999999975,0.7775,0.8375,0.06
M_lora,Dreyer2023,60,0.6950000000000001,0.805,0.1099999999999999,0.7150000000000001,0.7883333333333333,0.07333333333333333
M_lora,Dreyer2023,61,0.7683333333333333,0.865,0.09666666666666664,0.7525000000000001,0.8616666666666667,0.10916666666666666
M_lora,Dreyer2023,62,0.7233333333333334,0.7466666666666667,0.02333333333333332,0.7300000000000001,0.7433333333333334,0.013333333333333258
M_lora,Dreyer2023,63,0.6416666666666666,0.8116666666666668,0.17,0.6308333333333334,0.7841666666666667,0.15333333333333327
M_lora,Dreyer2023,64,0.6466666666666667,0.7699999999999999,0.12333333333333325,0.6483333333333332,0.7775000000000001,0.12916666666666668
M_lora,Dreyer2023,65,0.8183333333333334,0.835,0.01666666666666666,0.765,0.8383333333333333,0.07333333333333332
M_lora,Dreyer2023,66,0.665,0.7666666666666667,0.1016666666666666,0.6408333333333334,0.7333333333333334,0.09249999999999999
M_lora,Dreyer2023,67,0.735,0.8016666666666665,0.06666666666666658,0.7233333333333334,0.8225,0.09916666666666661
M_lora,Dreyer2023,68,0.605,0.75,0.14499999999999996,0.6275000000000001,0.7391666666666666,0.11166666666666662
M_lora,Dreyer2023,69,0.7483333333333333,0.8566666666666667,0.10833333333333325,0.7633333333333333,0.8699999999999999,0.10666666666666666
M_lora,Dreyer2023,70,0.48166666666666663,0.6666666666666667,0.185,0.5716666666666667,0.7133333333333333,0.14166666666666666
M_lora,Dreyer2023,71,0.6816666666666666,0.8533333333333333,0.17166666666666658,0.7366666666666666,0.8758333333333332,0.13916666666666666
M_lora,Dreyer2023,72,0.6616666666666667,0.79,0.12833333333333327,0.6916666666666667,0.8083333333333333,0.11666666666666665
M_lora,Dreyer2023,73,0.6283333333333333,0.7466666666666667,0.11833333333333329,0.6725,0.79,0.11749999999999997
M_lora,Dreyer2023,74,0.635,0.7383333333333333,0.10333333333333325,0.6483333333333333,0.7433333333333334,0.09499999999999997
M_lora,Dreyer2023,75,0.7183333333333334,0.76,0.041666666666666616,0.6991666666666667,0.7316666666666667,0.03249999999999992
M_lora,Dreyer2023,76,0.7983333333333333,0.8183333333333334,0.020000000000000018,0.7891666666666667,0.8125,0.0233333333333333
M_lora,Dreyer2023,77,0.735,0.825,0.09000000000000001,0.6958333333333334,0.7841666666666667,0.08833333333333326
M_lora,Dreyer2023,80,0.5700000000000001,0.7116666666666667,0.1416666666666666,0.6174999999999999,0.7150000000000001,0.0975
M_lora,Dreyer2023,81,0.7150000000000001,0.8283333333333334,0.11333333333333329,0.675,0.8133333333333332,0.13833333333333325
M_lora,Dreyer2023,82,0.78,0.7816666666666666,0.0016666666666666399,0.7466666666666667,0.8025,0.05583333333333327
M_lora,Dreyer2023,83,0.6066666666666667,0.6883333333333334,0.08166666666666669,0.575,0.6691666666666667,0.09416666666666655
M_lora,Dreyer2023,84,0.735,0.8316666666666667,0.0966666666666666,0.71,0.8133333333333332,0.10333333333333328
M_lora,Dreyer2023,85,0.6916666666666667,0.7333333333333334,0.041666666666666644,0.7075,0.7308333333333333,0.023333333333333296
M_lora,Dreyer2023,86,0.7116666666666667,0.8283333333333334,0.11666666666666661,0.7383333333333333,0.8258333333333333,0.08749999999999993
M_lora,Dreyer2023,87,0.7416666666666667,0.7866666666666667,0.04499999999999996,0.7433333333333334,0.8,0.05666666666666664
M_lora,PhysionetMI,1,0.781060606060606,0.8356060606060606,0.05454545454545454,0.7861660079051384,0.8701581027667984,0.08399209486166
M_lora,PhysionetMI,2,0.8115384615384615,0.8992307692307693,0.08769230769230765,0.7349802371541502,0.9199604743083004,0.1849802371541501
M_lora,PhysionetMI,3,0.8568181818181818,0.9484848484848485,0.09166666666666659,0.8482213438735178,0.9462450592885375,0.09802371541501977
M_lora,PhysionetMI,4,0.8219696969696969,0.9196969696969697,0.09772727272727272,0.7990118577075098,0.9077075098814229,0.10869565217391304
M_lora,PhysionetMI,5,0.6477272727272727,0.7204545454545455,0.07272727272727268,0.5916666666666666,0.6970238095238095,0.10535714285714282
M_lora,PhysionetMI,6,0.7575757575757576,0.8818181818181818,0.12424242424242422,0.738095238095238,0.8404761904761905,0.10238095238095235
M_lora,PhysionetMI,7,0.9053030303030303,0.9825757575757577,0.07727272727272723,0.8401185770750988,0.941897233201581,0.10177865612648218
M_lora,PhysionetMI,8,0.7560606060606061,0.8325757575757574,0.0765151515151514,0.6879446640316205,0.7731225296442688,0.08517786561264817
M_lora,PhysionetMI,9,0.7930769230769231,0.8423076923076923,0.04923076923076928,0.6851190476190476,0.831547619047619,0.14642857142857138
M_lora,PhysionetMI,10,0.5976923076923077,0.7323076923076923,0.1346153846153846,0.6726190476190477,0.8053571428571429,0.1327380952380952
M_lora,PhysionetMI,11,0.6227272727272727,0.7340909090909091,0.11136363636363633,0.6841897233201581,0.7424901185770751,0.05830039525691703
M_lora,PhysionetMI,12,0.8219696969696969,0.8636363636363636,0.041666666666666616,0.8202380952380952,0.8738095238095239,0.053571428571428534
M_lora,PhysionetMI,13,0.5409090909090908,0.8196969696969697,0.27878787878787875,0.6519762845849802,0.8468379446640316,0.1948616600790513
M_lora,PhysionetMI,14,0.7045454545454545,0.7734848484848486,0.06893939393939394,0.674901185770751,0.6533596837944664,-0.02154150197628458
M_lora,PhysionetMI,15,0.8784615384615385,0.9284615384615386,0.04999999999999996,0.8013833992094861,0.8855731225296442,0.08418972332015809
M_lora,PhysionetMI,16,0.4954545454545455,0.6416666666666666,0.14621212121212115,0.6760869565217391,0.7675889328063241,0.09150197628458487
M_lora,PhysionetMI,17,0.6825757575757576,0.803030303030303,0.12045454545454537,0.7320158102766798,0.8011857707509881,0.06916996047430826
M_lora,PhysionetMI,18,0.9462121212121211,1.0,0.05378787878787874,0.9187747035573123,1.0,0.08122529644268775
M_lora,PhysionetMI,19,0.8363636363636363,0.9106060606060605,0.07424242424242425,0.7780632411067193,0.8915019762845849,0.1134387351778656
M_lora,PhysionetMI,20,0.7954545454545455,0.9045454545454547,0.10909090909090909,0.809288537549407,0.9017786561264822,0.09249011857707506
M_lora,PhysionetMI,21,0.4045454545454545,0.7848484848484849,0.38030303030303025,0.5023809523809524,0.7273809523809524,0.22499999999999995
M_lora,PhysionetMI,22,0.8583333333333334,0.9636363636363636,0.10530303030303027,0.8588932806324111,0.9780632411067194,0.11916996047430832
M_lora,PhysionetMI,23,0.6046153846153846,0.7838461538461539,0.17923076923076917,0.6377470355731225,0.7806324110671936,0.1428853754940711
M_lora,PhysionetMI,24,0.6053030303030302,0.8030303030303031,0.19772727272727275,0.6462450592885375,0.7478260869565218,0.1015810276679842
M_lora,PhysionetMI,25,0.6227272727272728,0.5863636363636363,-0.03636363636363636,0.6227272727272727,0.6067193675889329,-0.016007905138339877
M_lora,PhysionetMI,26,0.5453846153846154,0.6353846153846154,0.09000000000000007,0.5708333333333333,0.6440476190476191,0.0732142857142857
M_lora,PhysionetMI,27,0.7234848484848485,0.8696969696969697,0.14621212121212115,0.7784584980237155,0.8762845849802371,0.09782608695652172
M_lora,PhysionetMI,28,0.7727272727272727,0.7984848484848485,0.02575757575757574,0.8088932806324112,0.825296442687747,0.016403162055336
M_lora,PhysionetMI,29,0.8106060606060606,0.7393939393939394,-0.07121212121212121,0.8474308300395258,0.8166007905138339,-0.030830039525691678
M_lora,PhysionetMI,30,0.8378787878787879,0.8666666666666668,0.028787878787878817,0.7678571428571429,0.8434523809523811,0.07559523809523808
M_lora,PhysionetMI,31,0.45378787878787874,0.7931818181818182,0.3393939393939394,0.5071146245059288,0.7770750988142293,0.2699604743083004
M_lora,PhysionetMI,32,0.7892307692307693,0.9323076923076924,0.14307692307692302,0.7363095238095239,0.9488095238095239,0.2125
M_lora,PhysionetMI,33,0.9303030303030303,0.9204545454545455,-0.009848484848484801,0.9067193675889328,0.8470355731225296,-0.05968379446640311
M_lora,PhysionetMI,34,0.8492307692307692,0.8192307692307692,-0.02999999999999996,0.8065476190476192,0.8386904761904763,0.03214285714285708
M_lora,PhysionetMI,35,0.7340909090909091,0.8053030303030303,0.07121212121212116,0.7928853754940711,0.8521739130434783,0.059288537549407064
M_lora,PhysionetMI,36,0.6401515151515152,0.9113636363636364,0.2712121212121211,0.6365612648221344,0.8760869565217391,0.23952569169960478
M_lora,PhysionetMI,37,0.6507575757575758,0.6795454545454545,0.028787878787878758,0.6865612648221344,0.6922924901185771,0.005731225296442699
M_lora,PhysionetMI,38,0.44696969696969696,0.49469696969696975,0.0477272727272727,0.5270750988142292,0.5397233201581028,0.012648221343873538
M_lora,PhysionetMI,39,0.7431818181818182,0.7348484848484849,-0.008333333333333321,0.8017786561264822,0.8237154150197629,0.021936758893280582
M_lora,PhysionetMI,40,0.6901515151515152,0.9818181818181818,0.29166666666666663,0.7470238095238095,0.9119047619047619,0.16488095238095232
M_lora,PhysionetMI,41,0.9292307692307693,0.9515384615384616,0.022307692307692317,0.7357142857142857,0.8130952380952381,0.07738095238095237
M_lora,PhysionetMI,42,0.9030303030303031,0.8916666666666668,-0.011363636363636298,0.9106719367588934,0.8861660079051383,-0.024505928853754883
M_lora,PhysionetMI,43,0.5484848484848486,0.8295454545454545,0.28106060606060596,0.6713438735177866,0.8737154150197629,0.20237154150197623
M_lora,PhysionetMI,44,0.8219696969696969,0.8696969696969697,0.04772727272727274,0.8478260869565217,0.832411067193676,-0.01541501976284578
M_lora,PhysionetMI,45,0.5954545454545455,0.781060606060606,0.18560606060606058,0.667588932806324,0.8037549407114625,0.13616600790513833
M_lora,PhysionetMI,46,0.7083333333333334,0.7515151515151516,0.04318181818181811,0.7454545454545455,0.7373517786561266,-0.00810276679841894
M_lora,PhysionetMI,47,0.6954545454545455,0.7348484848484849,0.039393939393939405,0.7113095238095238,0.6934523809523809,-0.01785714285714282
M_lora,PhysionetMI,48,0.8469696969696969,0.990909090909091,0.14393939393939387,0.8642292490118578,0.9867588932806324,0.12252964426877466
M_lora,PhysionetMI,49,0.5431818181818182,0.7712121212121212,0.22803030303030303,0.5592885375494071,0.7353754940711463,0.17608695652173909
M_lora,PhysionetMI,50,0.7439393939393939,0.7803030303030303,0.036363636363636376,0.8110671936758893,0.8019762845849803,-0.00909090909090914
M_lora,PhysionetMI,51,0.7439393939393939,0.8416666666666666,0.09772727272727269,0.7089285714285715,0.8089285714285713,0.09999999999999998
M_lora,PhysionetMI,52,0.6861538461538461,0.8661538461538463,0.18,0.7285714285714285,0.8494047619047619,0.12083333333333326
M_lora,PhysionetMI,53,0.6901515151515152,0.9098484848484849,0.21969696969696967,0.7041501976284585,0.9079051383399209,0.20375494071146244
M_lora,PhysionetMI,54,0.9363636363636363,0.8734848484848484,-0.06287878787878788,0.8905138339920949,0.8695652173913043,-0.0209486166007905
M_lora,PhysionetMI,55,0.825,0.8553030303030302,0.03030303030303026,0.8033596837944664,0.8946640316205533,0.09130434782608692
M_lora,PhysionetMI,56,0.7075757575757576,0.843939393939394,0.1363636363636363,0.7675889328063241,0.8885375494071145,0.1209486166007904
M_lora,PhysionetMI,57,0.8901515151515152,0.949242424242424,0.059090909090908986,0.8809523809523808,0.9273809523809524,0.046428571428571416
M_lora,PhysionetMI,58,0.8130769230769233,0.8061538461538461,-0.00692307692307694,0.8464285714285715,0.8017857142857142,-0.04464285714285714
M_lora,PhysionetMI,59,0.7454545454545455,0.6840909090909091,-0.061363636363636356,0.7077380952380953,0.7011904761904761,-0.006547619047619062
M_lora,PhysionetMI,60,0.8846153846153847,0.8807692307692309,-0.0038461538461538602,0.7841897233201581,0.8193675889328063,0.03517786561264822
M_lora,PhysionetMI,61,0.740151515151515,0.9545454545454547,0.21439393939393944,0.7737154150197629,0.9594861660079053,0.18577075098814222
M_lora,PhysionetMI,62,0.9166666666666664,0.9583333333333333,0.04166666666666668,0.9565217391304348,0.9648221343873518,0.008300395256916981
M_lora,PhysionetMI,63,0.7681818181818182,0.728030303030303,-0.04015151515151512,0.6867588932806324,0.6824110671936758,-0.004347826086956502
M_lora,PhysionetMI,64,0.7621212121212121,0.7621212121212122,2.2204460492503132e-17,0.7055335968379446,0.7792490118577076,0.07371541501976282
M_lora,PhysionetMI,65,0.8075757575757576,0.9250000000000002,0.11742424242424243,0.7642857142857142,0.8595238095238095,0.09523809523809522
M_lora,PhysionetMI,66,0.7113636363636363,0.7871212121212121,0.07575757575757577,0.6221343873517787,0.6962450592885376,0.07411067193675884
M_lora,PhysionetMI,67,0.7416666666666667,0.7916666666666666,0.04999999999999994,0.666798418972332,0.7189723320158103,0.05217391304347826
M_lora,PhysionetMI,68,0.6946969696969697,0.6795454545454546,-0.015151515151515142,0.749802371541502,0.7561264822134388,0.0063241106719367805
M_lora,PhysionetMI,69,0.6369230769230769,0.8284615384615386,0.1915384615384615,0.6321428571428571,0.8172619047619047,0.18511904761904757
M_lora,PhysionetMI,70,0.8007575757575758,0.9749999999999999,0.17424242424242412,0.8098814229249012,0.9646245059288537,0.1547430830039526
M_lora,PhysionetMI,71,0.8159090909090908,0.9143939393939393,0.09848484848484843,0.8422924901185771,0.9339920948616601,0.091699604743083
M_lora,PhysionetMI,72,0.9272727272727274,1.0,0.07272727272727267,0.940909090909091,0.9909090909090909,0.04999999999999994
M_lora,PhysionetMI,73,0.6462121212121212,0.746969696969697,0.10075757575757574,0.7468379446640316,0.8440711462450594,0.09723320158102766
M_lora,PhysionetMI,74,0.6568181818181819,0.7666666666666667,0.1098484848484849,0.7291666666666667,0.7863095238095238,0.05714285714285712
M_lora,PhysionetMI,75,0.409090909090909,0.6787878787878788,0.26969696969696966,0.49446640316205526,0.690711462450593,0.19624505928853755
M_lora,PhysionetMI,76,0.5151515151515151,0.5507575757575758,0.0356060606060606,0.6395256916996048,0.599802371541502,-0.0397233201581028
M_lora,PhysionetMI,77,0.5984848484848484,0.6121212121212121,0.013636363636363641,0.6255952380952381,0.6994047619047619,0.07380952380952374
M_lora,PhysionetMI,78,0.5007575757575757,0.5977272727272728,0.09696969696969691,0.5081027667984189,0.5594861660079051,0.051383399209486105
M_lora,PhysionetMI,79,0.65,0.7507575757575757,0.10075757575757575,0.649802371541502,0.7438735177865612,0.09407114624505927
M_lora,PhysionetMI,80,0.8076923076923077,0.7830769230769231,-0.02461538461538456,0.7215415019762845,0.6814229249011857,-0.040118577075098784
M_lora,PhysionetMI,81,0.7439393939393939,0.8621212121212121,0.11818181818181817,0.7492094861660079,0.8845849802371542,0.13537549407114619
M_lora,PhysionetMI,82,0.6537878787878788,0.8280303030303031,0.17424242424242423,0.7140316205533597,0.8071146245059289,0.09308300395256912
M_lora,PhysionetMI,83,0.6892307692307693,0.7038461538461538,0.014615384615384641,0.5498023715415019,0.63300395256917,0.08320158102766795
M_lora,PhysionetMI,84,0.8583333333333334,0.8560606060606061,-0.0022727272727272817,0.7345849802371541,0.8207509881422924,0.0861660079051383
M_lora,PhysionetMI,85,0.6727272727272727,0.9045454545454545,0.23181818181818178,0.6986166007905139,0.8533596837944664,0.1547430830039525
M_lora,PhysionetMI,86,0.8538461538461538,0.9846153846153847,0.13076923076923075,0.8739130434782609,0.9913043478260869,0.11739130434782599
M_lora,PhysionetMI,87,0.6196969696969696,0.6386363636363636,0.018939393939393902,0.5717391304347826,0.6057312252964426,0.033992094861660015
M_lora,PhysionetMI,90,0.7621212121212121,0.890909090909091,0.12878787878787876,0.7877470355731225,0.8944664031620553,0.10671936758893275
M_lora,PhysionetMI,91,0.6924242424242424,0.9166666666666666,0.22424242424242422,0.7061264822134387,0.8990118577075099,0.19288537549407123
M_lora,PhysionetMI,93,0.7174242424242424,0.7803030303030303,0.06287878787878784,0.7310276679841897,0.7792490118577076,0.048221343873517744
M_lora,PhysionetMI,94,0.6962121212121213,0.7931818181818182,0.09696969696969694,0.6492094861660079,0.8391304347826086,0.18992094861660075
M_lora,PhysionetMI,95,0.6138461538461538,0.6438461538461538,0.030000000000000016,0.7013833992094861,0.759090909090909,0.057707509881422925
M_lora,PhysionetMI,96,0.7507575757575757,0.8583333333333332,0.10757575757575752,0.7343873517786561,0.8869565217391304,0.15256916996047423
M_lora,PhysionetMI,97,0.7621212121212121,0.7696969696969697,0.007575757575757518,0.7304347826086957,0.7754940711462451,0.045059288537549404
M_lora,PhysionetMI,98,0.4446969696969697,0.4621212121212121,0.0174242424242424,0.5713438735177865,0.6559288537549407,0.08458498023715412
M_lora,PhysionetMI,99,0.5424242424242424,0.6424242424242423,0.1,0.5667984189723321,0.6699604743083004,0.1031620553359683
M_lora,PhysionetMI,101,0.826153846153846,0.8976923076923077,0.07153846153846152,0.8385375494071147,0.9041501976284584,0.06561264822134381
M_lora,PhysionetMI,102,0.6439393939393939,0.7068181818181818,0.0628787878787879,0.6988142292490118,0.766600790513834,0.06778656126482212
M_lora,PhysionetMI,103,0.6795454545454545,0.8575757575757577,0.17803030303030307,0.6841897233201581,0.7922924901185772,0.10810276679841893
M_lora,PhysionetMI,105,0.834848484848485,0.915151515151515,0.08030303030303022,0.8215415019762846,0.9381422924901186,0.11660079051383399
M_lora,PhysionetMI,107,0.4537878787878788,0.5462121212121211,0.09242424242424238,0.5916666666666666,0.6964285714285714,0.10476190476190476
M_lora,PhysionetMI,108,0.7219696969696969,0.8454545454545455,0.12348484848484846,0.7563241106719367,0.8616600790513834,0.10533596837944656
M_lora,PhysionetMI,109,0.6303030303030303,0.6704545454545455,0.0401515151515152,0.6460474308300396,0.6764822134387352,0.03043478260869568
M_lora_lambda0,Cho2017,1,0.596,0.612,0.01599999999999998,0.6020000000000001,0.618,0.01599999999999998
M_lora_lambda0,Cho2017,2,0.528,0.554,0.02599999999999996,0.512,0.525,0.01299999999999998
M_lora_lambda0,Cho2017,3,0.702,0.732,0.03,0.7,0.717,0.016999999999999998
M_lora_lambda0,Cho2017,4,0.65,0.626,-0.02399999999999998,0.637,0.624,-0.01300000000000004
M_lora_lambda0,Cho2017,5,0.986,0.998,0.012,0.976,0.99,0.014000000000000002
M_lora_lambda0,Cho2017,6,0.828,0.8380000000000001,0.01000000000000002,0.8240000000000001,0.818,-0.00599999999999994
M_lora_lambda0,Cho2017,7,0.5966666666666667,0.5483333333333333,-0.04833333333333328,0.5841666666666667,0.5175000000000001,-0.0666666666666666
M_lora_lambda0,Cho2017,8,0.554,0.518,-0.03600000000000002,0.5589999999999999,0.532,-0.02699999999999994
M_lora_lambda0,Cho2017,9,0.5549999999999999,0.5783333333333334,0.0233333333333333,0.5683333333333334,0.5666666666666667,-0.0016666666666666399
M_lora_lambda0,Cho2017,10,0.604,0.5720000000000001,-0.03199999999999994,0.626,0.583,-0.04299999999999996
M_lora_lambda0,Cho2017,11,0.5900000000000001,0.54,-0.050000000000000024,0.546,0.52,-0.025999999999999978
M_lora_lambda0,Cho2017,12,0.54,0.544,0.003999999999999978,0.624,0.613,-0.010999999999999958
M_lora_lambda0,Cho2017,13,0.8220000000000001,0.73,-0.092,0.753,0.7150000000000001,-0.03799999999999998
M_lora_lambda0,Cho2017,14,0.784,0.6839999999999999,-0.09999999999999996,0.7769999999999999,0.687,-0.08999999999999998
M_lora_lambda0,Cho2017,15,0.5940000000000001,0.54,-0.05399999999999998,0.576,0.537,-0.03899999999999996
M_lora_lambda0,Cho2017,16,0.634,0.58,-0.054000000000000006,0.591,0.549,-0.04199999999999996
M_lora_lambda0,Cho2017,17,0.49399999999999994,0.552,0.05799999999999998,0.505,0.5349999999999999,0.02999999999999998
M_lora_lambda0,Cho2017,18,0.614,0.5840000000000001,-0.02999999999999988,0.585,0.602,0.01699999999999994
M_lora_lambda0,Cho2017,19,0.51,0.528,0.018000000000000023,0.544,0.5429999999999999,-0.0010000000000000195
M_lora_lambda0,Cho2017,20,0.556,0.5720000000000001,0.01599999999999998,0.572,0.595,0.02299999999999998
M_lora_lambda0,Cho2017,21,0.546,0.5800000000000001,0.033999999999999996,0.524,0.5509999999999999,0.026999999999999958
M_lora_lambda0,Cho2017,22,0.636,0.584,-0.052000000000000005,0.591,0.5469999999999999,-0.044
M_lora_lambda0,Cho2017,23,0.5559999999999999,0.548,-0.007999999999999959,0.6799999999999999,0.63,-0.05
M_lora_lambda0,Cho2017,24,0.54,0.542,0.0020000000000000018,0.549,0.539,-0.009999999999999978
M_lora_lambda0,Cho2017,25,0.628,0.544,-0.08399999999999992,0.594,0.529,-0.06499999999999995
M_lora_lambda0,Cho2017,26,0.9879999999999999,0.994,0.006,0.9629999999999999,0.962,-0.0010000000000000022
M_lora_lambda0,Cho2017,27,0.576,0.58,0.004000000000000001,0.546,0.547,0.0009999999999999996
M_lora_lambda0,Cho2017,28,0.5,0.556,0.05599999999999998,0.516,0.546,0.02999999999999996
M_lora_lambda0,Cho2017,29,0.532,0.484,-0.04799999999999998,0.49400000000000005,0.491,-0.00300000000000002
M_lora_lambda0,Cho2017,30,0.6759999999999999,0.666,-0.009999999999999957,0.607,0.62,0.01300000000000002
M_lora_lambda0,Cho2017,31,0.518,0.508,-0.01,0.497,0.497,-1.9428902930940238e-17
M_lora_lambda0,Cho2017,32,0.49800000000000005,0.54,0.04199999999999996,0.512,0.55,0.03799999999999996
M_lora_lambda0,Cho2017,33,0.522,0.536,0.014000000000000002,0.52,0.5509999999999999,0.03099999999999996
M_lora_lambda0,Cho2017,34,0.5700000000000001,0.586,0.01599999999999996,0.541,0.557,0.016000000000000004
M_lora_lambda0,Cho2017,35,0.374,0.41200000000000003,0.03799999999999998,0.488,0.49399999999999994,0.0059999999999999585
M_lora_lambda0,Cho2017,36,0.554,0.572,0.01799999999999994,0.565,0.572,0.0070000000000000175
M_lora_lambda0,Cho2017,37,0.882,0.866,-0.01599999999999998,0.779,0.73,-0.04899999999999996
M_lora_lambda0,Cho2017,38,0.544,0.564,0.01999999999999996,0.568,0.571,0.0030000000000000417
M_lora_lambda0,Cho2017,39,0.6,0.528,-0.07199999999999997,0.6599999999999999,0.601,-0.05899999999999996
M_lora_lambda0,Cho2017,40,0.516,0.508,-0.008,0.554,0.5269999999999999,-0.02699999999999998
M_lora_lambda0,Cho2017,41,0.648,0.544,-0.10399999999999995,0.643,0.553,-0.08999999999999997
M_lora_lambda0,Cho2017,42,0.562,0.55,-0.012,0.544,0.526,-0.01799999999999998
M_lora_lambda0,Cho2017,43,1.0,1.0,0.0,0.9789999999999999,0.9640000000000001,-0.015000000000000003
M_lora_lambda0,Cho2017,44,0.95,0.932,-0.01799999999999998,0.898,0.9039999999999999,0.00599999999999996
M_lora_lambda0,Cho2017,45,0.516,0.53,0.014000000000000002,0.522,0.511,-0.011000000000000001
M_lora_lambda0,Cho2017,46,0.5650000000000001,0.5716666666666667,0.00666666666666668,0.5566666666666666,0.5558333333333334,-0.000833333333333322
M_lora_lambda0,Cho2017,47,0.7979999999999999,0.8480000000000001,0.050000000000000024,0.749,0.7809999999999999,0.03199999999999999
M_lora_lambda0,Cho2017,48,0.6679999999999999,0.654,-0.014000000000000002,0.6689999999999999,0.649,-0.01999999999999994
M_lora_lambda0,Cho2017,49,1.0,0.9620000000000001,-0.03799999999999998,0.898,0.86,-0.038
M_lora_lambda0,Cho2017,50,0.9720000000000001,0.968,-0.004000000000000001,0.975,0.967,-0.008
M_lora_lambda0,Cho2017,51,0.65,0.548,-0.10199999999999994,0.597,0.531,-0.06599999999999988
M_lora_lambda0,Cho2017,52,0.5740000000000001,0.548,-0.026000000000000002,0.579,0.561,-0.01799999999999994
M_lora_lambda0,Dreyer2023,1,0.7833333333333334,0.89,0.1066666666666666,0.8141666666666667,0.8800000000000001,0.06583333333333327
M_lora_lambda0,Dreyer2023,2,0.58,0.6316666666666666,0.05166666666666666,0.6208333333333333,0.6591666666666667,0.038333333333333316
M_lora_lambda0,Dreyer2023,3,0.6583333333333334,0.7833333333333333,0.12499999999999992,0.6841666666666667,0.8150000000000001,0.1308333333333333
M_lora_lambda0,Dreyer2023,5,0.775,0.8550000000000001,0.07999999999999993,0.7525000000000001,0.8608333333333335,0.10833333333333332
M_lora_lambda0,Dreyer2023,6,0.72,0.8033333333333333,0.0833333333333333,0.7033333333333334,0.7933333333333333,0.08999999999999989
M_lora_lambda0,Dreyer2023,7,0.8966666666666667,0.9633333333333333,0.06666666666666662,0.8825,0.9691666666666666,0.0866666666666666
M_lora_lambda0,Dreyer2023,8,0.7300000000000001,0.82,0.08999999999999986,0.7441666666666666,0.8099999999999999,0.06583333333333326
M_lora_lambda0,Dreyer2023,10,0.8,0.8966666666666667,0.0966666666666666,0.8091666666666667,0.9091666666666667,0.09999999999999995
M_lora_lambda0,Dreyer2023,11,0.5666666666666667,0.6333333333333334,0.06666666666666668,0.5841666666666667,0.6358333333333334,0.05166666666666662
M_lora_lambda0,Dreyer2023,12,0.8066666666666666,0.8716666666666667,0.06499999999999996,0.7616666666666666,0.8724999999999999,0.11083333333333331
M_lora_lambda0,Dreyer2023,13,0.6883333333333334,0.7466666666666667,0.05833333333333326,0.7333333333333334,0.8066666666666666,0.07333333333333328
M_lora_lambda0,Dreyer2023,14,0.6316666666666666,0.7033333333333334,0.07166666666666666,0.645,0.6766666666666666,0.0316666666666666
M_lora_lambda0,Dreyer2023,15,0.8133333333333332,0.8883333333333333,0.07499999999999993,0.8366666666666667,0.905,0.06833333333333327
M_lora_lambda0,Dreyer2023,16,0.7833333333333333,0.825,0.041666666666666664,0.7633333333333333,0.86,0.09666666666666664
M_lora_lambda0,Dreyer2023,18,0.7783333333333333,0.9349999999999999,0.15666666666666668,0.7675,0.9225,0.15499999999999997
M_lora_lambda0,Dreyer2023,19,0.8116666666666668,0.9166666666666666,0.10499999999999998,0.7925000000000001,0.9,0.10749999999999996
M_lora_lambda0,Dreyer2023,20,0.8066666666666666,0.9216666666666666,0.11499999999999996,0.78,0.8825,0.10249999999999997
M_lora_lambda0,Dreyer2023,21,0.8266666666666668,0.9166666666666666,0.0899999999999999,0.865,0.925,0.05999999999999996
M_lora_lambda0,Dreyer2023,22,0.7783333333333333,0.865,0.0866666666666666,0.7849999999999999,0.875,0.08999999999999996
M_lora_lambda0,Dreyer2023,23,0.6733333333333333,0.7233333333333334,0.049999999999999975,0.6641666666666667,0.7283333333333333,0.06416666666666662
M_lora_lambda0,Dreyer2023,24,0.8483333333333334,0.9166666666666666,0.06833333333333327,0.8541666666666666,0.9158333333333333,0.06166666666666663
M_lora_lambda0,Dreyer2023,25,0.6033333333333333,0.6883333333333332,0.08499999999999996,0.6799999999999999,0.7783333333333333,0.0983333333333333
M_lora_lambda0,Dreyer2023,26,0.6733333333333333,0.7433333333333334,0.06999999999999992,0.6233333333333333,0.7266666666666667,0.10333333333333328
M_lora_lambda0,Dreyer2023,27,0.6883333333333332,0.8333333333333334,0.14499999999999996,0.6983333333333334,0.8483333333333334,0.15
M_lora_lambda0,Dreyer2023,28,0.7183333333333334,0.8083333333333332,0.08999999999999993,0.6891666666666667,0.7958333333333333,0.10666666666666665
M_lora_lambda0,Dreyer2023,30,0.63,0.6733333333333333,0.043333333333333356,0.6316666666666666,0.6866666666666668,0.055000000000000014
M_lora_lambda0,Dreyer2023,31,0.75,0.8916666666666666,0.14166666666666664,0.745,0.8983333333333332,0.15333333333333338
M_lora_lambda0,Dreyer2023,32,0.6900000000000001,0.8383333333333333,0.14833333333333326,0.6925,0.8358333333333334,0.14333333333333334
M_lora_lambda0,Dreyer2023,33,0.6483333333333333,0.77,0.12166666666666662,0.6891666666666667,0.77,0.0808333333333333
M_lora_lambda0,Dreyer2023,34,0.7416666666666667,0.795,0.053333333333333274,0.8333333333333334,0.8775000000000001,0.04416666666666662
M_lora_lambda0,Dreyer2023,35,0.6649999999999999,0.7316666666666667,0.0666666666666666,0.7291666666666667,0.77,0.040833333333333235
M_lora_lambda0,Dreyer2023,36,0.7016666666666667,0.795,0.0933333333333333,0.7416666666666667,0.825,0.08333333333333329
M_lora_lambda0,Dreyer2023,37,0.6333333333333333,0.7016666666666667,0.06833333333333333,0.645,0.7391666666666666,0.09416666666666666
M_lora_lambda0,Dreyer2023,38,0.7283333333333333,0.8099999999999999,0.08166666666666664,0.7741666666666667,0.8466666666666667,0.0724999999999999
M_lora_lambda0,Dreyer2023,39,0.8966666666666667,0.95,0.05333333333333332,0.8724999999999999,0.93,0.05749999999999992
M_lora_lambda0,Dreyer2023,40,0.6948275862068967,0.8293103448275861,0.13448275862068956,0.7552780255724055,0.8569580731489742,0.10168004757656852
M_lora_lambda0,Dreyer2023,42,0.615,0.7350000000000001,0.11999999999999997,0.6175,0.7566666666666666,0.13916666666666658
M_lora_lambda0,Dreyer2023,43,0.805,0.9033333333333333,0.0983333333333333,0.8591666666666666,0.9333333333333332,0.0741666666666666
M_lora_lambda0,Dreyer2023,44,0.6216666666666667,0.675,0.053333333333333344,0.6058333333333333,0.6908333333333333,0.08499999999999998
M_lora_lambda0,Dreyer2023,45,0.6783333333333333,0.7733333333333333,0.09499999999999995,0.6725,0.7449999999999999,0.0724999999999999
M_lora_lambda0,Dreyer2023,46,0.6916666666666667,0.7466666666666667,0.05499999999999994,0.6933333333333334,0.7641666666666667,0.07083333333333326
M_lora_lambda0,Dreyer2023,47,0.735,0.8716666666666667,0.13666666666666663,0.7266666666666667,0.8474999999999999,0.12083333333333332
M_lora_lambda0,Dreyer2023,48,0.64,0.6566666666666666,0.016666666666666618,0.6425,0.6816666666666666,0.0391666666666666
M_lora_lambda0,Dreyer2023,49,0.6966666666666667,0.7683333333333333,0.07166666666666666,0.6783333333333333,0.7566666666666666,0.07833333333333325
M_lora_lambda0,Dreyer2023,50,0.5700000000000001,0.6216666666666667,0.05166666666666666,0.6041666666666667,0.6316666666666666,0.02749999999999996
M_lora_lambda0,Dreyer2023,51,0.7066666666666667,0.7716666666666667,0.06499999999999995,0.7125,0.7966666666666666,0.08416666666666661
M_lora_lambda0,Dreyer2023,52,0.7033333333333334,0.775,0.07166666666666663,0.7075,0.7775000000000001,0.06999999999999994
M_lora_lambda0,Dreyer2023,53,0.6916666666666667,0.7733333333333333,0.08166666666666664,0.6716666666666666,0.7758333333333333,0.1041666666666666
M_lora_lambda0,Dreyer2023,54,0.6683333333333333,0.7183333333333334,0.05,0.6441666666666667,0.7016666666666667,0.05749999999999996
M_lora_lambda0,Dreyer2023,55,0.8916666666666666,0.9399999999999998,0.04833333333333326,0.865,0.9316666666666666,0.06666666666666662
M_lora_lambda0,Dreyer2023,56,0.8866666666666667,0.9333333333333332,0.0466666666666666,0.8916666666666666,0.9099999999999999,0.01833333333333334
M_lora_lambda0,Dreyer2023,57,0.5766666666666667,0.6583333333333333,0.08166666666666658,0.5666666666666667,0.6383333333333333,0.0716666666666666
M_lora_lambda0,Dreyer2023,58,0.8916666666666666,0.9283333333333333,0.03666666666666666,0.8625,0.9233333333333335,0.060833333333333274
M_lora_lambda0,Dreyer2023,59,0.7275,0.7849999999999999,0.057499999999999975,0.7775,0.8462500000000001,0.06874999999999998
M_lora_lambda0,Dreyer2023,60,0.6950000000000001,0.8283333333333334,0.13333333333333325,0.7150000000000001,0.8358333333333334,0.1208333333333333
M_lora_lambda0,Dreyer2023,61,0.7683333333333333,0.8583333333333334,0.08999999999999994,0.7525000000000001,0.865,0.11249999999999996
M_lora_lambda0,Dreyer2023,62,0.7233333333333334,0.75,0.02666666666666666,0.7300000000000001,0.7458333333333333,0.0158333333333333
M_lora_lambda0,Dreyer2023,63,0.6416666666666666,0.7416666666666666,0.09999999999999998,0.6308333333333334,0.7375,0.10666666666666665
M_lora_lambda0,Dreyer2023,64,0.6466666666666667,0.7283333333333333,0.0816666666666666,0.6483333333333332,0.7300000000000001,0.08166666666666668
M_lora_lambda0,Dreyer2023,65,0.8183333333333334,0.8,-0.018333333333333302,0.765,0.7866666666666666,0.02166666666666664
M_lora_lambda0,Dreyer2023,66,0.665,0.7550000000000001,0.08999999999999996,0.6408333333333334,0.7241666666666666,0.08333333333333326
M_lora_lambda0,Dreyer2023,67,0.735,0.7916666666666667,0.05666666666666662,0.7233333333333334,0.8183333333333334,0.09499999999999992
M_lora_lambda0,Dreyer2023,68,0.605,0.7666666666666667,0.16166666666666665,0.6275000000000001,0.755,0.12749999999999997
M_lora_lambda0,Dreyer2023,69,0.7483333333333333,0.8383333333333333,0.08999999999999996,0.7633333333333333,0.8558333333333333,0.09249999999999996
M_lora_lambda0,Dreyer2023,70,0.48166666666666663,0.6233333333333333,0.14166666666666664,0.5716666666666667,0.6941666666666666,0.12249999999999997
M_lora_lambda0,Dreyer2023,71,0.6816666666666666,0.8099999999999999,0.1283333333333333,0.7366666666666666,0.8425,0.10583333333333333
M_lora_lambda0,Dreyer2023,72,0.6616666666666667,0.8,0.13833333333333328,0.6916666666666667,0.8299999999999998,0.13833333333333322
M_lora_lambda0,Dreyer2023,73,0.6283333333333333,0.7050000000000001,0.0766666666666667,0.6725,0.7474999999999999,0.07500000000000004
M_lora_lambda0,Dreyer2023,74,0.635,0.7216666666666667,0.0866666666666666,0.6483333333333333,0.7316666666666667,0.08333333333333329
M_lora_lambda0,Dreyer2023,75,0.7183333333333334,0.7833333333333334,0.06499999999999995,0.6991666666666667,0.7566666666666666,0.05749999999999994
M_lora_lambda0,Dreyer2023,76,0.7983333333333333,0.8233333333333333,0.02499999999999996,0.7891666666666667,0.7991666666666667,0.00999999999999998
M_lora_lambda0,Dreyer2023,77,0.735,0.8216666666666667,0.08666666666666666,0.6958333333333334,0.7791666666666667,0.08333333333333326
M_lora_lambda0,Dreyer2023,80,0.5700000000000001,0.6699999999999999,0.09999999999999991,0.6174999999999999,0.6866666666666668,0.06916666666666668
M_lora_lambda0,Dreyer2023,81,0.7150000000000001,0.8416666666666666,0.12666666666666662,0.675,0.8383333333333333,0.16333333333333322
M_lora_lambda0,Dreyer2023,82,0.78,0.7833333333333333,0.0033333333333333006,0.7466666666666667,0.7949999999999999,0.04833333333333324
M_lora_lambda0,Dreyer2023,83,0.6066666666666667,0.6666666666666667,0.06,0.575,0.6433333333333333,0.06833333333333326
M_lora_lambda0,Dreyer2023,84,0.735,0.82,0.08499999999999996,0.71,0.7908333333333333,0.08083333333333326
M_lora_lambda0,Dreyer2023,85,0.6916666666666667,0.7633333333333333,0.07166666666666661,0.7075,0.7383333333333334,0.030833333333333303
M_lora_lambda0,Dreyer2023,86,0.7116666666666667,0.8,0.0883333333333333,0.7383333333333333,0.7966666666666666,0.05833333333333331
M_lora_lambda0,Dreyer2023,87,0.7416666666666667,0.8066666666666666,0.06499999999999997,0.7433333333333334,0.7925,0.04916666666666662
M_lora_lambda0,PhysionetMI,1,0.781060606060606,0.8446969696969697,0.06363636363636357,0.7861660079051384,0.8660079051383398,0.0798418972332015
M_lora_lambda0,PhysionetMI,2,0.8115384615384615,0.89,0.0784615384615384,0.7349802371541502,0.8962450592885375,0.1612648221343873
M_lora_lambda0,PhysionetMI,3,0.8568181818181818,0.9742424242424242,0.11742424242424232,0.8482213438735178,0.9547430830039527,0.1065217391304348
M_lora_lambda0,PhysionetMI,4,0.8219696969696969,0.909090909090909,0.08712121212121213,0.7990118577075098,0.899209486166008,0.10019762845849803
M_lora_lambda0,PhysionetMI,5,0.6477272727272727,0.7166666666666667,0.06893939393939394,0.5916666666666666,0.7232142857142857,0.13154761904761902
M_lora_lambda0,PhysionetMI,6,0.7575757575757576,0.8484848484848484,0.0909090909090909,0.738095238095238,0.8488095238095237,0.11071428571428568
M_lora_lambda0,PhysionetMI,7,0.9053030303030303,0.9636363636363636,0.05833333333333331,0.8401185770750988,0.9304347826086957,0.0903162055335968
M_lora_lambda0,PhysionetMI,8,0.7560606060606061,0.8280303030303029,0.07196969696969686,0.6879446640316205,0.7713438735177867,0.08339920948616601
M_lora_lambda0,PhysionetMI,9,0.7930769230769231,0.8523076923076923,0.05923076923076924,0.6851190476190476,0.8285714285714285,0.14345238095238091
M_lora_lambda0,PhysionetMI,10,0.5976923076923077,0.7053846153846155,0.10769230769230771,0.6726190476190477,0.7940476190476191,0.12142857142857141
M_lora_lambda0,PhysionetMI,11,0.6227272727272727,0.7545454545454546,0.1318181818181818,0.6841897233201581,0.7723320158102767,0.08814229249011858
M_lora_lambda0,PhysionetMI,12,0.8219696969696969,0.8378787878787879,0.01590909090909088,0.8202380952380952,0.8386904761904761,0.01845238095238092
M_lora_lambda0,PhysionetMI,13,0.5409090909090908,0.6916666666666667,0.1507575757575758,0.6519762845849802,0.7337944664031621,0.08181818181818182
M_lora_lambda0,PhysionetMI,14,0.7045454545454545,0.7727272727272727,0.06818181818181815,0.674901185770751,0.6586956521739131,-0.01620553359683792
M_lora_lambda0,PhysionetMI,15,0.8784615384615385,0.9230769230769231,0.0446153846153846,0.8013833992094861,0.8468379446640316,0.04545454545454542
M_lora_lambda0,PhysionetMI,16,0.4954545454545455,0.6151515151515151,0.11969696969696964,0.6760869565217391,0.7539525691699605,0.07786561264822126
M_lora_lambda0,PhysionetMI,17,0.6825757575757576,0.7015151515151515,0.018939393939393923,0.7320158102766798,0.7185770750988143,-0.013438735177865596
M_lora_lambda0,PhysionetMI,18,0.9462121212121211,1.0,0.05378787878787874,0.9187747035573123,1.0,0.08122529644268775
M_lora_lambda0,PhysionetMI,19,0.8363636363636363,0.9136363636363637,0.0772727272727272,0.7780632411067193,0.8970355731225297,0.11897233201581026
M_lora_lambda0,PhysionetMI,20,0.7954545454545455,0.8681818181818182,0.07272727272727268,0.809288537549407,0.892490118577075,0.08320158102766795
M_lora_lambda0,PhysionetMI,21,0.4045454545454545,0.7863636363636364,0.3818181818181818,0.5023809523809524,0.7303571428571429,0.22797619047619047
M_lora_lambda0,PhysionetMI,22,0.8583333333333334,0.9727272727272727,0.11439393939393935,0.8588932806324111,0.9869565217391305,0.12806324110671938
M_lora_lambda0,PhysionetMI,23,0.6046153846153846,0.8438461538461539,0.23923076923076922,0.6377470355731225,0.8304347826086957,0.1926877470355731
M_lora_lambda0,PhysionetMI,24,0.6053030303030302,0.7446969696969697,0.13939393939393946,0.6462450592885375,0.7345849802371542,0.0883399209486166
M_lora_lambda0,PhysionetMI,25,0.6227272727272728,0.6151515151515151,-0.0075757575757575395,0.6227272727272727,0.6138339920948617,-0.008893280632411061
M_lora_lambda0,PhysionetMI,26,0.5453846153846154,0.61,0.06461538461538462,0.5708333333333333,0.6,0.02916666666666662
M_lora_lambda0,PhysionetMI,27,0.7234848484848485,0.8272727272727274,0.10378787878787879,0.7784584980237155,0.858300395256917,0.07984189723320152
M_lora_lambda0,PhysionetMI,28,0.7727272727272727,0.7893939393939394,0.016666666666666698,0.8088932806324112,0.8432806324110672,0.0343873517786561
M_lora_lambda0,PhysionetMI,29,0.8106060606060606,0.7492424242424243,-0.061363636363636356,0.8474308300395258,0.8077075098814228,-0.03972332015810278
M_lora_lambda0,PhysionetMI,30,0.8378787878787879,0.8696969696969697,0.03181818181818182,0.7678571428571429,0.8202380952380952,0.05238095238095234
M_lora_lambda0,PhysionetMI,31,0.45378787878787874,0.75,0.2962121212121212,0.5071146245059288,0.7326086956521738,0.22549407114624503
M_lora_lambda0,PhysionetMI,32,0.7892307692307693,0.9,0.11076923076923073,0.7363095238095239,0.9119047619047619,0.17559523809523808
M_lora_lambda0,PhysionetMI,33,0.9303030303030303,0.8803030303030303,-0.04999999999999998,0.9067193675889328,0.8148221343873517,-0.09189723320158097
M_lora_lambda0,PhysionetMI,34,0.8492307692307692,0.8261538461538462,-0.023076923076923037,0.8065476190476192,0.8232142857142858,0.016666666666666642
M_lora_lambda0,PhysionetMI,35,0.7340909090909091,0.796969696969697,0.06287878787878783,0.7928853754940711,0.8397233201581027,0.0468379446640316
M_lora_lambda0,PhysionetMI,36,0.6401515151515152,0.8848484848484848,0.24469696969696964,0.6365612648221344,0.849802371541502,0.21324110671936758
M_lora_lambda0,PhysionetMI,37,0.6507575757575758,0.6621212121212121,0.01136363636363632,0.6865612648221344,0.7150197628458498,0.028458498023715417
M_lora_lambda0,PhysionetMI,38,0.44696969696969696,0.4924242424242424,0.04545454545454544,0.5270750988142292,0.5339920948616601,0.006916996047430843
M_lora_lambda0,PhysionetMI,39,0.7431818181818182,0.7128787878787879,-0.03030303030303032,0.8017786561264822,0.7980237154150197,-0.00375494071146248
M_lora_lambda0,PhysionetMI,40,0.6901515151515152,0.9371212121212121,0.24696969696969692,0.7470238095238095,0.8988095238095237,0.15178571428571425
M_lora_lambda0,PhysionetMI,41,0.9292307692307693,0.9923076923076923,0.06307692307692302,0.7357142857142857,0.8261904761904761,0.09047619047619042
M_lora_lambda0,PhysionetMI,42,0.9030303030303031,0.8484848484848484,-0.05454545454545452,0.9106719367588934,0.8642292490118578,-0.04644268774703551
M_lora_lambda0,PhysionetMI,43,0.5484848484848486,0.8462121212121211,0.2977272727272727,0.6713438735177866,0.9015810276679842,0.2302371541501976
M_lora_lambda0,PhysionetMI,44,0.8219696969696969,0.8863636363636364,0.0643939393939394,0.8478260869565217,0.8454545454545455,-0.0023715415019762986
M_lora_lambda0,PhysionetMI,45,0.5954545454545455,0.7401515151515152,0.14469696969696969,0.667588932806324,0.7604743083003952,0.0928853754940711
M_lora_lambda0,PhysionetMI,46,0.7083333333333334,0.7401515151515151,0.031818181818181704,0.7454545454545455,0.7207509881422924,-0.02470355731225294
M_lora_lambda0,PhysionetMI,47,0.6954545454545455,0.7681818181818183,0.07272727272727274,0.7113095238095238,0.7220238095238095,0.010714285714285721
M_lora_lambda0,PhysionetMI,48,0.8469696969696969,0.9378787878787879,0.09090909090909086,0.8642292490118578,0.9509881422924901,0.08675889328063238
M_lora_lambda0,PhysionetMI,49,0.5431818181818182,0.7454545454545455,0.20227272727272724,0.5592885375494071,0.7227272727272728,0.1634387351778656
M_lora_lambda0,PhysionetMI,50,0.7439393939393939,0.7053030303030303,-0.038636363636363635,0.8110671936758893,0.7241106719367589,-0.0869565217391304
M_lora_lambda0,PhysionetMI,51,0.7439393939393939,0.8393939393939395,0.09545454545454546,0.7089285714285715,0.8113095238095239,0.10238095238095238
M_lora_lambda0,PhysionetMI,52,0.6861538461538461,0.8076923076923077,0.12153846153846151,0.7285714285714285,0.8291666666666666,0.10059523809523804
M_lora_lambda0,PhysionetMI,53,0.6901515151515152,0.8727272727272727,0.18257575757575756,0.7041501976284585,0.8602766798418973,0.15612648221343875
M_lora_lambda0,PhysionetMI,54,0.9363636363636363,0.9075757575757578,-0.02878787878787878,0.8905138339920949,0.8922924901185769,0.0017786561264822019
M_lora_lambda0,PhysionetMI,55,0.825,0.8636363636363636,0.03863636363636358,0.8033596837944664,0.9077075098814229,0.10434782608695647
M_lora_lambda0,PhysionetMI,56,0.7075757575757576,0.8583333333333334,0.15075757575757573,0.7675889328063241,0.8922924901185771,0.12470355731225294
M_lora_lambda0,PhysionetMI,57,0.8901515151515152,0.9575757575757574,0.06742424242424234,0.8809523809523808,0.9267857142857142,0.045833333333333295
M_lora_lambda0,PhysionetMI,58,0.8130769230769233,0.7669230769230769,-0.046153846153846156,0.8464285714285715,0.7619047619047619,-0.08452380952380953
M_lora_lambda0,PhysionetMI,59,0.7454545454545455,0.6681818181818182,-0.07727272727272727,0.7077380952380953,0.7005952380952382,-0.00714285714285718
M_lora_lambda0,PhysionetMI,60,0.8846153846153847,0.9007692307692308,0.016153846153846137,0.7841897233201581,0.8235177865612648,0.03932806324110668
M_lora_lambda0,PhysionetMI,61,0.740151515151515,0.9545454545454547,0.21439393939393944,0.7737154150197629,0.9638339920948618,0.19011857707509874
M_lora_lambda0,PhysionetMI,62,0.9166666666666664,0.9499999999999998,0.03333333333333334,0.9565217391304348,0.9693675889328064,0.01284584980237156
M_lora_lambda0,PhysionetMI,63,0.7681818181818182,0.6962121212121212,-0.07196969696969699,0.6867588932806324,0.6932806324110672,0.006521739130434819
M_lora_lambda0,PhysionetMI,64,0.7621212121212121,0.7371212121212121,-0.02500000000000004,0.7055335968379446,0.7620553359683795,0.056521739130434734
M_lora_lambda0,PhysionetMI,65,0.8075757575757576,0.9083333333333334,0.10075757575757574,0.7642857142857142,0.8345238095238094,0.07023809523809517
M_lora_lambda0,PhysionetMI,66,0.7113636363636363,0.7712121212121212,0.05984848484848486,0.6221343873517787,0.7015810276679841,0.07944664031620552
M_lora_lambda0,PhysionetMI,67,0.7416666666666667,0.7333333333333334,-0.008333333333333299,0.666798418972332,0.6857707509881423,0.01897233201581026
M_lora_lambda0,PhysionetMI,68,0.6946969696969697,0.6992424242424242,0.004545454545454542,0.749802371541502,0.7569169960474309,0.0071146245059288595
M_lora_lambda0,PhysionetMI,69,0.6369230769230769,0.82,0.18307692307692303,0.6321428571428571,0.8119047619047619,0.17976190476190473
M_lora_lambda0,PhysionetMI,70,0.8007575757575758,0.9393939393939392,0.13863636363636347,0.8098814229249012,0.9600790513833994,0.15019762845849807
M_lora_lambda0,PhysionetMI,71,0.8159090909090908,0.8727272727272727,0.05681818181818182,0.8422924901185771,0.9209486166007904,0.0786561264822134
M_lora_lambda0,PhysionetMI,72,0.9272727272727274,0.9818181818181818,0.054545454545454494,0.940909090909091,0.9818181818181818,0.04090909090909086
M_lora_lambda0,PhysionetMI,73,0.6462121212121212,0.7606060606060605,0.11439393939393934,0.7468379446640316,0.859090909090909,0.11225296442687745
M_lora_lambda0,PhysionetMI,74,0.6568181818181819,0.7636363636363637,0.10681818181818181,0.7291666666666667,0.831547619047619,0.10238095238095235
M_lora_lambda0,PhysionetMI,75,0.409090909090909,0.6962121212121212,0.2871212121212121,0.49446640316205526,0.682411067193676,0.18794466403162058
M_lora_lambda0,PhysionetMI,76,0.5151515151515151,0.5878787878787879,0.07272727272727272,0.6395256916996048,0.6185770750988142,-0.020948616600790497
M_lora_lambda0,PhysionetMI,77,0.5984848484848484,0.603030303030303,0.00454545454545458,0.6255952380952381,0.6880952380952381,0.06249999999999991
M_lora_lambda0,PhysionetMI,78,0.5007575757575757,0.5462121212121211,0.045454545454545435,0.5081027667984189,0.5324110671936759,0.024308300395256922
M_lora_lambda0,PhysionetMI,79,0.65,0.7689393939393939,0.11893939393939387,0.649802371541502,0.7399209486166007,0.09011857707509882
M_lora_lambda0,PhysionetMI,80,0.8076923076923077,0.8061538461538461,-0.0015384615384615608,0.7215415019762845,0.675889328063241,-0.04565217391304348
M_lora_lambda0,PhysionetMI,81,0.7439393939393939,0.8803030303030305,0.13636363636363635,0.7492094861660079,0.8796442687747035,0.1304347826086956
M_lora_lambda0,PhysionetMI,82,0.6537878787878788,0.8856060606060605,0.23181818181818178,0.7140316205533597,0.8806324110671937,0.1666007905138339
M_lora_lambda0,PhysionetMI,83,0.6892307692307693,0.7238461538461538,0.03461538461538462,0.5498023715415019,0.6468379446640317,0.09703557312252958
M_lora_lambda0,PhysionetMI,84,0.8583333333333334,0.8204545454545455,-0.0378787878787879,0.7345849802371541,0.7897233201581028,0.05513833992094862
M_lora_lambda0,PhysionetMI,85,0.6727272727272727,0.8901515151515152,0.21742424242424238,0.6986166007905139,0.8496047430830039,0.15098814229249008
M_lora_lambda0,PhysionetMI,86,0.8538461538461538,0.976923076923077,0.12307692307692306,0.8739130434782609,0.9826086956521738,0.10869565217391294
M_lora_lambda0,PhysionetMI,87,0.6196969696969696,0.646969696969697,0.0272727272727273,0.5717391304347826,0.5835968379446641,0.0118577075098814
M_lora_lambda0,PhysionetMI,90,0.7621212121212121,0.9007575757575758,0.1386363636363636,0.7877470355731225,0.8986166007905136,0.11086956521739126
M_lora_lambda0,PhysionetMI,91,0.6924242424242424,0.8977272727272727,0.20530303030303027,0.7061264822134387,0.9029644268774704,0.19683794466403165
M_lora_lambda0,PhysionetMI,93,0.7174242424242424,0.7363636363636363,0.018939393939393902,0.7310276679841897,0.7517786561264822,0.02075098814229242
M_lora_lambda0,PhysionetMI,94,0.6962121212121213,0.8280303030303031,0.13181818181818178,0.6492094861660079,0.8306324110671938,0.18142292490118575
M_lora_lambda0,PhysionetMI,95,0.6138461538461538,0.6561538461538461,0.04230769230769228,0.7013833992094861,0.7600790513833993,0.05869565217391306
M_lora_lambda0,PhysionetMI,96,0.7507575757575757,0.890909090909091,0.1401515151515151,0.7343873517786561,0.9302371541501977,0.19584980237154143
M_lora_lambda0,PhysionetMI,97,0.7621212121212121,0.7818181818181819,0.019696969696969678,0.7304347826086957,0.7812252964426877,0.0507905138339921
M_lora_lambda0,PhysionetMI,98,0.4446969696969697,0.4083333333333333,-0.03636363636363632,0.5713438735177865,0.6100790513833992,0.038735177865612605
M_lora_lambda0,PhysionetMI,99,0.5424242424242424,0.5863636363636363,0.04393939393939394,0.5667984189723321,0.6407114624505929,0.07391304347826083
M_lora_lambda0,PhysionetMI,101,0.826153846153846,0.9030769230769232,0.0769230769230769,0.8385375494071147,0.908300395256917,0.06976284584980234
M_lora_lambda0,PhysionetMI,102,0.6439393939393939,0.781060606060606,0.1371212121212121,0.6988142292490118,0.8037549407114625,0.10494071146245058
M_lora_lambda0,PhysionetMI,103,0.6795454545454545,0.8143939393939394,0.13484848484848483,0.6841897233201581,0.775098814229249,0.09090909090909086
M_lora_lambda0,PhysionetMI,105,0.834848484848485,0.9166666666666667,0.0818181818181818,0.8215415019762846,0.9476284584980237,0.1260869565217391
M_lora_lambda0,PhysionetMI,107,0.4537878787878788,0.5666666666666667,0.11287878787878788,0.5916666666666666,0.7029761904761905,0.11130952380952377
M_lora_lambda0,PhysionetMI,108,0.7219696969696969,0.8196969696969697,0.09772727272727273,0.7563241106719367,0.8480237154150198,0.09169960474308292
M_lora_lambda0,PhysionetMI,109,0.6303030303030303,0.681060606060606,0.050757575757575744,0.6460474308300396,0.6503952569169961,0.004347826086956499
