variant,shots,dataset,subject,ba,b3_ba,gain,full_gain,start
lora8,5,Cho2017,1,0.612,0.642,-0.029999999999999936,0.08799999999999997,B3
lora8,5,Cho2017,2,0.522,0.524,-0.00200000000000002,-0.01,B3
lora8,5,Cho2017,3,0.752,0.6719999999999999,0.07999999999999996,0.19,B3
lora8,5,Cho2017,4,0.65,0.64,0.01,0.061999999999999944,B3
lora8,5,Cho2017,5,0.9960000000000001,1.0,-0.004,-0.008,B3
lora8,5,Cho2017,6,0.8019999999999999,0.8140000000000001,-0.012,0.014000000000000002,B3
lora8,5,Cho2017,7,0.4833333333333333,0.5033333333333333,-0.01999999999999998,0.023333333333333338,B3
lora8,5,Cho2017,8,0.522,0.54,-0.01799999999999996,-0.009999999999999959,B3
lora8,5,Cho2017,9,0.5566666666666666,0.5433333333333333,0.01333333333333334,0.04666666666666668,B3
lora8,5,Cho2017,10,0.5660000000000001,0.5820000000000001,-0.01599999999999998,0.024,B3
lora8,5,Cho2017,11,0.612,0.604,0.008000000000000002,-0.004000000000000023,B3
lora8,5,Cho2017,12,0.508,0.514,-0.005999999999999999,0.178,B3
lora8,5,Cho2017,13,0.8220000000000001,0.8460000000000001,-0.02399999999999998,0.12799999999999995,B3
lora8,5,Cho2017,14,0.784,0.7220000000000001,0.06200000000000001,0.15999999999999998,B3
lora8,5,Cho2017,15,0.528,0.52,0.008,0.13199999999999995,B3
lora8,5,Cho2017,16,0.5920000000000001,0.626,-0.03399999999999988,0.025999999999999978,B3
lora8,5,Cho2017,17,0.592,0.55,0.04199999999999996,0.03799999999999998,B3
lora8,5,Cho2017,18,0.526,0.6140000000000001,-0.08799999999999997,0.05199999999999992,B3
lora8,5,Cho2017,19,0.52,0.522,-0.0019999999999999996,0.02199999999999998,B3
lora8,5,Cho2017,20,0.5740000000000001,0.5660000000000001,0.008000000000000021,0.10199999999999994,B3
lora8,5,Cho2017,21,0.5680000000000001,0.546,0.022000000000000002,0.10399999999999991,B3
lora8,5,Cho2017,22,0.5940000000000001,0.592,0.001999999999999981,0.03999999999999994,B3
lora8,5,Cho2017,23,0.5439999999999999,0.562,-0.018,0.05599999999999994,B3
lora8,5,Cho2017,24,0.55,0.49399999999999994,0.055999999999999994,0.10600000000000001,B3
lora8,5,Cho2017,25,0.556,0.554,0.002000000000000001,0.03600000000000002,B3
lora8,5,Cho2017,26,0.99,0.99,0.0,0.008,B3
lora8,5,Cho2017,27,0.5780000000000001,0.5660000000000001,0.01200000000000002,-0.03199999999999999,B3
lora8,5,Cho2017,28,0.618,0.5820000000000001,0.035999999999999935,0.22999999999999993,B3
lora8,5,Cho2017,29,0.49399999999999994,0.502,-0.008,0.012,B3
lora8,5,Cho2017,30,0.646,0.638,0.007999999999999978,0.074,B3
lora8,5,Cho2017,31,0.562,0.548,0.01399999999999998,0.09999999999999995,B3
lora8,5,Cho2017,32,0.508,0.534,-0.025999999999999978,0.032000000000000015,B3
lora8,5,Cho2017,33,0.558,0.5860000000000001,-0.02799999999999996,-0.07399999999999993,B3
lora8,5,Cho2017,34,0.5860000000000001,0.548,0.037999999999999964,0.01,B3
lora8,5,Cho2017,35,0.4,0.396,0.003999999999999978,0.446,B3
lora8,5,Cho2017,36,0.542,0.534,0.007999999999999998,0.03999999999999996,B3
lora8,5,Cho2017,37,0.876,0.874,0.0019999999999999797,0.0019999999999999996,B3
lora8,5,Cho2017,38,0.546,0.5780000000000001,-0.032,0.03199999999999999,B3
lora8,5,Cho2017,39,0.544,0.528,0.01600000000000002,0.028000000000000025,B3
lora8,5,Cho2017,40,0.524,0.528,-0.0039999999999999775,0.004000000000000021,B3
lora8,5,Cho2017,41,0.5860000000000001,0.616,-0.03,0.07799999999999993,B3
lora8,5,Cho2017,42,0.522,0.542,-0.02,-0.013999999999999999,B3
lora8,5,Cho2017,43,1.0,1.0,0.0,0.0,B3
lora8,5,Cho2017,44,0.962,0.9359999999999999,0.026000000000000002,0.022,B3
lora8,5,Cho2017,45,0.538,0.538,-2.2204460492503132e-17,-0.006000000000000022,B3
lora8,5,Cho2017,46,0.6033333333333333,0.5483333333333333,0.05499999999999996,0.12666666666666662,B3
lora8,5,Cho2017,47,0.77,0.8380000000000001,-0.06799999999999996,0.026000000000000002,B3
lora8,5,Cho2017,48,0.642,0.662,-0.01999999999999996,0.01399999999999996,B3
lora8,5,Cho2017,49,1.0,0.994,0.006,0.0,B3
lora8,5,Cho2017,50,0.998,0.95,0.04799999999999998,0.049999999999999975,B3
lora8,5,Cho2017,51,0.62,0.56,0.05999999999999994,0.04000000000000002,B3
lora8,5,Cho2017,52,0.568,0.604,-0.03599999999999998,0.06599999999999998,B3
lora8,5,Dreyer2023,1,0.8733333333333333,0.8850000000000001,-0.011666666666666738,0.01999999999999994,B3
lora8,5,Dreyer2023,2,0.6716666666666666,0.6833333333333333,-0.01166666666666666,0.009999999999999978,B3
lora8,5,Dreyer2023,3,0.7266666666666667,0.8183333333333334,-0.09166666666666665,-0.003333333333333341,B3
lora8,5,Dreyer2023,5,0.82,0.8766666666666667,-0.05666666666666668,0.02333333333333328,B3
lora8,5,Dreyer2023,6,0.8233333333333335,0.7716666666666667,0.05166666666666664,0.041666666666666644,B3
lora8,5,Dreyer2023,7,0.97,0.9766666666666666,-0.00666666666666664,-0.001666666666666638,B3
lora8,5,Dreyer2023,8,0.835,0.8266666666666665,0.008333333333333338,0.02666666666666666,B3
lora8,5,Dreyer2023,10,0.8633333333333333,0.9116666666666667,-0.04833333333333332,0.005,B3
lora8,5,Dreyer2023,11,0.5933333333333334,0.6316666666666666,-0.03833333333333328,0.09666666666666662,B3
lora8,5,Dreyer2023,12,0.885,0.8949999999999999,-0.009999999999999998,0.03166666666666662,B3
lora8,5,Dreyer2023,13,0.7416666666666667,0.7566666666666666,-0.01499999999999998,0.0016666666666666399,B3
lora8,5,Dreyer2023,14,0.6733333333333333,0.6916666666666667,-0.018333333333333302,0.07333333333333326,B3
lora8,5,Dreyer2023,15,0.9266666666666665,0.9266666666666665,2.0122792321330962e-17,-0.011666666666666638,B3
lora8,5,Dreyer2023,16,0.825,0.8266666666666668,-0.0016666666666666995,0.023333333333333303,B3
lora8,5,Dreyer2023,18,0.9333333333333333,0.9066666666666666,0.026666666666666637,0.04833333333333324,B3
lora8,5,Dreyer2023,19,0.9116666666666665,0.8949999999999999,0.01666666666666662,0.04999999999999992,B3
lora8,5,Dreyer2023,20,0.9199999999999999,0.8966666666666667,0.02333333333333332,0.013333333333333319,B3
lora8,5,Dreyer2023,21,0.8966666666666667,0.9116666666666665,-0.014999999999999961,0.021666666666666685,B3
lora8,5,Dreyer2023,22,0.8300000000000001,0.9283333333333333,-0.0983333333333333,0.006666666666666659,B3
lora8,5,Dreyer2023,23,0.7333333333333333,0.7366666666666667,-0.0033333333333333583,0.06166666666666663,B3
lora8,5,Dreyer2023,24,0.915,0.9399999999999998,-0.025000000000000022,0.01499999999999994,B3
lora8,5,Dreyer2023,25,0.6883333333333334,0.67,0.01833333333333332,0.059999999999999984,B3
lora8,5,Dreyer2023,26,0.795,0.7783333333333333,0.016666666666666618,0.06999999999999997,B3
lora8,5,Dreyer2023,27,0.8,0.8066666666666666,-0.006666666666666679,0.0266666666666666,B3
lora8,5,Dreyer2023,28,0.8216666666666667,0.7716666666666667,0.049999999999999954,0.04000000000000004,B3
lora8,5,Dreyer2023,30,0.725,0.7116666666666667,0.013333333333333319,0.08666666666666659,B3
lora8,5,Dreyer2023,31,0.8150000000000001,0.8733333333333333,-0.05833333333333333,0.02999999999999998,B3
lora8,5,Dreyer2023,32,0.86,0.845,0.014999999999999958,0.06666666666666658,B3
lora8,5,Dreyer2023,33,0.7350000000000001,0.795,-0.05999999999999994,0.0016666666666666178,B3
lora8,5,Dreyer2023,34,0.8116666666666668,0.7933333333333333,0.0183333333333333,0.06499999999999996,B3
lora8,5,Dreyer2023,35,0.74,0.7499999999999999,-0.009999999999999943,0.03333333333333334,B3
lora8,5,Dreyer2023,36,0.7483333333333333,0.7983333333333332,-0.04999999999999994,0.013333333333333319,B3
lora8,5,Dreyer2023,37,0.7116666666666667,0.735,-0.0233333333333333,0.026666666666666637,B3
lora8,5,Dreyer2023,38,0.8166666666666667,0.8533333333333333,-0.03666666666666666,0.04999999999999996,B3
lora8,5,Dreyer2023,39,0.9266666666666665,0.9183333333333333,0.00833333333333334,0.03666666666666662,B3
lora8,5,Dreyer2023,40,0.8655172413793103,0.8534482758620691,0.01206896551724136,0.01379310344827584,B3
lora8,5,Dreyer2023,42,0.7350000000000001,0.74,-0.004999999999999979,0.09166666666666659,B3
lora8,5,Dreyer2023,43,0.8949999999999999,0.8816666666666666,0.013333333333333322,0.0133333333333333,B3
lora8,5,Dreyer2023,44,0.6883333333333332,0.6466666666666667,0.041666666666666644,0.008333333333333321,B3
lora8,5,Dreyer2023,45,0.8,0.7466666666666667,0.053333333333333344,0.06833333333333332,B3
lora8,5,Dreyer2023,46,0.7433333333333334,0.7366666666666667,0.0066666666666666385,-0.023333333333333338,B3
lora8,5,Dreyer2023,47,0.8833333333333334,0.8949999999999999,-0.01166666666666664,0.02166666666666662,B3
lora8,5,Dreyer2023,48,0.6833333333333333,0.6683333333333333,0.015000000000000003,0.010000000000000002,B3
lora8,5,Dreyer2023,49,0.8099999999999999,0.7833333333333333,0.026666666666666682,0.04833333333333332,B3
lora8,5,Dreyer2023,50,0.6283333333333333,0.6166666666666666,0.011666666666666681,0.005,B3
lora8,5,Dreyer2023,51,0.7683333333333333,0.7466666666666667,0.021666666666666678,0.03666666666666664,B3
lora8,5,Dreyer2023,52,0.7916666666666666,0.7966666666666666,-0.00500000000000002,0.008333333333333337,B3
lora8,5,Dreyer2023,53,0.8133333333333332,0.7866666666666667,0.026666666666666637,0.04333333333333328,B3
lora8,5,Dreyer2023,54,0.7266666666666667,0.7016666666666667,0.025,0.03333333333333332,B3
lora8,5,Dreyer2023,55,0.9216666666666666,0.9366666666666668,-0.015000000000000003,0.00333333333333332,B3
lora8,5,Dreyer2023,56,0.8866666666666667,0.9200000000000002,-0.03333333333333332,0.07166666666666663,B3
lora8,5,Dreyer2023,57,0.6716666666666666,0.635,0.03666666666666666,0.02999999999999996,B3
lora8,5,Dreyer2023,58,0.9166666666666666,0.9233333333333332,-0.006666666666666658,0.023333333333333362,B3
lora8,5,Dreyer2023,59,0.85,0.78,0.06999999999999992,0.04,B3
lora8,5,Dreyer2023,60,0.8366666666666667,0.8066666666666666,0.02999999999999996,0.06999999999999998,B3
lora8,5,Dreyer2023,61,0.85,0.8633333333333333,-0.013333333333333341,0.029999999999999936,B3
lora8,5,Dreyer2023,62,0.7216666666666667,0.7416666666666667,-0.019999999999999997,0.08833333333333328,B3
lora8,5,Dreyer2023,63,0.8283333333333334,0.8133333333333332,0.014999999999999977,0.036666666666666604,B3
lora8,5,Dreyer2023,64,0.7933333333333333,0.765,0.02833333333333332,0.08999999999999998,B3
lora8,5,Dreyer2023,65,0.8133333333333332,0.835,-0.02166666666666666,0.041666666666666616,B3
lora8,5,Dreyer2023,66,0.7633333333333334,0.7583333333333334,0.005,-0.02499999999999998,B3
lora8,5,Dreyer2023,67,0.7833333333333333,0.7916666666666666,-0.008333333333333321,0.02833333333333332,B3
lora8,5,Dreyer2023,68,0.7233333333333334,0.7383333333333334,-0.015000000000000019,0.02999999999999996,B3
lora8,5,Dreyer2023,69,0.8433333333333334,0.8516666666666666,-0.00833333333333334,0.011666666666666641,B3
lora8,5,Dreyer2023,70,0.6566666666666666,0.6716666666666666,-0.01500000000000006,0.01333333333333328,B3
lora8,5,Dreyer2023,71,0.8483333333333334,0.8550000000000001,-0.00666666666666668,0.006666666666666621,B3
lora8,5,Dreyer2023,72,0.8283333333333334,0.8099999999999999,0.01833333333333332,0.0966666666666666,B3
lora8,5,Dreyer2023,73,0.8066666666666666,0.7466666666666667,0.05999999999999992,0.1066666666666666,B3
lora8,5,Dreyer2023,74,0.77,0.735,0.03499999999999998,0.04833333333333332,B3
lora8,5,Dreyer2023,75,0.7766666666666666,0.7583333333333334,0.018333333333333302,0.05833333333333326,B3
lora8,5,Dreyer2023,76,0.8516666666666668,0.8216666666666667,0.03,0.09499999999999999,B3
lora8,5,Dreyer2023,77,0.8183333333333334,0.8233333333333333,-0.005000000000000002,0.011666666666666681,B3
lora8,5,Dreyer2023,80,0.6916666666666667,0.7116666666666667,-0.019999999999999997,0.06833333333333327,B3
lora8,5,Dreyer2023,81,0.8116666666666668,0.8299999999999998,-0.018333333333333302,2.0816681711721685e-17,B3
lora8,5,Dreyer2023,82,0.78,0.795,-0.01499999999999998,0.0983333333333333,B3
lora8,5,Dreyer2023,83,0.6766666666666666,0.6883333333333334,-0.01166666666666666,0.05999999999999994,B3
lora8,5,Dreyer2023,84,0.8233333333333333,0.8333333333333334,-0.01,0.02833333333333332,B3
lora8,5,Dreyer2023,85,0.7466666666666667,0.735,0.011666666666666638,0.041666666666666595,B3
lora8,5,Dreyer2023,86,0.7983333333333333,0.8383333333333333,-0.03999999999999994,-0.02499999999999996,B3
lora8,5,Dreyer2023,87,0.7633333333333333,0.7833333333333334,-0.02000000000000002,0.03499999999999994,B3
lora8,5,PhysionetMI,1,0.8416666666666666,0.8356060606060606,0.006060606060606022,-0.025000000000000022,B3
lora8,5,PhysionetMI,2,0.9023076923076923,0.8946153846153846,0.00769230769230766,0.03230769230769228,B3
lora8,5,PhysionetMI,3,0.9393939393939394,0.9484848484848485,-0.00909090909090908,-0.0015151515151514583,B3
lora8,5,PhysionetMI,4,0.9484848484848485,0.9196969696969697,0.028787878787878717,0.0007575757575757596,B3
lora8,5,PhysionetMI,5,0.7159090909090909,0.7204545454545455,-0.0045454545454545,-0.02424242424242424,B3
lora8,5,PhysionetMI,6,0.8795454545454546,0.8825757575757576,-0.0030303030303030203,0.021212121212121217,B3
lora8,5,PhysionetMI,7,0.9818181818181818,0.9825757575757577,-0.0007575757575757201,0.0007575757575757402,B3
lora8,5,PhysionetMI,8,0.8515151515151516,0.8325757575757574,0.018939393939394,0.0871212121212122,B3
lora8,5,PhysionetMI,9,0.9161538461538463,0.9076923076923077,0.00846153846153846,0.006153846153846158,B3
lora8,5,PhysionetMI,10,0.7407692307692308,0.7276923076923077,0.01307692307692308,-0.0276923076923077,B3
lora8,5,PhysionetMI,11,0.7068181818181818,0.725,-0.01818181818181816,-0.05,B3
lora8,5,PhysionetMI,12,0.8393939393939395,0.8643939393939395,-0.02499999999999998,0.015151515151515142,B3
lora8,5,PhysionetMI,13,0.8030303030303031,0.803030303030303,3.8857805861880476e-17,0.015151515151515183,B3
lora8,5,PhysionetMI,14,0.7886363636363637,0.7734848484848486,0.01515151515151518,0.10681818181818178,B3
lora8,5,PhysionetMI,15,0.99,0.9284615384615386,0.061538461538461486,0.061538461538461486,B3
lora8,5,PhysionetMI,16,0.6257575757575757,0.6053030303030302,0.020454545454545538,-0.017424242424242363,B3
lora8,5,PhysionetMI,17,0.8787878787878787,0.803030303030303,0.07575757575757577,0.10000000000000005,B3
lora8,5,PhysionetMI,18,1.0,1.0,0.0,-0.00909090909090908,B3
lora8,5,PhysionetMI,19,0.9030303030303031,0.9106060606060605,-0.0075757575757575595,-0.041666666666666685,B3
lora8,5,PhysionetMI,20,0.9333333333333333,0.9045454545454547,0.02878787878787874,0.03560606060606058,B3
lora8,5,PhysionetMI,21,0.728030303030303,0.759090909090909,-0.031060606060606,0.05984848484848489,B3
lora8,5,PhysionetMI,22,0.9636363636363636,0.9636363636363636,0.0,-0.00909090909090908,B3
lora8,5,PhysionetMI,23,0.8138461538461538,0.7838461538461539,0.02999999999999998,0.014615384615384561,B3
lora8,5,PhysionetMI,24,0.7931818181818182,0.7863636363636364,0.0068181818181818205,-0.045454545454545456,B3
lora8,5,PhysionetMI,25,0.6060606060606061,0.5954545454545455,0.01060606060606064,-0.03181818181818176,B3
lora8,5,PhysionetMI,26,0.6061538461538462,0.6407692307692308,-0.03461538461538458,-0.09692307692307692,B3
lora8,5,PhysionetMI,27,0.8431818181818181,0.8696969696969697,-0.02651515151515152,0.0015151515151515208,B3
lora8,5,PhysionetMI,28,0.7977272727272726,0.7984848484848485,-0.0007575757575757792,0.02575757575757574,B3
lora8,5,PhysionetMI,29,0.7856060606060605,0.7386363636363636,0.04696969696969694,0.15378787878787878,B3
lora8,5,PhysionetMI,30,0.9045454545454545,0.8583333333333334,0.04621212121212118,0.03333333333333334,B3
lora8,5,PhysionetMI,31,0.746969696969697,0.7416666666666667,0.005303030303030279,0.0007575757575757014,B3
lora8,5,PhysionetMI,32,0.936923076923077,0.9323076923076924,0.004615384615384621,0.01999999999999998,B3
lora8,5,PhysionetMI,33,0.9454545454545455,0.9295454545454545,0.01590909090909092,0.0015151515151515,B3
lora8,5,PhysionetMI,34,0.8684615384615386,0.8215384615384614,0.04692307692307692,0.029230769230769182,B3
lora8,5,PhysionetMI,35,0.8318181818181818,0.8143939393939394,0.01742424242424242,-0.0015151515151514802,B3
lora8,5,PhysionetMI,36,0.8856060606060607,0.9113636363636364,-0.0257575757575757,0.0037878787878787594,B3
lora8,5,PhysionetMI,37,0.718939393939394,0.6795454545454545,0.039393939393939384,0.08939393939393939,B3
lora8,5,PhysionetMI,38,0.478030303030303,0.49469696969696975,-0.01666666666666668,0.03863636363636362,B3
lora8,5,PhysionetMI,39,0.7780303030303031,0.7454545454545455,0.03257575757575758,0.00833333333333334,B3
lora8,5,PhysionetMI,40,0.95,0.9818181818181818,-0.031818181818181815,0.00909090909090908,B3
lora8,5,PhysionetMI,41,0.9215384615384616,0.9692307692307693,-0.04769230769230766,-0.045384615384615315,B3
lora8,5,PhysionetMI,42,0.8893939393939394,0.8916666666666668,-0.0022727272727272986,-0.020454545454545458,B3
lora8,5,PhysionetMI,43,0.8295454545454545,0.8212121212121211,0.008333333333333321,0.02500000000000004,B3
lora8,5,PhysionetMI,44,0.8606060606060606,0.8606060606060606,0.0,0.007575757575757599,B3
lora8,5,PhysionetMI,45,0.7969696969696969,0.7984848484848485,-0.00151515151515154,0.0068181818181818205,B3
lora8,5,PhysionetMI,46,0.7636363636363637,0.7424242424242424,0.02121212121212122,-0.0416666666666667,B3
lora8,5,PhysionetMI,47,0.7772727272727273,0.7348484848484849,0.0424242424242424,0.014393939393939379,B3
lora8,5,PhysionetMI,48,0.9818181818181818,0.990909090909091,-0.00909090909090908,0.0,B3
lora8,5,PhysionetMI,49,0.7477272727272728,0.7628787878787879,-0.015151515151515138,0.011363636363636279,B3
lora8,5,PhysionetMI,50,0.8356060606060607,0.7803030303030303,0.0553030303030303,0.10227272727272722,B3
lora8,5,PhysionetMI,51,0.8742424242424243,0.8242424242424242,0.05,0.05909090909090908,B3
lora8,5,PhysionetMI,52,0.883846153846154,0.8661538461538463,0.01769230769230766,-0.03230769230769228,B3
lora8,5,PhysionetMI,53,0.8734848484848484,0.9015151515151516,-0.028030303030303,0.081060606060606,B3
lora8,5,PhysionetMI,54,0.8712121212121213,0.8909090909090909,-0.019696969696969678,0.02348484848484854,B3
lora8,5,PhysionetMI,55,0.8696969696969697,0.8462121212121213,0.02348484848484848,0.0439393939393939,B3
lora8,5,PhysionetMI,56,0.8446969696969697,0.8356060606060606,0.009090909090909061,-0.00227272727272724,B3
lora8,5,PhysionetMI,57,0.9568181818181817,0.949242424242424,0.00757575757575762,0.00909090909090908,B3
lora8,5,PhysionetMI,58,0.8461538461538461,0.8161538461538462,0.02999999999999996,0.0376923076923076,B3
lora8,5,PhysionetMI,59,0.6515151515151516,0.6659090909090909,-0.01439393939393932,0.09545454545454543,B3
lora8,5,PhysionetMI,60,0.8015384615384615,0.8884615384615385,-0.08692307692307691,0.03538461538461536,B3
lora8,5,PhysionetMI,61,0.9545454545454547,0.9545454545454547,0.0,0.0,B3
lora8,5,PhysionetMI,62,0.9499999999999998,0.9583333333333333,-0.00833333333333334,0.0083333333333333,B3
lora8,5,PhysionetMI,63,0.7840909090909091,0.7287878787878788,0.05530303030303028,0.06515151515151511,B3
lora8,5,PhysionetMI,64,0.7462121212121213,0.7621212121212122,-0.0159090909090909,0.024999999999999942,B3
lora8,5,PhysionetMI,65,0.940909090909091,0.9242424242424242,0.01666666666666668,-0.02045454545454544,B3
lora8,5,PhysionetMI,66,0.7787878787878788,0.7704545454545455,0.00833333333333334,-0.021212121212121217,B3
lora8,5,PhysionetMI,67,0.8068181818181819,0.7916666666666666,0.01515151515151516,0.0484848484848485,B3
lora8,5,PhysionetMI,68,0.696969696969697,0.6727272727272727,0.0242424242424242,0.04318181818181816,B3
lora8,5,PhysionetMI,69,0.8623076923076922,0.8284615384615386,0.033846153846153776,0.04999999999999996,B3
lora8,5,PhysionetMI,70,0.9833333333333332,0.9659090909090908,0.01742424242424242,-0.00757575757575758,B3
lora8,5,PhysionetMI,71,0.9128787878787878,0.9143939393939393,-0.0015151515151514792,0.026515151515151502,B3
lora8,5,PhysionetMI,72,0.9916666666666666,1.0,-0.00833333333333334,-0.00909090909090908,B3
lora8,5,PhysionetMI,73,0.7772727272727273,0.7568181818181818,0.02045454545454544,0.05606060606060598,B3
lora8,5,PhysionetMI,74,0.7628787878787879,0.7575757575757576,0.005303030303030278,-0.014393939393939436,B3
lora8,5,PhysionetMI,75,0.6977272727272728,0.6606060606060606,0.03712121212121204,0.04621212121212116,B3
lora8,5,PhysionetMI,76,0.5098484848484848,0.5515151515151515,-0.041666666666666664,-0.055303030303030284,B3
lora8,5,PhysionetMI,77,0.6151515151515151,0.6037878787878788,0.011363636363636359,0.03787878787878788,B3
lora8,5,PhysionetMI,78,0.5333333333333334,0.5621212121212121,-0.028787878787878786,-0.06363636363636363,B3
lora8,5,PhysionetMI,79,0.7431818181818182,0.7515151515151516,-0.008333333333333321,-0.03636363636363634,B3
lora8,5,PhysionetMI,80,0.8423076923076923,0.7907692307692308,0.05153846153846155,0.06076923076923069,B3
lora8,5,PhysionetMI,81,0.8803030303030303,0.8704545454545455,0.009848484848484839,-0.00606060606060606,B3
lora8,5,PhysionetMI,82,0.8946969696969698,0.8113636363636363,0.0833333333333333,0.07424242424242422,B3
lora8,5,PhysionetMI,83,0.7761538461538462,0.7215384615384616,0.05461538461538462,0.006923076923076902,B3
lora8,5,PhysionetMI,84,0.8712121212121213,0.8825757575757576,-0.01136363636363636,-0.047727272727272715,B3
lora8,5,PhysionetMI,85,0.8166666666666667,0.8878787878787879,-0.07121212121212121,0.06136363636363629,B3
lora8,5,PhysionetMI,86,0.9923076923076923,0.9846153846153847,0.007692307692307681,0.015384615384615361,B3
lora8,5,PhysionetMI,87,0.5969696969696969,0.6386363636363636,-0.041666666666666644,-0.12121212121212108,B3
lora8,5,PhysionetMI,90,0.8636363636363636,0.8727272727272727,-0.0090909090909091,-0.00530303030303036,B3
lora8,5,PhysionetMI,91,0.9499999999999998,0.9166666666666666,0.033333333333333284,-0.06742424242424239,B3
lora8,5,PhysionetMI,93,0.771969696969697,0.7886363636363637,-0.01666666666666666,0.03560606060606062,B3
lora8,5,PhysionetMI,94,0.7886363636363637,0.7954545454545455,-0.0068181818181818205,0.04999999999999996,B3
lora8,5,PhysionetMI,95,0.6107692307692307,0.6515384615384615,-0.04076923076923078,0.0215384615384615,B3
lora8,5,PhysionetMI,96,0.8666666666666666,0.8583333333333332,0.00833333333333334,-0.00833333333333334,B3
lora8,5,PhysionetMI,97,0.8151515151515152,0.7696969696969697,0.0454545454545455,0.12803030303030305,B3
lora8,5,PhysionetMI,98,0.4909090909090909,0.4621212121212121,0.0287878787878788,0.02499999999999994,B3
lora8,5,PhysionetMI,99,0.6151515151515151,0.6151515151515151,1.968911145233676e-17,-0.04772727272727272,B3
lora8,5,PhysionetMI,101,0.9292307692307693,0.8976923076923077,0.0315384615384615,0.0615384615384615,B3
lora8,5,PhysionetMI,102,0.8098484848484849,0.7416666666666667,0.06818181818181815,0.08484848484848481,B3
lora8,5,PhysionetMI,103,0.8431818181818181,0.8575757575757577,-0.014393939393939459,-0.08560606060606057,B3
lora8,5,PhysionetMI,105,0.9242424242424242,0.9068181818181819,0.01742424242424242,0.051515151515151424,B3
lora8,5,PhysionetMI,107,0.5803030303030303,0.5553030303030303,0.02499999999999996,-0.0204545454545454,B3
lora8,5,PhysionetMI,108,0.8287878787878787,0.8537878787878788,-0.02499999999999998,-0.01818181818181814,B3
lora8,5,PhysionetMI,109,0.7015151515151514,0.6537878787878788,0.04772727272727269,0.03712121212121206,B3
lora8,10,Cho2017,1,0.662,0.642,0.02,0.08799999999999997,B3
lora8,10,Cho2017,2,0.52,0.524,-0.004000000000000041,-0.01,B3
lora8,10,Cho2017,3,0.8119999999999999,0.6719999999999999,0.13999999999999996,0.19,B3
lora8,10,Cho2017,4,0.696,0.64,0.05599999999999994,0.061999999999999944,B3
lora8,10,Cho2017,5,0.992,1.0,-0.008,-0.008,B3
lora8,10,Cho2017,6,0.8019999999999999,0.8140000000000001,-0.01199999999999998,0.014000000000000002,B3
lora8,10,Cho2017,7,0.5083333333333333,0.5033333333333333,0.00500000000000002,0.023333333333333338,B3
lora8,10,Cho2017,8,0.55,0.54,0.010000000000000042,-0.009999999999999959,B3
lora8,10,Cho2017,9,0.5833333333333333,0.5433333333333333,0.03999999999999998,0.04666666666666668,B3
lora8,10,Cho2017,10,0.54,0.5820000000000001,-0.04199999999999994,0.024,B3
lora8,10,Cho2017,11,0.576,0.604,-0.02799999999999996,-0.004000000000000023,B3
lora8,10,Cho2017,12,0.552,0.514,0.038,0.178,B3
lora8,10,Cho2017,13,0.8699999999999999,0.8460000000000001,0.024,0.12799999999999995,B3
lora8,10,Cho2017,14,0.834,0.7220000000000001,0.11199999999999996,0.15999999999999998,B3
lora8,10,Cho2017,15,0.52,0.52,-6.938893903907229e-19,0.13199999999999995,B3
lora8,10,Cho2017,16,0.6140000000000001,0.626,-0.01199999999999998,0.025999999999999978,B3
lora8,10,Cho2017,17,0.548,0.55,-0.0020000000000000005,0.03799999999999998,B3
lora8,10,Cho2017,18,0.61,0.6140000000000001,-0.00400000000000002,0.05199999999999992,B3
lora8,10,Cho2017,19,0.518,0.522,-0.004000000000000001,0.02199999999999998,B3
lora8,10,Cho2017,20,0.6,0.5660000000000001,0.03399999999999994,0.10199999999999994,B3
lora8,10,Cho2017,21,0.5860000000000001,0.546,0.03999999999999996,0.10399999999999991,B3
lora8,10,Cho2017,22,0.606,0.592,0.013999999999999919,0.03999999999999994,B3
lora8,10,Cho2017,23,0.558,0.562,-0.003999999999999981,0.05599999999999994,B3
lora8,10,Cho2017,24,0.568,0.49399999999999994,0.074,0.10600000000000001,B3
lora8,10,Cho2017,25,0.588,0.554,0.03399999999999992,0.03600000000000002,B3
lora8,10,Cho2017,26,0.998,0.99,0.008,0.008,B3
lora8,10,Cho2017,27,0.528,0.5660000000000001,-0.038000000000000006,-0.03199999999999999,B3
lora8,10,Cho2017,28,0.704,0.5820000000000001,0.12199999999999996,0.22999999999999993,B3
lora8,10,Cho2017,29,0.488,0.502,-0.014000000000000018,0.012,B3
lora8,10,Cho2017,30,0.62,0.638,-0.017999999999999978,0.074,B3
lora8,10,Cho2017,31,0.546,0.548,-0.001999999999999999,0.09999999999999995,B3
lora8,10,Cho2017,32,0.518,0.534,-0.016,0.032000000000000015,B3
lora8,10,Cho2017,33,0.532,0.5860000000000001,-0.05399999999999998,-0.07399999999999993,B3
lora8,10,Cho2017,34,0.5900000000000001,0.548,0.04199999999999996,0.01,B3
lora8,10,Cho2017,35,0.404,0.396,0.007999999999999998,0.446,B3
lora8,10,Cho2017,36,0.528,0.534,-0.006,0.03999999999999996,B3
lora8,10,Cho2017,37,0.8480000000000001,0.874,-0.025999999999999978,0.0019999999999999996,B3
lora8,10,Cho2017,38,0.596,0.5780000000000001,0.017999999999999957,0.03199999999999999,B3
lora8,10,Cho2017,39,0.542,0.528,0.014000000000000002,0.028000000000000025,B3
lora8,10,Cho2017,40,0.5,0.528,-0.02799999999999998,0.004000000000000021,B3
lora8,10,Cho2017,41,0.5820000000000001,0.616,-0.03399999999999996,0.07799999999999993,B3
lora8,10,Cho2017,42,0.558,0.542,0.015999999999999962,-0.013999999999999999,B3
lora8,10,Cho2017,43,1.0,1.0,0.0,0.0,B3
lora8,10,Cho2017,44,0.952,0.9359999999999999,0.016,0.022,B3
lora8,10,Cho2017,45,0.522,0.538,-0.01600000000000002,-0.006000000000000022,B3
lora8,10,Cho2017,46,0.5833333333333334,0.5483333333333333,0.034999999999999976,0.12666666666666662,B3
lora8,10,Cho2017,47,0.8560000000000001,0.8380000000000001,0.018,0.026000000000000002,B3
lora8,10,Cho2017,48,0.642,0.662,-0.02,0.01399999999999996,B3
lora8,10,Cho2017,49,0.9960000000000001,0.994,0.002,0.0,B3
lora8,10,Cho2017,50,0.9960000000000001,0.95,0.04599999999999998,0.049999999999999975,B3
lora8,10,Cho2017,51,0.6,0.56,0.03999999999999994,0.04000000000000002,B3
lora8,10,Cho2017,52,0.63,0.604,0.02599999999999996,0.06599999999999998,B3
lora8,10,Dreyer2023,1,0.8916666666666666,0.8850000000000001,0.006666666666666621,0.01999999999999994,B3
lora8,10,Dreyer2023,2,0.6816666666666666,0.6833333333333333,-0.00166666666666666,0.009999999999999978,B3
lora8,10,Dreyer2023,3,0.8116666666666668,0.8183333333333334,-0.006666666666666682,-0.003333333333333341,B3
lora8,10,Dreyer2023,5,0.8666666666666668,0.8766666666666667,-0.01000000000000002,0.02333333333333328,B3
lora8,10,Dreyer2023,6,0.7716666666666667,0.7716666666666667,-1.6653345369377347e-17,0.041666666666666644,B3
lora8,10,Dreyer2023,7,0.9666666666666666,0.9766666666666666,-0.009999999999999959,-0.001666666666666638,B3
lora8,10,Dreyer2023,8,0.845,0.8266666666666665,0.01833333333333334,0.02666666666666666,B3
lora8,10,Dreyer2023,10,0.8933333333333333,0.9116666666666667,-0.01833333333333334,0.005,B3
lora8,10,Dreyer2023,11,0.6533333333333333,0.6316666666666666,0.02166666666666664,0.09666666666666662,B3
lora8,10,Dreyer2023,12,0.8933333333333333,0.8949999999999999,-0.0016666666666666802,0.03166666666666662,B3
lora8,10,Dreyer2023,13,0.7416666666666666,0.7566666666666666,-0.015,0.0016666666666666399,B3
lora8,10,Dreyer2023,14,0.6983333333333334,0.6916666666666667,0.0066666666666667,0.07333333333333326,B3
lora8,10,Dreyer2023,15,0.9266666666666665,0.9266666666666665,-1.9428902930940238e-17,-0.011666666666666638,B3
lora8,10,Dreyer2023,16,0.8316666666666667,0.8266666666666668,0.004999999999999999,0.023333333333333303,B3
lora8,10,Dreyer2023,18,0.9316666666666666,0.9066666666666666,0.02499999999999994,0.04833333333333324,B3
lora8,10,Dreyer2023,19,0.9133333333333333,0.8949999999999999,0.018333333333333278,0.04999999999999992,B3
lora8,10,Dreyer2023,20,0.9183333333333332,0.8966666666666667,0.021666666666666622,0.013333333333333319,B3
lora8,10,Dreyer2023,21,0.9433333333333334,0.9116666666666665,0.03166666666666664,0.021666666666666685,B3
lora8,10,Dreyer2023,22,0.7933333333333333,0.9283333333333333,-0.13499999999999998,0.006666666666666659,B3
lora8,10,Dreyer2023,23,0.7783333333333333,0.7366666666666667,0.041666666666666616,0.06166666666666663,B3
lora8,10,Dreyer2023,24,0.9233333333333335,0.9399999999999998,-0.016666666666666663,0.01499999999999994,B3
lora8,10,Dreyer2023,25,0.665,0.67,-0.00500000000000002,0.059999999999999984,B3
lora8,10,Dreyer2023,26,0.7933333333333333,0.7783333333333333,0.014999999999999954,0.06999999999999997,B3
lora8,10,Dreyer2023,27,0.8083333333333333,0.8066666666666666,0.0016666666666666596,0.0266666666666666,B3
lora8,10,Dreyer2023,28,0.775,0.7716666666666667,0.0033333333333333604,0.04000000000000004,B3
lora8,10,Dreyer2023,30,0.7183333333333334,0.7116666666666667,0.00666666666666664,0.08666666666666659,B3
lora8,10,Dreyer2023,31,0.8666666666666666,0.8733333333333333,-0.006666666666666663,0.02999999999999998,B3
lora8,10,Dreyer2023,32,0.8583333333333334,0.845,0.013333333333333319,0.06666666666666658,B3
lora8,10,Dreyer2023,33,0.7616666666666667,0.795,-0.03333333333333332,0.0016666666666666178,B3
lora8,10,Dreyer2023,34,0.8283333333333334,0.7933333333333333,0.03499999999999992,0.06499999999999996,B3
lora8,10,Dreyer2023,35,0.7566666666666666,0.7499999999999999,0.006666666666666701,0.03333333333333334,B3
lora8,10,Dreyer2023,36,0.7766666666666666,0.7983333333333332,-0.02166666666666666,0.013333333333333319,B3
lora8,10,Dreyer2023,37,0.72,0.735,-0.014999999999999958,0.026666666666666637,B3
lora8,10,Dreyer2023,38,0.8083333333333333,0.8533333333333333,-0.044999999999999984,0.04999999999999996,B3
lora8,10,Dreyer2023,39,0.93,0.9183333333333333,0.01166666666666672,0.03666666666666662,B3
lora8,10,Dreyer2023,40,0.8672413793103448,0.8534482758620691,0.01379310344827584,0.01379310344827584,B3
lora8,10,Dreyer2023,42,0.7583333333333333,0.74,0.018333333333333257,0.09166666666666659,B3
lora8,10,Dreyer2023,43,0.8916666666666666,0.8816666666666666,0.009999999999999959,0.0133333333333333,B3
lora8,10,Dreyer2023,44,0.6699999999999999,0.6466666666666667,0.0233333333333333,0.008333333333333321,B3
lora8,10,Dreyer2023,45,0.8150000000000001,0.7466666666666667,0.0683333333333333,0.06833333333333332,B3
lora8,10,Dreyer2023,46,0.72,0.7366666666666667,-0.01666666666666666,-0.023333333333333338,B3
lora8,10,Dreyer2023,47,0.8966666666666667,0.8949999999999999,0.0016666666666666607,0.02166666666666662,B3
lora8,10,Dreyer2023,48,0.67,0.6683333333333333,0.0016666666666666809,0.010000000000000002,B3
lora8,10,Dreyer2023,49,0.775,0.7833333333333333,-0.00833333333333334,0.04833333333333332,B3
lora8,10,Dreyer2023,50,0.6283333333333333,0.6166666666666666,0.01166666666666664,0.005,B3
lora8,10,Dreyer2023,51,0.7533333333333333,0.7466666666666667,0.0066666666666666385,0.03666666666666664,B3
lora8,10,Dreyer2023,52,0.78,0.7966666666666666,-0.016666666666666684,0.008333333333333337,B3
lora8,10,Dreyer2023,53,0.7666666666666666,0.7866666666666667,-0.02,0.04333333333333328,B3
lora8,10,Dreyer2023,54,0.7183333333333334,0.7016666666666667,0.01666666666666668,0.03333333333333332,B3
lora8,10,Dreyer2023,55,0.9166666666666666,0.9366666666666668,-0.02,0.00333333333333332,B3
lora8,10,Dreyer2023,56,0.8316666666666667,0.9200000000000002,-0.08833333333333329,0.07166666666666663,B3
lora8,10,Dreyer2023,57,0.6833333333333333,0.635,0.04833333333333334,0.02999999999999996,B3
lora8,10,Dreyer2023,58,0.9233333333333332,0.9233333333333332,-6.938893903907229e-19,0.023333333333333362,B3
lora8,10,Dreyer2023,59,0.75,0.78,-0.02999999999999998,0.04,B3
lora8,10,Dreyer2023,60,0.8233333333333333,0.8066666666666666,0.01666666666666668,0.06999999999999998,B3
lora8,10,Dreyer2023,61,0.86,0.8633333333333333,-0.003333333333333341,0.029999999999999936,B3
lora8,10,Dreyer2023,62,0.7383333333333334,0.7416666666666667,-0.00333333333333332,0.08833333333333328,B3
lora8,10,Dreyer2023,63,0.8066666666666666,0.8133333333333332,-0.006666666666666659,0.036666666666666604,B3
lora8,10,Dreyer2023,64,0.795,0.765,0.02999999999999998,0.08999999999999998,B3
lora8,10,Dreyer2023,65,0.845,0.835,0.01,0.041666666666666616,B3
lora8,10,Dreyer2023,66,0.7283333333333333,0.7583333333333334,-0.03,-0.02499999999999998,B3
lora8,10,Dreyer2023,67,0.795,0.7916666666666666,0.0033333333333333375,0.02833333333333332,B3
lora8,10,Dreyer2023,68,0.7333333333333334,0.7383333333333334,-0.004999999999999999,0.02999999999999996,B3
lora8,10,Dreyer2023,69,0.8283333333333334,0.8516666666666666,-0.023333333333333324,0.011666666666666641,B3
lora8,10,Dreyer2023,70,0.6566666666666666,0.6716666666666666,-0.015000000000000041,0.01333333333333328,B3
lora8,10,Dreyer2023,71,0.8383333333333333,0.8550000000000001,-0.01666666666666666,0.006666666666666621,B3
lora8,10,Dreyer2023,72,0.8483333333333334,0.8099999999999999,0.03833333333333334,0.0966666666666666,B3
lora8,10,Dreyer2023,73,0.8316666666666667,0.7466666666666667,0.08499999999999994,0.1066666666666666,B3
lora8,10,Dreyer2023,74,0.73,0.735,-0.005,0.04833333333333332,B3
lora8,10,Dreyer2023,75,0.75,0.7583333333333334,-0.008333333333333318,0.05833333333333326,B3
lora8,10,Dreyer2023,76,0.8400000000000001,0.8216666666666667,0.01833333333333334,0.09499999999999999,B3
lora8,10,Dreyer2023,77,0.78,0.8233333333333333,-0.043333333333333335,0.011666666666666681,B3
lora8,10,Dreyer2023,80,0.7283333333333333,0.7116666666666667,0.016666666666666642,0.06833333333333327,B3
lora8,10,Dreyer2023,81,0.8066666666666666,0.8299999999999998,-0.023333333333333317,2.0816681711721685e-17,B3
lora8,10,Dreyer2023,82,0.79,0.795,-0.004999999999999999,0.0983333333333333,B3
lora8,10,Dreyer2023,83,0.705,0.6883333333333334,0.016666666666666642,0.05999999999999994,B3
lora8,10,Dreyer2023,84,0.825,0.8333333333333334,-0.008333333333333321,0.02833333333333332,B3
lora8,10,Dreyer2023,85,0.7300000000000001,0.735,-0.004999999999999981,0.041666666666666595,B3
lora8,10,Dreyer2023,86,0.8216666666666667,0.8383333333333333,-0.01666666666666668,-0.02499999999999996,B3
lora8,10,Dreyer2023,87,0.7233333333333334,0.7833333333333334,-0.059999999999999956,0.03499999999999994,B3
lora8,10,PhysionetMI,1,0.8515151515151516,0.8356060606060606,0.0159090909090909,-0.025000000000000022,B3
lora8,10,PhysionetMI,2,0.8869230769230769,0.8946153846153846,-0.007692307692307701,0.03230769230769228,B3
lora8,10,PhysionetMI,3,0.9393939393939394,0.9484848484848485,-0.00909090909090908,-0.0015151515151514583,B3
lora8,10,PhysionetMI,4,0.9303030303030303,0.9196969696969697,0.01060606060606058,0.0007575757575757596,B3
lora8,10,PhysionetMI,5,0.7174242424242425,0.7204545454545455,-0.003030303030303,-0.02424242424242424,B3
lora8,10,PhysionetMI,6,0.8613636363636363,0.8825757575757576,-0.02121212121212122,0.021212121212121217,B3
lora8,10,PhysionetMI,7,0.9916666666666666,0.9825757575757577,0.00909090909090908,0.0007575757575757402,B3
lora8,10,PhysionetMI,8,0.8469696969696969,0.8325757575757574,0.0143939393939394,0.0871212121212122,B3
lora8,10,PhysionetMI,9,0.9115384615384615,0.9076923076923077,0.0038461538461538993,0.006153846153846158,B3
lora8,10,PhysionetMI,10,0.7230769230769232,0.7276923076923077,-0.004615384615384581,-0.0276923076923077,B3
lora8,10,PhysionetMI,11,0.7159090909090908,0.725,-0.00909090909090908,-0.05,B3
lora8,10,PhysionetMI,12,0.831060606060606,0.8643939393939395,-0.03333333333333334,0.015151515151515142,B3
lora8,10,PhysionetMI,13,0.7833333333333334,0.803030303030303,-0.01969696969696966,0.015151515151515183,B3
lora8,10,PhysionetMI,14,0.834848484848485,0.7734848484848486,0.0613636363636363,0.10681818181818178,B3
lora8,10,PhysionetMI,15,0.9823076923076923,0.9284615384615386,0.05384615384615382,0.061538461538461486,B3
lora8,10,PhysionetMI,16,0.6431818181818182,0.6053030303030302,0.03787878787878794,-0.017424242424242363,B3
lora8,10,PhysionetMI,17,0.8795454545454545,0.803030303030303,0.07651515151515151,0.10000000000000005,B3
lora8,10,PhysionetMI,18,1.0,1.0,0.0,-0.00909090909090908,B3
lora8,10,PhysionetMI,19,0.875,0.9106060606060605,-0.03560606060606058,-0.041666666666666685,B3
lora8,10,PhysionetMI,20,0.9499999999999998,0.9045454545454547,0.04545454545454536,0.03560606060606058,B3
lora8,10,PhysionetMI,21,0.7916666666666667,0.759090909090909,0.0325757575757576,0.05984848484848489,B3
lora8,10,PhysionetMI,22,0.9636363636363636,0.9636363636363636,0.0,-0.00909090909090908,B3
lora8,10,PhysionetMI,23,0.8115384615384615,0.7838461538461539,0.027692307692307662,0.014615384615384561,B3
lora8,10,PhysionetMI,24,0.806060606060606,0.7863636363636364,0.019696969696969678,-0.045454545454545456,B3
lora8,10,PhysionetMI,25,0.5742424242424242,0.5954545454545455,-0.021212121212121182,-0.03181818181818176,B3
lora8,10,PhysionetMI,26,0.61,0.6407692307692308,-0.03076923076923076,-0.09692307692307692,B3
lora8,10,PhysionetMI,27,0.8613636363636363,0.8696969696969697,-0.00833333333333334,0.0015151515151515208,B3
lora8,10,PhysionetMI,28,0.8265151515151515,0.7984848484848485,0.028030303030303037,0.02575757575757574,B3
lora8,10,PhysionetMI,29,0.8143939393939394,0.7386363636363636,0.07575757575757576,0.15378787878787878,B3
lora8,10,PhysionetMI,30,0.8583333333333334,0.8583333333333334,0.0,0.03333333333333334,B3
lora8,10,PhysionetMI,31,0.7469696969696971,0.7416666666666667,0.005303030303030282,0.0007575757575757014,B3
lora8,10,PhysionetMI,32,0.9099999999999999,0.9323076923076924,-0.0223076923076923,0.01999999999999998,B3
lora8,10,PhysionetMI,33,0.9363636363636363,0.9295454545454545,0.00681818181818186,0.0015151515151515,B3
lora8,10,PhysionetMI,34,0.883846153846154,0.8215384615384614,0.06230769230769231,0.029230769230769182,B3
lora8,10,PhysionetMI,35,0.8325757575757576,0.8143939393939394,0.01818181818181816,-0.0015151515151514802,B3
lora8,10,PhysionetMI,36,0.8295454545454545,0.9113636363636364,-0.08181818181818182,0.0037878787878787594,B3
lora8,10,PhysionetMI,37,0.728030303030303,0.6795454545454545,0.04848484848484848,0.08939393939393939,B3
lora8,10,PhysionetMI,38,0.5015151515151515,0.49469696969696975,0.0068181818181818,0.03863636363636362,B3
lora8,10,PhysionetMI,39,0.7378787878787879,0.7454545454545455,-0.007575757575757541,0.00833333333333334,B3
lora8,10,PhysionetMI,40,0.9159090909090908,0.9818181818181818,-0.06590909090909089,0.00909090909090908,B3
lora8,10,PhysionetMI,41,0.9392307692307693,0.9692307692307693,-0.02999999999999998,-0.045384615384615315,B3
lora8,10,PhysionetMI,42,0.8780303030303029,0.8916666666666668,-0.01363636363636366,-0.020454545454545458,B3
lora8,10,PhysionetMI,43,0.8530303030303031,0.8212121212121211,0.03181818181818182,0.02500000000000004,B3
lora8,10,PhysionetMI,44,0.8598484848484848,0.8606060606060606,-0.00075757575757574,0.007575757575757599,B3
lora8,10,PhysionetMI,45,0.8378787878787879,0.7984848484848485,0.039393939393939356,0.0068181818181818205,B3
lora8,10,PhysionetMI,46,0.7492424242424243,0.7424242424242424,0.006818181818181801,-0.0416666666666667,B3
lora8,10,PhysionetMI,47,0.7992424242424242,0.7348484848484849,0.06439393939393936,0.014393939393939379,B3
lora8,10,PhysionetMI,48,0.990909090909091,0.990909090909091,0.0,0.0,B3
lora8,10,PhysionetMI,49,0.7484848484848484,0.7628787878787879,-0.01439393939393942,0.011363636363636279,B3
lora8,10,PhysionetMI,50,0.8318181818181818,0.7803030303030303,0.05151515151515146,0.10227272727272722,B3
lora8,10,PhysionetMI,51,0.8113636363636363,0.8242424242424242,-0.012878787878787882,0.05909090909090908,B3
lora8,10,PhysionetMI,52,0.8784615384615385,0.8661538461538463,0.01230769230769224,-0.03230769230769228,B3
lora8,10,PhysionetMI,53,0.9098484848484849,0.9015151515151516,0.00833333333333338,0.081060606060606,B3
lora8,10,PhysionetMI,54,0.8962121212121212,0.8909090909090909,0.00530303030303034,0.02348484848484854,B3
lora8,10,PhysionetMI,55,0.8696969696969697,0.8462121212121213,0.02348484848484848,0.0439393939393939,B3
lora8,10,PhysionetMI,56,0.8174242424242424,0.8356060606060606,-0.01818181818181816,-0.00227272727272724,B3
lora8,10,PhysionetMI,57,0.949242424242424,0.949242424242424,0.0,0.00909090909090908,B3
lora8,10,PhysionetMI,58,0.8515384615384616,0.8161538461538462,0.03538461538461535,0.0376923076923076,B3
lora8,10,PhysionetMI,59,0.7242424242424242,0.6659090909090909,0.05833333333333324,0.09545454545454543,B3
lora8,10,PhysionetMI,60,0.8684615384615384,0.8884615384615385,-0.02,0.03538461538461536,B3
lora8,10,PhysionetMI,61,0.9545454545454547,0.9545454545454547,0.0,0.0,B3
lora8,10,PhysionetMI,62,0.9583333333333333,0.9583333333333333,0.0,0.0083333333333333,B3
lora8,10,PhysionetMI,63,0.7818181818181819,0.7287878787878788,0.05303030303030298,0.06515151515151511,B3
lora8,10,PhysionetMI,64,0.7962121212121211,0.7621212121212122,0.034090909090909,0.024999999999999942,B3
lora8,10,PhysionetMI,65,0.9393939393939394,0.9242424242424242,0.01515151515151516,-0.02045454545454544,B3
lora8,10,PhysionetMI,66,0.8098484848484849,0.7704545454545455,0.03939393939393942,-0.021212121212121217,B3
lora8,10,PhysionetMI,67,0.8810606060606061,0.7916666666666666,0.08939393939393939,0.0484848484848485,B3
lora8,10,PhysionetMI,68,0.681060606060606,0.6727272727272727,0.008333333333333321,0.04318181818181816,B3
lora8,10,PhysionetMI,69,0.823076923076923,0.8284615384615386,-0.00538461538461544,0.04999999999999996,B3
lora8,10,PhysionetMI,70,0.9583333333333333,0.9659090909090908,-0.00757575757575756,-0.00757575757575758,B3
lora8,10,PhysionetMI,71,0.9234848484848485,0.9143939393939393,0.00909090909090912,0.026515151515151502,B3
lora8,10,PhysionetMI,72,0.9916666666666666,1.0,-0.00833333333333334,-0.00909090909090908,B3
lora8,10,PhysionetMI,73,0.781060606060606,0.7568181818181818,0.02424242424242422,0.05606060606060598,B3
lora8,10,PhysionetMI,74,0.7742424242424243,0.7575757575757576,0.016666666666666656,-0.014393939393939436,B3
lora8,10,PhysionetMI,75,0.7159090909090909,0.6606060606060606,0.055303030303030264,0.04621212121212116,B3
lora8,10,PhysionetMI,76,0.47272727272727266,0.5515151515151515,-0.07878787878787874,-0.055303030303030284,B3
lora8,10,PhysionetMI,77,0.6393939393939394,0.6037878787878788,0.0356060606060606,0.03787878787878788,B3
lora8,10,PhysionetMI,78,0.4901515151515151,0.5621212121212121,-0.07196969696969693,-0.06363636363636363,B3
lora8,10,PhysionetMI,79,0.7424242424242424,0.7515151515151516,-0.00909090909090908,-0.03636363636363634,B3
lora8,10,PhysionetMI,80,0.8346153846153846,0.7907692307692308,0.04384615384615384,0.06076923076923069,B3
lora8,10,PhysionetMI,81,0.8810606060606062,0.8704545454545455,0.0106060606060606,-0.00606060606060606,B3
lora8,10,PhysionetMI,82,0.8780303030303032,0.8113636363636363,0.06666666666666662,0.07424242424242422,B3
lora8,10,PhysionetMI,83,0.7115384615384616,0.7215384615384616,-0.01,0.006923076923076902,B3
lora8,10,PhysionetMI,84,0.8424242424242424,0.8825757575757576,-0.04015151515151514,-0.047727272727272715,B3
lora8,10,PhysionetMI,85,0.8833333333333334,0.8878787878787879,-0.004545454545454542,0.06136363636363629,B3
lora8,10,PhysionetMI,86,0.9923076923076923,0.9846153846153847,0.007692307692307681,0.015384615384615361,B3
lora8,10,PhysionetMI,87,0.6015151515151516,0.6386363636363636,-0.037121212121212076,-0.12121212121212108,B3
lora8,10,PhysionetMI,90,0.8734848484848484,0.8727272727272727,0.0007575757575757596,-0.00530303030303036,B3
lora8,10,PhysionetMI,91,0.9401515151515151,0.9166666666666666,0.02348484848484848,-0.06742424242424239,B3
lora8,10,PhysionetMI,93,0.796969696969697,0.7886363636363637,0.008333333333333338,0.03560606060606062,B3
lora8,10,PhysionetMI,94,0.8469696969696969,0.7954545454545455,0.05151515151515144,0.04999999999999996,B3
lora8,10,PhysionetMI,95,0.6884615384615385,0.6515384615384615,0.036923076923076906,0.0215384615384615,B3
lora8,10,PhysionetMI,96,0.8568181818181818,0.8583333333333332,-0.0015151515151514805,-0.00833333333333334,B3
lora8,10,PhysionetMI,97,0.7795454545454545,0.7696969696969697,0.00984848484848486,0.12803030303030305,B3
lora8,10,PhysionetMI,98,0.4787878787878787,0.4621212121212121,0.01666666666666666,0.02499999999999994,B3
lora8,10,PhysionetMI,99,0.6083333333333333,0.6151515151515151,-0.0068181818181818395,-0.04772727272727272,B3
lora8,10,PhysionetMI,101,0.9192307692307693,0.8976923076923077,0.02153846153846152,0.0615384615384615,B3
lora8,10,PhysionetMI,102,0.7818181818181819,0.7416666666666667,0.04015151515151512,0.08484848484848481,B3
lora8,10,PhysionetMI,103,0.8068181818181819,0.8575757575757577,-0.0507575757575758,-0.08560606060606057,B3
lora8,10,PhysionetMI,105,0.9234848484848485,0.9068181818181819,0.016666666666666618,0.051515151515151424,B3
lora8,10,PhysionetMI,107,0.5901515151515151,0.5553030303030303,0.03484848484848486,-0.0204545454545454,B3
lora8,10,PhysionetMI,108,0.8037878787878789,0.8537878787878788,-0.04999999999999995,-0.01818181818181814,B3
lora8,10,PhysionetMI,109,0.7174242424242424,0.6537878787878788,0.06363636363636357,0.03712121212121206,B3
lora8,20,Cho2017,1,0.63,0.642,-0.011999999999999959,0.08799999999999997,B3
lora8,20,Cho2017,2,0.514,0.524,-0.01,-0.01,B3
lora8,20,Cho2017,3,0.8160000000000001,0.6719999999999999,0.14399999999999996,0.19,B3
lora8,20,Cho2017,4,0.694,0.64,0.05399999999999988,0.061999999999999944,B3
lora8,20,Cho2017,5,0.994,1.0,-0.006,-0.008,B3
lora8,20,Cho2017,6,0.8160000000000001,0.8140000000000001,0.0019999999999999597,0.014000000000000002,B3
lora8,20,Cho2017,7,0.5283333333333333,0.5033333333333333,0.024999999999999977,0.023333333333333338,B3
lora8,20,Cho2017,8,0.556,0.54,0.015999999999999997,-0.009999999999999959,B3
lora8,20,Cho2017,9,0.595,0.5433333333333333,0.05166666666666664,0.04666666666666668,B3
lora8,20,Cho2017,10,0.548,0.5820000000000001,-0.03399999999999994,0.024,B3
lora8,20,Cho2017,11,0.568,0.604,-0.03599999999999998,-0.004000000000000023,B3
lora8,20,Cho2017,12,0.55,0.514,0.03599999999999998,0.178,B3
lora8,20,Cho2017,13,0.914,0.8460000000000001,0.06799999999999994,0.12799999999999995,B3
lora8,20,Cho2017,14,0.876,0.7220000000000001,0.15399999999999991,0.15999999999999998,B3
lora8,20,Cho2017,15,0.532,0.52,0.012,0.13199999999999995,B3
lora8,20,Cho2017,16,0.5860000000000001,0.626,-0.03999999999999994,0.025999999999999978,B3
lora8,20,Cho2017,17,0.548,0.55,-0.0019999999999999797,0.03799999999999998,B3
lora8,20,Cho2017,18,0.612,0.6140000000000001,-0.0019999999999999797,0.05199999999999992,B3
lora8,20,Cho2017,19,0.518,0.522,-0.004000000000000001,0.02199999999999998,B3
lora8,20,Cho2017,20,0.5820000000000001,0.5660000000000001,0.01599999999999996,0.10199999999999994,B3
lora8,20,Cho2017,21,0.5980000000000001,0.546,0.052000000000000005,0.10399999999999991,B3
lora8,20,Cho2017,22,0.558,0.592,-0.03399999999999998,0.03999999999999994,B3
lora8,20,Cho2017,23,0.558,0.562,-0.003999999999999958,0.05599999999999994,B3
lora8,20,Cho2017,24,0.584,0.49399999999999994,0.09000000000000001,0.10600000000000001,B3
lora8,20,Cho2017,25,0.5860000000000001,0.554,0.03199999999999999,0.03600000000000002,B3
lora8,20,Cho2017,26,0.998,0.99,0.008,0.008,B3
lora8,20,Cho2017,27,0.5640000000000001,0.5660000000000001,-0.001999999999999999,-0.03199999999999999,B3
lora8,20,Cho2017,28,0.6859999999999999,0.5820000000000001,0.1039999999999999,0.22999999999999993,B3
lora8,20,Cho2017,29,0.458,0.502,-0.044,0.012,B3
lora8,20,Cho2017,30,0.626,0.638,-0.01199999999999998,0.074,B3
lora8,20,Cho2017,31,0.5780000000000001,0.548,0.02999999999999998,0.09999999999999995,B3
lora8,20,Cho2017,32,0.49800000000000005,0.534,-0.03599999999999998,0.032000000000000015,B3
lora8,20,Cho2017,33,0.564,0.5860000000000001,-0.022,-0.07399999999999993,B3
lora8,20,Cho2017,34,0.542,0.548,-0.00599999999999998,0.01,B3
lora8,20,Cho2017,35,0.398,0.396,0.001999999999999999,0.446,B3
lora8,20,Cho2017,36,0.49800000000000005,0.534,-0.035999999999999976,0.03999999999999996,B3
lora8,20,Cho2017,37,0.8720000000000001,0.874,-0.0020000000000000005,0.0019999999999999996,B3
lora8,20,Cho2017,38,0.592,0.5780000000000001,0.013999999999999981,0.03199999999999999,B3
lora8,20,Cho2017,39,0.556,0.528,0.028000000000000018,0.028000000000000025,B3
lora8,20,Cho2017,40,0.502,0.528,-0.025999999999999978,0.004000000000000021,B3
lora8,20,Cho2017,41,0.628,0.616,0.01199999999999998,0.07799999999999993,B3
lora8,20,Cho2017,42,0.542,0.542,-1.9428902930940238e-17,-0.013999999999999999,B3
lora8,20,Cho2017,43,1.0,1.0,0.0,0.0,B3
lora8,20,Cho2017,44,0.952,0.9359999999999999,0.016,0.022,B3
lora8,20,Cho2017,45,0.524,0.538,-0.014000000000000021,-0.006000000000000022,B3
lora8,20,Cho2017,46,0.5766666666666667,0.5483333333333333,0.0283333333333333,0.12666666666666662,B3
lora8,20,Cho2017,47,0.876,0.8380000000000001,0.037999999999999964,0.026000000000000002,B3
lora8,20,Cho2017,48,0.634,0.662,-0.028000000000000018,0.01399999999999996,B3
lora8,20,Cho2017,49,0.952,0.994,-0.041999999999999975,0.0,B3
lora8,20,Cho2017,50,0.998,0.95,0.04799999999999998,0.049999999999999975,B3
lora8,20,Cho2017,51,0.5980000000000001,0.56,0.03799999999999996,0.04000000000000002,B3
lora8,20,Cho2017,52,0.648,0.604,0.04399999999999996,0.06599999999999998,B3
lora8,20,Dreyer2023,1,0.8899999999999999,0.8850000000000001,0.004999999999999919,0.01999999999999994,B3
lora8,20,Dreyer2023,2,0.7083333333333333,0.6833333333333333,0.02499999999999996,0.009999999999999978,B3
lora8,20,Dreyer2023,3,0.775,0.8183333333333334,-0.04333333333333334,-0.003333333333333341,B3
lora8,20,Dreyer2023,5,0.8816666666666666,0.8766666666666667,0.004999999999999941,0.02333333333333328,B3
lora8,20,Dreyer2023,6,0.8033333333333333,0.7716666666666667,0.03166666666666666,0.041666666666666644,B3
lora8,20,Dreyer2023,7,0.975,0.9766666666666666,-0.0016666666666666173,-0.001666666666666638,B3
lora8,20,Dreyer2023,8,0.8466666666666667,0.8266666666666665,0.020000000000000018,0.02666666666666666,B3
lora8,20,Dreyer2023,10,0.9149999999999998,0.9116666666666667,0.00333333333333334,0.005,B3
lora8,20,Dreyer2023,11,0.6733333333333333,0.6316666666666666,0.04166666666666666,0.09666666666666662,B3
lora8,20,Dreyer2023,12,0.9033333333333333,0.8949999999999999,0.0083333333333333,0.03166666666666662,B3
lora8,20,Dreyer2023,13,0.7516666666666667,0.7566666666666666,-0.004999999999999999,0.0016666666666666399,B3
lora8,20,Dreyer2023,14,0.6900000000000001,0.6916666666666667,-0.0016666666666666607,0.07333333333333326,B3
lora8,20,Dreyer2023,15,0.93,0.9266666666666665,0.00333333333333334,-0.011666666666666638,B3
lora8,20,Dreyer2023,16,0.845,0.8266666666666668,0.018333333333333302,0.023333333333333303,B3
lora8,20,Dreyer2023,18,0.9349999999999999,0.9066666666666666,0.028333333333333283,0.04833333333333324,B3
lora8,20,Dreyer2023,19,0.9316666666666666,0.8949999999999999,0.03666666666666662,0.04999999999999992,B3
lora8,20,Dreyer2023,20,0.9349999999999999,0.8966666666666667,0.03833333333333328,0.013333333333333319,B3
lora8,20,Dreyer2023,21,0.9400000000000001,0.9116666666666665,0.02833333333333332,0.021666666666666685,B3
lora8,20,Dreyer2023,22,0.865,0.9283333333333333,-0.06333333333333327,0.006666666666666659,B3
lora8,20,Dreyer2023,23,0.7716666666666667,0.7366666666666667,0.03499999999999996,0.06166666666666663,B3
lora8,20,Dreyer2023,24,0.9233333333333332,0.9399999999999998,-0.01666666666666666,0.01499999999999994,B3
lora8,20,Dreyer2023,25,0.6666666666666667,0.67,-0.003333333333333341,0.059999999999999984,B3
lora8,20,Dreyer2023,26,0.8166666666666667,0.7783333333333333,0.03833333333333326,0.06999999999999997,B3
lora8,20,Dreyer2023,27,0.8150000000000001,0.8066666666666666,0.008333333333333321,0.0266666666666666,B3
lora8,20,Dreyer2023,28,0.7116666666666667,0.7716666666666667,-0.05999999999999996,0.04000000000000004,B3
lora8,20,Dreyer2023,30,0.72,0.7116666666666667,0.0083333333333333,0.08666666666666659,B3
lora8,20,Dreyer2023,31,0.9033333333333333,0.8733333333333333,0.03,0.02999999999999998,B3
lora8,20,Dreyer2023,32,0.8483333333333334,0.845,0.0033333333333333396,0.06666666666666658,B3
lora8,20,Dreyer2023,33,0.7616666666666667,0.795,-0.03333333333333332,0.0016666666666666178,B3
lora8,20,Dreyer2023,34,0.8133333333333332,0.7933333333333333,0.019999999999999938,0.06499999999999996,B3
lora8,20,Dreyer2023,35,0.7,0.7499999999999999,-0.04999999999999992,0.03333333333333334,B3
lora8,20,Dreyer2023,36,0.7933333333333333,0.7983333333333332,-0.00499999999999998,0.013333333333333319,B3
lora8,20,Dreyer2023,37,0.7033333333333334,0.735,-0.0316666666666666,0.026666666666666637,B3
lora8,20,Dreyer2023,38,0.8833333333333332,0.8533333333333333,0.029999999999999916,0.04999999999999996,B3
lora8,20,Dreyer2023,39,0.9216666666666666,0.9183333333333333,0.0033333333333333604,0.03666666666666662,B3
lora8,20,Dreyer2023,40,0.8637931034482758,0.8534482758620691,0.010344827586206879,0.01379310344827584,B3
lora8,20,Dreyer2023,42,0.7716666666666667,0.74,0.03166666666666662,0.09166666666666659,B3
lora8,20,Dreyer2023,43,0.9033333333333333,0.8816666666666666,0.02166666666666666,0.0133333333333333,B3
lora8,20,Dreyer2023,44,0.6733333333333333,0.6466666666666667,0.02666666666666666,0.008333333333333321,B3
lora8,20,Dreyer2023,45,0.8166666666666667,0.7466666666666667,0.06999999999999998,0.06833333333333332,B3
lora8,20,Dreyer2023,46,0.6849999999999999,0.7366666666666667,-0.05166666666666666,-0.023333333333333338,B3
lora8,20,Dreyer2023,47,0.8716666666666665,0.8949999999999999,-0.02333333333333336,0.02166666666666662,B3
lora8,20,Dreyer2023,48,0.6433333333333333,0.6683333333333333,-0.02499999999999998,0.010000000000000002,B3
lora8,20,Dreyer2023,49,0.7816666666666666,0.7833333333333333,-0.0016666666666666802,0.04833333333333332,B3
lora8,20,Dreyer2023,50,0.6283333333333333,0.6166666666666666,0.01166666666666662,0.005,B3
lora8,20,Dreyer2023,51,0.7566666666666666,0.7466666666666667,0.01,0.03666666666666664,B3
lora8,20,Dreyer2023,52,0.79,0.7966666666666666,-0.006666666666666682,0.008333333333333337,B3
lora8,20,Dreyer2023,53,0.795,0.7866666666666667,0.008333333333333321,0.04333333333333328,B3
lora8,20,Dreyer2023,54,0.7516666666666667,0.7016666666666667,0.05,0.03333333333333332,B3
lora8,20,Dreyer2023,55,0.9316666666666666,0.9366666666666668,-0.00500000000000002,0.00333333333333332,B3
lora8,20,Dreyer2023,56,0.9216666666666666,0.9200000000000002,0.0016666666666666815,0.07166666666666663,B3
lora8,20,Dreyer2023,57,0.6666666666666667,0.635,0.03166666666666666,0.02999999999999996,B3
lora8,20,Dreyer2023,58,0.9349999999999999,0.9233333333333332,0.0116666666666667,0.023333333333333362,B3
lora8,20,Dreyer2023,59,0.7775000000000001,0.78,-0.0025,0.04,B3
lora8,20,Dreyer2023,60,0.86,0.8066666666666666,0.05333333333333332,0.06999999999999998,B3
lora8,20,Dreyer2023,61,0.8583333333333334,0.8633333333333333,-0.005000000000000002,0.029999999999999936,B3
lora8,20,Dreyer2023,62,0.7533333333333333,0.7416666666666667,0.011666666666666641,0.08833333333333328,B3
lora8,20,Dreyer2023,63,0.8183333333333334,0.8133333333333332,0.00499999999999996,0.036666666666666604,B3
lora8,20,Dreyer2023,64,0.8016666666666665,0.765,0.03666666666666664,0.08999999999999998,B3
lora8,20,Dreyer2023,65,0.8466666666666667,0.835,0.011666666666666662,0.041666666666666616,B3
lora8,20,Dreyer2023,66,0.7116666666666667,0.7583333333333334,-0.04666666666666664,-0.02499999999999998,B3
lora8,20,Dreyer2023,67,0.8,0.7916666666666666,0.008333333333333321,0.02833333333333332,B3
lora8,20,Dreyer2023,68,0.7666666666666666,0.7383333333333334,0.02833333333333326,0.02999999999999996,B3
lora8,20,Dreyer2023,69,0.8433333333333334,0.8516666666666666,-0.0083333333333333,0.011666666666666641,B3
lora8,20,Dreyer2023,70,0.675,0.6716666666666666,0.003333333333333282,0.01333333333333328,B3
lora8,20,Dreyer2023,71,0.8333333333333334,0.8550000000000001,-0.02166666666666664,0.006666666666666621,B3
lora8,20,Dreyer2023,72,0.8416666666666666,0.8099999999999999,0.03166666666666664,0.0966666666666666,B3
lora8,20,Dreyer2023,73,0.8,0.7466666666666667,0.053333333333333253,0.1066666666666666,B3
lora8,20,Dreyer2023,74,0.7166666666666667,0.735,-0.018333333333333302,0.04833333333333332,B3
lora8,20,Dreyer2023,75,0.7683333333333333,0.7583333333333334,0.00999999999999996,0.05833333333333326,B3
lora8,20,Dreyer2023,76,0.8533333333333333,0.8216666666666667,0.03166666666666662,0.09499999999999999,B3
lora8,20,Dreyer2023,77,0.7816666666666667,0.8233333333333333,-0.041666666666666595,0.011666666666666681,B3
lora8,20,Dreyer2023,80,0.6866666666666668,0.7116666666666667,-0.02499999999999996,0.06833333333333327,B3
lora8,20,Dreyer2023,81,0.8166666666666667,0.8299999999999998,-0.0133333333333333,2.0816681711721685e-17,B3
lora8,20,Dreyer2023,82,0.8216666666666667,0.795,0.026666666666666637,0.0983333333333333,B3
lora8,20,Dreyer2023,83,0.6883333333333334,0.6883333333333334,1.3877787807814458e-18,0.05999999999999994,B3
lora8,20,Dreyer2023,84,0.7916666666666666,0.8333333333333334,-0.041666666666666644,0.02833333333333332,B3
lora8,20,Dreyer2023,85,0.7383333333333333,0.735,0.0033333333333333214,0.041666666666666595,B3
lora8,20,Dreyer2023,86,0.8083333333333333,0.8383333333333333,-0.03,-0.02499999999999996,B3
lora8,20,Dreyer2023,87,0.7233333333333334,0.7833333333333334,-0.05999999999999998,0.03499999999999994,B3
lora8,20,PhysionetMI,1,0.8363636363636363,0.8356060606060606,0.0007575757575757596,-0.025000000000000022,B3
lora8,20,PhysionetMI,2,0.926923076923077,0.8946153846153846,0.03230769230769228,0.03230769230769228,B3
lora8,20,PhysionetMI,3,0.9553030303030303,0.9484848484848485,0.0068181818181818395,-0.0015151515151514583,B3
lora8,20,PhysionetMI,4,0.9386363636363637,0.9196969696969697,0.01893939393939392,0.0007575757575757596,B3
lora8,20,PhysionetMI,5,0.7340909090909091,0.7204545454545455,0.013636363636363702,-0.02424242424242424,B3
lora8,20,PhysionetMI,6,0.8946969696969698,0.8825757575757576,0.012121212121212099,0.021212121212121217,B3
lora8,20,PhysionetMI,7,0.9833333333333332,0.9825757575757577,0.0007575757575757402,0.0007575757575757402,B3
lora8,20,PhysionetMI,8,0.8553030303030302,0.8325757575757574,0.02272727272727276,0.0871212121212122,B3
lora8,20,PhysionetMI,9,0.9338461538461539,0.9076923076923077,0.026153846153846156,0.006153846153846158,B3
lora8,20,PhysionetMI,10,0.6838461538461539,0.7276923076923077,-0.0438461538461538,-0.0276923076923077,B3
lora8,20,PhysionetMI,11,0.6909090909090908,0.725,-0.03409090909090906,-0.05,B3
lora8,20,PhysionetMI,12,0.8643939393939395,0.8643939393939395,0.0,0.015151515151515142,B3
lora8,20,PhysionetMI,13,0.8477272727272727,0.803030303030303,0.04469696969696968,0.015151515151515183,B3
lora8,20,PhysionetMI,14,0.8689393939393939,0.7734848484848486,0.09545454545454539,0.10681818181818178,B3
lora8,20,PhysionetMI,15,0.99,0.9284615384615386,0.061538461538461486,0.061538461538461486,B3
lora8,20,PhysionetMI,16,0.5863636363636363,0.6053030303030302,-0.01893939393939386,-0.017424242424242363,B3
lora8,20,PhysionetMI,17,0.8931818181818182,0.803030303030303,0.09015151515151518,0.10000000000000005,B3
lora8,20,PhysionetMI,18,0.990909090909091,1.0,-0.00909090909090908,-0.00909090909090908,B3
lora8,20,PhysionetMI,19,0.9113636363636364,0.9106060606060605,0.0007575757575757402,-0.041666666666666685,B3
lora8,20,PhysionetMI,20,0.9234848484848485,0.9045454545454547,0.01893939393939392,0.03560606060606058,B3
lora8,20,PhysionetMI,21,0.7916666666666667,0.759090909090909,0.032575757575757605,0.05984848484848489,B3
lora8,20,PhysionetMI,22,0.9545454545454547,0.9636363636363636,-0.00909090909090908,-0.00909090909090908,B3
lora8,20,PhysionetMI,23,0.7876923076923077,0.7838461538461539,0.0038461538461538602,0.014615384615384561,B3
lora8,20,PhysionetMI,24,0.7825757575757576,0.7863636363636364,-0.003787878787878779,-0.045454545454545456,B3
lora8,20,PhysionetMI,25,0.5386363636363637,0.5954545454545455,-0.0568181818181818,-0.03181818181818176,B3
lora8,20,PhysionetMI,26,0.6330769230769231,0.6407692307692308,-0.007692307692307701,-0.09692307692307692,B3
lora8,20,PhysionetMI,27,0.8704545454545455,0.8696969696969697,0.00075757575757574,0.0015151515151515208,B3
lora8,20,PhysionetMI,28,0.8227272727272726,0.7984848484848485,0.02424242424242426,0.02575757575757574,B3
lora8,20,PhysionetMI,29,0.8401515151515152,0.7386363636363636,0.10151515151515149,0.15378787878787878,B3
lora8,20,PhysionetMI,30,0.8757575757575757,0.8583333333333334,0.0174242424242424,0.03333333333333334,B3
lora8,20,PhysionetMI,31,0.7348484848484849,0.7416666666666667,-0.00681818181818188,0.0007575757575757014,B3
lora8,20,PhysionetMI,32,0.9423076923076923,0.9323076923076924,0.01,0.01999999999999998,B3
lora8,20,PhysionetMI,33,0.9378787878787879,0.9295454545454545,0.008333333333333321,0.0015151515151515,B3
lora8,20,PhysionetMI,34,0.8638461538461538,0.8215384615384614,0.042307692307692275,0.029230769230769182,B3
lora8,20,PhysionetMI,35,0.821969696969697,0.8143939393939394,0.007575757575757599,-0.0015151515151514802,B3
lora8,20,PhysionetMI,36,0.8962121212121212,0.9113636363636364,-0.015151515151515157,0.0037878787878787594,B3
lora8,20,PhysionetMI,37,0.7598484848484849,0.6795454545454545,0.08030303030303032,0.08939393939393939,B3
lora8,20,PhysionetMI,38,0.4810606060606061,0.49469696969696975,-0.013636363636363658,0.03863636363636362,B3
lora8,20,PhysionetMI,39,0.7780303030303031,0.7454545454545455,0.032575757575757605,0.00833333333333334,B3
lora8,20,PhysionetMI,40,0.9659090909090908,0.9818181818181818,-0.01590909090909094,0.00909090909090908,B3
lora8,20,PhysionetMI,41,0.923846153846154,0.9692307692307693,-0.04538461538461534,-0.045384615384615315,B3
lora8,20,PhysionetMI,42,0.8810606060606061,0.8916666666666668,-0.01060606060606062,-0.020454545454545458,B3
lora8,20,PhysionetMI,43,0.8628787878787879,0.8212121212121211,0.041666666666666664,0.02500000000000004,B3
lora8,20,PhysionetMI,44,0.8492424242424242,0.8606060606060606,-0.01136363636363634,0.007575757575757599,B3
lora8,20,PhysionetMI,45,0.831060606060606,0.7984848484848485,0.03257575757575756,0.0068181818181818205,B3
lora8,20,PhysionetMI,46,0.7098484848484848,0.7424242424242424,-0.03257575757575756,-0.0416666666666667,B3
lora8,20,PhysionetMI,47,0.775,0.7348484848484849,0.04015151515151514,0.014393939393939379,B3
lora8,20,PhysionetMI,48,0.990909090909091,0.990909090909091,0.0,0.0,B3
lora8,20,PhysionetMI,49,0.7575757575757576,0.7628787878787879,-0.0053030303030303615,0.011363636363636279,B3
lora8,20,PhysionetMI,50,0.8825757575757576,0.7803030303030303,0.10227272727272722,0.10227272727272722,B3
lora8,20,PhysionetMI,51,0.9212121212121211,0.8242424242424242,0.0969696969696969,0.05909090909090908,B3
lora8,20,PhysionetMI,52,0.8784615384615385,0.8661538461538463,0.01230769230769228,-0.03230769230769228,B3
lora8,20,PhysionetMI,53,0.956060606060606,0.9015151515151516,0.05454545454545454,0.081060606060606,B3
lora8,20,PhysionetMI,54,0.8977272727272728,0.8909090909090909,0.0068181818181818395,0.02348484848484854,B3
lora8,20,PhysionetMI,55,0.8901515151515152,0.8462121212121213,0.0439393939393939,0.0439393939393939,B3
lora8,20,PhysionetMI,56,0.834090909090909,0.8356060606060606,-0.00151515151515154,-0.00227272727272724,B3
lora8,20,PhysionetMI,57,0.9583333333333333,0.949242424242424,0.00909090909090908,0.00909090909090908,B3
lora8,20,PhysionetMI,58,0.8407692307692308,0.8161538461538462,0.024615384615384563,0.0376923076923076,B3
lora8,20,PhysionetMI,59,0.7068181818181818,0.6659090909090909,0.04090909090909086,0.09545454545454543,B3
lora8,20,PhysionetMI,60,0.9415384615384615,0.8884615384615385,0.053076923076923035,0.03538461538461536,B3
lora8,20,PhysionetMI,61,0.9545454545454547,0.9545454545454547,0.0,0.0,B3
lora8,20,PhysionetMI,62,0.9583333333333333,0.9583333333333333,0.0,0.0083333333333333,B3
lora8,20,PhysionetMI,63,0.7734848484848486,0.7287878787878788,0.0446969696969697,0.06515151515151511,B3
lora8,20,PhysionetMI,64,0.8045454545454547,0.7621212121212122,0.04242424242424238,0.024999999999999942,B3
lora8,20,PhysionetMI,65,0.9136363636363637,0.9242424242424242,-0.01060606060606062,-0.02045454545454544,B3
lora8,20,PhysionetMI,66,0.8265151515151515,0.7704545454545455,0.056060606060606,-0.021212121212121217,B3
lora8,20,PhysionetMI,67,0.8560606060606061,0.7916666666666666,0.06439393939393938,0.0484848484848485,B3
lora8,20,PhysionetMI,68,0.7075757575757576,0.6727272727272727,0.034848484848484816,0.04318181818181816,B3
lora8,20,PhysionetMI,69,0.8484615384615385,0.8284615384615386,0.020000000000000018,0.04999999999999996,B3
lora8,20,PhysionetMI,70,0.9583333333333333,0.9659090909090908,-0.00757575757575758,-0.00757575757575758,B3
lora8,20,PhysionetMI,71,0.9325757575757576,0.9143939393939393,0.0181818181818182,0.026515151515151502,B3
lora8,20,PhysionetMI,72,0.9742424242424242,1.0,-0.025757575757575757,-0.00909090909090908,B3
lora8,20,PhysionetMI,73,0.793939393939394,0.7568181818181818,0.037121212121212124,0.05606060606060598,B3
lora8,20,PhysionetMI,74,0.7272727272727273,0.7575757575757576,-0.03030303030303032,-0.014393939393939436,B3
lora8,20,PhysionetMI,75,0.6795454545454545,0.6606060606060606,0.01893939393939384,0.04621212121212116,B3
lora8,20,PhysionetMI,76,0.49318181818181817,0.5515151515151515,-0.058333333333333307,-0.055303030303030284,B3
lora8,20,PhysionetMI,77,0.6681818181818182,0.6037878787878788,0.06439393939393938,0.03787878787878788,B3
lora8,20,PhysionetMI,78,0.49318181818181817,0.5621212121212121,-0.06893939393939394,-0.06363636363636363,B3
lora8,20,PhysionetMI,79,0.7340909090909091,0.7515151515151516,-0.01742424242424244,-0.03636363636363634,B3
lora8,20,PhysionetMI,80,0.826153846153846,0.7907692307692308,0.03538461538461532,0.06076923076923069,B3
lora8,20,PhysionetMI,81,0.8818181818181818,0.8704545454545455,0.01136363636363632,-0.00606060606060606,B3
lora8,20,PhysionetMI,82,0.9030303030303031,0.8113636363636363,0.09166666666666665,0.07424242424242422,B3
lora8,20,PhysionetMI,83,0.76,0.7215384615384616,0.03846153846153846,0.006923076923076902,B3
lora8,20,PhysionetMI,84,0.843939393939394,0.8825757575757576,-0.03863636363636364,-0.047727272727272715,B3
lora8,20,PhysionetMI,85,0.9409090909090908,0.8878787878787879,0.05303030303030294,0.06136363636363629,B3
lora8,20,PhysionetMI,86,1.0,0.9846153846153847,0.015384615384615361,0.015384615384615361,B3
lora8,20,PhysionetMI,87,0.6212121212121212,0.6386363636363636,-0.017424242424242353,-0.12121212121212108,B3
lora8,20,PhysionetMI,90,0.8946969696969698,0.8727272727272727,0.021969696969696917,-0.00530303030303036,B3
lora8,20,PhysionetMI,91,0.8083333333333332,0.9166666666666666,-0.10833333333333332,-0.06742424242424239,B3
lora8,20,PhysionetMI,93,0.8053030303030303,0.7886363636363637,0.016666666666666656,0.03560606060606062,B3
lora8,20,PhysionetMI,94,0.8363636363636363,0.7954545454545455,0.04090909090909088,0.04999999999999996,B3
lora8,20,PhysionetMI,95,0.6507692307692308,0.6515384615384615,-0.0007692307692308026,0.0215384615384615,B3
lora8,20,PhysionetMI,96,0.8666666666666666,0.8583333333333332,0.00833333333333334,-0.00833333333333334,B3
lora8,20,PhysionetMI,97,0.8431818181818181,0.7696969696969697,0.0734848484848485,0.12803030303030305,B3
lora8,20,PhysionetMI,98,0.44545454545454544,0.4621212121212121,-0.01666666666666666,0.02499999999999994,B3
lora8,20,PhysionetMI,99,0.6151515151515151,0.6151515151515151,1.9428902930940238e-17,-0.04772727272727272,B3
lora8,20,PhysionetMI,101,0.9315384615384616,0.8976923076923077,0.0338461538461538,0.0615384615384615,B3
lora8,20,PhysionetMI,102,0.8083333333333333,0.7416666666666667,0.06666666666666664,0.08484848484848481,B3
lora8,20,PhysionetMI,103,0.7606060606060606,0.8575757575757577,-0.09696969696969696,-0.08560606060606057,B3
lora8,20,PhysionetMI,105,0.9583333333333333,0.9068181818181819,0.051515151515151424,0.051515151515151424,B3
lora8,20,PhysionetMI,107,0.5553030303030303,0.5553030303030303,3.95516952522712e-17,-0.0204545454545454,B3
lora8,20,PhysionetMI,108,0.8613636363636363,0.8537878787878788,0.007575757575757622,-0.01818181818181814,B3
lora8,20,PhysionetMI,109,0.7022727272727273,0.6537878787878788,0.04848484848484844,0.03712121212121206,B3
lora8,40,Cho2017,1,0.6519999999999999,0.642,0.010000000000000021,0.08799999999999997,B3
lora8,40,Cho2017,2,0.534,0.524,0.010000000000000002,-0.01,B3
lora8,40,Cho2017,3,0.882,0.6719999999999999,0.20999999999999996,0.19,B3
lora8,40,Cho2017,4,0.694,0.64,0.0539999999999999,0.061999999999999944,B3
lora8,40,Cho2017,5,0.994,1.0,-0.006,-0.008,B3
lora8,40,Cho2017,6,0.836,0.8140000000000001,0.02199999999999998,0.014000000000000002,B3
lora8,40,Cho2017,7,0.52,0.5033333333333333,0.01666666666666666,0.023333333333333338,B3
lora8,40,Cho2017,8,0.522,0.54,-0.01799999999999998,-0.009999999999999959,B3
lora8,40,Cho2017,9,0.6216666666666667,0.5433333333333333,0.07833333333333332,0.04666666666666668,B3
lora8,40,Cho2017,10,0.5820000000000001,0.5820000000000001,5.967448757360216e-17,0.024,B3
lora8,40,Cho2017,11,0.612,0.604,0.008000000000000023,-0.004000000000000023,B3
lora8,40,Cho2017,12,0.584,0.514,0.06999999999999997,0.178,B3
lora8,40,Cho2017,13,0.9640000000000001,0.8460000000000001,0.11799999999999992,0.12799999999999995,B3
lora8,40,Cho2017,14,0.868,0.7220000000000001,0.14599999999999994,0.15999999999999998,B3
lora8,40,Cho2017,15,0.542,0.52,0.02199999999999998,0.13199999999999995,B3
lora8,40,Cho2017,16,0.63,0.626,0.003999999999999998,0.025999999999999978,B3
lora8,40,Cho2017,17,0.56,0.55,0.01,0.03799999999999998,B3
lora8,40,Cho2017,18,0.62,0.6140000000000001,0.006,0.05199999999999992,B3
lora8,40,Cho2017,19,0.51,0.522,-0.012000000000000021,0.02199999999999998,B3
lora8,40,Cho2017,20,0.5980000000000001,0.5660000000000001,0.03199999999999998,0.10199999999999994,B3
lora8,40,Cho2017,21,0.612,0.546,0.066,0.10399999999999991,B3
lora8,40,Cho2017,22,0.576,0.592,-0.01600000000000002,0.03999999999999994,B3
lora8,40,Cho2017,23,0.5660000000000001,0.562,0.004000000000000043,0.05599999999999994,B3
lora8,40,Cho2017,24,0.5820000000000001,0.49399999999999994,0.088,0.10600000000000001,B3
lora8,40,Cho2017,25,0.5660000000000001,0.554,0.012000000000000002,0.03600000000000002,B3
lora8,40,Cho2017,26,0.998,0.99,0.008,0.008,B3
lora8,40,Cho2017,27,0.54,0.5660000000000001,-0.026000000000000002,-0.03199999999999999,B3
lora8,40,Cho2017,28,0.682,0.5820000000000001,0.09999999999999992,0.22999999999999993,B3
lora8,40,Cho2017,29,0.476,0.502,-0.02600000000000004,0.012,B3
lora8,40,Cho2017,30,0.6759999999999999,0.638,0.038,0.074,B3
lora8,40,Cho2017,31,0.6140000000000001,0.548,0.06599999999999999,0.09999999999999995,B3
lora8,40,Cho2017,32,0.556,0.534,0.022,0.032000000000000015,B3
lora8,40,Cho2017,33,0.53,0.5860000000000001,-0.05599999999999994,-0.07399999999999993,B3
lora8,40,Cho2017,34,0.532,0.548,-0.01599999999999998,0.01,B3
lora8,40,Cho2017,35,0.36,0.396,-0.035999999999999976,0.446,B3
lora8,40,Cho2017,36,0.508,0.534,-0.026000000000000002,0.03999999999999996,B3
lora8,40,Cho2017,37,0.876,0.874,0.00199999999999998,0.0019999999999999996,B3
lora8,40,Cho2017,38,0.5740000000000001,0.5780000000000001,-0.003999999999999978,0.03199999999999999,B3
lora8,40,Cho2017,39,0.542,0.528,0.014000000000000002,0.028000000000000025,B3
lora8,40,Cho2017,40,0.472,0.528,-0.05599999999999998,0.004000000000000021,B3
lora8,40,Cho2017,41,0.736,0.616,0.11999999999999991,0.07799999999999993,B3
lora8,40,Cho2017,42,0.534,0.542,-0.008000000000000002,-0.013999999999999999,B3
lora8,40,Cho2017,43,1.0,1.0,0.0,0.0,B3
lora8,40,Cho2017,44,0.954,0.9359999999999999,0.018,0.022,B3
lora8,40,Cho2017,45,0.526,0.538,-0.011999999999999999,-0.006000000000000022,B3
lora8,40,Cho2017,46,0.6466666666666667,0.5483333333333333,0.09833333333333327,0.12666666666666662,B3
lora8,40,Cho2017,47,0.866,0.8380000000000001,0.02799999999999998,0.026000000000000002,B3
lora8,40,Cho2017,48,0.654,0.662,-0.007999999999999976,0.01399999999999996,B3
lora8,40,Cho2017,49,0.85,0.994,-0.14399999999999996,0.0,B3
lora8,40,Cho2017,50,0.994,0.95,0.043999999999999984,0.049999999999999975,B3
lora8,40,Cho2017,51,0.654,0.56,0.09399999999999993,0.04000000000000002,B3
lora8,40,Cho2017,52,0.662,0.604,0.05799999999999994,0.06599999999999998,B3
lora8,40,Dreyer2023,1,0.905,0.8850000000000001,0.019999999999999938,0.01999999999999994,B3
lora8,40,Dreyer2023,2,0.7033333333333334,0.6833333333333333,0.01999999999999996,0.009999999999999978,B3
lora8,40,Dreyer2023,3,0.8116666666666668,0.8183333333333334,-0.00666666666666668,-0.003333333333333341,B3
lora8,40,Dreyer2023,5,0.89,0.8766666666666667,0.013333333333333319,0.02333333333333328,B3
lora8,40,Dreyer2023,6,0.8383333333333333,0.7716666666666667,0.06666666666666662,0.041666666666666644,B3
lora8,40,Dreyer2023,7,0.975,0.9766666666666666,-0.0016666666666666605,-0.001666666666666638,B3
lora8,40,Dreyer2023,8,0.8366666666666667,0.8266666666666665,0.009999999999999981,0.02666666666666666,B3
lora8,40,Dreyer2023,10,0.9116666666666665,0.9116666666666667,-2.0122792321330962e-17,0.005,B3
lora8,40,Dreyer2023,11,0.6950000000000001,0.6316666666666666,0.06333333333333332,0.09666666666666662,B3
lora8,40,Dreyer2023,12,0.9016666666666667,0.8949999999999999,0.006666666666666659,0.03166666666666662,B3
lora8,40,Dreyer2023,13,0.74,0.7566666666666666,-0.01666666666666666,0.0016666666666666399,B3
lora8,40,Dreyer2023,14,0.71,0.6916666666666667,0.01833333333333332,0.07333333333333326,B3
lora8,40,Dreyer2023,15,0.9383333333333332,0.9266666666666665,0.011666666666666662,-0.011666666666666638,B3
lora8,40,Dreyer2023,16,0.8633333333333333,0.8266666666666668,0.036666666666666604,0.023333333333333303,B3
lora8,40,Dreyer2023,18,0.945,0.9066666666666666,0.03833333333333328,0.04833333333333324,B3
lora8,40,Dreyer2023,19,0.95,0.8949999999999999,0.05499999999999994,0.04999999999999992,B3
lora8,40,Dreyer2023,20,0.9333333333333332,0.8966666666666667,0.03666666666666664,0.013333333333333319,B3
lora8,40,Dreyer2023,21,0.9366666666666665,0.9116666666666665,0.02499999999999998,0.021666666666666685,B3
lora8,40,Dreyer2023,22,0.9066666666666666,0.9283333333333333,-0.02166666666666666,0.006666666666666659,B3
lora8,40,Dreyer2023,23,0.7683333333333333,0.7366666666666667,0.03166666666666662,0.06166666666666663,B3
lora8,40,Dreyer2023,24,0.9483333333333333,0.9399999999999998,0.0083333333333333,0.01499999999999994,B3
lora8,40,Dreyer2023,25,0.6916666666666667,0.67,0.02166666666666666,0.059999999999999984,B3
lora8,40,Dreyer2023,26,0.82,0.7783333333333333,0.041666666666666595,0.06999999999999997,B3
lora8,40,Dreyer2023,27,0.8166666666666668,0.8066666666666666,0.01000000000000002,0.0266666666666666,B3
lora8,40,Dreyer2023,28,0.7883333333333333,0.7716666666666667,0.016666666666666698,0.04000000000000004,B3
lora8,40,Dreyer2023,30,0.7283333333333333,0.7116666666666667,0.016666666666666642,0.08666666666666659,B3
lora8,40,Dreyer2023,31,0.9233333333333335,0.8733333333333333,0.050000000000000024,0.02999999999999998,B3
lora8,40,Dreyer2023,32,0.885,0.845,0.03999999999999996,0.06666666666666658,B3
lora8,40,Dreyer2023,33,0.7666666666666667,0.795,-0.02833333333333332,0.0016666666666666178,B3
lora8,40,Dreyer2023,34,0.8316666666666667,0.7933333333333333,0.03833333333333328,0.06499999999999996,B3
lora8,40,Dreyer2023,35,0.7516666666666667,0.7499999999999999,0.0016666666666667411,0.03333333333333334,B3
lora8,40,Dreyer2023,36,0.8150000000000001,0.7983333333333332,0.01666666666666666,0.013333333333333319,B3
lora8,40,Dreyer2023,37,0.755,0.735,0.02,0.026666666666666637,B3
lora8,40,Dreyer2023,38,0.885,0.8533333333333333,0.03166666666666664,0.04999999999999996,B3
lora8,40,Dreyer2023,39,0.9383333333333332,0.9183333333333333,0.02000000000000002,0.03666666666666662,B3
lora8,40,Dreyer2023,40,0.8362068965517242,0.8534482758620691,-0.017241379310344758,0.01379310344827584,B3
lora8,40,Dreyer2023,42,0.765,0.74,0.02499999999999996,0.09166666666666659,B3
lora8,40,Dreyer2023,43,0.905,0.8816666666666666,0.02333333333333334,0.0133333333333333,B3
lora8,40,Dreyer2023,44,0.6683333333333333,0.6466666666666667,0.02166666666666668,0.008333333333333321,B3
lora8,40,Dreyer2023,45,0.8233333333333335,0.7466666666666667,0.07666666666666666,0.06833333333333332,B3
lora8,40,Dreyer2023,46,0.7166666666666667,0.7366666666666667,-0.019999999999999997,-0.023333333333333338,B3
lora8,40,Dreyer2023,47,0.905,0.8949999999999999,0.00999999999999998,0.02166666666666662,B3
lora8,40,Dreyer2023,48,0.6816666666666666,0.6683333333333333,0.013333333333333341,0.010000000000000002,B3
lora8,40,Dreyer2023,49,0.8166666666666667,0.7833333333333333,0.03333333333333332,0.04833333333333332,B3
lora8,40,Dreyer2023,50,0.625,0.6166666666666666,0.008333333333333321,0.005,B3
lora8,40,Dreyer2023,51,0.7683333333333333,0.7466666666666667,0.021666666666666678,0.03666666666666664,B3
lora8,40,Dreyer2023,52,0.8,0.7966666666666666,0.00333333333333332,0.008333333333333337,B3
lora8,40,Dreyer2023,53,0.7983333333333333,0.7866666666666667,0.011666666666666662,0.04333333333333328,B3
lora8,40,Dreyer2023,54,0.755,0.7016666666666667,0.053333333333333365,0.03333333333333332,B3
lora8,40,Dreyer2023,55,0.9233333333333332,0.9366666666666668,-0.013333333333333341,0.00333333333333332,B3
lora8,40,Dreyer2023,56,0.9633333333333333,0.9200000000000002,0.04333333333333328,0.07166666666666663,B3
lora8,40,Dreyer2023,57,0.6916666666666667,0.635,0.05666666666666662,0.02999999999999996,B3
lora8,40,Dreyer2023,58,0.9299999999999999,0.9233333333333332,0.00666666666666668,0.023333333333333362,B3
lora8,40,Dreyer2023,59,0.7825,0.78,0.0024999999999999593,0.04,B3
lora8,40,Dreyer2023,60,0.845,0.8066666666666666,0.03833333333333336,0.06999999999999998,B3
lora8,40,Dreyer2023,61,0.86,0.8633333333333333,-0.00333333333333332,0.029999999999999936,B3
lora8,40,Dreyer2023,62,0.7633333333333333,0.7416666666666667,0.02166666666666662,0.08833333333333328,B3
lora8,40,Dreyer2023,63,0.8183333333333334,0.8133333333333332,0.005,0.036666666666666604,B3
lora8,40,Dreyer2023,64,0.79,0.765,0.025,0.08999999999999998,B3
lora8,40,Dreyer2023,65,0.8433333333333334,0.835,0.0083333333333333,0.041666666666666616,B3
lora8,40,Dreyer2023,66,0.745,0.7583333333333334,-0.013333333333333303,-0.02499999999999998,B3
lora8,40,Dreyer2023,67,0.8066666666666666,0.7916666666666666,0.015000000000000022,0.02833333333333332,B3
lora8,40,Dreyer2023,68,0.7683333333333333,0.7383333333333334,0.029999999999999936,0.02999999999999996,B3
lora8,40,Dreyer2023,69,0.8383333333333333,0.8516666666666666,-0.013333333333333341,0.011666666666666641,B3
lora8,40,Dreyer2023,70,0.6683333333333333,0.6716666666666666,-0.00333333333333334,0.01333333333333328,B3
lora8,40,Dreyer2023,71,0.835,0.8550000000000001,-0.02000000000000004,0.006666666666666621,B3
lora8,40,Dreyer2023,72,0.86,0.8099999999999999,0.04999999999999995,0.0966666666666666,B3
lora8,40,Dreyer2023,73,0.8183333333333334,0.7466666666666667,0.07166666666666661,0.1066666666666666,B3
lora8,40,Dreyer2023,74,0.7150000000000001,0.735,-0.01999999999999996,0.04833333333333332,B3
lora8,40,Dreyer2023,75,0.7616666666666667,0.7583333333333334,0.003333333333333321,0.05833333333333326,B3
lora8,40,Dreyer2023,76,0.8683333333333334,0.8216666666666667,0.04666666666666664,0.09499999999999999,B3
lora8,40,Dreyer2023,77,0.7483333333333333,0.8233333333333333,-0.07499999999999993,0.011666666666666681,B3
lora8,40,Dreyer2023,80,0.7016666666666667,0.7116666666666667,-0.01000000000000002,0.06833333333333327,B3
lora8,40,Dreyer2023,81,0.8283333333333334,0.8299999999999998,-0.0016666666666666414,2.0816681711721685e-17,B3
lora8,40,Dreyer2023,82,0.8866666666666667,0.795,0.09166666666666665,0.0983333333333333,B3
lora8,40,Dreyer2023,83,0.7283333333333333,0.6883333333333334,0.039999999999999904,0.05999999999999994,B3
lora8,40,Dreyer2023,84,0.8383333333333333,0.8333333333333334,0.005,0.02833333333333332,B3
lora8,40,Dreyer2023,85,0.7483333333333333,0.735,0.013333333333333319,0.041666666666666595,B3
lora8,40,Dreyer2023,86,0.8133333333333332,0.8383333333333333,-0.02499999999999996,-0.02499999999999996,B3
lora8,40,Dreyer2023,87,0.7433333333333334,0.7833333333333334,-0.04000000000000002,0.03499999999999994,B3
lora8,5,Cho2017,1,0.604,0.634,-0.029999999999999936,0.07799999999999999,G
lora8,5,Cho2017,2,0.522,0.528,-0.006000000000000019,-0.032,G
lora8,5,Cho2017,3,0.716,0.6599999999999999,0.05599999999999996,0.20800000000000002,G
lora8,5,Cho2017,4,0.644,0.6599999999999999,-0.015999999999999938,0.06399999999999995,G
lora8,5,Cho2017,5,0.994,1.0,-0.006,-0.006,G
lora8,5,Cho2017,6,0.8019999999999999,0.8160000000000001,-0.01400000000000004,0.02,G
lora8,5,Cho2017,7,0.485,0.515,-0.02999999999999996,0.01,G
lora8,5,Cho2017,8,0.528,0.542,-0.01399999999999996,-0.009999999999999981,G
lora8,5,Cho2017,9,0.5683333333333334,0.5533333333333333,0.015,0.045,G
lora8,5,Cho2017,10,0.556,0.5800000000000001,-0.02399999999999996,0.051999999999999956,G
lora8,5,Cho2017,11,0.5900000000000001,0.616,-0.025999999999999978,-0.022000000000000002,G
lora8,5,Cho2017,12,0.502,0.556,-0.054000000000000006,0.17599999999999993,G
lora8,5,Cho2017,13,0.806,0.834,-0.028000000000000018,0.1419999999999999,G
lora8,5,Cho2017,14,0.786,0.696,0.09000000000000002,0.184,G
lora8,5,Cho2017,15,0.544,0.524,0.02,0.13999999999999993,G
lora8,5,Cho2017,16,0.5880000000000001,0.634,-0.045999999999999895,0.008000000000000021,G
lora8,5,Cho2017,17,0.61,0.584,0.02599999999999996,0.00799999999999998,G
lora8,5,Cho2017,18,0.52,0.6140000000000001,-0.09399999999999996,0.03599999999999996,G
lora8,5,Cho2017,19,0.524,0.518,0.006,0.01599999999999998,G
lora8,5,Cho2017,20,0.588,0.626,-0.03799999999999996,0.07599999999999998,G
lora8,5,Cho2017,21,0.55,0.542,0.008000000000000023,0.07799999999999993,G
lora8,5,Cho2017,22,0.5980000000000001,0.592,0.00599999999999998,0.04799999999999992,G
lora8,5,Cho2017,23,0.548,0.562,-0.014000000000000002,0.03799999999999994,G
lora8,5,Cho2017,24,0.542,0.528,0.013999999999999999,0.07999999999999999,G
lora8,5,Cho2017,25,0.546,0.548,-0.0019999999999999792,0.02400000000000002,G
lora8,5,Cho2017,26,0.992,0.992,0.0,0.006,G
lora8,5,Cho2017,27,0.5740000000000001,0.5980000000000001,-0.02399999999999994,-0.03999999999999994,G
lora8,5,Cho2017,28,0.63,0.5980000000000001,0.03199999999999994,0.25199999999999995,G
lora8,5,Cho2017,29,0.502,0.476,0.026000000000000002,0.04799999999999998,G
lora8,5,Cho2017,30,0.708,0.716,-0.007999999999999981,0.024,G
lora8,5,Cho2017,31,0.5900000000000001,0.58,0.01,0.05999999999999994,G
lora8,5,Cho2017,32,0.514,0.552,-0.03800000000000002,0.01200000000000004,G
lora8,5,Cho2017,33,0.558,0.5700000000000001,-0.01199999999999998,-0.05599999999999996,G
lora8,5,Cho2017,34,0.5980000000000001,0.55,0.04799999999999994,-0.00599999999999998,G
lora8,5,Cho2017,35,0.42799999999999994,0.46399999999999997,-0.03599999999999998,0.414,G
lora8,5,Cho2017,36,0.53,0.54,-0.01,0.01999999999999998,G
lora8,5,Cho2017,37,0.8720000000000001,0.8800000000000001,-0.008,0.0,G
lora8,5,Cho2017,38,0.554,0.592,-0.038,-0.00799999999999998,G
lora8,5,Cho2017,39,0.532,0.528,0.004000000000000002,0.04799999999999996,G
lora8,5,Cho2017,40,0.514,0.508,0.006000000000000022,0.026000000000000023,G
lora8,5,Cho2017,41,0.5820000000000001,0.616,-0.033999999999999996,0.07799999999999992,G
lora8,5,Cho2017,42,0.508,0.552,-0.044,-0.042,G
lora8,5,Cho2017,43,1.0,1.0,0.0,0.0,G
lora8,5,Cho2017,44,0.96,0.9339999999999999,0.026000000000000002,0.03,G
lora8,5,Cho2017,45,0.522,0.524,-0.002000000000000022,0.0039999999999999775,G
lora8,5,Cho2017,46,0.6050000000000001,0.5533333333333333,0.05166666666666662,0.11833333333333326,G
lora8,5,Cho2017,47,0.778,0.808,-0.02999999999999996,0.05399999999999998,G
lora8,5,Cho2017,48,0.648,0.644,0.004000000000000001,0.03599999999999994,G
lora8,5,Cho2017,49,1.0,0.9960000000000001,0.004,0.0,G
lora8,5,Cho2017,50,0.998,0.96,0.037999999999999985,0.03999999999999998,G
lora8,5,Cho2017,51,0.6220000000000001,0.5700000000000001,0.051999999999999956,0.033999999999999996,G
lora8,5,Cho2017,52,0.576,0.6,-0.023999999999999983,0.05399999999999996,G
lora8,5,Dreyer2023,1,0.8666666666666666,0.8766666666666667,-0.01000000000000002,0.03499999999999996,G
lora8,5,Dreyer2023,2,0.6516666666666666,0.6933333333333334,-0.04166666666666664,0.03166666666666664,G
lora8,5,Dreyer2023,3,0.74,0.8316666666666667,-0.09166666666666665,-0.01666666666666666,G
lora8,5,Dreyer2023,5,0.805,0.8816666666666666,-0.07666666666666663,0.0033333333333332993,G
lora8,5,Dreyer2023,6,0.8183333333333334,0.7849999999999999,0.0333333333333333,0.033333333333333305,G
lora8,5,Dreyer2023,7,0.9633333333333333,0.9683333333333332,-0.00499999999999996,0.00833333333333334,G
lora8,5,Dreyer2023,8,0.8566666666666667,0.82,0.03666666666666666,0.06166666666666666,G
lora8,5,Dreyer2023,10,0.8816666666666666,0.9283333333333333,-0.046666666666666676,-0.0016666666666666802,G
lora8,5,Dreyer2023,11,0.5916666666666667,0.6266666666666667,-0.03499999999999996,0.10166666666666661,G
lora8,5,Dreyer2023,12,0.8883333333333333,0.8916666666666666,-0.00333333333333332,0.03499999999999996,G
lora8,5,Dreyer2023,13,0.7266666666666667,0.7416666666666666,-0.01499999999999998,0.01833333333333334,G
lora8,5,Dreyer2023,14,0.6966666666666667,0.6983333333333333,-0.0016666666666666184,0.05833333333333333,G
lora8,5,Dreyer2023,15,0.9216666666666666,0.925,-0.00333333333333332,-0.006666666666666658,G
lora8,5,Dreyer2023,16,0.835,0.8266666666666668,0.0083333333333333,0.03499999999999996,G
lora8,5,Dreyer2023,18,0.9366666666666668,0.9199999999999999,0.01666666666666666,0.026666666666666616,G
lora8,5,Dreyer2023,19,0.9216666666666666,0.9066666666666666,0.01499999999999998,0.04999999999999998,G
lora8,5,Dreyer2023,20,0.9266666666666667,0.9166666666666666,0.01000000000000002,0.00500000000000004,G
lora8,5,Dreyer2023,21,0.9183333333333333,0.9233333333333332,-0.004999999999999981,0.011666666666666683,G
lora8,5,Dreyer2023,22,0.8366666666666667,0.9216666666666666,-0.08499999999999998,0.01833333333333332,G
lora8,5,Dreyer2023,23,0.7216666666666667,0.74,-0.018333333333333337,0.05666666666666664,G
lora8,5,Dreyer2023,24,0.9066666666666666,0.9483333333333333,-0.041666666666666664,0.0,G
lora8,5,Dreyer2023,25,0.685,0.6766666666666667,0.008333333333333321,0.05999999999999996,G
lora8,5,Dreyer2023,26,0.8183333333333334,0.805,0.013333333333333319,0.06666666666666664,G
lora8,5,Dreyer2023,27,0.7983333333333333,0.8016666666666667,-0.0033333333333333396,0.02499999999999996,G
lora8,5,Dreyer2023,28,0.8166666666666667,0.7866666666666666,0.02999999999999996,0.03333333333333334,G
lora8,5,Dreyer2023,30,0.7183333333333334,0.7033333333333334,0.01499999999999998,0.08999999999999994,G
lora8,5,Dreyer2023,31,0.8366666666666667,0.8949999999999999,-0.058333333333333307,0.01833333333333334,G
lora8,5,Dreyer2023,32,0.8699999999999999,0.845,0.024999999999999935,0.06333333333333327,G
lora8,5,Dreyer2023,33,0.755,0.7883333333333333,-0.033333333333333284,0.02000000000000002,G
lora8,5,Dreyer2023,34,0.8316666666666667,0.8183333333333334,0.0133333333333333,0.03166666666666662,G
lora8,5,Dreyer2023,35,0.7516666666666667,0.7616666666666666,-0.009999999999999943,0.0266666666666667,G
lora8,5,Dreyer2023,36,0.7666666666666667,0.8150000000000001,-0.0483333333333333,0.008333333333333281,G
lora8,5,Dreyer2023,37,0.7116666666666667,0.7366666666666667,-0.025000000000000022,0.02499999999999996,G
lora8,5,Dreyer2023,38,0.8183333333333334,0.8550000000000001,-0.03666666666666666,0.05499999999999996,G
lora8,5,Dreyer2023,39,0.9266666666666665,0.925,0.0016666666666666802,0.0333333333333333,G
lora8,5,Dreyer2023,40,0.8672413793103448,0.8672413793103448,-2.0122792321330962e-17,-0.00862068965517242,G
lora8,5,Dreyer2023,42,0.7566666666666666,0.7733333333333334,-0.01666666666666668,0.05999999999999994,G
lora8,5,Dreyer2023,43,0.9033333333333333,0.8833333333333334,0.02,0.01999999999999998,G
lora8,5,Dreyer2023,44,0.6849999999999999,0.6566666666666666,0.02833333333333332,0.01666666666666666,G
lora8,5,Dreyer2023,45,0.8066666666666666,0.7416666666666666,0.06499999999999997,0.06666666666666664,G
lora8,5,Dreyer2023,46,0.735,0.7366666666666667,-0.00166666666666666,-0.01833333333333336,G
lora8,5,Dreyer2023,47,0.8833333333333334,0.9,-0.016666666666666618,0.01833333333333332,G
lora8,5,Dreyer2023,48,0.6716666666666666,0.6616666666666666,0.01,0.02166666666666666,G
lora8,5,Dreyer2023,49,0.8,0.775,0.025,0.04833333333333332,G
lora8,5,Dreyer2023,50,0.625,0.64,-0.015,-0.020000000000000018,G
lora8,5,Dreyer2023,51,0.7633333333333334,0.7466666666666667,0.01666666666666668,0.041666666666666664,G
lora8,5,Dreyer2023,52,0.8033333333333333,0.7966666666666666,0.00666666666666664,0.018333333333333278,G
lora8,5,Dreyer2023,53,0.82,0.7883333333333333,0.03166666666666666,0.04999999999999996,G
lora8,5,Dreyer2023,54,0.735,0.7116666666666667,0.02333333333333336,0.04333333333333332,G
lora8,5,Dreyer2023,55,0.9199999999999999,0.9400000000000001,-0.019999999999999962,-1.9428902930940238e-17,G
lora8,5,Dreyer2023,56,0.875,0.9216666666666666,-0.04666666666666666,0.05833333333333333,G
lora8,5,Dreyer2023,57,0.705,0.6433333333333333,0.06166666666666665,0.02333333333333328,G
lora8,5,Dreyer2023,58,0.93,0.9333333333333333,-0.0033333333333333175,0.02166666666666664,G
lora8,5,Dreyer2023,59,0.8550000000000001,0.795,0.05999999999999992,0.03249999999999996,G
lora8,5,Dreyer2023,60,0.8433333333333334,0.8333333333333334,0.00999999999999994,0.044999999999999964,G
lora8,5,Dreyer2023,61,0.8300000000000001,0.86,-0.03,0.03833333333333328,G
lora8,5,Dreyer2023,62,0.7216666666666667,0.7466666666666667,-0.025,0.0866666666666666,G
lora8,5,Dreyer2023,63,0.7966666666666666,0.8,-0.003333333333333341,0.03666666666666662,G
lora8,5,Dreyer2023,64,0.7783333333333333,0.7583333333333334,0.019999999999999983,0.09833333333333329,G
lora8,5,Dreyer2023,65,0.8266666666666668,0.8400000000000001,-0.013333333333333319,0.041666666666666616,G
lora8,5,Dreyer2023,66,0.7566666666666666,0.7350000000000001,0.0216666666666666,0.02666666666666656,G
lora8,5,Dreyer2023,67,0.8,0.8033333333333333,-0.003333333333333321,0.02166666666666662,G
lora8,5,Dreyer2023,68,0.7483333333333333,0.75,-0.0016666666666666787,0.026666666666666616,G
lora8,5,Dreyer2023,69,0.8316666666666667,0.835,-0.0033333333333333604,0.03999999999999992,G
lora8,5,Dreyer2023,70,0.6466666666666667,0.6816666666666666,-0.034999999999999996,0.03333333333333332,G
lora8,5,Dreyer2023,71,0.8400000000000001,0.8550000000000001,-0.015000000000000041,-0.0016666666666667,G
lora8,5,Dreyer2023,72,0.825,0.8283333333333334,-0.003333333333333341,0.0749999999999999,G
lora8,5,Dreyer2023,73,0.78,0.7150000000000001,0.0649999999999999,0.13499999999999995,G
lora8,5,Dreyer2023,74,0.7633333333333333,0.7383333333333333,0.02499999999999996,0.038333333333333316,G
lora8,5,Dreyer2023,75,0.7716666666666667,0.7733333333333333,-0.0016666666666666995,0.043333333333333265,G
lora8,5,Dreyer2023,76,0.8566666666666667,0.8216666666666667,0.034999999999999996,0.09166666666666665,G
lora8,5,Dreyer2023,77,0.82,0.8316666666666667,-0.0116666666666667,0.01,G
lora8,5,Dreyer2023,80,0.6950000000000001,0.7116666666666667,-0.016666666666666656,0.06166666666666666,G
lora8,5,Dreyer2023,81,0.8016666666666667,0.845,-0.0433333333333333,-0.0033333333333333422,G
lora8,5,Dreyer2023,82,0.7716666666666667,0.8233333333333333,-0.051666666666666604,0.06666666666666668,G
lora8,5,Dreyer2023,83,0.6583333333333333,0.6583333333333334,-2.0816681711721685e-17,0.09333333333333325,G
lora8,5,Dreyer2023,84,0.8266666666666665,0.8466666666666667,-0.01999999999999996,0.03,G
lora8,5,Dreyer2023,85,0.7433333333333334,0.745,-0.0016666666666667201,0.0316666666666666,G
lora8,5,Dreyer2023,86,0.795,0.8166666666666667,-0.02166666666666664,0.006666666666666661,G
lora8,5,Dreyer2023,87,0.7416666666666666,0.7483333333333333,-0.0066666666666667,0.07499999999999993,G
lora8,5,PhysionetMI,1,0.8522727272727273,0.8530303030303031,-0.0007575757575757596,-0.04318181818181814,G
lora8,5,PhysionetMI,2,0.9123076923076923,0.9046153846153846,0.00769230769230766,0.01999999999999996,G
lora8,5,PhysionetMI,3,0.9643939393939395,0.9651515151515151,-0.0007575757575757402,4.0245584642661923e-17,G
lora8,5,PhysionetMI,4,0.9212121212121211,0.8924242424242423,0.028787878787878717,0.018939393939393877,G
lora8,5,PhysionetMI,5,0.706060606060606,0.7174242424242424,-0.011363636363636359,-0.046212121212121184,G
lora8,5,PhysionetMI,6,0.8712121212121211,0.8651515151515152,0.006060606060606019,0.03106060606060606,G
lora8,5,PhysionetMI,7,0.9818181818181818,0.9734848484848484,0.00833333333333334,0.0015151515151515002,G
lora8,5,PhysionetMI,8,0.8325757575757576,0.8568181818181818,-0.02424242424242422,0.04469696969696978,G
lora8,5,PhysionetMI,9,0.923846153846154,0.9030769230769231,0.020769230769230762,0.0492307692307692,G
lora8,5,PhysionetMI,10,0.7107692307692307,0.67,0.040769230769230766,0.02461538461538464,G
lora8,5,PhysionetMI,11,0.7068181818181818,0.7181818181818181,-0.011363636363636341,-0.043939393939393924,G
lora8,5,PhysionetMI,12,0.8477272727272727,0.8810606060606061,-0.033333333333333305,-0.01060606060606056,G
lora8,5,PhysionetMI,13,0.8037878787878787,0.7946969696969697,0.0090909090909091,0.022727272727272783,G
lora8,5,PhysionetMI,14,0.8340909090909092,0.8181818181818181,0.01590909090909092,0.05227272727272726,G
lora8,5,PhysionetMI,15,0.9746153846153847,0.9230769230769231,0.0515384615384615,0.06923076923076919,G
lora8,5,PhysionetMI,16,0.6431818181818182,0.6416666666666666,0.00151515151515154,-0.037878787878787845,G
lora8,5,PhysionetMI,17,0.8696969696969697,0.7856060606060605,0.08409090909090913,0.10833333333333339,G
lora8,5,PhysionetMI,18,1.0,1.0,0.0,0.0,G
lora8,5,PhysionetMI,19,0.9030303030303031,0.9121212121212121,-0.00909090909090908,-0.05075757575757578,G
lora8,5,PhysionetMI,20,0.906060606060606,0.8674242424242424,0.0386363636363636,0.09772727272727269,G
lora8,5,PhysionetMI,21,0.7295454545454546,0.7598484848484849,-0.030303030303030297,0.0621212121212121,G
lora8,5,PhysionetMI,22,0.9636363636363636,0.9636363636363636,0.0,0.0,G
lora8,5,PhysionetMI,23,0.8315384615384616,0.7992307692307692,0.0323076923076923,0.00461538461538456,G
lora8,5,PhysionetMI,24,0.7931818181818182,0.7946969696969697,-0.0015151515151515,-0.03484848484848484,G
lora8,5,PhysionetMI,25,0.6136363636363636,0.603030303030303,0.01060606060606062,-0.048484848484848436,G
lora8,5,PhysionetMI,26,0.5938461538461539,0.6230769230769231,-0.02923076923076922,-0.024615384615384657,G
lora8,5,PhysionetMI,27,0.8424242424242424,0.8696969696969697,-0.02727272727272726,-0.01666666666666668,G
lora8,5,PhysionetMI,28,0.7893939393939394,0.7977272727272727,-0.008333333333333321,0.03560606060606058,G
lora8,5,PhysionetMI,29,0.8022727272727274,0.7734848484848484,0.028787878787878758,0.13712121212121212,G
lora8,5,PhysionetMI,30,0.8962121212121212,0.8681818181818182,0.028030303030303023,0.02424242424242426,G
lora8,5,PhysionetMI,31,0.7643939393939394,0.7401515151515152,0.024242424242424218,0.02954545454545444,G
lora8,5,PhysionetMI,32,0.9346153846153846,0.9299999999999999,0.004615384615384662,0.002307692307692341,G
lora8,5,PhysionetMI,33,0.9454545454545455,0.9204545454545455,0.025,0.009848484848484839,G
lora8,5,PhysionetMI,34,0.8661538461538463,0.8215384615384614,0.0446153846153846,0.03923076923076918,G
lora8,5,PhysionetMI,35,0.8234848484848485,0.7962121212121211,0.027272727272727282,0.007575757575757599,G
lora8,5,PhysionetMI,36,0.8939393939393939,0.8651515151515152,0.02878787878787878,0.03106060606060604,G
lora8,5,PhysionetMI,37,0.7439393939393939,0.6454545454545455,0.09848484848484843,0.12272727272727271,G
lora8,5,PhysionetMI,38,0.4954545454545454,0.4878787878787879,0.0075757575757575595,0.045454545454545435,G
lora8,5,PhysionetMI,39,0.7757575757575758,0.7174242424242425,0.058333333333333307,0.07121212121212117,G
lora8,5,PhysionetMI,40,0.9500000000000002,0.990909090909091,-0.04090909090909084,-0.03409090909090908,G
lora8,5,PhysionetMI,41,0.9392307692307693,0.976923076923077,-0.03769230769230768,-0.06076923076923074,G
lora8,5,PhysionetMI,42,0.8780303030303032,0.9075757575757576,-0.02954545454545452,-0.01060606060606056,G
lora8,5,PhysionetMI,43,0.8378787878787879,0.8628787878787879,-0.025000000000000022,-0.0007575757575757596,G
lora8,5,PhysionetMI,44,0.8333333333333334,0.8333333333333334,0.0,0.034090909090909116,G
lora8,5,PhysionetMI,45,0.7863636363636364,0.7886363636363637,-0.002272727272727259,-0.009090909090909101,G
lora8,5,PhysionetMI,46,0.753030303030303,0.7143939393939395,0.03863636363636364,-0.023484848484848518,G
lora8,5,PhysionetMI,47,0.7598484848484849,0.7431818181818182,0.016666666666666698,0.006818181818181819,G
lora8,5,PhysionetMI,48,0.9818181818181818,0.990909090909091,-0.00909090909090908,0.0,G
lora8,5,PhysionetMI,49,0.7227272727272728,0.746969696969697,-0.02424242424242422,-0.006818181818181843,G
lora8,5,PhysionetMI,50,0.8356060606060607,0.7893939393939393,0.04621212121212124,0.08484848484848478,G
lora8,5,PhysionetMI,51,0.8734848484848484,0.8575757575757577,0.0159090909090909,0.01590909090909088,G
lora8,5,PhysionetMI,52,0.9092307692307692,0.8815384615384616,0.027692307692307638,-0.03000000000000002,G
lora8,5,PhysionetMI,53,0.9007575757575758,0.9121212121212121,-0.01136363636363632,0.0712121212121212,G
lora8,5,PhysionetMI,54,0.8803030303030303,0.8825757575757575,-0.00227272727272724,0.04015151515151514,G
lora8,5,PhysionetMI,55,0.8696969696969697,0.8727272727272728,-0.0030303030303030195,0.01666666666666666,G
lora8,5,PhysionetMI,56,0.8348484848484847,0.8424242424242424,-0.00757575757575758,0.0,G
lora8,5,PhysionetMI,57,0.9575757575757574,0.9499999999999998,0.00757575757575758,0.0083333333333333,G
lora8,5,PhysionetMI,58,0.8507692307692307,0.8084615384615385,0.04230769230769228,0.073076923076923,G
lora8,5,PhysionetMI,59,0.6704545454545455,0.6742424242424242,-0.0037878787878787997,0.1325757575757575,G
lora8,5,PhysionetMI,60,0.8138461538461538,0.8984615384615384,-0.0846153846153846,-0.010769230769230823,G
lora8,5,PhysionetMI,61,0.9545454545454547,0.9545454545454547,0.0,-0.00833333333333334,G
lora8,5,PhysionetMI,62,0.9499999999999998,0.9583333333333333,-0.00833333333333334,0.0083333333333333,G
lora8,5,PhysionetMI,63,0.7833333333333334,0.7371212121212121,0.0462121212121212,0.04848484848484846,G
lora8,5,PhysionetMI,64,0.7371212121212121,0.728030303030303,0.0090909090909091,0.03409090909090906,G
lora8,5,PhysionetMI,65,0.9492424242424242,0.9242424242424242,0.024999999999999977,-0.0030303030303030385,G
lora8,5,PhysionetMI,66,0.7871212121212121,0.7871212121212121,1.9428902930940238e-17,-0.039393939393939384,G
lora8,5,PhysionetMI,67,0.8068181818181819,0.7909090909090909,0.0159090909090909,0.06515151515151515,G
lora8,5,PhysionetMI,68,0.7401515151515152,0.7325757575757577,0.00757575757575758,-0.01060606060606062,G
lora8,5,PhysionetMI,69,0.8699999999999999,0.8207692307692307,0.049230769230769175,0.055384615384615365,G
lora8,5,PhysionetMI,70,0.9916666666666666,0.9742424242424242,0.01742424242424242,-0.01590909090909094,G
lora8,5,PhysionetMI,71,0.8772727272727273,0.8787878787878787,-0.0015151515151514995,0.05303030303030298,G
lora8,5,PhysionetMI,72,0.9916666666666666,0.990909090909091,0.0007575757575757402,0.0,G
lora8,5,PhysionetMI,73,0.7878787878787878,0.793939393939394,-0.0060606060606060806,0.01136363636363632,G
lora8,5,PhysionetMI,74,0.7795454545454545,0.7674242424242425,0.012121212121212078,-0.015151515151515176,G
lora8,5,PhysionetMI,75,0.6628787878787878,0.6787878787878788,-0.015909090909090977,0.018939393939393877,G
lora8,5,PhysionetMI,76,0.5356060606060605,0.5522727272727272,-0.016666666666666642,-0.030303030303030276,G
lora8,5,PhysionetMI,77,0.6075757575757577,0.5946969696969697,0.012878787878787901,0.0287878787878788,G
lora8,5,PhysionetMI,78,0.5568181818181819,0.5946969696969697,-0.03787878787878789,-0.07045454545454541,G
lora8,5,PhysionetMI,79,0.7265151515151516,0.7340909090909091,-0.007575757575757581,0.016666666666666656,G
lora8,5,PhysionetMI,80,0.8400000000000001,0.7961538461538462,0.043846153846153826,0.04538461538461532,G
lora8,5,PhysionetMI,81,0.8810606060606062,0.8810606060606062,0.0,0.00984848484848482,G
lora8,5,PhysionetMI,82,0.8856060606060605,0.8280303030303031,0.05757575757575758,0.06590909090909092,G
lora8,5,PhysionetMI,83,0.7661538461538462,0.6992307692307692,0.06692307692307695,0.04384615384615385,G
lora8,5,PhysionetMI,84,0.8545454545454545,0.8234848484848485,0.031060606060606066,0.0007575757575757402,G
lora8,5,PhysionetMI,85,0.7825757575757576,0.8613636363636363,-0.07878787878787878,0.09696969696969689,G
lora8,5,PhysionetMI,86,0.9923076923076923,0.9846153846153847,0.007692307692307681,0.00538461538461536,G
lora8,5,PhysionetMI,87,0.6212121212121212,0.6371212121212121,-0.01590909090909092,-0.0765151515151514,G
lora8,5,PhysionetMI,90,0.8734848484848484,0.8742424242424243,-0.0007575757575757792,0.0022727272727272015,G
lora8,5,PhysionetMI,91,0.9659090909090908,0.9318181818181817,0.03409090909090906,-0.06590909090909083,G
lora8,5,PhysionetMI,93,0.7704545454545454,0.7696969696969698,0.0007575757575757625,0.05530303030303032,G
lora8,5,PhysionetMI,94,0.8143939393939394,0.7863636363636364,0.028030303030303,0.06818181818181818,G
lora8,5,PhysionetMI,95,0.6238461538461538,0.6838461538461539,-0.06,-0.018461538461538463,G
lora8,5,PhysionetMI,96,0.8666666666666666,0.8583333333333332,0.00833333333333334,-0.026515151515151502,G
lora8,5,PhysionetMI,97,0.8257575757575758,0.7893939393939393,0.0363636363636364,0.11060606060606062,G
lora8,5,PhysionetMI,98,0.46363636363636357,0.4621212121212121,0.0015151515151515208,0.03560606060606056,G
lora8,5,PhysionetMI,99,0.625,0.6234848484848484,0.0015151515151515388,-0.039393939393939405,G
lora8,5,PhysionetMI,101,0.9415384615384615,0.9307692307692308,0.01076923076923076,0.0461538461538461,G
lora8,5,PhysionetMI,102,0.8181818181818181,0.7333333333333334,0.08484848484848481,0.07424242424242418,G
lora8,5,PhysionetMI,103,0.8007575757575758,0.8242424242424242,-0.0234848484848485,-0.043939393939393924,G
lora8,5,PhysionetMI,105,0.9325757575757574,0.9068181818181819,0.02575757575757572,0.04242424242424234,G
lora8,5,PhysionetMI,107,0.6007575757575758,0.5772727272727273,0.023484848484848442,-0.0492424242424242,G
lora8,5,PhysionetMI,108,0.7787878787878788,0.8121212121212121,-0.033333333333333305,0.075,G
lora8,5,PhysionetMI,109,0.7363636363636363,0.7106060606060606,0.02575757575757574,-0.01893939393939392,G
lora8,10,Cho2017,1,0.662,0.634,0.02799999999999998,0.07799999999999999,G
lora8,10,Cho2017,2,0.514,0.528,-0.014000000000000004,-0.032,G
lora8,10,Cho2017,3,0.766,0.6599999999999999,0.10599999999999996,0.20800000000000002,G
lora8,10,Cho2017,4,0.658,0.6599999999999999,-0.0019999999999999792,0.06399999999999995,G
lora8,10,Cho2017,5,0.994,1.0,-0.006,-0.006,G
lora8,10,Cho2017,6,0.8240000000000001,0.8160000000000001,0.00799999999999998,0.02,G
lora8,10,Cho2017,7,0.5,0.515,-0.01499999999999998,0.01,G
lora8,10,Cho2017,8,0.532,0.542,-0.009999999999999959,-0.009999999999999981,G
lora8,10,Cho2017,9,0.5916666666666667,0.5533333333333333,0.038333333333333316,0.045,G
lora8,10,Cho2017,10,0.5700000000000001,0.5800000000000001,-0.01,0.051999999999999956,G
lora8,10,Cho2017,11,0.592,0.616,-0.02399999999999996,-0.022000000000000002,G
lora8,10,Cho2017,12,0.5599999999999999,0.556,0.00399999999999992,0.17599999999999993,G
lora8,10,Cho2017,13,0.866,0.834,0.03199999999999999,0.1419999999999999,G
lora8,10,Cho2017,14,0.8320000000000001,0.696,0.13600000000000004,0.184,G
lora8,10,Cho2017,15,0.524,0.524,-6.938893903907229e-19,0.13999999999999993,G
lora8,10,Cho2017,16,0.634,0.634,0.0,0.008000000000000021,G
lora8,10,Cho2017,17,0.562,0.584,-0.022,0.00799999999999998,G
lora8,10,Cho2017,18,0.622,0.6140000000000001,0.008000000000000002,0.03599999999999996,G
lora8,10,Cho2017,19,0.512,0.518,-0.006,0.01599999999999998,G
lora8,10,Cho2017,20,0.62,0.626,-0.0059999999999999585,0.07599999999999998,G
lora8,10,Cho2017,21,0.562,0.542,0.019999999999999983,0.07799999999999993,G
lora8,10,Cho2017,22,0.602,0.592,0.00999999999999992,0.04799999999999992,G
lora8,10,Cho2017,23,0.5700000000000001,0.562,0.007999999999999998,0.03799999999999994,G
lora8,10,Cho2017,24,0.5599999999999999,0.528,0.032,0.07999999999999999,G
lora8,10,Cho2017,25,0.5660000000000001,0.548,0.01799999999999996,0.02400000000000002,G
lora8,10,Cho2017,26,0.9960000000000001,0.992,0.004,0.006,G
lora8,10,Cho2017,27,0.556,0.5980000000000001,-0.04199999999999998,-0.03999999999999994,G
lora8,10,Cho2017,28,0.666,0.5980000000000001,0.06799999999999994,0.25199999999999995,G
lora8,10,Cho2017,29,0.476,0.476,-2.0122792321330962e-17,0.04799999999999998,G
lora8,10,Cho2017,30,0.6539999999999999,0.716,-0.061999999999999965,0.024,G
lora8,10,Cho2017,31,0.592,0.58,0.012,0.05999999999999994,G
lora8,10,Cho2017,32,0.526,0.552,-0.026000000000000023,0.01200000000000004,G
lora8,10,Cho2017,33,0.532,0.5700000000000001,-0.03799999999999998,-0.05599999999999996,G
lora8,10,Cho2017,34,0.594,0.55,0.043999999999999914,-0.00599999999999998,G
lora8,10,Cho2017,35,0.43599999999999994,0.46399999999999997,-0.028000000000000004,0.414,G
lora8,10,Cho2017,36,0.5519999999999999,0.54,0.01199999999999998,0.01999999999999998,G
lora8,10,Cho2017,37,0.876,0.8800000000000001,-0.003999999999999999,0.0,G
lora8,10,Cho2017,38,0.5860000000000001,0.592,-0.006000000000000001,-0.00799999999999998,G
lora8,10,Cho2017,39,0.54,0.528,0.012,0.04799999999999996,G
lora8,10,Cho2017,40,0.476,0.508,-0.03199999999999996,0.026000000000000023,G
lora8,10,Cho2017,41,0.608,0.616,-0.007999999999999998,0.07799999999999992,G
lora8,10,Cho2017,42,0.58,0.552,0.02799999999999992,-0.042,G
lora8,10,Cho2017,43,1.0,1.0,0.0,0.0,G
lora8,10,Cho2017,44,0.958,0.9339999999999999,0.024,0.03,G
lora8,10,Cho2017,45,0.522,0.524,-0.00200000000000002,0.0039999999999999775,G
lora8,10,Cho2017,46,0.6066666666666667,0.5533333333333333,0.053333333333333274,0.11833333333333326,G
lora8,10,Cho2017,47,0.8620000000000001,0.808,0.054000000000000006,0.05399999999999998,G
lora8,10,Cho2017,48,0.662,0.644,0.017999999999999978,0.03599999999999994,G
lora8,10,Cho2017,49,0.9960000000000001,0.9960000000000001,0.0,0.0,G
lora8,10,Cho2017,50,0.9960000000000001,0.96,0.03599999999999998,0.03999999999999998,G
lora8,10,Cho2017,51,0.62,0.5700000000000001,0.04999999999999994,0.033999999999999996,G
lora8,10,Cho2017,52,0.6439999999999999,0.6,0.04399999999999996,0.05399999999999996,G
lora8,10,Dreyer2023,1,0.8933333333333333,0.8766666666666667,0.016666666666666642,0.03499999999999996,G
lora8,10,Dreyer2023,2,0.67,0.6933333333333334,-0.0233333333333333,0.03166666666666664,G
lora8,10,Dreyer2023,3,0.8183333333333334,0.8316666666666667,-0.01333333333333336,-0.01666666666666666,G
lora8,10,Dreyer2023,5,0.8633333333333333,0.8816666666666666,-0.01833333333333336,0.0033333333333332993,G
lora8,10,Dreyer2023,6,0.8066666666666666,0.7849999999999999,0.02166666666666662,0.033333333333333305,G
lora8,10,Dreyer2023,7,0.9650000000000001,0.9683333333333332,-0.0033333333333332993,0.00833333333333334,G
lora8,10,Dreyer2023,8,0.8633333333333333,0.82,0.04333333333333334,0.06166666666666666,G
lora8,10,Dreyer2023,10,0.9183333333333333,0.9283333333333333,-0.009999999999999978,-0.0016666666666666802,G
lora8,10,Dreyer2023,11,0.6433333333333333,0.6266666666666667,0.016666666666666618,0.10166666666666661,G
lora8,10,Dreyer2023,12,0.8949999999999999,0.8916666666666666,0.00333333333333332,0.03499999999999996,G
lora8,10,Dreyer2023,13,0.7183333333333334,0.7416666666666666,-0.0233333333333333,0.01833333333333334,G
lora8,10,Dreyer2023,14,0.725,0.6983333333333333,0.02666666666666668,0.05833333333333333,G
lora8,10,Dreyer2023,15,0.9199999999999999,0.925,-0.00500000000000002,-0.006666666666666658,G
lora8,10,Dreyer2023,16,0.8383333333333333,0.8266666666666668,0.01166666666666666,0.03499999999999996,G
lora8,10,Dreyer2023,18,0.925,0.9199999999999999,0.00499999999999998,0.026666666666666616,G
lora8,10,Dreyer2023,19,0.9316666666666666,0.9066666666666666,0.02499999999999996,0.04999999999999998,G
lora8,10,Dreyer2023,20,0.9299999999999999,0.9166666666666666,0.013333333333333341,0.00500000000000004,G
lora8,10,Dreyer2023,21,0.945,0.9233333333333332,0.02166666666666664,0.011666666666666683,G
lora8,10,Dreyer2023,22,0.8033333333333333,0.9216666666666666,-0.11833333333333332,0.01833333333333332,G
lora8,10,Dreyer2023,23,0.7816666666666666,0.74,0.041666666666666644,0.05666666666666664,G
lora8,10,Dreyer2023,24,0.9066666666666666,0.9483333333333333,-0.0416666666666666,0.0,G
lora8,10,Dreyer2023,25,0.675,0.6766666666666667,-0.0016666666666667201,0.05999999999999996,G
lora8,10,Dreyer2023,26,0.8233333333333333,0.805,0.018333333333333278,0.06666666666666664,G
lora8,10,Dreyer2023,27,0.8016666666666665,0.8016666666666667,-1.9428902930940238e-17,0.02499999999999996,G
lora8,10,Dreyer2023,28,0.7916666666666667,0.7866666666666666,0.005000000000000041,0.03333333333333334,G
lora8,10,Dreyer2023,30,0.7116666666666667,0.7033333333333334,0.0083333333333333,0.08999999999999994,G
lora8,10,Dreyer2023,31,0.8966666666666667,0.8949999999999999,0.0016666666666667203,0.01833333333333334,G
lora8,10,Dreyer2023,32,0.8633333333333333,0.845,0.01833333333333332,0.06333333333333327,G
lora8,10,Dreyer2023,33,0.7666666666666667,0.7883333333333333,-0.02166666666666662,0.02000000000000002,G
lora8,10,Dreyer2023,34,0.845,0.8183333333333334,0.026666666666666623,0.03166666666666662,G
lora8,10,Dreyer2023,35,0.7516666666666667,0.7616666666666666,-0.009999999999999962,0.0266666666666667,G
lora8,10,Dreyer2023,36,0.7833333333333333,0.8150000000000001,-0.03166666666666666,0.008333333333333281,G
lora8,10,Dreyer2023,37,0.7316666666666667,0.7366666666666667,-0.00499999999999996,0.02499999999999996,G
lora8,10,Dreyer2023,38,0.805,0.8550000000000001,-0.049999999999999975,0.05499999999999996,G
lora8,10,Dreyer2023,39,0.9333333333333333,0.925,0.008333333333333378,0.0333333333333333,G
lora8,10,Dreyer2023,40,0.8689655172413794,0.8672413793103448,0.0017241379310344398,-0.00862068965517242,G
lora8,10,Dreyer2023,42,0.7783333333333333,0.7733333333333334,0.004999999999999937,0.05999999999999994,G
lora8,10,Dreyer2023,43,0.8949999999999999,0.8833333333333334,0.01166666666666664,0.01999999999999998,G
lora8,10,Dreyer2023,44,0.6733333333333333,0.6566666666666666,0.016666666666666656,0.01666666666666666,G
lora8,10,Dreyer2023,45,0.8150000000000001,0.7416666666666666,0.07333333333333328,0.06666666666666664,G
lora8,10,Dreyer2023,46,0.7216666666666667,0.7366666666666667,-0.01499999999999998,-0.01833333333333336,G
lora8,10,Dreyer2023,47,0.8883333333333333,0.9,-0.01166666666666666,0.01833333333333332,G
lora8,10,Dreyer2023,48,0.6716666666666666,0.6616666666666666,0.01,0.02166666666666666,G
lora8,10,Dreyer2023,49,0.755,0.775,-0.02,0.04833333333333332,G
lora8,10,Dreyer2023,50,0.625,0.64,-0.015000000000000045,-0.020000000000000018,G
lora8,10,Dreyer2023,51,0.755,0.7466666666666667,0.008333333333333318,0.041666666666666664,G
lora8,10,Dreyer2023,52,0.805,0.7966666666666666,0.0083333333333333,0.018333333333333278,G
lora8,10,Dreyer2023,53,0.775,0.7883333333333333,-0.013333333333333322,0.04999999999999996,G
lora8,10,Dreyer2023,54,0.725,0.7116666666666667,0.013333333333333381,0.04333333333333332,G
lora8,10,Dreyer2023,55,0.9183333333333333,0.9400000000000001,-0.021666666666666643,-1.9428902930940238e-17,G
lora8,10,Dreyer2023,56,0.8383333333333333,0.9216666666666666,-0.0833333333333333,0.05833333333333333,G
lora8,10,Dreyer2023,57,0.7033333333333334,0.6433333333333333,0.059999999999999984,0.02333333333333328,G
lora8,10,Dreyer2023,58,0.9483333333333333,0.9333333333333333,0.01499999999999998,0.02166666666666664,G
lora8,10,Dreyer2023,59,0.765,0.795,-0.030000000000000006,0.03249999999999996,G
lora8,10,Dreyer2023,60,0.8300000000000001,0.8333333333333334,-0.003333333333333341,0.044999999999999964,G
lora8,10,Dreyer2023,61,0.8466666666666667,0.86,-0.0133333333333333,0.03833333333333328,G
lora8,10,Dreyer2023,62,0.7350000000000001,0.7466666666666667,-0.01166666666666664,0.0866666666666666,G
lora8,10,Dreyer2023,63,0.7933333333333333,0.8,-0.006666666666666659,0.03666666666666662,G
lora8,10,Dreyer2023,64,0.7783333333333333,0.7583333333333334,0.019999999999999962,0.09833333333333329,G
lora8,10,Dreyer2023,65,0.8516666666666668,0.8400000000000001,0.011666666666666683,0.041666666666666616,G
lora8,10,Dreyer2023,66,0.7316666666666667,0.7350000000000001,-0.00333333333333338,0.02666666666666656,G
lora8,10,Dreyer2023,67,0.8,0.8033333333333333,-0.00333333333333332,0.02166666666666662,G
lora8,10,Dreyer2023,68,0.7566666666666666,0.75,0.00666666666666664,0.026666666666666616,G
lora8,10,Dreyer2023,69,0.8400000000000001,0.835,0.004999999999999939,0.03999999999999992,G
lora8,10,Dreyer2023,70,0.6533333333333333,0.6816666666666666,-0.02833333333333332,0.03333333333333332,G
lora8,10,Dreyer2023,71,0.8533333333333333,0.8550000000000001,-0.0016666666666667004,-0.0016666666666667,G
lora8,10,Dreyer2023,72,0.85,0.8283333333333334,0.02166666666666666,0.0749999999999999,G
lora8,10,Dreyer2023,73,0.8016666666666665,0.7150000000000001,0.0866666666666666,0.13499999999999995,G
lora8,10,Dreyer2023,74,0.735,0.7383333333333333,-0.003333333333333361,0.038333333333333316,G
lora8,10,Dreyer2023,75,0.7583333333333334,0.7733333333333333,-0.015,0.043333333333333265,G
lora8,10,Dreyer2023,76,0.8400000000000001,0.8216666666666667,0.01833333333333334,0.09166666666666665,G
lora8,10,Dreyer2023,77,0.7733333333333333,0.8316666666666667,-0.05833333333333331,0.01,G
lora8,10,Dreyer2023,80,0.7266666666666667,0.7116666666666667,0.014999999999999982,0.06166666666666666,G
lora8,10,Dreyer2023,81,0.825,0.845,-0.020000000000000018,-0.0033333333333333422,G
lora8,10,Dreyer2023,82,0.78,0.8233333333333333,-0.043333333333333265,0.06666666666666668,G
lora8,10,Dreyer2023,83,0.6733333333333333,0.6583333333333334,0.01499999999999998,0.09333333333333325,G
lora8,10,Dreyer2023,84,0.8616666666666667,0.8466666666666667,0.015000000000000019,0.03,G
lora8,10,Dreyer2023,85,0.75,0.745,0.00499999999999998,0.0316666666666666,G
lora8,10,Dreyer2023,86,0.8366666666666667,0.8166666666666667,0.01999999999999996,0.006666666666666661,G
lora8,10,Dreyer2023,87,0.7116666666666667,0.7483333333333333,-0.03666666666666666,0.07499999999999993,G
lora8,10,PhysionetMI,1,0.843939393939394,0.8530303030303031,-0.0090909090909091,-0.04318181818181814,G
lora8,10,PhysionetMI,2,0.9146153846153846,0.9046153846153846,0.009999999999999959,0.01999999999999996,G
lora8,10,PhysionetMI,3,0.9643939393939395,0.9651515151515151,-0.0007575757575757402,4.0245584642661923e-17,G
lora8,10,PhysionetMI,4,0.903030303030303,0.8924242424242423,0.01060606060606056,0.018939393939393877,G
lora8,10,PhysionetMI,5,0.725,0.7174242424242424,0.00757575757575762,-0.046212121212121184,G
lora8,10,PhysionetMI,6,0.8621212121212121,0.8651515151515152,-0.0030303030303030594,0.03106060606060606,G
lora8,10,PhysionetMI,7,0.9825757575757577,0.9734848484848484,0.00909090909090908,0.0015151515151515002,G
lora8,10,PhysionetMI,8,0.8378787878787879,0.8568181818181818,-0.01893939393939394,0.04469696969696978,G
lora8,10,PhysionetMI,9,0.9015384615384615,0.9030769230769231,-0.0015384615384615428,0.0492307692307692,G
lora8,10,PhysionetMI,10,0.7076923076923077,0.67,0.037692307692307706,0.02461538461538464,G
lora8,10,PhysionetMI,11,0.7151515151515151,0.7181818181818181,-0.0030303030303029804,-0.043939393939393924,G
lora8,10,PhysionetMI,12,0.8560606060606061,0.8810606060606061,-0.025,-0.01060606060606056,G
lora8,10,PhysionetMI,13,0.7765151515151516,0.7946969696969697,-0.01818181818181816,0.022727272727272783,G
lora8,10,PhysionetMI,14,0.8356060606060607,0.8181818181818181,0.0174242424242424,0.05227272727272726,G
lora8,10,PhysionetMI,15,0.9746153846153847,0.9230769230769231,0.05153846153846155,0.06923076923076919,G
lora8,10,PhysionetMI,16,0.6598484848484849,0.6416666666666666,0.0181818181818182,-0.037878787878787845,G
lora8,10,PhysionetMI,17,0.8704545454545454,0.7856060606060605,0.08484848484848484,0.10833333333333339,G
lora8,10,PhysionetMI,18,1.0,1.0,0.0,0.0,G
lora8,10,PhysionetMI,19,0.8939393939393939,0.9121212121212121,-0.01818181818181816,-0.05075757575757578,G
lora8,10,PhysionetMI,20,0.9143939393939393,0.8674242424242424,0.04696969696969688,0.09772727272727269,G
lora8,10,PhysionetMI,21,0.7742424242424243,0.7598484848484849,0.0143939393939394,0.0621212121212121,G
lora8,10,PhysionetMI,22,0.9636363636363636,0.9636363636363636,0.0,0.0,G
lora8,10,PhysionetMI,23,0.836923076923077,0.7992307692307692,0.03769230769230766,0.00461538461538456,G
lora8,10,PhysionetMI,24,0.8234848484848485,0.7946969696969697,0.02878787878787878,-0.03484848484848484,G
lora8,10,PhysionetMI,25,0.5734848484848485,0.603030303030303,-0.02954545454545454,-0.048484848484848436,G
lora8,10,PhysionetMI,26,0.6130769230769231,0.6230769230769231,-0.010000000000000021,-0.024615384615384657,G
lora8,10,PhysionetMI,27,0.8613636363636363,0.8696969696969697,-0.00833333333333334,-0.01666666666666668,G
lora8,10,PhysionetMI,28,0.8265151515151515,0.7977272727272727,0.02878787878787878,0.03560606060606058,G
lora8,10,PhysionetMI,29,0.8583333333333334,0.7734848484848484,0.08484848484848487,0.13712121212121212,G
lora8,10,PhysionetMI,30,0.8674242424242424,0.8681818181818182,-0.0007575757575757201,0.02424242424242426,G
lora8,10,PhysionetMI,31,0.7484848484848485,0.7401515151515152,0.008333333333333259,0.02954545454545444,G
lora8,10,PhysionetMI,32,0.9123076923076923,0.9299999999999999,-0.01769230769230764,0.002307692307692341,G
lora8,10,PhysionetMI,33,0.9363636363636363,0.9204545454545455,0.01590909090909094,0.009848484848484839,G
lora8,10,PhysionetMI,34,0.8615384615384617,0.8215384615384614,0.04,0.03923076923076918,G
lora8,10,PhysionetMI,35,0.8151515151515152,0.7962121212121211,0.01893939393939394,0.007575757575757599,G
lora8,10,PhysionetMI,36,0.8386363636363636,0.8651515151515152,-0.0265151515151515,0.03106060606060604,G
lora8,10,PhysionetMI,37,0.7522727272727272,0.6454545454545455,0.10681818181818174,0.12272727272727271,G
lora8,10,PhysionetMI,38,0.4916666666666666,0.4878787878787879,0.0037878787878787997,0.045454545454545435,G
lora8,10,PhysionetMI,39,0.7378787878787879,0.7174242424242425,0.02045454545454544,0.07121212121212117,G
lora8,10,PhysionetMI,40,0.9333333333333333,0.990909090909091,-0.057575757575757544,-0.03409090909090908,G
lora8,10,PhysionetMI,41,0.9415384615384615,0.976923076923077,-0.03538461538461534,-0.06076923076923074,G
lora8,10,PhysionetMI,42,0.8681818181818182,0.9075757575757576,-0.039393939393939356,-0.01060606060606056,G
lora8,10,PhysionetMI,43,0.8871212121212121,0.8628787878787879,0.02424242424242422,-0.0007575757575757596,G
lora8,10,PhysionetMI,44,0.8424242424242424,0.8333333333333334,0.0090909090909091,0.034090909090909116,G
lora8,10,PhysionetMI,45,0.8015151515151515,0.7886363636363637,0.012878787878787878,-0.009090909090909101,G
lora8,10,PhysionetMI,46,0.7310606060606061,0.7143939393939395,0.01666666666666666,-0.023484848484848518,G
lora8,10,PhysionetMI,47,0.7992424242424242,0.7431818181818182,0.05606060606060605,0.006818181818181819,G
lora8,10,PhysionetMI,48,0.990909090909091,0.990909090909091,0.0,0.0,G
lora8,10,PhysionetMI,49,0.7318181818181818,0.746969696969697,-0.015151515151515138,-0.006818181818181843,G
lora8,10,PhysionetMI,50,0.8318181818181818,0.7893939393939393,0.04242424242424238,0.08484848484848478,G
lora8,10,PhysionetMI,51,0.7924242424242424,0.8575757575757577,-0.06515151515151511,0.01590909090909088,G
lora8,10,PhysionetMI,52,0.9015384615384615,0.8815384615384616,0.01999999999999994,-0.03000000000000002,G
lora8,10,PhysionetMI,53,0.8916666666666668,0.9121212121212121,-0.02045454545454534,0.0712121212121212,G
lora8,10,PhysionetMI,54,0.8969696969696971,0.8825757575757575,0.014393939393939459,0.04015151515151514,G
lora8,10,PhysionetMI,55,0.8606060606060607,0.8727272727272728,-0.01212121212121212,0.01666666666666666,G
lora8,10,PhysionetMI,56,0.8174242424242424,0.8424242424242424,-0.025,0.0,G
lora8,10,PhysionetMI,57,0.9499999999999998,0.9499999999999998,0.0,0.0083333333333333,G
lora8,10,PhysionetMI,58,0.8738461538461539,0.8084615384615385,0.06538461538461533,0.073076923076923,G
lora8,10,PhysionetMI,59,0.7075757575757576,0.6742424242424242,0.033333333333333284,0.1325757575757575,G
lora8,10,PhysionetMI,60,0.8807692307692309,0.8984615384615384,-0.017692307692307722,-0.010769230769230823,G
lora8,10,PhysionetMI,61,0.9545454545454547,0.9545454545454547,0.0,-0.00833333333333334,G
lora8,10,PhysionetMI,62,0.9583333333333333,0.9583333333333333,0.0,0.0083333333333333,G
lora8,10,PhysionetMI,63,0.7553030303030303,0.7371212121212121,0.01818181818181814,0.04848484848484846,G
lora8,10,PhysionetMI,64,0.7606060606060606,0.728030303030303,0.03257575757575758,0.03409090909090906,G
lora8,10,PhysionetMI,65,0.9651515151515152,0.9242424242424242,0.0409090909090909,-0.0030303030303030385,G
lora8,10,PhysionetMI,66,0.818939393939394,0.7871212121212121,0.03181818181818184,-0.039393939393939384,G
lora8,10,PhysionetMI,67,0.8560606060606061,0.7909090909090909,0.06515151515151514,0.06515151515151515,G
lora8,10,PhysionetMI,68,0.7151515151515152,0.7325757575757577,-0.01742424242424242,-0.01060606060606062,G
lora8,10,PhysionetMI,69,0.8084615384615385,0.8207692307692307,-0.0123076923076923,0.055384615384615365,G
lora8,10,PhysionetMI,70,0.9583333333333333,0.9742424242424242,-0.01590909090909092,-0.01590909090909094,G
lora8,10,PhysionetMI,71,0.8962121212121211,0.8787878787878787,0.0174242424242424,0.05303030303030298,G
lora8,10,PhysionetMI,72,1.0,0.990909090909091,0.00909090909090908,0.0,G
lora8,10,PhysionetMI,73,0.7818181818181819,0.793939393939394,-0.012121212121212099,0.01136363636363632,G
lora8,10,PhysionetMI,74,0.7825757575757576,0.7674242424242425,0.015151515151515138,-0.015151515151515176,G
lora8,10,PhysionetMI,75,0.671969696969697,0.6787878787878788,-0.006818181818181899,0.018939393939393877,G
lora8,10,PhysionetMI,76,0.4893939393939394,0.5522727272727272,-0.06287878787878783,-0.030303030303030276,G
lora8,10,PhysionetMI,77,0.6318181818181818,0.5946969696969697,0.0371212121212121,0.0287878787878788,G
lora8,10,PhysionetMI,78,0.5477272727272727,0.5946969696969697,-0.046969696969696946,-0.07045454545454541,G
lora8,10,PhysionetMI,79,0.7340909090909091,0.7340909090909091,-3.9638431426070045e-17,0.016666666666666656,G
lora8,10,PhysionetMI,80,0.8323076923076924,0.7961538461538462,0.03615384615384612,0.04538461538461532,G
lora8,10,PhysionetMI,81,0.8901515151515152,0.8810606060606062,0.0090909090909091,0.00984848484848482,G
lora8,10,PhysionetMI,82,0.8689393939393939,0.8280303030303031,0.0409090909090909,0.06590909090909092,G
lora8,10,PhysionetMI,83,0.696923076923077,0.6992307692307692,-0.00230769230769228,0.04384615384615385,G
lora8,10,PhysionetMI,84,0.8416666666666668,0.8234848484848485,0.018181818181818223,0.0007575757575757402,G
lora8,10,PhysionetMI,85,0.8492424242424242,0.8613636363636363,-0.012121212121212081,0.09696969696969689,G
lora8,10,PhysionetMI,86,0.9923076923076923,0.9846153846153847,0.007692307692307681,0.00538461538461536,G
lora8,10,PhysionetMI,87,0.6181818181818182,0.6371212121212121,-0.01893939393939394,-0.0765151515151514,G
lora8,10,PhysionetMI,90,0.8742424242424243,0.8742424242424243,-1.9428902930940238e-17,0.0022727272727272015,G
lora8,10,PhysionetMI,91,0.9659090909090908,0.9318181818181817,0.03409090909090908,-0.06590909090909083,G
lora8,10,PhysionetMI,93,0.7795454545454545,0.7696969696969698,0.00984848484848486,0.05530303030303032,G
lora8,10,PhysionetMI,94,0.8295454545454545,0.7863636363636364,0.04318181818181812,0.06818181818181818,G
lora8,10,PhysionetMI,95,0.7084615384615385,0.6838461538461539,0.0246153846153846,-0.018461538461538463,G
lora8,10,PhysionetMI,96,0.8568181818181818,0.8583333333333332,-0.0015151515151514805,-0.026515151515151502,G
lora8,10,PhysionetMI,97,0.7962121212121211,0.7893939393939393,0.0068181818181818595,0.11060606060606062,G
lora8,10,PhysionetMI,98,0.4954545454545454,0.4621212121212121,0.03333333333333332,0.03560606060606056,G
lora8,10,PhysionetMI,99,0.6098484848484849,0.6234848484848484,-0.013636363636363679,-0.039393939393939405,G
lora8,10,PhysionetMI,101,0.9515384615384616,0.9307692307692308,0.020769230769230762,0.0461538461538461,G
lora8,10,PhysionetMI,102,0.7992424242424242,0.7333333333333334,0.06590909090909089,0.07424242424242418,G
lora8,10,PhysionetMI,103,0.7643939393939394,0.8242424242424242,-0.05984848484848484,-0.043939393939393924,G
lora8,10,PhysionetMI,105,0.9234848484848485,0.9068181818181819,0.016666666666666618,0.04242424242424234,G
lora8,10,PhysionetMI,107,0.6113636363636363,0.5772727272727273,0.034090909090909075,-0.0492424242424242,G
lora8,10,PhysionetMI,108,0.7621212121212121,0.8121212121212121,-0.04999999999999995,0.075,G
lora8,10,PhysionetMI,109,0.7098484848484848,0.7106060606060606,-0.0007575757575757596,-0.01893939393939392,G
lora8,20,Cho2017,1,0.638,0.634,0.00400000000000002,0.07799999999999999,G
lora8,20,Cho2017,2,0.518,0.528,-0.01,-0.032,G
lora8,20,Cho2017,3,0.844,0.6599999999999999,0.184,0.20800000000000002,G
lora8,20,Cho2017,4,0.6639999999999999,0.6599999999999999,0.003999999999999999,0.06399999999999995,G
lora8,20,Cho2017,5,0.994,1.0,-0.006,-0.006,G
lora8,20,Cho2017,6,0.818,0.8160000000000001,0.0019999999999999398,0.02,G
lora8,20,Cho2017,7,0.53,0.515,0.01499999999999998,0.01,G
lora8,20,Cho2017,8,0.538,0.542,-0.003999999999999978,-0.009999999999999981,G
lora8,20,Cho2017,9,0.6083333333333334,0.5533333333333333,0.05499999999999998,0.045,G
lora8,20,Cho2017,10,0.5900000000000001,0.5800000000000001,0.00999999999999996,0.051999999999999956,G
lora8,20,Cho2017,11,0.5900000000000001,0.616,-0.025999999999999978,-0.022000000000000002,G
lora8,20,Cho2017,12,0.554,0.556,-0.002,0.17599999999999993,G
lora8,20,Cho2017,13,0.9219999999999999,0.834,0.08799999999999993,0.1419999999999999,G
lora8,20,Cho2017,14,0.8699999999999999,0.696,0.17399999999999996,0.184,G
lora8,20,Cho2017,15,0.538,0.524,0.014000000000000002,0.13999999999999993,G
lora8,20,Cho2017,16,0.5940000000000001,0.634,-0.03999999999999994,0.008000000000000021,G
lora8,20,Cho2017,17,0.5660000000000001,0.584,-0.01799999999999998,0.00799999999999998,G
lora8,20,Cho2017,18,0.616,0.6140000000000001,0.0020000000000000018,0.03599999999999996,G
lora8,20,Cho2017,19,0.51,0.518,-0.007999999999999983,0.01599999999999998,G
lora8,20,Cho2017,20,0.598,0.626,-0.02799999999999998,0.07599999999999998,G
lora8,20,Cho2017,21,0.592,0.542,0.05,0.07799999999999993,G
lora8,20,Cho2017,22,0.554,0.592,-0.03799999999999998,0.04799999999999992,G
lora8,20,Cho2017,23,0.552,0.562,-0.009999999999999978,0.03799999999999994,G
lora8,20,Cho2017,24,0.5760000000000001,0.528,0.04800000000000003,0.07999999999999999,G
lora8,20,Cho2017,25,0.5740000000000001,0.548,0.025999999999999978,0.02400000000000002,G
lora8,20,Cho2017,26,0.998,0.992,0.006,0.006,G
lora8,20,Cho2017,27,0.584,0.5980000000000001,-0.013999999999999957,-0.03999999999999994,G
lora8,20,Cho2017,28,0.6799999999999999,0.5980000000000001,0.08199999999999992,0.25199999999999995,G
lora8,20,Cho2017,29,0.45199999999999996,0.476,-0.02399999999999996,0.04799999999999998,G
lora8,20,Cho2017,30,0.6559999999999999,0.716,-0.05999999999999994,0.024,G
lora8,20,Cho2017,31,0.604,0.58,0.02399999999999998,0.05999999999999994,G
lora8,20,Cho2017,32,0.49399999999999994,0.552,-0.05799999999999998,0.01200000000000004,G
lora8,20,Cho2017,33,0.5599999999999999,0.5700000000000001,-0.009999999999999998,-0.05599999999999996,G
lora8,20,Cho2017,34,0.548,0.55,-0.0020000000000000018,-0.00599999999999998,G
lora8,20,Cho2017,35,0.45199999999999996,0.46399999999999997,-0.01199999999999998,0.414,G
lora8,20,Cho2017,36,0.536,0.54,-0.003999999999999999,0.01999999999999998,G
lora8,20,Cho2017,37,0.8720000000000001,0.8800000000000001,-0.008,0.0,G
lora8,20,Cho2017,38,0.6,0.592,0.008000000000000002,-0.00799999999999998,G
lora8,20,Cho2017,39,0.562,0.528,0.03399999999999998,0.04799999999999996,G
lora8,20,Cho2017,40,0.49000000000000005,0.508,-0.018,0.026000000000000023,G
lora8,20,Cho2017,41,0.64,0.616,0.02399999999999996,0.07799999999999992,G
lora8,20,Cho2017,42,0.546,0.552,-0.005999999999999999,-0.042,G
lora8,20,Cho2017,43,1.0,1.0,0.0,0.0,G
lora8,20,Cho2017,44,0.96,0.9339999999999999,0.026000000000000002,0.03,G
lora8,20,Cho2017,45,0.514,0.524,-0.01,0.0039999999999999775,G
lora8,20,Cho2017,46,0.5866666666666667,0.5533333333333333,0.0333333333333333,0.11833333333333326,G
lora8,20,Cho2017,47,0.876,0.808,0.06799999999999998,0.05399999999999998,G
lora8,20,Cho2017,48,0.658,0.644,0.013999999999999919,0.03599999999999994,G
lora8,20,Cho2017,49,0.9560000000000001,0.9960000000000001,-0.03999999999999998,0.0,G
lora8,20,Cho2017,50,0.998,0.96,0.037999999999999985,0.03999999999999998,G
lora8,20,Cho2017,51,0.618,0.5700000000000001,0.047999999999999945,0.033999999999999996,G
lora8,20,Cho2017,52,0.65,0.6,0.049999999999999975,0.05399999999999996,G
lora8,20,Dreyer2023,1,0.8916666666666666,0.8766666666666667,0.014999999999999961,0.03499999999999996,G
lora8,20,Dreyer2023,2,0.6849999999999999,0.6933333333333334,-0.00833333333333332,0.03166666666666664,G
lora8,20,Dreyer2023,3,0.7933333333333333,0.8316666666666667,-0.038333333333333344,-0.01666666666666666,G
lora8,20,Dreyer2023,5,0.8733333333333333,0.8816666666666666,-0.00833333333333336,0.0033333333333332993,G
lora8,20,Dreyer2023,6,0.8316666666666667,0.7849999999999999,0.04666666666666664,0.033333333333333305,G
lora8,20,Dreyer2023,7,0.9633333333333333,0.9683333333333332,-0.004999999999999979,0.00833333333333334,G
lora8,20,Dreyer2023,8,0.8666666666666668,0.82,0.046666666666666676,0.06166666666666666,G
lora8,20,Dreyer2023,10,0.93,0.9283333333333333,0.0016666666666666403,-0.0016666666666666802,G
lora8,20,Dreyer2023,11,0.6516666666666666,0.6266666666666667,0.02499999999999998,0.10166666666666661,G
lora8,20,Dreyer2023,12,0.9066666666666666,0.8916666666666666,0.01499999999999998,0.03499999999999996,G
lora8,20,Dreyer2023,13,0.7283333333333333,0.7416666666666666,-0.01333333333333334,0.01833333333333334,G
lora8,20,Dreyer2023,14,0.6950000000000001,0.6983333333333333,-0.003333333333333298,0.05833333333333333,G
lora8,20,Dreyer2023,15,0.9266666666666665,0.925,0.0016666666666666405,-0.006666666666666658,G
lora8,20,Dreyer2023,16,0.8466666666666667,0.8266666666666668,0.019999999999999983,0.03499999999999996,G
lora8,20,Dreyer2023,18,0.9149999999999998,0.9199999999999999,-0.005000000000000018,0.026666666666666616,G
lora8,20,Dreyer2023,19,0.9400000000000001,0.9066666666666666,0.03333333333333332,0.04999999999999998,G
lora8,20,Dreyer2023,20,0.9183333333333333,0.9166666666666666,0.0016666666666666995,0.00500000000000004,G
lora8,20,Dreyer2023,21,0.9466666666666667,0.9233333333333332,0.02333333333333332,0.011666666666666683,G
lora8,20,Dreyer2023,22,0.8683333333333334,0.9216666666666666,-0.0533333333333333,0.01833333333333332,G
lora8,20,Dreyer2023,23,0.7733333333333333,0.74,0.03333333333333332,0.05666666666666664,G
lora8,20,Dreyer2023,24,0.9066666666666666,0.9483333333333333,-0.041666666666666644,0.0,G
lora8,20,Dreyer2023,25,0.6833333333333333,0.6766666666666667,0.006666666666666618,0.05999999999999996,G
lora8,20,Dreyer2023,26,0.8416666666666668,0.805,0.03666666666666668,0.06666666666666664,G
lora8,20,Dreyer2023,27,0.8150000000000001,0.8016666666666667,0.01333333333333328,0.02499999999999996,G
lora8,20,Dreyer2023,28,0.74,0.7866666666666666,-0.04666666666666664,0.03333333333333334,G
lora8,20,Dreyer2023,30,0.7133333333333334,0.7033333333333334,0.009999999999999998,0.08999999999999994,G
lora8,20,Dreyer2023,31,0.9,0.8949999999999999,0.005000000000000019,0.01833333333333334,G
lora8,20,Dreyer2023,32,0.8699999999999999,0.845,0.02499999999999996,0.06333333333333327,G
lora8,20,Dreyer2023,33,0.775,0.7883333333333333,-0.013333333333333258,0.02000000000000002,G
lora8,20,Dreyer2023,34,0.8183333333333334,0.8183333333333334,-2.0122792321330962e-17,0.03166666666666662,G
lora8,20,Dreyer2023,35,0.705,0.7616666666666666,-0.056666666666666574,0.0266666666666667,G
lora8,20,Dreyer2023,36,0.8016666666666665,0.8150000000000001,-0.01333333333333334,0.008333333333333281,G
lora8,20,Dreyer2023,37,0.7433333333333334,0.7366666666666667,0.006666666666666661,0.02499999999999996,G
lora8,20,Dreyer2023,38,0.8816666666666666,0.8550000000000001,0.026666666666666596,0.05499999999999996,G
lora8,20,Dreyer2023,39,0.9316666666666666,0.925,0.0066666666666667,0.0333333333333333,G
lora8,20,Dreyer2023,40,0.8672413793103448,0.8672413793103448,-2.0122792321330962e-17,-0.00862068965517242,G
lora8,20,Dreyer2023,42,0.7883333333333333,0.7733333333333334,0.014999999999999961,0.05999999999999994,G
lora8,20,Dreyer2023,43,0.8883333333333333,0.8833333333333334,0.004999999999999981,0.01999999999999998,G
lora8,20,Dreyer2023,44,0.6766666666666666,0.6566666666666666,0.02000000000000002,0.01666666666666666,G
lora8,20,Dreyer2023,45,0.805,0.7416666666666666,0.06333333333333328,0.06666666666666664,G
lora8,20,Dreyer2023,46,0.6933333333333334,0.7366666666666667,-0.04333333333333331,-0.01833333333333336,G
lora8,20,Dreyer2023,47,0.8716666666666665,0.9,-0.02833333333333334,0.01833333333333332,G
lora8,20,Dreyer2023,48,0.6566666666666666,0.6616666666666666,-0.004999999999999982,0.02166666666666666,G
lora8,20,Dreyer2023,49,0.7866666666666666,0.775,0.011666666666666641,0.04833333333333332,G
lora8,20,Dreyer2023,50,0.63,0.64,-0.01,-0.020000000000000018,G
lora8,20,Dreyer2023,51,0.7633333333333334,0.7466666666666667,0.01666666666666668,0.041666666666666664,G
lora8,20,Dreyer2023,52,0.7966666666666666,0.7966666666666666,-4.163336342344337e-17,0.018333333333333278,G
lora8,20,Dreyer2023,53,0.8033333333333333,0.7883333333333333,0.015,0.04999999999999996,G
lora8,20,Dreyer2023,54,0.75,0.7116666666666667,0.03833333333333334,0.04333333333333332,G
lora8,20,Dreyer2023,55,0.93,0.9400000000000001,-0.01,-1.9428902930940238e-17,G
lora8,20,Dreyer2023,56,0.905,0.9216666666666666,-0.016666666666666642,0.05833333333333333,G
lora8,20,Dreyer2023,57,0.6866666666666666,0.6433333333333333,0.04333333333333328,0.02333333333333328,G
lora8,20,Dreyer2023,58,0.9516666666666665,0.9333333333333333,0.01833333333333332,0.02166666666666664,G
lora8,20,Dreyer2023,59,0.795,0.795,-1.9428902930940238e-17,0.03249999999999996,G
lora8,20,Dreyer2023,60,0.8716666666666667,0.8333333333333334,0.038333333333333275,0.044999999999999964,G
lora8,20,Dreyer2023,61,0.8416666666666666,0.86,-0.01833333333333328,0.03833333333333328,G
lora8,20,Dreyer2023,62,0.75,0.7466666666666667,0.003333333333333321,0.0866666666666666,G
lora8,20,Dreyer2023,63,0.82,0.8,0.01999999999999994,0.03666666666666662,G
lora8,20,Dreyer2023,64,0.7983333333333333,0.7583333333333334,0.03999999999999996,0.09833333333333329,G
lora8,20,Dreyer2023,65,0.8533333333333333,0.8400000000000001,0.013333333333333341,0.041666666666666616,G
lora8,20,Dreyer2023,66,0.7183333333333334,0.7350000000000001,-0.016666666666666698,0.02666666666666656,G
lora8,20,Dreyer2023,67,0.8016666666666665,0.8033333333333333,-0.0016666666666666802,0.02166666666666662,G
lora8,20,Dreyer2023,68,0.7516666666666666,0.75,0.0016666666666666004,0.026666666666666616,G
lora8,20,Dreyer2023,69,0.8466666666666667,0.835,0.01166666666666662,0.03999999999999992,G
lora8,20,Dreyer2023,70,0.6716666666666666,0.6816666666666666,-0.009999999999999981,0.03333333333333332,G
lora8,20,Dreyer2023,71,0.8366666666666667,0.8550000000000001,-0.01833333333333336,-0.0016666666666667,G
lora8,20,Dreyer2023,72,0.845,0.8283333333333334,0.016666666666666642,0.0749999999999999,G
lora8,20,Dreyer2023,73,0.7516666666666666,0.7150000000000001,0.036666666666666584,0.13499999999999995,G
lora8,20,Dreyer2023,74,0.72,0.7383333333333333,-0.018333333333333302,0.038333333333333316,G
lora8,20,Dreyer2023,75,0.7483333333333333,0.7733333333333333,-0.025000000000000015,0.043333333333333265,G
lora8,20,Dreyer2023,76,0.8549999999999999,0.8216666666666667,0.033333333333333284,0.09166666666666665,G
lora8,20,Dreyer2023,77,0.7733333333333333,0.8316666666666667,-0.05833333333333329,0.01,G
lora8,20,Dreyer2023,80,0.6833333333333333,0.7116666666666667,-0.0283333333333333,0.06166666666666666,G
lora8,20,Dreyer2023,81,0.8216666666666667,0.845,-0.0233333333333333,-0.0033333333333333422,G
lora8,20,Dreyer2023,82,0.8316666666666667,0.8233333333333333,0.00833333333333336,0.06666666666666668,G
lora8,20,Dreyer2023,83,0.6616666666666667,0.6583333333333334,0.003333333333333341,0.09333333333333325,G
lora8,20,Dreyer2023,84,0.8233333333333333,0.8466666666666667,-0.02333333333333332,0.03,G
lora8,20,Dreyer2023,85,0.7483333333333333,0.745,0.0033333333333333,0.0316666666666666,G
lora8,20,Dreyer2023,86,0.8333333333333334,0.8166666666666667,0.01666666666666664,0.006666666666666661,G
lora8,20,Dreyer2023,87,0.7166666666666667,0.7483333333333333,-0.031666666666666635,0.07499999999999993,G
lora8,20,PhysionetMI,1,0.8537878787878789,0.8530303030303031,0.0007575757575757805,-0.04318181818181814,G
lora8,20,PhysionetMI,2,0.9346153846153846,0.9046153846153846,0.029999999999999936,0.01999999999999996,G
lora8,20,PhysionetMI,3,0.9818181818181818,0.9651515151515151,0.01666666666666668,4.0245584642661923e-17,G
lora8,20,PhysionetMI,4,0.9196969696969697,0.8924242424242423,0.02727272727272722,0.018939393939393877,G
lora8,20,PhysionetMI,5,0.7257575757575758,0.7174242424242424,0.008333333333333425,-0.046212121212121184,G
lora8,20,PhysionetMI,6,0.8871212121212121,0.8651515151515152,0.021969696969696938,0.03106060606060606,G
lora8,20,PhysionetMI,7,0.9742424242424242,0.9734848484848484,0.0007575757575757402,0.0015151515151515002,G
lora8,20,PhysionetMI,8,0.8643939393939395,0.8568181818181818,0.007575757575757659,0.04469696969696978,G
lora8,20,PhysionetMI,9,0.9446153846153846,0.9030769230769231,0.04153846153846154,0.0492307692307692,G
lora8,20,PhysionetMI,10,0.6607692307692308,0.67,-0.009230769230769183,0.02461538461538464,G
lora8,20,PhysionetMI,11,0.7075757575757576,0.7181818181818181,-0.01060606060606058,-0.043939393939393924,G
lora8,20,PhysionetMI,12,0.8893939393939394,0.8810606060606061,0.00833333333333334,-0.01060606060606056,G
lora8,20,PhysionetMI,13,0.8136363636363637,0.7946969696969697,0.01893939393939394,0.022727272727272783,G
lora8,20,PhysionetMI,14,0.8333333333333334,0.8181818181818181,0.015151515151515102,0.05227272727272726,G
lora8,20,PhysionetMI,15,0.9746153846153847,0.9230769230769231,0.05153846153846155,0.06923076923076919,G
lora8,20,PhysionetMI,16,0.6378787878787879,0.6416666666666666,-0.0037878787878787403,-0.037878787878787845,G
lora8,20,PhysionetMI,17,0.8848484848484848,0.7856060606060605,0.09924242424242427,0.10833333333333339,G
lora8,20,PhysionetMI,18,1.0,1.0,0.0,0.0,G
lora8,20,PhysionetMI,19,0.9037878787878789,0.9121212121212121,-0.00833333333333334,-0.05075757575757578,G
lora8,20,PhysionetMI,20,0.9219696969696969,0.8674242424242424,0.054545454545454494,0.09772727272727269,G
lora8,20,PhysionetMI,21,0.7924242424242425,0.7598484848484849,0.03257575757575756,0.0621212121212121,G
lora8,20,PhysionetMI,22,0.9636363636363636,0.9636363636363636,0.0,0.0,G
lora8,20,PhysionetMI,23,0.8107692307692307,0.7992307692307692,0.011538461538461522,0.00461538461538456,G
lora8,20,PhysionetMI,24,0.7833333333333334,0.7946969696969697,-0.011363636363636317,-0.03484848484848484,G
lora8,20,PhysionetMI,25,0.5128787878787879,0.603030303030303,-0.09015151515151512,-0.048484848484848436,G
lora8,20,PhysionetMI,26,0.6230769230769231,0.6230769230769231,-4.0245584642661923e-17,-0.024615384615384657,G
lora8,20,PhysionetMI,27,0.8530303030303031,0.8696969696969697,-0.016666666666666642,-0.01666666666666668,G
lora8,20,PhysionetMI,28,0.8333333333333334,0.7977272727272727,0.0356060606060606,0.03560606060606058,G
lora8,20,PhysionetMI,29,0.875,0.7734848484848484,0.10151515151515149,0.13712121212121212,G
lora8,20,PhysionetMI,30,0.8848484848484848,0.8681818181818182,0.01666666666666666,0.02424242424242426,G
lora8,20,PhysionetMI,31,0.753030303030303,0.7401515151515152,0.01287878787878784,0.02954545454545444,G
lora8,20,PhysionetMI,32,0.9323076923076924,0.9299999999999999,0.002307692307692341,0.002307692307692341,G
lora8,20,PhysionetMI,33,0.9371212121212121,0.9204545454545455,0.01666666666666666,0.009848484848484839,G
lora8,20,PhysionetMI,34,0.8461538461538461,0.8215384615384614,0.02461538461538458,0.03923076923076918,G
lora8,20,PhysionetMI,35,0.821969696969697,0.7962121212121211,0.025757575757575778,0.007575757575757599,G
lora8,20,PhysionetMI,36,0.8598484848484848,0.8651515151515152,-0.00530303030303034,0.03106060606060604,G
lora8,20,PhysionetMI,37,0.7583333333333334,0.6454545454545455,0.11287878787878783,0.12272727272727271,G
lora8,20,PhysionetMI,38,0.46439393939393936,0.4878787878787879,-0.02348484848484848,0.045454545454545435,G
lora8,20,PhysionetMI,39,0.7681818181818182,0.7174242424242425,0.05075757575757571,0.07121212121212117,G
lora8,20,PhysionetMI,40,0.975,0.990909090909091,-0.0159090909090909,-0.03409090909090908,G
lora8,20,PhysionetMI,41,0.9215384615384616,0.976923076923077,-0.055384615384615345,-0.06076923076923074,G
lora8,20,PhysionetMI,42,0.8886363636363637,0.9075757575757576,-0.01893939393939392,-0.01060606060606056,G
lora8,20,PhysionetMI,43,0.8803030303030303,0.8628787878787879,0.01742424242424238,-0.0007575757575757596,G
lora8,20,PhysionetMI,44,0.8575757575757577,0.8333333333333334,0.02424242424242422,0.034090909090909116,G
lora8,20,PhysionetMI,45,0.8212121212121213,0.7886363636363637,0.03257575757575756,-0.009090909090909101,G
lora8,20,PhysionetMI,46,0.7181818181818181,0.7143939393939395,0.0037878787878788205,-0.023484848484848518,G
lora8,20,PhysionetMI,47,0.775,0.7431818181818182,0.031818181818181815,0.006818181818181819,G
lora8,20,PhysionetMI,48,0.990909090909091,0.990909090909091,0.0,0.0,G
lora8,20,PhysionetMI,49,0.7401515151515152,0.746969696969697,-0.0068181818181818205,-0.006818181818181843,G
lora8,20,PhysionetMI,50,0.8825757575757576,0.7893939393939393,0.09318181818181814,0.08484848484848478,G
lora8,20,PhysionetMI,51,0.9022727272727273,0.8575757575757577,0.04469696969696966,0.01590909090909088,G
lora8,20,PhysionetMI,52,0.8938461538461538,0.8815384615384616,0.012307692307692259,-0.03000000000000002,G
lora8,20,PhysionetMI,53,0.9734848484848484,0.9121212121212121,0.06136363636363634,0.0712121212121212,G
lora8,20,PhysionetMI,54,0.8984848484848487,0.8825757575757575,0.01590909090909096,0.04015151515151514,G
lora8,20,PhysionetMI,55,0.8803030303030305,0.8727272727272728,0.0075757575757575595,0.01666666666666666,G
lora8,20,PhysionetMI,56,0.8424242424242424,0.8424242424242424,-1.9428902930940238e-17,0.0,G
lora8,20,PhysionetMI,57,0.9499999999999998,0.9499999999999998,0.0,0.0083333333333333,G
lora8,20,PhysionetMI,58,0.8738461538461539,0.8084615384615385,0.06538461538461535,0.073076923076923,G
lora8,20,PhysionetMI,59,0.7166666666666666,0.6742424242424242,0.04242424242424238,0.1325757575757575,G
lora8,20,PhysionetMI,60,0.9338461538461539,0.8984615384615384,0.03538461538461536,-0.010769230769230823,G
lora8,20,PhysionetMI,61,0.9545454545454547,0.9545454545454547,0.0,-0.00833333333333334,G
lora8,20,PhysionetMI,62,0.9583333333333333,0.9583333333333333,0.0,0.0083333333333333,G
lora8,20,PhysionetMI,63,0.7560606060606061,0.7371212121212121,0.01893939393939394,0.04848484848484846,G
lora8,20,PhysionetMI,64,0.7780303030303031,0.728030303030303,0.049999999999999975,0.03409090909090906,G
lora8,20,PhysionetMI,65,0.931060606060606,0.9242424242424242,0.0068181818181817806,-0.0030303030303030385,G
lora8,20,PhysionetMI,66,0.8348484848484847,0.7871212121212121,0.04772727272727266,-0.039393939393939384,G
lora8,20,PhysionetMI,67,0.846969696969697,0.7909090909090909,0.05606060606060607,0.06515151515151515,G
lora8,20,PhysionetMI,68,0.740909090909091,0.7325757575757577,0.008333333333333321,-0.01060606060606062,G
lora8,20,PhysionetMI,69,0.8338461538461539,0.8207692307692307,0.013076923076923097,0.055384615384615365,G
lora8,20,PhysionetMI,70,0.9583333333333333,0.9742424242424242,-0.01590909090909092,-0.01590909090909094,G
lora8,20,PhysionetMI,71,0.9143939393939393,0.8787878787878787,0.035606060606060565,0.05303030303030298,G
lora8,20,PhysionetMI,72,0.9742424242424242,0.990909090909091,-0.01666666666666668,0.0,G
lora8,20,PhysionetMI,73,0.8128787878787879,0.793939393939394,0.01893939393939394,0.01136363636363632,G
lora8,20,PhysionetMI,74,0.7371212121212121,0.7674242424242425,-0.03030303030303032,-0.015151515151515176,G
lora8,20,PhysionetMI,75,0.6712121212121211,0.6787878787878788,-0.00757575757575764,0.018939393939393877,G
lora8,20,PhysionetMI,76,0.5098484848484848,0.5522727272727272,-0.04242424242424238,-0.030303030303030276,G
lora8,20,PhysionetMI,77,0.65,0.5946969696969697,0.0553030303030303,0.0287878787878788,G
lora8,20,PhysionetMI,78,0.5265151515151515,0.5946969696969697,-0.0681818181818182,-0.07045454545454541,G
lora8,20,PhysionetMI,79,0.7348484848484849,0.7340909090909091,0.0007575757575757007,0.016666666666666656,G
lora8,20,PhysionetMI,80,0.826153846153846,0.7961538461538462,0.029999999999999936,0.04538461538461532,G
lora8,20,PhysionetMI,81,0.9000000000000001,0.8810606060606062,0.01893939393939392,0.00984848484848482,G
lora8,20,PhysionetMI,82,0.9022727272727273,0.8280303030303031,0.07424242424242429,0.06590909090909092,G
lora8,20,PhysionetMI,83,0.7469230769230769,0.6992307692307692,0.0476923076923077,0.04384615384615385,G
lora8,20,PhysionetMI,84,0.8507575757575758,0.8234848484848485,0.0272727272727273,0.0007575757575757402,G
lora8,20,PhysionetMI,85,0.9159090909090908,0.8613636363636363,0.05454545454545447,0.09696969696969689,G
lora8,20,PhysionetMI,86,1.0,0.9846153846153847,0.015384615384615361,0.00538461538461536,G
lora8,20,PhysionetMI,87,0.6318181818181818,0.6371212121212121,-0.005303030303030254,-0.0765151515151514,G
lora8,20,PhysionetMI,90,0.8856060606060605,0.8742424242424243,0.0113636363636363,0.0022727272727272015,G
lora8,20,PhysionetMI,91,0.85,0.9318181818181817,-0.08181818181818173,-0.06590909090909083,G
lora8,20,PhysionetMI,93,0.7878787878787878,0.7696969696969698,0.01818181818181816,0.05530303030303032,G
lora8,20,PhysionetMI,94,0.8356060606060606,0.7863636363636364,0.04924242424242422,0.06818181818181818,G
lora8,20,PhysionetMI,95,0.6761538461538461,0.6838461538461539,-0.0076923076923077205,-0.018461538461538463,G
lora8,20,PhysionetMI,96,0.8666666666666666,0.8583333333333332,0.00833333333333334,-0.026515151515151502,G
lora8,20,PhysionetMI,97,0.8363636363636363,0.7893939393939393,0.04696969696969696,0.11060606060606062,G
lora8,20,PhysionetMI,98,0.44545454545454544,0.4621212121212121,-0.01666666666666666,0.03560606060606056,G
lora8,20,PhysionetMI,99,0.615909090909091,0.6234848484848484,-0.00757575757575756,-0.039393939393939405,G
lora8,20,PhysionetMI,101,0.9615384615384617,0.9307692307692308,0.030769230769230736,0.0461538461538461,G
lora8,20,PhysionetMI,102,0.7992424242424242,0.7333333333333334,0.06590909090909086,0.07424242424242418,G
lora8,20,PhysionetMI,103,0.728030303030303,0.8242424242424242,-0.09621212121212117,-0.043939393939393924,G
lora8,20,PhysionetMI,105,0.9583333333333333,0.9068181818181819,0.051515151515151424,0.04242424242424234,G
lora8,20,PhysionetMI,107,0.5643939393939393,0.5772727272727273,-0.012878787878787861,-0.0492424242424242,G
lora8,20,PhysionetMI,108,0.9037878787878789,0.8121212121212121,0.09166666666666667,0.075,G
lora8,20,PhysionetMI,109,0.728030303030303,0.7106060606060606,0.01742424242424242,-0.01893939393939392,G
lora8,40,Cho2017,1,0.6519999999999999,0.634,0.018,0.07799999999999999,G
lora8,40,Cho2017,2,0.532,0.528,0.004000000000000001,-0.032,G
lora8,40,Cho2017,3,0.852,0.6599999999999999,0.19199999999999995,0.20800000000000002,G
lora8,40,Cho2017,4,0.682,0.6599999999999999,0.02199999999999998,0.06399999999999995,G
lora8,40,Cho2017,5,0.994,1.0,-0.006,-0.006,G
lora8,40,Cho2017,6,0.836,0.8160000000000001,0.01999999999999996,0.02,G
lora8,40,Cho2017,7,0.5283333333333333,0.515,0.013333333333333364,0.01,G
lora8,40,Cho2017,8,0.538,0.542,-0.003999999999999981,-0.009999999999999981,G
lora8,40,Cho2017,9,0.6133333333333334,0.5533333333333333,0.05999999999999998,0.045,G
lora8,40,Cho2017,10,0.6199999999999999,0.5800000000000001,0.03999999999999992,0.051999999999999956,G
lora8,40,Cho2017,11,0.6,0.616,-0.015999999999999938,-0.022000000000000002,G
lora8,40,Cho2017,12,0.5920000000000001,0.556,0.035999999999999976,0.17599999999999993,G
lora8,40,Cho2017,13,0.954,0.834,0.11999999999999986,0.1419999999999999,G
lora8,40,Cho2017,14,0.86,0.696,0.16399999999999998,0.184,G
lora8,40,Cho2017,15,0.554,0.524,0.029999999999999978,0.13999999999999993,G
lora8,40,Cho2017,16,0.618,0.634,-0.016000000000000004,0.008000000000000021,G
lora8,40,Cho2017,17,0.5940000000000001,0.584,0.00999999999999998,0.00799999999999998,G
lora8,40,Cho2017,18,0.626,0.6140000000000001,0.01199999999999998,0.03599999999999996,G
lora8,40,Cho2017,19,0.522,0.518,0.003999999999999978,0.01599999999999998,G
lora8,40,Cho2017,20,0.608,0.626,-0.017999999999999922,0.07599999999999998,G
lora8,40,Cho2017,21,0.5980000000000001,0.542,0.05600000000000001,0.07799999999999993,G
lora8,40,Cho2017,22,0.5740000000000001,0.592,-0.018000000000000002,0.04799999999999992,G
lora8,40,Cho2017,23,0.5680000000000001,0.562,0.006000000000000021,0.03799999999999994,G
lora8,40,Cho2017,24,0.5860000000000001,0.528,0.05799999999999998,0.07999999999999999,G
lora8,40,Cho2017,25,0.56,0.548,0.012000000000000002,0.02400000000000002,G
lora8,40,Cho2017,26,0.998,0.992,0.006,0.006,G
lora8,40,Cho2017,27,0.552,0.5980000000000001,-0.045999999999999965,-0.03999999999999994,G
lora8,40,Cho2017,28,0.708,0.5980000000000001,0.10999999999999995,0.25199999999999995,G
lora8,40,Cho2017,29,0.4779999999999999,0.476,0.00199999999999996,0.04799999999999998,G
lora8,40,Cho2017,30,0.6679999999999999,0.716,-0.047999999999999945,0.024,G
lora8,40,Cho2017,31,0.624,0.58,0.043999999999999984,0.05999999999999994,G
lora8,40,Cho2017,32,0.558,0.552,0.006,0.01200000000000004,G
lora8,40,Cho2017,33,0.542,0.5700000000000001,-0.02799999999999996,-0.05599999999999996,G
lora8,40,Cho2017,34,0.542,0.55,-0.00799999999999998,-0.00599999999999998,G
lora8,40,Cho2017,35,0.39599999999999996,0.46399999999999997,-0.06799999999999995,0.414,G
lora8,40,Cho2017,36,0.484,0.54,-0.05599999999999998,0.01999999999999998,G
lora8,40,Cho2017,37,0.8719999999999999,0.8800000000000001,-0.00800000000000002,0.0,G
lora8,40,Cho2017,38,0.5960000000000001,0.592,0.004000000000000023,-0.00799999999999998,G
lora8,40,Cho2017,39,0.554,0.528,0.02599999999999996,0.04799999999999996,G
lora8,40,Cho2017,40,0.48,0.508,-0.028000000000000004,0.026000000000000023,G
lora8,40,Cho2017,41,0.702,0.616,0.08599999999999995,0.07799999999999992,G
lora8,40,Cho2017,42,0.534,0.552,-0.018000000000000023,-0.042,G
lora8,40,Cho2017,43,1.0,1.0,0.0,0.0,G
lora8,40,Cho2017,44,0.9559999999999998,0.9339999999999999,0.022000000000000002,0.03,G
lora8,40,Cho2017,45,0.544,0.524,0.020000000000000004,0.0039999999999999775,G
lora8,40,Cho2017,46,0.655,0.5533333333333333,0.10166666666666661,0.11833333333333326,G
lora8,40,Cho2017,47,0.874,0.808,0.06599999999999998,0.05399999999999998,G
lora8,40,Cho2017,48,0.662,0.644,0.018000000000000002,0.03599999999999994,G
lora8,40,Cho2017,49,0.952,0.9960000000000001,-0.04399999999999998,0.0,G
lora8,40,Cho2017,50,0.994,0.96,0.03399999999999998,0.03999999999999998,G
lora8,40,Cho2017,51,0.6439999999999999,0.5700000000000001,0.0739999999999999,0.033999999999999996,G
lora8,40,Cho2017,52,0.652,0.6,0.05199999999999998,0.05399999999999996,G
lora8,40,Dreyer2023,1,0.9099999999999999,0.8766666666666667,0.03333333333333332,0.03499999999999996,G
lora8,40,Dreyer2023,2,0.6883333333333332,0.6933333333333334,-0.005,0.03166666666666664,G
lora8,40,Dreyer2023,3,0.82,0.8316666666666667,-0.01166666666666668,-0.01666666666666666,G
lora8,40,Dreyer2023,5,0.8866666666666667,0.8816666666666666,0.005000000000000002,0.0033333333333332993,G
lora8,40,Dreyer2023,6,0.8366666666666667,0.7849999999999999,0.05166666666666662,0.033333333333333305,G
lora8,40,Dreyer2023,7,0.9716666666666665,0.9683333333333332,0.00333333333333332,0.00833333333333334,G
lora8,40,Dreyer2023,8,0.8550000000000001,0.82,0.034999999999999996,0.06166666666666666,G
lora8,40,Dreyer2023,10,0.9216666666666666,0.9283333333333333,-0.0066666666666666775,-0.0016666666666666802,G
lora8,40,Dreyer2023,11,0.6916666666666667,0.6266666666666667,0.06499999999999997,0.10166666666666661,G
lora8,40,Dreyer2023,12,0.9099999999999999,0.8916666666666666,0.01833333333333332,0.03499999999999996,G
lora8,40,Dreyer2023,13,0.745,0.7416666666666666,0.003333333333333359,0.01833333333333334,G
lora8,40,Dreyer2023,14,0.7150000000000001,0.6983333333333333,0.0166666666666667,0.05833333333333333,G
lora8,40,Dreyer2023,15,0.9349999999999999,0.925,0.009999999999999981,-0.006666666666666658,G
lora8,40,Dreyer2023,16,0.8666666666666666,0.8266666666666668,0.03999999999999992,0.03499999999999996,G
lora8,40,Dreyer2023,18,0.9333333333333332,0.9199999999999999,0.013333333333333303,0.026666666666666616,G
lora8,40,Dreyer2023,19,0.9633333333333333,0.9066666666666666,0.05666666666666664,0.04999999999999998,G
lora8,40,Dreyer2023,20,0.9199999999999999,0.9166666666666666,0.003333333333333359,0.00500000000000004,G
lora8,40,Dreyer2023,21,0.9400000000000001,0.9233333333333332,0.01666666666666668,0.011666666666666683,G
lora8,40,Dreyer2023,22,0.9066666666666666,0.9216666666666666,-0.01499999999999998,0.01833333333333332,G
lora8,40,Dreyer2023,23,0.76,0.74,0.01999999999999996,0.05666666666666664,G
lora8,40,Dreyer2023,24,0.9516666666666665,0.9483333333333333,0.00333333333333332,0.0,G
lora8,40,Dreyer2023,25,0.7033333333333334,0.6766666666666667,0.0266666666666666,0.05999999999999996,G
lora8,40,Dreyer2023,26,0.835,0.805,0.03,0.06666666666666664,G
lora8,40,Dreyer2023,27,0.8133333333333332,0.8016666666666667,0.011666666666666681,0.02499999999999996,G
lora8,40,Dreyer2023,28,0.7916666666666667,0.7866666666666666,0.005000000000000018,0.03333333333333334,G
lora8,40,Dreyer2023,30,0.7216666666666667,0.7033333333333334,0.018333333333333302,0.08999999999999994,G
lora8,40,Dreyer2023,31,0.9033333333333333,0.8949999999999999,0.00833333333333338,0.01833333333333334,G
lora8,40,Dreyer2023,32,0.8883333333333333,0.845,0.04333333333333332,0.06333333333333327,G
lora8,40,Dreyer2023,33,0.7716666666666667,0.7883333333333333,-0.016666666666666642,0.02000000000000002,G
lora8,40,Dreyer2023,34,0.8416666666666666,0.8183333333333334,0.0233333333333333,0.03166666666666662,G
lora8,40,Dreyer2023,35,0.7433333333333334,0.7616666666666666,-0.018333333333333236,0.0266666666666667,G
lora8,40,Dreyer2023,36,0.8300000000000001,0.8150000000000001,0.014999999999999961,0.008333333333333281,G
lora8,40,Dreyer2023,37,0.7516666666666667,0.7366666666666667,0.015000000000000003,0.02499999999999996,G
lora8,40,Dreyer2023,38,0.885,0.8550000000000001,0.02999999999999998,0.05499999999999996,G
lora8,40,Dreyer2023,39,0.9416666666666667,0.925,0.0166666666666667,0.0333333333333333,G
lora8,40,Dreyer2023,40,0.846551724137931,0.8672413793103448,-0.0206896551724138,-0.00862068965517242,G
lora8,40,Dreyer2023,42,0.7766666666666666,0.7733333333333334,0.0033333333333332798,0.05999999999999994,G
lora8,40,Dreyer2023,43,0.8949999999999999,0.8833333333333334,0.011666666666666641,0.01999999999999998,G
lora8,40,Dreyer2023,44,0.6883333333333334,0.6566666666666666,0.03166666666666668,0.01666666666666666,G
lora8,40,Dreyer2023,45,0.8016666666666667,0.7416666666666666,0.06,0.06666666666666664,G
lora8,40,Dreyer2023,46,0.6966666666666667,0.7366666666666667,-0.03999999999999996,-0.01833333333333336,G
lora8,40,Dreyer2023,47,0.9083333333333332,0.9,0.008333333333333321,0.01833333333333332,G
lora8,40,Dreyer2023,48,0.67,0.6616666666666666,0.00833333333333334,0.02166666666666666,G
lora8,40,Dreyer2023,49,0.8133333333333332,0.775,0.0383333333333333,0.04833333333333332,G
lora8,40,Dreyer2023,50,0.6366666666666667,0.64,-0.00333333333333332,-0.020000000000000018,G
lora8,40,Dreyer2023,51,0.7816666666666666,0.7466666666666667,0.034999999999999976,0.041666666666666664,G
lora8,40,Dreyer2023,52,0.805,0.7966666666666666,0.00833333333333328,0.018333333333333278,G
lora8,40,Dreyer2023,53,0.8066666666666666,0.7883333333333333,0.01833333333333334,0.04999999999999996,G
lora8,40,Dreyer2023,54,0.7616666666666667,0.7116666666666667,0.050000000000000044,0.04333333333333332,G
lora8,40,Dreyer2023,55,0.9199999999999999,0.9400000000000001,-0.019999999999999983,-1.9428902930940238e-17,G
lora8,40,Dreyer2023,56,0.9433333333333334,0.9216666666666666,0.02166666666666662,0.05833333333333333,G
lora8,40,Dreyer2023,57,0.6900000000000001,0.6433333333333333,0.04666666666666662,0.02333333333333328,G
lora8,40,Dreyer2023,58,0.9433333333333331,0.9333333333333333,0.00999999999999996,0.02166666666666664,G
lora8,40,Dreyer2023,59,0.7899999999999999,0.795,-0.00500000000000006,0.03249999999999996,G
lora8,40,Dreyer2023,60,0.8516666666666666,0.8333333333333334,0.018333333333333295,0.044999999999999964,G
lora8,40,Dreyer2023,61,0.8466666666666667,0.86,-0.0133333333333333,0.03833333333333328,G
lora8,40,Dreyer2023,62,0.76,0.7466666666666667,0.013333333333333298,0.0866666666666666,G
lora8,40,Dreyer2023,63,0.8233333333333335,0.8,0.023333333333333338,0.03666666666666662,G
lora8,40,Dreyer2023,64,0.7866666666666667,0.7583333333333334,0.028333333333333315,0.09833333333333329,G
lora8,40,Dreyer2023,65,0.845,0.8400000000000001,0.004999999999999959,0.041666666666666616,G
lora8,40,Dreyer2023,66,0.7433333333333334,0.7350000000000001,0.00833333333333328,0.02666666666666656,G
lora8,40,Dreyer2023,67,0.8166666666666667,0.8033333333333333,0.013333333333333319,0.02166666666666662,G
lora8,40,Dreyer2023,68,0.76,0.75,0.00999999999999998,0.026666666666666616,G
lora8,40,Dreyer2023,69,0.845,0.835,0.00999999999999996,0.03999999999999992,G
lora8,40,Dreyer2023,70,0.685,0.6816666666666666,0.0033333333333333643,0.03333333333333332,G
lora8,40,Dreyer2023,71,0.8366666666666667,0.8550000000000001,-0.01833333333333342,-0.0016666666666667,G
lora8,40,Dreyer2023,72,0.8833333333333334,0.8283333333333334,0.05499999999999994,0.0749999999999999,G
lora8,40,Dreyer2023,73,0.7733333333333333,0.7150000000000001,0.058333333333333307,0.13499999999999995,G
lora8,40,Dreyer2023,74,0.735,0.7383333333333333,-0.003333333333333319,0.038333333333333316,G
lora8,40,Dreyer2023,75,0.7683333333333333,0.7733333333333333,-0.005000000000000039,0.043333333333333265,G
lora8,40,Dreyer2023,76,0.8733333333333333,0.8216666666666667,0.05166666666666662,0.09166666666666665,G
lora8,40,Dreyer2023,77,0.7916666666666667,0.8316666666666667,-0.03999999999999998,0.01,G
lora8,40,Dreyer2023,80,0.72,0.7116666666666667,0.008333333333333321,0.06166666666666666,G
lora8,40,Dreyer2023,81,0.8333333333333334,0.845,-0.01166666666666664,-0.0033333333333333422,G
lora8,40,Dreyer2023,82,0.8866666666666667,0.8233333333333333,0.06333333333333334,0.06666666666666668,G
lora8,40,Dreyer2023,83,0.69,0.6583333333333334,0.03166666666666658,0.09333333333333325,G
lora8,40,Dreyer2023,84,0.8283333333333334,0.8466666666666667,-0.018333333333333278,0.03,G
lora8,40,Dreyer2023,85,0.75,0.745,0.00499999999999996,0.0316666666666666,G
lora8,40,Dreyer2023,86,0.8300000000000001,0.8166666666666667,0.013333333333333317,0.006666666666666661,G
lora8,40,Dreyer2023,87,0.7366666666666666,0.7483333333333333,-0.011666666666666678,0.07499999999999993,G
lora8,5,Lee2019_MI,1,0.6479999999999999,0.626,0.021999999999999943,0.04199999999999996,G
lora8,5,Lee2019_MI,2,0.602,0.608,-0.00600000000000002,0.04199999999999994,G
lora8,5,Lee2019_MI,3,0.6759999999999999,0.6799999999999999,-0.004000000000000041,0.05199999999999992,G
lora8,5,Lee2019_MI,4,0.778,0.796,-0.018000000000000002,-0.014000000000000002,G
lora8,5,Lee2019_MI,5,0.558,0.5660000000000001,-0.00800000000000002,0.037999999999999916,G
lora8,5,Lee2019_MI,6,0.754,0.754,0.0,0.05199999999999998,G
lora8,5,Lee2019_MI,7,0.704,0.724,-0.01999999999999994,-0.029999999999999978,G
lora8,5,Lee2019_MI,8,0.78,0.8019999999999999,-0.02199999999999998,0.012,G
lora8,5,Lee2019_MI,9,0.612,0.626,-0.01399999999999996,-0.00799999999999998,G
lora8,5,Lee2019_MI,10,0.592,0.592,-2.2204460492503132e-17,-0.002000000000000039,G
lora8,5,Lee2019_MI,11,0.5640000000000001,0.5800000000000001,-0.01600000000000002,-0.002000000000000022,G
lora8,5,Lee2019_MI,12,0.774,0.728,0.046,0.07999999999999999,G
lora8,5,Lee2019_MI,13,0.646,0.682,-0.036,-0.04999999999999994,G
lora8,5,Lee2019_MI,14,0.48200000000000004,0.502,-0.019999999999999962,0.006000000000000022,G
lora8,5,Lee2019_MI,15,0.828,0.826,0.0019999999999999797,0.05999999999999992,G
lora8,5,Lee2019_MI,16,0.604,0.646,-0.04199999999999994,-0.008000000000000002,G
lora8,5,Lee2019_MI,17,0.666,0.6639999999999999,0.00200000000000002,0.03999999999999998,G
lora8,5,Lee2019_MI,18,0.638,0.6439999999999999,-0.0059999999999999585,0.09799999999999996,G
lora8,5,Lee2019_MI,19,0.692,0.734,-0.04200000000000002,-0.04599999999999998,G
lora8,5,Lee2019_MI,20,0.608,0.6199999999999999,-0.01199999999999996,-0.02799999999999994,G
lora8,5,Lee2019_MI,21,0.754,0.792,-0.03800000000000002,0.05799999999999996,G
lora8,5,Lee2019_MI,22,0.604,0.6,0.004000000000000021,0.02999999999999996,G
lora8,5,Lee2019_MI,23,0.492,0.512,-0.01999999999999998,-0.032,G
lora8,5,Lee2019_MI,24,0.554,0.5960000000000001,-0.04200000000000002,-0.07,G
lora8,5,Lee2019_MI,25,0.5760000000000001,0.562,0.014000000000000018,0.022000000000000002,G
lora8,5,Lee2019_MI,26,0.702,0.692,0.009999999999999978,0.025999999999999978,G
lora8,5,Lee2019_MI,27,0.712,0.726,-0.013999999999999962,-0.01599999999999998,G
lora8,5,Lee2019_MI,28,0.9199999999999999,0.93,-0.01,0.01199999999999998,G
lora8,5,Lee2019_MI,29,0.7979999999999999,0.808,-0.00999999999999998,0.13399999999999998,G
lora8,5,Lee2019_MI,30,0.818,0.806,0.012,-0.02199999999999998,G
lora8,5,Lee2019_MI,31,0.6699999999999999,0.702,-0.03199999999999998,0.025999999999999978,G
lora8,5,Lee2019_MI,32,0.602,0.63,-0.02799999999999994,-0.02599999999999996,G
lora8,5,Lee2019_MI,33,0.772,0.796,-0.024,-0.05400000000000003,G
lora8,5,Lee2019_MI,34,0.53,0.534,-0.003999999999999978,0.03000000000000002,G
lora8,5,Lee2019_MI,35,0.9879999999999999,0.9879999999999999,0.0,0.008,G
lora8,5,Lee2019_MI,36,0.908,0.924,-0.01599999999999996,-0.018,G
lora8,5,Lee2019_MI,37,0.704,0.6819999999999999,0.022,0.07399999999999998,G
lora8,5,Lee2019_MI,38,0.55,0.56,-0.01,-0.012000000000000021,G
lora8,5,Lee2019_MI,39,0.6779999999999999,0.696,-0.018000000000000037,0.024,G
lora8,5,Lee2019_MI,40,0.656,0.664,-0.00799999999999998,-0.008000000000000021,G
lora8,5,Lee2019_MI,41,0.524,0.552,-0.028000000000000004,0.03799999999999996,G
lora8,5,Lee2019_MI,42,0.6819999999999999,0.712,-0.02999999999999998,-0.04199999999999998,G
lora8,5,Lee2019_MI,43,0.8320000000000001,0.8200000000000001,0.011999999999999938,0.03599999999999992,G
lora8,5,Lee2019_MI,44,0.796,0.788,0.007999999999999981,0.043999999999999984,G
lora8,5,Lee2019_MI,45,0.638,0.6759999999999999,-0.03799999999999996,0.022000000000000023,G
lora8,5,Lee2019_MI,46,0.608,0.6439999999999999,-0.035999999999999935,-0.07999999999999993,G
lora8,5,Lee2019_MI,47,0.592,0.612,-0.01999999999999994,-0.01999999999999994,G
lora8,5,Lee2019_MI,48,0.782,0.804,-0.02199999999999998,0.04199999999999994,G
lora8,5,Lee2019_MI,49,0.614,0.614,0.0,-0.02799999999999994,G
lora8,5,Lee2019_MI,50,0.524,0.524,-3.4694469519536144e-19,-0.008000000000000024,G
lora8,5,Lee2019_MI,51,0.718,0.708,0.009999999999999978,-0.01599999999999998,G
lora8,5,Lee2019_MI,52,0.596,0.6859999999999999,-0.08999999999999993,0.016000000000000004,G
lora8,5,Lee2019_MI,53,0.5820000000000001,0.5900000000000001,-0.008,-0.00799999999999996,G
lora8,5,Lee2019_MI,54,0.612,0.624,-0.011999999999999959,0.034,G
lora8,10,Lee2019_MI,1,0.628,0.626,0.00200000000000002,0.04199999999999996,G
lora8,10,Lee2019_MI,2,0.5880000000000001,0.608,-0.01999999999999996,0.04199999999999994,G
lora8,10,Lee2019_MI,3,0.688,0.6799999999999999,0.007999999999999941,0.05199999999999992,G
lora8,10,Lee2019_MI,4,0.79,0.796,-0.006000000000000001,-0.014000000000000002,G
lora8,10,Lee2019_MI,5,0.5660000000000001,0.5660000000000001,-2.2204460492503132e-17,0.037999999999999916,G
lora8,10,Lee2019_MI,6,0.77,0.754,0.015999999999999997,0.05199999999999998,G
lora8,10,Lee2019_MI,7,0.6859999999999999,0.724,-0.038,-0.029999999999999978,G
lora8,10,Lee2019_MI,8,0.786,0.8019999999999999,-0.016,0.012,G
lora8,10,Lee2019_MI,9,0.592,0.626,-0.034,-0.00799999999999998,G
lora8,10,Lee2019_MI,10,0.5960000000000001,0.592,0.003999999999999998,-0.002000000000000039,G
lora8,10,Lee2019_MI,11,0.5700000000000001,0.5800000000000001,-0.009999999999999998,-0.002000000000000022,G
lora8,10,Lee2019_MI,12,0.76,0.728,0.032,0.07999999999999999,G
lora8,10,Lee2019_MI,13,0.6739999999999999,0.682,-0.00800000000000002,-0.04999999999999994,G
lora8,10,Lee2019_MI,14,0.49399999999999994,0.502,-0.007999999999999998,0.006000000000000022,G
lora8,10,Lee2019_MI,15,0.8480000000000001,0.826,0.021999999999999978,0.05999999999999992,G
lora8,10,Lee2019_MI,16,0.65,0.646,0.00399999999999998,-0.008000000000000002,G
lora8,10,Lee2019_MI,17,0.6759999999999999,0.6639999999999999,0.01200000000000004,0.03999999999999998,G
lora8,10,Lee2019_MI,18,0.6220000000000001,0.6439999999999999,-0.021999999999999915,0.09799999999999996,G
lora8,10,Lee2019_MI,19,0.706,0.734,-0.028000000000000004,-0.04599999999999998,G
lora8,10,Lee2019_MI,20,0.634,0.6199999999999999,0.014000000000000021,-0.02799999999999994,G
lora8,10,Lee2019_MI,21,0.76,0.792,-0.032,0.05799999999999996,G
lora8,10,Lee2019_MI,22,0.6140000000000001,0.6,0.013999999999999999,0.02999999999999996,G
lora8,10,Lee2019_MI,23,0.48599999999999993,0.512,-0.026000000000000002,-0.032,G
lora8,10,Lee2019_MI,24,0.5640000000000001,0.5960000000000001,-0.032,-0.07,G
lora8,10,Lee2019_MI,25,0.546,0.562,-0.01599999999999996,0.022000000000000002,G
lora8,10,Lee2019_MI,26,0.6859999999999999,0.692,-0.006,0.025999999999999978,G
lora8,10,Lee2019_MI,27,0.714,0.726,-0.012,-0.01599999999999998,G
lora8,10,Lee2019_MI,28,0.932,0.93,0.0019999999999999797,0.01199999999999998,G
lora8,10,Lee2019_MI,29,0.796,0.808,-0.01199999999999998,0.13399999999999998,G
lora8,10,Lee2019_MI,30,0.8160000000000001,0.806,0.01000000000000002,-0.02199999999999998,G
lora8,10,Lee2019_MI,31,0.696,0.702,-0.00600000000000002,0.025999999999999978,G
lora8,10,Lee2019_MI,32,0.596,0.63,-0.03399999999999994,-0.02599999999999996,G
lora8,10,Lee2019_MI,33,0.788,0.796,-0.008000000000000002,-0.05400000000000003,G
lora8,10,Lee2019_MI,34,0.522,0.534,-0.01199999999999998,0.03000000000000002,G
lora8,10,Lee2019_MI,35,0.9879999999999999,0.9879999999999999,0.0,0.008,G
lora8,10,Lee2019_MI,36,0.9199999999999999,0.924,-0.00399999999999996,-0.018,G
lora8,10,Lee2019_MI,37,0.71,0.6819999999999999,0.028000000000000004,0.07399999999999998,G
lora8,10,Lee2019_MI,38,0.546,0.56,-0.014000000000000002,-0.012000000000000021,G
lora8,10,Lee2019_MI,39,0.692,0.696,-0.00400000000000002,0.024,G
lora8,10,Lee2019_MI,40,0.6359999999999999,0.664,-0.028000000000000004,-0.008000000000000021,G
lora8,10,Lee2019_MI,41,0.55,0.552,-0.0020000000000000005,0.03799999999999996,G
lora8,10,Lee2019_MI,42,0.6699999999999999,0.712,-0.041999999999999996,-0.04199999999999998,G
lora8,10,Lee2019_MI,43,0.826,0.8200000000000001,0.00599999999999998,0.03599999999999992,G
lora8,10,Lee2019_MI,44,0.776,0.788,-0.012,0.043999999999999984,G
lora8,10,Lee2019_MI,45,0.6799999999999999,0.6759999999999999,0.0040000000000000435,0.022000000000000023,G
lora8,10,Lee2019_MI,46,0.618,0.6439999999999999,-0.025999999999999978,-0.07999999999999993,G
lora8,10,Lee2019_MI,47,0.604,0.612,-0.008,-0.01999999999999994,G
lora8,10,Lee2019_MI,48,0.804,0.804,0.0,0.04199999999999994,G
lora8,10,Lee2019_MI,49,0.596,0.614,-0.01799999999999996,-0.02799999999999994,G
lora8,10,Lee2019_MI,50,0.534,0.524,0.01,-0.008000000000000024,G
lora8,10,Lee2019_MI,51,0.72,0.708,0.01199999999999998,-0.01599999999999998,G
lora8,10,Lee2019_MI,52,0.634,0.6859999999999999,-0.051999999999999935,0.016000000000000004,G
lora8,10,Lee2019_MI,53,0.594,0.5900000000000001,0.003999999999999959,-0.00799999999999996,G
lora8,10,Lee2019_MI,54,0.636,0.624,0.01200000000000004,0.034,G
lora8,20,Lee2019_MI,1,0.634,0.626,0.008,0.04199999999999996,G
lora8,20,Lee2019_MI,2,0.5820000000000001,0.608,-0.026000000000000016,0.04199999999999994,G
lora8,20,Lee2019_MI,3,0.726,0.6799999999999999,0.045999999999999944,0.05199999999999992,G
lora8,20,Lee2019_MI,4,0.798,0.796,0.001999999999999999,-0.014000000000000002,G
lora8,20,Lee2019_MI,5,0.532,0.5660000000000001,-0.03399999999999998,0.037999999999999916,G
lora8,20,Lee2019_MI,6,0.784,0.754,0.03,0.05199999999999998,G
lora8,20,Lee2019_MI,7,0.728,0.724,0.00400000000000002,-0.029999999999999978,G
lora8,20,Lee2019_MI,8,0.794,0.8019999999999999,-0.00799999999999998,0.012,G
lora8,20,Lee2019_MI,9,0.548,0.626,-0.07799999999999992,-0.00799999999999998,G
lora8,20,Lee2019_MI,10,0.5940000000000001,0.592,0.0019999999999999797,-0.002000000000000039,G
lora8,20,Lee2019_MI,11,0.57,0.5800000000000001,-0.010000000000000064,-0.002000000000000022,G
lora8,20,Lee2019_MI,12,0.772,0.728,0.044,0.07999999999999999,G
lora8,20,Lee2019_MI,13,0.626,0.682,-0.05599999999999996,-0.04999999999999994,G
lora8,20,Lee2019_MI,14,0.508,0.502,0.006000000000000022,0.006000000000000022,G
lora8,20,Lee2019_MI,15,0.858,0.826,0.03199999999999996,0.05999999999999992,G
lora8,20,Lee2019_MI,16,0.6359999999999999,0.646,-0.01,-0.008000000000000002,G
lora8,20,Lee2019_MI,17,0.6799999999999999,0.6639999999999999,0.01600000000000002,0.03999999999999998,G
lora8,20,Lee2019_MI,18,0.6719999999999999,0.6439999999999999,0.02799999999999996,0.09799999999999996,G
lora8,20,Lee2019_MI,19,0.6759999999999999,0.734,-0.05799999999999998,-0.04599999999999998,G
lora8,20,Lee2019_MI,20,0.62,0.6199999999999999,4.163336342344337e-17,-0.02799999999999994,G
lora8,20,Lee2019_MI,21,0.8100000000000002,0.792,0.018,0.05799999999999996,G
lora8,20,Lee2019_MI,22,0.6359999999999999,0.6,0.03599999999999996,0.02999999999999996,G
lora8,20,Lee2019_MI,23,0.488,0.512,-0.024,-0.032,G
lora8,20,Lee2019_MI,24,0.5519999999999999,0.5960000000000001,-0.04400000000000004,-0.07,G
lora8,20,Lee2019_MI,25,0.546,0.562,-0.01599999999999996,0.022000000000000002,G
lora8,20,Lee2019_MI,26,0.724,0.692,0.031999999999999994,0.025999999999999978,G
lora8,20,Lee2019_MI,27,0.726,0.726,-1.0408340855860842e-18,-0.01599999999999998,G
lora8,20,Lee2019_MI,28,0.9259999999999999,0.93,-0.00400000000000004,0.01199999999999998,G
lora8,20,Lee2019_MI,29,0.876,0.808,0.06799999999999998,0.13399999999999998,G
lora8,20,Lee2019_MI,30,0.792,0.806,-0.01399999999999998,-0.02199999999999998,G
lora8,20,Lee2019_MI,31,0.674,0.702,-0.027999999999999997,0.025999999999999978,G
lora8,20,Lee2019_MI,32,0.596,0.63,-0.03399999999999998,-0.02599999999999996,G
lora8,20,Lee2019_MI,33,0.79,0.796,-0.006000000000000022,-0.05400000000000003,G
lora8,20,Lee2019_MI,34,0.5660000000000001,0.534,0.032,0.03000000000000002,G
lora8,20,Lee2019_MI,35,0.9879999999999999,0.9879999999999999,0.0,0.008,G
lora8,20,Lee2019_MI,36,0.892,0.924,-0.03199999999999998,-0.018,G
lora8,20,Lee2019_MI,37,0.738,0.6819999999999999,0.05599999999999998,0.07399999999999998,G
lora8,20,Lee2019_MI,38,0.534,0.56,-0.026000000000000002,-0.012000000000000021,G
lora8,20,Lee2019_MI,39,0.6719999999999999,0.696,-0.02399999999999998,0.024,G
lora8,20,Lee2019_MI,40,0.6519999999999999,0.664,-0.01199999999999998,-0.008000000000000021,G
lora8,20,Lee2019_MI,41,0.5800000000000001,0.552,0.02799999999999998,0.03799999999999996,G
lora8,20,Lee2019_MI,42,0.6559999999999999,0.712,-0.05600000000000001,-0.04199999999999998,G
lora8,20,Lee2019_MI,43,0.828,0.8200000000000001,0.00799999999999992,0.03599999999999992,G
lora8,20,Lee2019_MI,44,0.76,0.788,-0.028000000000000004,0.043999999999999984,G
lora8,20,Lee2019_MI,45,0.69,0.6759999999999999,0.013999999999999999,0.022000000000000023,G
lora8,20,Lee2019_MI,46,0.596,0.6439999999999999,-0.047999999999999945,-0.07999999999999993,G
lora8,20,Lee2019_MI,47,0.58,0.612,-0.03199999999999996,-0.01999999999999994,G
lora8,20,Lee2019_MI,48,0.8160000000000001,0.804,0.012000000000000002,0.04199999999999994,G
lora8,20,Lee2019_MI,49,0.624,0.614,0.010000000000000023,-0.02799999999999994,G
lora8,20,Lee2019_MI,50,0.5,0.524,-0.024,-0.008000000000000024,G
lora8,20,Lee2019_MI,51,0.738,0.708,0.02999999999999998,-0.01599999999999998,G
lora8,20,Lee2019_MI,52,0.646,0.6859999999999999,-0.039999999999999904,0.016000000000000004,G
lora8,20,Lee2019_MI,53,0.5980000000000001,0.5900000000000001,0.007999999999999998,-0.00799999999999996,G
lora8,20,Lee2019_MI,54,0.6439999999999999,0.624,0.020000000000000018,0.034,G
