method,additional_step,total_step,role,dataset,subject_mean_ce,fold,seed
m_film,0,3000,train,Lee2019_MI,0.050470188046292,0,11
m_film,0,3000,train,pooled,0.050470188046292,0,11
m_film,0,3000,validation,Lee2019_MI,1.6678754017502069,0,11
m_film,0,3000,validation,pooled,1.6678754017502069,0,11
m_film,250,3250,train,Lee2019_MI,0.0353111654963816,0,11
m_film,250,3250,train,pooled,0.0353111654963816,0,11
m_film,250,3250,validation,Lee2019_MI,1.9803017899882984,0,11
m_film,250,3250,validation,pooled,1.9803017899882984,0,11
m_film,500,3500,train,Lee2019_MI,0.0467474675279356,0,11
m_film,500,3500,train,pooled,0.0467474675279356,0,11
m_film,500,3500,validation,Lee2019_MI,2.114857848593965,0,11
m_film,500,3500,validation,pooled,2.114857848593965,0,11
m_film,750,3750,train,Lee2019_MI,0.0630484307219646,0,11
m_film,750,3750,train,pooled,0.0630484307219646,0,11
m_film,750,3750,validation,Lee2019_MI,2.271885534799076,0,11
m_film,750,3750,validation,pooled,2.271885534799076,0,11
m_film,1000,4000,train,Lee2019_MI,0.0389935198708863,0,11
m_film,1000,4000,train,pooled,0.0389935198708863,0,11
m_film,1000,4000,validation,Lee2019_MI,2.33883186429739,0,11
m_film,1000,4000,validation,pooled,2.33883186429739,0,11
m_film,1250,4250,train,Lee2019_MI,0.0339614242357017,0,11
m_film,1250,4250,train,pooled,0.0339614242357017,0,11
m_film,1250,4250,validation,Lee2019_MI,1.94931371640414,0,11
m_film,1250,4250,validation,pooled,1.94931371640414,0,11
m_film,1500,4500,train,Lee2019_MI,0.0518698656484922,0,11
m_film,1500,4500,train,pooled,0.0518698656484922,0,11
m_film,1500,4500,validation,Lee2019_MI,2.152357498854399,0,11
m_film,1500,4500,validation,pooled,2.152357498854399,0,11
m_film,1750,4750,train,Lee2019_MI,0.0337074011313523,0,11
m_film,1750,4750,train,pooled,0.0337074011313523,0,11
m_film,1750,4750,validation,Lee2019_MI,2.807727369070053,0,11
m_film,1750,4750,validation,pooled,2.807727369070053,0,11
m_film,2000,5000,train,Lee2019_MI,0.0251239710605749,0,11
m_film,2000,5000,train,pooled,0.0251239710605749,0,11
m_film,2000,5000,validation,Lee2019_MI,2.5683922111988067,0,11
m_film,2000,5000,validation,pooled,2.5683922111988067,0,11
m_lora,0,3000,train,Lee2019_MI,0.0208043966189224,0,11
m_lora,0,3000,train,pooled,0.0208043966189224,0,11
m_lora,0,3000,validation,Lee2019_MI,2.491730805635452,0,11
m_lora,0,3000,validation,pooled,2.491730805635452,0,11
m_lora,250,3250,train,Lee2019_MI,0.0465389761757045,0,11
m_lora,250,3250,train,pooled,0.0465389761757045,0,11
m_lora,250,3250,validation,Lee2019_MI,2.431678330898285,0,11
m_lora,250,3250,validation,pooled,2.431678330898285,0,11
m_lora,500,3500,train,Lee2019_MI,0.0758693545455453,0,11
m_lora,500,3500,train,pooled,0.0758693545455453,0,11
m_lora,500,3500,validation,Lee2019_MI,2.490209783241153,0,11
m_lora,500,3500,validation,pooled,2.490209783241153,0,11
m_lora,750,3750,train,Lee2019_MI,0.04306189358899,0,11
m_lora,750,3750,train,pooled,0.04306189358899,0,11
m_lora,750,3750,validation,Lee2019_MI,2.705914587974548,0,11
m_lora,750,3750,validation,pooled,2.705914587974548,0,11
m_lora,1000,4000,train,Lee2019_MI,0.0458276567710221,0,11
m_lora,1000,4000,train,pooled,0.0458276567710221,0,11
m_lora,1000,4000,validation,Lee2019_MI,2.787567422389984,0,11
m_lora,1000,4000,validation,pooled,2.787567422389984,0,11
m_lora,1250,4250,train,Lee2019_MI,0.0682417306659191,0,11
m_lora,1250,4250,train,pooled,0.0682417306659191,0,11
m_lora,1250,4250,validation,Lee2019_MI,3.9059766983985895,0,11
m_lora,1250,4250,validation,pooled,3.9059766983985895,0,11
m_lora,1500,4500,train,Lee2019_MI,0.0208275070868492,0,11
m_lora,1500,4500,train,pooled,0.0208275070868492,0,11
m_lora,1500,4500,validation,Lee2019_MI,2.532727397084236,0,11
m_lora,1500,4500,validation,pooled,2.532727397084236,0,11
m_lora,1750,4750,train,Lee2019_MI,0.0260162439298633,0,11
m_lora,1750,4750,train,pooled,0.0260162439298633,0,11
m_lora,1750,4750,validation,Lee2019_MI,3.371724869608879,0,11
m_lora,1750,4750,validation,pooled,3.371724869608879,0,11
m_lora,2000,5000,train,Lee2019_MI,0.0537729864970688,0,11
m_lora,2000,5000,train,pooled,0.0537729864970688,0,11
m_lora,2000,5000,validation,Lee2019_MI,3.8727401530742647,0,11
m_lora,2000,5000,validation,pooled,3.8727401530742647,0,11
m_lora,2250,5250,train,Lee2019_MI,0.0344170919955114,0,11
m_lora,2250,5250,train,pooled,0.0344170919955114,0,11
m_lora,2250,5250,validation,Lee2019_MI,3.416858469247818,0,11
m_lora,2250,5250,validation,pooled,3.416858469247818,0,11
m_film,0,3000,train,Lee2019_MI,0.0586907881306435,0,23
m_film,0,3000,train,pooled,0.0586907881306435,0,23
m_film,0,3000,validation,Lee2019_MI,1.927425253391266,0,23
m_film,0,3000,validation,pooled,1.927425253391266,0,23
m_film,250,3250,train,Lee2019_MI,0.0593584307295498,0,23
m_film,250,3250,train,pooled,0.0593584307295498,0,23
m_film,250,3250,validation,Lee2019_MI,2.048164566755295,0,23
m_film,250,3250,validation,pooled,2.048164566755295,0,23
m_film,500,3500,train,Lee2019_MI,0.042258260380395,0,23
m_film,500,3500,train,pooled,0.042258260380395,0,23
m_film,500,3500,validation,Lee2019_MI,2.219281802177429,0,23
m_film,500,3500,validation,pooled,2.219281802177429,0,23
m_film,750,3750,train,Lee2019_MI,0.0464266269105181,0,23
m_film,750,3750,train,pooled,0.0464266269105181,0,23
m_film,750,3750,validation,Lee2019_MI,2.342480573654175,0,23
m_film,750,3750,validation,pooled,2.342480573654175,0,23
m_film,1000,4000,train,Lee2019_MI,0.0706188166923518,0,23
m_film,1000,4000,train,pooled,0.0706188166923518,0,23
m_film,1000,4000,validation,Lee2019_MI,2.2873780131340027,0,23
m_film,1000,4000,validation,pooled,2.2873780131340027,0,23
m_film,1250,4250,train,Lee2019_MI,0.0353113830590405,0,23
m_film,1250,4250,train,pooled,0.0353113830590405,0,23
m_film,1250,4250,validation,Lee2019_MI,2.647622799873352,0,23
m_film,1250,4250,validation,pooled,2.647622799873352,0,23
m_film,1500,4500,train,Lee2019_MI,0.0296834877681515,0,23
m_film,1500,4500,train,pooled,0.0296834877681515,0,23
m_film,1500,4500,validation,Lee2019_MI,2.633008179664612,0,23
m_film,1500,4500,validation,pooled,2.633008179664612,0,23
m_film,1750,4750,train,Lee2019_MI,0.0368855156672888,0,23
m_film,1750,4750,train,pooled,0.0368855156672888,0,23
m_film,1750,4750,validation,Lee2019_MI,2.518096244633198,0,23
m_film,1750,4750,validation,pooled,2.518096244633198,0,23
m_film,2000,5000,train,Lee2019_MI,0.0305012233470098,0,23
m_film,2000,5000,train,pooled,0.0305012233470098,0,23
m_film,2000,5000,validation,Lee2019_MI,2.6127296489663423,0,23
m_film,2000,5000,validation,pooled,2.6127296489663423,0,23
m_lora,0,3000,train,Lee2019_MI,0.0535910904286974,0,23
m_lora,0,3000,train,pooled,0.0535910904286974,0,23
m_lora,0,3000,validation,Lee2019_MI,2.4428056120872497,0,23
m_lora,0,3000,validation,pooled,2.4428056120872497,0,23
m_lora,250,3250,train,Lee2019_MI,0.0691695650642193,0,23
m_lora,250,3250,train,pooled,0.0691695650642193,0,23
m_lora,250,3250,validation,Lee2019_MI,2.7663943433761595,0,23
m_lora,250,3250,validation,pooled,2.7663943433761595,0,23
m_lora,500,3500,train,Lee2019_MI,0.0691753237993513,0,23
m_lora,500,3500,train,pooled,0.0691753237993513,0,23
m_lora,500,3500,validation,Lee2019_MI,2.8373048448562623,0,23
m_lora,500,3500,validation,pooled,2.8373048448562623,0,23
m_lora,750,3750,train,Lee2019_MI,0.0498309662749378,0,23
m_lora,750,3750,train,pooled,0.0498309662749378,0,23
m_lora,750,3750,validation,Lee2019_MI,2.9107384192943573,0,23
m_lora,750,3750,validation,pooled,2.9107384192943573,0,23
m_lora,1000,4000,train,Lee2019_MI,0.0399179083565007,0,23
m_lora,1000,4000,train,pooled,0.0399179083565007,0,23
m_lora,1000,4000,validation,Lee2019_MI,2.859974222183228,0,23
m_lora,1000,4000,validation,pooled,2.859974222183228,0,23
m_lora,1250,4250,train,Lee2019_MI,0.0274309774540803,0,23
m_lora,1250,4250,train,pooled,0.0274309774540803,0,23
m_lora,1250,4250,validation,Lee2019_MI,2.742773303389549,0,23
m_lora,1250,4250,validation,pooled,2.742773303389549,0,23
m_lora,1500,4500,train,Lee2019_MI,0.0448471239967503,0,23
m_lora,1500,4500,train,pooled,0.0448471239967503,0,23
m_lora,1500,4500,validation,Lee2019_MI,2.9096288371086123,0,23
m_lora,1500,4500,validation,pooled,2.9096288371086123,0,23
m_lora,1750,4750,train,Lee2019_MI,0.0313177391118644,0,23
m_lora,1750,4750,train,pooled,0.0313177391118644,0,23
m_lora,1750,4750,validation,Lee2019_MI,3.365037240982056,0,23
m_lora,1750,4750,validation,pooled,3.365037240982056,0,23
m_lora,2000,5000,train,Lee2019_MI,0.0205079876505961,0,23
m_lora,2000,5000,train,pooled,0.0205079876505961,0,23
m_lora,2000,5000,validation,Lee2019_MI,2.7979015463590624,0,23
m_lora,2000,5000,validation,pooled,2.7979015463590624,0,23
m_film,0,3000,train,Lee2019_MI,0.0548872254161375,0,37
m_film,0,3000,train,pooled,0.0548872254161375,0,37
m_film,0,3000,validation,Lee2019_MI,1.8981250190734864,0,37
m_film,0,3000,validation,pooled,1.8981250190734864,0,37
m_film,250,3250,train,Lee2019_MI,0.074049669746379,0,37
m_film,250,3250,train,pooled,0.074049669746379,0,37
m_film,250,3250,validation,Lee2019_MI,2.602213733792305,0,37
m_film,250,3250,validation,pooled,2.602213733792305,0,37
m_film,500,3500,train,Lee2019_MI,0.0509279786067146,0,37
m_film,500,3500,train,pooled,0.0509279786067146,0,37
m_film,500,3500,validation,Lee2019_MI,2.633715699966997,0,37
m_film,500,3500,validation,pooled,2.633715699966997,0,37
m_film,750,3750,train,Lee2019_MI,0.0477559275639469,0,37
m_film,750,3750,train,pooled,0.0477559275639469,0,37
m_film,750,3750,validation,Lee2019_MI,2.504425431553973,0,37
m_film,750,3750,validation,pooled,2.504425431553973,0,37
m_film,1000,4000,train,Lee2019_MI,0.1035413449124499,0,37
m_film,1000,4000,train,pooled,0.1035413449124499,0,37
m_film,1000,4000,validation,Lee2019_MI,2.6795199126005174,0,37
m_film,1000,4000,validation,pooled,2.6795199126005174,0,37
m_film,1250,4250,train,Lee2019_MI,0.0291493148552768,0,37
m_film,1250,4250,train,pooled,0.0291493148552768,0,37
m_film,1250,4250,validation,Lee2019_MI,2.770248664582614,0,37
m_film,1250,4250,validation,pooled,2.770248664582614,0,37
m_film,1500,4500,train,Lee2019_MI,0.0314830217908752,0,37
m_film,1500,4500,train,pooled,0.0314830217908752,0,37
m_film,1500,4500,validation,Lee2019_MI,2.6111133347847497,0,37
m_film,1500,4500,validation,pooled,2.6111133347847497,0,37
m_film,1750,4750,train,Lee2019_MI,0.0257592725421572,0,37
m_film,1750,4750,train,pooled,0.0257592725421572,0,37
m_film,1750,4750,validation,Lee2019_MI,2.564246015548706,0,37
m_film,1750,4750,validation,pooled,2.564246015548706,0,37
m_film,2000,5000,train,Lee2019_MI,0.028800828593159,0,37
m_film,2000,5000,train,pooled,0.028800828593159,0,37
m_film,2000,5000,validation,Lee2019_MI,2.849650145769119,0,37
m_film,2000,5000,validation,pooled,2.849650145769119,0,37
m_lora,0,3000,train,Lee2019_MI,0.0602222108190336,0,37
m_lora,0,3000,train,pooled,0.0602222108190336,0,37
m_lora,0,3000,validation,Lee2019_MI,2.415494224578142,0,37
m_lora,0,3000,validation,pooled,2.415494224578142,0,37
m_lora,250,3250,train,Lee2019_MI,0.0852739689240259,0,37
m_lora,250,3250,train,pooled,0.0852739689240259,0,37
m_lora,250,3250,validation,Lee2019_MI,2.453262082338333,0,37
m_lora,250,3250,validation,pooled,2.453262082338333,0,37
m_lora,500,3500,train,Lee2019_MI,0.0871834562648578,0,37
m_lora,500,3500,train,pooled,0.0871834562648578,0,37
m_lora,500,3500,validation,Lee2019_MI,2.5754967438802128,0,37
m_lora,500,3500,validation,pooled,2.5754967438802128,0,37
m_lora,750,3750,train,Lee2019_MI,0.078023398392561,0,37
m_lora,750,3750,train,pooled,0.078023398392561,0,37
m_lora,750,3750,validation,Lee2019_MI,2.4360962712764738,0,37
m_lora,750,3750,validation,pooled,2.4360962712764738,0,37
m_lora,1000,4000,train,Lee2019_MI,0.0509393750322124,0,37
m_lora,1000,4000,train,pooled,0.0509393750322124,0,37
m_lora,1000,4000,validation,Lee2019_MI,2.560864279270172,0,37
m_lora,1000,4000,validation,pooled,2.560864279270172,0,37
m_lora,1250,4250,train,Lee2019_MI,0.0416521447702647,0,37
m_lora,1250,4250,train,pooled,0.0416521447702647,0,37
m_lora,1250,4250,validation,Lee2019_MI,2.251183229684829,0,37
m_lora,1250,4250,validation,pooled,2.251183229684829,0,37
m_lora,1500,4500,train,Lee2019_MI,0.0681256900441456,0,37
m_lora,1500,4500,train,pooled,0.0681256900441456,0,37
m_lora,1500,4500,validation,Lee2019_MI,2.995605800151825,0,37
m_lora,1500,4500,validation,pooled,2.995605800151825,0,37
m_lora,1750,4750,train,Lee2019_MI,0.042803387344305,0,37
m_lora,1750,4750,train,pooled,0.042803387344305,0,37
m_lora,1750,4750,validation,Lee2019_MI,2.479542303085327,0,37
m_lora,1750,4750,validation,pooled,2.479542303085327,0,37
m_lora,2000,5000,train,Lee2019_MI,0.0391544174157901,0,37
m_lora,2000,5000,train,pooled,0.0391544174157901,0,37
m_lora,2000,5000,validation,Lee2019_MI,2.3669771797955037,0,37
m_lora,2000,5000,validation,pooled,2.3669771797955037,0,37
m_lora,2250,5250,train,Lee2019_MI,0.0384435613872928,0,37
m_lora,2250,5250,train,pooled,0.0384435613872928,0,37
m_lora,2250,5250,validation,Lee2019_MI,2.825824843156152,0,37
m_lora,2250,5250,validation,pooled,2.825824843156152,0,37
m_lora,2500,5500,train,Lee2019_MI,0.064505061164836,0,37
m_lora,2500,5500,train,pooled,0.064505061164836,0,37
m_lora,2500,5500,validation,Lee2019_MI,2.909986913204193,0,37
m_lora,2500,5500,validation,pooled,2.909986913204193,0,37
m_lora,2750,5750,train,Lee2019_MI,0.0453952107168895,0,37
m_lora,2750,5750,train,pooled,0.0453952107168895,0,37
m_lora,2750,5750,validation,Lee2019_MI,2.79146680315258,0,37
m_lora,2750,5750,validation,pooled,2.79146680315258,0,37
m_lora,3000,6000,train,Lee2019_MI,0.0412494516139893,0,37
m_lora,3000,6000,train,pooled,0.0412494516139893,0,37
m_lora,3000,6000,validation,Lee2019_MI,3.427472373768687,0,37
m_lora,3000,6000,validation,pooled,3.427472373768687,0,37
m_lora,3250,6250,train,Lee2019_MI,0.0500261151126423,0,37
m_lora,3250,6250,train,pooled,0.0500261151126423,0,37
m_lora,3250,6250,validation,Lee2019_MI,3.3454048223327844,0,37
m_lora,3250,6250,validation,pooled,3.3454048223327844,0,37
m_film,0,3000,train,Lee2019_MI,0.0401785556518611,0,53
m_film,0,3000,train,pooled,0.0401785556518611,0,53
m_film,0,3000,validation,Lee2019_MI,2.1414423263072964,0,53
m_film,0,3000,validation,pooled,2.1414423263072964,0,53
m_film,250,3250,train,Lee2019_MI,0.0558241334145254,0,53
m_film,250,3250,train,pooled,0.0558241334145254,0,53
m_film,250,3250,validation,Lee2019_MI,2.455767163038254,0,53
m_film,250,3250,validation,pooled,2.455767163038254,0,53
m_film,500,3500,train,Lee2019_MI,0.0538739316735681,0,53
m_film,500,3500,train,pooled,0.0538739316735681,0,53
m_film,500,3500,validation,Lee2019_MI,2.410511058568954,0,53
m_film,500,3500,validation,pooled,2.410511058568954,0,53
m_film,750,3750,train,Lee2019_MI,0.0416324095696785,0,53
m_film,750,3750,train,pooled,0.0416324095696785,0,53
m_film,750,3750,validation,Lee2019_MI,1.895168516337872,0,53
m_film,750,3750,validation,pooled,1.895168516337872,0,53
m_film,1000,4000,train,Lee2019_MI,0.0314754470342783,0,53
m_film,1000,4000,train,pooled,0.0314754470342783,0,53
m_film,1000,4000,validation,Lee2019_MI,2.2964837456308307,0,53
m_film,1000,4000,validation,pooled,2.2964837456308307,0,53
m_film,1250,4250,train,Lee2019_MI,0.0275890151438122,0,53
m_film,1250,4250,train,pooled,0.0275890151438122,0,53
m_film,1250,4250,validation,Lee2019_MI,2.699276876747608,0,53
m_film,1250,4250,validation,pooled,2.699276876747608,0,53
m_film,1500,4500,train,Lee2019_MI,0.0175927091762051,0,53
m_film,1500,4500,train,pooled,0.0175927091762051,0,53
m_film,1500,4500,validation,Lee2019_MI,2.1509715527296067,0,53
m_film,1500,4500,validation,pooled,2.1509715527296067,0,53
m_film,1750,4750,train,Lee2019_MI,0.0321165496585766,0,53
m_film,1750,4750,train,pooled,0.0321165496585766,0,53
m_film,1750,4750,validation,Lee2019_MI,2.2804951798915862,0,53
m_film,1750,4750,validation,pooled,2.2804951798915862,0,53
m_film,2000,5000,train,Lee2019_MI,0.0184101323220475,0,53
m_film,2000,5000,train,pooled,0.0184101323220475,0,53
m_film,2000,5000,validation,Lee2019_MI,2.4981110239028927,0,53
m_film,2000,5000,validation,pooled,2.4981110239028927,0,53
m_film,2250,5250,train,Lee2019_MI,0.0220539500274646,0,53
m_film,2250,5250,train,pooled,0.0220539500274646,0,53
m_film,2250,5250,validation,Lee2019_MI,2.10364946603775,0,53
m_film,2250,5250,validation,pooled,2.10364946603775,0,53
m_film,2500,5500,train,Lee2019_MI,0.0326942437243165,0,53
m_film,2500,5500,train,pooled,0.0326942437243165,0,53
m_film,2500,5500,validation,Lee2019_MI,3.230436787605285,0,53
m_film,2500,5500,validation,pooled,3.230436787605285,0,53
m_film,2750,5750,train,Lee2019_MI,0.0164343161110745,0,53
m_film,2750,5750,train,pooled,0.0164343161110745,0,53
m_film,2750,5750,validation,Lee2019_MI,2.8147782301343978,0,53
m_film,2750,5750,validation,pooled,2.8147782301343978,0,53
m_lora,0,3000,train,Lee2019_MI,0.0178547605739882,0,53
m_lora,0,3000,train,pooled,0.0178547605739882,0,53
m_lora,0,3000,validation,Lee2019_MI,2.816930088996888,0,53
m_lora,0,3000,validation,pooled,2.816930088996888,0,53
m_lora,250,3250,train,Lee2019_MI,0.0449395511779279,0,53
m_lora,250,3250,train,pooled,0.0449395511779279,0,53
m_lora,250,3250,validation,Lee2019_MI,2.935029184818268,0,53
m_lora,250,3250,validation,pooled,2.935029184818268,0,53
m_lora,500,3500,train,Lee2019_MI,0.0438980240880483,0,53
m_lora,500,3500,train,pooled,0.0438980240880483,0,53
m_lora,500,3500,validation,Lee2019_MI,2.741578381061554,0,53
m_lora,500,3500,validation,pooled,2.741578381061554,0,53
m_lora,750,3750,train,Lee2019_MI,0.0270030529035625,0,53
m_lora,750,3750,train,pooled,0.0270030529035625,0,53
m_lora,750,3750,validation,Lee2019_MI,3.413337013721466,0,53
m_lora,750,3750,validation,pooled,3.413337013721466,0,53
m_lora,1000,4000,train,Lee2019_MI,0.0199899049976287,0,53
m_lora,1000,4000,train,pooled,0.0199899049976287,0,53
m_lora,1000,4000,validation,Lee2019_MI,3.3258820414543155,0,53
m_lora,1000,4000,validation,pooled,3.3258820414543155,0,53
m_lora,1250,4250,train,Lee2019_MI,0.041060331772768,0,53
m_lora,1250,4250,train,pooled,0.041060331772768,0,53
m_lora,1250,4250,validation,Lee2019_MI,3.2960538923740383,0,53
m_lora,1250,4250,validation,pooled,3.2960538923740383,0,53
m_lora,1500,4500,train,Lee2019_MI,0.0952049349034191,0,53
m_lora,1500,4500,train,pooled,0.0952049349034191,0,53
m_lora,1500,4500,validation,Lee2019_MI,4.510805878639221,0,53
m_lora,1500,4500,validation,pooled,4.510805878639221,0,53
m_lora,1750,4750,train,Lee2019_MI,0.0506540126572493,0,53
m_lora,1750,4750,train,pooled,0.0506540126572493,0,53
m_lora,1750,4750,validation,Lee2019_MI,3.67883891582489,0,53
m_lora,1750,4750,validation,pooled,3.67883891582489,0,53
m_lora,2000,5000,train,Lee2019_MI,0.0735590583736852,0,53
m_lora,2000,5000,train,pooled,0.0735590583736852,0,53
m_lora,2000,5000,validation,Lee2019_MI,5.127739186286926,0,53
m_lora,2000,5000,validation,pooled,5.127739186286926,0,53
m_lora,2250,5250,train,Lee2019_MI,0.0196809946008653,0,53
m_lora,2250,5250,train,pooled,0.0196809946008653,0,53
m_lora,2250,5250,validation,Lee2019_MI,3.0648326587677,0,53
m_lora,2250,5250,validation,pooled,3.0648326587677,0,53
m_lora,2500,5500,train,Lee2019_MI,0.0205017614074343,0,53
m_lora,2500,5500,train,pooled,0.0205017614074343,0,53
m_lora,2500,5500,validation,Lee2019_MI,4.159631052017212,0,53
m_lora,2500,5500,validation,pooled,4.159631052017212,0,53
m_film,0,3000,train,Lee2019_MI,0.0295484649979953,0,71
m_film,0,3000,train,pooled,0.0295484649979953,0,71
m_film,0,3000,validation,Lee2019_MI,2.3633611750602723,0,71
m_film,0,3000,validation,pooled,2.3633611750602723,0,71
m_film,250,3250,train,Lee2019_MI,0.0514204729621255,0,71
m_film,250,3250,train,pooled,0.0514204729621255,0,71
m_film,250,3250,validation,Lee2019_MI,2.42373819231987,0,71
m_film,250,3250,validation,pooled,2.42373819231987,0,71
m_film,500,3500,train,Lee2019_MI,0.0625415149512256,0,71
m_film,500,3500,train,pooled,0.0625415149512256,0,71
m_film,500,3500,validation,Lee2019_MI,2.7931870710849767,0,71
m_film,500,3500,validation,pooled,2.7931870710849767,0,71
m_film,750,3750,train,Lee2019_MI,0.0839118580303182,0,71
m_film,750,3750,train,pooled,0.0839118580303182,0,71
m_film,750,3750,validation,Lee2019_MI,2.531784765720368,0,71
m_film,750,3750,validation,pooled,2.531784765720368,0,71
m_film,1000,4000,train,Lee2019_MI,0.0767252701988369,0,71
m_film,1000,4000,train,pooled,0.0767252701988369,0,71
m_film,1000,4000,validation,Lee2019_MI,3.0409044575691224,0,71
m_film,1000,4000,validation,pooled,3.0409044575691224,0,71
m_film,1250,4250,train,Lee2019_MI,0.0424360299518404,0,71
m_film,1250,4250,train,pooled,0.0424360299518404,0,71
m_film,1250,4250,validation,Lee2019_MI,2.975385600328446,0,71
m_film,1250,4250,validation,pooled,2.975385600328446,0,71
m_film,1500,4500,train,Lee2019_MI,0.0276255797754355,0,71
m_film,1500,4500,train,pooled,0.0276255797754355,0,71
m_film,1500,4500,validation,Lee2019_MI,2.971345660686493,0,71
m_film,1500,4500,validation,pooled,2.971345660686493,0,71
m_film,1750,4750,train,Lee2019_MI,0.0224726596570072,0,71
m_film,1750,4750,train,pooled,0.0224726596570072,0,71
m_film,1750,4750,validation,Lee2019_MI,2.733598296139389,0,71
m_film,1750,4750,validation,pooled,2.733598296139389,0,71
m_film,2000,5000,train,Lee2019_MI,0.062940865666965,0,71
m_film,2000,5000,train,pooled,0.062940865666965,0,71
m_film,2000,5000,validation,Lee2019_MI,3.522521784901619,0,71
m_film,2000,5000,validation,pooled,3.522521784901619,0,71
m_lora,0,3000,train,Lee2019_MI,0.025400073648305,0,71
m_lora,0,3000,train,pooled,0.025400073648305,0,71
m_lora,0,3000,validation,Lee2019_MI,2.693157365322113,0,71
m_lora,0,3000,validation,pooled,2.693157365322113,0,71
m_lora,250,3250,train,Lee2019_MI,0.0625932287050787,0,71
m_lora,250,3250,train,pooled,0.0625932287050787,0,71
m_lora,250,3250,validation,Lee2019_MI,2.97425136744976,0,71
m_lora,250,3250,validation,pooled,2.97425136744976,0,71
m_lora,500,3500,train,Lee2019_MI,0.0932134397678376,0,71
m_lora,500,3500,train,pooled,0.0932134397678376,0,71
m_lora,500,3500,validation,Lee2019_MI,2.767700083553791,0,71
m_lora,500,3500,validation,pooled,2.767700083553791,0,71
m_lora,750,3750,train,Lee2019_MI,0.0498030031200259,0,71
m_lora,750,3750,train,pooled,0.0498030031200259,0,71
m_lora,750,3750,validation,Lee2019_MI,2.574321584701538,0,71
m_lora,750,3750,validation,pooled,2.574321584701538,0,71
m_lora,1000,4000,train,Lee2019_MI,0.0613646597803977,0,71
m_lora,1000,4000,train,pooled,0.0613646597803977,0,71
m_lora,1000,4000,validation,Lee2019_MI,3.491065927743912,0,71
m_lora,1000,4000,validation,pooled,3.491065927743912,0,71
m_lora,1250,4250,train,Lee2019_MI,0.0585073110306178,0,71
m_lora,1250,4250,train,pooled,0.0585073110306178,0,71
m_lora,1250,4250,validation,Lee2019_MI,3.214056535959244,0,71
m_lora,1250,4250,validation,pooled,3.214056535959244,0,71
m_lora,1500,4500,train,Lee2019_MI,0.069700189176832,0,71
m_lora,1500,4500,train,pooled,0.069700189176832,0,71
m_lora,1500,4500,validation,Lee2019_MI,3.269649519920349,0,71
m_lora,1500,4500,validation,pooled,3.269649519920349,0,71
m_lora,1750,4750,train,Lee2019_MI,0.0282648656140381,0,71
m_lora,1750,4750,train,pooled,0.0282648656140381,0,71
m_lora,1750,4750,validation,Lee2019_MI,3.1039849547296763,0,71
m_lora,1750,4750,validation,pooled,3.1039849547296763,0,71
m_lora,2000,5000,train,Lee2019_MI,0.0208728281303894,0,71
m_lora,2000,5000,train,pooled,0.0208728281303894,0,71
m_lora,2000,5000,validation,Lee2019_MI,3.2257726907730104,0,71
m_lora,2000,5000,validation,pooled,3.2257726907730104,0,71
m_lora,2250,5250,train,Lee2019_MI,0.0339796935280186,0,71
m_lora,2250,5250,train,pooled,0.0339796935280186,0,71
m_lora,2250,5250,validation,Lee2019_MI,3.3566691406816243,0,71
m_lora,2250,5250,validation,pooled,3.3566691406816243,0,71
m_lora,2500,5500,train,Lee2019_MI,0.0434943113220397,0,71
m_lora,2500,5500,train,pooled,0.0434943113220397,0,71
m_lora,2500,5500,validation,Lee2019_MI,4.463244698047639,0,71
m_lora,2500,5500,validation,pooled,4.463244698047639,0,71
m_lora,2750,5750,train,Lee2019_MI,0.0348831847394559,0,71
m_lora,2750,5750,train,pooled,0.0348831847394559,0,71
m_lora,2750,5750,validation,Lee2019_MI,3.926070391807007,0,71
m_lora,2750,5750,validation,pooled,3.926070391807007,0,71
m_film,0,3000,train,Lee2019_MI,0.3540389740846466,1,11
m_film,0,3000,train,pooled,0.3540389740846466,1,11
m_film,0,3000,validation,Lee2019_MI,0.713430596590042,1,11
m_film,0,3000,validation,pooled,0.713430596590042,1,11
m_film,250,3250,train,Lee2019_MI,0.2464604526827445,1,11
m_film,250,3250,train,pooled,0.2464604526827445,1,11
m_film,250,3250,validation,Lee2019_MI,0.7385526336729527,1,11
m_film,250,3250,validation,pooled,0.7385526336729527,1,11
m_film,500,3500,train,Lee2019_MI,0.2279173048012532,1,11
m_film,500,3500,train,pooled,0.2279173048012532,1,11
m_film,500,3500,validation,Lee2019_MI,0.8707877609133721,1,11
m_film,500,3500,validation,pooled,0.8707877609133721,1,11
m_film,750,3750,train,Lee2019_MI,0.1923239388988496,1,11
m_film,750,3750,train,pooled,0.1923239388988496,1,11
m_film,750,3750,validation,Lee2019_MI,0.8901595598459244,1,11
m_film,750,3750,validation,pooled,0.8901595598459244,1,11
m_film,1000,4000,train,Lee2019_MI,0.1439975139503486,1,11
m_film,1000,4000,train,pooled,0.1439975139503486,1,11
m_film,1000,4000,validation,Lee2019_MI,0.9518820587545632,1,11
m_film,1000,4000,validation,pooled,0.9518820587545632,1,11
m_film,1250,4250,train,Lee2019_MI,0.134415567888735,1,11
m_film,1250,4250,train,pooled,0.134415567888735,1,11
m_film,1250,4250,validation,Lee2019_MI,0.9532673647254706,1,11
m_film,1250,4250,validation,pooled,0.9532673647254706,1,11
m_film,1500,4500,train,Lee2019_MI,0.0986128199702272,1,11
m_film,1500,4500,train,pooled,0.0986128199702272,1,11
m_film,1500,4500,validation,Lee2019_MI,1.0704044586699455,1,11
m_film,1500,4500,validation,pooled,1.0704044586699455,1,11
m_film,1750,4750,train,Lee2019_MI,0.1056522884196116,1,11
m_film,1750,4750,train,pooled,0.1056522884196116,1,11
m_film,1750,4750,validation,Lee2019_MI,1.2316150618728716,1,11
m_film,1750,4750,validation,pooled,1.2316150618728716,1,11
m_film,2000,5000,train,Lee2019_MI,0.0915936662127317,1,11
m_film,2000,5000,train,pooled,0.0915936662127317,1,11
m_film,2000,5000,validation,Lee2019_MI,1.3152199611300603,1,11
m_film,2000,5000,validation,pooled,1.3152199611300603,1,11
m_lora,0,3000,train,Lee2019_MI,0.051749120196567,1,11
m_lora,0,3000,train,pooled,0.051749120196567,1,11
m_lora,0,3000,validation,Lee2019_MI,1.5772472227551044,1,11
m_lora,0,3000,validation,pooled,1.5772472227551044,1,11
m_lora,250,3250,train,Lee2019_MI,0.0443107768318245,1,11
m_lora,250,3250,train,pooled,0.0443107768318245,1,11
m_lora,250,3250,validation,Lee2019_MI,1.856968202143908,1,11
m_lora,250,3250,validation,pooled,1.856968202143908,1,11
m_lora,500,3500,train,Lee2019_MI,0.051657928845742,1,11
m_lora,500,3500,train,pooled,0.051657928845742,1,11
m_lora,500,3500,validation,Lee2019_MI,2.320112457275391,1,11
m_lora,500,3500,validation,pooled,2.320112457275391,1,11
m_lora,750,3750,train,Lee2019_MI,0.0550203701935839,1,11
m_lora,750,3750,train,pooled,0.0550203701935839,1,11
m_lora,750,3750,validation,Lee2019_MI,1.7806707727909088,1,11
m_lora,750,3750,validation,pooled,1.7806707727909088,1,11
m_lora,1000,4000,train,Lee2019_MI,0.0589427797716076,1,11
m_lora,1000,4000,train,pooled,0.0589427797716076,1,11
m_lora,1000,4000,validation,Lee2019_MI,2.4146347179170697,1,11
m_lora,1000,4000,validation,pooled,2.4146347179170697,1,11
m_lora,1250,4250,train,Lee2019_MI,0.0532324377790361,1,11
m_lora,1250,4250,train,pooled,0.0532324377790361,1,11
m_lora,1250,4250,validation,Lee2019_MI,2.396850071251392,1,11
m_lora,1250,4250,validation,pooled,2.396850071251392,1,11
m_lora,1500,4500,train,Lee2019_MI,0.0330710320251596,1,11
m_lora,1500,4500,train,pooled,0.0330710320251596,1,11
m_lora,1500,4500,validation,Lee2019_MI,2.489942223131657,1,11
m_lora,1500,4500,validation,pooled,2.489942223131657,1,11
m_lora,1750,4750,train,Lee2019_MI,0.0246691537590973,1,11
m_lora,1750,4750,train,pooled,0.0246691537590973,1,11
m_lora,1750,4750,validation,Lee2019_MI,3.0126661023311314,1,11
m_lora,1750,4750,validation,pooled,3.0126661023311314,1,11
m_lora,2000,5000,train,Lee2019_MI,0.0164014859358939,1,11
m_lora,2000,5000,train,pooled,0.0164014859358939,1,11
m_lora,2000,5000,validation,Lee2019_MI,2.538212805688381,1,11
m_lora,2000,5000,validation,pooled,2.538212805688381,1,11
m_film,0,3000,train,Lee2019_MI,0.0997075926013946,1,23
m_film,0,3000,train,pooled,0.0997075926013946,1,23
m_film,0,3000,validation,Lee2019_MI,1.1161977127194405,1,23
m_film,0,3000,validation,pooled,1.1161977127194405,1,23
m_film,250,3250,train,Lee2019_MI,0.2403701842046557,1,23
m_film,250,3250,train,pooled,0.2403701842046557,1,23
m_film,250,3250,validation,Lee2019_MI,2.054834664836526,1,23
m_film,250,3250,validation,pooled,2.054834664836526,1,23
m_film,500,3500,train,Lee2019_MI,0.0719171355549471,1,23
m_film,500,3500,train,pooled,0.0719171355549471,1,23
m_film,500,3500,validation,Lee2019_MI,1.2831085812300445,1,23
m_film,500,3500,validation,pooled,1.2831085812300445,1,23
m_film,750,3750,train,Lee2019_MI,0.0580269579148742,1,23
m_film,750,3750,train,pooled,0.0580269579148742,1,23
m_film,750,3750,validation,Lee2019_MI,1.3989984550420196,1,23
m_film,750,3750,validation,pooled,1.3989984550420196,1,23
m_film,1000,4000,train,Lee2019_MI,0.057645916162423,1,23
m_film,1000,4000,train,pooled,0.057645916162423,1,23
m_film,1000,4000,validation,Lee2019_MI,1.5929014468193057,1,23
m_film,1000,4000,validation,pooled,1.5929014468193057,1,23
m_film,1250,4250,train,Lee2019_MI,0.0584524789459208,1,23
m_film,1250,4250,train,pooled,0.0584524789459208,1,23
m_film,1250,4250,validation,Lee2019_MI,1.888986238241196,1,23
m_film,1250,4250,validation,pooled,1.888986238241196,1,23
m_film,1500,4500,train,Lee2019_MI,0.0458003840067194,1,23
m_film,1500,4500,train,pooled,0.0458003840067194,1,23
m_film,1500,4500,validation,Lee2019_MI,2.0210577224567534,1,23
m_film,1500,4500,validation,pooled,2.0210577224567534,1,23
m_film,1750,4750,train,Lee2019_MI,0.0631699856998145,1,23
m_film,1750,4750,train,pooled,0.0631699856998145,1,23
m_film,1750,4750,validation,Lee2019_MI,1.6429308059811594,1,23
m_film,1750,4750,validation,pooled,1.6429308059811594,1,23
m_film,2000,5000,train,Lee2019_MI,0.0884043617732677,1,23
m_film,2000,5000,train,pooled,0.0884043617732677,1,23
m_film,2000,5000,validation,Lee2019_MI,1.973639151956886,1,23
m_film,2000,5000,validation,pooled,1.973639151956886,1,23
m_lora,0,3000,train,Lee2019_MI,0.0339486928776725,1,23
m_lora,0,3000,train,pooled,0.0339486928776725,1,23
m_lora,0,3000,validation,Lee2019_MI,2.2512835254194217,1,23
m_lora,0,3000,validation,pooled,2.2512835254194217,1,23
m_lora,250,3250,train,Lee2019_MI,0.0665299027813572,1,23
m_lora,250,3250,train,pooled,0.0665299027813572,1,23
m_lora,250,3250,validation,Lee2019_MI,2.237556307911873,1,23
m_lora,250,3250,validation,pooled,2.237556307911873,1,23
m_lora,500,3500,train,Lee2019_MI,0.103391042146593,1,23
m_lora,500,3500,train,pooled,0.103391042146593,1,23
m_lora,500,3500,validation,Lee2019_MI,3.247096289694309,1,23
m_lora,500,3500,validation,pooled,3.247096289694309,1,23
m_lora,750,3750,train,Lee2019_MI,0.0654007425161903,1,23
m_lora,750,3750,train,pooled,0.0654007425161903,1,23
m_lora,750,3750,validation,Lee2019_MI,2.267382609844208,1,23
m_lora,750,3750,validation,pooled,2.267382609844208,1,23
m_lora,1000,4000,train,Lee2019_MI,0.1021326130956093,1,23
m_lora,1000,4000,train,pooled,0.1021326130956093,1,23
m_lora,1000,4000,validation,Lee2019_MI,3.1742335700988766,1,23
m_lora,1000,4000,validation,pooled,3.1742335700988766,1,23
m_lora,1250,4250,train,Lee2019_MI,0.0357533215357889,1,23
m_lora,1250,4250,train,pooled,0.0357533215357889,1,23
m_lora,1250,4250,validation,Lee2019_MI,2.522459470873,1,23
m_lora,1250,4250,validation,pooled,2.522459470873,1,23
m_lora,1500,4500,train,Lee2019_MI,0.0273616375159875,1,23
m_lora,1500,4500,train,pooled,0.0273616375159875,1,23
m_lora,1500,4500,validation,Lee2019_MI,1.976908156350255,1,23
m_lora,1500,4500,validation,pooled,1.976908156350255,1,23
m_lora,1750,4750,train,Lee2019_MI,0.0254953754023778,1,23
m_lora,1750,4750,train,pooled,0.0254953754023778,1,23
m_lora,1750,4750,validation,Lee2019_MI,2.5333303398638964,1,23
m_lora,1750,4750,validation,pooled,2.5333303398638964,1,23
m_lora,2000,5000,train,Lee2019_MI,0.0410025889712184,1,23
m_lora,2000,5000,train,pooled,0.0410025889712184,1,23
m_lora,2000,5000,validation,Lee2019_MI,3.0245354173507075,1,23
m_lora,2000,5000,validation,pooled,3.0245354173507075,1,23
m_lora,2250,5250,train,Lee2019_MI,0.0218667131371329,1,23
m_lora,2250,5250,train,pooled,0.0218667131371329,1,23
m_lora,2250,5250,validation,Lee2019_MI,2.6791979865171016,1,23
m_lora,2250,5250,validation,pooled,2.6791979865171016,1,23
m_lora,2500,5500,train,Lee2019_MI,0.0202540448014348,1,23
m_lora,2500,5500,train,pooled,0.0202540448014348,1,23
m_lora,2500,5500,validation,Lee2019_MI,3.2722354817379524,1,23
m_lora,2500,5500,validation,pooled,3.2722354817379524,1,23
m_lora,2750,5750,train,Lee2019_MI,0.0238782681363938,1,23
m_lora,2750,5750,train,pooled,0.0238782681363938,1,23
m_lora,2750,5750,validation,Lee2019_MI,2.999038626179099,1,23
m_lora,2750,5750,validation,pooled,2.999038626179099,1,23
m_lora,3000,6000,train,Lee2019_MI,0.0396490090521184,1,23
m_lora,3000,6000,train,pooled,0.0396490090521184,1,23
m_lora,3000,6000,validation,Lee2019_MI,2.497974310008867,1,23
m_lora,3000,6000,validation,pooled,2.497974310008867,1,23
m_lora,3250,6250,train,Lee2019_MI,0.0160405989022799,1,23
m_lora,3250,6250,train,pooled,0.0160405989022799,1,23
m_lora,3250,6250,validation,Lee2019_MI,2.894332162862411,1,23
m_lora,3250,6250,validation,pooled,2.894332162862411,1,23
m_lora,3500,6500,train,Lee2019_MI,0.0266101229237424,1,23
m_lora,3500,6500,train,pooled,0.0266101229237424,1,23
m_lora,3500,6500,validation,Lee2019_MI,2.854963592441054,1,23
m_lora,3500,6500,validation,pooled,2.854963592441054,1,23
m_film,0,3000,train,Lee2019_MI,0.1470617350321476,1,37
m_film,0,3000,train,pooled,0.1470617350321476,1,37
m_film,0,3000,validation,Lee2019_MI,1.581505442261696,1,37
m_film,0,3000,validation,pooled,1.581505442261696,1,37
m_film,250,3250,train,Lee2019_MI,0.1076076285430432,1,37
m_film,250,3250,train,pooled,0.1076076285430432,1,37
m_film,250,3250,validation,Lee2019_MI,1.665279741883278,1,37
m_film,250,3250,validation,pooled,1.665279741883278,1,37
m_film,500,3500,train,Lee2019_MI,0.0910274126169865,1,37
m_film,500,3500,train,pooled,0.0910274126169865,1,37
m_film,500,3500,validation,Lee2019_MI,1.2858614559471608,1,37
m_film,500,3500,validation,pooled,1.2858614559471608,1,37
m_film,750,3750,train,Lee2019_MI,0.0705780403120838,1,37
m_film,750,3750,train,pooled,0.0705780403120838,1,37
m_film,750,3750,validation,Lee2019_MI,1.190355086363852,1,37
m_film,750,3750,validation,pooled,1.190355086363852,1,37
m_film,1000,4000,train,Lee2019_MI,0.0732460557844948,1,37
m_film,1000,4000,train,pooled,0.0732460557844948,1,37
m_film,1000,4000,validation,Lee2019_MI,1.6077097445726394,1,37
m_film,1000,4000,validation,pooled,1.6077097445726394,1,37
m_film,1250,4250,train,Lee2019_MI,0.0452218068781252,1,37
m_film,1250,4250,train,pooled,0.0452218068781252,1,37
m_film,1250,4250,validation,Lee2019_MI,1.9478409838676451,1,37
m_film,1250,4250,validation,pooled,1.9478409838676451,1,37
m_film,1500,4500,train,Lee2019_MI,0.0760378605836895,1,37
m_film,1500,4500,train,pooled,0.0760378605836895,1,37
m_film,1500,4500,validation,Lee2019_MI,2.5918552282452585,1,37
m_film,1500,4500,validation,pooled,2.5918552282452585,1,37
m_film,1750,4750,train,Lee2019_MI,0.0360141717489452,1,37
m_film,1750,4750,train,pooled,0.0360141717489452,1,37
m_film,1750,4750,validation,Lee2019_MI,2.0813004183769226,1,37
m_film,1750,4750,validation,pooled,2.0813004183769226,1,37
m_film,2000,5000,train,Lee2019_MI,0.1072454851998394,1,37
m_film,2000,5000,train,pooled,0.1072454851998394,1,37
m_film,2000,5000,validation,Lee2019_MI,2.9943026065826417,1,37
m_film,2000,5000,validation,pooled,2.9943026065826417,1,37
m_film,2250,5250,train,Lee2019_MI,0.0382446992142527,1,37
m_film,2250,5250,train,pooled,0.0382446992142527,1,37
m_film,2250,5250,validation,Lee2019_MI,2.0717851358652117,1,37
m_film,2250,5250,validation,pooled,2.0717851358652117,1,37
m_film,2500,5500,train,Lee2019_MI,0.1632959707693438,1,37
m_film,2500,5500,train,pooled,0.1632959707693438,1,37
m_film,2500,5500,validation,Lee2019_MI,1.8002420234680174,1,37
m_film,2500,5500,validation,pooled,1.8002420234680174,1,37
m_film,2750,5750,train,Lee2019_MI,0.1664374378467194,1,37
m_film,2750,5750,train,pooled,0.1664374378467194,1,37
m_film,2750,5750,validation,Lee2019_MI,1.836551671028137,1,37
m_film,2750,5750,validation,pooled,1.836551671028137,1,37
m_lora,0,3000,train,Lee2019_MI,0.1356223574016192,1,37
m_lora,0,3000,train,pooled,0.1356223574016192,1,37
m_lora,0,3000,validation,Lee2019_MI,1.5103486827015875,1,37
m_lora,0,3000,validation,pooled,1.5103486827015875,1,37
m_lora,250,3250,train,Lee2019_MI,0.2085982882624795,1,37
m_lora,250,3250,train,pooled,0.2085982882624795,1,37
m_lora,250,3250,validation,Lee2019_MI,1.1961041917093098,1,37
m_lora,250,3250,validation,pooled,1.1961041917093098,1,37
m_lora,500,3500,train,Lee2019_MI,0.141674718583131,1,37
m_lora,500,3500,train,pooled,0.141674718583131,1,37
m_lora,500,3500,validation,Lee2019_MI,1.364233086258173,1,37
m_lora,500,3500,validation,pooled,1.364233086258173,1,37
m_lora,750,3750,train,Lee2019_MI,0.1668337510099531,1,37
m_lora,750,3750,train,pooled,0.1668337510099531,1,37
m_lora,750,3750,validation,Lee2019_MI,1.3644218032807114,1,37
m_lora,750,3750,validation,pooled,1.3644218032807114,1,37
m_lora,1000,4000,train,Lee2019_MI,0.1205593290322065,1,37
m_lora,1000,4000,train,pooled,0.1205593290322065,1,37
m_lora,1000,4000,validation,Lee2019_MI,1.6632478296756743,1,37
m_lora,1000,4000,validation,pooled,1.6632478296756743,1,37
m_lora,1250,4250,train,Lee2019_MI,0.1620167403272704,1,37
m_lora,1250,4250,train,pooled,0.1620167403272704,1,37
m_lora,1250,4250,validation,Lee2019_MI,1.3910165874660017,1,37
m_lora,1250,4250,validation,pooled,1.3910165874660017,1,37
m_lora,1500,4500,train,Lee2019_MI,0.1538817233967002,1,37
m_lora,1500,4500,train,pooled,0.1538817233967002,1,37
m_lora,1500,4500,validation,Lee2019_MI,1.5948250610101968,1,37
m_lora,1500,4500,validation,pooled,1.5948250610101968,1,37
m_lora,1750,4750,train,Lee2019_MI,0.2123836307506922,1,37
m_lora,1750,4750,train,pooled,0.2123836307506922,1,37
m_lora,1750,4750,validation,Lee2019_MI,1.717348324805498,1,37
m_lora,1750,4750,validation,pooled,1.717348324805498,1,37
m_lora,2000,5000,train,Lee2019_MI,0.1125768096011975,1,37
m_lora,2000,5000,train,pooled,0.1125768096011975,1,37
m_lora,2000,5000,validation,Lee2019_MI,1.4498066240510616,1,37
m_lora,2000,5000,validation,pooled,1.4498066240510616,1,37
m_lora,2250,5250,train,Lee2019_MI,0.1198854900836191,1,37
m_lora,2250,5250,train,pooled,0.1198854900836191,1,37
m_lora,2250,5250,validation,Lee2019_MI,1.582362694144249,1,37
m_lora,2250,5250,validation,pooled,1.582362694144249,1,37
m_film,0,3000,train,Lee2019_MI,0.5782503032951782,1,53
m_film,0,3000,train,pooled,0.5782503032951782,1,53
m_film,0,3000,validation,Lee2019_MI,0.6294430428743363,1,53
m_film,0,3000,validation,pooled,0.6294430428743363,1,53
m_film,250,3250,train,Lee2019_MI,0.8510875841516715,1,53
m_film,250,3250,train,pooled,0.8510875841516715,1,53
m_film,250,3250,validation,Lee2019_MI,0.919093906879425,1,53
m_film,250,3250,validation,pooled,0.919093906879425,1,53
m_film,500,3500,train,Lee2019_MI,0.5200310947855439,1,53
m_film,500,3500,train,pooled,0.5200310947855439,1,53
m_film,500,3500,validation,Lee2019_MI,0.6008237504959106,1,53
m_film,500,3500,validation,pooled,0.6008237504959106,1,53
m_film,750,3750,train,Lee2019_MI,0.4374625985668255,1,53
m_film,750,3750,train,pooled,0.4374625985668255,1,53
m_film,750,3750,validation,Lee2019_MI,0.5041610622406006,1,53
m_film,750,3750,validation,pooled,0.5041610622406006,1,53
m_film,1000,4000,train,Lee2019_MI,0.4195665213991051,1,53
m_film,1000,4000,train,pooled,0.4195665213991051,1,53
m_film,1000,4000,validation,Lee2019_MI,0.5347049796581268,1,53
m_film,1000,4000,validation,pooled,0.5347049796581268,1,53
m_film,1250,4250,train,Lee2019_MI,0.4570283273110787,1,53
m_film,1250,4250,train,pooled,0.4570283273110787,1,53
m_film,1250,4250,validation,Lee2019_MI,0.5846840763092042,1,53
m_film,1250,4250,validation,pooled,0.5846840763092042,1,53
m_film,1500,4500,train,Lee2019_MI,0.4259051479341891,1,53
m_film,1500,4500,train,pooled,0.4259051479341891,1,53
m_film,1500,4500,validation,Lee2019_MI,0.5422495251893997,1,53
m_film,1500,4500,validation,pooled,0.5422495251893997,1,53
m_film,1750,4750,train,Lee2019_MI,0.4215575957642152,1,53
m_film,1750,4750,train,pooled,0.4215575957642152,1,53
m_film,1750,4750,validation,Lee2019_MI,0.5567816805839538,1,53
m_film,1750,4750,validation,pooled,0.5567816805839538,1,53
m_film,2000,5000,train,Lee2019_MI,0.5150946524739266,1,53
m_film,2000,5000,train,pooled,0.5150946524739266,1,53
m_film,2000,5000,validation,Lee2019_MI,0.6087153279781341,1,53
m_film,2000,5000,validation,pooled,0.6087153279781341,1,53
m_film,2250,5250,train,Lee2019_MI,0.4275502741346375,1,53
m_film,2250,5250,train,pooled,0.4275502741346375,1,53
m_film,2250,5250,validation,Lee2019_MI,0.5961304301023483,1,53
m_film,2250,5250,validation,pooled,0.5961304301023483,1,53
m_film,2500,5500,train,Lee2019_MI,0.4651987699295493,1,53
m_film,2500,5500,train,pooled,0.4651987699295493,1,53
m_film,2500,5500,validation,Lee2019_MI,0.7824613776803016,1,53
m_film,2500,5500,validation,pooled,0.7824613776803016,1,53
m_film,2750,5750,train,Lee2019_MI,0.4143377726964461,1,53
m_film,2750,5750,train,pooled,0.4143377726964461,1,53
m_film,2750,5750,validation,Lee2019_MI,0.613982945382595,1,53
m_film,2750,5750,validation,pooled,0.613982945382595,1,53
m_lora,0,3000,train,Lee2019_MI,0.0676900316193342,1,53
m_lora,0,3000,train,pooled,0.0676900316193342,1,53
m_lora,0,3000,validation,Lee2019_MI,1.4799561546742916,1,53
m_lora,0,3000,validation,pooled,1.4799561546742916,1,53
m_lora,250,3250,train,Lee2019_MI,0.1789193209420708,1,53
m_lora,250,3250,train,pooled,0.1789193209420708,1,53
m_lora,250,3250,validation,Lee2019_MI,2.072751563657075,1,53
m_lora,250,3250,validation,pooled,2.072751563657075,1,53
m_lora,500,3500,train,Lee2019_MI,0.1603553790877597,1,53
m_lora,500,3500,train,pooled,0.1603553790877597,1,53
m_lora,500,3500,validation,Lee2019_MI,1.7161882561445236,1,53
m_lora,500,3500,validation,pooled,1.7161882561445236,1,53
m_lora,750,3750,train,Lee2019_MI,0.3851240146348506,1,53
m_lora,750,3750,train,pooled,0.3851240146348506,1,53
m_lora,750,3750,validation,Lee2019_MI,2.512835169509053,1,53
m_lora,750,3750,validation,pooled,2.512835169509053,1,53
m_lora,1000,4000,train,Lee2019_MI,0.1017383310862551,1,53
m_lora,1000,4000,train,pooled,0.1017383310862551,1,53
m_lora,1000,4000,validation,Lee2019_MI,1.740829517543316,1,53
m_lora,1000,4000,validation,pooled,1.740829517543316,1,53
m_lora,1250,4250,train,Lee2019_MI,0.1045694192133575,1,53
m_lora,1250,4250,train,pooled,0.1045694192133575,1,53
m_lora,1250,4250,validation,Lee2019_MI,1.284063608497381,1,53
m_lora,1250,4250,validation,pooled,1.284063608497381,1,53
m_lora,1500,4500,train,Lee2019_MI,0.1737156540950617,1,53
m_lora,1500,4500,train,pooled,0.1737156540950617,1,53
m_lora,1500,4500,validation,Lee2019_MI,1.0786539997160434,1,53
m_lora,1500,4500,validation,pooled,1.0786539997160434,1,53
m_lora,1750,4750,train,Lee2019_MI,0.1155159106983089,1,53
m_lora,1750,4750,train,pooled,0.1155159106983089,1,53
m_lora,1750,4750,validation,Lee2019_MI,1.1006709718704224,1,53
m_lora,1750,4750,validation,pooled,1.1006709718704224,1,53
m_lora,2000,5000,train,Lee2019_MI,0.098687205234611,1,53
m_lora,2000,5000,train,pooled,0.098687205234611,1,53
m_lora,2000,5000,validation,Lee2019_MI,1.740484441369772,1,53
m_lora,2000,5000,validation,pooled,1.740484441369772,1,53
m_lora,2250,5250,train,Lee2019_MI,0.0738691725595285,1,53
m_lora,2250,5250,train,pooled,0.0738691725595285,1,53
m_lora,2250,5250,validation,Lee2019_MI,1.360937125608325,1,53
m_lora,2250,5250,validation,pooled,1.360937125608325,1,53
m_lora,2500,5500,train,Lee2019_MI,0.084259509913265,1,53
m_lora,2500,5500,train,pooled,0.084259509913265,1,53
m_lora,2500,5500,validation,Lee2019_MI,1.6521320234239103,1,53
m_lora,2500,5500,validation,pooled,1.6521320234239103,1,53
m_lora,2750,5750,train,Lee2019_MI,0.1067638057524434,1,53
m_lora,2750,5750,train,pooled,0.1067638057524434,1,53
m_lora,2750,5750,validation,Lee2019_MI,1.7236095318943263,1,53
m_lora,2750,5750,validation,pooled,1.7236095318943263,1,53
m_lora,3000,6000,train,Lee2019_MI,0.1405354245863175,1,53
m_lora,3000,6000,train,pooled,0.1405354245863175,1,53
m_lora,3000,6000,validation,Lee2019_MI,1.1374733505398036,1,53
m_lora,3000,6000,validation,pooled,1.1374733505398036,1,53
m_lora,3250,6250,train,Lee2019_MI,0.1136176278689102,1,53
m_lora,3250,6250,train,pooled,0.1136176278689102,1,53
m_lora,3250,6250,validation,Lee2019_MI,1.5854820074141025,1,53
m_lora,3250,6250,validation,pooled,1.5854820074141025,1,53
m_lora,3500,6500,train,Lee2019_MI,0.1288575097102732,1,53
m_lora,3500,6500,train,pooled,0.1288575097102732,1,53
m_lora,3500,6500,validation,Lee2019_MI,1.8578949584534712,1,53
m_lora,3500,6500,validation,pooled,1.8578949584534712,1,53
m_film,0,3000,train,Lee2019_MI,0.0630813135666335,1,71
m_film,0,3000,train,pooled,0.0630813135666335,1,71
m_film,0,3000,validation,Lee2019_MI,1.8995538911223413,1,71
m_film,0,3000,validation,pooled,1.8995538911223413,1,71
m_film,250,3250,train,Lee2019_MI,0.0776703421123297,1,71
m_film,250,3250,train,pooled,0.0776703421123297,1,71
m_film,250,3250,validation,Lee2019_MI,1.9835891146957876,1,71
m_film,250,3250,validation,pooled,1.9835891146957876,1,71
m_film,500,3500,train,Lee2019_MI,0.0499262130314999,1,71
m_film,500,3500,train,pooled,0.0499262130314999,1,71
m_film,500,3500,validation,Lee2019_MI,2.0621377009153368,1,71
m_film,500,3500,validation,pooled,2.0621377009153368,1,71
m_film,750,3750,train,Lee2019_MI,0.0941986644903131,1,71
m_film,750,3750,train,pooled,0.0941986644903131,1,71
m_film,750,3750,validation,Lee2019_MI,1.8702719825506209,1,71
m_film,750,3750,validation,pooled,1.8702719825506209,1,71
m_film,1000,4000,train,Lee2019_MI,0.0646629454606004,1,71
m_film,1000,4000,train,pooled,0.0646629454606004,1,71
m_film,1000,4000,validation,Lee2019_MI,2.392888907790184,1,71
m_film,1000,4000,validation,pooled,2.392888907790184,1,71
m_film,1250,4250,train,Lee2019_MI,0.0319995397394453,1,71
m_film,1250,4250,train,pooled,0.0319995397394453,1,71
m_film,1250,4250,validation,Lee2019_MI,2.376515496280044,1,71
m_film,1250,4250,validation,pooled,2.376515496280044,1,71
m_film,1500,4500,train,Lee2019_MI,0.0346847312645695,1,71
m_film,1500,4500,train,pooled,0.0346847312645695,1,71
m_film,1500,4500,validation,Lee2019_MI,2.094066011309624,1,71
m_film,1500,4500,validation,pooled,2.094066011309624,1,71
m_film,1750,4750,train,Lee2019_MI,0.0307679179240054,1,71
m_film,1750,4750,train,pooled,0.0307679179240054,1,71
m_film,1750,4750,validation,Lee2019_MI,2.0145613950490957,1,71
m_film,1750,4750,validation,pooled,2.0145613950490957,1,71
m_film,2000,5000,train,Lee2019_MI,0.057464397662413,1,71
m_film,2000,5000,train,pooled,0.057464397662413,1,71
m_film,2000,5000,validation,Lee2019_MI,2.663224463760853,1,71
m_film,2000,5000,validation,pooled,2.663224463760853,1,71
m_film,2250,5250,train,Lee2019_MI,0.0554080654365985,1,71
m_film,2250,5250,train,pooled,0.0554080654365985,1,71
m_film,2250,5250,validation,Lee2019_MI,2.1662851273664274,1,71
m_film,2250,5250,validation,pooled,2.1662851273664274,1,71
m_film,2500,5500,train,Lee2019_MI,0.0296583104499814,1,71
m_film,2500,5500,train,pooled,0.0296583104499814,1,71
m_film,2500,5500,validation,Lee2019_MI,2.2591543984413147,1,71
m_film,2500,5500,validation,pooled,2.2591543984413147,1,71
m_film,2750,5750,train,Lee2019_MI,0.0139228734246,1,71
m_film,2750,5750,train,pooled,0.0139228734246,1,71
m_film,2750,5750,validation,Lee2019_MI,2.735206316709518,1,71
m_film,2750,5750,validation,pooled,2.735206316709518,1,71
m_lora,0,3000,train,Lee2019_MI,0.0959590998333386,1,71
m_lora,0,3000,train,pooled,0.0959590998333386,1,71
m_lora,0,3000,validation,Lee2019_MI,1.2020658982545138,1,71
m_lora,0,3000,validation,pooled,1.2020658982545138,1,71
m_lora,250,3250,train,Lee2019_MI,0.1203117181040952,1,71
m_lora,250,3250,train,pooled,0.1203117181040952,1,71
m_lora,250,3250,validation,Lee2019_MI,1.2944041684269905,1,71
m_lora,250,3250,validation,pooled,1.2944041684269905,1,71
m_lora,500,3500,train,Lee2019_MI,0.1250206655176352,1,71
m_lora,500,3500,train,pooled,0.1250206655176352,1,71
m_lora,500,3500,validation,Lee2019_MI,1.459912747144699,1,71
m_lora,500,3500,validation,pooled,1.459912747144699,1,71
m_lora,750,3750,train,Lee2019_MI,0.1214126313537142,1,71
m_lora,750,3750,train,pooled,0.1214126313537142,1,71
m_lora,750,3750,validation,Lee2019_MI,1.3280383446067572,1,71
m_lora,750,3750,validation,pooled,1.3280383446067572,1,71
m_lora,1000,4000,train,Lee2019_MI,0.2293412229673153,1,71
m_lora,1000,4000,train,pooled,0.2293412229673153,1,71
m_lora,1000,4000,validation,Lee2019_MI,1.9781118361651897,1,71
m_lora,1000,4000,validation,pooled,1.9781118361651897,1,71
m_lora,1250,4250,train,Lee2019_MI,0.2834033092968199,1,71
m_lora,1250,4250,train,pooled,0.2834033092968199,1,71
m_lora,1250,4250,validation,Lee2019_MI,1.8952750813402237,1,71
m_lora,1250,4250,validation,pooled,1.8952750813402237,1,71
m_lora,1500,4500,train,Lee2019_MI,0.2196864617802566,1,71
m_lora,1500,4500,train,pooled,0.2196864617802566,1,71
m_lora,1500,4500,validation,Lee2019_MI,1.4680631919205187,1,71
m_lora,1500,4500,validation,pooled,1.4680631919205187,1,71
m_lora,1750,4750,train,Lee2019_MI,0.1568805866294987,1,71
m_lora,1750,4750,train,pooled,0.1568805866294987,1,71
m_lora,1750,4750,validation,Lee2019_MI,1.4527910879254342,1,71
m_lora,1750,4750,validation,pooled,1.4527910879254342,1,71
m_lora,2000,5000,train,Lee2019_MI,0.1270123208133443,1,71
m_lora,2000,5000,train,pooled,0.1270123208133443,1,71
m_lora,2000,5000,validation,Lee2019_MI,1.5765479339659216,1,71
m_lora,2000,5000,validation,pooled,1.5765479339659216,1,71
m_film,0,3000,train,Lee2019_MI,0.7845647788668673,2,11
m_film,0,3000,train,pooled,0.7845647788668673,2,11
m_film,0,3000,validation,Lee2019_MI,1.3209809592366215,2,11
m_film,0,3000,validation,pooled,1.3209809592366215,2,11
m_film,250,3250,train,Lee2019_MI,0.420782069061429,2,11
m_film,250,3250,train,pooled,0.420782069061429,2,11
m_film,250,3250,validation,Lee2019_MI,0.8284277243912219,2,11
m_film,250,3250,validation,pooled,0.8284277243912219,2,11
m_film,500,3500,train,Lee2019_MI,0.3622056909086995,2,11
m_film,500,3500,train,pooled,0.3622056909086995,2,11
m_film,500,3500,validation,Lee2019_MI,0.8519610497355461,2,11
m_film,500,3500,validation,pooled,0.8519610497355461,2,11
m_film,750,3750,train,Lee2019_MI,0.4345925003347489,2,11
m_film,750,3750,train,pooled,0.4345925003347489,2,11
m_film,750,3750,validation,Lee2019_MI,1.0719567725062369,2,11
m_film,750,3750,validation,pooled,1.0719567725062369,2,11
m_film,1000,4000,train,Lee2019_MI,0.4267675193535307,2,11
m_film,1000,4000,train,pooled,0.4267675193535307,2,11
m_film,1000,4000,validation,Lee2019_MI,1.0756867831945418,2,11
m_film,1000,4000,validation,pooled,1.0756867831945418,2,11
m_film,1250,4250,train,Lee2019_MI,0.3843171590832898,2,11
m_film,1250,4250,train,pooled,0.3843171590832898,2,11
m_film,1250,4250,validation,Lee2019_MI,1.0145342122763394,2,11
m_film,1250,4250,validation,pooled,1.0145342122763394,2,11
m_film,1500,4500,train,Lee2019_MI,0.3399537113203835,2,11
m_film,1500,4500,train,pooled,0.3399537113203835,2,11
m_film,1500,4500,validation,Lee2019_MI,0.8959113315492868,2,11
m_film,1500,4500,validation,pooled,0.8959113315492868,2,11
m_film,1750,4750,train,Lee2019_MI,0.3403632418454314,2,11
m_film,1750,4750,train,pooled,0.3403632418454314,2,11
m_film,1750,4750,validation,Lee2019_MI,0.8983544480800629,2,11
m_film,1750,4750,validation,pooled,0.8983544480800629,2,11
m_film,2000,5000,train,Lee2019_MI,0.3682382212512386,2,11
m_film,2000,5000,train,pooled,0.3682382212512386,2,11
m_film,2000,5000,validation,Lee2019_MI,1.198147495687008,2,11
m_film,2000,5000,validation,pooled,1.198147495687008,2,11
m_film,2250,5250,train,Lee2019_MI,0.4538810331532015,2,11
m_film,2250,5250,train,pooled,0.4538810331532015,2,11
m_film,2250,5250,validation,Lee2019_MI,1.1702568715810775,2,11
m_film,2250,5250,validation,pooled,1.1702568715810775,2,11
m_lora,0,3000,train,Lee2019_MI,0.0559663690752961,2,11
m_lora,0,3000,train,pooled,0.0559663690752961,2,11
m_lora,0,3000,validation,Lee2019_MI,1.2852905729413031,2,11
m_lora,0,3000,validation,pooled,1.2852905729413031,2,11
m_lora,250,3250,train,Lee2019_MI,0.0455841997319569,2,11
m_lora,250,3250,train,pooled,0.0455841997319569,2,11
m_lora,250,3250,validation,Lee2019_MI,1.3616058269143103,2,11
m_lora,250,3250,validation,pooled,1.3616058269143103,2,11
m_lora,500,3500,train,Lee2019_MI,0.0448051975162935,2,11
m_lora,500,3500,train,pooled,0.0448051975162935,2,11
m_lora,500,3500,validation,Lee2019_MI,1.7517996914684777,2,11
m_lora,500,3500,validation,pooled,1.7517996914684777,2,11
m_lora,750,3750,train,Lee2019_MI,0.0519559350546982,2,11
m_lora,750,3750,train,pooled,0.0519559350546982,2,11
m_lora,750,3750,validation,Lee2019_MI,1.4299403314292434,2,11
m_lora,750,3750,validation,pooled,1.4299403314292434,2,11
m_lora,1000,4000,train,Lee2019_MI,0.0437367396801906,2,11
m_lora,1000,4000,train,pooled,0.0437367396801906,2,11
m_lora,1000,4000,validation,Lee2019_MI,1.7002566960453986,2,11
m_lora,1000,4000,validation,pooled,1.7002566960453986,2,11
m_lora,1250,4250,train,Lee2019_MI,0.0612204446495124,2,11
m_lora,1250,4250,train,pooled,0.0612204446495124,2,11
m_lora,1250,4250,validation,Lee2019_MI,1.8731514168158172,2,11
m_lora,1250,4250,validation,pooled,1.8731514168158172,2,11
m_lora,1500,4500,train,Lee2019_MI,0.0346161697129252,2,11
m_lora,1500,4500,train,pooled,0.0346161697129252,2,11
m_lora,1500,4500,validation,Lee2019_MI,1.648942149206996,2,11
m_lora,1500,4500,validation,pooled,1.648942149206996,2,11
m_lora,1750,4750,train,Lee2019_MI,0.0828021123600906,2,11
m_lora,1750,4750,train,pooled,0.0828021123600906,2,11
m_lora,1750,4750,validation,Lee2019_MI,1.8394714970886707,2,11
m_lora,1750,4750,validation,pooled,1.8394714970886707,2,11
m_lora,2000,5000,train,Lee2019_MI,0.0379807743690122,2,11
m_lora,2000,5000,train,pooled,0.0379807743690122,2,11
m_lora,2000,5000,validation,Lee2019_MI,2.180419420599937,2,11
m_lora,2000,5000,validation,pooled,2.180419420599937,2,11
m_film,0,3000,train,Lee2019_MI,0.4338118682935452,2,23
m_film,0,3000,train,pooled,0.4338118682935452,2,23
m_film,0,3000,validation,Lee2019_MI,1.10748081356287,2,23
m_film,0,3000,validation,pooled,1.10748081356287,2,23
m_film,250,3250,train,Lee2019_MI,0.7303993634306466,2,23
m_film,250,3250,train,pooled,0.7303993634306466,2,23
m_film,250,3250,validation,Lee2019_MI,1.151366128176451,2,23
m_film,250,3250,validation,pooled,1.151366128176451,2,23
m_film,500,3500,train,Lee2019_MI,0.4586788361930313,2,23
m_film,500,3500,train,pooled,0.4586788361930313,2,23
m_film,500,3500,validation,Lee2019_MI,1.1565767404437066,2,23
m_film,500,3500,validation,pooled,1.1565767404437066,2,23
m_film,750,3750,train,Lee2019_MI,0.7568143672496079,2,23
m_film,750,3750,train,pooled,0.7568143672496079,2,23
m_film,750,3750,validation,Lee2019_MI,1.4651861372590065,2,23
m_film,750,3750,validation,pooled,1.4651861372590065,2,23
m_film,1000,4000,train,Lee2019_MI,0.4753052600365706,2,23
m_film,1000,4000,train,pooled,0.4753052600365706,2,23
m_film,1000,4000,validation,Lee2019_MI,1.2008988927304745,2,23
m_film,1000,4000,validation,pooled,1.2008988927304745,2,23
m_film,1250,4250,train,Lee2019_MI,0.4924284375239258,2,23
m_film,1250,4250,train,pooled,0.4924284375239258,2,23
m_film,1250,4250,validation,Lee2019_MI,1.3903532350063323,2,23
m_film,1250,4250,validation,pooled,1.3903532350063323,2,23
m_film,1500,4500,train,Lee2019_MI,0.4623597106136954,2,23
m_film,1500,4500,train,pooled,0.4623597106136954,2,23
m_film,1500,4500,validation,Lee2019_MI,0.9701355171203612,2,23
m_film,1500,4500,validation,pooled,0.9701355171203612,2,23
m_film,1750,4750,train,Lee2019_MI,0.4043001684653931,2,23
m_film,1750,4750,train,pooled,0.4043001684653931,2,23
m_film,1750,4750,validation,Lee2019_MI,0.8319860510528088,2,23
m_film,1750,4750,validation,pooled,0.8319860510528088,2,23
m_film,2000,5000,train,Lee2019_MI,0.3954246709524439,2,23
m_film,2000,5000,train,pooled,0.3954246709524439,2,23
m_film,2000,5000,validation,Lee2019_MI,0.9093418741226196,2,23
m_film,2000,5000,validation,pooled,0.9093418741226196,2,23
m_film,2250,5250,train,Lee2019_MI,0.6981582973496272,2,23
m_film,2250,5250,train,pooled,0.6981582973496272,2,23
m_film,2250,5250,validation,Lee2019_MI,1.5501186655461787,2,23
m_film,2250,5250,validation,pooled,1.5501186655461787,2,23
m_film,2500,5500,train,Lee2019_MI,0.3647224614236695,2,23
m_film,2500,5500,train,pooled,0.3647224614236695,2,23
m_film,2500,5500,validation,Lee2019_MI,1.0424667780846355,2,23
m_film,2500,5500,validation,pooled,1.0424667780846355,2,23
m_film,2750,5750,train,Lee2019_MI,0.3833243439814601,2,23
m_film,2750,5750,train,pooled,0.3833243439814601,2,23
m_film,2750,5750,validation,Lee2019_MI,1.040409495830536,2,23
m_film,2750,5750,validation,pooled,1.040409495830536,2,23
m_film,3000,6000,train,Lee2019_MI,0.3546833285526969,2,23
m_film,3000,6000,train,pooled,0.3546833285526969,2,23
m_film,3000,6000,validation,Lee2019_MI,1.0602546507120132,2,23
m_film,3000,6000,validation,pooled,1.0602546507120132,2,23
m_film,3250,6250,train,Lee2019_MI,0.342561408817195,2,23
m_film,3250,6250,train,pooled,0.342561408817195,2,23
m_film,3250,6250,validation,Lee2019_MI,0.9733128795027732,2,23
m_film,3250,6250,validation,pooled,0.9733128795027732,2,23
m_film,3500,6500,train,Lee2019_MI,0.3509643592258009,2,23
m_film,3500,6500,train,pooled,0.3509643592258009,2,23
m_film,3500,6500,validation,Lee2019_MI,1.1681272783875465,2,23
m_film,3500,6500,validation,pooled,1.1681272783875465,2,23
m_film,3750,6750,train,Lee2019_MI,0.3260474121463127,2,23
m_film,3750,6750,train,pooled,0.3260474121463127,2,23
m_film,3750,6750,validation,Lee2019_MI,1.021409930512309,2,23
m_film,3750,6750,validation,pooled,1.021409930512309,2,23
m_lora,0,3000,train,Lee2019_MI,0.0585638541680721,2,23
m_lora,0,3000,train,pooled,0.0585638541680721,2,23
m_lora,0,3000,validation,Lee2019_MI,1.3068869422376157,2,23
m_lora,0,3000,validation,pooled,1.3068869422376157,2,23
m_lora,250,3250,train,Lee2019_MI,0.0677986497106683,2,23
m_lora,250,3250,train,pooled,0.0677986497106683,2,23
m_lora,250,3250,validation,Lee2019_MI,1.8335100024938584,2,23
m_lora,250,3250,validation,pooled,1.8335100024938584,2,23
m_lora,500,3500,train,Lee2019_MI,0.0663936339988,2,23
m_lora,500,3500,train,pooled,0.0663936339988,2,23
m_lora,500,3500,validation,Lee2019_MI,1.806355712413788,2,23
m_lora,500,3500,validation,pooled,1.806355712413788,2,23
m_lora,750,3750,train,Lee2019_MI,0.0567369558413487,2,23
m_lora,750,3750,train,pooled,0.0567369558413487,2,23
m_lora,750,3750,validation,Lee2019_MI,1.8708321668952703,2,23
m_lora,750,3750,validation,pooled,1.8708321668952703,2,23
m_lora,1000,4000,train,Lee2019_MI,0.0843868107259382,2,23
m_lora,1000,4000,train,pooled,0.0843868107259382,2,23
m_lora,1000,4000,validation,Lee2019_MI,1.6185899736732243,2,23
m_lora,1000,4000,validation,pooled,1.6185899736732243,2,23
m_lora,1250,4250,train,Lee2019_MI,0.062665944131461,2,23
m_lora,1250,4250,train,pooled,0.062665944131461,2,23
m_lora,1250,4250,validation,Lee2019_MI,1.745711088180542,2,23
m_lora,1250,4250,validation,pooled,1.745711088180542,2,23
m_lora,1500,4500,train,Lee2019_MI,0.0926477426076776,2,23
m_lora,1500,4500,train,pooled,0.0926477426076776,2,23
m_lora,1500,4500,validation,Lee2019_MI,1.7622447054600343,2,23
m_lora,1500,4500,validation,pooled,1.7622447054600343,2,23
m_lora,1750,4750,train,Lee2019_MI,0.065189086963307,2,23
m_lora,1750,4750,train,pooled,0.065189086963307,2,23
m_lora,1750,4750,validation,Lee2019_MI,2.014764050990343,2,23
m_lora,1750,4750,validation,pooled,2.014764050990343,2,23
m_lora,2000,5000,train,Lee2019_MI,0.0825012047475493,2,23
m_lora,2000,5000,train,pooled,0.0825012047475493,2,23
m_lora,2000,5000,validation,Lee2019_MI,1.63005363881588,2,23
m_lora,2000,5000,validation,pooled,1.63005363881588,2,23
m_film,0,3000,train,Lee2019_MI,0.395272368229448,2,37
m_film,0,3000,train,pooled,0.395272368229448,2,37
m_film,0,3000,validation,Lee2019_MI,0.8948527944087981,2,37
m_film,0,3000,validation,pooled,0.8948527944087981,2,37
m_film,250,3250,train,Lee2019_MI,0.3309811727654856,2,37
m_film,250,3250,train,pooled,0.3309811727654856,2,37
m_film,250,3250,validation,Lee2019_MI,0.8702667643129827,2,37
m_film,250,3250,validation,pooled,0.8702667643129827,2,37
m_film,500,3500,train,Lee2019_MI,0.3418462171472418,2,37
m_film,500,3500,train,pooled,0.3418462171472418,2,37
m_film,500,3500,validation,Lee2019_MI,1.1009029429778456,2,37
m_film,500,3500,validation,pooled,1.1009029429778456,2,37
m_film,750,3750,train,Lee2019_MI,0.3795371262194254,2,37
m_film,750,3750,train,pooled,0.3795371262194254,2,37
m_film,750,3750,validation,Lee2019_MI,0.9647006329894066,2,37
m_film,750,3750,validation,pooled,0.9647006329894066,2,37
m_film,1000,4000,train,Lee2019_MI,0.3351454783818469,2,37
m_film,1000,4000,train,pooled,0.3351454783818469,2,37
m_film,1000,4000,validation,Lee2019_MI,1.0075986170768738,2,37
m_film,1000,4000,validation,pooled,1.0075986170768738,2,37
m_film,1250,4250,train,Lee2019_MI,0.3351115360053686,2,37
m_film,1250,4250,train,pooled,0.3351115360053686,2,37
m_film,1250,4250,validation,Lee2019_MI,1.0685631693527102,2,37
m_film,1250,4250,validation,pooled,1.0685631693527102,2,37
m_film,1500,4500,train,Lee2019_MI,0.3118362286566303,2,37
m_film,1500,4500,train,pooled,0.3118362286566303,2,37
m_film,1500,4500,validation,Lee2019_MI,0.9848749133944512,2,37
m_film,1500,4500,validation,pooled,0.9848749133944512,2,37
m_film,1750,4750,train,Lee2019_MI,0.3075846011165338,2,37
m_film,1750,4750,train,pooled,0.3075846011165338,2,37
m_film,1750,4750,validation,Lee2019_MI,0.9674823507666588,2,37
m_film,1750,4750,validation,pooled,0.9674823507666588,2,37
m_film,2000,5000,train,Lee2019_MI,0.3035237462173861,2,37
m_film,2000,5000,train,pooled,0.3035237462173861,2,37
m_film,2000,5000,validation,Lee2019_MI,1.0788021785765889,2,37
m_film,2000,5000,validation,pooled,1.0788021785765889,2,37
m_film,2250,5250,train,Lee2019_MI,0.2887975714620776,2,37
m_film,2250,5250,train,pooled,0.2887975714620776,2,37
m_film,2250,5250,validation,Lee2019_MI,1.067608945220709,2,37
m_film,2250,5250,validation,pooled,1.067608945220709,2,37
m_lora,0,3000,train,Lee2019_MI,0.1514636192012291,2,37
m_lora,0,3000,train,pooled,0.1514636192012291,2,37
m_lora,0,3000,validation,Lee2019_MI,1.1177573995292187,2,37
m_lora,0,3000,validation,pooled,1.1177573995292187,2,37
m_lora,250,3250,train,Lee2019_MI,0.1258412019212025,2,37
m_lora,250,3250,train,pooled,0.1258412019212025,2,37
m_lora,250,3250,validation,Lee2019_MI,1.2603997591137888,2,37
m_lora,250,3250,validation,pooled,1.2603997591137888,2,37
m_lora,500,3500,train,Lee2019_MI,0.1447823390341363,2,37
m_lora,500,3500,train,pooled,0.1447823390341363,2,37
m_lora,500,3500,validation,Lee2019_MI,1.3578305178880692,2,37
m_lora,500,3500,validation,pooled,1.3578305178880692,2,37
m_lora,750,3750,train,Lee2019_MI,0.13162261121028,2,37
m_lora,750,3750,train,pooled,0.13162261121028,2,37
m_lora,750,3750,validation,Lee2019_MI,1.2544496453553438,2,37
m_lora,750,3750,validation,pooled,1.2544496453553438,2,37
m_lora,1000,4000,train,Lee2019_MI,0.1175246547501629,2,37
m_lora,1000,4000,train,pooled,0.1175246547501629,2,37
m_lora,1000,4000,validation,Lee2019_MI,1.2080223320797083,2,37
m_lora,1000,4000,validation,pooled,1.2080223320797083,2,37
m_lora,1250,4250,train,Lee2019_MI,0.145671222614399,2,37
m_lora,1250,4250,train,pooled,0.145671222614399,2,37
m_lora,1250,4250,validation,Lee2019_MI,1.4060876050591469,2,37
m_lora,1250,4250,validation,pooled,1.4060876050591469,2,37
m_lora,1500,4500,train,Lee2019_MI,0.15335400082462,2,37
m_lora,1500,4500,train,pooled,0.15335400082462,2,37
m_lora,1500,4500,validation,Lee2019_MI,1.3882540977699682,2,37
m_lora,1500,4500,validation,pooled,1.3882540977699682,2,37
m_lora,1750,4750,train,Lee2019_MI,0.1508508531488956,2,37
m_lora,1750,4750,train,pooled,0.1508508531488956,2,37
m_lora,1750,4750,validation,Lee2019_MI,1.3569067768007517,2,37
m_lora,1750,4750,validation,pooled,1.3569067768007517,2,37
m_lora,2000,5000,train,Lee2019_MI,0.1415038443313768,2,37
m_lora,2000,5000,train,pooled,0.1415038443313768,2,37
m_lora,2000,5000,validation,Lee2019_MI,1.4566875161230564,2,37
m_lora,2000,5000,validation,pooled,1.4566875161230564,2,37
m_film,0,3000,train,Lee2019_MI,0.4286953854882038,2,53
m_film,0,3000,train,pooled,0.4286953854882038,2,53
m_film,0,3000,validation,Lee2019_MI,1.0432174129784106,2,53
m_film,0,3000,validation,pooled,1.0432174129784106,2,53
m_film,250,3250,train,Lee2019_MI,0.399683042075485,2,53
m_film,250,3250,train,pooled,0.399683042075485,2,53
m_film,250,3250,validation,Lee2019_MI,0.9361432549357416,2,53
m_film,250,3250,validation,pooled,0.9361432549357416,2,53
m_film,500,3500,train,Lee2019_MI,0.3641813483834566,2,53
m_film,500,3500,train,pooled,0.3641813483834566,2,53
m_film,500,3500,validation,Lee2019_MI,0.9020067048072816,2,53
m_film,500,3500,validation,pooled,0.9020067048072816,2,53
m_film,750,3750,train,Lee2019_MI,0.3749336020126699,2,53
m_film,750,3750,train,pooled,0.3749336020126699,2,53
m_film,750,3750,validation,Lee2019_MI,0.9645596233010292,2,53
m_film,750,3750,validation,pooled,0.9645596233010292,2,53
m_film,1000,4000,train,Lee2019_MI,0.3915124554466456,2,53
m_film,1000,4000,train,pooled,0.3915124554466456,2,53
m_film,1000,4000,validation,Lee2019_MI,0.9375506737828254,2,53
m_film,1000,4000,validation,pooled,0.9375506737828254,2,53
m_film,1250,4250,train,Lee2019_MI,0.3238786806596012,2,53
m_film,1250,4250,train,pooled,0.3238786806596012,2,53
m_film,1250,4250,validation,Lee2019_MI,0.9888559111207724,2,53
m_film,1250,4250,validation,pooled,0.9888559111207724,2,53
m_film,1500,4500,train,Lee2019_MI,0.3419589507405479,2,53
m_film,1500,4500,train,pooled,0.3419589507405479,2,53
m_film,1500,4500,validation,Lee2019_MI,1.0046492636203763,2,53
m_film,1500,4500,validation,pooled,1.0046492636203763,2,53
m_film,1750,4750,train,Lee2019_MI,0.3684104762340967,2,53
m_film,1750,4750,train,pooled,0.3684104762340967,2,53
m_film,1750,4750,validation,Lee2019_MI,1.0420432820916177,2,53
m_film,1750,4750,validation,pooled,1.0420432820916177,2,53
m_film,2000,5000,train,Lee2019_MI,0.3389823785616466,2,53
m_film,2000,5000,train,pooled,0.3389823785616466,2,53
m_film,2000,5000,validation,Lee2019_MI,1.0059561478346586,2,53
m_film,2000,5000,validation,pooled,1.0059561478346586,2,53
m_film,2250,5250,train,Lee2019_MI,0.3160083321899844,2,53
m_film,2250,5250,train,pooled,0.3160083321899844,2,53
m_film,2250,5250,validation,Lee2019_MI,1.058420365378261,2,53
m_film,2250,5250,validation,pooled,1.058420365378261,2,53
m_film,2500,5500,train,Lee2019_MI,0.2970288163776963,2,53
m_film,2500,5500,train,pooled,0.2970288163776963,2,53
m_film,2500,5500,validation,Lee2019_MI,1.0134302076697348,2,53
m_film,2500,5500,validation,pooled,1.0134302076697348,2,53
m_lora,0,3000,train,Lee2019_MI,0.0670589135240469,2,53
m_lora,0,3000,train,pooled,0.0670589135240469,2,53
m_lora,0,3000,validation,Lee2019_MI,1.4236732241511345,2,53
m_lora,0,3000,validation,pooled,1.4236732241511345,2,53
m_lora,250,3250,train,Lee2019_MI,0.0612110835726882,2,53
m_lora,250,3250,train,pooled,0.0612110835726882,2,53
m_lora,250,3250,validation,Lee2019_MI,1.4198207360506057,2,53
m_lora,250,3250,validation,pooled,1.4198207360506057,2,53
m_lora,500,3500,train,Lee2019_MI,0.0616799598227189,2,53
m_lora,500,3500,train,pooled,0.0616799598227189,2,53
m_lora,500,3500,validation,Lee2019_MI,1.8290203259885311,2,53
m_lora,500,3500,validation,pooled,1.8290203259885311,2,53
m_lora,750,3750,train,Lee2019_MI,0.0636684662924343,2,53
m_lora,750,3750,train,pooled,0.0636684662924343,2,53
m_lora,750,3750,validation,Lee2019_MI,1.499621173897758,2,53
m_lora,750,3750,validation,pooled,1.499621173897758,2,53
m_lora,1000,4000,train,Lee2019_MI,0.0396669309001336,2,53
m_lora,1000,4000,train,pooled,0.0396669309001336,2,53
m_lora,1000,4000,validation,Lee2019_MI,1.5125309062004089,2,53
m_lora,1000,4000,validation,pooled,1.5125309062004089,2,53
m_lora,1250,4250,train,Lee2019_MI,0.0554915264377501,2,53
m_lora,1250,4250,train,pooled,0.0554915264377501,2,53
m_lora,1250,4250,validation,Lee2019_MI,1.6605490930378437,2,53
m_lora,1250,4250,validation,pooled,1.6605490930378437,2,53
m_lora,1500,4500,train,Lee2019_MI,0.0734567885828157,2,53
m_lora,1500,4500,train,pooled,0.0734567885828157,2,53
m_lora,1500,4500,validation,Lee2019_MI,1.6375059469230473,2,53
m_lora,1500,4500,validation,pooled,1.6375059469230473,2,53
m_lora,1750,4750,train,Lee2019_MI,0.0444992559457545,2,53
m_lora,1750,4750,train,pooled,0.0444992559457545,2,53
m_lora,1750,4750,validation,Lee2019_MI,1.827985528064892,2,53
m_lora,1750,4750,validation,pooled,1.827985528064892,2,53
m_lora,2000,5000,train,Lee2019_MI,0.0577519091405655,2,53
m_lora,2000,5000,train,pooled,0.0577519091405655,2,53
m_lora,2000,5000,validation,Lee2019_MI,1.820621257890016,2,53
m_lora,2000,5000,validation,pooled,1.820621257890016,2,53
m_lora,2250,5250,train,Lee2019_MI,0.0634998042115162,2,53
m_lora,2250,5250,train,pooled,0.0634998042115162,2,53
m_lora,2250,5250,validation,Lee2019_MI,1.8902860701084137,2,53
m_lora,2250,5250,validation,pooled,1.8902860701084137,2,53
m_film,0,3000,train,Lee2019_MI,0.3587278895892011,2,71
m_film,0,3000,train,pooled,0.3587278895892011,2,71
m_film,0,3000,validation,Lee2019_MI,0.8221386364102363,2,71
m_film,0,3000,validation,pooled,0.8221386364102363,2,71
m_film,250,3250,train,Lee2019_MI,0.5382661289664417,2,71
m_film,250,3250,train,pooled,0.5382661289664417,2,71
m_film,250,3250,validation,Lee2019_MI,1.3546858662366867,2,71
m_film,250,3250,validation,pooled,1.3546858662366867,2,71
m_film,500,3500,train,Lee2019_MI,0.3413215079507193,2,71
m_film,500,3500,train,pooled,0.3413215079507193,2,71
m_film,500,3500,validation,Lee2019_MI,1.0100188048183918,2,71
m_film,500,3500,validation,pooled,1.0100188048183918,2,71
m_film,750,3750,train,Lee2019_MI,0.3659011131677872,2,71
m_film,750,3750,train,pooled,0.3659011131677872,2,71
m_film,750,3750,validation,Lee2019_MI,0.9516527926176788,2,71
m_film,750,3750,validation,pooled,0.9516527926176788,2,71
m_film,1000,4000,train,Lee2019_MI,0.3496335403229564,2,71
m_film,1000,4000,train,pooled,0.3496335403229564,2,71
m_film,1000,4000,validation,Lee2019_MI,0.8794642749428749,2,71
m_film,1000,4000,validation,pooled,0.8794642749428749,2,71
m_film,1250,4250,train,Lee2019_MI,0.3672193819301753,2,71
m_film,1250,4250,train,pooled,0.3672193819301753,2,71
m_film,1250,4250,validation,Lee2019_MI,0.9695917020738124,2,71
m_film,1250,4250,validation,pooled,0.9695917020738124,2,71
m_film,1500,4500,train,Lee2019_MI,0.3607427059080548,2,71
m_film,1500,4500,train,pooled,0.3607427059080548,2,71
m_film,1500,4500,validation,Lee2019_MI,1.0295519535988569,2,71
m_film,1500,4500,validation,pooled,1.0295519535988569,2,71
m_film,1750,4750,train,Lee2019_MI,0.3509687284045876,2,71
m_film,1750,4750,train,pooled,0.3509687284045876,2,71
m_film,1750,4750,validation,Lee2019_MI,0.994634112417698,2,71
m_film,1750,4750,validation,pooled,0.994634112417698,2,71
m_film,2000,5000,train,Lee2019_MI,0.3827793441488383,2,71
m_film,2000,5000,train,pooled,0.3827793441488383,2,71
m_film,2000,5000,validation,Lee2019_MI,0.9680129271745682,2,71
m_film,2000,5000,validation,pooled,0.9680129271745682,2,71
m_lora,0,3000,train,Lee2019_MI,0.0640337303687666,2,71
m_lora,0,3000,train,pooled,0.0640337303687666,2,71
m_lora,0,3000,validation,Lee2019_MI,1.7466508032381536,2,71
m_lora,0,3000,validation,pooled,1.7466508032381536,2,71
m_lora,250,3250,train,Lee2019_MI,0.064736844202163,2,71
m_lora,250,3250,train,pooled,0.064736844202163,2,71
m_lora,250,3250,validation,Lee2019_MI,1.7401526528596878,2,71
m_lora,250,3250,validation,pooled,1.7401526528596878,2,71
m_lora,500,3500,train,Lee2019_MI,0.045878363169965,2,71
m_lora,500,3500,train,pooled,0.045878363169965,2,71
m_lora,500,3500,validation,Lee2019_MI,1.6891313368082046,2,71
m_lora,500,3500,validation,pooled,1.6891313368082046,2,71
m_lora,750,3750,train,Lee2019_MI,0.0433445680160385,2,71
m_lora,750,3750,train,pooled,0.0433445680160385,2,71
m_lora,750,3750,validation,Lee2019_MI,1.9747710090875623,2,71
m_lora,750,3750,validation,pooled,1.9747710090875623,2,71
m_lora,1000,4000,train,Lee2019_MI,0.0527566161551115,2,71
m_lora,1000,4000,train,pooled,0.0527566161551115,2,71
m_lora,1000,4000,validation,Lee2019_MI,1.5955548872798682,2,71
m_lora,1000,4000,validation,pooled,1.5955548872798682,2,71
m_lora,1250,4250,train,Lee2019_MI,0.0600428772200132,2,71
m_lora,1250,4250,train,pooled,0.0600428772200132,2,71
m_lora,1250,4250,validation,Lee2019_MI,1.6083105295896531,2,71
m_lora,1250,4250,validation,pooled,1.6083105295896531,2,71
m_lora,1500,4500,train,Lee2019_MI,0.0621517669017767,2,71
m_lora,1500,4500,train,pooled,0.0621517669017767,2,71
m_lora,1500,4500,validation,Lee2019_MI,1.8410042959451676,2,71
m_lora,1500,4500,validation,pooled,1.8410042959451676,2,71
m_lora,1750,4750,train,Lee2019_MI,0.04308383878519,2,71
m_lora,1750,4750,train,pooled,0.04308383878519,2,71
m_lora,1750,4750,validation,Lee2019_MI,1.8892155838012687,2,71
m_lora,1750,4750,validation,pooled,1.8892155838012687,2,71
m_lora,2000,5000,train,Lee2019_MI,0.0483826930793386,2,71
m_lora,2000,5000,train,pooled,0.0483826930793386,2,71
m_lora,2000,5000,validation,Lee2019_MI,2.1827683575451373,2,71
m_lora,2000,5000,validation,pooled,2.1827683575451373,2,71
m_lora,2250,5250,train,Lee2019_MI,0.0627506523103481,2,71
m_lora,2250,5250,train,pooled,0.0627506523103481,2,71
m_lora,2250,5250,validation,Lee2019_MI,1.7806075654923916,2,71
m_lora,2250,5250,validation,pooled,1.7806075654923916,2,71
m_lora,2500,5500,train,Lee2019_MI,0.050568020408731,2,71
m_lora,2500,5500,train,pooled,0.050568020408731,2,71
m_lora,2500,5500,validation,Lee2019_MI,1.9670550961792468,2,71
m_lora,2500,5500,validation,pooled,1.9670550961792468,2,71
m_lora,2750,5750,train,Lee2019_MI,0.0470380472135356,2,71
m_lora,2750,5750,train,pooled,0.0470380472135356,2,71
m_lora,2750,5750,validation,Lee2019_MI,2.2318485356867312,2,71
m_lora,2750,5750,validation,pooled,2.2318485356867312,2,71
m_lora,3000,6000,train,Lee2019_MI,0.0588916139303465,2,71
m_lora,3000,6000,train,pooled,0.0588916139303465,2,71
m_lora,3000,6000,validation,Lee2019_MI,2.106407774183899,2,71
m_lora,3000,6000,validation,pooled,2.106407774183899,2,71
m_film,0,3000,train,Lee2019_MI,0.085314363226807,3,11
m_film,0,3000,train,pooled,0.085314363226807,3,11
m_film,0,3000,validation,Lee2019_MI,2.0812120971083643,3,11
m_film,0,3000,validation,pooled,2.0812120971083643,3,11
m_film,250,3250,train,Lee2019_MI,0.0680236879096151,3,11
m_film,250,3250,train,pooled,0.0680236879096151,3,11
m_film,250,3250,validation,Lee2019_MI,1.911348509415984,3,11
m_film,250,3250,validation,pooled,1.911348509415984,3,11
m_film,500,3500,train,Lee2019_MI,0.0483142942301772,3,11
m_film,500,3500,train,pooled,0.0483142942301772,3,11
m_film,500,3500,validation,Lee2019_MI,2.005852230191231,3,11
m_film,500,3500,validation,pooled,2.005852230191231,3,11
m_film,750,3750,train,Lee2019_MI,0.0651321268138979,3,11
m_film,750,3750,train,pooled,0.0651321268138979,3,11
m_film,750,3750,validation,Lee2019_MI,2.418783996934071,3,11
m_film,750,3750,validation,pooled,2.418783996934071,3,11
m_film,1000,4000,train,Lee2019_MI,0.0563105026882565,3,11
m_film,1000,4000,train,pooled,0.0563105026882565,3,11
m_film,1000,4000,validation,Lee2019_MI,2.519064293541014,3,11
m_film,1000,4000,validation,pooled,2.519064293541014,3,11
m_film,1250,4250,train,Lee2019_MI,0.0430049022522438,3,11
m_film,1250,4250,train,pooled,0.0430049022522438,3,11
m_film,1250,4250,validation,Lee2019_MI,2.361074269413948,3,11
m_film,1250,4250,validation,pooled,2.361074269413948,3,11
m_film,1500,4500,train,Lee2019_MI,0.0319631552429967,3,11
m_film,1500,4500,train,pooled,0.0319631552429967,3,11
m_film,1500,4500,validation,Lee2019_MI,2.6809610451757906,3,11
m_film,1500,4500,validation,pooled,2.6809610451757906,3,11
m_film,1750,4750,train,Lee2019_MI,0.0534763313283126,3,11
m_film,1750,4750,train,pooled,0.0534763313283126,3,11
m_film,1750,4750,validation,Lee2019_MI,2.839652059078216,3,11
m_film,1750,4750,validation,pooled,2.839652059078216,3,11
m_film,2000,5000,train,Lee2019_MI,0.0370697297616224,3,11
m_film,2000,5000,train,pooled,0.0370697297616224,3,11
m_film,2000,5000,validation,Lee2019_MI,2.933021442145109,3,11
m_film,2000,5000,validation,pooled,2.933021442145109,3,11
m_film,2250,5250,train,Lee2019_MI,0.0298053635030655,3,11
m_film,2250,5250,train,pooled,0.0298053635030655,3,11
m_film,2250,5250,validation,Lee2019_MI,2.865374811887741,3,11
m_film,2250,5250,validation,pooled,2.865374811887741,3,11
m_lora,0,3000,train,Lee2019_MI,0.1108819542974321,3,11
m_lora,0,3000,train,pooled,0.1108819542974321,3,11
m_lora,0,3000,validation,Lee2019_MI,1.921784145906568,3,11
m_lora,0,3000,validation,pooled,1.921784145906568,3,11
m_lora,250,3250,train,Lee2019_MI,0.448694225869066,3,11
m_lora,250,3250,train,pooled,0.448694225869066,3,11
m_lora,250,3250,validation,Lee2019_MI,2.5815245212218727,3,11
m_lora,250,3250,validation,pooled,2.5815245212218727,3,11
m_lora,500,3500,train,Lee2019_MI,0.132766713161085,3,11
m_lora,500,3500,train,pooled,0.132766713161085,3,11
m_lora,500,3500,validation,Lee2019_MI,1.72728200443089,3,11
m_lora,500,3500,validation,pooled,1.72728200443089,3,11
m_lora,750,3750,train,Lee2019_MI,0.1214987341871556,3,11
m_lora,750,3750,train,pooled,0.1214987341871556,3,11
m_lora,750,3750,validation,Lee2019_MI,1.3439776688814162,3,11
m_lora,750,3750,validation,pooled,1.3439776688814162,3,11
m_lora,1000,4000,train,Lee2019_MI,0.1329446715619918,3,11
m_lora,1000,4000,train,pooled,0.1329446715619918,3,11
m_lora,1000,4000,validation,Lee2019_MI,2.539826274514198,3,11
m_lora,1000,4000,validation,pooled,2.539826274514198,3,11
m_lora,1250,4250,train,Lee2019_MI,0.2639280464750368,3,11
m_lora,1250,4250,train,pooled,0.2639280464750368,3,11
m_lora,1250,4250,validation,Lee2019_MI,2.54555237531662,3,11
m_lora,1250,4250,validation,pooled,2.54555237531662,3,11
m_lora,1500,4500,train,Lee2019_MI,0.1381527904149927,3,11
m_lora,1500,4500,train,pooled,0.1381527904149927,3,11
m_lora,1500,4500,validation,Lee2019_MI,2.442747133374214,3,11
m_lora,1500,4500,validation,pooled,2.442747133374214,3,11
m_lora,1750,4750,train,Lee2019_MI,0.1437904717196843,3,11
m_lora,1750,4750,train,pooled,0.1437904717196843,3,11
m_lora,1750,4750,validation,Lee2019_MI,2.0514848923683164,3,11
m_lora,1750,4750,validation,pooled,2.0514848923683164,3,11
m_lora,2000,5000,train,Lee2019_MI,0.147034119460683,3,11
m_lora,2000,5000,train,pooled,0.147034119460683,3,11
m_lora,2000,5000,validation,Lee2019_MI,2.2954466629028323,3,11
m_lora,2000,5000,validation,pooled,2.2954466629028323,3,11
m_lora,2250,5250,train,Lee2019_MI,0.1948615320862482,3,11
m_lora,2250,5250,train,pooled,0.1948615320862482,3,11
m_lora,2250,5250,validation,Lee2019_MI,3.031609539985657,3,11
m_lora,2250,5250,validation,pooled,3.031609539985657,3,11
m_lora,2500,5500,train,Lee2019_MI,0.1322123124420604,3,11
m_lora,2500,5500,train,pooled,0.1322123124420604,3,11
m_lora,2500,5500,validation,Lee2019_MI,2.522348783016205,3,11
m_lora,2500,5500,validation,pooled,2.522348783016205,3,11
m_lora,2750,5750,train,Lee2019_MI,0.1571908806509572,3,11
m_lora,2750,5750,train,pooled,0.1571908806509572,3,11
m_lora,2750,5750,validation,Lee2019_MI,3.428868656158447,3,11
m_lora,2750,5750,validation,pooled,3.428868656158447,3,11
m_film,0,3000,train,Lee2019_MI,0.061057570955713,3,23
m_film,0,3000,train,pooled,0.061057570955713,3,23
m_film,0,3000,validation,Lee2019_MI,2.1302733570337296,3,23
m_film,0,3000,validation,pooled,2.1302733570337296,3,23
m_film,250,3250,train,Lee2019_MI,0.0501732952832968,3,23
m_film,250,3250,train,pooled,0.0501732952832968,3,23
m_film,250,3250,validation,Lee2019_MI,2.5303822451829907,3,23
m_film,250,3250,validation,pooled,2.5303822451829907,3,23
m_film,500,3500,train,Lee2019_MI,0.0456134981435103,3,23
m_film,500,3500,train,pooled,0.0456134981435103,3,23
m_film,500,3500,validation,Lee2019_MI,2.77413487727521,3,23
m_film,500,3500,validation,pooled,2.77413487727521,3,23
m_film,750,3750,train,Lee2019_MI,0.0539018107661634,3,23
m_film,750,3750,train,pooled,0.0539018107661634,3,23
m_film,750,3750,validation,Lee2019_MI,3.223853972256184,3,23
m_film,750,3750,validation,pooled,3.223853972256184,3,23
m_film,1000,4000,train,Lee2019_MI,0.0380492175692962,3,23
m_film,1000,4000,train,pooled,0.0380492175692962,3,23
m_film,1000,4000,validation,Lee2019_MI,3.305746199637651,3,23
m_film,1000,4000,validation,pooled,3.305746199637651,3,23
m_film,1250,4250,train,Lee2019_MI,0.1029756331879194,3,23
m_film,1250,4250,train,pooled,0.1029756331879194,3,23
m_film,1250,4250,validation,Lee2019_MI,3.2055021876841785,3,23
m_film,1250,4250,validation,pooled,3.2055021876841785,3,23
m_film,1500,4500,train,Lee2019_MI,0.0304774439910949,3,23
m_film,1500,4500,train,pooled,0.0304774439910949,3,23
m_film,1500,4500,validation,Lee2019_MI,2.821495245676488,3,23
m_film,1500,4500,validation,pooled,2.821495245676488,3,23
m_film,1750,4750,train,Lee2019_MI,0.0470713852891603,3,23
m_film,1750,4750,train,pooled,0.0470713852891603,3,23
m_film,1750,4750,validation,Lee2019_MI,3.5152929285168644,3,23
m_film,1750,4750,validation,pooled,3.5152929285168644,3,23
m_film,2000,5000,train,Lee2019_MI,0.0590560102835158,3,23
m_film,2000,5000,train,pooled,0.0590560102835158,3,23
m_film,2000,5000,validation,Lee2019_MI,3.015335314720869,3,23
m_film,2000,5000,validation,pooled,3.015335314720869,3,23
m_lora,0,3000,train,Lee2019_MI,0.0280916100692649,3,23
m_lora,0,3000,train,pooled,0.0280916100692649,3,23
m_lora,0,3000,validation,Lee2019_MI,3.314745382666588,3,23
m_lora,0,3000,validation,pooled,3.314745382666588,3,23
m_lora,250,3250,train,Lee2019_MI,0.0303958671307927,3,23
m_lora,250,3250,train,pooled,0.0303958671307927,3,23
m_lora,250,3250,validation,Lee2019_MI,3.278782683610916,3,23
m_lora,250,3250,validation,pooled,3.278782683610916,3,23
m_lora,500,3500,train,Lee2019_MI,0.0462865388567395,3,23
m_lora,500,3500,train,pooled,0.0462865388567395,3,23
m_lora,500,3500,validation,Lee2019_MI,4.326594395637512,3,23
m_lora,500,3500,validation,pooled,4.326594395637512,3,23
m_lora,750,3750,train,Lee2019_MI,0.0587947769175646,3,23
m_lora,750,3750,train,pooled,0.0587947769175646,3,23
m_lora,750,3750,validation,Lee2019_MI,2.950102661550045,3,23
m_lora,750,3750,validation,pooled,2.950102661550045,3,23
m_lora,1000,4000,train,Lee2019_MI,0.0258760721293429,3,23
m_lora,1000,4000,train,pooled,0.0258760721293429,3,23
m_lora,1000,4000,validation,Lee2019_MI,3.5116626308113337,3,23
m_lora,1000,4000,validation,pooled,3.5116626308113337,3,23
m_lora,1250,4250,train,Lee2019_MI,0.0333226506282822,3,23
m_lora,1250,4250,train,pooled,0.0333226506282822,3,23
m_lora,1250,4250,validation,Lee2019_MI,4.126115459592548,3,23
m_lora,1250,4250,validation,pooled,4.126115459592548,3,23
m_lora,1500,4500,train,Lee2019_MI,0.1134841034911574,3,23
m_lora,1500,4500,train,pooled,0.1134841034911574,3,23
m_lora,1500,4500,validation,Lee2019_MI,3.7407122310594425,3,23
m_lora,1500,4500,validation,pooled,3.7407122310594425,3,23
m_lora,1750,4750,train,Lee2019_MI,0.0283071349015712,3,23
m_lora,1750,4750,train,pooled,0.0283071349015712,3,23
m_lora,1750,4750,validation,Lee2019_MI,4.221910748175669,3,23
m_lora,1750,4750,validation,pooled,4.221910748175669,3,23
m_lora,2000,5000,train,Lee2019_MI,0.021607407046528,3,23
m_lora,2000,5000,train,pooled,0.021607407046528,3,23
m_lora,2000,5000,validation,Lee2019_MI,4.148306879181764,3,23
m_lora,2000,5000,validation,pooled,4.148306879181764,3,23
m_lora,2250,5250,train,Lee2019_MI,0.0153582208343805,3,23
m_lora,2250,5250,train,pooled,0.0153582208343805,3,23
m_lora,2250,5250,validation,Lee2019_MI,4.440269818898705,3,23
m_lora,2250,5250,validation,pooled,4.440269818898705,3,23
m_lora,2500,5500,train,Lee2019_MI,0.0116967924503793,3,23
m_lora,2500,5500,train,pooled,0.0116967924503793,3,23
m_lora,2500,5500,validation,Lee2019_MI,4.114537867904728,3,23
m_lora,2500,5500,validation,pooled,4.114537867904728,3,23
m_lora,2750,5750,train,Lee2019_MI,0.0134413974928086,3,23
m_lora,2750,5750,train,pooled,0.0134413974928086,3,23
m_lora,2750,5750,validation,Lee2019_MI,4.506913615167019,3,23
m_lora,2750,5750,validation,pooled,4.506913615167019,3,23
m_film,0,3000,train,Lee2019_MI,0.0324847231186131,3,37
m_film,0,3000,train,pooled,0.0324847231186131,3,37
m_film,0,3000,validation,Lee2019_MI,1.9943385820789263,3,37
m_film,0,3000,validation,pooled,1.9943385820789263,3,37
m_film,250,3250,train,Lee2019_MI,0.0771246201901177,3,37
m_film,250,3250,train,pooled,0.0771246201901177,3,37
m_film,250,3250,validation,Lee2019_MI,2.626804338898073,3,37
m_film,250,3250,validation,pooled,2.626804338898073,3,37
m_film,500,3500,train,Lee2019_MI,0.0590802551781776,3,37
m_film,500,3500,train,pooled,0.0590802551781776,3,37
m_film,500,3500,validation,Lee2019_MI,2.4096253522299227,3,37
m_film,500,3500,validation,pooled,2.4096253522299227,3,37
m_film,750,3750,train,Lee2019_MI,0.0258355980564873,3,37
m_film,750,3750,train,pooled,0.0258355980564873,3,37
m_film,750,3750,validation,Lee2019_MI,2.217975263777189,3,37
m_film,750,3750,validation,pooled,2.217975263777189,3,37
m_film,1000,4000,train,Lee2019_MI,0.0247275322148016,3,37
m_film,1000,4000,train,pooled,0.0247275322148016,3,37
m_film,1000,4000,validation,Lee2019_MI,2.427123428317718,3,37
m_film,1000,4000,validation,pooled,2.427123428317718,3,37
m_film,1250,4250,train,Lee2019_MI,0.0545265086304181,3,37
m_film,1250,4250,train,pooled,0.0545265086304181,3,37
m_film,1250,4250,validation,Lee2019_MI,2.925773546099663,3,37
m_film,1250,4250,validation,pooled,2.925773546099663,3,37
m_film,1500,4500,train,Lee2019_MI,0.0222349361516836,3,37
m_film,1500,4500,train,pooled,0.0222349361516836,3,37
m_film,1500,4500,validation,Lee2019_MI,2.91226610595826,3,37
m_film,1500,4500,validation,pooled,2.91226610595826,3,37
m_film,1750,4750,train,Lee2019_MI,0.026324906347828,3,37
m_film,1750,4750,train,pooled,0.026324906347828,3,37
m_film,1750,4750,validation,Lee2019_MI,2.721723334118724,3,37
m_film,1750,4750,validation,pooled,2.721723334118724,3,37
m_film,2000,5000,train,Lee2019_MI,0.034869083557776,3,37
m_film,2000,5000,train,pooled,0.034869083557776,3,37
m_film,2000,5000,validation,Lee2019_MI,3.321550264842808,3,37
m_film,2000,5000,validation,pooled,3.321550264842808,3,37
m_lora,0,3000,train,Lee2019_MI,0.0078110717646014,3,37
m_lora,0,3000,train,pooled,0.0078110717646014,3,37
m_lora,0,3000,validation,Lee2019_MI,2.207749978005886,3,37
m_lora,0,3000,validation,pooled,2.207749978005886,3,37
m_lora,250,3250,train,Lee2019_MI,0.011787560758921,3,37
m_lora,250,3250,train,pooled,0.011787560758921,3,37
m_lora,250,3250,validation,Lee2019_MI,1.986967083401978,3,37
m_lora,250,3250,validation,pooled,1.986967083401978,3,37
m_lora,500,3500,train,Lee2019_MI,0.0107924124601444,3,37
m_lora,500,3500,train,pooled,0.0107924124601444,3,37
m_lora,500,3500,validation,Lee2019_MI,2.1786876173317435,3,37
m_lora,500,3500,validation,pooled,2.1786876173317435,3,37
m_lora,750,3750,train,Lee2019_MI,0.0140504798947605,3,37
m_lora,750,3750,train,pooled,0.0140504798947605,3,37
m_lora,750,3750,validation,Lee2019_MI,2.499746679905802,3,37
m_lora,750,3750,validation,pooled,2.499746679905802,3,37
m_lora,1000,4000,train,Lee2019_MI,0.0113121026619867,3,37
m_lora,1000,4000,train,pooled,0.0113121026619867,3,37
m_lora,1000,4000,validation,Lee2019_MI,2.5429598987847566,3,37
m_lora,1000,4000,validation,pooled,2.5429598987847566,3,37
m_lora,1250,4250,train,Lee2019_MI,0.0119824299674571,3,37
m_lora,1250,4250,train,pooled,0.0119824299674571,3,37
m_lora,1250,4250,validation,Lee2019_MI,2.983856155592948,3,37
m_lora,1250,4250,validation,pooled,2.983856155592948,3,37
m_lora,1500,4500,train,Lee2019_MI,0.0056221968798641,3,37
m_lora,1500,4500,train,pooled,0.0056221968798641,3,37
m_lora,1500,4500,validation,Lee2019_MI,2.455107569484972,3,37
m_lora,1500,4500,validation,pooled,2.455107569484972,3,37
m_lora,1750,4750,train,Lee2019_MI,0.0044148084319946,3,37
m_lora,1750,4750,train,pooled,0.0044148084319946,3,37
m_lora,1750,4750,validation,Lee2019_MI,2.799074631333351,3,37
m_lora,1750,4750,validation,pooled,2.799074631333351,3,37
m_lora,2000,5000,train,Lee2019_MI,0.00879419959321,3,37
m_lora,2000,5000,train,pooled,0.00879419959321,3,37
m_lora,2000,5000,validation,Lee2019_MI,2.945315070152283,3,37
m_lora,2000,5000,validation,pooled,2.945315070152283,3,37
m_lora,2250,5250,train,Lee2019_MI,0.0132382126417452,3,37
m_lora,2250,5250,train,pooled,0.0132382126417452,3,37
m_lora,2250,5250,validation,Lee2019_MI,2.9699111791700123,3,37
m_lora,2250,5250,validation,pooled,2.9699111791700123,3,37
m_film,0,3000,train,Lee2019_MI,0.1836964291608325,3,53
m_film,0,3000,train,pooled,0.1836964291608325,3,53
m_film,0,3000,validation,Lee2019_MI,2.0600780123472213,3,53
m_film,0,3000,validation,pooled,2.0600780123472213,3,53
m_film,250,3250,train,Lee2019_MI,0.1570500961003992,3,53
m_film,250,3250,train,pooled,0.1570500961003992,3,53
m_film,250,3250,validation,Lee2019_MI,1.5500587618350985,3,53
m_film,250,3250,validation,pooled,1.5500587618350985,3,53
m_film,500,3500,train,Lee2019_MI,0.1232306783243592,3,53
m_film,500,3500,train,pooled,0.1232306783243592,3,53
m_film,500,3500,validation,Lee2019_MI,1.8311767847184093,3,53
m_film,500,3500,validation,pooled,1.8311767847184093,3,53
m_film,750,3750,train,Lee2019_MI,0.2163688491878267,3,53
m_film,750,3750,train,pooled,0.2163688491878267,3,53
m_film,750,3750,validation,Lee2019_MI,1.6333260219264778,3,53
m_film,750,3750,validation,pooled,1.6333260219264778,3,53
m_film,1000,4000,train,Lee2019_MI,0.0869763112791145,3,53
m_film,1000,4000,train,pooled,0.0869763112791145,3,53
m_film,1000,4000,validation,Lee2019_MI,1.4856083247810603,3,53
m_film,1000,4000,validation,pooled,1.4856083247810603,3,53
m_film,1250,4250,train,Lee2019_MI,0.1443004582156143,3,53
m_film,1250,4250,train,pooled,0.1443004582156143,3,53
m_film,1250,4250,validation,Lee2019_MI,1.857554845958948,3,53
m_film,1250,4250,validation,pooled,1.857554845958948,3,53
m_film,1500,4500,train,Lee2019_MI,0.106700165946438,3,53
m_film,1500,4500,train,pooled,0.106700165946438,3,53
m_film,1500,4500,validation,Lee2019_MI,1.7543772374093534,3,53
m_film,1500,4500,validation,pooled,1.7543772374093534,3,53
m_film,1750,4750,train,Lee2019_MI,0.1829416492661291,3,53
m_film,1750,4750,train,pooled,0.1829416492661291,3,53
m_film,1750,4750,validation,Lee2019_MI,2.277730660289526,3,53
m_film,1750,4750,validation,pooled,2.277730660289526,3,53
m_film,2000,5000,train,Lee2019_MI,0.158452225275381,3,53
m_film,2000,5000,train,pooled,0.158452225275381,3,53
m_film,2000,5000,validation,Lee2019_MI,2.139887255653739,3,53
m_film,2000,5000,validation,pooled,2.139887255653739,3,53
m_film,2250,5250,train,Lee2019_MI,0.1604550446193822,3,53
m_film,2250,5250,train,pooled,0.1604550446193822,3,53
m_film,2250,5250,validation,Lee2019_MI,2.068105069678277,3,53
m_film,2250,5250,validation,pooled,2.068105069678277,3,53
m_film,2500,5500,train,Lee2019_MI,0.095079719262158,3,53
m_film,2500,5500,train,pooled,0.095079719262158,3,53
m_film,2500,5500,validation,Lee2019_MI,2.32781265180558,3,53
m_film,2500,5500,validation,pooled,2.32781265180558,3,53
m_film,2750,5750,train,Lee2019_MI,0.0717968588173654,3,53
m_film,2750,5750,train,pooled,0.0717968588173654,3,53
m_film,2750,5750,validation,Lee2019_MI,2.283730744123459,3,53
m_film,2750,5750,validation,pooled,2.283730744123459,3,53
m_film,3000,6000,train,Lee2019_MI,0.0849972151573806,3,53
m_film,3000,6000,train,pooled,0.0849972151573806,3,53
m_film,3000,6000,validation,Lee2019_MI,2.557675354294479,3,53
m_film,3000,6000,validation,pooled,2.557675354294479,3,53
m_lora,0,3000,train,Lee2019_MI,0.0427404781398257,3,53
m_lora,0,3000,train,pooled,0.0427404781398257,3,53
m_lora,0,3000,validation,Lee2019_MI,3.2080409817351025,3,53
m_lora,0,3000,validation,pooled,3.2080409817351025,3,53
m_lora,250,3250,train,Lee2019_MI,0.0279774170397163,3,53
m_lora,250,3250,train,pooled,0.0279774170397163,3,53
m_lora,250,3250,validation,Lee2019_MI,2.637192031778395,3,53
m_lora,250,3250,validation,pooled,2.637192031778395,3,53
m_lora,500,3500,train,Lee2019_MI,0.0366461831210135,3,53
m_lora,500,3500,train,pooled,0.0366461831210135,3,53
m_lora,500,3500,validation,Lee2019_MI,2.933225346803665,3,53
m_lora,500,3500,validation,pooled,2.933225346803665,3,53
m_lora,750,3750,train,Lee2019_MI,0.0341443288228289,3,53
m_lora,750,3750,train,pooled,0.0341443288228289,3,53
m_lora,750,3750,validation,Lee2019_MI,3.4848864990472794,3,53
m_lora,750,3750,validation,pooled,3.4848864990472794,3,53
m_lora,1000,4000,train,Lee2019_MI,0.0267268417470396,3,53
m_lora,1000,4000,train,pooled,0.0267268417470396,3,53
m_lora,1000,4000,validation,Lee2019_MI,3.787648550793529,3,53
m_lora,1000,4000,validation,pooled,3.787648550793529,3,53
m_lora,1250,4250,train,Lee2019_MI,0.0247227860316639,3,53
m_lora,1250,4250,train,pooled,0.0247227860316639,3,53
m_lora,1250,4250,validation,Lee2019_MI,4.039539571665227,3,53
m_lora,1250,4250,validation,pooled,4.039539571665227,3,53
m_lora,1500,4500,train,Lee2019_MI,0.0246694678348208,3,53
m_lora,1500,4500,train,pooled,0.0246694678348208,3,53
m_lora,1500,4500,validation,Lee2019_MI,3.948808122635528,3,53
m_lora,1500,4500,validation,pooled,3.948808122635528,3,53
m_lora,1750,4750,train,Lee2019_MI,0.0284517840554566,3,53
m_lora,1750,4750,train,pooled,0.0284517840554566,3,53
m_lora,1750,4750,validation,Lee2019_MI,3.323526494204998,3,53
m_lora,1750,4750,validation,pooled,3.323526494204998,3,53
m_lora,2000,5000,train,Lee2019_MI,0.015746384169917,3,53
m_lora,2000,5000,train,pooled,0.015746384169917,3,53
m_lora,2000,5000,validation,Lee2019_MI,4.6931914353370665,3,53
m_lora,2000,5000,validation,pooled,4.6931914353370665,3,53
m_lora,2250,5250,train,Lee2019_MI,0.0356500886199923,3,53
m_lora,2250,5250,train,pooled,0.0356500886199923,3,53
m_lora,2250,5250,validation,Lee2019_MI,3.701232966771349,3,53
m_lora,2250,5250,validation,pooled,3.701232966771349,3,53
m_film,0,1000,train,Lee2019_MI,0.1609355252733072,3,71
m_film,0,1000,train,pooled,0.1609355252733072,3,71
m_film,0,1000,validation,Lee2019_MI,1.828448232114315,3,71
m_film,0,1000,validation,pooled,1.828448232114315,3,71
m_film,250,1250,train,Lee2019_MI,0.1377667304987615,3,71
m_film,250,1250,train,pooled,0.1377667304987615,3,71
m_film,250,1250,validation,Lee2019_MI,2.077023530751467,3,71
m_film,250,1250,validation,pooled,2.077023530751467,3,71
m_film,500,1500,train,Lee2019_MI,0.1279032331660318,3,71
m_film,500,1500,train,pooled,0.1279032331660318,3,71
m_film,500,1500,validation,Lee2019_MI,1.78845252789557,3,71
m_film,500,1500,validation,pooled,1.78845252789557,3,71
m_film,750,1750,train,Lee2019_MI,0.1230898927488851,3,71
m_film,750,1750,train,pooled,0.1230898927488851,3,71
m_film,750,1750,validation,Lee2019_MI,2.121777466870844,3,71
m_film,750,1750,validation,pooled,2.121777466870844,3,71
m_film,1000,2000,train,Lee2019_MI,0.0945518629221558,3,71
m_film,1000,2000,train,pooled,0.0945518629221558,3,71
m_film,1000,2000,validation,Lee2019_MI,2.533323820829392,3,71
m_film,1000,2000,validation,pooled,2.533323820829392,3,71
m_film,1250,2250,train,Lee2019_MI,0.0991298591789053,3,71
m_film,1250,2250,train,pooled,0.0991298591789053,3,71
m_film,1250,2250,validation,Lee2019_MI,2.5254095777869225,3,71
m_film,1250,2250,validation,pooled,2.5254095777869225,3,71
m_film,1500,2500,train,Lee2019_MI,0.0617311265256016,3,71
m_film,1500,2500,train,pooled,0.0617311265256016,3,71
m_film,1500,2500,validation,Lee2019_MI,2.4333486303687097,3,71
m_film,1500,2500,validation,pooled,2.4333486303687097,3,71
m_film,1750,2750,train,Lee2019_MI,0.0551259904500399,3,71
m_film,1750,2750,train,pooled,0.0551259904500399,3,71
m_film,1750,2750,validation,Lee2019_MI,2.2875087629258632,3,71
m_film,1750,2750,validation,pooled,2.2875087629258632,3,71
m_film,2000,3000,train,Lee2019_MI,0.0703159043400925,3,71
m_film,2000,3000,train,pooled,0.0703159043400925,3,71
m_film,2000,3000,validation,Lee2019_MI,2.6864788684248926,3,71
m_film,2000,3000,validation,pooled,2.6864788684248926,3,71
m_film,2250,3250,train,Lee2019_MI,0.0524796911839108,3,71
m_film,2250,3250,train,pooled,0.0524796911839108,3,71
m_film,2250,3250,validation,Lee2019_MI,2.896510083079338,3,71
m_film,2250,3250,validation,pooled,2.896510083079338,3,71
m_film,2500,3500,train,Lee2019_MI,0.0234729050782853,3,71
m_film,2500,3500,train,pooled,0.0234729050782853,3,71
m_film,2500,3500,validation,Lee2019_MI,2.86399804033339,3,71
m_film,2500,3500,validation,pooled,2.86399804033339,3,71
m_lora,0,3000,train,Lee2019_MI,0.0411692809622048,3,71
m_lora,0,3000,train,pooled,0.0411692809622048,3,71
m_lora,0,3000,validation,Lee2019_MI,3.3608982375264165,3,71
m_lora,0,3000,validation,pooled,3.3608982375264165,3,71
m_lora,250,3250,train,Lee2019_MI,0.0404581955160239,3,71
m_lora,250,3250,train,pooled,0.0404581955160239,3,71
m_lora,250,3250,validation,Lee2019_MI,3.8471830231836064,3,71
m_lora,250,3250,validation,pooled,3.8471830231836064,3,71
m_lora,500,3500,train,Lee2019_MI,0.0573984518046508,3,71
m_lora,500,3500,train,pooled,0.0573984518046508,3,71
m_lora,500,3500,validation,Lee2019_MI,3.267175907790661,3,71
m_lora,500,3500,validation,pooled,3.267175907790661,3,71
m_lora,750,3750,train,Lee2019_MI,0.0459145034351214,3,71
m_lora,750,3750,train,pooled,0.0459145034351214,3,71
m_lora,750,3750,validation,Lee2019_MI,3.252268584370613,3,71
m_lora,750,3750,validation,pooled,3.252268584370613,3,71
m_lora,1000,4000,train,Lee2019_MI,0.0237810094667815,3,71
m_lora,1000,4000,train,pooled,0.0237810094667815,3,71
m_lora,1000,4000,validation,Lee2019_MI,3.965215824395418,3,71
m_lora,1000,4000,validation,pooled,3.965215824395418,3,71
m_lora,1250,4250,train,Lee2019_MI,0.0458799362977906,3,71
m_lora,1250,4250,train,pooled,0.0458799362977906,3,71
m_lora,1250,4250,validation,Lee2019_MI,4.2938015287742015,3,71
m_lora,1250,4250,validation,pooled,4.2938015287742015,3,71
m_lora,1500,4500,train,Lee2019_MI,0.0670315697108158,3,71
m_lora,1500,4500,train,pooled,0.0670315697108158,3,71
m_lora,1500,4500,validation,Lee2019_MI,4.446142715811729,3,71
m_lora,1500,4500,validation,pooled,4.446142715811729,3,71
m_lora,1750,4750,train,Lee2019_MI,0.0467087854425369,3,71
m_lora,1750,4750,train,pooled,0.0467087854425369,3,71
m_lora,1750,4750,validation,Lee2019_MI,4.301870108507574,3,71
m_lora,1750,4750,validation,pooled,4.301870108507574,3,71
m_lora,2000,5000,train,Lee2019_MI,0.0405422842682581,3,71
m_lora,2000,5000,train,pooled,0.0405422842682581,3,71
m_lora,2000,5000,validation,Lee2019_MI,3.9464309823699297,3,71
m_lora,2000,5000,validation,pooled,3.9464309823699297,3,71
m_lora,2250,5250,train,Lee2019_MI,0.0359442196842919,3,71
m_lora,2250,5250,train,pooled,0.0359442196842919,3,71
m_lora,2250,5250,validation,Lee2019_MI,4.61572856426239,3,71
m_lora,2250,5250,validation,pooled,4.61572856426239,3,71
m_lora,2500,5500,train,Lee2019_MI,0.0222208949403736,3,71
m_lora,2500,5500,train,pooled,0.0222208949403736,3,71
m_lora,2500,5500,validation,Lee2019_MI,4.851328426599502,3,71
m_lora,2500,5500,validation,pooled,4.851328426599502,3,71
m_lora,2750,5750,train,Lee2019_MI,0.0176567701806289,3,71
m_lora,2750,5750,train,pooled,0.0176567701806289,3,71
m_lora,2750,5750,validation,Lee2019_MI,4.722406695485115,3,71
m_lora,2750,5750,validation,pooled,4.722406695485115,3,71
m_film,0,3000,train,Lee2019_MI,0.2195176561919215,4,11
m_film,0,3000,train,pooled,0.2195176561919215,4,11
m_film,0,3000,validation,Lee2019_MI,0.7109998102113605,4,11
m_film,0,3000,validation,pooled,0.7109998102113605,4,11
m_film,250,3250,train,Lee2019_MI,0.1603117442937691,4,11
m_film,250,3250,train,pooled,0.1603117442937691,4,11
m_film,250,3250,validation,Lee2019_MI,0.8325396123481914,4,11
m_film,250,3250,validation,pooled,0.8325396123481914,4,11
m_film,500,3500,train,Lee2019_MI,0.1124536862522218,4,11
m_film,500,3500,train,pooled,0.1124536862522218,4,11
m_film,500,3500,validation,Lee2019_MI,0.9165049973130226,4,11
m_film,500,3500,validation,pooled,0.9165049973130226,4,11
m_film,750,3750,train,Lee2019_MI,0.0972199315844371,4,11
m_film,750,3750,train,pooled,0.0972199315844371,4,11
m_film,750,3750,validation,Lee2019_MI,1.0524320412334054,4,11
m_film,750,3750,validation,pooled,1.0524320412334054,4,11
m_film,1000,4000,train,Lee2019_MI,0.1157130376015804,4,11
m_film,1000,4000,train,pooled,0.1157130376015804,4,11
m_film,1000,4000,validation,Lee2019_MI,1.15246158182621,4,11
m_film,1000,4000,validation,pooled,1.15246158182621,4,11
m_film,1250,4250,train,Lee2019_MI,0.0710806651742685,4,11
m_film,1250,4250,train,pooled,0.0710806651742685,4,11
m_film,1250,4250,validation,Lee2019_MI,1.214897979348898,4,11
m_film,1250,4250,validation,pooled,1.214897979348898,4,11
m_film,1500,4500,train,Lee2019_MI,0.0713221152827081,4,11
m_film,1500,4500,train,pooled,0.0713221152827081,4,11
m_film,1500,4500,validation,Lee2019_MI,1.2084622632898392,4,11
m_film,1500,4500,validation,pooled,1.2084622632898392,4,11
m_film,1750,4750,train,Lee2019_MI,0.039489929425021,4,11
m_film,1750,4750,train,pooled,0.039489929425021,4,11
m_film,1750,4750,validation,Lee2019_MI,1.1738164313987365,4,11
m_film,1750,4750,validation,pooled,1.1738164313987365,4,11
m_film,2000,5000,train,Lee2019_MI,0.0432627123774102,4,11
m_film,2000,5000,train,pooled,0.0432627123774102,4,11
m_film,2000,5000,validation,Lee2019_MI,1.268628871208057,4,11
m_film,2000,5000,validation,pooled,1.268628871208057,4,11
m_lora,0,3000,train,Lee2019_MI,0.0060735924078767,4,11
m_lora,0,3000,train,pooled,0.0060735924078767,4,11
m_lora,0,3000,validation,Lee2019_MI,1.184950575288385,4,11
m_lora,0,3000,validation,pooled,1.184950575288385,4,11
m_lora,250,3250,train,Lee2019_MI,0.0179572294199325,4,11
m_lora,250,3250,train,pooled,0.0179572294199325,4,11
m_lora,250,3250,validation,Lee2019_MI,1.3219666284322735,4,11
m_lora,250,3250,validation,pooled,1.3219666284322735,4,11
m_lora,500,3500,train,Lee2019_MI,0.0120061508612142,4,11
m_lora,500,3500,train,pooled,0.0120061508612142,4,11
m_lora,500,3500,validation,Lee2019_MI,1.3717193783074615,4,11
m_lora,500,3500,validation,pooled,1.3717193783074615,4,11
m_lora,750,3750,train,Lee2019_MI,0.0051964496743139,4,11
m_lora,750,3750,train,pooled,0.0051964496743139,4,11
m_lora,750,3750,validation,Lee2019_MI,1.3787088991934433,4,11
m_lora,750,3750,validation,pooled,1.3787088991934433,4,11
m_lora,1000,4000,train,Lee2019_MI,0.0039213494683681,4,11
m_lora,1000,4000,train,pooled,0.0039213494683681,4,11
m_lora,1000,4000,validation,Lee2019_MI,1.3806416812830138,4,11
m_lora,1000,4000,validation,pooled,1.3806416812830138,4,11
m_lora,1250,4250,train,Lee2019_MI,0.0090030857422543,4,11
m_lora,1250,4250,train,pooled,0.0090030857422543,4,11
m_lora,1250,4250,validation,Lee2019_MI,1.544242213666439,4,11
m_lora,1250,4250,validation,pooled,1.544242213666439,4,11
m_lora,1500,4500,train,Lee2019_MI,0.0066684524144429,4,11
m_lora,1500,4500,train,pooled,0.0066684524144429,4,11
m_lora,1500,4500,validation,Lee2019_MI,1.5775279916077851,4,11
m_lora,1500,4500,validation,pooled,1.5775279916077851,4,11
m_lora,1750,4750,train,Lee2019_MI,0.0103559474374887,4,11
m_lora,1750,4750,train,pooled,0.0103559474374887,4,11
m_lora,1750,4750,validation,Lee2019_MI,1.6307327084429564,4,11
m_lora,1750,4750,validation,pooled,1.6307327084429564,4,11
m_lora,2000,5000,train,Lee2019_MI,0.0042659554906281,4,11
m_lora,2000,5000,train,pooled,0.0042659554906281,4,11
m_lora,2000,5000,validation,Lee2019_MI,1.6421436740551143,4,11
m_lora,2000,5000,validation,pooled,1.6421436740551143,4,11
m_film,0,3000,train,Lee2019_MI,0.1777296712080024,4,23
m_film,0,3000,train,pooled,0.1777296712080024,4,23
m_film,0,3000,validation,Lee2019_MI,0.6862741135293617,4,23
m_film,0,3000,validation,pooled,0.6862741135293617,4,23
m_film,250,3250,train,Lee2019_MI,0.1385165834993786,4,23
m_film,250,3250,train,pooled,0.1385165834993786,4,23
m_film,250,3250,validation,Lee2019_MI,0.8644723326154051,4,23
m_film,250,3250,validation,pooled,0.8644723326154051,4,23
m_film,500,3500,train,Lee2019_MI,0.1211748410317895,4,23
m_film,500,3500,train,pooled,0.1211748410317895,4,23
m_film,500,3500,validation,Lee2019_MI,0.8313240760518238,4,23
m_film,500,3500,validation,pooled,0.8313240760518238,4,23
m_film,750,3750,train,Lee2019_MI,0.1085777375109537,4,23
m_film,750,3750,train,pooled,0.1085777375109537,4,23
m_film,750,3750,validation,Lee2019_MI,1.0296318772993982,4,23
m_film,750,3750,validation,pooled,1.0296318772993982,4,23
m_film,1000,4000,train,Lee2019_MI,0.0581472814634912,4,23
m_film,1000,4000,train,pooled,0.0581472814634912,4,23
m_film,1000,4000,validation,Lee2019_MI,0.9543972329676762,4,23
m_film,1000,4000,validation,pooled,0.9543972329676762,4,23
m_film,1250,4250,train,Lee2019_MI,0.0530950805014707,4,23
m_film,1250,4250,train,pooled,0.0530950805014707,4,23
m_film,1250,4250,validation,Lee2019_MI,1.2673199558675696,4,23
m_film,1250,4250,validation,pooled,1.2673199558675696,4,23
m_film,1500,4500,train,Lee2019_MI,0.0597034192607741,4,23
m_film,1500,4500,train,pooled,0.0597034192607741,4,23
m_film,1500,4500,validation,Lee2019_MI,1.357354034445998,4,23
m_film,1500,4500,validation,pooled,1.357354034445998,4,23
m_film,1750,4750,train,Lee2019_MI,0.042341423185798,4,23
m_film,1750,4750,train,pooled,0.042341423185798,4,23
m_film,1750,4750,validation,Lee2019_MI,1.1783169581217223,4,23
m_film,1750,4750,validation,pooled,1.1783169581217223,4,23
m_film,2000,5000,train,Lee2019_MI,0.0352462301371202,4,23
m_film,2000,5000,train,pooled,0.0352462301371202,4,23
m_film,2000,5000,validation,Lee2019_MI,1.480569603443005,4,23
m_film,2000,5000,validation,pooled,1.480569603443005,4,23
m_lora,0,3000,train,Lee2019_MI,0.0495308941772147,4,23
m_lora,0,3000,train,pooled,0.0495308941772147,4,23
m_lora,0,3000,validation,Lee2019_MI,1.5122693463787438,4,23
m_lora,0,3000,validation,pooled,1.5122693463787438,4,23
m_lora,250,3250,train,Lee2019_MI,0.043927327563114,4,23
m_lora,250,3250,train,pooled,0.043927327563114,4,23
m_lora,250,3250,validation,Lee2019_MI,1.4369919775915332,4,23
m_lora,250,3250,validation,pooled,1.4369919775915332,4,23
m_lora,500,3500,train,Lee2019_MI,0.0350935481210542,4,23
m_lora,500,3500,train,pooled,0.0350935481210542,4,23
m_lora,500,3500,validation,Lee2019_MI,1.4446742984322918,4,23
m_lora,500,3500,validation,pooled,1.4446742984322918,4,23
m_lora,750,3750,train,Lee2019_MI,0.0371829823301379,4,23
m_lora,750,3750,train,pooled,0.0371829823301379,4,23
m_lora,750,3750,validation,Lee2019_MI,1.5433127732493448,4,23
m_lora,750,3750,validation,pooled,1.5433127732493448,4,23
m_lora,1000,4000,train,Lee2019_MI,0.053280022008285,4,23
m_lora,1000,4000,train,pooled,0.053280022008285,4,23
m_lora,1000,4000,validation,Lee2019_MI,1.65809244131844,4,23
m_lora,1000,4000,validation,pooled,1.65809244131844,4,23
m_lora,1250,4250,train,Lee2019_MI,0.0334214110106515,4,23
m_lora,1250,4250,train,pooled,0.0334214110106515,4,23
m_lora,1250,4250,validation,Lee2019_MI,2.032308457752224,4,23
m_lora,1250,4250,validation,pooled,2.032308457752224,4,23
m_lora,1500,4500,train,Lee2019_MI,0.0333821932924146,4,23
m_lora,1500,4500,train,pooled,0.0333821932924146,4,23
m_lora,1500,4500,validation,Lee2019_MI,2.1768693335191345,4,23
m_lora,1500,4500,validation,pooled,2.1768693335191345,4,23
m_lora,1750,4750,train,Lee2019_MI,0.032719989404919,4,23
m_lora,1750,4750,train,pooled,0.032719989404919,4,23
m_lora,1750,4750,validation,Lee2019_MI,2.204042443931103,4,23
m_lora,1750,4750,validation,pooled,2.204042443931103,4,23
m_lora,2000,5000,train,Lee2019_MI,0.0346429582275339,4,23
m_lora,2000,5000,train,pooled,0.0346429582275339,4,23
m_lora,2000,5000,validation,Lee2019_MI,2.3623027739493407,4,23
m_lora,2000,5000,validation,pooled,2.3623027739493407,4,23
m_lora,2250,5250,train,Lee2019_MI,0.0276531948451396,4,23
m_lora,2250,5250,train,pooled,0.0276531948451396,4,23
m_lora,2250,5250,validation,Lee2019_MI,1.8978159425260677,4,23
m_lora,2250,5250,validation,pooled,1.8978159425260677,4,23
m_film,0,3000,train,Lee2019_MI,0.0671241992760879,4,37
m_film,0,3000,train,pooled,0.0671241992760879,4,37
m_film,0,3000,validation,Lee2019_MI,1.2909942200221125,4,37
m_film,0,3000,validation,pooled,1.2909942200221125,4,37
m_film,250,3250,train,Lee2019_MI,0.0392295222778379,4,37
m_film,250,3250,train,pooled,0.0392295222778379,4,37
m_film,250,3250,validation,Lee2019_MI,1.801472339425236,4,37
m_film,250,3250,validation,pooled,1.801472339425236,4,37
m_film,500,3500,train,Lee2019_MI,0.0720007154163686,4,37
m_film,500,3500,train,pooled,0.0720007154163686,4,37
m_film,500,3500,validation,Lee2019_MI,1.608719697371125,4,37
m_film,500,3500,validation,pooled,1.608719697371125,4,37
m_film,750,3750,train,Lee2019_MI,0.0372479507411309,4,37
m_film,750,3750,train,pooled,0.0372479507411309,4,37
m_film,750,3750,validation,Lee2019_MI,1.5974967283010484,4,37
m_film,750,3750,validation,pooled,1.5974967283010484,4,37
m_film,1000,4000,train,Lee2019_MI,0.0444887026179377,4,37
m_film,1000,4000,train,pooled,0.0444887026179377,4,37
m_film,1000,4000,validation,Lee2019_MI,1.6397661569714546,4,37
m_film,1000,4000,validation,pooled,1.6397661569714546,4,37
m_film,1250,4250,train,Lee2019_MI,0.04965665157399,4,37
m_film,1250,4250,train,pooled,0.04965665157399,4,37
m_film,1250,4250,validation,Lee2019_MI,1.7775373250246047,4,37
m_film,1250,4250,validation,pooled,1.7775373250246047,4,37
m_film,1500,4500,train,Lee2019_MI,0.0838308367910133,4,37
m_film,1500,4500,train,pooled,0.0838308367910133,4,37
m_film,1500,4500,validation,Lee2019_MI,1.992119071288616,4,37
m_film,1500,4500,validation,pooled,1.992119071288616,4,37
m_film,1750,4750,train,Lee2019_MI,0.03566239024019,4,37
m_film,1750,4750,train,pooled,0.03566239024019,4,37
m_film,1750,4750,validation,Lee2019_MI,2.0496609370829537,4,37
m_film,1750,4750,validation,pooled,2.0496609370829537,4,37
m_film,2000,5000,train,Lee2019_MI,0.0291663950277092,4,37
m_film,2000,5000,train,pooled,0.0291663950277092,4,37
m_film,2000,5000,validation,Lee2019_MI,1.721442505773739,4,37
m_film,2000,5000,validation,pooled,1.721442505773739,4,37
m_lora,0,3000,train,Lee2019_MI,0.4421540160439617,4,37
m_lora,0,3000,train,pooled,0.4421540160439617,4,37
m_lora,0,3000,validation,Lee2019_MI,1.2601646810770035,4,37
m_lora,0,3000,validation,pooled,1.2601646810770035,4,37
m_lora,250,3250,train,Lee2019_MI,0.1750640507172938,4,37
m_lora,250,3250,train,pooled,0.1750640507172938,4,37
m_lora,250,3250,validation,Lee2019_MI,0.9987279956042768,4,37
m_lora,250,3250,validation,pooled,0.9987279956042768,4,37
m_lora,500,3500,train,Lee2019_MI,0.0979169451251036,4,37
m_lora,500,3500,train,pooled,0.0979169451251036,4,37
m_lora,500,3500,validation,Lee2019_MI,0.9984964254125952,4,37
m_lora,500,3500,validation,pooled,0.9984964254125952,4,37
m_lora,750,3750,train,Lee2019_MI,0.0937054661334368,4,37
m_lora,750,3750,train,pooled,0.0937054661334368,4,37
m_lora,750,3750,validation,Lee2019_MI,0.9534154177084566,4,37
m_lora,750,3750,validation,pooled,0.9534154177084566,4,37
m_lora,1000,4000,train,Lee2019_MI,0.0857614147366116,4,37
m_lora,1000,4000,train,pooled,0.0857614147366116,4,37
m_lora,1000,4000,validation,Lee2019_MI,1.0896020977944136,4,37
m_lora,1000,4000,validation,pooled,1.0896020977944136,4,37
m_lora,1250,4250,train,Lee2019_MI,0.097191620110028,4,37
m_lora,1250,4250,train,pooled,0.097191620110028,4,37
m_lora,1250,4250,validation,Lee2019_MI,1.312545690834522,4,37
m_lora,1250,4250,validation,pooled,1.312545690834522,4,37
m_lora,1500,4500,train,Lee2019_MI,0.0697613720148202,4,37
m_lora,1500,4500,train,pooled,0.0697613720148202,4,37
m_lora,1500,4500,validation,Lee2019_MI,1.361808861252648,4,37
m_lora,1500,4500,validation,pooled,1.361808861252648,4,37
m_lora,1750,4750,train,Lee2019_MI,0.0728067195823112,4,37
m_lora,1750,4750,train,pooled,0.0728067195823112,4,37
m_lora,1750,4750,validation,Lee2019_MI,1.1769564567343331,4,37
m_lora,1750,4750,validation,pooled,1.1769564567343331,4,37
m_lora,2000,5000,train,Lee2019_MI,0.0599051452729004,4,37
m_lora,2000,5000,train,pooled,0.0599051452729004,4,37
m_lora,2000,5000,validation,Lee2019_MI,1.3468866285421974,4,37
m_lora,2000,5000,validation,pooled,1.3468866285421974,4,37
m_lora,2250,5250,train,Lee2019_MI,0.0632462101718168,4,37
m_lora,2250,5250,train,pooled,0.0632462101718168,4,37
m_lora,2250,5250,validation,Lee2019_MI,1.253762384533493,4,37
m_lora,2250,5250,validation,pooled,1.253762384533493,4,37
m_lora,2500,5500,train,Lee2019_MI,0.0801053795927698,4,37
m_lora,2500,5500,train,pooled,0.0801053795927698,4,37
m_lora,2500,5500,validation,Lee2019_MI,1.4780283422442153,4,37
m_lora,2500,5500,validation,pooled,1.4780283422442153,4,37
m_lora,2750,5750,train,Lee2019_MI,0.0498237931924261,4,37
m_lora,2750,5750,train,pooled,0.0498237931924261,4,37
m_lora,2750,5750,validation,Lee2019_MI,2.019934024810791,4,37
m_lora,2750,5750,validation,pooled,2.019934024810791,4,37
m_film,0,3000,train,Lee2019_MI,0.2389133326704614,4,53
m_film,0,3000,train,pooled,0.2389133326704614,4,53
m_film,0,3000,validation,Lee2019_MI,0.6826325866952538,4,53
m_film,0,3000,validation,pooled,0.6826325866952538,4,53
m_film,250,3250,train,Lee2019_MI,0.1799572748586852,4,53
m_film,250,3250,train,pooled,0.1799572748586852,4,53
m_film,250,3250,validation,Lee2019_MI,0.6711876760772431,4,53
m_film,250,3250,validation,pooled,0.6711876760772431,4,53
m_film,500,3500,train,Lee2019_MI,0.1860263141395408,4,53
m_film,500,3500,train,pooled,0.1860263141395408,4,53
m_film,500,3500,validation,Lee2019_MI,0.8427817708253861,4,53
m_film,500,3500,validation,pooled,0.8427817708253861,4,53
m_film,750,3750,train,Lee2019_MI,0.1067871201419765,4,53
m_film,750,3750,train,pooled,0.1067871201419765,4,53
m_film,750,3750,validation,Lee2019_MI,0.8640353852231055,4,53
m_film,750,3750,validation,pooled,0.8640353852231055,4,53
m_film,1000,4000,train,Lee2019_MI,0.1296599455850942,4,53
m_film,1000,4000,train,pooled,0.1296599455850942,4,53
m_film,1000,4000,validation,Lee2019_MI,1.071689315401018,4,53
m_film,1000,4000,validation,pooled,1.071689315401018,4,53
m_film,1250,4250,train,Lee2019_MI,0.0638212812999692,4,53
m_film,1250,4250,train,pooled,0.0638212812999692,4,53
m_film,1250,4250,validation,Lee2019_MI,1.0955290748242987,4,53
m_film,1250,4250,validation,pooled,1.0955290748242987,4,53
m_film,1500,4500,train,Lee2019_MI,0.0772155843611216,4,53
m_film,1500,4500,train,pooled,0.0772155843611216,4,53
m_film,1500,4500,validation,Lee2019_MI,1.1463630594685674,4,53
m_film,1500,4500,validation,pooled,1.1463630594685674,4,53
m_film,1750,4750,train,Lee2019_MI,0.0673441726991651,4,53
m_film,1750,4750,train,pooled,0.0673441726991651,4,53
m_film,1750,4750,validation,Lee2019_MI,1.186818145002326,4,53
m_film,1750,4750,validation,pooled,1.186818145002326,4,53
m_film,2000,5000,train,Lee2019_MI,0.0438259556481025,4,53
m_film,2000,5000,train,pooled,0.0438259556481025,4,53
m_film,2000,5000,validation,Lee2019_MI,1.4690653381409358,4,53
m_film,2000,5000,validation,pooled,1.4690653381409358,4,53
m_film,2250,5250,train,Lee2019_MI,0.0255577709842758,4,53
m_film,2250,5250,train,pooled,0.0255577709842758,4,53
m_film,2250,5250,validation,Lee2019_MI,1.5875887439637884,4,53
m_film,2250,5250,validation,pooled,1.5875887439637884,4,53
m_lora,0,3000,train,Lee2019_MI,0.0349073522438457,4,53
m_lora,0,3000,train,pooled,0.0349073522438457,4,53
m_lora,0,3000,validation,Lee2019_MI,1.3307651095464823,4,53
m_lora,0,3000,validation,pooled,1.3307651095464823,4,53
m_lora,250,3250,train,Lee2019_MI,0.045094684104385,4,53
m_lora,250,3250,train,pooled,0.045094684104385,4,53
m_lora,250,3250,validation,Lee2019_MI,1.4480273480061443,4,53
m_lora,250,3250,validation,pooled,1.4480273480061443,4,53
m_lora,500,3500,train,Lee2019_MI,0.0411386830867836,4,53
m_lora,500,3500,train,pooled,0.0411386830867836,4,53
m_lora,500,3500,validation,Lee2019_MI,1.7041642755270006,4,53
m_lora,500,3500,validation,pooled,1.7041642755270006,4,53
m_lora,750,3750,train,Lee2019_MI,0.0376407674207465,4,53
m_lora,750,3750,train,pooled,0.0376407674207465,4,53
m_lora,750,3750,validation,Lee2019_MI,1.7919984376430511,4,53
m_lora,750,3750,validation,pooled,1.7919984376430511,4,53
m_lora,1000,4000,train,Lee2019_MI,0.0293783597960981,4,53
m_lora,1000,4000,train,pooled,0.0293783597960981,4,53
m_lora,1000,4000,validation,Lee2019_MI,2.049951017294079,4,53
m_lora,1000,4000,validation,pooled,2.049951017294079,4,53
m_lora,1250,4250,train,Lee2019_MI,0.0192316273794541,4,53
m_lora,1250,4250,train,pooled,0.0192316273794541,4,53
m_lora,1250,4250,validation,Lee2019_MI,1.913640544861555,4,53
m_lora,1250,4250,validation,pooled,1.913640544861555,4,53
m_lora,1500,4500,train,Lee2019_MI,0.0263216742951146,4,53
m_lora,1500,4500,train,pooled,0.0263216742951146,4,53
m_lora,1500,4500,validation,Lee2019_MI,1.7116091812402012,4,53
m_lora,1500,4500,validation,pooled,1.7116091812402012,4,53
m_lora,1750,4750,train,Lee2019_MI,0.0164271389163159,4,53
m_lora,1750,4750,train,pooled,0.0164271389163159,4,53
m_lora,1750,4750,validation,Lee2019_MI,2.0679441551864146,4,53
m_lora,1750,4750,validation,pooled,2.0679441551864146,4,53
m_lora,2000,5000,train,Lee2019_MI,0.024254694155705,4,53
m_lora,2000,5000,train,pooled,0.024254694155705,4,53
m_lora,2000,5000,validation,Lee2019_MI,1.9189769095182416,4,53
m_lora,2000,5000,validation,pooled,1.9189769095182416,4,53
m_film,0,3000,train,Lee2019_MI,0.0150425665159196,4,71
m_film,0,3000,train,pooled,0.0150425665159196,4,71
m_film,0,3000,validation,Lee2019_MI,1.4405375397764146,4,71
m_film,0,3000,validation,pooled,1.4405375397764146,4,71
m_film,250,3250,train,Lee2019_MI,0.0042965140528461,4,71
m_film,250,3250,train,pooled,0.0042965140528461,4,71
m_film,250,3250,validation,Lee2019_MI,1.4731808642670514,4,71
m_film,250,3250,validation,pooled,1.4731808642670514,4,71
m_film,500,3500,train,Lee2019_MI,0.0348888052814943,4,71
m_film,500,3500,train,pooled,0.0348888052814943,4,71
m_film,500,3500,validation,Lee2019_MI,1.6446776737645266,4,71
m_film,500,3500,validation,pooled,1.6446776737645266,4,71
m_film,750,3750,train,Lee2019_MI,0.0130725400260695,4,71
m_film,750,3750,train,pooled,0.0130725400260695,4,71
m_film,750,3750,validation,Lee2019_MI,1.7884717368602283,4,71
m_film,750,3750,validation,pooled,1.7884717368602283,4,71
m_film,1000,4000,train,Lee2019_MI,0.0035022622606435,4,71
m_film,1000,4000,train,pooled,0.0035022622606435,4,71
m_film,1000,4000,validation,Lee2019_MI,1.852818313576281,4,71
m_film,1000,4000,validation,pooled,1.852818313576281,4,71
m_film,1250,4250,train,Lee2019_MI,0.0091867456878768,4,71
m_film,1250,4250,train,pooled,0.0091867456878768,4,71
m_film,1250,4250,validation,Lee2019_MI,1.7792189961671832,4,71
m_film,1250,4250,validation,pooled,1.7792189961671832,4,71
m_film,1500,4500,train,Lee2019_MI,0.0018744450273087,4,71
m_film,1500,4500,train,pooled,0.0018744450273087,4,71
m_film,1500,4500,validation,Lee2019_MI,1.7129535010713153,4,71
m_film,1500,4500,validation,pooled,1.7129535010713153,4,71
m_film,1750,4750,train,Lee2019_MI,0.0082032545367399,4,71
m_film,1750,4750,train,pooled,0.0082032545367399,4,71
m_film,1750,4750,validation,Lee2019_MI,1.737920019775629,4,71
m_film,1750,4750,validation,pooled,1.737920019775629,4,71
m_film,2000,5000,train,Lee2019_MI,0.0046020828465281,4,71
m_film,2000,5000,train,pooled,0.0046020828465281,4,71
m_film,2000,5000,validation,Lee2019_MI,1.8696641898155213,4,71
m_film,2000,5000,validation,pooled,1.8696641898155213,4,71
m_lora,0,3000,train,Lee2019_MI,0.0300876246717577,4,71
m_lora,0,3000,train,pooled,0.0300876246717577,4,71
m_lora,0,3000,validation,Lee2019_MI,1.558117304983607,4,71
m_lora,0,3000,validation,pooled,1.558117304983607,4,71
m_lora,250,3250,train,Lee2019_MI,0.0450693441701331,4,71
m_lora,250,3250,train,pooled,0.0450693441701331,4,71
m_lora,250,3250,validation,Lee2019_MI,2.069594582915306,4,71
m_lora,250,3250,validation,pooled,2.069594582915306,4,71
m_lora,500,3500,train,Lee2019_MI,0.0676281232355313,4,71
m_lora,500,3500,train,pooled,0.0676281232355313,4,71
m_lora,500,3500,validation,Lee2019_MI,1.991669856198132,4,71
m_lora,500,3500,validation,pooled,1.991669856198132,4,71
m_lora,750,3750,train,Lee2019_MI,0.0355736951049478,4,71
m_lora,750,3750,train,pooled,0.0355736951049478,4,71
m_lora,750,3750,validation,Lee2019_MI,2.153668569326401,4,71
m_lora,750,3750,validation,pooled,2.153668569326401,4,71
m_lora,1000,4000,train,Lee2019_MI,0.0446558457644318,4,71
m_lora,1000,4000,train,pooled,0.0446558457644318,4,71
m_lora,1000,4000,validation,Lee2019_MI,1.9642288866639137,4,71
m_lora,1000,4000,validation,pooled,1.9642288866639137,4,71
m_lora,1250,4250,train,Lee2019_MI,0.036578989992317,4,71
m_lora,1250,4250,train,pooled,0.036578989992317,4,71
m_lora,1250,4250,validation,Lee2019_MI,2.231792035085382,4,71
m_lora,1250,4250,validation,pooled,2.231792035085382,4,71
m_lora,1500,4500,train,Lee2019_MI,0.0134718516558764,4,71
m_lora,1500,4500,train,pooled,0.0134718516558764,4,71
m_lora,1500,4500,validation,Lee2019_MI,1.9650298220384863,4,71
m_lora,1500,4500,validation,pooled,1.9650298220384863,4,71
m_lora,1750,4750,train,Lee2019_MI,0.0199520902738014,4,71
m_lora,1750,4750,train,pooled,0.0199520902738014,4,71
m_lora,1750,4750,validation,Lee2019_MI,2.594582337375032,4,71
m_lora,1750,4750,validation,pooled,2.594582337375032,4,71
m_lora,2000,5000,train,Lee2019_MI,0.0361238842916411,4,71
m_lora,2000,5000,train,pooled,0.0361238842916411,4,71
m_lora,2000,5000,validation,Lee2019_MI,2.4557897463999687,4,71
m_lora,2000,5000,validation,pooled,2.4557897463999687,4,71
