method,additional_step,total_step,role,dataset,subject_mean_ce,fold,seed
m_film,0,3000,train,Cho2017,0.870073447353731,0,11
m_film,0,3000,train,Dreyer2023,0.3970789721996785,0,11
m_film,0,3000,train,PhysionetMI,0.1200539950552668,0,11
m_film,0,3000,train,pooled,0.3793330980695807,0,11
m_film,0,3000,validation,Cho2017,0.7185910760471597,0,11
m_film,0,3000,validation,Dreyer2023,0.5259159902731578,0,11
m_film,0,3000,validation,PhysionetMI,0.725665421589561,0,11
m_film,0,3000,validation,pooled,0.6575102010302263,0,11
m_film,250,3250,train,Cho2017,0.5928120003706273,0,11
m_film,250,3250,train,Dreyer2023,0.3887587306490577,0,11
m_film,250,3250,train,PhysionetMI,0.0833197040855325,0,11
m_film,250,3250,train,pooled,0.2996905828028874,0,11
m_film,250,3250,validation,Cho2017,0.5383208328892943,0,11
m_film,250,3250,validation,Dreyer2023,0.5763460265265571,0,11
m_film,250,3250,validation,PhysionetMI,0.8278800780358522,0,11
m_film,250,3250,validation,pooled,0.6796888952779631,0,11
m_film,500,3500,train,Cho2017,0.6747645397869938,0,11
m_film,500,3500,train,Dreyer2023,0.408149942875409,0,11
m_film,500,3500,train,PhysionetMI,0.0637490951261754,0,11
m_film,500,3500,train,pooled,0.3157184479185175,0,11
m_film,500,3500,validation,Cho2017,0.5486564987665041,0,11
m_film,500,3500,validation,Dreyer2023,0.6120647622479333,0,11
m_film,500,3500,validation,PhysionetMI,1.0708179305429044,0,11
m_film,500,3500,validation,pooled,0.8018643340498252,0,11
m_film,750,3750,train,Cho2017,0.6134517403171285,0,11
m_film,750,3750,train,Dreyer2023,0.3838444471668586,0,11
m_film,750,3750,train,PhysionetMI,0.0425346248450356,0,11
m_film,750,3750,train,pooled,0.2846642282008532,0,11
m_film,750,3750,validation,Cho2017,0.5296994680992794,0,11
m_film,750,3750,validation,Dreyer2023,0.5276900735166338,0,11
m_film,750,3750,validation,PhysionetMI,0.8063567928645922,0,11
m_film,750,3750,validation,pooled,0.6519884809118699,0,11
m_film,1000,4000,train,Cho2017,0.6126333542189771,0,11
m_film,1000,4000,train,Dreyer2023,0.3591994289278056,0,11
m_film,1000,4000,train,PhysionetMI,0.0468356856603808,0,11
m_film,1000,4000,train,pooled,0.2779103060519707,0,11
m_film,1000,4000,validation,Cho2017,0.5414064495370804,0,11
m_film,1000,4000,validation,Dreyer2023,0.53855020403862,0,11
m_film,1000,4000,validation,PhysionetMI,0.9805465288784192,0,11
m_film,1000,4000,validation,pooled,0.7356277363004109,0,11
m_film,1250,4250,train,Cho2017,0.6253003105352334,0,11
m_film,1250,4250,train,Dreyer2023,0.3551003871111843,0,11
m_film,1250,4250,train,PhysionetMI,0.0481207139362502,0,11
m_film,1250,4250,train,pooled,0.2798394483641115,0,11
m_film,1250,4250,validation,Cho2017,0.5530722962574555,0,11
m_film,1250,4250,validation,Dreyer2023,0.586699132124583,0,11
m_film,1250,4250,validation,PhysionetMI,1.0570718059721202,0,11
m_film,1250,4250,validation,pooled,0.7882810236419044,0,11
m_film,1500,4500,train,Cho2017,0.5963488296674275,0,11
m_film,1500,4500,train,Dreyer2023,0.3497402722171382,0,11
m_film,1500,4500,train,PhysionetMI,0.0348314845168065,0,11
m_film,1500,4500,train,pooled,0.2658424398848077,0,11
m_film,1500,4500,validation,Cho2017,0.5265923460762361,0,11
m_film,1500,4500,validation,Dreyer2023,0.6000709356533156,0,11
m_film,1500,4500,validation,PhysionetMI,1.143255430719127,0,11
m_film,1500,4500,validation,pooled,0.8251576913321029,0,11
m_film,1750,4750,train,Cho2017,0.8108241587474002,0,11
m_film,1750,4750,train,Dreyer2023,0.3754660374274828,0,11
m_film,1750,4750,train,PhysionetMI,0.0266718907590929,0,11
m_film,1750,4750,train,pooled,0.3180546979918384,0,11
m_film,1750,4750,validation,Cho2017,0.8408998941380604,0,11
m_film,1750,4750,validation,Dreyer2023,0.6854035400682026,0,11
m_film,1750,4750,validation,PhysionetMI,1.2274350809014365,0,11
m_film,1750,4750,validation,pooled,0.9608611924540528,0,11
m_film,2000,5000,train,Cho2017,0.6402821614327582,0,11
m_film,2000,5000,train,Dreyer2023,0.3304375176782451,0,11
m_film,2000,5000,train,PhysionetMI,0.0175248711627102,0,11
m_film,2000,5000,train,pooled,0.261258322274502,0,11
m_film,2000,5000,validation,Cho2017,0.5454202282836195,0,11
m_film,2000,5000,validation,Dreyer2023,0.6194187859694164,0,11
m_film,2000,5000,validation,PhysionetMI,1.0037992544796157,0,11
m_film,2000,5000,validation,pooled,0.7738104258215501,0,11
m_film,2250,5250,train,Cho2017,0.6177109412630568,0,11
m_film,2250,5250,train,Dreyer2023,0.4336336175286924,0,11
m_film,2250,5250,train,PhysionetMI,0.0149709169225443,0,11
m_film,2250,5250,train,pooled,0.29061480766666,0,11
m_film,2250,5250,validation,Cho2017,0.538485320741529,0,11
m_film,2250,5250,validation,Dreyer2023,0.7235948006312053,0,11
m_film,2250,5250,validation,PhysionetMI,1.083956112032351,0,11
m_film,2250,5250,validation,pooled,0.8426199435006754,0,11
m_film,2500,5500,train,Cho2017,0.6341557827047142,0,11
m_film,2500,5500,train,Dreyer2023,0.3408487123187138,0,11
m_film,2500,5500,train,PhysionetMI,0.0098150867246664,0,11
m_film,2500,5500,train,pooled,0.2601142348650008,0,11
m_film,2500,5500,validation,Cho2017,0.5546954501445361,0,11
m_film,2500,5500,validation,Dreyer2023,0.6161736362510256,0,11
m_film,2500,5500,validation,PhysionetMI,1.155467751233474,0,11
m_film,2500,5500,validation,pooled,0.842198090441783,0,11
m_film,2750,5750,train,Cho2017,0.5763514875568145,0,11
m_film,2750,5750,train,Dreyer2023,0.3401798760790483,0,11
m_film,2750,5750,train,PhysionetMI,0.0150557607154205,0,11
m_film,2750,5750,train,pooled,0.249524048196024,0,11
m_film,2750,5750,validation,Cho2017,0.5281122229606262,0,11
m_film,2750,5750,validation,Dreyer2023,0.6902310205830468,0,11
m_film,2750,5750,validation,PhysionetMI,1.2290303059246228,0,11
m_film,2750,5750,validation,pooled,0.8936709701520983,0,11
m_lora,0,3000,train,Cho2017,0.6574941060541466,0,11
m_lora,0,3000,train,Dreyer2023,0.2894535269366198,0,11
m_lora,0,3000,train,PhysionetMI,0.0074184511593289,0,11
m_lora,0,3000,train,pooled,0.2465358098941877,0,11
m_lora,0,3000,validation,Cho2017,0.5998339544655755,0,11
m_lora,0,3000,validation,Dreyer2023,0.463898429274559,0,11
m_lora,0,3000,validation,PhysionetMI,0.9964272062415662,0,11
m_lora,0,3000,validation,pooled,0.7307857801912326,0,11
m_lora,250,3250,train,Cho2017,0.8289337532252403,0,11
m_lora,250,3250,train,Dreyer2023,0.2394525301333613,0,11
m_lora,250,3250,train,PhysionetMI,0.0153306826210172,0,11
m_lora,250,3250,train,pooled,0.2703743558048765,0,11
m_lora,250,3250,validation,Cho2017,0.7671138331169597,0,11
m_lora,250,3250,validation,Dreyer2023,0.5415021187729305,0,11
m_lora,250,3250,validation,PhysionetMI,1.3423506180229392,0,11
m_lora,250,3250,validation,pooled,0.947570721627163,0,11
m_lora,500,3500,train,Cho2017,0.5819921280722488,0,11
m_lora,500,3500,train,Dreyer2023,0.2885799473335741,0,11
m_lora,500,3500,train,PhysionetMI,0.0122401851740687,0,11
m_lora,500,3500,train,pooled,0.2318172744787076,0,11
m_lora,500,3500,validation,Cho2017,0.5150700319747558,0,11
m_lora,500,3500,validation,Dreyer2023,0.6608153839906057,0,11
m_lora,500,3500,validation,PhysionetMI,1.482974570730458,0,11
m_lora,500,3500,validation,pooled,0.9938316109825736,0,11
m_lora,750,3750,train,Cho2017,0.6840053764200593,0,11
m_lora,750,3750,train,Dreyer2023,0.2166427376501115,0,11
m_lora,750,3750,train,PhysionetMI,0.0116972776419164,0,11
m_lora,750,3750,train,pooled,0.2292253032943815,0,11
m_lora,750,3750,validation,Cho2017,0.5811020577141289,0,11
m_lora,750,3750,validation,Dreyer2023,0.4803518679406908,0,11
m_lora,750,3750,validation,PhysionetMI,1.2303160210722126,0,11
m_lora,750,3750,validation,pooled,0.8360582003932423,0,11
m_lora,1000,4000,train,Cho2017,0.6339558082944797,0,11
m_lora,1000,4000,train,Dreyer2023,0.224220806652455,0,11
m_lora,1000,4000,train,PhysionetMI,0.0101412902186918,0,11
m_lora,1000,4000,train,pooled,0.2201871430113688,0,11
m_lora,1000,4000,validation,Cho2017,0.6770833335319913,0,11
m_lora,1000,4000,validation,Dreyer2023,0.5486254360940721,0,11
m_lora,1000,4000,validation,PhysionetMI,1.2952316327497575,0,11
m_lora,1000,4000,validation,pooled,0.9089966118161368,0,11
m_lora,1250,4250,train,Cho2017,0.601430839044325,0,11
m_lora,1250,4250,train,Dreyer2023,0.208482482046931,0,11
m_lora,1250,4250,train,PhysionetMI,0.0087552114444234,0,11
m_lora,1250,4250,train,pooled,0.2070580511849074,0,11
m_lora,1250,4250,validation,Cho2017,0.5283710251876619,0,11
m_lora,1250,4250,validation,Dreyer2023,0.6048500731587411,0,11
m_lora,1250,4250,validation,PhysionetMI,1.4090012075156784,0,11
m_lora,1250,4250,validation,pooled,0.9452552333238066,0,11
m_lora,1500,4500,train,Cho2017,0.5386364231600703,0,11
m_lora,1500,4500,train,Dreyer2023,0.1980906757475067,0,11
m_lora,1500,4500,train,PhysionetMI,0.0099448077828067,0,11
m_lora,1500,4500,train,pooled,0.190264630924294,0,11
m_lora,1500,4500,validation,Cho2017,0.5270398241243675,0,11
m_lora,1500,4500,validation,Dreyer2023,0.5229117320643532,0,11
m_lora,1500,4500,validation,PhysionetMI,1.4190474948260563,0,11
m_lora,1500,4500,validation,pooled,0.9221116470828908,0,11
m_lora,1750,4750,train,Cho2017,0.6280087265685652,0,11
m_lora,1750,4750,train,Dreyer2023,0.2161323974676514,0,11
m_lora,1750,4750,train,PhysionetMI,0.0087728050229187,0,11
m_lora,1750,4750,train,pooled,0.2155099970879093,0,11
m_lora,1750,4750,validation,Cho2017,0.5724622114364137,0,11
m_lora,1750,4750,validation,Dreyer2023,0.7527932246526082,0,11
m_lora,1750,4750,validation,PhysionetMI,1.915978642252452,0,11
m_lora,1750,4750,validation,pooled,1.229690962871162,0,11
m_lora,2000,5000,train,Cho2017,0.526736715711271,0,11
m_lora,2000,5000,train,Dreyer2023,0.2077930357725656,0,11
m_lora,2000,5000,train,PhysionetMI,0.0138905588706473,0,11
m_lora,2000,5000,train,pooled,0.1927168988908504,0,11
m_lora,2000,5000,validation,Cho2017,0.5615368251339078,0,11
m_lora,2000,5000,validation,Dreyer2023,0.6443349758783975,0,11
m_lora,2000,5000,validation,PhysionetMI,1.83597627082212,0,11
m_lora,2000,5000,validation,pooled,1.1555537401323877,0,11
m_film,0,3000,train,Cho2017,0.8850942269820083,0,23
m_film,0,3000,train,Dreyer2023,0.4342873105671504,0,23
m_film,0,3000,train,PhysionetMI,0.1720837722210823,0,23
m_film,0,3000,train,pooled,0.418173666009403,0,23
m_film,0,3000,validation,Cho2017,0.675686700567603,0,23
m_film,0,3000,validation,Dreyer2023,0.5446447286340925,0,23
m_film,0,3000,validation,PhysionetMI,0.5766292933536612,0,23
m_film,0,3000,validation,pooled,0.5879805289391254,0,23
m_film,250,3250,train,Cho2017,0.6303594873126531,0,23
m_film,250,3250,train,Dreyer2023,0.4190159532764584,0,23
m_film,250,3250,train,PhysionetMI,0.1765973895161717,0,23
m_film,250,3250,train,pooled,0.3591386576615353,0,23
m_film,250,3250,validation,Cho2017,0.5294931268069194,0,23
m_film,250,3250,validation,Dreyer2023,0.5159997006257374,0,23
m_film,250,3250,validation,PhysionetMI,0.6600629635479139,0,23
m_film,250,3250,validation,pooled,0.5830263566314119,0,23
m_film,500,3500,train,Cho2017,0.6329001084120361,0,23
m_film,500,3500,train,Dreyer2023,0.4108446355277891,0,23
m_film,500,3500,train,PhysionetMI,0.1476346634317178,0,23
m_film,500,3500,train,pooled,0.3442086270165931,0,23
m_film,500,3500,validation,Cho2017,0.5500340926108765,0,23
m_film,500,3500,validation,Dreyer2023,0.5320596317450205,0,23
m_film,500,3500,validation,PhysionetMI,0.7570802174184633,0,23
m_film,500,3500,validation,pooled,0.6360631055700743,0,23
m_film,750,3750,train,Cho2017,0.6392228567842217,0,23
m_film,750,3750,train,Dreyer2023,0.4940078962862261,0,23
m_film,750,3750,train,PhysionetMI,0.102403856683858,0,23
m_film,750,3750,train,pooled,0.3543289294687741,0,23
m_film,750,3750,validation,Cho2017,0.5407233984791674,0,23
m_film,750,3750,validation,Dreyer2023,0.6578553517659506,0,23
m_film,750,3750,validation,PhysionetMI,0.8374705962512805,0,23
m_film,750,3750,validation,pooled,0.7116550263623675,0,23
m_film,1000,4000,train,Cho2017,0.6754560760677208,0,23
m_film,1000,4000,train,Dreyer2023,0.4386473838102037,0,23
m_film,1000,4000,train,PhysionetMI,0.0782839720917714,0,23
m_film,1000,4000,train,pooled,0.3327008107117667,0,23
m_film,1000,4000,validation,Cho2017,0.5500322007968498,0,23
m_film,1000,4000,validation,Dreyer2023,0.5850591421127319,0,23
m_film,1000,4000,validation,PhysionetMI,0.808275940625564,0,23
m_film,1000,4000,validation,pooled,0.6764828433815724,0,23
m_film,1250,4250,train,Cho2017,0.618015997349788,0,23
m_film,1250,4250,train,Dreyer2023,0.479789099844414,0,23
m_film,1250,4250,train,PhysionetMI,0.0722290845315165,0,23
m_film,1250,4250,train,pooled,0.3315935618239667,0,23
m_film,1250,4250,validation,Cho2017,0.532616651331773,0,23
m_film,1250,4250,validation,Dreyer2023,0.7305047975646125,0,23
m_film,1250,4250,validation,PhysionetMI,1.0257360750566358,0,23
m_film,1250,4250,validation,pooled,0.8177435550648808,0,23
m_film,1500,4500,train,Cho2017,0.7198673117154506,0,23
m_film,1500,4500,train,Dreyer2023,0.3614029395830712,0,23
m_film,1500,4500,train,PhysionetMI,0.0534998895101914,0,23
m_film,1500,4500,train,pooled,0.3050618512014435,0,23
m_film,1500,4500,validation,Cho2017,0.5719422295130789,0,23
m_film,1500,4500,validation,Dreyer2023,0.5063166664706337,0,23
m_film,1500,4500,validation,PhysionetMI,1.039584976175557,0,23
m_film,1500,4500,validation,pooled,0.757908262571143,0,23
m_film,1750,4750,train,Cho2017,0.6045714390839593,0,23
m_film,1750,4750,train,Dreyer2023,0.3672911394758462,0,23
m_film,1750,4750,train,PhysionetMI,0.0360140917954865,0,23
m_film,1750,4750,train,pooled,0.2741838587489443,0,23
m_film,1750,4750,validation,Cho2017,0.5397668804624117,0,23
m_film,1750,4750,validation,Dreyer2023,0.5396314909060796,0,23
m_film,1750,4750,validation,PhysionetMI,1.058192232380743,0,23
m_film,1750,4750,validation,pooled,0.7701330181295591,0,23
m_film,2000,5000,train,Cho2017,0.6647491387062211,0,23
m_film,2000,5000,train,Dreyer2023,0.3852499453946313,0,23
m_film,2000,5000,train,PhysionetMI,0.0578544600199357,0,23
m_film,2000,5000,train,pooled,0.3030854734112073,0,23
m_film,2000,5000,validation,Cho2017,0.6063700422504916,0,23
m_film,2000,5000,validation,Dreyer2023,0.5313677767912547,0,23
m_film,2000,5000,validation,PhysionetMI,1.140291727107504,0,23
m_film,2000,5000,validation,pooled,0.8186678137005293,0,23
m_film,2250,5250,train,Cho2017,0.9776466206062232,0,23
m_film,2250,5250,train,Dreyer2023,0.3991622819408308,0,23
m_film,2250,5250,train,PhysionetMI,0.0274089054857917,0,23
m_film,2250,5250,train,pooled,0.3630331143251304,0,23
m_film,2250,5250,validation,Cho2017,0.9585655926074832,0,23
m_film,2250,5250,validation,Dreyer2023,0.6296819243166182,0,23
m_film,2250,5250,validation,PhysionetMI,1.2340395994808362,0,23
m_film,2250,5250,validation,pooled,0.9713705951209072,0,23
m_lora,0,3000,train,Cho2017,0.5530218183401401,0,23
m_lora,0,3000,train,Dreyer2023,0.2691277383719624,0,23
m_lora,0,3000,train,PhysionetMI,0.0210899030356869,0,23
m_lora,0,3000,train,pooled,0.222673780643786,0,23
m_lora,0,3000,validation,Cho2017,0.524073656335022,0,23
m_lora,0,3000,validation,Dreyer2023,0.663695576455858,0,23
m_lora,0,3000,validation,PhysionetMI,1.0618276528852142,0,23
m_lora,0,3000,validation,pooled,0.8096160726198306,0,23
m_lora,250,3250,train,Cho2017,0.6828586482721262,0,23
m_lora,250,3250,train,Dreyer2023,0.4906437616781274,0,23
m_lora,250,3250,train,PhysionetMI,0.0669600839832554,0,23
m_lora,250,3250,train,pooled,0.3472080140719584,0,23
m_lora,250,3250,validation,Cho2017,0.5467977756614618,0,23
m_lora,250,3250,validation,Dreyer2023,1.0323197020424737,0,23
m_lora,250,3250,validation,PhysionetMI,1.3272649982701177,0,23
m_lora,250,3250,validation,pooled,1.0555127389478682,0,23
m_lora,500,3500,train,Cho2017,0.5916462472020786,0,23
m_lora,500,3500,train,Dreyer2023,0.2423701008009749,0,23
m_lora,500,3500,train,PhysionetMI,0.0086900491856833,0,23
m_lora,500,3500,train,pooled,0.2165174001933373,0,23
m_lora,500,3500,validation,Cho2017,0.5905257510010745,0,23
m_lora,500,3500,validation,Dreyer2023,0.5788882798618741,0,23
m_lora,500,3500,validation,PhysionetMI,1.070093307806098,0,23
m_lora,500,3500,validation,pooled,0.7997877303124625,0,23
m_lora,750,3750,train,Cho2017,0.5779142236085637,0,23
m_lora,750,3750,train,Dreyer2023,0.2653558270586887,0,23
m_lora,750,3750,train,PhysionetMI,0.0112103193618002,0,23
m_lora,750,3750,train,pooled,0.2225031235248167,0,23
m_lora,750,3750,validation,Cho2017,0.5209926295036348,0,23
m_lora,750,3750,validation,Dreyer2023,0.7891498645146688,0,23
m_lora,750,3750,validation,PhysionetMI,1.4032883022142495,0,23
m_lora,750,3750,validation,pooled,1.002509784600919,0,23
m_lora,1000,4000,train,Cho2017,0.6057609029072671,0,23
m_lora,1000,4000,train,Dreyer2023,0.2720645984339854,0,23
m_lora,1000,4000,train,PhysionetMI,0.0226981194591573,0,23
m_lora,1000,4000,train,pooled,0.235932313353359,0,23
m_lora,1000,4000,validation,Cho2017,0.7426188594127597,0,23
m_lora,1000,4000,validation,Dreyer2023,0.7794188181559245,0,23
m_lora,1000,4000,validation,PhysionetMI,1.363795349576875,0,23
m_lora,1000,4000,validation,pooled,1.0309639524000882,0,23
m_lora,1250,4250,train,Cho2017,0.5253868892808771,0,23
m_lora,1250,4250,train,Dreyer2023,0.2247259129540003,0,23
m_lora,1250,4250,train,PhysionetMI,0.0163694358751863,0,23
m_lora,1250,4250,train,pooled,0.1993180834880962,0,23
m_lora,1250,4250,validation,Cho2017,0.5209817681356799,0,23
m_lora,1250,4250,validation,Dreyer2023,0.7891004959742229,0,23
m_lora,1250,4250,validation,PhysionetMI,1.3810703598934673,0,23
m_lora,1250,4250,validation,pooled,0.9926162737519886,0,23
m_lora,1500,4500,train,Cho2017,0.5683148156583617,0,23
m_lora,1500,4500,train,Dreyer2023,0.226172278310346,0,23
m_lora,1500,4500,train,PhysionetMI,0.0215249151763228,0,23
m_lora,1500,4500,train,pooled,0.2114703197893925,0,23
m_lora,1500,4500,validation,Cho2017,0.5392423674517705,0,23
m_lora,1500,4500,validation,Dreyer2023,0.7665780928399828,0,23
m_lora,1500,4500,validation,PhysionetMI,1.297882411790931,0,23
m_lora,1500,4500,validation,pooled,0.9521942956208014,0,23
m_lora,1750,4750,train,Cho2017,0.5498230190812922,0,23
m_lora,1750,4750,train,Dreyer2023,0.1896208905569647,0,23
m_lora,1750,4750,train,PhysionetMI,0.0034004356550197,0,23
m_lora,1750,4750,train,pooled,0.1869413940638061,0,23
m_lora,1750,4750,validation,Cho2017,0.5574088764985209,0,23
m_lora,1750,4750,validation,Dreyer2023,0.6933296190367805,0,23
m_lora,1750,4750,validation,PhysionetMI,1.3278601280408506,0,23
m_lora,1750,4750,validation,pooled,0.9451385691411984,0,23
m_lora,2000,5000,train,Cho2017,0.5643663702289278,0,23
m_lora,2000,5000,train,Dreyer2023,0.1970187091942085,0,23
m_lora,2000,5000,train,PhysionetMI,0.0055658656883264,0,23
m_lora,2000,5000,train,pooled,0.1936125141578141,0,23
m_lora,2000,5000,validation,Cho2017,0.625631902738387,0,23
m_lora,2000,5000,validation,Dreyer2023,0.7055184304714203,0,23
m_lora,2000,5000,validation,PhysionetMI,1.421246444563503,0,23
m_lora,2000,5000,validation,pooled,1.005867208349449,0,23
m_lora,2250,5250,train,Cho2017,0.5373218474175387,0,23
m_lora,2250,5250,train,Dreyer2023,0.2152910473008352,0,23
m_lora,2250,5250,train,PhysionetMI,0.0039809984565681,0,23
m_lora,2250,5250,train,pooled,0.1932685383649906,0,23
m_lora,2250,5250,validation,Cho2017,0.7106984688261445,0,23
m_lora,2250,5250,validation,Dreyer2023,0.6772057665718926,0,23
m_lora,2250,5250,validation,PhysionetMI,1.3645341597173526,0,23
m_lora,2250,5250,validation,pooled,0.9901278751374863,0,23
m_lora,2500,5500,train,Cho2017,0.517398982476116,0,23
m_lora,2500,5500,train,Dreyer2023,0.2049755456822059,0,23
m_lora,2500,5500,train,PhysionetMI,0.0062847145650129,0,23
m_lora,2500,5500,train,pooled,0.1863752241360662,0,23
m_lora,2500,5500,validation,Cho2017,0.4912429453060031,0,23
m_lora,2500,5500,validation,Dreyer2023,0.7019646147886912,0,23
m_lora,2500,5500,validation,PhysionetMI,1.445302288756268,0,23
m_lora,2500,5500,validation,pooled,0.9855098766670168,0,23
m_film,0,3000,train,Cho2017,0.6177622184346888,0,37
m_film,0,3000,train,Dreyer2023,0.3820826128471806,0,37
m_film,0,3000,train,PhysionetMI,0.1193100872487333,0,37
m_film,0,3000,train,pooled,0.3186209472403918,0,37
m_film,0,3000,validation,Cho2017,0.5557060474072933,0,37
m_film,0,3000,validation,Dreyer2023,0.572324275970459,0,37
m_film,0,3000,validation,PhysionetMI,1.0023199643777765,0,37
m_film,0,3000,validation,pooled,0.7597405311374522,0,37
m_film,250,3250,train,Cho2017,0.661095514467782,0,37
m_film,250,3250,train,Dreyer2023,0.4570080978950183,0,37
m_film,250,3250,train,PhysionetMI,0.0817431150385589,0,37
m_film,250,3250,train,pooled,0.3373727468998364,0,37
m_film,250,3250,validation,Cho2017,0.5737776125734672,0,37
m_film,250,3250,validation,Dreyer2023,0.7428069651126861,0,37
m_film,250,3250,validation,PhysionetMI,0.9669029553947242,0,37
m_film,250,3250,validation,pooled,0.8048431046737654,0,37
m_film,500,3500,train,Cho2017,0.7229779222456103,0,37
m_film,500,3500,train,Dreyer2023,0.375198770596768,0,37
m_film,500,3500,train,PhysionetMI,0.0565449464434125,0,37
m_film,500,3500,train,pooled,0.311810874878773,0,37
m_film,500,3500,validation,Cho2017,0.6097287722957844,0,37
m_film,500,3500,validation,Dreyer2023,0.5461146010292901,0,37
m_film,500,3500,validation,PhysionetMI,0.8904145491997832,0,37
m_film,500,3500,validation,pooled,0.7132732827198414,0,37
m_film,750,3750,train,Cho2017,0.7132331074053276,0,37
m_film,750,3750,train,Dreyer2023,0.3714522912687121,0,37
m_film,750,3750,train,PhysionetMI,0.0393761649588332,0,37
m_film,750,3750,train,pooled,0.3008739294351247,0,37
m_film,750,3750,validation,Cho2017,0.5542289638635695,0,37
m_film,750,3750,validation,Dreyer2023,0.5795185128847757,0,37
m_film,750,3750,validation,PhysionetMI,0.9340558380050504,0,37
m_film,750,3750,validation,pooled,0.7314707576001852,0,37
m_film,1000,4000,train,Cho2017,0.6703328954314484,0,37
m_film,1000,4000,train,Dreyer2023,0.3591166221346223,0,37
m_film,1000,4000,train,PhysionetMI,0.0333582334497638,0,37
m_film,1000,4000,train,pooled,0.2846129614796107,0,37
m_film,1000,4000,validation,Cho2017,0.5703273143342813,0,37
m_film,1000,4000,validation,Dreyer2023,0.6351832787195842,0,37
m_film,1000,4000,validation,PhysionetMI,1.1946347465981608,0,37
m_film,1000,4000,validation,pooled,0.8694159390244398,0,37
m_film,1250,4250,train,Cho2017,0.6257472195364282,0,37
m_film,1250,4250,train,Dreyer2023,0.3384377700537649,0,37
m_film,1250,4250,train,PhysionetMI,0.0281100382398416,0,37
m_film,1250,4250,train,pooled,0.2654566900338136,0,37
m_film,1250,4250,validation,Cho2017,0.5196923632826657,0,37
m_film,1250,4250,validation,Dreyer2023,0.584364965889189,0,37
m_film,1250,4250,validation,PhysionetMI,1.065880465766658,0,37
m_film,1250,4250,validation,pooled,0.7840001652555034,0,37
m_film,1500,4500,train,Cho2017,0.8086934800724297,0,37
m_film,1500,4500,train,Dreyer2023,0.3598683037839053,0,37
m_film,1500,4500,train,PhysionetMI,0.017246011659949,0,37
m_film,1500,4500,train,pooled,0.3081078416862878,0,37
m_film,1500,4500,validation,Cho2017,0.5938813018121573,0,37
m_film,1500,4500,validation,Dreyer2023,0.6115517331494226,0,37
m_film,1500,4500,validation,PhysionetMI,1.0866732079049817,0,37
m_film,1500,4500,validation,pooled,0.8187900705213899,0,37
m_film,1750,4750,train,Cho2017,0.5877309153284208,0,37
m_film,1750,4750,train,Dreyer2023,0.3151805798218593,0,37
m_film,1750,4750,train,PhysionetMI,0.0111646625575943,0,37
m_film,1750,4750,train,pooled,0.241731967609949,0,37
m_film,1750,4750,validation,Cho2017,0.5453610675035785,0,37
m_film,1750,4750,validation,Dreyer2023,0.6317917890018887,0,37
m_film,1750,4750,validation,PhysionetMI,1.1677240146243053,0,37
m_film,1750,4750,validation,pooled,0.8507770622788938,0,37
m_film,2000,5000,train,Cho2017,0.5918388438944262,0,37
m_film,2000,5000,train,Dreyer2023,0.3236194666704935,0,37
m_film,2000,5000,train,PhysionetMI,0.0260053814397016,0,37
m_film,2000,5000,train,pooled,0.2520258255474575,0,37
m_film,2000,5000,validation,Cho2017,0.5645097500248653,0,37
m_film,2000,5000,validation,Dreyer2023,0.7423312538199954,0,37
m_film,2000,5000,validation,PhysionetMI,1.2933327866637188,0,37
m_film,2000,5000,validation,pooled,0.9477049342405104,0,37
m_film,2250,5250,train,Cho2017,0.5921842875873123,0,37
m_film,2250,5250,train,Dreyer2023,0.3064875609496589,0,37
m_film,2250,5250,train,PhysionetMI,0.0056007371186355,0,37
m_film,2250,5250,train,pooled,0.237287288299348,0,37
m_film,2250,5250,validation,Cho2017,0.5457630656495257,0,37
m_film,2250,5250,validation,Dreyer2023,0.7535891844166649,0,37
m_film,2250,5250,validation,PhysionetMI,1.292488473912944,0,37
m_film,2250,5250,validation,pooled,0.9469163978000914,0,37
m_film,2500,5500,train,Cho2017,0.6020884852810231,0,37
m_film,2500,5500,train,Dreyer2023,0.3706648087826013,0,37
m_film,2500,5500,train,PhysionetMI,0.0390142677294965,0,37
m_film,2500,5500,train,pooled,0.2761117673181744,0,37
m_film,2500,5500,validation,Cho2017,0.5681436705678056,0,37
m_film,2500,5500,validation,Dreyer2023,0.9088314096132916,0,37
m_film,2500,5500,validation,PhysionetMI,1.759023827703103,0,37
m_film,2500,5500,validation,pooled,1.210986320087544,0,37
m_lora,0,3000,train,Cho2017,0.5683915793829353,0,37
m_lora,0,3000,train,Dreyer2023,0.2281647901579022,0,37
m_lora,0,3000,train,PhysionetMI,0.0227202746945314,0,37
m_lora,0,3000,train,pooled,0.2126943585427352,0,37
m_lora,0,3000,validation,Cho2017,0.6304193087652755,0,37
m_lora,0,3000,validation,Dreyer2023,0.4228399243619707,0,37
m_lora,0,3000,validation,PhysionetMI,0.826852105476934,0,37
m_lora,0,3000,validation,pooled,0.6485296458360221,0,37
m_lora,250,3250,train,Cho2017,0.5634676201199926,0,37
m_lora,250,3250,train,Dreyer2023,0.2211728030592348,0,37
m_lora,250,3250,train,PhysionetMI,0.0214896632101697,0,37
m_lora,250,3250,train,pooled,0.2086778674522361,0,37
m_lora,250,3250,validation,Cho2017,0.5529243183758809,0,37
m_lora,250,3250,validation,Dreyer2023,0.4569186180830002,0,37
m_lora,250,3250,validation,PhysionetMI,1.0407250692015109,0,37
m_lora,250,3250,validation,pooled,0.737722751978534,0,37
m_lora,500,3500,train,Cho2017,0.6043895444968496,0,37
m_lora,500,3500,train,Dreyer2023,0.252763996206946,0,37
m_lora,500,3500,train,PhysionetMI,0.0628076892143632,0,37
m_lora,500,3500,train,pooled,0.2465709699896401,0,37
m_lora,500,3500,validation,Cho2017,0.5457051484132217,0,37
m_lora,500,3500,validation,Dreyer2023,0.5295466833644443,0,37
m_lora,500,3500,validation,PhysionetMI,1.3153500691380189,0,37
m_lora,500,3500,validation,pooled,0.8823834026079836,0,37
m_lora,750,3750,train,Cho2017,0.6161005081628215,0,37
m_lora,750,3750,train,Dreyer2023,0.2700530093718139,0,37
m_lora,750,3750,train,PhysionetMI,0.0111260705894739,0,37
m_lora,750,3750,train,pooled,0.2324385950840868,0,37
m_lora,750,3750,validation,Cho2017,0.5773503051658554,0,37
m_lora,750,3750,validation,Dreyer2023,0.4807527757353252,0,37
m_lora,750,3750,validation,PhysionetMI,1.179214126562052,0,37
m_lora,750,3750,validation,pooled,0.8126461604206549,0,37
m_lora,1000,4000,train,Cho2017,0.5813987348215701,0,37
m_lora,1000,4000,train,Dreyer2023,0.210598590977422,0,37
m_lora,1000,4000,train,PhysionetMI,0.0160308871333886,0,37
m_lora,1000,4000,train,pooled,0.2065843616151439,0,37
m_lora,1000,4000,validation,Cho2017,0.5338223139281035,0,37
m_lora,1000,4000,validation,Dreyer2023,0.4489413281281789,0,37
m_lora,1000,4000,validation,PhysionetMI,1.0780743373476942,0,37
m_lora,1000,4000,validation,pooled,0.74741844018128,0,37
m_lora,1250,4250,train,Cho2017,0.5322432529492247,0,37
m_lora,1250,4250,train,Dreyer2023,0.2021938718827065,0,37
m_lora,1250,4250,train,PhysionetMI,0.0076569720998991,0,37
m_lora,1250,4250,train,pooled,0.1892713660574605,0,37
m_lora,1250,4250,validation,Cho2017,0.607767384678882,0,37
m_lora,1250,4250,validation,Dreyer2023,0.4863934652672873,0,37
m_lora,1250,4250,validation,PhysionetMI,1.2088972780367602,0,37
m_lora,1250,4250,validation,pooled,0.8344782530340741,0,37
m_lora,1500,4500,train,Cho2017,0.536121008153449,0,37
m_lora,1500,4500,train,Dreyer2023,0.2475773160938974,0,37
m_lora,1500,4500,train,PhysionetMI,0.0078517373707854,0,37
m_lora,1500,4500,train,pooled,0.2057810071039159,0,37
m_lora,1500,4500,validation,Cho2017,0.5303422333183697,0,37
m_lora,1500,4500,validation,Dreyer2023,0.6033214565780428,0,37
m_lora,1500,4500,validation,PhysionetMI,1.154492175449496,0,37
m_lora,1500,4500,validation,pooled,0.8320686153520946,0,37
m_lora,1750,4750,train,Cho2017,0.7074084618935499,0,37
m_lora,1750,4750,train,Dreyer2023,0.3745458488942028,0,37
m_lora,1750,4750,train,PhysionetMI,0.0150247381749809,0,37
m_lora,1750,4750,train,pooled,0.2899976505968858,0,37
m_lora,1750,4750,validation,Cho2017,0.9291617576787894,0,37
m_lora,1750,4750,validation,Dreyer2023,0.9845351351632012,0,37
m_lora,1750,4750,validation,PhysionetMI,1.070019722956678,0,37
m_lora,1750,4750,validation,pooled,1.0102230902970994,0,37
m_lora,2000,5000,train,Cho2017,0.6280857656130172,0,37
m_lora,2000,5000,train,Dreyer2023,0.2028503395977015,0,37
m_lora,2000,5000,train,PhysionetMI,0.0140003058409908,0,37
m_lora,2000,5000,train,pooled,0.2132574890921991,0,37
m_lora,2000,5000,validation,Cho2017,0.5005345632897662,0,37
m_lora,2000,5000,validation,Dreyer2023,0.677954321437412,0,37
m_lora,2000,5000,validation,PhysionetMI,1.220038096582436,0,37
m_lora,2000,5000,validation,pooled,0.8794538308023903,0,37
m_film,0,3000,train,Cho2017,0.6793308841873397,0,53
m_film,0,3000,train,Dreyer2023,0.3875131818232228,0,53
m_film,0,3000,train,PhysionetMI,0.1355297311883162,0,53
m_film,0,3000,train,pooled,0.3410663157906147,0,53
m_film,0,3000,validation,Cho2017,0.5877145421877503,0,53
m_film,0,3000,validation,Dreyer2023,0.5317449569702148,0,53
m_film,0,3000,validation,PhysionetMI,0.6785716829092606,0,53
m_film,0,3000,validation,pooled,0.6094389652136875,0,53
m_film,250,3250,train,Cho2017,0.6443722213842268,0,53
m_film,250,3250,train,Dreyer2023,0.3810992970528156,0,53
m_film,250,3250,train,PhysionetMI,0.1255312451373998,0,53
m_film,250,3250,train,pooled,0.3268333938488005,0,53
m_film,250,3250,validation,Cho2017,0.5599928742449265,0,53
m_film,250,3250,validation,Dreyer2023,0.5174912691116332,0,53
m_film,250,3250,validation,PhysionetMI,0.7967941773974377,0,53
m_film,250,3250,validation,pooled,0.6510706961571671,0,53
m_film,500,3500,train,Cho2017,0.7853918249876164,0,53
m_film,500,3500,train,Dreyer2023,0.3785774958283417,0,53
m_film,500,3500,train,PhysionetMI,0.0872540262276055,0,53
m_film,500,3500,train,pooled,0.3400815989551978,0,53
m_film,500,3500,validation,Cho2017,0.679463931734208,0,53
m_film,500,3500,validation,Dreyer2023,0.5725584586461386,0,53
m_film,500,3500,validation,PhysionetMI,0.8578135630358821,0,53
m_film,500,3500,validation,pooled,0.7230952768389288,0,53
m_film,750,3750,train,Cho2017,0.5790898994615653,0,53
m_film,750,3750,train,Dreyer2023,0.3630933734503793,0,53
m_film,750,3750,train,PhysionetMI,0.0679589322418905,0,53
m_film,750,3750,train,pooled,0.2811520883201172,0,53
m_film,750,3750,validation,Cho2017,0.530886913407594,0,53
m_film,750,3750,validation,Dreyer2023,0.5672075006696914,0,53
m_film,750,3750,validation,PhysionetMI,0.9443946156812753,0,53
m_film,750,3750,validation,pooled,0.7267749768388181,0,53
m_film,1000,4000,train,Cho2017,0.6020860307788851,0,53
m_film,1000,4000,train,Dreyer2023,0.4350379630195433,0,53
m_film,1000,4000,train,PhysionetMI,0.1150957376906975,0,53
m_film,1000,4000,train,pooled,0.3315175714974194,0,53
m_film,1000,4000,validation,Cho2017,0.5893500064541148,0,53
m_film,1000,4000,validation,Dreyer2023,0.6433388074239095,0,53
m_film,1000,4000,validation,PhysionetMI,1.1379723756209663,0,53
m_film,1000,4000,validation,pooled,0.8511784375182027,0,53
m_film,1250,4250,train,Cho2017,0.6044536853520315,0,53
m_film,1250,4250,train,Dreyer2023,0.4202128633173508,0,53
m_film,1250,4250,train,PhysionetMI,0.0573256883171719,0,53
m_film,1250,4250,train,pooled,0.3016522684372913,0,53
m_film,1250,4250,validation,Cho2017,0.5458152505598264,0,53
m_film,1250,4250,validation,Dreyer2023,0.6304422272576227,0,53
m_film,1250,4250,validation,PhysionetMI,0.9787123559609704,0,53
m_film,1250,4250,validation,pooled,0.7664229563040446,0,53
m_film,1500,4500,train,Cho2017,0.6680665960222475,0,53
m_film,1500,4500,train,Dreyer2023,0.3659278937248997,0,53
m_film,1500,4500,train,PhysionetMI,0.0364404796301764,0,53
m_film,1500,4500,train,pooled,0.2878040081745586,0,53
m_film,1500,4500,validation,Cho2017,0.5530253644182813,0,53
m_film,1500,4500,validation,Dreyer2023,0.604957715007994,0,53
m_film,1500,4500,validation,PhysionetMI,1.0796009535374849,0,53
m_film,1500,4500,validation,pooled,0.8043697431122759,0,53
m_film,1750,4750,train,Cho2017,0.5783328548794076,0,53
m_film,1750,4750,train,Dreyer2023,0.524953743491231,0,53
m_film,1750,4750,train,PhysionetMI,0.048164062864338,0,53
m_film,1750,4750,train,pooled,0.3278684816863342,0,53
m_film,1750,4750,validation,Cho2017,0.5234614124242216,0,53
m_film,1750,4750,validation,Dreyer2023,0.7346384353107877,0,53
m_film,1750,4750,validation,PhysionetMI,1.1182787133299787,0,53
m_film,1750,4750,validation,pooled,0.8582169982334135,0,53
m_film,2000,5000,train,Cho2017,0.6650020478873908,0,53
m_film,2000,5000,train,Dreyer2023,0.3659711817176377,0,53
m_film,2000,5000,train,PhysionetMI,0.0449420723093984,0,53
m_film,2000,5000,train,pooled,0.2908705187121416,0,53
m_film,2000,5000,validation,Cho2017,0.5715194555278867,0,53
m_film,2000,5000,validation,Dreyer2023,0.5988926960362329,0,53
m_film,2000,5000,validation,PhysionetMI,0.8994457786497863,0,53
m_film,2000,5000,validation,pooled,0.7263889015292908,0,53
m_lora,0,3000,train,Cho2017,0.67044523013088,0,53
m_lora,0,3000,train,Dreyer2023,0.2137315677162747,0,53
m_lora,0,3000,train,PhysionetMI,0.0278969457203818,0,53
m_lora,0,3000,train,pooled,0.2323507599153535,0,53
m_lora,0,3000,validation,Cho2017,0.5666836479050108,0,53
m_lora,0,3000,validation,Dreyer2023,0.515853961971071,0,53
m_lora,0,3000,validation,PhysionetMI,0.9123837905948596,0,53
m_lora,0,3000,validation,pooled,0.7033849271225194,0,53
m_lora,250,3250,train,Cho2017,0.6084803434816868,0,53
m_lora,250,3250,train,Dreyer2023,0.2641663957215068,0,53
m_lora,250,3250,train,PhysionetMI,0.0153761798776757,0,53
m_lora,250,3250,train,pooled,0.2306110116663776,0,53
m_lora,250,3250,validation,Cho2017,0.5852478198410245,0,53
m_lora,250,3250,validation,Dreyer2023,0.7072840015093486,0,53
m_lora,250,3250,validation,PhysionetMI,0.9818764789992912,0,53
m_lora,250,3250,validation,pooled,0.80220595113414,0,53
m_lora,500,3500,train,Cho2017,0.597145851666049,0,53
m_lora,500,3500,train,Dreyer2023,0.2430383774810635,0,53
m_lora,500,3500,train,PhysionetMI,0.0204260951743781,0,53
m_lora,500,3500,train,pooled,0.2230896653754407,0,53
m_lora,500,3500,validation,Cho2017,0.5375431705545635,0,53
m_lora,500,3500,validation,Dreyer2023,0.6844624979628456,0,53
m_lora,500,3500,validation,PhysionetMI,1.0568479761720444,0,53
m_lora,500,3500,validation,pooled,0.8173184155206491,0,53
m_lora,750,3750,train,Cho2017,0.5926193724272705,0,53
m_lora,750,3750,train,Dreyer2023,0.2168547526432762,0,53
m_lora,750,3750,train,PhysionetMI,0.0230503790928526,0,53
m_lora,750,3750,train,pooled,0.214261659680415,0,53
m_lora,750,3750,validation,Cho2017,0.572912601241842,0,53
m_lora,750,3750,validation,Dreyer2023,0.6542005823718177,0,53
m_lora,750,3750,validation,PhysionetMI,1.0095900580560302,0,53
m_lora,750,3750,validation,pooled,0.7940874646470286,0,53
m_lora,1000,4000,train,Cho2017,0.6737922035638644,0,53
m_lora,1000,4000,train,Dreyer2023,0.20135332224448,0,53
m_lora,1000,4000,train,PhysionetMI,0.019129371698456,0,53
m_lora,1000,4000,train,pooled,0.2249963179155536,0,53
m_lora,1000,4000,validation,Cho2017,0.8312079413173342,0,53
m_lora,1000,4000,validation,Dreyer2023,0.4955487194988462,0,53
m_lora,1000,4000,validation,PhysionetMI,1.1598938050193954,0,53
m_lora,1000,4000,validation,pooled,0.86540414013431,0,53
m_lora,1250,4250,train,Cho2017,0.6039394967732081,0,53
m_lora,1250,4250,train,Dreyer2023,0.2194673235952858,0,53
m_lora,1250,4250,train,PhysionetMI,0.017219026094742,0,53
m_lora,1250,4250,train,pooled,0.2150832785807467,0,53
m_lora,1250,4250,validation,Cho2017,0.643155142328469,0,53
m_lora,1250,4250,validation,Dreyer2023,0.6897192809316847,0,53
m_lora,1250,4250,validation,PhysionetMI,1.0844659125103373,0,53
m_lora,1250,4250,validation,pooled,0.8548146419437046,0,53
m_lora,1500,4500,train,Cho2017,0.6558802586774212,0,53
m_lora,1500,4500,train,Dreyer2023,0.2078512553838323,0,53
m_lora,1500,4500,train,PhysionetMI,0.0161363352227511,0,53
m_lora,1500,4500,train,pooled,0.2219942673953281,0,53
m_lora,1500,4500,validation,Cho2017,0.6053722149649912,0,53
m_lora,1500,4500,validation,Dreyer2023,0.6534736997551388,0,53
m_lora,1500,4500,validation,PhysionetMI,1.1187681776014948,0,53
m_lora,1500,4500,validation,pooled,0.8495820266223753,0,53
m_lora,1750,4750,train,Cho2017,0.7032795943447315,0,53
m_lora,1750,4750,train,Dreyer2023,0.1675804841799181,0,53
m_lora,1750,4750,train,PhysionetMI,0.0141036812053394,0,53
m_lora,1750,4750,train,pooled,0.2176608608425173,0,53
m_lora,1750,4750,validation,Cho2017,0.8230702718118117,0,53
m_lora,1750,4750,validation,Dreyer2023,0.6099094758431117,0,53
m_lora,1750,4750,validation,PhysionetMI,1.316203064892603,0,53
m_lora,1750,4750,validation,pooled,0.971186803413708,0,53
m_lora,2000,5000,train,Cho2017,0.545778979195157,0,53
m_lora,2000,5000,train,Dreyer2023,0.193759274408269,0,53
m_lora,2000,5000,train,PhysionetMI,0.010382572853997,0,53
m_lora,2000,5000,train,pooled,0.190533553473942,0,53
m_lora,2000,5000,validation,Cho2017,0.5120262015244953,0,53
m_lora,2000,5000,validation,Dreyer2023,0.5855538441075219,0,53
m_lora,2000,5000,validation,PhysionetMI,1.3502127976035294,0,53
m_lora,2000,5000,validation,pooled,0.9090627917539638,0,53
m_film,0,3000,train,Cho2017,0.6224970809748471,0,71
m_film,0,3000,train,Dreyer2023,0.3388420549943546,0,71
m_film,0,3000,train,PhysionetMI,0.0786093196796684,0,71
m_film,0,3000,train,pooled,0.2869959813138306,0,71
m_film,0,3000,validation,Cho2017,0.531973859660793,0,71
m_film,0,3000,validation,Dreyer2023,0.6550970362292396,0,71
m_film,0,3000,validation,PhysionetMI,1.192442914713984,0,71
m_film,0,3000,validation,pooled,0.8665567207628047,0,71
m_film,250,3250,train,Cho2017,0.5538808290705216,0,71
m_film,250,3250,train,Dreyer2023,0.2931749251878219,0,71
m_film,250,3250,train,PhysionetMI,0.0335532549376789,0,71
m_film,250,3250,train,pooled,0.2365720544490604,0,71
m_film,250,3250,validation,Cho2017,0.5249043078355317,0,71
m_film,250,3250,validation,Dreyer2023,0.6692556553416783,0,71
m_film,250,3250,validation,PhysionetMI,1.1886353751887446,0,71
m_film,250,3250,validation,pooled,0.8680130091612308,0,71
m_film,500,3500,train,Cho2017,0.5570767902198851,0,71
m_film,500,3500,train,Dreyer2023,0.3398654892896879,0,71
m_film,500,3500,train,PhysionetMI,0.0925939177356621,0,71
m_film,500,3500,train,pooled,0.2791478670377316,0,71
m_film,500,3500,validation,Cho2017,0.5410987567453117,0,71
m_film,500,3500,validation,Dreyer2023,0.7969376722971598,0,71
m_film,500,3500,validation,PhysionetMI,1.6412951000358746,0,71
m_film,500,3500,validation,pooled,1.1153545478361775,0,71
m_film,750,3750,train,Cho2017,0.6279075174050304,0,71
m_film,750,3750,train,Dreyer2023,0.2955651821342699,0,71
m_film,750,3750,train,PhysionetMI,0.0230961791735263,0,71
m_film,750,3750,train,pooled,0.2490205678497913,0,71
m_film,750,3750,validation,Cho2017,0.6194981571724065,0,71
m_film,750,3750,validation,Dreyer2023,0.9312932173411052,0,71
m_film,750,3750,validation,PhysionetMI,1.5174857507581296,0,71
m_film,750,3750,validation,pooled,1.1225354410445163,0,71
m_film,1000,4000,train,Cho2017,0.5554107701112642,0,71
m_film,1000,4000,train,Dreyer2023,0.337422508065852,0,71
m_film,1000,4000,train,PhysionetMI,0.0732047678829854,0,71
m_film,1000,4000,train,pooled,0.2694547738773793,0,71
m_film,1000,4000,validation,Cho2017,0.5069957479607546,0,71
m_film,1000,4000,validation,Dreyer2023,0.8462808993127612,0,71
m_film,1000,4000,validation,PhysionetMI,1.4861101015754368,0,71
m_film,1000,4000,validation,pooled,1.0552527333512822,0,71
m_film,1250,4250,train,Cho2017,0.6595683966605056,0,71
m_film,1250,4250,train,Dreyer2023,0.3569262609391477,0,71
m_film,1250,4250,train,PhysionetMI,0.0278694406927414,0,71
m_film,1250,4250,train,pooled,0.2791011385927345,0,71
m_film,1250,4250,validation,Cho2017,0.5376388375373791,0,71
m_film,1250,4250,validation,Dreyer2023,0.9391487598419188,0,71
m_film,1250,4250,validation,PhysionetMI,1.888671242672464,0,71
m_film,1250,4250,validation,pooled,1.2719343250322634,0,71
m_film,1500,4500,train,Cho2017,0.61870523525231,0,71
m_film,1500,4500,train,Dreyer2023,0.2940938106418454,0,71
m_film,1500,4500,train,PhysionetMI,0.0205878465642652,0,71
m_film,1500,4500,train,pooled,0.245402576137977,0,71
m_film,1500,4500,validation,Cho2017,0.7003171892440878,0,71
m_film,1500,4500,validation,Dreyer2023,0.819344397385915,0,71
m_film,1500,4500,validation,PhysionetMI,1.9116833754207776,0,71
m_film,1500,4500,validation,pooled,1.278377896925448,0,71
m_film,1750,4750,train,Cho2017,0.5953448152223114,0,71
m_film,1750,4750,train,Dreyer2023,0.2732262447613704,0,71
m_film,1750,4750,train,PhysionetMI,0.0291360102184194,0,71
m_film,1750,4750,train,pooled,0.2368694977251363,0,71
m_film,1750,4750,validation,Cho2017,0.5178468080276798,0,71
m_film,1750,4750,validation,Dreyer2023,0.794201283984714,0,71
m_film,1750,4750,validation,PhysionetMI,1.7207267128902934,0,71
m_film,1750,4750,validation,pooled,1.144578257730075,0,71
m_film,2000,5000,train,Cho2017,0.6065667240460391,0,71
m_film,2000,5000,train,Dreyer2023,0.2879221070602498,0,71
m_film,2000,5000,train,PhysionetMI,0.0306141014948774,0,71
m_film,2000,5000,train,pooled,0.2450171272770347,0,71
m_film,2000,5000,validation,Cho2017,0.6306908132991521,0,71
m_film,2000,5000,validation,Dreyer2023,0.8765821059544882,0,71
m_film,2000,5000,validation,PhysionetMI,2.068790028924528,0,71
m_film,2000,5000,validation,pooled,1.3518097844622088,0,71
m_lora,0,3000,train,Cho2017,0.6188095876897188,0,71
m_lora,0,3000,train,Dreyer2023,0.2632076847658742,0,71
m_lora,0,3000,train,PhysionetMI,0.0347203322211351,0,71
m_lora,0,3000,train,pooled,0.2410136393213271,0,71
m_lora,0,3000,validation,Cho2017,0.6138779897957829,0,71
m_lora,0,3000,validation,Dreyer2023,0.6362985266579523,0,71
m_lora,0,3000,validation,PhysionetMI,1.1271197154470114,0,71
m_lora,0,3000,validation,pooled,0.8494589357059409,0,71
m_lora,250,3250,train,Cho2017,0.5767536373701192,0,71
m_lora,250,3250,train,Dreyer2023,0.2580653029174133,0,71
m_lora,250,3250,train,PhysionetMI,0.0133116425238292,0,71
m_lora,250,3250,train,pooled,0.2206670633057263,0,71
m_lora,250,3250,validation,Cho2017,0.5426042757052346,0,71
m_lora,250,3250,validation,Dreyer2023,0.7331833627488877,0,71
m_lora,250,3250,validation,PhysionetMI,1.150616740402968,0,71
m_lora,250,3250,validation,pooled,0.8763584001410005,0,71
m_lora,500,3500,train,Cho2017,0.5919393266806975,0,71
m_lora,500,3500,train,Dreyer2023,0.2462865595753979,0,71
m_lora,500,3500,train,PhysionetMI,0.017022514632319,0,71
m_lora,500,3500,train,pooled,0.2215742108008905,0,71
m_lora,500,3500,validation,Cho2017,0.5393135853517015,0,71
m_lora,500,3500,validation,Dreyer2023,0.7159819715552861,0,71
m_lora,500,3500,validation,PhysionetMI,1.366940894852514,0,71
m_lora,500,3500,validation,pooled,0.9660374071977018,0,71
m_lora,750,3750,train,Cho2017,0.5539202938630189,0,71
m_lora,750,3750,train,Dreyer2023,0.2367357436713814,0,71
m_lora,750,3750,train,PhysionetMI,0.0257471920025771,0,71
m_lora,750,3750,train,pooled,0.2137929953494824,0,71
m_lora,750,3750,validation,Cho2017,0.5284610744204838,0,71
m_lora,750,3750,validation,Dreyer2023,0.7465259164571761,0,71
m_lora,750,3750,validation,PhysionetMI,1.4610496623360592,0,71
m_lora,750,3750,validation,pooled,1.015633171950748,0,71
m_lora,1000,4000,train,Cho2017,0.598226064150175,0,71
m_lora,1000,4000,train,Dreyer2023,0.2509037722612736,0,71
m_lora,1000,4000,train,PhysionetMI,0.0296580717122185,0,71
m_lora,1000,4000,train,pooled,0.2300679317835178,0,71
m_lora,1000,4000,validation,Cho2017,0.595878752438939,0,71
m_lora,1000,4000,validation,Dreyer2023,0.724560934967465,0,71
m_lora,1000,4000,validation,PhysionetMI,1.2841057557936597,0,71
m_lora,1000,4000,validation,pooled,0.9446514814394348,0,71
m_lora,1250,4250,train,Cho2017,0.5547781683101604,0,71
m_lora,1250,4250,train,Dreyer2023,0.1883404388648741,0,71
m_lora,1250,4250,train,PhysionetMI,0.0087049689859861,0,71
m_lora,1250,4250,train,pooled,0.1899094993290036,0,71
m_lora,1250,4250,validation,Cho2017,0.580823172093078,0,71
m_lora,1250,4250,validation,Dreyer2023,0.5938181353939905,0,71
m_lora,1250,4250,validation,PhysionetMI,1.5977916391161473,0,71
m_lora,1250,4250,validation,pooled,1.0371408118703018,0,71
m_lora,1500,4500,train,Cho2017,0.7531824420843165,0,71
m_lora,1500,4500,train,Dreyer2023,0.2473545486126352,0,71
m_lora,1500,4500,train,PhysionetMI,0.017263084129151,0,71
m_lora,1500,4500,train,pooled,0.2573478248651463,0,71
m_lora,1500,4500,validation,Cho2017,1.1678674660657995,0,71
m_lora,1500,4500,validation,Dreyer2023,0.8843924568759071,0,71
m_lora,1500,4500,validation,PhysionetMI,1.5326019284042085,0,71
m_lora,1500,4500,validation,pooled,1.2354800018195726,0,71
m_lora,1750,4750,train,Cho2017,0.6540230042970259,0,71
m_lora,1750,4750,train,Dreyer2023,0.3262830647382967,0,71
m_lora,1750,4750,train,PhysionetMI,0.0185131135416759,0,71
m_lora,1750,4750,train,pooled,0.2632736054194982,0,71
m_lora,1750,4750,validation,Cho2017,0.6286839439615142,0,71
m_lora,1750,4750,validation,Dreyer2023,1.0396869507100848,0,71
m_lora,1750,4750,validation,PhysionetMI,1.7579053756983385,0,71
m_lora,1750,4750,validation,pooled,1.2675611380940708,0,71
m_lora,2000,5000,train,Cho2017,0.7161799952468757,0,71
m_lora,2000,5000,train,Dreyer2023,0.1829839517792709,0,71
m_lora,2000,5000,train,PhysionetMI,0.0111080361030015,0,71
m_lora,2000,5000,train,pooled,0.2244599035441078,0,71
m_lora,2000,5000,validation,Cho2017,1.02394879104686,0,71
m_lora,2000,5000,validation,Dreyer2023,0.5711315386825139,0,71
m_lora,2000,5000,validation,PhysionetMI,1.3690706953968164,0,71
m_lora,2000,5000,validation,pooled,1.0263972199698363,0,71
m_film,0,3000,train,Cho2017,0.8398724455527357,1,11
m_film,0,3000,train,Dreyer2023,0.401332194626101,1,11
m_film,0,3000,train,PhysionetMI,0.2123807290429109,1,11
m_film,0,3000,train,pooled,0.4146078208458017,1,11
m_film,0,3000,validation,Cho2017,0.8946575636719354,1,11
m_film,0,3000,validation,Dreyer2023,0.508466715282864,1,11
m_film,0,3000,validation,PhysionetMI,0.6991542474083278,1,11
m_film,0,3000,validation,pooled,0.6790369180917527,1,11
m_film,250,3250,train,Cho2017,0.7302247238481366,1,11
m_film,250,3250,train,Dreyer2023,0.3975280261000163,1,11
m_film,250,3250,train,PhysionetMI,0.2062811480247759,1,11
m_film,250,3250,train,pooled,0.3866257115385528,1,11
m_film,250,3250,validation,Cho2017,0.7335545325279236,1,11
m_film,250,3250,validation,Dreyer2023,0.5427062233289083,1,11
m_film,250,3250,validation,PhysionetMI,0.5576240433299023,1,11
m_film,250,3250,validation,pooled,0.5917471009291312,1,11
m_film,500,3500,train,Cho2017,0.7625914977974182,1,11
m_film,500,3500,train,Dreyer2023,0.6554111609998033,1,11
m_film,500,3500,train,PhysionetMI,0.2122224092265373,1,11
m_film,500,3500,train,pooled,0.484817698457141,1,11
m_film,500,3500,validation,Cho2017,0.8250618346035481,1,11
m_film,500,3500,validation,Dreyer2023,0.6808624863624573,1,11
m_film,500,3500,validation,PhysionetMI,0.7783198706481768,1,11
m_film,500,3500,validation,pooled,0.7562211789874639,1,11
m_film,750,3750,train,Cho2017,0.6502285977929562,1,11
m_film,750,3750,train,Dreyer2023,0.4347034318560864,1,11
m_film,750,3750,train,PhysionetMI,0.1709859720000566,1,11
m_film,750,3750,train,pooled,0.3664154975976129,1,11
m_film,750,3750,validation,Cho2017,0.6056145482650026,1,11
m_film,750,3750,validation,Dreyer2023,0.5502835604879591,1,11
m_film,750,3750,validation,PhysionetMI,0.8808063216831372,1,11
m_film,750,3750,validation,pooled,0.7094783405251591,1,11
m_film,1000,4000,train,Cho2017,0.6159319289471651,1,11
m_film,1000,4000,train,Dreyer2023,0.3946983442930088,1,11
m_film,1000,4000,train,PhysionetMI,0.1117111948376113,1,11
m_film,1000,4000,train,pooled,0.3192225666155198,1,11
m_film,1000,4000,validation,Cho2017,0.5604359004274011,1,11
m_film,1000,4000,validation,Dreyer2023,0.6033196687698363,1,11
m_film,1000,4000,validation,PhysionetMI,0.8558842254721599,1,11
m_film,1000,4000,validation,pooled,0.7060408565614391,1,11
m_film,1250,4250,train,Cho2017,0.6086958128202137,1,11
m_film,1250,4250,train,Dreyer2023,0.4004456615588563,1,11
m_film,1250,4250,train,PhysionetMI,0.1077046672662569,1,11
m_film,1250,4250,train,pooled,0.3178564427364768,1,11
m_film,1250,4250,validation,Cho2017,0.5351707142067608,1,11
m_film,1250,4250,validation,Dreyer2023,0.5669480641682944,1,11
m_film,1250,4250,validation,PhysionetMI,0.8913416836572731,1,11
m_film,1250,4250,validation,pooled,0.7040613728386107,1,11
m_film,1500,4500,train,Cho2017,0.6013610282016767,1,11
m_film,1500,4500,train,Dreyer2023,0.3838607219950374,1,11
m_film,1500,4500,train,PhysionetMI,0.0881537770725193,1,11
m_film,1500,4500,train,pooled,0.3019979847487612,1,11
m_film,1500,4500,validation,Cho2017,0.5768048762375838,1,11
m_film,1500,4500,validation,Dreyer2023,0.5460470067130195,1,11
m_film,1500,4500,validation,PhysionetMI,0.8401212329449861,1,11
m_film,1500,4500,validation,pooled,0.6835817449326856,1,11
m_film,1750,4750,train,Cho2017,0.6048738740179855,1,11
m_film,1750,4750,train,Dreyer2023,0.3753739845615989,1,11
m_film,1750,4750,train,PhysionetMI,0.0514332532512818,1,11
m_film,1750,4750,train,pooled,0.2837756519753435,1,11
m_film,1750,4750,validation,Cho2017,0.5679332939907908,1,11
m_film,1750,4750,validation,Dreyer2023,0.6106342977947659,1,11
m_film,1750,4750,validation,PhysionetMI,0.9960226079692012,1,11
m_film,1750,4750,validation,pooled,0.7724288792491872,1,11
m_film,2000,5000,train,Cho2017,0.6472918464766967,1,11
m_film,2000,5000,train,Dreyer2023,0.3627292402610596,1,11
m_film,2000,5000,train,PhysionetMI,0.0471605775793864,1,11
m_film,2000,5000,train,pooled,0.2868519348855256,1,11
m_film,2000,5000,validation,Cho2017,0.6274456824357912,1,11
m_film,2000,5000,validation,Dreyer2023,0.5914003133773803,1,11
m_film,2000,5000,validation,PhysionetMI,1.1838281491528386,1,11
m_film,2000,5000,validation,pooled,0.8627116557350087,1,11
m_film,2250,5250,train,Cho2017,0.8065773132836094,1,11
m_film,2250,5250,train,Dreyer2023,0.4261005357838059,1,11
m_film,2250,5250,train,PhysionetMI,0.1200335645711484,1,11
m_film,2250,5250,train,pooled,0.3753826949421259,1,11
m_film,2250,5250,validation,Cho2017,0.7684487431003754,1,11
m_film,2250,5250,validation,Dreyer2023,0.5635276079177857,1,11
m_film,2250,5250,validation,PhysionetMI,1.275566216396249,1,11
m_film,2250,5250,validation,pooled,0.925527241726567,1,11
m_lora,0,3000,train,Cho2017,0.5997609883696176,1,11
m_lora,0,3000,train,Dreyer2023,0.2658490126235119,1,11
m_lora,0,3000,train,PhysionetMI,0.0839921858116087,1,11
m_lora,0,3000,train,pooled,0.2593243849224768,1,11
m_lora,0,3000,validation,Cho2017,0.803882315766532,1,11
m_lora,0,3000,validation,Dreyer2023,0.4095278117391799,1,11
m_lora,0,3000,validation,PhysionetMI,0.7708498471133087,1,11
m_lora,0,3000,validation,pooled,0.657749717244871,1,11
m_lora,250,3250,train,Cho2017,0.6801567274174308,1,11
m_lora,250,3250,train,Dreyer2023,0.2607406961827218,1,11
m_lora,250,3250,train,PhysionetMI,0.0397525485627834,1,11
m_lora,250,3250,train,pooled,0.2558014667851407,1,11
m_lora,250,3250,validation,Cho2017,0.9102533163334738,1,11
m_lora,250,3250,validation,Dreyer2023,0.5041008479065365,1,11
m_lora,250,3250,validation,PhysionetMI,0.9244043205095374,1,11
m_lora,250,3250,validation,pooled,0.7811584953805231,1,11
m_lora,500,3500,train,Cho2017,0.8150228105307566,1,11
m_lora,500,3500,train,Dreyer2023,0.2849533665033439,1,11
m_lora,500,3500,train,PhysionetMI,0.0294555858122974,1,11
m_lora,500,3500,train,pooled,0.2891293053073488,1,11
m_lora,500,3500,validation,Cho2017,0.9524908854812384,1,11
m_lora,500,3500,validation,Dreyer2023,0.5199034637875027,1,11
m_lora,500,3500,validation,PhysionetMI,1.138199666272039,1,11
m_lora,500,3500,validation,pooled,0.8908323141570157,1,11
m_lora,750,3750,train,Cho2017,0.6801748149036556,1,11
m_lora,750,3750,train,Dreyer2023,0.2287024018572317,1,11
m_lora,750,3750,train,PhysionetMI,0.0195463105475211,1,11
m_lora,750,3750,train,pooled,0.2359623339625518,1,11
m_lora,750,3750,validation,Cho2017,0.8615854346193372,1,11
m_lora,750,3750,validation,Dreyer2023,0.4556277361181047,1,11
m_lora,750,3750,validation,PhysionetMI,1.303625964600107,1,11
m_lora,750,3750,validation,pooled,0.922728659554824,1,11
m_lora,1000,4000,train,Cho2017,0.5691401621185848,1,11
m_lora,1000,4000,train,Dreyer2023,0.2523670445430822,1,11
m_lora,1000,4000,train,PhysionetMI,0.0465057777672702,1,11
m_lora,1000,4000,train,pooled,0.231579302583813,1,11
m_lora,1000,4000,validation,Cho2017,0.7900908463262021,1,11
m_lora,1000,4000,validation,Dreyer2023,0.5274213241206276,1,11
m_lora,1000,4000,validation,PhysionetMI,1.3642870602400403,1,11
m_lora,1000,4000,validation,pooled,0.9577326562193832,1,11
m_lora,1250,4250,train,Cho2017,0.6102143183358952,1,11
m_lora,1250,4250,train,Dreyer2023,0.2390224626768982,1,11
m_lora,1250,4250,train,PhysionetMI,0.0253743468912815,1,11
m_lora,1250,4250,train,pooled,0.2267392561162311,1,11
m_lora,1250,4250,validation,Cho2017,0.6571541200461798,1,11
m_lora,1250,4250,validation,Dreyer2023,0.5097125238842434,1,11
m_lora,1250,4250,validation,PhysionetMI,1.2199530679246655,1,11
m_lora,1250,4250,validation,pooled,0.8581397870493057,1,11
m_lora,1500,4500,train,Cho2017,0.6171141992257656,1,11
m_lora,1500,4500,train,Dreyer2023,0.2276248104283651,1,11
m_lora,1500,4500,train,PhysionetMI,0.0114920301330386,1,11
m_lora,1500,4500,train,pooled,0.218259613053511,1,11
m_lora,1500,4500,validation,Cho2017,0.7796472610603087,1,11
m_lora,1500,4500,validation,Dreyer2023,0.5913108670049244,1,11
m_lora,1500,4500,validation,PhysionetMI,1.2895541553911951,1,11
m_lora,1500,4500,validation,pooled,0.9434937494111302,1,11
m_lora,1750,4750,train,Cho2017,0.5470242030273489,1,11
m_lora,1750,4750,train,Dreyer2023,0.2938775907339384,1,11
m_lora,1750,4750,train,PhysionetMI,0.0101305012396141,1,11
m_lora,1750,4750,train,pooled,0.2250559341201881,1,11
m_lora,1750,4750,validation,Cho2017,0.8005572490724625,1,11
m_lora,1750,4750,validation,Dreyer2023,0.7203462971581353,1,11
m_lora,1750,4750,validation,PhysionetMI,1.2051163704498955,1,11
m_lora,1750,4750,validation,pooled,0.9536243190465458,1,11
m_lora,2000,5000,train,Cho2017,0.5317726391136043,1,11
m_lora,2000,5000,train,Dreyer2023,0.1975434033247232,1,11
m_lora,2000,5000,train,PhysionetMI,0.0125230478311793,1,11
m_lora,2000,5000,train,pooled,0.1897030211807371,1,11
m_lora,2000,5000,validation,Cho2017,0.686112064580957,1,11
m_lora,2000,5000,validation,Dreyer2023,0.5342571139335632,1,11
m_lora,2000,5000,validation,PhysionetMI,1.5301689764727715,1,11
m_lora,2000,5000,validation,pooled,1.0106301529837434,1,11
m_film,0,3000,train,Cho2017,0.634757982526092,1,23
m_film,0,3000,train,Dreyer2023,0.4849766759512693,1,23
m_film,0,3000,train,PhysionetMI,0.1651342076402543,1,23
m_film,0,3000,train,pooled,0.3777196681894547,1,23
m_film,0,3000,validation,Cho2017,0.5640620740862188,1,23
m_film,0,3000,validation,Dreyer2023,0.6035122209125096,1,23
m_film,0,3000,validation,PhysionetMI,1.0590248302273129,1,23
m_film,0,3000,validation,pooled,0.7971955702021352,1,23
m_film,250,3250,train,Cho2017,0.6075492645974632,1,23
m_film,250,3250,train,Dreyer2023,0.5139733879039602,1,23
m_film,250,3250,train,PhysionetMI,0.111211491284987,1,23
m_film,250,3250,train,pooled,0.358103133985946,1,23
m_film,250,3250,validation,Cho2017,0.5293886747647776,1,23
m_film,250,3250,validation,Dreyer2023,0.8231945554415384,1,23
m_film,250,3250,validation,PhysionetMI,0.8094731828440791,1,23
m_film,250,3250,validation,pooled,0.7518059719144985,1,23
m_film,500,3500,train,Cho2017,0.5942549864178196,1,23
m_film,500,3500,train,Dreyer2023,0.3827510955784465,1,23
m_film,500,3500,train,PhysionetMI,0.0805030281286841,1,23
m_film,500,3500,train,pooled,0.2967113735061056,1,23
m_film,500,3500,validation,Cho2017,0.5738678727307707,1,23
m_film,500,3500,validation,Dreyer2023,0.5412353144751655,1,23
m_film,500,3500,validation,PhysionetMI,0.965229684891908,1,23
m_film,500,3500,validation,pooled,0.7369289364949634,1,23
m_film,750,3750,train,Cho2017,0.6127013409907536,1,23
m_film,750,3750,train,Dreyer2023,0.4060035375639755,1,23
m_film,750,3750,train,PhysionetMI,0.1819856357648857,1,23
m_film,750,3750,train,pooled,0.3531662239169822,1,23
m_film,750,3750,validation,Cho2017,0.5480181652180272,1,23
m_film,750,3750,validation,Dreyer2023,0.6806355661816067,1,23
m_film,750,3750,validation,PhysionetMI,1.1679143490998642,1,23
m_film,750,3750,validation,pooled,0.8677333805978145,1,23
m_film,1000,4000,train,Cho2017,0.756297277915753,1,23
m_film,1000,4000,train,Dreyer2023,0.3987778834962802,1,23
m_film,1000,4000,train,PhysionetMI,0.058249239598096,1,23
m_film,1000,4000,train,pooled,0.3279441435261906,1,23
m_film,1000,4000,validation,Cho2017,0.7280491474451265,1,23
m_film,1000,4000,validation,Dreyer2023,0.5857483016120063,1,23
m_film,1000,4000,validation,PhysionetMI,1.1671834795371343,1,23
m_film,1000,4000,validation,pooled,0.8757863464305344,1,23
m_film,1250,4250,train,Cho2017,0.6098793005738574,1,23
m_film,1250,4250,train,Dreyer2023,0.3802818846441081,1,23
m_film,1250,4250,train,PhysionetMI,0.0626775734867273,1,23
m_film,1250,4250,train,pooled,0.2914794311752002,1,23
m_film,1250,4250,validation,Cho2017,0.542852924754843,1,23
m_film,1250,4250,validation,Dreyer2023,0.7660173800256516,1,23
m_film,1250,4250,validation,PhysionetMI,1.3311629606329878,1,23
m_film,1250,4250,validation,pooled,0.9676010924576214,1,23
m_film,1500,4500,train,Cho2017,0.6038802446841119,1,23
m_film,1500,4500,train,Dreyer2023,0.404150323921563,1,23
m_film,1500,4500,train,PhysionetMI,0.0366258963023943,1,23
m_film,1500,4500,train,pooled,0.2869503205156212,1,23
m_film,1500,4500,validation,Cho2017,0.5524287152942271,1,23
m_film,1500,4500,validation,Dreyer2023,0.6284103565745883,1,23
m_film,1500,4500,validation,PhysionetMI,1.2656757391017417,1,23
m_film,1500,4500,validation,pooled,0.8947546063021318,1,23
m_film,1750,4750,train,Cho2017,0.7221192955054544,1,23
m_film,1750,4750,train,Dreyer2023,0.3776142289066186,1,23
m_film,1750,4750,train,PhysionetMI,0.0293480948901495,1,23
m_film,1750,4750,train,pooled,0.3005431848056613,1,23
m_film,1750,4750,validation,Cho2017,0.6641009366512298,1,23
m_film,1750,4750,validation,Dreyer2023,0.713660040166643,1,23
m_film,1750,4750,validation,PhysionetMI,1.3198734210885088,1,23
m_film,1750,4750,validation,pooled,0.9720750753507138,1,23
m_film,2000,5000,train,Cho2017,0.6337359778086344,1,23
m_film,2000,5000,train,Dreyer2023,0.6456657517410799,1,23
m_film,2000,5000,train,PhysionetMI,0.03887113577235,1,23
m_film,2000,5000,train,pooled,0.3773568569648285,1,23
m_film,2000,5000,validation,Cho2017,0.5539439748227596,1,23
m_film,2000,5000,validation,Dreyer2023,0.9388705650965372,1,23
m_film,2000,5000,validation,PhysionetMI,1.4997570721999458,1,23
m_film,2000,5000,validation,pooled,1.1026142148594351,1,23
m_film,2250,5250,train,Cho2017,0.6188560143228924,1,23
m_film,2250,5250,train,Dreyer2023,0.3020841491899962,1,23
m_film,2250,5250,train,PhysionetMI,0.0436584729436899,1,23
m_film,2250,5250,train,pooled,0.258279764383431,1,23
m_film,2250,5250,validation,Cho2017,0.5829056938631402,1,23
m_film,2250,5250,validation,Dreyer2023,0.6167956603897943,1,23
m_film,2250,5250,validation,PhysionetMI,1.4204671901205312,1,23
m_film,2250,5250,validation,pooled,0.9664519032641988,1,23
m_film,2500,5500,train,Cho2017,0.5888617891314868,1,23
m_film,2500,5500,train,Dreyer2023,0.3132971691046685,1,23
m_film,2500,5500,train,PhysionetMI,0.0168640836494805,1,23
m_film,2500,5500,train,pooled,0.2438287822248363,1,23
m_film,2500,5500,validation,Cho2017,0.5202795107517886,1,23
m_film,2500,5500,validation,Dreyer2023,0.8013422701093885,1,23
m_film,2500,5500,validation,PhysionetMI,1.7684678979541943,1,23
m_film,2500,5500,validation,pooled,1.1687174915165022,1,23
m_lora,0,3000,train,Cho2017,0.5272346732427308,1,23
m_lora,0,3000,train,Dreyer2023,0.2483773573436558,1,23
m_lora,0,3000,train,PhysionetMI,0.0369608552525745,1,23
m_lora,0,3000,train,pooled,0.2168560528083052,1,23
m_lora,0,3000,validation,Cho2017,0.7285402423864433,1,23
m_lora,0,3000,validation,Dreyer2023,0.5843717773755391,1,23
m_lora,0,3000,validation,PhysionetMI,1.1455337327459585,1,23
m_lora,0,3000,validation,pooled,0.8658145275425931,1,23
m_lora,250,3250,train,Cho2017,0.5723068843854525,1,23
m_lora,250,3250,train,Dreyer2023,0.2919541743701294,1,23
m_lora,250,3250,train,PhysionetMI,0.0283159795785377,1,23
m_lora,250,3250,train,pooled,0.2378939605002428,1,23
m_lora,250,3250,validation,Cho2017,0.773784700858787,1,23
m_lora,250,3250,validation,Dreyer2023,0.7101309465037452,1,23
m_lora,250,3250,validation,PhysionetMI,1.1407332809075066,1,23
m_lora,250,3250,validation,pooled,0.9156550405398706,1,23
m_lora,500,3500,train,Cho2017,0.5685011097188905,1,23
m_lora,500,3500,train,Dreyer2023,0.1891328115265663,1,23
m_lora,500,3500,train,PhysionetMI,0.0262170028666171,1,23
m_lora,500,3500,train,pooled,0.2008538600015944,1,23
m_lora,500,3500,validation,Cho2017,0.7355562297353754,1,23
m_lora,500,3500,validation,Dreyer2023,0.5663868029912312,1,23
m_lora,500,3500,validation,PhysionetMI,1.3563894940459211,1,23
m_lora,500,3500,validation,pooled,0.955092316069792,1,23
m_lora,750,3750,train,Cho2017,0.6107620946912782,1,23
m_lora,750,3750,train,Dreyer2023,0.2408575737531631,1,23
m_lora,750,3750,train,PhysionetMI,0.0220866633610831,1,23
m_lora,750,3750,train,pooled,0.2260494075146799,1,23
m_lora,750,3750,validation,Cho2017,0.6591813974260003,1,23
m_lora,750,3750,validation,Dreyer2023,0.7728033622105918,1,23
m_lora,750,3750,validation,PhysionetMI,1.3426324699236,1,23
m_lora,750,3750,validation,pooled,1.0008114179086862,1,23
m_lora,1000,4000,train,Cho2017,0.5110246749179908,1,23
m_lora,1000,4000,train,Dreyer2023,0.1943756619006546,1,23
m_lora,1000,4000,train,PhysionetMI,0.0118423948681015,1,23
m_lora,1000,4000,train,pooled,0.1837753762274742,1,23
m_lora,1000,4000,validation,Cho2017,0.6119308213400655,1,23
m_lora,1000,4000,validation,Dreyer2023,0.605767587158415,1,23
m_lora,1000,4000,validation,PhysionetMI,1.493547444758208,1,23
m_lora,1000,4000,validation,pooled,1.0017060203542452,1,23
m_lora,1250,4250,train,Cho2017,0.53775794588021,1,23
m_lora,1250,4250,train,Dreyer2023,0.235189995859798,1,23
m_lora,1250,4250,train,PhysionetMI,0.0166596440524582,1,23
m_lora,1250,4250,train,pooled,0.2057448367888637,1,23
m_lora,1250,4250,validation,Cho2017,0.9034070740733297,1,23
m_lora,1250,4250,validation,Dreyer2023,0.8158993802136845,1,23
m_lora,1250,4250,validation,PhysionetMI,1.7908972035283628,1,23
m_lora,1250,4250,validation,pooled,1.2686779003223516,1,23
m_lora,1500,4500,train,Cho2017,0.5669999428230614,1,23
m_lora,1500,4500,train,Dreyer2023,0.1785140179973657,1,23
m_lora,1500,4500,train,PhysionetMI,0.0258095789218058,1,23
m_lora,1500,4500,train,pooled,0.1967024838373616,1,23
m_lora,1500,4500,validation,Cho2017,0.8034951450754306,1,23
m_lora,1500,4500,validation,Dreyer2023,0.6395473771625094,1,23
m_lora,1500,4500,validation,PhysionetMI,1.525918380073879,1,23
m_lora,1500,4500,validation,pooled,1.0699228824371003,1,23
m_lora,1750,4750,train,Cho2017,0.6091733992155138,1,23
m_lora,1750,4750,train,Dreyer2023,0.2092348897973035,1,23
m_lora,1750,4750,train,PhysionetMI,0.0075770861397525,1,23
m_lora,1750,4750,train,pooled,0.20849552516899,1,23
m_lora,1750,4750,validation,Cho2017,0.8799373887316324,1,23
m_lora,1750,4750,validation,Dreyer2023,0.8689566075801848,1,23
m_lora,1750,4750,validation,PhysionetMI,1.6301007167152737,1,23
m_lora,1750,4750,validation,pooled,1.2096830518961017,1,23
m_lora,2000,5000,train,Cho2017,0.56031160844752,1,23
m_lora,2000,5000,train,Dreyer2023,0.2026885207434566,1,23
m_lora,2000,5000,train,PhysionetMI,0.0220538621048881,1,23
m_lora,2000,5000,train,pooled,0.2018902337955056,1,23
m_lora,2000,5000,validation,Cho2017,0.8701190082248742,1,23
m_lora,2000,5000,validation,Dreyer2023,0.6055874731805589,1,23
m_lora,2000,5000,validation,PhysionetMI,1.73810016590616,1,23
m_lora,2000,5000,validation,pooled,1.1677112332906738,1,23
m_film,0,3000,train,Cho2017,0.6445842406180528,1,37
m_film,0,3000,train,Dreyer2023,0.3726654600764001,1,37
m_film,0,3000,train,PhysionetMI,0.1292739120801468,1,37
m_film,0,3000,train,pooled,0.3256241602439647,1,37
m_film,0,3000,validation,Cho2017,0.5664719514083116,1,37
m_film,0,3000,validation,Dreyer2023,0.527327311038971,1,37
m_film,0,3000,validation,PhysionetMI,0.8584372647430585,1,37
m_film,0,3000,validation,pooled,0.6831860994339745,1,37
m_film,250,3250,train,Cho2017,0.9505724455053742,1,37
m_film,250,3250,train,Dreyer2023,0.3747680999168826,1,37
m_film,250,3250,train,PhysionetMI,0.1234266440627408,1,37
m_film,250,3250,train,pooled,0.3907769345533778,1,37
m_film,250,3250,validation,Cho2017,0.7929660099744797,1,37
m_film,250,3250,validation,Dreyer2023,0.522785751024882,1,37
m_film,250,3250,validation,PhysionetMI,0.7692416984102001,1,37
m_film,250,3250,validation,pooled,0.6923617851849341,1,37
m_film,500,3500,train,Cho2017,1.5050568208376969,1,37
m_film,500,3500,train,Dreyer2023,0.4236939134274831,1,37
m_film,500,3500,train,PhysionetMI,0.085537907230079,1,37
m_film,500,3500,train,pooled,0.5123736951764181,1,37
m_film,500,3500,validation,Cho2017,1.3626457212032983,1,37
m_film,500,3500,validation,Dreyer2023,0.623487056626214,1,37
m_film,500,3500,validation,PhysionetMI,1.030599859745606,1,37
m_film,500,3500,validation,pooled,0.9686835612519624,1,37
m_film,750,3750,train,Cho2017,0.6971894576616988,1,37
m_film,750,3750,train,Dreyer2023,0.4176728205755353,1,37
m_film,750,3750,train,PhysionetMI,0.0803868333046817,1,37
m_film,750,3750,train,pooled,0.331181415333789,1,37
m_film,750,3750,validation,Cho2017,0.6332062128352118,1,37
m_film,750,3750,validation,Dreyer2023,0.5618344532118903,1,37
m_film,750,3750,validation,PhysionetMI,1.3372185256170188,1,37
m_film,750,3750,validation,pooled,0.9223099875304634,1,37
m_film,1000,4000,train,Cho2017,0.8823903170597176,1,37
m_film,1000,4000,train,Dreyer2023,0.4025999094666326,1,37
m_film,1000,4000,train,PhysionetMI,0.0518236641543805,1,37
m_film,1000,4000,train,pooled,0.354048447501174,1,37
m_film,1000,4000,validation,Cho2017,0.807824897216633,1,37
m_film,1000,4000,validation,Dreyer2023,0.6150201572312249,1,37
m_film,1000,4000,validation,PhysionetMI,1.0360014244266178,1,37
m_film,1000,4000,validation,pooled,0.8449684404259347,1,37
m_film,1250,4250,train,Cho2017,0.6169405898851184,1,37
m_film,1250,4250,train,Dreyer2023,0.3976375777996394,1,37
m_film,1250,4250,train,PhysionetMI,0.0475604395966411,1,37
m_film,1250,4250,train,pooled,0.2923624489247332,1,37
m_film,1250,4250,validation,Cho2017,0.5447954326981562,1,37
m_film,1250,4250,validation,Dreyer2023,0.5769460512532129,1,37
m_film,1250,4250,validation,PhysionetMI,1.2363680568726163,1,37
m_film,1250,4250,validation,pooled,0.8628779162940464,1,37
m_film,1500,4500,train,Cho2017,0.6034578629395179,1,37
m_film,1500,4500,train,Dreyer2023,0.3573111372400006,1,37
m_film,1500,4500,train,PhysionetMI,0.0405000039321869,1,37
m_film,1500,4500,train,pooled,0.2724792140808522,1,37
m_film,1500,4500,validation,Cho2017,0.5293754290835933,1,37
m_film,1500,4500,validation,Dreyer2023,0.5340457479159038,1,37
m_film,1500,4500,validation,PhysionetMI,1.22538161277771,1,37
m_film,1500,4500,validation,pooled,0.8402682836695264,1,37
m_film,1750,4750,train,Cho2017,0.6710076387266856,1,37
m_film,1750,4750,train,Dreyer2023,0.3461374966899066,1,37
m_film,1750,4750,train,PhysionetMI,0.0212992366513289,1,37
m_film,1750,4750,train,pooled,0.2750260411426053,1,37
m_film,1750,4750,validation,Cho2017,0.7557275141775608,1,37
m_film,1750,4750,validation,Dreyer2023,0.5621673703193665,1,37
m_film,1750,4750,validation,PhysionetMI,1.4629003172335415,1,37
m_film,1750,4750,validation,pooled,1.0055064898052652,1,37
m_film,2000,5000,train,Cho2017,0.6373744903303482,1,37
m_film,2000,5000,train,Dreyer2023,0.3421544975851408,1,37
m_film,2000,5000,train,PhysionetMI,0.0261431040292437,1,37
m_film,2000,5000,train,pooled,0.2684166076942313,1,37
m_film,2000,5000,validation,Cho2017,0.5345737374015153,1,37
m_film,2000,5000,validation,Dreyer2023,0.569457663430108,1,37
m_film,2000,5000,validation,PhysionetMI,1.465147236119146,1,37
m_film,2000,5000,validation,pooled,0.9597899343966596,1,37
m_lora,0,3000,train,Cho2017,0.6006932341293978,1,37
m_lora,0,3000,train,Dreyer2023,0.3215488079443281,1,37
m_lora,0,3000,train,PhysionetMI,0.0388192356259257,1,37
m_lora,0,3000,train,pooled,0.2588645204726464,1,37
m_lora,0,3000,validation,Cho2017,0.5681785144843161,1,37
m_lora,0,3000,validation,Dreyer2023,0.7040432744556003,1,37
m_lora,0,3000,validation,PhysionetMI,1.0122957747915518,1,37
m_lora,0,3000,validation,pooled,0.8108522168335156,1,37
m_lora,250,3250,train,Cho2017,0.59744785363207,1,37
m_lora,250,3250,train,Dreyer2023,0.2432203603910991,1,37
m_lora,250,3250,train,PhysionetMI,0.036546134191974,1,37
m_lora,250,3250,train,pooled,0.2302767184454226,1,37
m_lora,250,3250,validation,Cho2017,0.5447184352064505,1,37
m_lora,250,3250,validation,Dreyer2023,0.5781645059585572,1,37
m_lora,250,3250,validation,PhysionetMI,1.0934780395549275,1,37
m_lora,250,3250,validation,pooled,0.7997602829453648,1,37
m_lora,500,3500,train,Cho2017,0.6599829414580856,1,37
m_lora,500,3500,train,Dreyer2023,0.2239109443635902,1,37
m_lora,500,3500,train,PhysionetMI,0.0702354289399512,1,37
m_lora,500,3500,train,pooled,0.2520924576839869,1,37
m_lora,500,3500,validation,Cho2017,0.8418578412281932,1,37
m_lora,500,3500,validation,Dreyer2023,0.6337242828475105,1,37
m_lora,500,3500,validation,PhysionetMI,1.4233536849851194,1,37
m_lora,500,3500,validation,pooled,1.0309225856599329,1,37
m_lora,750,3750,train,Cho2017,0.5919416486847776,1,37
m_lora,750,3750,train,Dreyer2023,0.234421944190575,1,37
m_lora,750,3750,train,PhysionetMI,0.0383361278349008,1,37
m_lora,750,3750,train,pooled,0.2268354273619691,1,37
m_lora,750,3750,validation,Cho2017,0.6291820440854644,1,37
m_lora,750,3750,validation,Dreyer2023,0.6064793550305896,1,37
m_lora,750,3750,validation,PhysionetMI,1.347202428009199,1,37
m_lora,750,3750,validation,pooled,0.940734651699944,1,37
m_lora,1000,4000,train,Cho2017,0.7222522843680618,1,37
m_lora,1000,4000,train,Dreyer2023,0.2849988801936708,1,37
m_lora,1000,4000,train,PhysionetMI,0.0704410500845208,1,37
m_lora,1000,4000,train,pooled,0.2867805164444126,1,37
m_lora,1000,4000,validation,Cho2017,0.7749328117305412,1,37
m_lora,1000,4000,validation,Dreyer2023,0.6672565102577209,1,37
m_lora,1000,4000,validation,PhysionetMI,1.499665183217629,1,37
m_lora,1000,4000,validation,pooled,1.0611439874560846,1,37
m_lora,1250,4250,train,Cho2017,0.6045157919038163,1,37
m_lora,1250,4250,train,Dreyer2023,0.2137110499986143,1,37
m_lora,1250,4250,train,PhysionetMI,0.0248252109723524,1,37
m_lora,1250,4250,train,pooled,0.2165644426764195,1,37
m_lora,1250,4250,validation,Cho2017,0.605465567340143,1,37
m_lora,1250,4250,validation,Dreyer2023,0.5706299692392349,1,37
m_lora,1250,4250,validation,PhysionetMI,1.286746418994406,1,37
m_lora,1250,4250,validation,pooled,0.8966451909306239,1,37
m_lora,1500,4500,train,Cho2017,0.5756699676993843,1,37
m_lora,1500,4500,train,Dreyer2023,0.1683055839432866,1,37
m_lora,1500,4500,train,PhysionetMI,0.0104855592958592,1,37
m_lora,1500,4500,train,pooled,0.1883872429673457,1,37
m_lora,1500,4500,validation,Cho2017,0.5935019849790114,1,37
m_lora,1500,4500,validation,Dreyer2023,0.5208855019675361,1,37
m_lora,1500,4500,validation,PhysionetMI,1.5423667042151743,1,37
m_lora,1500,4500,validation,pooled,0.9910141436357032,1,37
m_lora,1750,4750,train,Cho2017,0.6467318333493447,1,37
m_lora,1750,4750,train,Dreyer2023,0.224001341008396,1,37
m_lora,1750,4750,train,PhysionetMI,0.0154565190542119,1,37
m_lora,1750,4750,train,pooled,0.225236319659316,1,37
m_lora,1750,4750,validation,Cho2017,0.9595530101539942,1,37
m_lora,1750,4750,validation,Dreyer2023,0.639934472905265,1,37
m_lora,1750,4750,validation,PhysionetMI,1.5808825648349265,1,37
m_lora,1750,4750,validation,pooled,1.1291599664848322,1,37
m_lora,2000,5000,train,Cho2017,0.5548187392659021,1,37
m_lora,2000,5000,train,Dreyer2023,0.2043967634508414,1,37
m_lora,2000,5000,train,PhysionetMI,0.0144815057362449,1,37
m_lora,2000,5000,train,pooled,0.1979582074406467,1,37
m_lora,2000,5000,validation,Cho2017,0.6576749344915152,1,37
m_lora,2000,5000,validation,Dreyer2023,0.7297582043541802,1,37
m_lora,2000,5000,validation,PhysionetMI,1.2667019859604214,1,37
m_lora,2000,5000,validation,pooled,0.9523813806541396,1,37
m_lora,2250,5250,train,Cho2017,0.6190292986166213,1,37
m_lora,2250,5250,train,Dreyer2023,0.1960364497742724,1,37
m_lora,2250,5250,train,PhysionetMI,0.0183178588041215,1,37
m_lora,2250,5250,train,pooled,0.2108267437114069,1,37
m_lora,2250,5250,validation,Cho2017,0.8042540356703103,1,37
m_lora,2250,5250,validation,Dreyer2023,0.5745122220781115,1,37
m_lora,2250,5250,validation,PhysionetMI,1.6786798964376035,1,37
m_lora,2250,5250,validation,pooled,1.116307147036152,1,37
m_film,0,3000,train,Cho2017,0.6782052020768862,1,53
m_film,0,3000,train,Dreyer2023,0.4224446698704316,1,53
m_film,0,3000,train,PhysionetMI,0.2805105346750031,1,53
m_film,0,3000,train,pooled,0.4162909047057991,1,53
m_film,0,3000,validation,Cho2017,0.5823285551369191,1,53
m_film,0,3000,validation,Dreyer2023,0.4860325309965346,1,53
m_film,0,3000,validation,PhysionetMI,0.6856856890346693,1,53
m_film,0,3000,validation,pooled,0.5961663843780132,1,53
m_film,250,3250,train,Cho2017,0.6352398463842032,1,53
m_film,250,3250,train,Dreyer2023,0.4216250178206666,1,53
m_film,250,3250,train,PhysionetMI,0.2488007407266278,1,53
m_film,250,3250,train,pooled,0.3927182258200274,1,53
m_film,250,3250,validation,Cho2017,0.5569260333478451,1,53
m_film,250,3250,validation,Dreyer2023,0.5269499275419447,1,53
m_film,250,3250,validation,PhysionetMI,0.7181762975195181,1,53
m_film,250,3250,validation,pooled,0.6186007821555107,1,53
m_film,500,3500,train,Cho2017,0.7652204469275904,1,53
m_film,500,3500,train,Dreyer2023,0.4344228921894441,1,53
m_film,500,3500,train,PhysionetMI,0.2075019860640168,1,53
m_film,500,3500,train,pooled,0.4074842085919872,1,53
m_film,500,3500,validation,Cho2017,0.680827534943819,1,53
m_film,500,3500,validation,Dreyer2023,0.5026864926020305,1,53
m_film,500,3500,validation,PhysionetMI,0.8255938732105753,1,53
m_film,500,3500,validation,pooled,0.6857877822817813,1,53
m_film,750,3750,train,Cho2017,0.6767050652246217,1,53
m_film,750,3750,train,Dreyer2023,0.4112158739917923,1,53
m_film,750,3750,train,PhysionetMI,0.1937274972105527,1,53
m_film,750,3750,train,pooled,0.3741091295764251,1,53
m_film,750,3750,validation,Cho2017,0.6532320433855057,1,53
m_film,750,3750,validation,Dreyer2023,0.492783957057529,1,53
m_film,750,3750,validation,PhysionetMI,0.555640415005062,1,53
m_film,750,3750,validation,pooled,0.5563752908848718,1,53
m_film,1000,4000,train,Cho2017,0.906231748523476,1,53
m_film,1000,4000,train,Dreyer2023,0.3832485141078313,1,53
m_film,1000,4000,train,PhysionetMI,0.3461412684113772,1,53
m_film,1000,4000,train,pooled,0.4814996590299688,1,53
m_film,1000,4000,validation,Cho2017,0.6571214191615582,1,53
m_film,1000,4000,validation,Dreyer2023,0.520671792825063,1,53
m_film,1000,4000,validation,PhysionetMI,0.7737685079159944,1,53
m_film,1000,4000,validation,pooled,0.6634813609402536,1,53
m_film,1250,4250,train,Cho2017,0.6462952023368698,1,53
m_film,1250,4250,train,Dreyer2023,0.3926978639431454,1,53
m_film,1250,4250,train,PhysionetMI,0.2169308086142626,1,53
m_film,1250,4250,train,pooled,0.3712560854001305,1,53
m_film,1250,4250,validation,Cho2017,0.6505845522880555,1,53
m_film,1250,4250,validation,Dreyer2023,0.5214280015892453,1,53
m_film,1250,4250,validation,PhysionetMI,1.006621435932491,1,53
m_film,1250,4250,validation,pooled,0.765770983674868,1,53
m_film,1500,4500,train,Cho2017,0.780624475743588,1,53
m_film,1500,4500,train,Dreyer2023,0.4133656832127818,1,53
m_film,1500,4500,train,PhysionetMI,0.1144743945457281,1,53
m_film,1500,4500,train,pooled,0.3628959788475621,1,53
m_film,1500,4500,validation,Cho2017,0.938046931978315,1,53
m_film,1500,4500,validation,Dreyer2023,0.6291953881581624,1,53
m_film,1500,4500,validation,PhysionetMI,0.8297552958778713,1,53
m_film,1500,4500,validation,pooled,0.7869668013269558,1,53
m_film,1750,4750,train,Cho2017,0.7004061729628761,1,53
m_film,1750,4750,train,Dreyer2023,0.3599499722308539,1,53
m_film,1750,4750,train,PhysionetMI,0.0783735943388322,1,53
m_film,1750,4750,train,pooled,0.311193921716506,1,53
m_film,1750,4750,validation,Cho2017,0.6588528181612492,1,53
m_film,1750,4750,validation,Dreyer2023,0.5200781650013393,1,53
m_film,1750,4750,validation,PhysionetMI,1.0774167827937915,1,53
m_film,1750,4750,validation,pooled,0.7986230291668536,1,53
m_film,2000,5000,train,Cho2017,0.6527130122872085,1,53
m_film,2000,5000,train,Dreyer2023,0.3899302067061989,1,53
m_film,2000,5000,train,PhysionetMI,0.0860675842257085,1,53
m_film,2000,5000,train,pooled,0.3144102643567378,1,53
m_film,2000,5000,validation,Cho2017,0.6145890069007873,1,53
m_film,2000,5000,validation,Dreyer2023,0.5635571983125475,1,53
m_film,2000,5000,validation,PhysionetMI,1.232391384632691,1,53
m_film,2000,5000,validation,pooled,0.8721572385855534,1,53
m_film,2250,5250,train,Cho2017,1.0518967443436118,1,53
m_film,2250,5250,train,Dreyer2023,0.5790593807630202,1,53
m_film,2250,5250,train,PhysionetMI,0.1787565779009873,1,53
m_film,2250,5250,train,pooled,0.5072994697611944,1,53
m_film,2250,5250,validation,Cho2017,0.872012538909912,1,53
m_film,2250,5250,validation,Dreyer2023,0.7206641170713636,1,53
m_film,2250,5250,validation,PhysionetMI,1.906395868114803,1,53
m_film,2250,5250,validation,pooled,1.281288989054792,1,53
m_film,2500,5500,train,Cho2017,0.6890847545271522,1,53
m_film,2500,5500,train,Dreyer2023,0.3571941820286314,1,53
m_film,2500,5500,train,PhysionetMI,0.0596555206865595,1,53
m_film,2500,5500,train,pooled,0.2995734142365127,1,53
m_film,2500,5500,validation,Cho2017,0.5692876841407268,1,53
m_film,2500,5500,validation,Dreyer2023,0.5243864085939195,1,53
m_film,2500,5500,validation,PhysionetMI,1.1794180559075396,1,53
m_film,2500,5500,validation,pooled,0.8254896464103747,1,53
m_film,2750,5750,train,Cho2017,0.8157577059662959,1,53
m_film,2750,5750,train,Dreyer2023,0.3565776595850617,1,53
m_film,2750,5750,train,PhysionetMI,0.0386289544298565,1,53
m_film,2750,5750,train,pooled,0.3178880591982006,1,53
m_film,2750,5750,validation,Cho2017,0.6625845592198312,1,53
m_film,2750,5750,validation,Dreyer2023,0.4911418974399567,1,53
m_film,2750,5750,validation,PhysionetMI,1.5720205747562903,1,53
m_film,2750,5750,validation,pooled,1.0096307899760772,1,53
m_lora,0,3000,train,Cho2017,0.6082214834329648,1,53
m_lora,0,3000,train,Dreyer2023,0.2696592127941947,1,53
m_lora,0,3000,train,PhysionetMI,0.0663538036985615,1,53
m_lora,0,3000,train,pooled,0.2547610100756008,1,53
m_lora,0,3000,validation,Cho2017,0.5915437298337929,1,53
m_lora,0,3000,validation,Dreyer2023,0.5138117631276448,1,53
m_lora,0,3000,validation,PhysionetMI,0.7741518798081771,1,53
m_lora,0,3000,validation,pooled,0.6467922520314698,1,53
m_lora,250,3250,train,Cho2017,0.9221663273615882,1,53
m_lora,250,3250,train,Dreyer2023,0.2920731359380887,1,53
m_lora,250,3250,train,PhysionetMI,0.063238495940572,1,53
m_lora,250,3250,train,pooled,0.3298227496827823,1,53
m_lora,250,3250,validation,Cho2017,0.953064964246005,1,53
m_lora,250,3250,validation,Dreyer2023,0.5863937192493015,1,53
m_lora,250,3250,validation,PhysionetMI,1.069524910139001,1,53
m_lora,250,3250,validation,pooled,0.8826011918662132,1,53
m_lora,500,3500,train,Cho2017,0.6811122929263727,1,53
m_lora,500,3500,train,Dreyer2023,0.2504824387786941,1,53
m_lora,500,3500,train,PhysionetMI,0.0469352547180964,1,53
m_lora,500,3500,train,pooled,0.2556351783229537,1,53
m_lora,500,3500,validation,Cho2017,0.6487930366513319,1,53
m_lora,500,3500,validation,Dreyer2023,0.5025547862052918,1,53
m_lora,500,3500,validation,PhysionetMI,0.9087858925695004,1,53
m_lora,500,3500,validation,pooled,0.7155993335773935,1,53
m_lora,750,3750,train,Cho2017,0.6061866220932555,1,53
m_lora,750,3750,train,Dreyer2023,0.2888953191745348,1,53
m_lora,750,3750,train,PhysionetMI,0.054443319477425,1,53
m_lora,750,3750,train,pooled,0.2557020069284197,1,53
m_lora,750,3750,validation,Cho2017,0.6104331066645682,1,53
m_lora,750,3750,validation,Dreyer2023,0.6322858379946814,1,53
m_lora,750,3750,validation,PhysionetMI,1.244076474853184,1,53
m_lora,750,3750,validation,pooled,0.8993366251917685,1,53
m_lora,1000,4000,train,Cho2017,0.8752011875884589,1,53
m_lora,1000,4000,train,Dreyer2023,0.2525625585217716,1,53
m_lora,1000,4000,train,PhysionetMI,0.0690377814694927,1,53
m_lora,1000,4000,train,pooled,0.3085199299631846,1,53
m_lora,1000,4000,validation,Cho2017,1.022904952634126,1,53
m_lora,1000,4000,validation,Dreyer2023,0.5963864929146238,1,53
m_lora,1000,4000,validation,PhysionetMI,1.0698162680086882,1,53
m_lora,1000,4000,validation,pooled,0.9015816062274308,1,53
m_lora,1250,4250,train,Cho2017,0.5894664810788356,1,53
m_lora,1250,4250,train,Dreyer2023,0.2134841494060677,1,53
m_lora,1250,4250,train,PhysionetMI,0.0488383233497269,1,53
m_lora,1250,4250,train,pooled,0.2237063691914121,1,53
m_lora,1250,4250,validation,Cho2017,0.6298077348154039,1,53
m_lora,1250,4250,validation,Dreyer2023,0.5799368070231543,1,53
m_lora,1250,4250,validation,PhysionetMI,1.083414850027665,1,53
m_lora,1250,4250,validation,pooled,0.8147872545345478,1,53
m_lora,1500,4500,train,Cho2017,0.5728851577316973,1,53
m_lora,1500,4500,train,Dreyer2023,0.2179790259257772,1,53
m_lora,1500,4500,train,PhysionetMI,0.0182191284512382,1,53
m_lora,1500,4500,train,pooled,0.2082115375453225,1,53
m_lora,1500,4500,validation,Cho2017,0.6391763337608427,1,53
m_lora,1500,4500,validation,Dreyer2023,0.5598913146389856,1,53
m_lora,1500,4500,validation,PhysionetMI,1.1714718886043711,1,53
m_lora,1500,4500,validation,pooled,0.8493237962062365,1,53
m_lora,1750,4750,train,Cho2017,0.5546138376521098,1,53
m_lora,1750,4750,train,Dreyer2023,0.2646141971798643,1,53
m_lora,1750,4750,train,PhysionetMI,0.0252818876432277,1,53
m_lora,1750,4750,train,pooled,0.2233088468352605,1,53
m_lora,1750,4750,validation,Cho2017,0.6411835053580579,1,53
m_lora,1750,4750,validation,Dreyer2023,0.6280253251393636,1,53
m_lora,1750,4750,validation,PhysionetMI,1.0473679407783176,1,53
m_lora,1750,4750,validation,pooled,0.8173238610274974,1,53
m_lora,2000,5000,train,Cho2017,0.5542655061445878,1,53
m_lora,2000,5000,train,Dreyer2023,0.2513657096513274,1,53
m_lora,2000,5000,train,PhysionetMI,0.0256484524671206,1,53
m_lora,2000,5000,train,pooled,0.2188462743768855,1,53
m_lora,2000,5000,validation,Cho2017,0.5639733331557364,1,53
m_lora,2000,5000,validation,Dreyer2023,0.6274099270502727,1,53
m_lora,2000,5000,validation,PhysionetMI,0.9292219644007476,1,53
m_lora,2000,5000,validation,pooled,0.747451589451698,1,53
m_film,0,3000,train,Cho2017,0.6146655602622274,1,71
m_film,0,3000,train,Dreyer2023,0.3574009297521187,1,71
m_film,0,3000,train,PhysionetMI,0.0995710166931913,1,71
m_film,0,3000,train,pooled,0.3008292005362216,1,71
m_film,0,3000,validation,Cho2017,0.5709647562913597,1,71
m_film,0,3000,validation,Dreyer2023,0.5809521012836033,1,71
m_film,0,3000,validation,PhysionetMI,1.0754327838835511,1,71
m_film,0,3000,validation,pooled,0.7985018835519704,1,71
m_film,250,3250,train,Cho2017,0.6229834748695495,1,71
m_film,250,3250,train,Dreyer2023,0.3979243749314479,1,71
m_film,250,3250,train,PhysionetMI,0.061742319942273,1,71
m_film,250,3250,train,pooled,0.2999936922599143,1,71
m_film,250,3250,validation,Cho2017,0.6063804864045232,1,71
m_film,250,3250,validation,Dreyer2023,0.5694499029053581,1,71
m_film,250,3250,validation,PhysionetMI,1.1582783512447192,1,71
m_film,250,3250,validation,pooled,0.8393582318337776,1,71
m_film,500,3500,train,Cho2017,0.6009566127325969,1,71
m_film,500,3500,train,Dreyer2023,0.3590766321029034,1,71
m_film,500,3500,train,PhysionetMI,0.0492947775895732,1,71
m_film,500,3500,train,pooled,0.2763884785485379,1,71
m_film,500,3500,validation,Cho2017,0.5243672670144588,1,71
m_film,500,3500,validation,Dreyer2023,0.519349283642239,1,71
m_film,500,3500,validation,PhysionetMI,1.0519240679948227,1,71
m_film,500,3500,validation,pooled,0.7571642952149917,1,71
m_film,750,3750,train,Cho2017,0.6521891941903747,1,71
m_film,750,3750,train,Dreyer2023,0.3805440553451075,1,71
m_film,750,3750,train,PhysionetMI,0.0267479301386236,1,71
m_film,750,3750,train,pooled,0.2851000131675636,1,71
m_film,750,3750,validation,Cho2017,0.7185983888676856,1,71
m_film,750,3750,validation,Dreyer2023,0.7413569331169128,1,71
m_film,750,3750,validation,PhysionetMI,1.2103009016617483,1,71
m_film,750,3750,validation,pooled,0.9447190204147892,1,71
m_film,1000,4000,train,Cho2017,0.5975798504914551,1,71
m_film,1000,4000,train,Dreyer2023,0.3403498849526248,1,71
m_film,1000,4000,train,PhysionetMI,0.0348228650601891,1,71
m_film,1000,4000,train,pooled,0.2628854426620715,1,71
m_film,1000,4000,validation,Cho2017,0.5944349023798714,1,71
m_film,1000,4000,validation,Dreyer2023,0.5254507541656493,1,71
m_film,1000,4000,validation,PhysionetMI,1.4009535830953848,1,71
m_film,1000,4000,validation,pooled,0.9298929332931366,1,71
m_film,1250,4250,train,Cho2017,0.59143138578665,1,71
m_film,1250,4250,train,Dreyer2023,0.347459223202374,1,71
m_film,1250,4250,train,PhysionetMI,0.0282076841751644,1,71
m_film,1250,4250,train,pooled,0.2610826322414551,1,71
m_film,1250,4250,validation,Cho2017,0.5938014664617367,1,71
m_film,1250,4250,validation,Dreyer2023,0.6764849874708387,1,71
m_film,1250,4250,validation,PhysionetMI,1.380077470903811,1,71
m_film,1250,4250,validation,pooled,0.9708186421056928,1,71
m_film,1500,4500,train,Cho2017,0.5994021911959758,1,71
m_film,1500,4500,train,Dreyer2023,0.3887989300356316,1,71
m_film,1500,4500,train,PhysionetMI,0.0174630893085701,1,71
m_film,1500,4500,train,pooled,0.2723105776636209,1,71
m_film,1500,4500,validation,Cho2017,0.5789795449521625,1,71
m_film,1500,4500,validation,Dreyer2023,0.9226714584562514,1,71
m_film,1500,4500,validation,PhysionetMI,1.5477689245472783,1,71
m_film,1500,4500,validation,pooled,1.1241165737180214,1,71
m_film,1750,4750,train,Cho2017,0.5936960516878833,1,71
m_film,1750,4750,train,Dreyer2023,0.3018622689355154,1,71
m_film,1750,4750,train,PhysionetMI,0.0189800394318836,1,71
m_film,1750,4750,train,pooled,0.2418892806430234,1,71
m_film,1750,4750,validation,Cho2017,0.5326214462337158,1,71
m_film,1750,4750,validation,Dreyer2023,0.6816928770807054,1,71
m_film,1750,4750,validation,PhysionetMI,1.4143085065095322,1,71
m_film,1750,4750,validation,pooled,0.9741728388608528,1,71
m_film,2000,5000,train,Cho2017,0.5717630825436733,1,71
m_film,2000,5000,train,Dreyer2023,0.273851402246317,1,71
m_film,2000,5000,train,PhysionetMI,0.0151735642197505,1,71
m_film,2000,5000,train,pooled,0.2258074505128037,1,71
m_film,2000,5000,validation,Cho2017,0.5260022671072511,1,71
m_film,2000,5000,validation,Dreyer2023,0.6630420989460415,1,71
m_film,2000,5000,validation,PhysionetMI,1.7635599893072378,1,71
m_film,2000,5000,validation,pooled,1.1217078653646195,1,71
m_film,2250,5250,train,Cho2017,0.5870022258565233,1,71
m_film,2250,5250,train,Dreyer2023,0.3218287973528779,1,71
m_film,2250,5250,train,PhysionetMI,0.0181119562083865,1,71
m_film,2250,5250,train,pooled,0.2468960790685141,1,71
m_film,2250,5250,validation,Cho2017,0.5611745679835439,1,71
m_film,2250,5250,validation,Dreyer2023,0.8301763402091131,1,71
m_film,2250,5250,validation,PhysionetMI,2.0997413915136587,1,71
m_film,2250,5250,validation,pooled,1.3346493025165629,1,71
m_film,2500,5500,train,Cho2017,0.6092390037838132,1,71
m_film,2500,5500,train,Dreyer2023,0.270671161430524,1,71
m_film,2500,5500,train,PhysionetMI,0.0279894583698787,1,71
m_film,2500,5500,train,pooled,0.2385324877061687,1,71
m_film,2500,5500,validation,Cho2017,0.5862179478257895,1,71
m_film,2500,5500,validation,Dreyer2023,0.6917493065198262,1,71
m_film,2500,5500,validation,PhysionetMI,1.7910663459611975,1,71
m_film,2500,5500,validation,pooled,1.1568832443395385,1,71
m_lora,0,3000,train,Cho2017,0.6929940515660118,1,71
m_lora,0,3000,train,Dreyer2023,0.3376232168522617,1,71
m_lora,0,3000,train,PhysionetMI,0.0818311783059547,1,71
m_lora,0,3000,train,pooled,0.3034226844971259,1,71
m_lora,0,3000,validation,Cho2017,0.6654170603147941,1,71
m_lora,0,3000,validation,Dreyer2023,0.5292113284269968,1,71
m_lora,0,3000,validation,PhysionetMI,0.9404283995213716,1,71
m_lora,0,3000,validation,pooled,0.7422424115551184,1,71
m_lora,250,3250,train,Cho2017,0.6394869386425518,1,71
m_lora,250,3250,train,Dreyer2023,0.2704738049972872,1,71
m_lora,250,3250,train,PhysionetMI,0.1005675258331683,1,71
m_lora,250,3250,train,pooled,0.2768668303625534,1,71
m_lora,250,3250,validation,Cho2017,0.6150343367597089,1,71
m_lora,250,3250,validation,Dreyer2023,0.4933378597100575,1,71
m_lora,250,3250,validation,PhysionetMI,1.1220086592694989,1,71
m_lora,250,3250,validation,pooled,0.7997907655252873,1,71
m_lora,500,3500,train,Cho2017,0.623290956821817,1,71
m_lora,500,3500,train,Dreyer2023,0.427504376704139,1,71
m_lora,500,3500,train,PhysionetMI,0.063571210983475,1,71
m_lora,500,3500,train,pooled,0.3110135435741091,1,71
m_lora,500,3500,validation,Cho2017,0.5872765781730414,1,71
m_lora,500,3500,validation,Dreyer2023,0.6101114670435588,1,71
m_lora,500,3500,validation,PhysionetMI,0.8282889788565428,1,71
m_lora,500,3500,validation,pooled,0.7020048303225478,1,71
m_lora,750,3750,train,Cho2017,0.6896702658971939,1,71
m_lora,750,3750,train,Dreyer2023,0.2375339649018799,1,71
m_lora,750,3750,train,PhysionetMI,0.0843554321499968,1,71
m_lora,750,3750,train,pooled,0.2694501288852367,1,71
m_lora,750,3750,validation,Cho2017,0.7745088746257535,1,71
m_lora,750,3750,validation,Dreyer2023,0.5473525318834517,1,71
m_lora,750,3750,validation,PhysionetMI,1.334064623583918,1,71
m_lora,750,3750,validation,pooled,0.9474815376930594,1,71
m_lora,1000,4000,train,Cho2017,0.6200451563776398,1,71
m_lora,1000,4000,train,Dreyer2023,0.7203533134043358,1,71
m_lora,1000,4000,train,PhysionetMI,0.062480203390671,1,71
m_lora,1000,4000,train,pooled,0.4103295740493125,1,71
m_lora,1000,4000,validation,Cho2017,0.6524420696077868,1,71
m_lora,1000,4000,validation,Dreyer2023,1.6395107613669502,1,71
m_lora,1000,4000,validation,PhysionetMI,0.96991679461106,1,71
m_lora,1000,4000,validation,pooled,1.122564844640074,1,71
m_lora,1250,4250,train,Cho2017,0.6046187527135418,1,71
m_lora,1250,4250,train,Dreyer2023,0.2560810377083245,1,71
m_lora,1250,4250,train,PhysionetMI,0.0473483582250107,1,71
m_lora,1250,4250,train,pooled,0.2409903700954713,1,71
m_lora,1250,4250,validation,Cho2017,0.6140343093668343,1,71
m_lora,1250,4250,validation,Dreyer2023,0.6425272729661731,1,71
m_lora,1250,4250,validation,PhysionetMI,1.202818748743638,1,71
m_lora,1250,4250,validation,pooled,0.8852139369563043,1,71
m_lora,1500,4500,train,Cho2017,0.623767948949013,1,71
m_lora,1500,4500,train,Dreyer2023,0.238421378044401,1,71
m_lora,1500,4500,train,PhysionetMI,0.0294770758488876,1,71
m_lora,1500,4500,train,pooled,0.2312967908313989,1,71
m_lora,1500,4500,validation,Cho2017,0.5572633302929898,1,71
m_lora,1500,4500,validation,Dreyer2023,0.5289997941917843,1,71
m_lora,1500,4500,validation,PhysionetMI,1.3249058098248812,1,71
m_lora,1500,4500,validation,pooled,0.8890165869400956,1,71
m_lora,1750,4750,train,Cho2017,0.6298222119958552,1,71
m_lora,1750,4750,train,Dreyer2023,0.221422839170407,1,71
m_lora,1750,4750,train,PhysionetMI,0.0507792676028578,1,71
m_lora,1750,4750,train,pooled,0.2361160492209569,1,71
m_lora,1750,4750,validation,Cho2017,0.5639487133175135,1,71
m_lora,1750,4750,validation,Dreyer2023,0.6062100470066071,1,71
m_lora,1750,4750,validation,PhysionetMI,0.8666191101074219,1,71
m_lora,1750,4750,validation,pooled,0.7125560008982817,1,71
m_lora,2000,5000,train,Cho2017,0.6138279359696249,1,71
m_lora,2000,5000,train,Dreyer2023,0.2651499700413794,1,71
m_lora,2000,5000,train,PhysionetMI,0.0391126473867309,1,71
m_lora,2000,5000,train,pooled,0.2425128272183089,1,71
m_lora,2000,5000,validation,Cho2017,0.5824133221153169,1,71
m_lora,2000,5000,validation,Dreyer2023,0.7247242344750299,1,71
m_lora,2000,5000,validation,PhysionetMI,1.609138882678488,1,71
m_lora,2000,5000,validation,pooled,1.0861727642632977,1,71
m_lora,2250,5250,train,Cho2017,0.838627797182561,1,71
m_lora,2250,5250,train,Dreyer2023,0.3862647575405513,1,71
m_lora,2250,5250,train,PhysionetMI,0.0679526473556621,1,71
m_lora,2250,5250,train,pooled,0.34592355229246,1,71
m_lora,2250,5250,validation,Cho2017,0.8342480198130944,1,71
m_lora,2250,5250,validation,Dreyer2023,0.809721032778422,1,71
m_lora,2250,5250,validation,PhysionetMI,1.7210471396860871,1,71
m_lora,2250,5250,validation,pooled,1.2202052996339778,1,71
m_lora,2500,5500,train,Cho2017,0.6401409370713943,1,71
m_lora,2500,5500,train,Dreyer2023,0.2158483467317434,1,71
m_lora,2500,5500,train,PhysionetMI,0.0686480905867654,1,71
m_lora,2500,5500,train,pooled,0.2442862573106707,1,71
m_lora,2500,5500,validation,Cho2017,0.5716500277072192,1,71
m_lora,2500,5500,validation,Dreyer2023,0.6028308120038774,1,71
m_lora,2500,5500,validation,PhysionetMI,1.1744005680084229,1,71
m_lora,2500,5500,validation,pooled,0.8499327514955292,1,71
m_film,0,3000,train,Cho2017,1.315247967498083,2,11
m_film,0,3000,train,Dreyer2023,0.5072067534101421,2,11
m_film,0,3000,train,PhysionetMI,0.4014417615749904,2,11
m_film,0,3000,train,pooled,0.6417888518780275,2,11
m_film,0,3000,validation,Cho2017,1.049183171888581,2,11
m_film,0,3000,validation,Dreyer2023,0.5478252371152242,2,11
m_film,0,3000,validation,PhysionetMI,0.8042186705962471,2,11
m_film,0,3000,validation,pooled,0.7731907486119802,2,11
m_film,250,3250,train,Cho2017,0.8944216293563632,2,11
m_film,250,3250,train,Dreyer2023,0.7000326491721061,2,11
m_film,250,3250,train,PhysionetMI,0.31629792313139,2,11
m_film,250,3250,train,pooled,0.5764468345838047,2,11
m_film,250,3250,validation,Cho2017,1.3320423467690126,2,11
m_film,250,3250,validation,Dreyer2023,0.7514796634515126,2,11
m_film,250,3250,validation,PhysionetMI,0.4714661532122156,2,11
m_film,250,3250,validation,pooled,0.7560431440823805,2,11
m_film,500,3500,train,Cho2017,1.368857817790765,2,11
m_film,500,3500,train,Dreyer2023,0.4605636141787486,2,11
m_film,500,3500,train,PhysionetMI,0.2408467691570699,2,11
m_film,500,3500,train,pooled,0.5679526330355275,2,11
m_film,500,3500,validation,Cho2017,1.8116783749079333,2,11
m_film,500,3500,validation,Dreyer2023,0.5191747890578376,2,11
m_film,500,3500,validation,PhysionetMI,0.5194536110629207,2,11
m_film,500,3500,validation,pooled,0.8065217290267847,2,11
m_film,750,3750,train,Cho2017,0.882580202819469,2,11
m_film,750,3750,train,Dreyer2023,0.5779937668039795,2,11
m_film,750,3750,train,PhysionetMI,0.2464315840409503,2,11
m_film,750,3750,train,pooled,0.5017507258870646,2,11
m_film,750,3750,validation,Cho2017,1.4065946341352535,2,11
m_film,750,3750,validation,Dreyer2023,0.6671600103378297,2,11
m_film,750,3750,validation,PhysionetMI,0.5414068569307742,2,11
m_film,750,3750,validation,pooled,0.7755885252230104,2,11
m_film,1000,4000,train,Cho2017,0.7942651106021366,2,11
m_film,1000,4000,train,Dreyer2023,0.6920117521958276,2,11
m_film,1000,4000,train,PhysionetMI,0.2445641912984194,2,11
m_film,1000,4000,train,pooled,0.5200970940371896,2,11
m_film,1000,4000,validation,Cho2017,1.1601252194741392,2,11
m_film,1000,4000,validation,Dreyer2023,0.8696887142128414,2,11
m_film,1000,4000,validation,PhysionetMI,0.5315584099811057,2,11
m_film,1000,4000,validation,pooled,0.7839500246123583,2,11
m_film,1250,4250,train,Cho2017,0.8299504631772031,2,11
m_film,1250,4250,train,Dreyer2023,0.7208505836154879,2,11
m_film,1250,4250,train,PhysionetMI,0.2777875497713462,2,11
m_film,1250,4250,train,pooled,0.5523748831383037,2,11
m_film,1250,4250,validation,Cho2017,1.3329627267544857,2,11
m_film,1250,4250,validation,Dreyer2023,0.8918712649080488,2,11
m_film,1250,4250,validation,PhysionetMI,0.4887501623319543,2,11
m_film,1250,4250,validation,pooled,0.8107266552845483,2,11
m_film,1500,4500,train,Cho2017,0.9303240687314528,2,11
m_film,1500,4500,train,Dreyer2023,0.4626712638221081,2,11
m_film,1500,4500,train,PhysionetMI,0.2865821509798233,2,11
m_film,1500,4500,train,pooled,0.4905548652116729,2,11
m_film,1500,4500,validation,Cho2017,1.0877826064027614,2,11
m_film,1500,4500,validation,Dreyer2023,0.535267182191213,2,11
m_film,1500,4500,validation,PhysionetMI,0.5854541944420856,2,11
m_film,1500,4500,validation,pooled,0.6803537263497227,2,11
m_film,1750,4750,train,Cho2017,1.6287163846403885,2,11
m_film,1750,4750,train,Dreyer2023,0.4470699460855845,2,11
m_film,1750,4750,train,PhysionetMI,0.2244907265064773,2,11
m_film,1750,4750,train,pooled,0.6143152544163412,2,11
m_film,1750,4750,validation,Cho2017,1.7776073466986415,2,11
m_film,1750,4750,validation,Dreyer2023,0.5241953896151649,2,11
m_film,1750,4750,validation,PhysionetMI,0.5680193019949872,2,11
m_film,1750,4750,validation,pooled,0.8222086744691919,2,11
m_film,2000,5000,train,Cho2017,1.3111484059567255,2,11
m_film,2000,5000,train,Dreyer2023,0.5742651033225928,2,11
m_film,2000,5000,train,PhysionetMI,0.2590678524611904,2,11
m_film,2000,5000,train,pooled,0.6017766853011415,2,11
m_film,2000,5000,validation,Cho2017,0.9324178029177712,2,11
m_film,2000,5000,validation,Dreyer2023,0.6943949341773986,2,11
m_film,2000,5000,validation,PhysionetMI,0.5090907792682233,2,11
m_film,2000,5000,validation,pooled,0.6649315028267367,2,11
m_film,2250,5250,train,Cho2017,0.744088114210958,2,11
m_film,2250,5250,train,Dreyer2023,0.432215059655665,2,11
m_film,2250,5250,train,PhysionetMI,0.2189026819681888,2,11
m_film,2250,5250,train,pooled,0.4090742368570055,2,11
m_film,2250,5250,validation,Cho2017,0.9963096411596052,2,11
m_film,2250,5250,validation,Dreyer2023,0.5504276262389288,2,11
m_film,2250,5250,validation,PhysionetMI,0.5623403528462285,2,11
m_film,2250,5250,validation,pooled,0.6548070636023234,2,11
m_film,2500,5500,train,Cho2017,0.7458681436308778,2,11
m_film,2500,5500,train,Dreyer2023,0.442179487953926,2,11
m_film,2500,5500,train,PhysionetMI,0.203533506080195,2,11
m_film,2500,5500,train,pooled,0.4061816424072675,2,11
m_film,2500,5500,validation,Cho2017,1.133736272144015,2,11
m_film,2500,5500,validation,Dreyer2023,0.5079721483919356,2,11
m_film,2500,5500,validation,PhysionetMI,0.5441931188106537,2,11
m_film,2500,5500,validation,pooled,0.66312905163405,2,11
m_film,2750,5750,train,Cho2017,1.2033477456305632,2,11
m_film,2750,5750,train,Dreyer2023,0.4237617479337529,2,11
m_film,2750,5750,train,PhysionetMI,0.2746293148688704,2,11
m_film,2750,5750,train,pooled,0.5331056765553852,2,11
m_film,2750,5750,validation,Cho2017,1.0782496576057747,2,11
m_film,2750,5750,validation,Dreyer2023,0.5480198125044505,2,11
m_film,2750,5750,validation,PhysionetMI,0.5263267250164696,2,11
m_film,2750,5750,validation,pooled,0.6562072947545309,2,11
m_film,3000,6000,train,Cho2017,0.7934278896602949,2,11
m_film,3000,6000,train,Dreyer2023,0.4534185428686182,2,11
m_film,3000,6000,train,PhysionetMI,0.2278425193396984,2,11
m_film,3000,6000,train,pooled,0.4312287160271103,2,11
m_film,3000,6000,validation,Cho2017,1.2876154344156383,2,11
m_film,3000,6000,validation,Dreyer2023,0.5764239132404327,2,11
m_film,3000,6000,validation,PhysionetMI,0.6940904777982959,2,11
m_film,3000,6000,validation,pooled,0.7867627244161954,2,11
m_film,3250,6250,train,Cho2017,0.8501406797208706,2,11
m_film,3250,6250,train,Dreyer2023,0.6252991310652645,2,11
m_film,3250,6250,train,PhysionetMI,0.2080728459934069,2,11
m_film,3250,6250,train,pooled,0.4939416825570032,2,11
m_film,3250,6250,validation,Cho2017,1.5430455958098173,2,11
m_film,3250,6250,validation,Dreyer2023,0.7757964942190383,2,11
m_film,3250,6250,validation,PhysionetMI,0.5838042601295139,2,11
m_film,3250,6250,validation,pooled,0.8609664127549784,2,11
m_film,3500,6500,train,Cho2017,0.863103622089614,2,11
m_film,3500,6500,train,Dreyer2023,0.4571271854484903,2,11
m_film,3500,6500,train,PhysionetMI,0.2247855045343259,2,11
m_film,3500,6500,train,pooled,0.4467378925350464,2,11
m_film,3500,6500,validation,Cho2017,1.4664931146800515,2,11
m_film,3500,6500,validation,Dreyer2023,0.5775790274143219,2,11
m_film,3500,6500,validation,PhysionetMI,0.5504481999770454,2,11
m_film,3500,6500,validation,pooled,0.7630573457234724,2,11
m_film,3750,6750,train,Cho2017,0.7010835843512241,2,11
m_film,3750,6750,train,Dreyer2023,0.4434379528110696,2,11
m_film,3750,6750,train,PhysionetMI,0.2686576531436462,2,11
m_film,3750,6750,train,pooled,0.4249484929471669,2,11
m_film,3750,6750,validation,Cho2017,1.0367286113416776,2,11
m_film,3750,6750,validation,Dreyer2023,0.5525969346364339,2,11
m_film,3750,6750,validation,PhysionetMI,0.798555376737014,2,11
m_film,3750,6750,validation,pooled,0.769496614837857,2,11
m_film,4000,7000,train,Cho2017,0.7379810822297619,2,11
m_film,4000,7000,train,Dreyer2023,0.4333491178058173,2,11
m_film,4000,7000,train,PhysionetMI,0.2501561939375134,2,11
m_film,4000,7000,train,pooled,0.4217005194637903,2,11
m_film,4000,7000,validation,Cho2017,1.04325191506563,2,11
m_film,4000,7000,validation,Dreyer2023,0.5890834947427114,2,11
m_film,4000,7000,validation,PhysionetMI,0.5773075514513513,2,11
m_film,4000,7000,validation,pooled,0.6847760577960889,2,11
m_film,4250,7250,train,Cho2017,0.8003194473244463,2,11
m_film,4250,7250,train,Dreyer2023,0.5882939755745319,2,11
m_film,4250,7250,train,PhysionetMI,0.2114277579684604,2,11
m_film,4250,7250,train,pooled,0.4716402568901052,2,11
m_film,4250,7250,validation,Cho2017,1.1390407429281548,2,11
m_film,4250,7250,validation,Dreyer2023,0.720673660437266,2,11
m_film,4250,7250,validation,PhysionetMI,0.50979007197463,2,11
m_film,4250,7250,validation,pooled,0.719918083896292,2,11
m_lora,0,3000,train,Cho2017,0.7132941362289446,2,11
m_lora,0,3000,train,Dreyer2023,0.2598660746511693,2,11
m_lora,0,3000,train,PhysionetMI,0.0193762488467619,2,11
m_lora,0,3000,train,pooled,0.2565367760066359,2,11
m_lora,0,3000,validation,Cho2017,0.8640401673759334,2,11
m_lora,0,3000,validation,Dreyer2023,0.5689436811539862,2,11
m_lora,0,3000,validation,PhysionetMI,0.5665040327155071,2,11
m_lora,0,3000,validation,pooled,0.6334363898973171,2,11
m_lora,250,3250,train,Cho2017,0.7281141494628472,2,11
m_lora,250,3250,train,Dreyer2023,0.3166063784364739,2,11
m_lora,250,3250,train,PhysionetMI,0.0323102112725068,2,11
m_lora,250,3250,train,pooled,0.2848380191945246,2,11
m_lora,250,3250,validation,Cho2017,0.8792592838066594,2,11
m_lora,250,3250,validation,Dreyer2023,0.6594219769040743,2,11
m_lora,250,3250,validation,PhysionetMI,0.6092678463977317,2,11
m_lora,250,3250,validation,pooled,0.6859839871018298,2,11
m_lora,500,3500,train,Cho2017,0.7464339680751384,2,11
m_lora,500,3500,train,Dreyer2023,0.4844158075332384,2,11
m_lora,500,3500,train,PhysionetMI,0.013828218674571,2,11
m_lora,500,3500,train,pooled,0.3381405635629491,2,11
m_lora,500,3500,validation,Cho2017,0.8868858829542297,2,11
m_lora,500,3500,validation,Dreyer2023,0.785828901661767,2,11
m_lora,500,3500,validation,PhysionetMI,0.6165678708449654,2,11
m_lora,500,3500,validation,pooled,0.7330588838081802,2,11
m_lora,750,3750,train,Cho2017,0.850117256431289,2,11
m_lora,750,3750,train,Dreyer2023,0.2367658041214206,2,11
m_lora,750,3750,train,PhysionetMI,0.0091393516384288,2,11
m_lora,750,3750,train,pooled,0.2747834376745595,2,11
m_lora,750,3750,validation,Cho2017,0.975671865194454,2,11
m_lora,750,3750,validation,Dreyer2023,0.6245831521020996,2,11
m_lora,750,3750,validation,PhysionetMI,0.4964289010866828,2,11
m_lora,750,3750,validation,pooled,0.6456454212268821,2,11
m_lora,1000,4000,train,Cho2017,0.6742051308020324,2,11
m_lora,1000,4000,train,Dreyer2023,0.2461057106944218,2,11
m_lora,1000,4000,train,PhysionetMI,0.0191699837658813,2,11
m_lora,1000,4000,train,pooled,0.2430147352319348,2,11
m_lora,1000,4000,validation,Cho2017,0.7056567610624553,2,11
m_lora,1000,4000,validation,Dreyer2023,0.6424775938193005,2,11
m_lora,1000,4000,validation,PhysionetMI,0.6332802461541217,2,11
m_lora,1000,4000,validation,pooled,0.652429698688811,2,11
m_lora,1250,4250,train,Cho2017,0.6087613074018864,2,11
m_lora,1250,4250,train,Dreyer2023,0.2411653343978841,2,11
m_lora,1250,4250,train,PhysionetMI,0.014413984847313,2,11
m_lora,1250,4250,train,pooled,0.2246303173826478,2,11
m_lora,1250,4250,validation,Cho2017,0.8397487754000758,2,11
m_lora,1250,4250,validation,Dreyer2023,0.6424218119018607,2,11
m_lora,1250,4250,validation,PhysionetMI,0.5624765676000845,2,11
m_lora,1250,4250,validation,pooled,0.6507410285451191,2,11
m_lora,1500,4500,train,Cho2017,0.7217004390819591,2,11
m_lora,1500,4500,train,Dreyer2023,0.2185305515471471,2,11
m_lora,1500,4500,train,PhysionetMI,0.0239814633148323,2,11
m_lora,1500,4500,train,pooled,0.2463177468243916,2,11
m_lora,1500,4500,validation,Cho2017,0.7375626045982063,2,11
m_lora,1500,4500,validation,Dreyer2023,0.5632643396655718,2,11
m_lora,1500,4500,validation,PhysionetMI,0.5685389249221138,2,11
m_lora,1500,4500,validation,pooled,0.6043415475423981,2,11
m_lora,1750,4750,train,Cho2017,0.5305604102801106,2,11
m_lora,1750,4750,train,Dreyer2023,0.2447899872375566,2,11
m_lora,1750,4750,train,PhysionetMI,0.0070115674936707,2,11
m_lora,1750,4750,train,pooled,0.205164534382083,2,11
m_lora,1750,4750,validation,Cho2017,0.7065446514473297,2,11
m_lora,1750,4750,validation,Dreyer2023,0.6606741749578052,2,11
m_lora,1750,4750,validation,PhysionetMI,0.5426767857178398,2,11
m_lora,1750,4750,validation,pooled,0.6184243300710482,2,11
m_lora,2000,5000,train,Cho2017,0.6772139782142894,2,11
m_lora,2000,5000,train,Dreyer2023,0.2013684143797339,2,11
m_lora,2000,5000,train,PhysionetMI,0.0051461704249432,2,11
m_lora,2000,5000,train,pooled,0.2223195048094904,2,11
m_lora,2000,5000,validation,Cho2017,0.9232130879431496,2,11
m_lora,2000,5000,validation,Dreyer2023,0.6160039861169126,2,11
m_lora,2000,5000,validation,PhysionetMI,0.5392566893411719,2,11
m_lora,2000,5000,validation,pooled,0.6501627657335249,2,11
m_lora,2250,5250,train,Cho2017,0.6336630376697143,2,11
m_lora,2250,5250,train,Dreyer2023,0.2013408131819839,2,11
m_lora,2250,5250,train,PhysionetMI,0.0063139574428704,2,11
m_lora,2250,5250,train,pooled,0.2130835026280978,2,11
m_lora,2250,5250,validation,Cho2017,0.8905015954189003,2,11
m_lora,2250,5250,validation,Dreyer2023,0.5812378875083393,2,11
m_lora,2250,5250,validation,PhysionetMI,0.4737946520680966,2,11
m_lora,2250,5250,validation,pooled,0.6022106068483561,2,11
m_lora,2500,5500,train,Cho2017,0.6012363368200596,2,11
m_lora,2500,5500,train,Dreyer2023,0.2125631609547551,2,11
m_lora,2500,5500,train,PhysionetMI,0.0026583077604583,2,11
m_lora,2500,5500,train,pooled,0.2080726994635999,2,11
m_lora,2500,5500,validation,Cho2017,0.9897992360094212,2,11
m_lora,2500,5500,validation,Dreyer2023,0.6444656444920434,2,11
m_lora,2500,5500,validation,PhysionetMI,0.6455034989377726,2,11
m_lora,2500,5500,validation,pooled,0.7216677112495626,2,11
m_lora,2750,5750,train,Cho2017,0.5546855482445615,2,11
m_lora,2750,5750,train,Dreyer2023,0.1796310149978889,2,11
m_lora,2750,5750,train,PhysionetMI,0.0043534608146134,2,11
m_lora,2750,5750,train,pooled,0.1871694459026605,2,11
m_lora,2750,5750,validation,Cho2017,0.7156673435660196,2,11
m_lora,2750,5750,validation,Dreyer2023,0.6738410788070824,2,11
m_lora,2750,5750,validation,PhysionetMI,0.5904405324355416,2,11
m_lora,2750,5750,validation,pooled,0.6460688948106058,2,11
m_lora,3000,6000,train,Cho2017,0.6709628546187756,2,11
m_lora,3000,6000,train,Dreyer2023,0.1769398545488734,2,11
m_lora,3000,6000,train,PhysionetMI,0.0025688026719117,2,11
m_lora,3000,6000,train,pooled,0.2114658319827623,2,11
m_lora,3000,6000,validation,Cho2017,0.7927584364339054,2,11
m_lora,3000,6000,validation,Dreyer2023,0.7044205309616194,2,11
m_lora,3000,6000,validation,PhysionetMI,0.526320566949637,2,11
m_lora,3000,6000,validation,pooled,0.6448956370612463,2,11
m_lora,3250,6250,train,Cho2017,0.5554124754150662,2,11
m_lora,3250,6250,train,Dreyer2023,0.1607287560877304,2,11
m_lora,3250,6250,train,PhysionetMI,0.0095470270329025,2,11
m_lora,3250,6250,train,pooled,0.183143658348798,2,11
m_lora,3250,6250,validation,Cho2017,0.7108310314815025,2,11
m_lora,3250,6250,validation,Dreyer2023,0.6562964812748963,2,11
m_lora,3250,6250,validation,PhysionetMI,0.555037822412408,2,11
m_lora,3250,6250,validation,pooled,0.6234114218263694,2,11
m_lora,3500,6500,train,Cho2017,0.6091144902721506,2,11
m_lora,3500,6500,train,Dreyer2023,0.1412503137640607,2,11
m_lora,3500,6500,train,PhysionetMI,0.0048935474704522,2,11
m_lora,3500,6500,train,pooled,0.18647641965571,2,11
m_lora,3500,6500,validation,Cho2017,0.9441368632519151,2,11
m_lora,3500,6500,validation,Dreyer2023,0.667655974616193,2,11
m_lora,3500,6500,validation,PhysionetMI,0.720754965491917,2,11
m_lora,3500,6500,validation,pooled,0.7526957235911197,2,11
m_lora,3750,6750,train,Cho2017,0.5405156248869178,2,11
m_lora,3750,6750,train,Dreyer2023,0.2663193837795058,2,11
m_lora,3750,6750,train,PhysionetMI,0.003405933659055,2,11
m_lora,3750,6750,train,pooled,0.2131656299746134,2,11
m_lora,3750,6750,validation,Cho2017,0.8541203508252512,2,11
m_lora,3750,6750,validation,Dreyer2023,0.6539974253210755,2,11
m_lora,3750,6750,validation,PhysionetMI,0.503033019926237,2,11
m_lora,3750,6750,validation,pooled,0.6313738952576308,2,11
m_lora,4000,7000,train,Cho2017,0.6870057317581061,2,11
m_lora,4000,7000,train,Dreyer2023,0.1464749308611432,2,11
m_lora,4000,7000,train,PhysionetMI,0.0053123160879931,2,11
m_lora,4000,7000,train,pooled,0.2058522069839166,2,11
m_lora,4000,7000,validation,Cho2017,1.240811668046517,2,11
m_lora,4000,7000,validation,Dreyer2023,0.5995037329279714,2,11
m_lora,4000,7000,validation,PhysionetMI,0.568386277426844,2,11
m_lora,4000,7000,validation,pooled,0.728186627176036,2,11
m_lora,4250,7250,train,Cho2017,0.6433524487571196,2,11
m_lora,4250,7250,train,Dreyer2023,0.1166682374755687,2,11
m_lora,4250,7250,train,PhysionetMI,0.0046643806929835,2,11
m_lora,4250,7250,train,pooled,0.1856430293978489,2,11
m_lora,4250,7250,validation,Cho2017,0.8768864960254132,2,11
m_lora,4250,7250,validation,Dreyer2023,0.6751709307104142,2,11
m_lora,4250,7250,validation,PhysionetMI,0.6293626220329949,2,11
m_lora,4250,7250,validation,pooled,0.6996373635904498,2,11
m_film,0,3000,train,Cho2017,0.9556921355385924,2,23
m_film,0,3000,train,Dreyer2023,0.4559126691785695,2,23
m_film,0,3000,train,PhysionetMI,0.3981206057643568,2,23
m_film,0,3000,train,pooled,0.5424715340552114,2,23
m_film,0,3000,validation,Cho2017,0.9949689159804256,2,23
m_film,0,3000,validation,Dreyer2023,0.518134112490548,2,23
m_film,0,3000,validation,PhysionetMI,0.695521442786507,2,23
m_film,0,3000,validation,pooled,0.702936215619836,2,23
m_film,250,3250,train,Cho2017,2.22678151892204,2,23
m_film,250,3250,train,Dreyer2023,0.456733250236888,2,23
m_film,250,3250,train,PhysionetMI,0.2813372327445505,2,23
m_film,250,3250,train,pooled,0.7760422438580811,2,23
m_film,250,3250,validation,Cho2017,3.241557515859604,2,23
m_film,250,3250,validation,Dreyer2023,0.5150303363800048,2,23
m_film,250,3250,validation,PhysionetMI,0.4618713544762652,2,23
m_film,250,3250,validation,pooled,1.0972990509738092,2,23
m_film,500,3500,train,Cho2017,1.4603709206143558,2,23
m_film,500,3500,train,Dreyer2023,0.458666232086975,2,23
m_film,500,3500,train,PhysionetMI,0.2690507906111511,2,23
m_film,500,3500,train,pooled,0.6000382055859721,2,23
m_film,500,3500,validation,Cho2017,1.7613508054489648,2,23
m_film,500,3500,validation,Dreyer2023,0.5321497817834219,2,23
m_film,500,3500,validation,PhysionetMI,0.5804368361182835,2,23
m_film,500,3500,validation,pooled,0.8267664778579255,2,23
m_film,750,3750,train,Cho2017,1.0235060750555836,2,23
m_film,750,3750,train,Dreyer2023,0.4891291496140518,2,23
m_film,750,3750,train,PhysionetMI,0.2519639098351156,2,23
m_film,750,3750,train,pooled,0.5053414756325043,2,23
m_film,750,3750,validation,Cho2017,1.4408018907159563,2,23
m_film,750,3750,validation,Dreyer2023,0.5679560250706143,2,23
m_film,750,3750,validation,PhysionetMI,0.4957088828086853,2,23
m_film,750,3750,validation,pooled,0.7298119319864996,2,23
m_film,1000,4000,train,Cho2017,1.166358858159041,2,23
m_film,1000,4000,train,Dreyer2023,0.4868780330979618,2,23
m_film,1000,4000,train,PhysionetMI,0.2796699718748395,2,23
m_film,1000,4000,train,pooled,0.5485655320497851,2,23
m_film,1000,4000,validation,Cho2017,1.0662412187457084,2,23
m_film,1000,4000,validation,Dreyer2023,0.530361157655716,2,23
m_film,1000,4000,validation,PhysionetMI,0.5757038178651229,2,23
m_film,1000,4000,validation,pooled,0.6695979091021174,2,23
m_film,1250,4250,train,Cho2017,1.7463240545128242,2,23
m_film,1250,4250,train,Dreyer2023,0.5783913993801193,2,23
m_film,1250,4250,train,PhysionetMI,0.2718849315176586,2,23
m_film,1250,4250,train,pooled,0.7060382362814176,2,23
m_film,1250,4250,validation,Cho2017,1.712587070921436,2,23
m_film,1250,4250,validation,Dreyer2023,0.6420074575477176,2,23
m_film,1250,4250,validation,PhysionetMI,0.6546771370846292,2,23
m_film,1250,4250,validation,pooled,0.8855450069805048,2,23
m_film,1500,4500,train,Cho2017,1.4839267224583188,2,23
m_film,1500,4500,train,Dreyer2023,0.5922478137345151,2,23
m_film,1500,4500,train,PhysionetMI,0.2440510238534785,2,23
m_film,1500,4500,train,pooled,0.6399962612657376,2,23
m_film,1500,4500,validation,Cho2017,2.451825770959258,2,23
m_film,1500,4500,validation,Dreyer2023,0.7426971799797482,2,23
m_film,1500,4500,validation,PhysionetMI,0.475636002810105,2,23
m_film,1500,4500,validation,pooled,1.0038096770109088,2,23
m_film,1750,4750,train,Cho2017,0.8460410463555078,2,23
m_film,1750,4750,train,Dreyer2023,0.7451073012732227,2,23
m_film,1750,4750,train,PhysionetMI,0.2229394850262382,2,23
m_film,1750,4750,train,pooled,0.5403723831017518,2,23
m_film,1750,4750,validation,Cho2017,1.52152136657387,2,23
m_film,1750,4750,validation,Dreyer2023,0.8433209935824076,2,23
m_film,1750,4750,validation,PhysionetMI,0.4924950392349906,2,23
m_film,1750,4750,validation,pooled,0.8381095412038807,2,23
m_film,2000,5000,train,Cho2017,0.7371625159312398,2,23
m_film,2000,5000,train,Dreyer2023,0.5118925534531303,2,23
m_film,2000,5000,train,PhysionetMI,0.216471774503309,2,23
m_film,2000,5000,train,pooled,0.4336520883465502,2,23
m_film,2000,5000,validation,Cho2017,1.0223783752787858,2,23
m_film,2000,5000,validation,Dreyer2023,0.6793773565027449,2,23
m_film,2000,5000,validation,PhysionetMI,0.4566541560318159,2,23
m_film,2000,5000,validation,pooled,0.6566117160214523,2,23
m_film,2250,5250,train,Cho2017,1.1865864786414195,2,23
m_film,2250,5250,train,Dreyer2023,0.5128845050973796,2,23
m_film,2250,5250,train,PhysionetMI,0.2115051528338242,2,23
m_film,2250,5250,train,pooled,0.532288051727794,2,23
m_film,2250,5250,validation,Cho2017,1.9425421325862409,2,23
m_film,2250,5250,validation,Dreyer2023,0.6236939986546834,2,23
m_film,2250,5250,validation,PhysionetMI,0.5412657144276992,2,23
m_film,2250,5250,validation,pooled,0.8801365687608143,2,23
m_film,2500,5500,train,Cho2017,1.0609700176220798,2,23
m_film,2500,5500,train,Dreyer2023,0.4223773585097201,2,23
m_film,2500,5500,train,PhysionetMI,0.7625909918018646,2,23
m_film,2500,5500,train,pooled,0.7132145932737695,2,23
m_film,2500,5500,validation,Cho2017,1.214661787203513,2,23
m_film,2500,5500,validation,Dreyer2023,0.5230385111437904,2,23
m_film,2500,5500,validation,PhysionetMI,0.9588601744693258,2,23
m_film,2500,5500,validation,pooled,0.8704310895239666,2,23
m_film,2750,5750,train,Cho2017,0.8597984201641622,2,23
m_film,2750,5750,train,Dreyer2023,0.4043230870545938,2,23
m_film,2750,5750,train,PhysionetMI,0.2059001898331506,2,23
m_film,2750,5750,train,pooled,0.4197629003709279,2,23
m_film,2750,5750,validation,Cho2017,1.23712161751464,2,23
m_film,2750,5750,validation,Dreyer2023,0.5120513180891673,2,23
m_film,2750,5750,validation,PhysionetMI,0.4693986799405968,2,23
m_film,2750,5750,validation,pooled,0.6542213232287966,2,23
m_film,3000,6000,train,Cho2017,0.794387848412857,2,23
m_film,3000,6000,train,Dreyer2023,0.5725062440053142,2,23
m_film,3000,6000,train,PhysionetMI,0.2180340733692363,2,23
m_film,3000,6000,train,pooled,0.4678036577724722,2,23
m_film,3000,6000,validation,Cho2017,1.1175950912304689,2,23
m_film,3000,6000,validation,Dreyer2023,0.6925452523761325,2,23
m_film,3000,6000,validation,PhysionetMI,0.6103170462276624,2,23
m_film,3000,6000,validation,pooled,0.7504549027222206,2,23
m_film,3250,6250,train,Cho2017,1.0626246622977618,2,23
m_film,3250,6250,train,Dreyer2023,0.4027585296067356,2,23
m_film,3250,6250,train,PhysionetMI,0.2058881076366022,2,23
m_film,3250,6250,train,pooled,0.4645614814683186,2,23
m_film,3250,6250,validation,Cho2017,1.6838078940380363,2,23
m_film,3250,6250,validation,Dreyer2023,0.499687690867318,2,23
m_film,3250,6250,validation,PhysionetMI,0.4771008336025736,2,23
m_film,3250,6250,validation,pooled,0.752786910565369,2,23
m_film,3500,6500,train,Cho2017,0.8742080831950174,2,23
m_film,3500,6500,train,Dreyer2023,0.4976084307157274,2,23
m_film,3500,6500,train,PhysionetMI,0.1773398087754308,2,23
m_film,3500,6500,train,pooled,0.4423784823076749,2,23
m_film,3500,6500,validation,Cho2017,0.9439813122968188,2,23
m_film,3500,6500,validation,Dreyer2023,0.6356006178590986,2,23
m_film,3500,6500,validation,PhysionetMI,0.4578823576802792,2,23
m_film,3500,6500,validation,pooled,0.6251437676546723,2,23
m_film,3750,6750,train,Cho2017,0.9093657491374924,2,23
m_film,3750,6750,train,Dreyer2023,0.5425072607123989,2,23
m_film,3750,6750,train,PhysionetMI,0.1899715774997442,2,23
m_film,3750,6750,train,pooled,0.4710542136677936,2,23
m_film,3750,6750,validation,Cho2017,0.9557312080803968,2,23
m_film,3750,6750,validation,Dreyer2023,0.6661303076479169,2,23
m_film,3750,6750,validation,PhysionetMI,0.5301889906758848,2,23
m_film,3750,6750,validation,pooled,0.6700677002008981,2,23
m_film,4000,7000,train,Cho2017,1.4962092463764938,2,23
m_film,4000,7000,train,Dreyer2023,0.5544229170896284,2,23
m_film,4000,7000,train,PhysionetMI,0.2123760351793722,2,23
m_film,4000,7000,train,pooled,0.6160488656281103,2,23
m_film,4000,7000,validation,Cho2017,2.136808875685092,2,23
m_film,4000,7000,validation,Dreyer2023,0.7105683277050655,2,23
m_film,4000,7000,validation,PhysionetMI,0.6173885872830516,2,23
m_film,4000,7000,validation,pooled,0.9860974537352876,2,23
m_film,4250,7250,train,Cho2017,0.929644350136396,2,23
m_film,4250,7250,train,Dreyer2023,0.4704918068951402,2,23
m_film,4250,7250,train,PhysionetMI,0.1649570224191378,2,23
m_film,4250,7250,train,pooled,0.4401284103771611,2,23
m_film,4250,7250,validation,Cho2017,1.013771022683104,2,23
m_film,4250,7250,validation,Dreyer2023,0.5842382391293843,2,23
m_film,4250,7250,validation,PhysionetMI,0.548111081123352,2,23
m_film,4250,7250,validation,pooled,0.6636334541386409,2,23
m_film,4500,7500,train,Cho2017,0.8720843785602124,2,23
m_film,4500,7500,train,Dreyer2023,0.4466216189331836,2,23
m_film,4500,7500,train,PhysionetMI,0.2450000942519701,2,23
m_film,4500,7500,train,pooled,0.4539603956356383,2,23
m_film,4500,7500,validation,Cho2017,0.8877884995844215,2,23
m_film,4500,7500,validation,Dreyer2023,0.5835089908705817,2,23
m_film,4500,7500,validation,PhysionetMI,0.5229885014502899,2,23
m_film,4500,7500,validation,pooled,0.6242286641757497,2,23
m_film,4750,7750,train,Cho2017,0.8557873857400394,2,23
m_film,4750,7750,train,Dreyer2023,0.4303857643960107,2,23
m_film,4750,7750,train,PhysionetMI,0.1615920217651817,2,23
m_film,4750,7750,train,pooled,0.4084712035512564,2,23
m_film,4750,7750,validation,Cho2017,1.1519861933306674,2,23
m_film,4750,7750,validation,Dreyer2023,0.5591407206323411,2,23
m_film,4750,7750,validation,PhysionetMI,0.5627511014109072,2,23
m_film,4750,7750,validation,pooled,0.6924887726891097,2,23
m_film,5000,8000,train,Cho2017,1.174406990418604,2,23
m_film,5000,8000,train,Dreyer2023,0.6387712910964057,2,23
m_film,5000,8000,train,PhysionetMI,0.1933930644435478,2,23
m_film,5000,8000,train,pooled,0.5646311016960058,2,23
m_film,5000,8000,validation,Cho2017,1.5436612885503564,2,23
m_film,5000,8000,validation,Dreyer2023,0.8104331215222677,2,23
m_film,5000,8000,validation,PhysionetMI,0.5041538075260494,2,23
m_film,5000,8000,validation,pooled,0.8372485746413015,2,23
m_film,5250,8250,train,Cho2017,0.7220073552555079,2,23
m_film,5250,8250,train,Dreyer2023,0.5891525971735345,2,23
m_film,5250,8250,train,PhysionetMI,0.1663628124338281,2,23
m_film,5250,8250,train,pooled,0.4348116367992799,2,23
m_film,5250,8250,validation,Cho2017,0.9306134290748742,2,23
m_film,5250,8250,validation,Dreyer2023,0.8132232718997532,2,23
m_film,5250,8250,validation,PhysionetMI,0.5580791792143946,2,23
m_film,5250,8250,validation,pooled,0.7259125989673985,2,23
m_film,5500,8500,train,Cho2017,0.6942220931863121,2,23
m_film,5500,8500,train,Dreyer2023,0.4145550193029574,2,23
m_film,5500,8500,train,PhysionetMI,0.1547727575553609,2,23
m_film,5500,8500,train,pooled,0.3639871454102829,2,23
m_film,5500,8500,validation,Cho2017,0.9202286005762288,2,23
m_film,5500,8500,validation,Dreyer2023,0.539559566312366,2,23
m_film,5500,8500,validation,PhysionetMI,0.5645996850469839,2,23
m_film,5500,8500,validation,pooled,0.635281626697499,2,23
m_film,5750,8750,train,Cho2017,1.092480094185826,2,23
m_film,5750,8750,train,Dreyer2023,0.4140480164695402,2,23
m_film,5750,8750,train,PhysionetMI,0.1545893088911657,2,23
m_film,5750,8750,train,pooled,0.4527566905425941,2,23
m_film,5750,8750,validation,Cho2017,1.5803860673494636,2,23
m_film,5750,8750,validation,Dreyer2023,0.5637636171446907,2,23
m_film,5750,8750,validation,PhysionetMI,0.6584113045879032,2,23
m_film,5750,8750,validation,pooled,0.8317453560538458,2,23
m_film,6000,9000,train,Cho2017,0.9266580424956948,2,23
m_film,6000,9000,train,Dreyer2023,0.6475183018044323,2,23
m_film,6000,9000,train,PhysionetMI,0.154898848381822,2,23
m_film,6000,9000,train,pooled,0.4954798935279311,2,23
m_film,6000,9000,validation,Cho2017,1.939546307269484,2,23
m_film,6000,9000,validation,Dreyer2023,0.788589084148407,2,23
m_film,6000,9000,validation,PhysionetMI,0.6386759384818699,2,23
m_film,6000,9000,validation,pooled,0.9777292912124074,2,23
m_film,6250,9250,train,Cho2017,0.9826922663077486,2,23
m_film,6250,9250,train,Dreyer2023,0.405390226235078,2,23
m_film,6250,9250,train,PhysionetMI,0.1533693577221654,2,23
m_film,6250,9250,train,pooled,0.424731010075113,2,23
m_film,6250,9250,validation,Cho2017,0.9187948523531668,2,23
m_film,6250,9250,validation,Dreyer2023,0.5599522590637207,2,23
m_film,6250,9250,validation,PhysionetMI,0.6013656909699026,2,23
m_film,6250,9250,validation,pooled,0.6581010273085673,2,23
m_film,6500,9500,train,Cho2017,0.8811217508315651,2,23
m_film,6500,9500,train,Dreyer2023,0.4023267618648108,2,23
m_film,6500,9500,train,PhysionetMI,0.1506810541169622,2,23
m_film,6500,9500,train,pooled,0.3998116277906689,2,23
m_film,6500,9500,validation,Cho2017,1.285931145861105,2,23
m_film,6500,9500,validation,Dreyer2023,0.5716233048174116,2,23
m_film,6500,9500,validation,PhysionetMI,0.5837276762594348,2,23
m_film,6500,9500,validation,pooled,0.7357381012457981,2,23
m_lora,0,3000,train,Cho2017,0.7527689232693561,2,23
m_lora,0,3000,train,Dreyer2023,0.2995174941339198,2,23
m_lora,0,3000,train,PhysionetMI,0.0204735085185317,2,23
m_lora,0,3000,train,pooled,0.2793663139669072,2,23
m_lora,0,3000,validation,Cho2017,1.131664735309314,2,23
m_lora,0,3000,validation,Dreyer2023,0.547958945731322,2,23
m_lora,0,3000,validation,PhysionetMI,0.5042441746462947,2,23
m_lora,0,3000,validation,pooled,0.6582425562664191,2,23
m_lora,250,3250,train,Cho2017,0.61027107014596,2,23
m_lora,250,3250,train,Dreyer2023,0.3207568496010726,2,23
m_lora,250,3250,train,PhysionetMI,0.0158082616483731,2,23
m_lora,250,3250,train,pooled,0.2527294664964018,2,23
m_lora,250,3250,validation,Cho2017,0.7415490802805289,2,23
m_lora,250,3250,validation,Dreyer2023,0.5739487320184707,2,23
m_lora,250,3250,validation,PhysionetMI,0.5473488038000853,2,23
m_lora,250,3250,validation,pooled,0.5993710635352013,2,23
m_lora,500,3500,train,Cho2017,0.5986040349954048,2,23
m_lora,500,3500,train,Dreyer2023,0.2515261417401997,2,23
m_lora,500,3500,train,PhysionetMI,0.0133931321937097,2,23
m_lora,500,3500,train,pooled,0.2254503607828911,2,23
m_lora,500,3500,validation,Cho2017,0.806791121204733,2,23
m_lora,500,3500,validation,Dreyer2023,0.5776132086912791,2,23
m_lora,500,3500,validation,PhysionetMI,0.5517107585202093,2,23
m_lora,500,3500,validation,pooled,0.6170294336182378,2,23
m_lora,750,3750,train,Cho2017,0.6143424106315708,2,23
m_lora,750,3750,train,Dreyer2023,0.2641454345952778,2,23
m_lora,750,3750,train,PhysionetMI,0.0116773023219422,2,23
m_lora,750,3750,train,pooled,0.2325268657785267,2,23
m_lora,750,3750,validation,Cho2017,0.769330652176286,2,23
m_lora,750,3750,validation,Dreyer2023,0.560770972735352,2,23
m_lora,750,3750,validation,PhysionetMI,0.5523255830225737,2,23
m_lora,750,3750,validation,pooled,0.6033640616276581,2,23
m_lora,1000,4000,train,Cho2017,0.702811602380519,2,23
m_lora,1000,4000,train,Dreyer2023,0.3394049043144266,2,23
m_lora,1000,4000,train,PhysionetMI,0.0163555742055391,2,23
m_lora,1000,4000,train,pooled,0.2800155166582727,2,23
m_lora,1000,4000,validation,Cho2017,0.8892241539154202,2,23
m_lora,1000,4000,validation,Dreyer2023,0.6807993524604372,2,23
m_lora,1000,4000,validation,PhysionetMI,0.5574307286221047,2,23
m_lora,1000,4000,validation,pooled,0.6722854755222858,2,23
m_lora,1250,4250,train,Cho2017,0.5750720766918089,2,23
m_lora,1250,4250,train,Dreyer2023,0.2655672524778718,2,23
m_lora,1250,4250,train,PhysionetMI,0.0123115624151333,2,23
m_lora,1250,4250,train,pooled,0.2245099716277951,2,23
m_lora,1250,4250,validation,Cho2017,0.7505399223041604,2,23
m_lora,1250,4250,validation,Dreyer2023,0.6784382952584161,2,23
m_lora,1250,4250,validation,PhysionetMI,0.6316899268523506,2,23
m_lora,1250,4250,validation,pooled,0.6736838264214413,2,23
m_lora,1500,4500,train,Cho2017,0.6631693125682886,2,23
m_lora,1500,4500,train,Dreyer2023,0.2867130348030022,2,23
m_lora,1500,4500,train,PhysionetMI,0.0111898874253937,2,23
m_lora,1500,4500,train,pooled,0.2509284797979307,2,23
m_lora,1500,4500,validation,Cho2017,1.0123971921815245,2,23
m_lora,1500,4500,validation,Dreyer2023,0.6524517198403676,2,23
m_lora,1500,4500,validation,PhysionetMI,0.603584683459738,2,23
m_lora,1500,4500,validation,pooled,0.7107209197470116,2,23
m_lora,1750,4750,train,Cho2017,0.8218669172559799,2,23
m_lora,1750,4750,train,Dreyer2023,0.2245185632697552,2,23
m_lora,1750,4750,train,PhysionetMI,0.0103491795784033,2,23
m_lora,1750,4750,train,pooled,0.26481681655397,2,23
m_lora,1750,4750,validation,Cho2017,0.9968758894572964,2,23
m_lora,1750,4750,validation,Dreyer2023,0.5730308946635988,2,23
m_lora,1750,4750,validation,PhysionetMI,0.5807808378468389,2,23
m_lora,1750,4750,validation,pooled,0.6706630904769717,2,23
m_lora,2000,5000,train,Cho2017,0.6125688852401442,2,23
m_lora,2000,5000,train,Dreyer2023,0.2851369465034236,2,23
m_lora,2000,5000,train,PhysionetMI,0.0129727354233652,2,23
m_lora,2000,5000,train,pooled,0.239856135045018,2,23
m_lora,2000,5000,validation,Cho2017,0.8578648427626466,2,23
m_lora,2000,5000,validation,Dreyer2023,0.7045142359203762,2,23
m_lora,2000,5000,validation,PhysionetMI,0.549335417540177,2,23
m_lora,2000,5000,validation,pooled,0.6696237848274591,2,23
m_lora,2250,5250,train,Cho2017,0.6094937733116762,2,23
m_lora,2250,5250,train,Dreyer2023,0.2143221875259267,2,23
m_lora,2250,5250,train,PhysionetMI,0.0099806575345115,2,23
m_lora,2250,5250,train,pooled,0.2137059936464782,2,23
m_lora,2250,5250,validation,Cho2017,0.8813593209823738,2,23
m_lora,2250,5250,validation,Dreyer2023,0.5850358310672972,2,23
m_lora,2250,5250,validation,PhysionetMI,0.6804479775221451,2,23
m_lora,2250,5250,validation,pooled,0.6932908939172466,2,23
m_film,0,3000,train,Cho2017,0.7732446360975921,2,37
m_film,0,3000,train,Dreyer2023,0.4414335369507129,2,37
m_film,0,3000,train,PhysionetMI,0.2434573169551543,2,37
m_film,0,3000,train,pooled,0.4294251927619486,2,37
m_film,0,3000,validation,Cho2017,0.9131902490711944,2,37
m_film,0,3000,validation,Dreyer2023,0.5565875444147322,2,37
m_film,0,3000,validation,PhysionetMI,0.4714199978372324,2,37
m_film,0,3000,validation,pooled,0.5979803469706129,2,37
m_film,250,3250,train,Cho2017,0.995597143673089,2,37
m_film,250,3250,train,Dreyer2023,0.4455667377310409,2,37
m_film,250,3250,train,PhysionetMI,0.2628815513120981,2,37
m_film,250,3250,train,pooled,0.4889929237945471,2,37
m_film,250,3250,validation,Cho2017,1.1336112188156402,2,37
m_film,250,3250,validation,Dreyer2023,0.5236396776305305,2,37
m_film,250,3250,validation,PhysionetMI,0.5703951353612153,2,37
m_film,250,3250,validation,pooled,0.6799691124408593,2,37
m_film,500,3500,train,Cho2017,0.8482436336295907,2,37
m_film,500,3500,train,Dreyer2023,0.4873463419769173,2,37
m_film,500,3500,train,PhysionetMI,0.2317625321089863,2,37
m_film,500,3500,train,pooled,0.4567633722861803,2,37
m_film,500,3500,validation,Cho2017,1.2844871991335094,2,37
m_film,500,3500,validation,Dreyer2023,0.5968436592155032,2,37
m_film,500,3500,validation,PhysionetMI,0.4724890226903169,2,37
m_film,500,3500,validation,pooled,0.6943846074083108,2,37
m_film,750,3750,train,Cho2017,1.118666128845183,2,37
m_film,750,3750,train,Dreyer2023,0.9268398593939928,2,37
m_film,750,3750,train,PhysionetMI,0.249919872882555,2,37
m_film,750,3750,train,pooled,0.6750593843192798,2,37
m_film,750,3750,validation,Cho2017,1.400507205594331,2,37
m_film,750,3750,validation,Dreyer2023,1.1012677649656932,2,37
m_film,750,3750,validation,PhysionetMI,0.5990999911142432,2,37
m_film,750,3750,validation,pooled,0.9445797411714127,2,37
m_film,1000,4000,train,Cho2017,1.4575556016536106,2,37
m_film,1000,4000,train,Dreyer2023,0.4731276663084482,2,37
m_film,1000,4000,train,PhysionetMI,0.2266520427316203,2,37
m_film,1000,4000,train,pooled,0.5858868745345124,2,37
m_film,1000,4000,validation,Cho2017,1.1598131576250306,2,37
m_film,1000,4000,validation,Dreyer2023,0.6284604185157352,2,37
m_film,1000,4000,validation,PhysionetMI,0.5467936811239823,2,37
m_film,1000,4000,validation,pooled,0.7102424772547996,2,37
m_film,1250,4250,train,Cho2017,1.0140577465248728,2,37
m_film,1250,4250,train,Dreyer2023,0.5427085514362344,2,37
m_film,1250,4250,train,PhysionetMI,0.207387479036129,2,37
m_film,1250,4250,train,pooled,0.502105669411296,2,37
m_film,1250,4250,validation,Cho2017,0.9401612609437142,2,37
m_film,1250,4250,validation,Dreyer2023,0.6466071102354262,2,37
m_film,1250,4250,validation,PhysionetMI,0.5245666270670684,2,37
m_film,1250,4250,validation,pooled,0.6576011512068868,2,37
m_film,1500,4500,train,Cho2017,1.993625721967383,2,37
m_film,1500,4500,train,Dreyer2023,0.4512793230128356,2,37
m_film,1500,4500,train,PhysionetMI,0.2156685026010145,2,37
m_film,1500,4500,train,pooled,0.6934791021292946,2,37
m_film,1500,4500,validation,Cho2017,2.1712372022081765,2,37
m_film,1500,4500,validation,Dreyer2023,0.5700367728869121,2,37
m_film,1500,4500,validation,PhysionetMI,0.6307093935168308,2,37
m_film,1500,4500,validation,pooled,0.9528246996827124,2,37
m_film,1750,4750,train,Cho2017,0.8459595240684116,2,37
m_film,1750,4750,train,Dreyer2023,0.455176913716841,2,37
m_film,1750,4750,train,PhysionetMI,0.2256479849350882,2,37
m_film,1750,4750,train,pooled,0.4426157282080762,2,37
m_film,1750,4750,validation,Cho2017,1.264221226661466,2,37
m_film,1750,4750,validation,Dreyer2023,0.5714145627286699,2,37
m_film,1750,4750,validation,PhysionetMI,0.5184678616731063,2,37
m_film,1750,4750,validation,pooled,0.701839732022374,2,37
m_film,2000,5000,train,Cho2017,1.5101460126722068,2,37
m_film,2000,5000,train,Dreyer2023,0.7110848381944086,2,37
m_film,2000,5000,train,PhysionetMI,0.2671539221758823,2,37
m_film,2000,5000,train,pooled,0.6964579961049109,2,37
m_film,2000,5000,validation,Cho2017,1.938047996610403,2,37
m_film,2000,5000,validation,Dreyer2023,0.7648987982008193,2,37
m_film,2000,5000,validation,PhysionetMI,0.4828567103199337,2,37
m_film,2000,5000,validation,pooled,0.9002465810114444,2,37
m_lora,0,3000,train,Cho2017,0.5842254425048533,2,37
m_lora,0,3000,train,Dreyer2023,0.2837208213236439,2,37
m_lora,0,3000,train,PhysionetMI,0.0959425730438477,2,37
m_lora,0,3000,train,pooled,0.2691536756305913,2,37
m_lora,0,3000,validation,Cho2017,0.7718093219271396,2,37
m_lora,0,3000,validation,Dreyer2023,0.5350881376200252,2,37
m_lora,0,3000,validation,PhysionetMI,0.4944221947504126,2,37
m_lora,0,3000,validation,pooled,0.569619092857334,2,37
m_lora,250,3250,train,Cho2017,0.6086546920158997,2,37
m_lora,250,3250,train,Dreyer2023,0.2911209711558775,2,37
m_lora,250,3250,train,PhysionetMI,0.0832269722320329,2,37
m_lora,250,3250,train,pooled,0.271604062169503,2,37
m_lora,250,3250,validation,Cho2017,0.8709007661717261,2,37
m_lora,250,3250,validation,Dreyer2023,0.5856029752227995,2,37
m_lora,250,3250,validation,PhysionetMI,0.5126022826070371,2,37
m_lora,250,3250,validation,pooled,0.6165577320488888,2,37
m_lora,500,3500,train,Cho2017,0.6735942383353364,2,37
m_lora,500,3500,train,Dreyer2023,0.2618875684093512,2,37
m_lora,500,3500,train,PhysionetMI,0.1052640237882537,2,37
m_lora,500,3500,train,pooled,0.2857388104989172,2,37
m_lora,500,3500,validation,Cho2017,0.8481767500454589,2,37
m_lora,500,3500,validation,Dreyer2023,0.5489746934837766,2,37
m_lora,500,3500,validation,PhysionetMI,0.7045703919037529,2,37
m_lora,500,3500,validation,pooled,0.6846176831285844,2,37
m_lora,750,3750,train,Cho2017,0.6629294861282741,2,37
m_lora,750,3750,train,Dreyer2023,0.2479986718283088,2,37
m_lora,750,3750,train,PhysionetMI,0.0980429737579759,2,37
m_lora,750,3750,train,pooled,0.2754730793941561,2,37
m_lora,750,3750,validation,Cho2017,0.8268934982574137,2,37
m_lora,750,3750,validation,Dreyer2023,0.5052535802125931,2,37
m_lora,750,3750,validation,PhysionetMI,0.6793028479037078,2,37
m_lora,750,3750,validation,pooled,0.6540843476408265,2,37
m_lora,1000,4000,train,Cho2017,1.245401433165218,2,37
m_lora,1000,4000,train,Dreyer2023,0.2417595171152839,2,37
m_lora,1000,4000,train,PhysionetMI,0.0950533862916512,2,37
m_lora,1000,4000,train,pooled,0.4022426884620408,2,37
m_lora,1000,4000,validation,Cho2017,1.530547869647853,2,37
m_lora,1000,4000,validation,Dreyer2023,0.5500621918174956,2,37
m_lora,1000,4000,validation,PhysionetMI,0.5018291615921519,2,37
m_lora,1000,4000,validation,pooled,0.7465109956796445,2,37
m_lora,1250,4250,train,Cho2017,0.5755730941530427,2,37
m_lora,1250,4250,train,Dreyer2023,0.2271070820121523,2,37
m_lora,1250,4250,train,PhysionetMI,0.0858919547916202,2,37
m_lora,1250,4250,train,pooled,0.2435293705241197,2,37
m_lora,1250,4250,validation,Cho2017,0.716053738503033,2,37
m_lora,1250,4250,validation,Dreyer2023,0.5172110779417886,2,37
m_lora,1250,4250,validation,PhysionetMI,0.5837988568388897,2,37
m_lora,1250,4250,validation,pooled,0.590992904242999,2,37
m_lora,1500,4500,train,Cho2017,0.6102196515567618,2,37
m_lora,1500,4500,train,Dreyer2023,0.2193621373879883,2,37
m_lora,1500,4500,train,PhysionetMI,0.0945711253246735,2,37
m_lora,1500,4500,train,pooled,0.2524094941275653,2,37
m_lora,1500,4500,validation,Cho2017,0.650698319928124,2,37
m_lora,1500,4500,validation,Dreyer2023,0.5378427141242558,2,37
m_lora,1500,4500,validation,PhysionetMI,0.5890719579613727,2,37
m_lora,1500,4500,validation,pooled,0.5856902904527228,2,37
m_lora,1750,4750,train,Cho2017,0.6911572124692,2,37
m_lora,1750,4750,train,Dreyer2023,0.31054162602315,2,37
m_lora,1750,4750,train,PhysionetMI,0.0783124787914136,2,37
m_lora,1750,4750,train,pooled,0.2945324224337465,2,37
m_lora,1750,4750,validation,Cho2017,0.8311177868861704,2,37
m_lora,1750,4750,validation,Dreyer2023,0.6864341533846327,2,37
m_lora,1750,4750,validation,PhysionetMI,0.724082262619682,2,37
m_lora,1750,4750,validation,pooled,0.7353185649338851,2,37
m_lora,2000,5000,train,Cho2017,0.6357048504983931,2,37
m_lora,2000,5000,train,Dreyer2023,0.2301046814357369,2,37
m_lora,2000,5000,train,PhysionetMI,0.0780183465762956,2,37
m_lora,2000,5000,train,pooled,0.254565961699162,2,37
m_lora,2000,5000,validation,Cho2017,0.8111526987256366,2,37
m_lora,2000,5000,validation,Dreyer2023,0.6035539698269632,2,37
m_lora,2000,5000,validation,PhysionetMI,0.5492858057436736,2,37
m_lora,2000,5000,validation,pooled,0.6255678366563174,2,37
m_film,0,3000,train,Cho2017,0.7994672626917039,2,53
m_film,0,3000,train,Dreyer2023,0.4400579267213571,2,53
m_film,0,3000,train,PhysionetMI,0.2611790651830288,2,53
m_film,0,3000,train,pooled,0.4425315679745151,2,53
m_film,0,3000,validation,Cho2017,0.8729160321457312,2,53
m_film,0,3000,validation,Dreyer2023,0.5270400067170461,2,53
m_film,0,3000,validation,PhysionetMI,0.4791778326034546,2,53
m_film,0,3000,validation,pooled,0.5826292683173799,2,53
m_film,250,3250,train,Cho2017,1.5817213384048978,2,53
m_film,250,3250,train,Dreyer2023,0.6456056859536933,2,53
m_film,250,3250,train,PhysionetMI,0.3746356048170958,2,53
m_film,250,3250,train,pooled,0.7369033847127379,2,53
m_film,250,3250,validation,Cho2017,2.336337779723108,2,53
m_film,250,3250,validation,Dreyer2023,0.7862677153613832,2,53
m_film,250,3250,validation,PhysionetMI,0.528169977924098,2,53
m_film,250,3250,validation,pooled,1.0160176241363066,2,53
m_film,500,3500,train,Cho2017,0.8381732112116553,2,53
m_film,500,3500,train,Dreyer2023,0.4770918532991888,2,53
m_film,500,3500,train,PhysionetMI,0.3023299487503442,2,53
m_film,500,3500,train,pooled,0.4817313277936548,2,53
m_film,500,3500,validation,Cho2017,1.1888467104466691,2,53
m_film,500,3500,validation,Dreyer2023,0.5493756963147057,2,53
m_film,500,3500,validation,PhysionetMI,0.6835679930189382,2,53
m_film,500,3500,validation,pooled,0.7511213868792453,2,53
m_film,750,3750,train,Cho2017,0.7814962109953592,2,53
m_film,750,3750,train,Dreyer2023,0.452581136292596,2,53
m_film,750,3750,train,PhysionetMI,0.2560200668675629,2,53
m_film,750,3750,train,pooled,0.4405414521823169,2,53
m_film,750,3750,validation,Cho2017,1.0693270433568978,2,53
m_film,750,3750,validation,Dreyer2023,0.5566518068313598,2,53
m_film,750,3750,validation,PhysionetMI,0.5480690896511078,2,53
m_film,750,3750,validation,pooled,0.6667650962013674,2,53
m_film,1000,4000,train,Cho2017,1.1932026534346178,2,53
m_film,1000,4000,train,Dreyer2023,0.7690599305705091,2,53
m_film,1000,4000,train,PhysionetMI,0.3328364353638153,2,53
m_film,1000,4000,train,pooled,0.6739827824736903,2,53
m_film,1000,4000,validation,Cho2017,1.4725196062307804,2,53
m_film,1000,4000,validation,Dreyer2023,0.870802679989073,2,53
m_film,1000,4000,validation,PhysionetMI,0.5207987129688263,2,53
m_film,1000,4000,validation,pooled,0.8489602338115649,2,53
m_film,1250,4250,train,Cho2017,0.7765639849623851,2,53
m_film,1250,4250,train,Dreyer2023,0.512744011596145,2,53
m_film,1250,4250,train,PhysionetMI,0.2514913173526659,2,53
m_film,1250,4250,train,pooled,0.4579937740308489,2,53
m_film,1250,4250,validation,Cho2017,0.9391878441823064,2,53
m_film,1250,4250,validation,Dreyer2023,0.6091053942839305,2,53
m_film,1250,4250,validation,PhysionetMI,0.567220999494843,2,53
m_film,1250,4250,validation,pooled,0.6638417632439751,2,53
m_film,1500,4500,train,Cho2017,1.0809476425928004,2,53
m_film,1500,4500,train,Dreyer2023,1.0109908489660284,2,53
m_film,1500,4500,train,PhysionetMI,0.2289216029745815,2,53
m_film,1500,4500,train,pooled,0.6861981075216183,2,53
m_film,1500,4500,validation,Cho2017,1.2701341249170943,2,53
m_film,1500,4500,validation,Dreyer2023,0.9975766234927708,2,53
m_film,1500,4500,validation,PhysionetMI,0.5529061218966608,2,53
m_film,1500,4500,validation,pooled,0.860513623099905,2,53
m_film,1750,4750,train,Cho2017,1.260241976217612,2,53
m_film,1750,4750,train,Dreyer2023,0.4619816141288684,2,53
m_film,1750,4750,train,PhysionetMI,0.2328301448391767,2,53
m_film,1750,4750,train,pooled,0.5406679966696629,2,53
m_film,1750,4750,validation,Cho2017,2.098811062646564,2,53
m_film,1750,4750,validation,Dreyer2023,0.518924413786994,2,53
m_film,1750,4750,validation,PhysionetMI,0.4948731038881384,2,53
m_film,1750,4750,validation,pooled,0.8593208646896294,2,53
m_film,2000,5000,train,Cho2017,1.0365987274786272,2,53
m_film,2000,5000,train,Dreyer2023,0.7362327545324618,2,53
m_film,2000,5000,train,PhysionetMI,0.2348975927957722,2,53
m_film,2000,5000,train,pooled,0.5851451369056341,2,53
m_film,2000,5000,validation,Cho2017,2.271641194801559,2,53
m_film,2000,5000,validation,Dreyer2023,1.0109307534164853,2,53
m_film,2000,5000,validation,PhysionetMI,0.5790752172470093,2,53
m_film,2000,5000,validation,pooled,1.0991528354267348,2,53
m_lora,0,3000,train,Cho2017,0.6034998055915715,2,53
m_lora,0,3000,train,Dreyer2023,0.2449184279712238,2,53
m_lora,0,3000,train,PhysionetMI,0.0462491143019394,2,53
m_lora,0,3000,train,pooled,0.2385923287832601,2,53
m_lora,0,3000,validation,Cho2017,0.7187383506837068,2,53
m_lora,0,3000,validation,Dreyer2023,0.5240243859589099,2,53
m_lora,0,3000,validation,PhysionetMI,0.5698399802912837,2,53
m_lora,0,3000,validation,pooled,0.5876566422676976,2,53
m_lora,250,3250,train,Cho2017,0.87690678718796,2,53
m_lora,250,3250,train,Dreyer2023,0.230138902632177,2,53
m_lora,250,3250,train,PhysionetMI,0.0310775477753626,2,53
m_lora,250,3250,train,pooled,0.2880603105952093,2,53
m_lora,250,3250,validation,Cho2017,1.0333499179623322,2,53
m_lora,250,3250,validation,Dreyer2023,0.5368632728026972,2,53
m_lora,250,3250,validation,PhysionetMI,0.5731675080631091,2,53
m_lora,250,3250,validation,pooled,0.6633288540650213,2,53
m_lora,500,3500,train,Cho2017,0.6333882037397236,2,53
m_lora,500,3500,train,Dreyer2023,0.2379452336950217,2,53
m_lora,500,3500,train,PhysionetMI,0.0272356105965908,2,53
m_lora,500,3500,train,pooled,0.2346177087092264,2,53
m_lora,500,3500,validation,Cho2017,0.8961972261899064,2,53
m_lora,500,3500,validation,Dreyer2023,0.5251876992483934,2,53
m_lora,500,3500,validation,PhysionetMI,0.5232337583666262,2,53
m_lora,500,3500,validation,pooled,0.6067658426212775,2,53
m_lora,750,3750,train,Cho2017,0.6399005209793336,2,53
m_lora,750,3750,train,Dreyer2023,0.2446805417652766,2,53
m_lora,750,3750,train,PhysionetMI,0.024275040865352,2,53
m_lora,750,3750,train,pooled,0.2370826131978634,2,53
m_lora,750,3750,validation,Cho2017,0.889976902215676,2,53
m_lora,750,3750,validation,Dreyer2023,0.5707680602868398,2,53
m_lora,750,3750,validation,PhysionetMI,0.6444924162781757,2,53
m_lora,750,3750,validation,pooled,0.6744697389338415,2,53
m_lora,1000,4000,train,Cho2017,0.5954935203453302,2,53
m_lora,1000,4000,train,Dreyer2023,0.2404569034993209,2,53
m_lora,1000,4000,train,PhysionetMI,0.0165710219691216,2,53
m_lora,1000,4000,train,pooled,0.2223618223635185,2,53
m_lora,1000,4000,validation,Cho2017,0.6376565499573189,2,53
m_lora,1000,4000,validation,Dreyer2023,0.5806014593897595,2,53
m_lora,1000,4000,validation,PhysionetMI,0.5553171932697296,2,53
m_lora,1000,4000,validation,pooled,0.5820429167958705,2,53
m_lora,1250,4250,train,Cho2017,0.5813368490655595,2,53
m_lora,1250,4250,train,Dreyer2023,0.2120515106946374,2,53
m_lora,1250,4250,train,PhysionetMI,0.0157574741673227,2,53
m_lora,1250,4250,train,pooled,0.209152005724483,2,53
m_lora,1250,4250,validation,Cho2017,0.6539676164726552,2,53
m_lora,1250,4250,validation,Dreyer2023,0.5290691068189012,2,53
m_lora,1250,4250,validation,PhysionetMI,0.6566310084384421,2,53
m_lora,1250,4250,validation,pooled,0.6135185096839758,2,53
m_lora,1500,4500,train,Cho2017,0.7085006940803948,2,53
m_lora,1500,4500,train,Dreyer2023,0.2040804362253034,2,53
m_lora,1500,4500,train,PhysionetMI,0.01179500699824,2,53
m_lora,1500,4500,train,pooled,0.2331324834940727,2,53
m_lora,1500,4500,validation,Cho2017,0.9379616346850526,2,53
m_lora,1500,4500,validation,Dreyer2023,0.5301165907747216,2,53
m_lora,1500,4500,validation,PhysionetMI,0.6298103721245476,2,53
m_lora,1500,4500,validation,pooled,0.6650571700213844,2,53
m_lora,1750,4750,train,Cho2017,0.8688019245330003,2,53
m_lora,1750,4750,train,Dreyer2023,0.1961927050135858,2,53
m_lora,1750,4750,train,PhysionetMI,0.0146040852216305,2,53
m_lora,1750,4750,train,pooled,0.2674961901731921,2,53
m_lora,1750,4750,validation,Cho2017,1.4243815209355672,2,53
m_lora,1750,4750,validation,Dreyer2023,0.5322227549842663,2,53
m_lora,1750,4750,validation,PhysionetMI,0.646924905155016,2,53
m_lora,1750,4750,validation,pooled,0.7814589919382218,2,53
m_lora,2000,5000,train,Cho2017,0.6262929182149914,2,53
m_lora,2000,5000,train,Dreyer2023,0.1796741444380999,2,53
m_lora,2000,5000,train,PhysionetMI,0.0141687609221987,2,53
m_lora,2000,5000,train,pooled,0.2074630563401305,2,53
m_lora,2000,5000,validation,Cho2017,1.046201886364288,2,53
m_lora,2000,5000,validation,Dreyer2023,0.5675750874810749,2,53
m_lora,2000,5000,validation,PhysionetMI,0.6597830627275549,2,53
m_lora,2000,5000,validation,pooled,0.7149179206757801,2,53
m_lora,2250,5250,train,Cho2017,0.6943753810571688,2,53
m_lora,2250,5250,train,Dreyer2023,0.1806282635640029,2,53
m_lora,2250,5250,train,PhysionetMI,0.0237282054832349,2,53
m_lora,2250,5250,train,pooled,0.2271681821920233,2,53
m_lora,2250,5250,validation,Cho2017,1.1355700679191068,2,53
m_lora,2250,5250,validation,Dreyer2023,0.6468721686551969,2,53
m_lora,2250,5250,validation,PhysionetMI,0.58446949849958,2,53
m_lora,2250,5250,validation,pooled,0.7277371817557916,2,53
m_lora,2500,5500,train,Cho2017,0.7322637000004864,2,53
m_lora,2500,5500,train,Dreyer2023,0.323589956781076,2,53
m_lora,2500,5500,train,PhysionetMI,0.0147776651227977,2,53
m_lora,2500,5500,train,pooled,0.2805163841906348,2,53
m_lora,2500,5500,validation,Cho2017,0.983455582074821,2,53
m_lora,2500,5500,validation,Dreyer2023,0.7011371139023038,2,53
m_lora,2500,5500,validation,PhysionetMI,0.7446364034777102,2,53
m_lora,2500,5500,validation,pooled,0.7832075688630438,2,53
m_lora,2750,5750,train,Cho2017,0.7758597190478171,2,53
m_lora,2750,5750,train,Dreyer2023,0.2055702576273751,2,53
m_lora,2750,5750,train,PhysionetMI,0.0114826033431492,2,53
m_lora,2750,5750,train,pooled,0.2485615112564579,2,53
m_lora,2750,5750,validation,Cho2017,1.261335570986266,2,53
m_lora,2750,5750,validation,Dreyer2023,0.5877462772859467,2,53
m_lora,2750,5750,validation,PhysionetMI,0.687959480544795,2,53
m_lora,2750,5750,validation,pooled,0.7819719884455059,2,53
m_lora,3000,6000,train,Cho2017,0.6159355578288455,2,53
m_lora,3000,6000,train,Dreyer2023,0.168414152611613,2,53
m_lora,3000,6000,train,PhysionetMI,0.011371967347304,2,53
m_lora,3000,6000,train,pooled,0.2000888096039422,2,53
m_lora,3000,6000,validation,Cho2017,0.8908705363360787,2,53
m_lora,3000,6000,validation,Dreyer2023,0.6266321795475152,2,53
m_lora,3000,6000,validation,PhysionetMI,0.7315007448196411,2,53
m_lora,3000,6000,validation,pooled,0.7319600656214741,2,53
m_film,0,3000,train,Cho2017,0.9349636297356344,2,71
m_film,0,3000,train,Dreyer2023,0.4508724458044631,2,71
m_film,0,3000,train,PhysionetMI,0.2368395830440271,2,71
m_film,0,3000,train,pooled,0.4659138172462997,2,71
m_film,0,3000,validation,Cho2017,1.155450569692257,2,71
m_film,0,3000,validation,Dreyer2023,0.5422573738627964,2,71
m_film,0,3000,validation,PhysionetMI,0.4711997638578,2,71
m_film,0,3000,validation,pooled,0.6469413684893447,2,71
m_film,250,3250,train,Cho2017,0.810167692757228,2,71
m_film,250,3250,train,Dreyer2023,0.4688170390353463,2,71
m_film,250,3250,train,PhysionetMI,0.2468116872437723,2,71
m_film,250,3250,train,pooled,0.4484813261462582,2,71
m_film,250,3250,validation,Cho2017,0.9218086732670782,2,71
m_film,250,3250,validation,Dreyer2023,0.5194040616353353,2,71
m_film,250,3250,validation,PhysionetMI,0.5706677566403928,2,71
m_film,250,3250,validation,pooled,0.6316111731113037,2,71
m_film,500,3500,train,Cho2017,0.8067181667078146,2,71
m_film,500,3500,train,Dreyer2023,0.4520611355231068,2,71
m_film,500,3500,train,PhysionetMI,0.2630731980802978,2,71
m_film,500,3500,train,pooled,0.4490720756069364,2,71
m_film,500,3500,validation,Cho2017,0.8240060210294178,2,71
m_film,500,3500,validation,Dreyer2023,0.5145794186327193,2,71
m_film,500,3500,validation,PhysionetMI,0.5612465765165247,2,71
m_film,500,3500,validation,pooled,0.6040818448914547,2,71
m_film,750,3750,train,Cho2017,1.1863072963359769,2,71
m_film,750,3750,train,Dreyer2023,0.507239958740257,2,71
m_film,750,3750,train,PhysionetMI,0.2427120233340574,2,71
m_film,750,3750,train,pooled,0.5438840270260135,2,71
m_film,750,3750,validation,Cho2017,1.0510747762922437,2,71
m_film,750,3750,validation,Dreyer2023,0.5917343570126428,2,71
m_film,750,3750,validation,PhysionetMI,0.5953793214715046,2,71
m_film,750,3750,validation,pooled,0.6954299899453816,2,71
m_film,1000,4000,train,Cho2017,0.7917611764616992,2,71
m_film,1000,4000,train,Dreyer2023,0.5358523351215254,2,71
m_film,1000,4000,train,PhysionetMI,0.2270576997606961,2,71
m_film,1000,4000,train,pooled,0.4586389995581445,2,71
m_film,1000,4000,validation,Cho2017,1.262092868940381,2,71
m_film,1000,4000,validation,Dreyer2023,0.6338287830352783,2,71
m_film,1000,4000,validation,PhysionetMI,0.4609011450539464,2,71
m_film,1000,4000,validation,pooled,0.6965862963558203,2,71
m_film,1250,4250,train,Cho2017,0.7830496256681425,2,71
m_film,1250,4250,train,Dreyer2023,0.5050387187464827,2,71
m_film,1250,4250,train,PhysionetMI,0.1960219283551872,2,71
m_film,1250,4250,train,pooled,0.4326691421233486,2,71
m_film,1250,4250,validation,Cho2017,0.9329113943642006,2,71
m_film,1250,4250,validation,Dreyer2023,0.6169145603974661,2,71
m_film,1250,4250,validation,PhysionetMI,0.6090060135592585,2,71
m_film,1250,4250,validation,pooled,0.6836211693508703,2,71
m_film,1500,4500,train,Cho2017,0.8274234109526203,2,71
m_film,1500,4500,train,Dreyer2023,0.4636805065746965,2,71
m_film,1500,4500,train,PhysionetMI,0.3306631570351911,2,71
m_film,1500,4500,train,pooled,0.48708607422433,2,71
m_film,1500,4500,validation,Cho2017,1.1918139678490116,2,71
m_film,1500,4500,validation,Dreyer2023,0.5706701974074045,2,71
m_film,1500,4500,validation,PhysionetMI,0.4911673788143241,2,71
m_film,1500,4500,validation,pooled,0.6733675603530593,2,71
m_film,1750,4750,train,Cho2017,0.9058540710067076,2,71
m_film,1750,4750,train,Dreyer2023,0.4491000434062605,2,71
m_film,1750,4750,train,PhysionetMI,0.5894069174925487,2,71
m_film,1750,4750,train,pooled,0.6122727594721564,2,71
m_film,1750,4750,validation,Cho2017,1.1766915839185823,2,71
m_film,1750,4750,validation,Dreyer2023,0.5611568563514285,2,71
m_film,1750,4750,validation,PhysionetMI,0.6494507080186969,2,71
m_film,1750,4750,validation,pooled,0.7371840632184709,2,71
m_film,2000,5000,train,Cho2017,0.901523901552396,2,71
m_film,2000,5000,train,Dreyer2023,0.4870910725106711,2,71
m_film,2000,5000,train,PhysionetMI,0.3086363143872122,2,71
m_film,2000,5000,train,pooled,0.5020486925250806,2,71
m_film,2000,5000,validation,Cho2017,1.4580516796901066,2,71
m_film,2000,5000,validation,Dreyer2023,0.6212037258678013,2,71
m_film,2000,5000,validation,PhysionetMI,0.5553802212943202,2,71
m_film,2000,5000,validation,pooled,0.7779150469067664,2,71
m_film,2250,5250,train,Cho2017,1.3116218737543512,2,71
m_film,2250,5250,train,Dreyer2023,0.4606084238566544,2,71
m_film,2250,5250,train,PhysionetMI,0.2389192638942529,2,71
m_film,2250,5250,train,pooled,0.5543349724383884,2,71
m_film,2250,5250,validation,Cho2017,1.6807000947093185,2,71
m_film,2250,5250,validation,Dreyer2023,0.549513085020913,2,71
m_film,2250,5250,validation,PhysionetMI,0.7185791912286178,2,71
m_film,2250,5250,validation,pooled,0.8760284677106499,2,71
m_film,2500,5500,train,Cho2017,0.7935393766630537,2,71
m_film,2500,5500,train,Dreyer2023,0.459023626497679,2,71
m_film,2500,5500,train,PhysionetMI,0.1842476261734918,2,71
m_film,2500,5500,train,pooled,0.4141893587464695,2,71
m_film,2500,5500,validation,Cho2017,0.8938712017110082,2,71
m_film,2500,5500,validation,Dreyer2023,0.6007610102494557,2,71
m_film,2500,5500,validation,PhysionetMI,0.5623079901156218,2,71
m_film,2500,5500,validation,pooled,0.6488063771814301,2,71
m_lora,0,3000,train,Cho2017,0.8543888809143313,2,71
m_lora,0,3000,train,Dreyer2023,0.3205700081314132,2,71
m_lora,0,3000,train,PhysionetMI,0.0221980926243017,2,71
m_lora,0,3000,train,pooled,0.3100146870621464,2,71
m_lora,0,3000,validation,Cho2017,0.8663552872194851,2,71
m_lora,0,3000,validation,Dreyer2023,0.5573249707619349,2,71
m_lora,0,3000,validation,PhysionetMI,0.6172848577084749,2,71
m_lora,0,3000,validation,pooled,0.652647213062075,2,71
m_lora,250,3250,train,Cho2017,0.6310587981203161,2,71
m_lora,250,3250,train,Dreyer2023,0.2902893604837818,2,71
m_lora,250,3250,train,PhysionetMI,0.0294912297526418,2,71
m_lora,250,3250,train,pooled,0.2529374602254521,2,71
m_lora,250,3250,validation,Cho2017,0.8460340333642671,2,71
m_lora,250,3250,validation,Dreyer2023,0.5184795062575076,2,71
m_lora,250,3250,validation,PhysionetMI,0.6052166534506757,2,71
m_lora,250,3250,validation,pooled,0.6298192443670844,2,71
m_lora,500,3500,train,Cho2017,0.6638094112336923,2,71
m_lora,500,3500,train,Dreyer2023,0.2619769060885234,2,71
m_lora,500,3500,train,PhysionetMI,0.0227286168556522,2,71
m_lora,500,3500,train,pooled,0.2476549166313701,2,71
m_lora,500,3500,validation,Cho2017,0.688403616775613,2,71
m_lora,500,3500,validation,Dreyer2023,0.5143469528605541,2,71
m_lora,500,3500,validation,PhysionetMI,0.655049362908239,2,71
m_lora,500,3500,validation,pooled,0.6155606159739826,2,71
m_lora,750,3750,train,Cho2017,0.6658712498810421,2,71
m_lora,750,3750,train,Dreyer2023,0.2441369513943577,2,71
m_lora,750,3750,train,PhysionetMI,0.0179323453959755,2,71
m_lora,750,3750,train,pooled,0.2399414366803207,2,71
m_lora,750,3750,validation,Cho2017,1.100897182063054,2,71
m_lora,750,3750,validation,Dreyer2023,0.4935386076362597,2,71
m_lora,750,3750,validation,PhysionetMI,0.5718505252962527,2,71
m_lora,750,3750,validation,pooled,0.6633124764688776,2,71
m_lora,1000,4000,train,Cho2017,0.6625330507852699,2,71
m_lora,1000,4000,train,Dreyer2023,0.2330158298955588,2,71
m_lora,1000,4000,train,PhysionetMI,0.0181704538659654,2,71
m_lora,1000,4000,train,pooled,0.2355046332344948,2,71
m_lora,1000,4000,validation,Cho2017,0.8290701596313739,2,71
m_lora,1000,4000,validation,Dreyer2023,0.524537779059675,2,71
m_lora,1000,4000,validation,PhysionetMI,0.6473446177399677,2,71
m_lora,1000,4000,validation,pooled,0.6467924586001826,2,71
m_lora,1250,4250,train,Cho2017,0.5738925490355663,2,71
m_lora,1250,4250,train,Dreyer2023,0.233408081295817,2,71
m_lora,1250,4250,train,PhysionetMI,0.0285962401297705,2,71
m_lora,1250,4250,train,pooled,0.2203629844006584,2,71
m_lora,1250,4250,validation,Cho2017,0.7169665505690501,2,71
m_lora,1250,4250,validation,Dreyer2023,0.6106506989027063,2,71
m_lora,1250,4250,validation,PhysionetMI,0.6538678252178689,2,71
m_lora,1250,4250,validation,pooled,0.6534840554130772,2,71
m_lora,1500,4500,train,Cho2017,0.6441593156819077,2,71
m_lora,1500,4500,train,Dreyer2023,0.2274991629597725,2,71
m_lora,1500,4500,train,PhysionetMI,0.0259215836917671,2,71
m_lora,1500,4500,train,pooled,0.2328894272986474,2,71
m_lora,1500,4500,validation,Cho2017,0.856056270371264,2,71
m_lora,1500,4500,validation,Dreyer2023,0.5598801769730117,2,71
m_lora,1500,4500,validation,PhysionetMI,0.565449040869008,2,71
m_lora,1500,4500,validation,pooled,0.6281721372375105,2,71
m_lora,1750,4750,train,Cho2017,0.5832583891005121,2,71
m_lora,1750,4750,train,Dreyer2023,0.2142200783809684,2,71
m_lora,1750,4750,train,PhysionetMI,0.0141679283519388,2,71
m_lora,1750,4750,train,pooled,0.2096294707644653,2,71
m_lora,1750,4750,validation,Cho2017,0.7692870595844579,2,71
m_lora,1750,4750,validation,Dreyer2023,0.6012885169540013,2,71
m_lora,1750,4750,validation,PhysionetMI,0.6580100202042123,2,71
m_lora,1750,4750,validation,pooled,0.6638310834275298,2,71
m_lora,2000,5000,train,Cho2017,1.0717793978930437,2,71
m_lora,2000,5000,train,Dreyer2023,0.2648185866344793,2,71
m_lora,2000,5000,train,PhysionetMI,0.0150133620162757,2,71
m_lora,2000,5000,train,pooled,0.3364593172584698,2,71
m_lora,2000,5000,validation,Cho2017,1.3258516446128488,2,71
m_lora,2000,5000,validation,Dreyer2023,0.6051812014439041,2,71
m_lora,2000,5000,validation,PhysionetMI,0.663616444753564,2,71
m_lora,2000,5000,validation,pooled,0.7913014080635183,2,71
m_lora,2250,5250,train,Cho2017,0.6191339171862631,2,71
m_lora,2250,5250,train,Dreyer2023,0.3315638169164879,2,71
m_lora,2250,5250,train,PhysionetMI,0.0173344648175437,2,71
m_lora,2250,5250,train,pooled,0.2590620037101914,2,71
m_lora,2250,5250,validation,Cho2017,1.066241714123971,2,71
m_lora,2250,5250,validation,Dreyer2023,0.9624901345620552,2,71
m_lora,2250,5250,validation,PhysionetMI,0.650317925473918,2,71
m_lora,2250,5250,validation,pooled,0.8468028370921978,2,71
m_lora,2500,5500,train,Cho2017,0.6517763256573724,2,71
m_lora,2500,5500,train,Dreyer2023,0.2257328669829615,2,71
m_lora,2500,5500,train,PhysionetMI,0.0193447285883403,2,71
m_lora,2500,5500,train,pooled,0.2311265680913477,2,71
m_lora,2500,5500,validation,Cho2017,0.7869741565866569,2,71
m_lora,2500,5500,validation,Dreyer2023,0.7517534473910928,2,71
m_lora,2500,5500,validation,PhysionetMI,0.802680772283803,2,71
m_lora,2500,5500,validation,pooled,0.782214638275756,2,71
m_film,0,3000,train,Cho2017,0.6233542051206123,3,11
m_film,0,3000,train,Dreyer2023,0.4183549438641981,3,11
m_film,0,3000,train,PhysionetMI,0.2052123077754621,3,11
m_film,0,3000,train,pooled,0.3704267229348912,3,11
m_film,0,3000,validation,Cho2017,0.5811862489581108,3,11
m_film,0,3000,validation,Dreyer2023,0.4932567960686154,3,11
m_film,0,3000,validation,PhysionetMI,0.5041442306145378,3,11
m_film,0,3000,validation,pooled,0.5176355342866911,3,11
m_film,250,3250,train,Cho2017,0.6163352200945047,3,11
m_film,250,3250,train,Dreyer2023,0.5928781567515715,3,11
m_film,250,3250,train,PhysionetMI,0.1685213145094889,3,11
m_film,250,3250,train,pooled,0.4119694154584444,3,11
m_film,250,3250,validation,Cho2017,0.628418624997139,3,11
m_film,250,3250,validation,Dreyer2023,0.7411070744196574,3,11
m_film,250,3250,validation,PhysionetMI,0.4769209623336792,3,11
m_film,250,3250,validation,pooled,0.5986491469542186,3,11
m_film,500,3500,train,Cho2017,0.8800173415315593,3,11
m_film,500,3500,train,Dreyer2023,0.4273260322342221,3,11
m_film,500,3500,train,PhysionetMI,0.1887240037258576,3,11
m_film,500,3500,train,pooled,0.423274088463295,3,11
m_film,500,3500,validation,Cho2017,0.7812184435129166,3,11
m_film,500,3500,validation,Dreyer2023,0.5060821208688947,3,11
m_film,500,3500,validation,PhysionetMI,0.5362603042436682,3,11
m_film,500,3500,validation,pooled,0.5806360518452434,3,11
m_film,750,3750,train,Cho2017,0.6808768451274086,3,11
m_film,750,3750,train,Dreyer2023,0.4087363439700312,3,11
m_film,750,3750,train,PhysionetMI,0.1461896906848997,3,11
m_film,750,3750,train,pooled,0.3540599699793615,3,11
m_film,750,3750,validation,Cho2017,0.6270785507559776,3,11
m_film,750,3750,validation,Dreyer2023,0.5023794581492742,3,11
m_film,750,3750,validation,PhysionetMI,0.6054659751446352,3,11
m_film,750,3750,validation,pooled,0.5759065973931464,3,11
m_film,1000,4000,train,Cho2017,0.6798080065246445,3,11
m_film,1000,4000,train,Dreyer2023,0.460094062961251,3,11
m_film,1000,4000,train,PhysionetMI,0.1527115778331472,3,11
m_film,1000,4000,train,pooled,0.3741025043109655,3,11
m_film,1000,4000,validation,Cho2017,0.6424091565608978,3,11
m_film,1000,4000,validation,Dreyer2023,0.5744936909940508,3,11
m_film,1000,4000,validation,PhysionetMI,0.5581022326065146,3,11
m_film,1000,4000,validation,pooled,0.5823009240588896,3,11
m_film,1250,4250,train,Cho2017,0.6933231831748209,3,11
m_film,1250,4250,train,Dreyer2023,0.395439272642053,3,11
m_film,1250,4250,train,PhysionetMI,0.1505897233970463,3,11
m_film,1250,4250,train,pooled,0.3542455440272558,3,11
m_film,1250,4250,validation,Cho2017,0.6457890051603318,3,11
m_film,1250,4250,validation,Dreyer2023,0.4898502581649357,3,11
m_film,1250,4250,validation,PhysionetMI,0.7379017005796018,3,11
m_film,1250,4250,validation,pooled,0.6347483985704309,3,11
m_film,1500,4500,train,Cho2017,0.6908234192819726,3,11
m_film,1500,4500,train,Dreyer2023,0.3941846850112204,3,11
m_film,1500,4500,train,PhysionetMI,0.0809733734474413,3,11
m_film,1500,4500,train,pooled,0.3227310214732389,3,11
m_film,1500,4500,validation,Cho2017,0.6304767361283302,3,11
m_film,1500,4500,validation,Dreyer2023,0.4825442473093668,3,11
m_film,1500,4500,validation,PhysionetMI,0.6034674897142079,3,11
m_film,1500,4500,validation,pooled,0.5691617970046213,3,11
m_film,1750,4750,train,Cho2017,0.991321080114706,3,11
m_film,1750,4750,train,Dreyer2023,0.3710785396834167,3,11
m_film,1750,4750,train,PhysionetMI,0.0676930601405178,3,11
m_film,1750,4750,train,pooled,0.3758464085177534,3,11
m_film,1750,4750,validation,Cho2017,0.670741982460022,3,11
m_film,1750,4750,validation,Dreyer2023,0.4919263104597728,3,11
m_film,1750,4750,validation,PhysionetMI,0.7375667629682499,3,11
m_film,1750,4750,validation,pooled,0.6408366609080401,3,11
m_film,2000,5000,train,Cho2017,0.6830646328570579,3,11
m_film,2000,5000,train,Dreyer2023,0.3616057213209791,3,11
m_film,2000,5000,train,PhysionetMI,0.0417589071218734,3,11
m_film,2000,5000,train,pooled,0.2927573445574591,3,11
m_film,2000,5000,validation,Cho2017,0.7111210441589355,3,11
m_film,2000,5000,validation,Dreyer2023,0.4633139905002382,3,11
m_film,2000,5000,validation,PhysionetMI,0.7369671425093776,3,11
m_film,2000,5000,validation,pooled,0.6400058477617884,3,11
m_lora,0,3000,train,Cho2017,0.5734113559896907,3,11
m_lora,0,3000,train,Dreyer2023,0.2661654475979467,3,11
m_lora,0,3000,train,PhysionetMI,0.0461360435862163,3,11
m_lora,0,3000,train,pooled,0.2379381915628969,3,11
m_lora,0,3000,validation,Cho2017,0.5819464454054832,3,11
m_lora,0,3000,validation,Dreyer2023,0.4498238205909728,3,11
m_lora,0,3000,validation,PhysionetMI,0.7371695005618359,3,11
m_lora,0,3000,validation,pooled,0.6068935949812477,3,11
m_lora,250,3250,train,Cho2017,0.6679237640018805,3,11
m_lora,250,3250,train,Dreyer2023,0.2672653961215379,3,11
m_lora,250,3250,train,PhysionetMI,0.0300585958328802,3,11
m_lora,250,3250,train,pooled,0.2522625186817934,3,11
m_lora,250,3250,validation,Cho2017,0.7181095653772355,3,11
m_lora,250,3250,validation,Dreyer2023,0.5096908486551709,3,11
m_lora,250,3250,validation,PhysionetMI,0.8469888424328731,3,11
m_lora,250,3250,validation,pooled,0.7059163384946084,3,11
m_lora,500,3500,train,Cho2017,0.5914014627522927,3,11
m_lora,500,3500,train,Dreyer2023,0.3445006503079424,3,11
m_lora,500,3500,train,PhysionetMI,0.0308416690359404,3,11
m_lora,500,3500,train,pooled,0.261797768889727,3,11
m_lora,500,3500,validation,Cho2017,0.6612120050191879,3,11
m_lora,500,3500,validation,Dreyer2023,0.6280076955755551,3,11
m_lora,500,3500,validation,PhysionetMI,0.750626789728615,3,11
m_lora,500,3500,validation,pooled,0.6898838061866113,3,11
m_lora,750,3750,train,Cho2017,0.5912973558582828,3,11
m_lora,750,3750,train,Dreyer2023,0.2501613024334231,3,11
m_lora,750,3750,train,PhysionetMI,0.0192857772644021,3,11
m_lora,750,3750,train,pooled,0.2247081190560435,3,11
m_lora,750,3750,validation,Cho2017,0.6722937428951263,3,11
m_lora,750,3750,validation,Dreyer2023,0.5349916991260317,3,11
m_lora,750,3750,validation,PhysionetMI,0.8599702120940809,3,11
m_lora,750,3750,validation,pooled,0.709938159060519,3,11
m_lora,1000,4000,train,Cho2017,0.6165016317844294,3,11
m_lora,1000,4000,train,Dreyer2023,0.2481065184672273,3,11
m_lora,1000,4000,train,PhysionetMI,0.0184044905748499,3,11
m_lora,1000,4000,train,pooled,0.2292255957428143,3,11
m_lora,1000,4000,validation,Cho2017,0.73526798337698,3,11
m_lora,1000,4000,validation,Dreyer2023,0.4748760130670335,3,11
m_lora,1000,4000,validation,PhysionetMI,0.9958064200194634,3,11
m_lora,1000,4000,validation,pooled,0.7642655206703237,3,11
m_lora,1250,4250,train,Cho2017,0.6620867168284588,3,11
m_lora,1250,4250,train,Dreyer2023,0.2352387813035776,3,11
m_lora,1250,4250,train,PhysionetMI,0.0654428894514112,3,11
m_lora,1250,4250,train,pooled,0.2556219956955835,3,11
m_lora,1250,4250,validation,Cho2017,0.8114014953374862,3,11
m_lora,1250,4250,validation,Dreyer2023,0.5507013288430042,3,11
m_lora,1250,4250,validation,PhysionetMI,1.0591332633454802,3,11
m_lora,1250,4250,validation,pooled,0.8346044478428783,3,11
m_lora,1500,4500,train,Cho2017,0.526665176978302,3,11
m_lora,1500,4500,train,Dreyer2023,0.2124820604171635,3,11
m_lora,1500,4500,train,PhysionetMI,0.0356227814026726,3,11
m_lora,1500,4500,train,pooled,0.2047306715472012,3,11
m_lora,1500,4500,validation,Cho2017,0.6030977723002434,3,11
m_lora,1500,4500,validation,Dreyer2023,0.5197754165364636,3,11
m_lora,1500,4500,validation,PhysionetMI,1.4140006951663806,3,11
m_lora,1500,4500,validation,pooled,0.9357249527639334,3,11
m_lora,1750,4750,train,Cho2017,0.5116596980336934,3,11
m_lora,1750,4750,train,Dreyer2023,0.2364613493076992,3,11
m_lora,1750,4750,train,PhysionetMI,0.0078112762960726,3,11
m_lora,1750,4750,train,pooled,0.1973314181715342,3,11
m_lora,1750,4750,validation,Cho2017,0.6902305096387863,3,11
m_lora,1750,4750,validation,Dreyer2023,0.5838507095144856,3,11
m_lora,1750,4750,validation,PhysionetMI,1.0637647149598468,3,11
m_lora,1750,4750,validation,pooled,0.8207857786289352,3,11
m_lora,2000,5000,train,Cho2017,0.58774694371555,3,11
m_lora,2000,5000,train,Dreyer2023,0.2006676471465595,3,11
m_lora,2000,5000,train,PhysionetMI,0.0186236002838059,3,11
m_lora,2000,5000,train,pooled,0.206841388403373,3,11
m_lora,2000,5000,validation,Cho2017,0.7962818458303809,3,11
m_lora,2000,5000,validation,Dreyer2023,0.5089104890823365,3,11
m_lora,2000,5000,validation,PhysionetMI,1.2938234846553076,3,11
m_lora,2000,5000,validation,pooled,0.9216210108365558,3,11
m_film,0,3000,train,Cho2017,0.6511012746750893,3,23
m_film,0,3000,train,Dreyer2023,0.4557472080182768,3,23
m_film,0,3000,train,PhysionetMI,0.1116288508527343,3,23
m_film,0,3000,train,pooled,0.3482301188109269,3,23
m_film,0,3000,validation,Cho2017,0.5967146782577037,3,23
m_film,0,3000,validation,Dreyer2023,0.5571161846319834,3,23
m_film,0,3000,validation,PhysionetMI,0.5809198352305787,3,23
m_film,0,3000,validation,pooled,0.5764952501481858,3,23
m_film,250,3250,train,Cho2017,0.6666966930950641,3,23
m_film,250,3250,train,Dreyer2023,0.3863352938590988,3,23
m_film,250,3250,train,PhysionetMI,0.0793160021911478,3,23
m_film,250,3250,train,pooled,0.3139802429577558,3,23
m_film,250,3250,validation,Cho2017,0.6181994983553886,3,23
m_film,250,3250,validation,Dreyer2023,0.5272853655947579,3,23
m_film,250,3250,validation,PhysionetMI,0.6299297615237858,3,23
m_film,250,3250,validation,pooled,0.5931082377322436,3,23
m_film,500,3500,train,Cho2017,1.4673532505735276,3,23
m_film,500,3500,train,Dreyer2023,0.3673815858659264,3,23
m_film,500,3500,train,PhysionetMI,0.0419918423033895,3,23
m_film,500,3500,train,pooled,0.4691049337705963,3,23
m_film,500,3500,validation,Cho2017,1.2775550496205688,3,23
m_film,500,3500,validation,Dreyer2023,0.5754090325699912,3,23
m_film,500,3500,validation,PhysionetMI,0.6919091726126878,3,23
m_film,500,3500,validation,pooled,0.7832193208224292,3,23
m_film,750,3750,train,Cho2017,0.6036228769126484,3,23
m_film,750,3750,train,Dreyer2023,0.3489638036621193,3,23
m_film,750,3750,train,PhysionetMI,0.0229209654358629,3,23
m_film,750,3750,train,pooled,0.2625534639928262,3,23
m_film,750,3750,validation,Cho2017,0.6721129140257835,3,23
m_film,750,3750,validation,Dreyer2023,0.510232239961624,3,23
m_film,750,3750,validation,PhysionetMI,0.6856723350027334,3,23
m_film,750,3750,validation,pooled,0.6241790986608193,3,23
m_film,1000,4000,train,Cho2017,0.6574900695723983,3,23
m_film,1000,4000,train,Dreyer2023,0.4610217532158454,3,23
m_film,1000,4000,train,PhysionetMI,0.0803395079007467,3,23
m_film,1000,4000,train,pooled,0.3377154820048314,3,23
m_film,1000,4000,validation,Cho2017,0.7030897834897041,3,23
m_film,1000,4000,validation,Dreyer2023,0.7210846390989092,3,23
m_film,1000,4000,validation,PhysionetMI,1.06963231511738,3,23
m_film,1000,4000,validation,pooled,0.8719958605272952,3,23
m_film,1250,4250,train,Cho2017,0.5888585785017438,3,23
m_film,1250,4250,train,Dreyer2023,0.4223204381918232,3,23
m_film,1250,4250,train,PhysionetMI,0.0410167825409105,3,23
m_film,1250,4250,train,pooled,0.2920904683553235,3,23
m_film,1250,4250,validation,Cho2017,0.5906844167411327,3,23
m_film,1250,4250,validation,Dreyer2023,0.6387821363078224,3,23
m_film,1250,4250,validation,PhysionetMI,1.0288363358248835,3,23
m_film,1250,4250,validation,pooled,0.801451176189474,3,23
m_film,1500,4500,train,Cho2017,0.6116259884438293,3,23
m_film,1500,4500,train,Dreyer2023,0.3113723226173607,3,23
m_film,1500,4500,train,PhysionetMI,0.0178873389915259,3,23
m_film,1500,4500,train,pooled,0.2493738754212683,3,23
m_film,1500,4500,validation,Cho2017,0.6548867893218995,3,23
m_film,1500,4500,validation,Dreyer2023,0.5315589037206437,3,23
m_film,1500,4500,validation,PhysionetMI,1.1286945135697075,3,23
m_film,1500,4500,validation,pooled,0.8243587048982844,3,23
m_film,1750,4750,train,Cho2017,0.590481115962443,3,23
m_film,1750,4750,train,Dreyer2023,0.3093567392098917,3,23
m_film,1750,4750,train,PhysionetMI,0.0382774760085529,3,23
m_film,1750,4750,train,pooled,0.2529344092478832,3,23
m_film,1750,4750,validation,Cho2017,0.6310546630620957,3,23
m_film,1750,4750,validation,Dreyer2023,0.556738523642222,3,23
m_film,1750,4750,validation,PhysionetMI,0.9893991500139236,3,23
m_film,1750,4750,validation,pooled,0.7655468330118391,3,23
m_film,2000,5000,train,Cho2017,0.6338593507710878,3,23
m_film,2000,5000,train,Dreyer2023,0.3207067661031811,3,23
m_film,2000,5000,train,PhysionetMI,0.0384930332665546,3,23
m_film,2000,5000,train,pooled,0.2665182763641955,3,23
m_film,2000,5000,validation,Cho2017,0.6166006664931774,3,23
m_film,2000,5000,validation,Dreyer2023,0.5830585088994767,3,23
m_film,2000,5000,validation,PhysionetMI,1.126767475967822,3,23
m_film,2000,5000,validation,pooled,0.8321607515062301,3,23
m_lora,0,3000,train,Cho2017,0.5376430363201902,3,23
m_lora,0,3000,train,Dreyer2023,0.2657767936080883,3,23
m_lora,0,3000,train,PhysionetMI,0.0807229186719873,3,23
m_lora,0,3000,train,pooled,0.2450275339756456,3,23
m_lora,0,3000,validation,Cho2017,0.6981032812595367,3,23
m_lora,0,3000,validation,Dreyer2023,0.4798087981839974,3,23
m_lora,0,3000,validation,PhysionetMI,0.7359822271391749,3,23
m_lora,0,3000,validation,pooled,0.6421735406253073,3,23
m_lora,250,3250,train,Cho2017,0.5483541442601902,3,23
m_lora,250,3250,train,Dreyer2023,0.2758208053771986,3,23
m_lora,250,3250,train,PhysionetMI,0.0338951951657687,3,23
m_lora,250,3250,train,pooled,0.2302760457964761,3,23
m_lora,250,3250,validation,Cho2017,0.6749873577058315,3,23
m_lora,250,3250,validation,Dreyer2023,0.5195985505150424,3,23
m_lora,250,3250,validation,PhysionetMI,0.8783807011862771,3,23
m_lora,250,3250,validation,pooled,0.7135881301890998,3,23
m_lora,500,3500,train,Cho2017,0.5963374139708616,3,23
m_lora,500,3500,train,Dreyer2023,0.2049080307745022,3,23
m_lora,500,3500,train,PhysionetMI,0.0160765507702059,3,23
m_lora,500,3500,train,pooled,0.2090715135881831,3,23
m_lora,500,3500,validation,Cho2017,0.7988272695988416,3,23
m_lora,500,3500,validation,Dreyer2023,0.4577176557646857,3,23
m_lora,500,3500,validation,PhysionetMI,0.9371801283634894,3,23
m_lora,500,3500,validation,pooled,0.746614224438411,3,23
m_lora,750,3750,train,Cho2017,0.5138216684778079,3,23
m_lora,750,3750,train,Dreyer2023,0.2320635855345548,3,23
m_lora,750,3750,train,PhysionetMI,0.007573564670171,3,23
m_lora,750,3750,train,pooled,0.1962159573884427,3,23
m_lora,750,3750,validation,Cho2017,0.6499170702695846,3,23
m_lora,750,3750,validation,Dreyer2023,0.5011625134282642,3,23
m_lora,750,3750,validation,PhysionetMI,0.8755083088978174,3,23
m_lora,750,3750,validation,pooled,0.7005949907128034,3,23
m_lora,1000,4000,train,Cho2017,0.8668492632230801,3,23
m_lora,1000,4000,train,Dreyer2023,0.253998779319017,3,23
m_lora,1000,4000,train,PhysionetMI,0.0148559713778752,3,23
m_lora,1000,4000,train,pooled,0.2853005792767291,3,23
m_lora,1000,4000,validation,Cho2017,1.1680544739961625,3,23
m_lora,1000,4000,validation,Dreyer2023,0.6112340119149949,3,23
m_lora,1000,4000,validation,PhysionetMI,1.0913534869102042,3,23
m_lora,1000,4000,validation,pooled,0.9483583257086808,3,23
m_lora,1250,4250,train,Cho2017,0.4912170470481379,3,23
m_lora,1250,4250,train,Dreyer2023,0.5313222886475019,3,23
m_lora,1250,4250,train,PhysionetMI,0.0083284927650941,3,23
m_lora,1250,4250,train,pooled,0.2930267689284585,3,23
m_lora,1250,4250,validation,Cho2017,0.7159738141298294,3,23
m_lora,1250,4250,validation,Dreyer2023,0.894407261742486,3,23
m_lora,1250,4250,validation,PhysionetMI,1.0148210907649549,3,23
m_lora,1250,4250,validation,pooled,0.9082726418385484,3,23
m_lora,1500,4500,train,Cho2017,0.5073276758510187,3,23
m_lora,1500,4500,train,Dreyer2023,0.1802343048443566,3,23
m_lora,1500,4500,train,PhysionetMI,0.0076975454600303,3,23
m_lora,1500,4500,train,pooled,0.1772477033497875,3,23
m_lora,1500,4500,validation,Cho2017,0.7175227247178554,3,23
m_lora,1500,4500,validation,Dreyer2023,0.4120402269065379,3,23
m_lora,1500,4500,validation,PhysionetMI,1.1768366584292578,3,23
m_lora,1500,4500,validation,pooled,0.8198347515413729,3,23
m_lora,1750,4750,train,Cho2017,0.5198650617435009,3,23
m_lora,1750,4750,train,Dreyer2023,0.1732002000402569,3,23
m_lora,1750,4750,train,PhysionetMI,0.0143333451230519,3,23
m_lora,1750,4750,train,pooled,0.1805583908351861,3,23
m_lora,1750,4750,validation,Cho2017,0.7461549148708582,3,23
m_lora,1750,4750,validation,Dreyer2023,0.4933359930498733,3,23
m_lora,1750,4750,validation,PhysionetMI,0.9958217423357028,3,23
m_lora,1750,4750,validation,pooled,0.7728449753593496,3,23
m_lora,2000,5000,train,Cho2017,0.6980946327836636,3,23
m_lora,2000,5000,train,Dreyer2023,0.3048390232074421,3,23
m_lora,2000,5000,train,PhysionetMI,0.0145236138635074,3,23
m_lora,2000,5000,train,pooled,0.264897838781134,3,23
m_lora,2000,5000,validation,Cho2017,0.7568213255144656,3,23
m_lora,2000,5000,validation,Dreyer2023,0.7727989587518903,3,23
m_lora,2000,5000,validation,PhysionetMI,1.0470458859041254,3,23
m_lora,2000,5000,validation,pooled,0.8911358967667893,3,23
m_film,0,3000,train,Cho2017,0.682264989323862,3,37
m_film,0,3000,train,Dreyer2023,0.4241247555225485,3,37
m_film,0,3000,train,PhysionetMI,0.296923385185224,3,37
m_film,0,3000,train,pooled,0.4256991772134876,3,37
m_film,0,3000,validation,Cho2017,0.61083730250597,3,37
m_film,0,3000,validation,Dreyer2023,0.4868818094333012,3,37
m_film,0,3000,validation,PhysionetMI,0.5067285597324371,3,37
m_film,0,3000,validation,pooled,0.523248252471288,3,37
m_film,250,3250,train,Cho2017,0.606935018026852,3,37
m_film,250,3250,train,Dreyer2023,0.3875458541774721,3,37
m_film,250,3250,train,PhysionetMI,0.1147534543565578,3,37
m_film,250,3250,train,pooled,0.3166532123044187,3,37
m_film,250,3250,validation,Cho2017,0.654596957564354,3,37
m_film,250,3250,validation,Dreyer2023,0.4724239899052513,3,37
m_film,250,3250,validation,PhysionetMI,0.4956804773081903,3,37
m_film,250,3250,validation,pooled,0.5232430882308026,3,37
m_film,500,3500,train,Cho2017,0.6143738279667715,3,37
m_film,500,3500,train,Dreyer2023,0.4053718011842518,3,37
m_film,500,3500,train,PhysionetMI,0.1009203431537306,3,37
m_film,500,3500,train,pooled,0.318285354783355,3,37
m_film,500,3500,validation,Cho2017,0.6139165759086609,3,37
m_film,500,3500,validation,Dreyer2023,0.5046476456854079,3,37
m_film,500,3500,validation,PhysionetMI,0.6602410499168478,3,37
m_film,500,3500,validation,pooled,0.5980822542823263,3,37
m_film,750,3750,train,Cho2017,0.76719030375862,3,37
m_film,750,3750,train,Dreyer2023,0.4006922366268108,3,37
m_film,750,3750,train,PhysionetMI,0.0630028961459519,3,37
m_film,750,3750,train,pooled,0.3340268916849648,3,37
m_film,750,3750,validation,Cho2017,0.6720295152068138,3,37
m_film,750,3750,validation,Dreyer2023,0.5300273408492407,3,37
m_film,750,3750,validation,PhysionetMI,0.5995757310934688,3,37
m_film,750,3750,validation,pooled,0.5924937752594693,3,37
m_film,1000,4000,train,Cho2017,0.6415850989843858,3,37
m_film,1000,4000,train,Dreyer2023,0.3840317667358944,3,37
m_film,1000,4000,train,PhysionetMI,0.0593659463093133,3,37
m_film,1000,4000,train,pooled,0.2988685509081113,3,37
m_film,1000,4000,validation,Cho2017,0.6886405700445175,3,37
m_film,1000,4000,validation,Dreyer2023,0.5187396393881903,3,37
m_film,1000,4000,validation,PhysionetMI,0.6279518171820953,3,37
m_film,1000,4000,validation,pooled,0.6050341474424429,3,37
m_film,1250,4250,train,Cho2017,0.6355098008278659,3,37
m_film,1250,4250,train,Dreyer2023,0.4445195777453202,3,37
m_film,1250,4250,train,PhysionetMI,0.0933613284835764,3,37
m_film,1250,4250,train,pooled,0.3329450735494486,3,37
m_film,1250,4250,validation,Cho2017,0.6745439594984055,3,37
m_film,1250,4250,validation,Dreyer2023,0.6362616591983371,3,37
m_film,1250,4250,validation,PhysionetMI,0.7985670864582062,3,37
m_film,1250,4250,validation,pooled,0.7169045824916274,3,37
m_film,1500,4500,train,Cho2017,0.6047965734020209,3,37
m_film,1500,4500,train,Dreyer2023,0.4046212710626201,3,37
m_film,1500,4500,train,PhysionetMI,0.0317325008470668,3,37
m_film,1500,4500,train,pooled,0.2855569653475951,3,37
m_film,1500,4500,validation,Cho2017,0.6146607300639152,3,37
m_film,1500,4500,validation,Dreyer2023,0.5485246254338159,3,37
m_film,1500,4500,validation,PhysionetMI,0.6943996691185496,3,37
m_film,1500,4500,validation,pooled,0.6280548903226084,3,37
m_film,1750,4750,train,Cho2017,0.6020413191257843,3,37
m_film,1750,4750,train,Dreyer2023,0.4074160023292307,3,37
m_film,1750,4750,train,PhysionetMI,0.061193593222027,3,37
m_film,1750,4750,train,pooled,0.2988141389095159,3,37
m_film,1750,4750,validation,Cho2017,0.6311356949806213,3,37
m_film,1750,4750,validation,Dreyer2023,0.5398843506971995,3,37
m_film,1750,4750,validation,PhysionetMI,0.8978338682133218,3,37
m_film,1750,4750,validation,pooled,0.7192511016562365,3,37
m_film,2000,5000,train,Cho2017,0.6076999682303494,3,37
m_film,2000,5000,train,Dreyer2023,0.3740717903342876,3,37
m_film,2000,5000,train,PhysionetMI,0.0333116935469981,3,37
m_film,2000,5000,train,pooled,0.2765329803986364,3,37
m_film,2000,5000,validation,Cho2017,0.6566724294424057,3,37
m_film,2000,5000,validation,Dreyer2023,0.5432729873392317,3,37
m_film,2000,5000,validation,PhysionetMI,0.820028455361076,3,37
m_film,2000,5000,validation,pooled,0.69147529359409,3,37
m_lora,0,3000,train,Cho2017,0.561738426526443,3,37
m_lora,0,3000,train,Dreyer2023,0.1807562467680887,3,37
m_lora,0,3000,train,PhysionetMI,0.0126112663190018,3,37
m_lora,0,3000,train,pooled,0.1916711549384744,3,37
m_lora,0,3000,validation,Cho2017,0.6658237020671368,3,37
m_lora,0,3000,validation,Dreyer2023,0.4016371268365118,3,37
m_lora,0,3000,validation,PhysionetMI,0.6773807485385434,3,37
m_lora,0,3000,validation,pooled,0.582897975421998,3,37
m_lora,250,3250,train,Cho2017,0.4847634734127343,3,37
m_lora,250,3250,train,Dreyer2023,0.1813898526809465,3,37
m_lora,250,3250,train,PhysionetMI,0.0108611192487015,3,37
m_lora,250,3250,train,pooled,0.1740129087066164,3,37
m_lora,250,3250,validation,Cho2017,0.6539881679415703,3,37
m_lora,250,3250,validation,Dreyer2023,0.4522668184505569,3,37
m_lora,250,3250,validation,PhysionetMI,0.689217522486022,3,37
m_lora,250,3250,validation,pooled,0.6024052090198776,3,37
m_lora,500,3500,train,Cho2017,0.5128689234623561,3,37
m_lora,500,3500,train,Dreyer2023,0.1666338739782825,3,37
m_lora,500,3500,train,PhysionetMI,0.0119766062006919,3,37
m_lora,500,3500,train,pooled,0.1757428610956831,3,37
m_lora,500,3500,validation,Cho2017,0.6729986082017422,3,37
m_lora,500,3500,validation,Dreyer2023,0.4632280310822858,3,37
m_lora,500,3500,validation,PhysionetMI,0.6941952579857215,3,37
m_lora,500,3500,validation,pooled,0.6124958157325808,3,37
m_lora,750,3750,train,Cho2017,0.479329367295056,3,37
m_lora,750,3750,train,Dreyer2023,0.1541914077883962,3,37
m_lora,750,3750,train,PhysionetMI,0.00487685559863,3,37
m_lora,750,3750,train,pooled,0.160955448999043,3,37
m_lora,750,3750,validation,Cho2017,0.6422908718883992,3,37
m_lora,750,3750,validation,Dreyer2023,0.4835901762048403,3,37
m_lora,750,3750,validation,PhysionetMI,0.925263549970544,3,37
m_lora,750,3750,validation,pooled,0.715156274697055,3,37
m_lora,1000,4000,train,Cho2017,0.6704512521642703,3,37
m_lora,1000,4000,train,Dreyer2023,0.1390908968641132,3,37
m_lora,1000,4000,train,PhysionetMI,0.0109604651958242,3,37
m_lora,1000,4000,train,pooled,0.2009734180704541,3,37
m_lora,1000,4000,validation,Cho2017,0.8192325714230537,3,37
m_lora,1000,4000,validation,Dreyer2023,0.511697144102719,3,37
m_lora,1000,4000,validation,PhysionetMI,0.7998362612883996,3,37
m_lora,1000,4000,validation,pooled,0.7081001800342072,3,37
m_lora,1250,4250,train,Cho2017,0.4533702207424265,3,37
m_lora,1250,4250,train,Dreyer2023,0.1395142947832222,3,37
m_lora,1250,4250,train,PhysionetMI,0.0035695651267381,3,37
m_lora,1250,4250,train,pooled,0.1496351746792073,3,37
m_lora,1250,4250,validation,Cho2017,0.7228910398483276,3,37
m_lora,1250,4250,validation,Dreyer2023,0.5202491467197735,3,37
m_lora,1250,4250,validation,PhysionetMI,0.759256120189093,3,37
m_lora,1250,4250,validation,pooled,0.6715060000680386,3,37
m_lora,1500,4500,train,Cho2017,0.4764484725529144,3,37
m_lora,1500,4500,train,Dreyer2023,0.1524809105521635,3,37
m_lora,1500,4500,train,PhysionetMI,0.0088143950018016,3,37
m_lora,1500,4500,train,pooled,0.1614620724805343,3,37
m_lora,1500,4500,validation,Cho2017,0.7944131869636476,3,37
m_lora,1500,4500,validation,Dreyer2023,0.6732260005341636,3,37
m_lora,1500,4500,validation,PhysionetMI,0.9333759954442148,3,37
m_lora,1500,4500,validation,pooled,0.8157787063674051,3,37
m_lora,1750,4750,train,Cho2017,0.4572118265287933,3,37
m_lora,1750,4750,train,Dreyer2023,0.1439865607151895,3,37
m_lora,1750,4750,train,PhysionetMI,0.0053677822415553,3,37
m_lora,1750,4750,train,pooled,0.1527944654835777,3,37
m_lora,1750,4750,validation,Cho2017,0.6463326037675142,3,37
m_lora,1750,4750,validation,Dreyer2023,0.5693353540367551,3,37
m_lora,1750,4750,validation,PhysionetMI,0.83119468767077,3,37
m_lora,1750,4750,validation,pooled,0.7028277800364858,3,37
m_lora,2000,5000,train,Cho2017,0.4157304550684973,3,37
m_lora,2000,5000,train,Dreyer2023,0.1184525056239017,3,37
m_lora,2000,5000,train,PhysionetMI,0.0148072972293494,3,37
m_lora,2000,5000,train,pooled,0.1390558474326924,3,37
m_lora,2000,5000,validation,Cho2017,0.6432638585567474,3,37
m_lora,2000,5000,validation,Dreyer2023,0.5519217915005153,3,37
m_lora,2000,5000,validation,PhysionetMI,1.003555274963298,3,37
m_lora,2000,5000,validation,pooled,0.7729460212742482,3,37
m_film,0,3000,train,Cho2017,0.5920541533937482,3,53
m_film,0,3000,train,Dreyer2023,0.3763618128218168,3,53
m_film,0,3000,train,PhysionetMI,0.1263194304274187,3,53
m_film,0,3000,train,pooled,0.3146257324835335,3,53
m_film,0,3000,validation,Cho2017,0.6260694893077016,3,53
m_film,0,3000,validation,Dreyer2023,0.5470728370878432,3,53
m_film,0,3000,validation,PhysionetMI,0.6433258137625196,3,53
m_film,0,3000,validation,pooled,0.6074067494365568,3,53
m_film,250,3250,train,Cho2017,0.6400615889035479,3,53
m_film,250,3250,train,Dreyer2023,0.393637270989115,3,53
m_film,250,3250,train,PhysionetMI,0.3418419870088498,3,53
m_film,250,3250,train,pooled,0.4256810007097499,3,53
m_film,250,3250,validation,Cho2017,0.6698069017007947,3,53
m_film,250,3250,validation,Dreyer2023,0.6134593526522318,3,53
m_film,250,3250,validation,PhysionetMI,0.8487020588439445,3,53
m_film,250,3250,validation,pooled,0.7305333440815625,3,53
m_film,500,3500,train,Cho2017,0.6717362385887009,3,53
m_film,500,3500,train,Dreyer2023,0.322311645868857,3,53
m_film,500,3500,train,PhysionetMI,0.2114162760476271,3,53
m_film,500,3500,train,pooled,0.351323235265125,3,53
m_film,500,3500,validation,Cho2017,0.8376876056194306,3,53
m_film,500,3500,validation,Dreyer2023,0.5616347524854871,3,53
m_film,500,3500,validation,PhysionetMI,0.6667184952808463,3,53
m_film,500,3500,validation,pooled,0.669683716646523,3,53
m_film,750,3750,train,Cho2017,0.579514010136849,3,53
m_film,750,3750,train,Dreyer2023,0.3285231911792166,3,53
m_film,750,3750,train,PhysionetMI,0.3344792198343547,3,53
m_film,750,3750,train,pooled,0.3869112219951546,3,53
m_film,750,3750,validation,Cho2017,0.7128688377141953,3,53
m_film,750,3750,validation,Dreyer2023,0.61235587630007,3,53
m_film,750,3750,validation,PhysionetMI,0.7993101602339227,3,53
m_film,750,3750,validation,pooled,0.7177828828071435,3,53
m_film,1000,4000,train,Cho2017,0.6540551936391076,3,53
m_film,1000,4000,train,Dreyer2023,0.3348246030333764,3,53
m_film,1000,4000,train,PhysionetMI,0.2067053431079343,3,53
m_film,1000,4000,train,pooled,0.3495720764170585,3,53
m_film,1000,4000,validation,Cho2017,0.59104582041502,3,53
m_film,1000,4000,validation,Dreyer2023,0.5975274509853786,3,53
m_film,1000,4000,validation,PhysionetMI,0.8895597723515137,3,53
m_film,1000,4000,validation,pooled,0.7258792314658035,3,53
m_film,1250,4250,train,Cho2017,0.6453693194917053,3,53
m_film,1250,4250,train,Dreyer2023,0.3451357239964364,3,53
m_film,1250,4250,train,PhysionetMI,0.2742311172270112,3,53
m_film,1250,4250,train,pooled,0.3807557890321869,3,53
m_film,1250,4250,validation,Cho2017,0.6141308142244817,3,53
m_film,1250,4250,validation,Dreyer2023,0.6002316878901587,3,53
m_film,1250,4250,validation,PhysionetMI,0.8409915074058201,3,53
m_film,1250,4250,validation,pooled,0.7103247468603022,3,53
m_film,1500,4500,train,Cho2017,0.7420649742851699,3,53
m_film,1500,4500,train,Dreyer2023,0.3878466213909371,3,53
m_film,1500,4500,train,PhysionetMI,0.1894159487684567,3,53
m_film,1500,4500,train,pooled,0.379530814158743,3,53
m_film,1500,4500,validation,Cho2017,0.7804315730929374,3,53
m_film,1500,4500,validation,Dreyer2023,0.647459230820338,3,53
m_film,1500,4500,validation,PhysionetMI,0.8182206785549289,3,53
m_film,1500,4500,validation,pooled,0.7529026169851782,3,53
m_film,1750,4750,train,Cho2017,0.5772853408646075,3,53
m_film,1750,4750,train,Dreyer2023,0.2974812580288059,3,53
m_film,1750,4750,train,PhysionetMI,0.1097417436759505,3,53
m_film,1750,4750,train,pooled,0.2773180508434041,3,53
m_film,1750,4750,validation,Cho2017,0.6057620438933372,3,53
m_film,1750,4750,validation,Dreyer2023,0.5902379810810089,3,53
m_film,1750,4750,validation,PhysionetMI,0.6406907523455827,3,53
m_film,1750,4750,validation,pooled,0.6161112267124479,3,53
m_film,2000,5000,train,Cho2017,0.5840464222480201,3,53
m_film,2000,5000,train,Dreyer2023,0.3303544446181475,3,53
m_film,2000,5000,train,PhysionetMI,0.1016460387811616,3,53
m_film,2000,5000,train,pooled,0.2864197353325405,3,53
m_film,2000,5000,validation,Cho2017,0.712358707934618,3,53
m_film,2000,5000,validation,Dreyer2023,0.6571329196294149,3,53
m_film,2000,5000,validation,PhysionetMI,0.8720135478221852,3,53
m_film,2000,5000,validation,pooled,0.7649078184495801,3,53
m_lora,0,3000,train,Cho2017,0.5872591165377384,3,53
m_lora,0,3000,train,Dreyer2023,0.3658833338923714,3,53
m_lora,0,3000,train,PhysionetMI,0.0571798624311685,3,53
m_lora,0,3000,train,pooled,0.2796816928452003,3,53
m_lora,0,3000,validation,Cho2017,0.5980473090335727,3,53
m_lora,0,3000,validation,Dreyer2023,0.5210902099808058,3,53
m_lora,0,3000,validation,PhysionetMI,0.7129055555585935,3,53
m_lora,0,3000,validation,pooled,0.6234430522493262,3,53
m_lora,250,3250,train,Cho2017,0.6144913234815853,3,53
m_lora,250,3250,train,Dreyer2023,0.2304913047170255,3,53
m_lora,250,3250,train,PhysionetMI,0.0509109420041875,3,53
m_lora,250,3250,train,pooled,0.2370613252409461,3,53
m_lora,250,3250,validation,Cho2017,0.8603156478330493,3,53
m_lora,250,3250,validation,Dreyer2023,0.4599726579255527,3,53
m_lora,250,3250,validation,PhysionetMI,0.8415842004140597,3,53
m_lora,250,3250,validation,pooled,0.7185428967887774,3,53
m_lora,500,3500,train,Cho2017,0.615939459568778,3,53
m_lora,500,3500,train,Dreyer2023,0.2308601340005729,3,53
m_lora,500,3500,train,PhysionetMI,0.0240198089174611,3,53
m_lora,500,3500,train,pooled,0.2257138766342478,3,53
m_lora,500,3500,validation,Cho2017,0.5965835601091385,3,53
m_lora,500,3500,validation,Dreyer2023,0.4145543998728196,3,53
m_lora,500,3500,validation,PhysionetMI,0.8974594082379632,3,53
m_lora,500,3500,validation,pooled,0.6696297725320653,3,53
m_lora,750,3750,train,Cho2017,0.6965137328369875,3,53
m_lora,750,3750,train,Dreyer2023,0.2134221575292029,3,53
m_lora,750,3750,train,PhysionetMI,0.0253786123324857,3,53
m_lora,750,3750,train,pooled,0.2383006018095656,3,53
m_lora,750,3750,validation,Cho2017,0.7607234508544207,3,53
m_lora,750,3750,validation,Dreyer2023,0.390118251947893,3,53
m_lora,750,3750,validation,PhysionetMI,0.6570041761667159,3,53
m_lora,750,3750,validation,pooled,0.5910909291354871,3,53
m_lora,1000,4000,train,Cho2017,0.5078362914232037,3,53
m_lora,1000,4000,train,Dreyer2023,0.189070127745095,3,53
m_lora,1000,4000,train,PhysionetMI,0.0361109135075541,3,53
m_lora,1000,4000,train,pooled,0.1928196783413088,3,53
m_lora,1000,4000,validation,Cho2017,0.604938836246729,3,53
m_lora,1000,4000,validation,Dreyer2023,0.378816357254982,3,53
m_lora,1000,4000,validation,PhysionetMI,0.9569629958284128,3,53
m_lora,1000,4000,validation,pooled,0.6860198586191173,3,53
m_lora,1250,4250,train,Cho2017,0.5176319357609437,3,53
m_lora,1250,4250,train,Dreyer2023,0.1932802335072155,3,53
m_lora,1250,4250,train,PhysionetMI,0.0224995844196052,3,53
m_lora,1250,4250,train,pooled,0.1904545961041213,3,53
m_lora,1250,4250,validation,Cho2017,0.6867867480963469,3,53
m_lora,1250,4250,validation,Dreyer2023,0.4398878705584341,3,53
m_lora,1250,4250,validation,PhysionetMI,0.8022418662528608,3,53
m_lora,1250,4250,validation,pooled,0.6558005080977155,3,53
m_lora,1500,4500,train,Cho2017,0.5189683451706624,3,53
m_lora,1500,4500,train,Dreyer2023,0.1880013936002453,3,53
m_lora,1500,4500,train,PhysionetMI,0.0295989534588269,3,53
m_lora,1500,4500,train,pooled,0.1920748506123475,3,53
m_lora,1500,4500,validation,Cho2017,0.6976616936922073,3,53
m_lora,1500,4500,validation,Dreyer2023,0.4601973283622,3,53
m_lora,1500,4500,validation,PhysionetMI,0.9031014085668058,3,53
m_lora,1500,4500,validation,pooled,0.7098134451931375,3,53
m_lora,1750,4750,train,Cho2017,0.5328587945045122,3,53
m_lora,1750,4750,train,Dreyer2023,0.1816663019901405,3,53
m_lora,1750,4750,train,PhysionetMI,0.0140219294157233,3,53
m_lora,1750,4750,train,pooled,0.1861808445191747,3,53
m_lora,1750,4750,validation,Cho2017,0.7241412922739983,3,53
m_lora,1750,4750,validation,Dreyer2023,0.468603159321679,3,53
m_lora,1750,4750,validation,PhysionetMI,1.092717009803417,3,53
m_lora,1750,4750,validation,pooled,0.8027733446363001,3,53
m_lora,2000,5000,train,Cho2017,0.4967374303972174,3,53
m_lora,2000,5000,train,Dreyer2023,0.1756589586688822,3,53
m_lora,2000,5000,train,PhysionetMI,0.01813114456512,3,53
m_lora,2000,5000,train,pooled,0.17791858362733,3,53
m_lora,2000,5000,validation,Cho2017,0.6668502098321915,3,53
m_lora,2000,5000,validation,Dreyer2023,0.5472050165873953,3,53
m_lora,2000,5000,validation,PhysionetMI,1.0058890496902084,3,53
m_lora,2000,5000,validation,pooled,0.777652407576378,3,53
m_lora,2250,5250,train,Cho2017,0.5129390538994967,3,53
m_lora,2250,5250,train,Dreyer2023,0.1644068740993622,3,53
m_lora,2250,5250,train,PhysionetMI,0.01929673263096,3,53
m_lora,2250,5250,train,pooled,0.1782136707208531,3,53
m_lora,2250,5250,validation,Cho2017,0.6357543915510178,3,53
m_lora,2250,5250,validation,Dreyer2023,0.5273674356026782,3,53
m_lora,2250,5250,validation,PhysionetMI,1.1018769015434215,3,53
m_lora,2250,5250,validation,pooled,0.8067909662315285,3,53
m_lora,2500,5500,train,Cho2017,0.6168918988140006,3,53
m_lora,2500,5500,train,Dreyer2023,0.1696437517094181,3,53
m_lora,2500,5500,train,PhysionetMI,0.0145059983266709,3,53
m_lora,2500,5500,train,pooled,0.2009893545530912,3,53
m_lora,2500,5500,validation,Cho2017,0.9048393853753806,3,53
m_lora,2500,5500,validation,Dreyer2023,0.5361241873728836,3,53
m_lora,2500,5500,validation,PhysionetMI,1.0657365710724307,3,53
m_lora,2500,5500,validation,pooled,0.8534441796843482,3,53
m_lora,2750,5750,train,Cho2017,0.7000592866940631,3,53
m_lora,2750,5750,train,Dreyer2023,0.1506223609857944,3,53
m_lora,2750,5750,train,PhysionetMI,0.0093508220171488,3,53
m_lora,2750,5750,train,pooled,0.2107582542855944,3,53
m_lora,2750,5750,validation,Cho2017,0.7294128157943487,3,53
m_lora,2750,5750,validation,Dreyer2023,0.4460366774816066,3,53
m_lora,2750,5750,validation,PhysionetMI,1.22564977666606,3,53
m_lora,2750,5750,validation,pooled,0.8555038634108619,3,53
m_film,0,1000,train,Cho2017,0.6172363722321104,3,71
m_film,0,1000,train,Dreyer2023,0.4289669187695933,3,71
m_film,0,1000,train,PhysionetMI,0.3081317860108835,3,71
m_film,0,1000,train,pooled,0.4178067098495489,3,71
m_film,0,1000,validation,Cho2017,0.6432219925522804,3,71
m_film,0,1000,validation,Dreyer2023,0.4883085250854491,3,71
m_film,0,1000,validation,PhysionetMI,0.4886378289564796,3,71
m_film,0,1000,validation,pooled,0.5228800973540919,3,71
m_film,250,1250,train,Cho2017,0.6510876706410852,3,71
m_film,250,1250,train,Dreyer2023,0.4623362349795883,3,71
m_film,250,1250,train,PhysionetMI,0.2701479326911546,3,71
m_film,250,1250,train,pooled,0.4199878834211343,3,71
m_film,250,1250,validation,Cho2017,0.6885829165577889,3,71
m_film,250,1250,validation,Dreyer2023,0.5018127467897203,3,71
m_film,250,1250,validation,PhysionetMI,0.481520242665125,3,71
m_film,250,1250,validation,pooled,0.5342983382383599,3,71
m_film,500,1500,train,Cho2017,0.6198368612082119,3,71
m_film,500,1500,train,Dreyer2023,0.428802949198113,3,71
m_film,500,1500,train,PhysionetMI,0.2456948277685377,3,71
m_film,500,1500,train,pooled,0.3909443500704265,3,71
m_film,500,1500,validation,Cho2017,0.6108190196752548,3,71
m_film,500,1500,validation,Dreyer2023,0.5262631793816884,3,71
m_film,500,1500,validation,PhysionetMI,0.6634862254495206,3,71
m_film,500,1500,validation,pooled,0.6060413865881841,3,71
m_film,750,1750,train,Cho2017,1.0770257642983283,3,71
m_film,750,1750,train,Dreyer2023,0.41314462048817,3,71
m_film,750,1750,train,PhysionetMI,0.1754386651538036,3,71
m_film,750,1750,train,pooled,0.4564167656034245,3,71
m_film,750,1750,validation,Cho2017,0.8774832558631898,3,71
m_film,750,1750,validation,Dreyer2023,0.5166675998104944,3,71
m_film,750,1750,validation,PhysionetMI,0.5396188170365666,3,71
m_film,750,1750,validation,pooled,0.6070493977004587,3,71
m_film,1000,2000,train,Cho2017,0.5976453682092802,3,71
m_film,1000,2000,train,Dreyer2023,0.4430288625254288,3,71
m_film,1000,2000,train,PhysionetMI,0.1530284411827171,3,71
m_film,1000,2000,train,pooled,0.3501949187551538,3,71
m_film,1000,2000,validation,Cho2017,0.6578233510255813,3,71
m_film,1000,2000,validation,Dreyer2023,0.550656525293986,3,71
m_film,1000,2000,validation,PhysionetMI,0.5366059476914613,3,71
m_film,1000,2000,validation,pooled,0.568226674299885,3,71
m_film,1250,2250,train,Cho2017,1.1199543730731598,3,71
m_film,1250,2250,train,Dreyer2023,0.4114147757889139,3,71
m_film,1250,2250,train,PhysionetMI,0.125276841122726,3,71
m_film,1250,2250,train,pooled,0.4433689254780206,3,71
m_film,1250,2250,validation,Cho2017,0.9244488710165024,3,71
m_film,1250,2250,validation,Dreyer2023,0.5053607126077015,3,71
m_film,1250,2250,validation,PhysionetMI,0.6205569479776465,3,71
m_film,1250,2250,validation,pooled,0.6496897413074106,3,71
m_film,1500,2500,train,Cho2017,1.562286138503175,3,71
m_film,1500,2500,train,Dreyer2023,0.398032794197046,3,71
m_film,1500,2500,train,PhysionetMI,0.1585378187051737,3,71
m_film,1500,2500,train,pooled,0.5517141036809202,3,71
m_film,1500,2500,validation,Cho2017,0.8992703437805176,3,71
m_film,1500,2500,validation,Dreyer2023,0.5385915093951755,3,71
m_film,1500,2500,validation,PhysionetMI,0.8507969698504262,3,71
m_film,1500,2500,validation,pooled,0.7575003439053628,3,71
m_film,1750,2750,train,Cho2017,0.6581145483111602,3,71
m_film,1750,2750,train,Dreyer2023,0.4024387198430569,3,71
m_film,1750,2750,train,PhysionetMI,0.0876509201129277,3,71
m_film,1750,2750,train,pooled,0.3211907461707075,3,71
m_film,1750,2750,validation,Cho2017,0.6924278062582017,3,71
m_film,1750,2750,validation,Dreyer2023,0.503030041191313,3,71
m_film,1750,2750,validation,PhysionetMI,0.7221745560350625,3,71
m_film,1750,2750,validation,pooled,0.642515995581177,3,71
m_film,2000,3000,train,Cho2017,0.6152008440864697,3,71
m_film,2000,3000,train,Dreyer2023,0.3617876064993539,3,71
m_film,2000,3000,train,PhysionetMI,0.1015379339302113,3,71
m_film,2000,3000,train,pooled,0.3039570660644107,3,71
m_film,2000,3000,validation,Cho2017,0.6550721222162247,3,71
m_film,2000,3000,validation,Dreyer2023,0.5225630640983582,3,71
m_film,2000,3000,validation,PhysionetMI,0.8428924070752186,3,71
m_film,2000,3000,validation,pooled,0.6943781183364888,3,71
m_lora,0,3000,train,Cho2017,0.7529184192489836,3,71
m_lora,0,3000,train,Dreyer2023,0.2569281807508551,3,71
m_lora,0,3000,train,PhysionetMI,0.0311529963847623,3,71
m_lora,0,3000,train,pooled,0.2681240300811002,3,71
m_lora,0,3000,validation,Cho2017,0.73574189722538,3,71
m_lora,0,3000,validation,Dreyer2023,0.4581235484944448,3,71
m_lora,0,3000,validation,PhysionetMI,0.8660085368192876,3,71
m_lora,0,3000,validation,pooled,0.7010987319123606,3,71
m_lora,250,3250,train,Cho2017,0.6516969405556401,3,71
m_lora,250,3250,train,Dreyer2023,0.2686098411608763,3,71
m_lora,250,3250,train,PhysionetMI,0.034417944485037,3,71
m_lora,250,3250,train,pooled,0.2510245635369761,3,71
m_lora,250,3250,validation,Cho2017,0.7431796708703041,3,71
m_lora,250,3250,validation,Dreyer2023,0.4664033065239588,3,71
m_lora,250,3250,validation,PhysionetMI,0.7300829234654489,3,71
m_lora,250,3250,validation,pooled,0.6451001061304755,3,71
m_lora,500,3500,train,Cho2017,0.5583183739040203,3,71
m_lora,500,3500,train,Dreyer2023,0.235350283963161,3,71
m_lora,500,3500,train,PhysionetMI,0.037719796654362,3,71
m_lora,500,3500,train,pooled,0.2204409323233524,3,71
m_lora,500,3500,validation,Cho2017,0.624266842007637,3,71
m_lora,500,3500,validation,Dreyer2023,0.4642436308993234,3,71
m_lora,500,3500,validation,PhysionetMI,0.8416678772925439,3,71
m_lora,500,3500,validation,pooled,0.6675484539870467,3,71
m_lora,750,3750,train,Cho2017,0.600317391079331,3,71
m_lora,750,3750,train,Dreyer2023,0.2195393734574842,3,71
m_lora,750,3750,train,PhysionetMI,0.0323603966062431,3,71
m_lora,750,3750,train,pooled,0.222060668228169,3,71
m_lora,750,3750,validation,Cho2017,0.8752351778745652,3,71
m_lora,750,3750,validation,Dreyer2023,0.4886985316872597,3,71
m_lora,750,3750,validation,PhysionetMI,0.8182144374687873,3,71
m_lora,750,3750,validation,pooled,0.7210470778540066,3,71
m_lora,1000,4000,train,Cho2017,0.5590047193663302,3,71
m_lora,1000,4000,train,Dreyer2023,0.2331319376734458,3,71
m_lora,1000,4000,train,PhysionetMI,0.0296039185133622,3,71
m_lora,1000,4000,train,pooled,0.2162814363127636,3,71
m_lora,1000,4000,validation,Cho2017,0.6647163803875447,3,71
m_lora,1000,4000,validation,Dreyer2023,0.5950266554951668,3,71
m_lora,1000,4000,validation,PhysionetMI,1.0113940405426547,3,71
m_lora,1000,4000,validation,pooled,0.7955654321590231,3,71
m_lora,1250,4250,train,Cho2017,0.5120038583112034,3,71
m_lora,1250,4250,train,Dreyer2023,0.1808389911536446,3,71
m_lora,1250,4250,train,PhysionetMI,0.0249533743393481,3,71
m_lora,1250,4250,train,pooled,0.1860602992876504,3,71
m_lora,1250,4250,validation,Cho2017,0.6234058056771755,3,71
m_lora,1250,4250,validation,Dreyer2023,0.4199681654572487,3,71
m_lora,1250,4250,validation,PhysionetMI,0.8705109860556663,3,71
m_lora,1250,4250,validation,pooled,0.6654177835498625,3,71
m_lora,1500,4500,train,Cho2017,0.5765141532271749,3,71
m_lora,1500,4500,train,Dreyer2023,0.1778270547816058,3,71
m_lora,1500,4500,train,PhysionetMI,0.0277091497897059,3,71
m_lora,1500,4500,train,pooled,0.2005830013695539,3,71
m_lora,1500,4500,validation,Cho2017,0.7128258506394922,3,71
m_lora,1500,4500,validation,Dreyer2023,0.4723601944330666,3,71
m_lora,1500,4500,validation,PhysionetMI,1.0716739073800652,3,71
m_lora,1500,4500,validation,pooled,0.7921586571220494,3,71
m_lora,1750,4750,train,Cho2017,0.5980205267073593,3,71
m_lora,1750,4750,train,Dreyer2023,0.2115786564742778,3,71
m_lora,1750,4750,train,PhysionetMI,0.0317372229862879,3,71
m_lora,1750,4750,train,pooled,0.218576805931926,3,71
m_lora,1750,4750,validation,Cho2017,0.6642709839344025,3,71
m_lora,1750,4750,validation,Dreyer2023,0.6810271057817672,3,71
m_lora,1750,4750,validation,PhysionetMI,1.5696949103604192,3,71
m_lora,1750,4750,validation,pooled,1.072266991850643,3,71
m_lora,2000,5000,train,Cho2017,0.5820658901406927,3,71
m_lora,2000,5000,train,Dreyer2023,0.172715221372519,3,71
m_lora,2000,5000,train,PhysionetMI,0.0268760214886932,3,71
m_lora,2000,5000,train,pooled,0.1997174753017802,3,71
m_lora,2000,5000,validation,Cho2017,0.7235914957523346,3,71
m_lora,2000,5000,validation,Dreyer2023,0.4438908938732411,3,71
m_lora,2000,5000,validation,PhysionetMI,1.050349380206013,3,71
m_lora,2000,5000,validation,pooled,0.7755836882164938,3,71
m_lora,2250,5250,train,Cho2017,0.5141671467831289,3,71
m_lora,2250,5250,train,Dreyer2023,0.1656123724493194,3,71
m_lora,2250,5250,train,PhysionetMI,0.0418617979091317,3,71
m_lora,2250,5250,train,pooled,0.1887924211871596,3,71
m_lora,2250,5250,validation,Cho2017,0.590856506973505,3,71
m_lora,2250,5250,validation,Dreyer2023,0.5254502375920613,3,71
m_lora,2250,5250,validation,PhysionetMI,1.089169070733592,3,71
m_lora,2250,5250,validation,pooled,0.7905266677397292,3,71
m_film,0,3000,train,Cho2017,0.6196324486844241,4,11
m_film,0,3000,train,Dreyer2023,0.4113958871366366,4,11
m_film,0,3000,train,PhysionetMI,0.1891632511306692,4,11
m_film,0,3000,train,pooled,0.3602002242031182,4,11
m_film,0,3000,validation,Cho2017,0.7079385673999786,4,11
m_film,0,3000,validation,Dreyer2023,0.4832631594604916,4,11
m_film,0,3000,validation,PhysionetMI,0.4834250833677209,4,11
m_film,0,3000,validation,pooled,0.5332629940724796,4,11
m_film,250,3250,train,Cho2017,0.7823341758353962,4,11
m_film,250,3250,train,Dreyer2023,0.4015174263749409,4,11
m_film,250,3250,train,PhysionetMI,0.1396851485636499,4,11
m_film,250,3250,train,pooled,0.371304652361201,4,11
m_film,250,3250,validation,Cho2017,1.0974125421047212,4,11
m_film,250,3250,validation,Dreyer2023,0.4825175517135197,4,11
m_film,250,3250,validation,PhysionetMI,0.8040523088496664,4,11
m_film,250,3250,validation,pooled,0.7620652194165185,4,11
m_film,500,3500,train,Cho2017,0.6485460554827513,4,11
m_film,500,3500,train,Dreyer2023,0.5158888549805632,4,11
m_film,500,3500,train,PhysionetMI,0.1092977596390992,4,11
m_film,500,3500,train,pooled,0.3670388050885945,4,11
m_film,500,3500,validation,Cho2017,0.7287032129367192,4,11
m_film,500,3500,validation,Dreyer2023,0.5749894135528141,4,11
m_film,500,3500,validation,PhysionetMI,0.8948267439137334,4,11
m_film,500,3500,validation,pooled,0.7512979602429793,4,11
m_film,750,3750,train,Cho2017,0.6847807798841804,4,11
m_film,750,3750,train,Dreyer2023,0.4072927256549251,4,11
m_film,750,3750,train,PhysionetMI,0.2147643999906809,4,11
m_film,750,3750,train,pooled,0.3845144896075179,4,11
m_film,750,3750,validation,Cho2017,0.7661749682823817,4,11
m_film,750,3750,validation,Dreyer2023,0.4957172446780735,4,11
m_film,750,3750,validation,PhysionetMI,1.304614492084669,4,11
m_film,750,3750,validation,pooled,0.9153288487708512,4,11
m_film,1000,4000,train,Cho2017,0.6591168449395653,4,11
m_film,1000,4000,train,Dreyer2023,0.4086065504503566,4,11
m_film,1000,4000,train,PhysionetMI,0.0767959617212828,4,11
m_film,1000,4000,train,pooled,0.3187445448123999,4,11
m_film,1000,4000,validation,Cho2017,0.7389608418941498,4,11
m_film,1000,4000,validation,Dreyer2023,0.5408221854103936,4,11
m_film,1000,4000,validation,PhysionetMI,0.9664315555406654,4,11
m_film,1000,4000,validation,pooled,0.774012718020238,4,11
m_film,1250,4250,train,Cho2017,0.6038266997485372,4,11
m_film,1250,4250,train,Dreyer2023,0.3675858021662483,4,11
m_film,1250,4250,train,PhysionetMI,0.1471932416309913,4,11
m_film,1250,4250,train,pooled,0.3234203756632232,4,11
m_film,1250,4250,validation,Cho2017,0.7261157341798147,4,11
m_film,1250,4250,validation,Dreyer2023,0.5115547282828224,4,11
m_film,1250,4250,validation,PhysionetMI,1.0465987609780352,4,11
m_film,1250,4250,validation,pooled,0.7970322996800265,4,11
m_film,1500,4500,train,Cho2017,0.6308914033624162,4,11
m_film,1500,4500,train,Dreyer2023,0.363278339480449,4,11
m_film,1500,4500,train,PhysionetMI,0.0435843578923183,4,11
m_film,1500,4500,train,pooled,0.2825312506407119,4,11
m_film,1500,4500,validation,Cho2017,0.7465703990062078,4,11
m_film,1500,4500,validation,Dreyer2023,0.4926575144131979,4,11
m_film,1500,4500,validation,PhysionetMI,1.0814889410267703,4,11
m_film,1500,4500,validation,pooled,0.81078545615101,4,11
m_film,1750,4750,train,Cho2017,0.6104794536119995,4,11
m_film,1750,4750,train,Dreyer2023,0.403684920507505,4,11
m_film,1750,4750,train,PhysionetMI,0.0417197113123652,4,11
m_film,1750,4750,train,pooled,0.29088259049777,4,11
m_film,1750,4750,validation,Cho2017,0.7272170156240463,4,11
m_film,1750,4750,validation,Dreyer2023,0.5912552267313004,4,11
m_film,1750,4750,validation,PhysionetMI,1.4708253922669785,4,11
m_film,1750,4750,validation,pooled,1.0123890311677677,4,11
m_film,2000,5000,train,Cho2017,0.727533908912242,4,11
m_film,2000,5000,train,Dreyer2023,0.3649864719881633,4,11
m_film,2000,5000,train,PhysionetMI,0.0341646624963786,4,11
m_film,2000,5000,train,pooled,0.3004552842175852,4,11
m_film,2000,5000,validation,Cho2017,0.9929303379853568,4,11
m_film,2000,5000,validation,Dreyer2023,0.5966394080056084,4,11
m_film,2000,5000,validation,PhysionetMI,1.303316328836524,4,11
m_film,2000,5000,validation,pooled,0.998782690592626,4,11
m_lora,0,3000,train,Cho2017,0.5357001689955956,4,11
m_lora,0,3000,train,Dreyer2023,0.1835914035578927,4,11
m_lora,0,3000,train,PhysionetMI,0.0161275324232798,4,11
m_lora,0,3000,train,pooled,0.1883887295902714,4,11
m_lora,0,3000,validation,Cho2017,1.013225216070811,4,11
m_lora,0,3000,validation,Dreyer2023,0.4868280142545699,4,11
m_lora,0,3000,validation,PhysionetMI,1.0346282876056174,4,11
m_lora,0,3000,validation,pooled,0.8472719583697557,4,11
m_lora,250,3250,train,Cho2017,0.5383755594843554,4,11
m_lora,250,3250,train,Dreyer2023,0.1773028284912335,4,11
m_lora,250,3250,train,PhysionetMI,0.0140303301323664,4,11
m_lora,250,3250,train,pooled,0.1859304682621317,4,11
m_lora,250,3250,validation,Cho2017,0.8578407001495362,4,11
m_lora,250,3250,validation,Dreyer2023,0.5391557524601618,4,11
m_lora,250,3250,validation,PhysionetMI,1.398836928865184,4,11
m_lora,250,3250,validation,pooled,0.9920551525711436,4,11
m_lora,500,3500,train,Cho2017,0.6194375717665256,4,11
m_lora,500,3500,train,Dreyer2023,0.1990280478305384,4,11
m_lora,500,3500,train,PhysionetMI,0.0047534541604119,4,11
m_lora,500,3500,train,pooled,0.2072442313645034,4,11
m_lora,500,3500,validation,Cho2017,1.152903341452281,4,11
m_lora,500,3500,validation,Dreyer2023,0.64150866733657,4,11
m_lora,500,3500,validation,PhysionetMI,1.1361965018769968,4,11
m_lora,500,3500,validation,pooled,0.9750131880469176,4,11
m_lora,750,3750,train,Cho2017,0.4931144432069089,4,11
m_lora,750,3750,train,Dreyer2023,0.179535512846848,4,11
m_lora,750,3750,train,PhysionetMI,0.0096542724825679,4,11
m_lora,750,3750,train,pooled,0.1747104036442825,4,11
m_lora,750,3750,validation,Cho2017,0.946287234822909,4,11
m_lora,750,3750,validation,Dreyer2023,0.5381154391500684,4,11
m_lora,750,3750,validation,PhysionetMI,1.0656603367432305,4,11
m_lora,750,3750,validation,pooled,0.8632846815632162,4,11
m_lora,1000,4000,train,Cho2017,0.4867358399909048,4,11
m_lora,1000,4000,train,Dreyer2023,0.1633116337287389,4,11
m_lora,1000,4000,train,PhysionetMI,0.0047358322033348,4,11
m_lora,1000,4000,train,pooled,0.1656328894220547,4,11
m_lora,1000,4000,validation,Cho2017,0.7895722842216492,4,11
m_lora,1000,4000,validation,Dreyer2023,0.6004801273345948,4,11
m_lora,1000,4000,validation,PhysionetMI,1.4985944447310071,4,11
m_lora,1000,4000,validation,pooled,1.041662525485679,4,11
m_lora,1250,4250,train,Cho2017,0.4712558694046672,4,11
m_lora,1250,4250,train,Dreyer2023,0.1631338934360795,4,11
m_lora,1250,4250,train,PhysionetMI,0.0061592915920557,4,11
m_lora,1250,4250,train,pooled,0.162756934070609,4,11
m_lora,1250,4250,validation,Cho2017,0.8052848255634307,4,11
m_lora,1250,4250,validation,Dreyer2023,0.5993641156289313,4,11
m_lora,1250,4250,validation,PhysionetMI,1.2546553197114363,4,11
m_lora,1250,4250,validation,pooled,0.9363648085399336,4,11
m_lora,1500,4500,train,Cho2017,0.4440968822323945,4,11
m_lora,1500,4500,train,Dreyer2023,0.1388183300388603,4,11
m_lora,1500,4500,train,PhysionetMI,0.0015872361861467,4,11
m_lora,1500,4500,train,pooled,0.1464689320528999,4,11
m_lora,1500,4500,validation,Cho2017,0.9332978109518686,4,11
m_lora,1500,4500,validation,Dreyer2023,0.5276275672018528,4,11
m_lora,1500,4500,validation,PhysionetMI,1.2938473483790522,4,11
m_lora,1500,4500,validation,pooled,0.9583186352250562,4,11
m_lora,1750,4750,train,Cho2017,0.4944045216593429,4,11
m_lora,1750,4750,train,Dreyer2023,0.1877206314407269,4,11
m_lora,1750,4750,train,PhysionetMI,0.0020723232698712,4,11
m_lora,1750,4750,train,pooled,0.174447910478699,4,11
m_lora,1750,4750,validation,Cho2017,0.8840491571029028,4,11
m_lora,1750,4750,validation,Dreyer2023,0.6814565685060289,4,11
m_lora,1750,4750,validation,PhysionetMI,1.398133140543233,4,11
m_lora,1750,4750,validation,pooled,1.045000064655203,4,11
m_lora,2000,5000,train,Cho2017,0.5476538861895645,4,11
m_lora,2000,5000,train,Dreyer2023,0.1275754630084697,4,11
m_lora,2000,5000,train,PhysionetMI,0.0019854103775465,4,11
m_lora,2000,5000,train,pooled,0.1658428672983081,4,11
m_lora,2000,5000,validation,Cho2017,1.0293172780672708,4,11
m_lora,2000,5000,validation,Dreyer2023,0.5723099380731582,4,11
m_lora,2000,5000,validation,PhysionetMI,1.4751152836758157,4,11
m_lora,2000,5000,validation,pooled,1.0751139450063645,4,11
m_film,0,3000,train,Cho2017,0.6223676066332612,4,23
m_film,0,3000,train,Dreyer2023,0.4199290949867516,4,23
m_film,0,3000,train,PhysionetMI,0.1663598120941055,4,23
m_film,0,3000,train,pooled,0.3537008331482656,4,23
m_film,0,3000,validation,Cho2017,0.7147246781984965,4,23
m_film,0,3000,validation,Dreyer2023,0.5365864965650771,4,23
m_film,0,3000,validation,PhysionetMI,0.5726044722225355,4,23
m_film,0,3000,validation,pooled,0.5921807483313741,4,23
m_film,250,3250,train,Cho2017,0.6580592522556126,4,23
m_film,250,3250,train,Dreyer2023,0.4883185975176802,4,23
m_film,250,3250,train,PhysionetMI,0.157027129628316,4,23
m_film,250,3250,train,pooled,0.3807354676249265,4,23
m_film,250,3250,validation,Cho2017,0.7126706838607789,4,23
m_film,250,3250,validation,Dreyer2023,0.5157437788115607,4,23
m_film,250,3250,validation,PhysionetMI,0.7883282381555309,4,23
m_film,250,3250,validation,pooled,0.6806539618642625,4,23
m_film,500,3500,train,Cho2017,0.9743289162234908,4,23
m_film,500,3500,train,Dreyer2023,0.4787025709949903,4,23
m_film,500,3500,train,PhysionetMI,0.1348473328661035,4,23
m_film,500,3500,train,pooled,0.4380280578898237,4,23
m_film,500,3500,validation,Cho2017,0.8745556640625,4,23
m_film,500,3500,validation,Dreyer2023,0.5199603729777866,4,23
m_film,500,3500,validation,PhysionetMI,0.6847623897635418,4,23
m_film,500,3500,validation,pooled,0.6720046673458363,4,23
m_film,750,3750,train,Cho2017,0.6882736310366083,4,23
m_film,750,3750,train,Dreyer2023,0.3942998186099331,4,23
m_film,750,3750,train,PhysionetMI,0.1097114578311642,4,23
m_film,750,3750,train,pooled,0.3348078760006114,4,23
m_film,750,3750,validation,Cho2017,0.8378347251812618,4,23
m_film,750,3750,validation,Dreyer2023,0.4837406529320611,4,23
m_film,750,3750,validation,PhysionetMI,0.7826517924018528,4,23
m_film,750,3750,validation,pooled,0.6952776198629019,4,23
m_film,1000,4000,train,Cho2017,0.8550493300000302,4,23
m_film,1000,4000,train,Dreyer2023,0.4176413488636709,4,23
m_film,1000,4000,train,PhysionetMI,0.1470892719444301,4,23
m_film,1000,4000,train,pooled,0.3961799308182826,4,23
m_film,1000,4000,validation,Cho2017,0.8216518086194993,4,23
m_film,1000,4000,validation,Dreyer2023,0.4842531508869594,4,23
m_film,1000,4000,validation,PhysionetMI,0.7731420086777728,4,23
m_film,1000,4000,validation,pooled,0.6876256782901076,4,23
m_film,1250,4250,train,Cho2017,0.7275210521652633,4,23
m_film,1250,4250,train,Dreyer2023,0.3738452119893773,4,23
m_film,1250,4250,train,PhysionetMI,0.1333320026014137,4,23
m_film,1250,4250,train,pooled,0.3469515934080112,4,23
m_film,1250,4250,validation,Cho2017,1.042645825544993,4,23
m_film,1250,4250,validation,Dreyer2023,0.4855503016048008,4,23
m_film,1250,4250,validation,PhysionetMI,0.8216860527577607,4,23
m_film,1250,4250,validation,pooled,0.7587429741039369,4,23
m_film,1500,4500,train,Cho2017,0.8596239379930651,4,23
m_film,1500,4500,train,Dreyer2023,0.369808379123877,4,23
m_film,1500,4500,train,PhysionetMI,0.1408276315088625,4,23
m_film,1500,4500,train,pooled,0.378226128632082,4,23
m_film,1500,4500,validation,Cho2017,0.928268007437388,4,23
m_film,1500,4500,validation,Dreyer2023,0.460184109210968,4,23
m_film,1500,4500,validation,PhysionetMI,0.7030354841895725,4,23
m_film,1500,4500,validation,pooled,0.672136697696219,4,23
m_film,1750,4750,train,Cho2017,0.6732551783790583,4,23
m_film,1750,4750,train,Dreyer2023,0.4438934502478657,4,23
m_film,1750,4750,train,PhysionetMI,0.1371014555895149,4,23
m_film,1750,4750,train,pooled,0.360304830771895,4,23
m_film,1750,4750,validation,Cho2017,0.7576562160253525,4,23
m_film,1750,4750,validation,Dreyer2023,0.6339338637060589,4,23
m_film,1750,4750,validation,PhysionetMI,0.8856863198073015,4,23
m_film,1750,4750,validation,pooled,0.7733177002664541,4,23
m_film,2000,5000,train,Cho2017,0.6440779431491045,4,23
m_film,2000,5000,train,Dreyer2023,0.3574526563788802,4,23
m_film,2000,5000,train,PhysionetMI,0.1277225465993914,4,23
m_film,2000,5000,train,pooled,0.320388344471318,4,23
m_film,2000,5000,validation,Cho2017,0.6852803405125936,4,23
m_film,2000,5000,validation,Dreyer2023,0.5412799338499705,4,23
m_film,2000,5000,validation,PhysionetMI,0.9318246945090916,4,23
m_film,2000,5000,validation,pooled,0.746855473401274,4,23
m_lora,0,3000,train,Cho2017,0.5959129527701021,4,23
m_lora,0,3000,train,Dreyer2023,0.301563485767958,4,23
m_lora,0,3000,train,PhysionetMI,0.0367393597873617,4,23
m_lora,0,3000,train,pooled,0.2508235459874712,4,23
m_lora,0,3000,validation,Cho2017,0.7941832109292348,4,23
m_lora,0,3000,validation,Dreyer2023,0.4196832729710473,4,23
m_lora,0,3000,validation,PhysionetMI,1.319322954053464,4,23
m_lora,0,3000,validation,pooled,0.902745339665052,4,23
m_lora,250,3250,train,Cho2017,0.6696884541230007,4,23
m_lora,250,3250,train,Dreyer2023,0.2415517397019665,4,23
m_lora,250,3250,train,PhysionetMI,0.0316909833359704,4,23
m_lora,250,3250,train,pooled,0.2446490404069349,4,23
m_lora,250,3250,validation,Cho2017,0.8979279605547588,4,23
m_lora,250,3250,validation,Dreyer2023,0.3629579790764385,4,23
m_lora,250,3250,validation,PhysionetMI,1.312204174373461,4,23
m_lora,250,3250,validation,pooled,0.9037273950925196,4,23
m_lora,500,3500,train,Cho2017,0.5337341674625008,4,23
m_lora,500,3500,train,Dreyer2023,0.2285410481503158,4,23
m_lora,500,3500,train,PhysionetMI,0.0618752489578737,4,23
m_lora,500,3500,train,pooled,0.2232627065972742,4,23
m_lora,500,3500,validation,Cho2017,0.71255712946256,4,23
m_lora,500,3500,validation,Dreyer2023,0.3636520516541269,4,23
m_lora,500,3500,validation,PhysionetMI,1.1188502402409264,4,23
m_lora,500,3500,validation,pooled,0.776830152761245,4,23
m_lora,750,3750,train,Cho2017,0.5454592951233321,4,23
m_lora,750,3750,train,Dreyer2023,0.2362997163314169,4,23
m_lora,750,3750,train,PhysionetMI,0.0216941062680831,4,23
m_lora,750,3750,train,pooled,0.2108765773802049,4,23
m_lora,750,3750,validation,Cho2017,0.8007324904203416,4,23
m_lora,750,3750,validation,Dreyer2023,0.4940275136795309,4,23
m_lora,750,3750,validation,PhysionetMI,1.2299511950948965,4,23
m_lora,750,3750,validation,pooled,0.8892613669176512,4,23
m_lora,1000,4000,train,Cho2017,0.5785104085644501,4,23
m_lora,1000,4000,train,Dreyer2023,0.2124155946429591,4,23
m_lora,1000,4000,train,PhysionetMI,0.0179012475055195,4,23
m_lora,1000,4000,train,pooled,0.208456687588624,4,23
m_lora,1000,4000,validation,Cho2017,0.706965276002884,4,23
m_lora,1000,4000,validation,Dreyer2023,0.5099900845024322,4,23
m_lora,1000,4000,validation,PhysionetMI,1.4585174373958425,4,23
m_lora,1000,4000,validation,pooled,0.9753300616773816,4,23
m_lora,1250,4250,train,Cho2017,0.5974033591831566,4,23
m_lora,1250,4250,train,Dreyer2023,0.204147404506226,4,23
m_lora,1250,4250,train,PhysionetMI,0.0214327766435596,4,23
m_lora,1250,4250,train,pooled,0.2113996219800469,4,23
m_lora,1250,4250,validation,Cho2017,0.7677603330214817,4,23
m_lora,1250,4250,validation,Dreyer2023,0.4939909219741821,4,23
m_lora,1250,4250,validation,PhysionetMI,1.898034023201984,4,23
m_lora,1250,4250,validation,pooled,1.1788477249748273,4,23
m_lora,1500,4500,train,Cho2017,0.620313947753297,4,23
m_lora,1500,4500,train,Dreyer2023,0.1865725716074005,4,23
m_lora,1500,4500,train,PhysionetMI,0.0289102053899078,4,23
m_lora,1500,4500,train,pooled,0.2138093834625591,4,23
m_lora,1500,4500,validation,Cho2017,0.7165961480140686,4,23
m_lora,1500,4500,validation,Dreyer2023,0.3878588903281423,4,23
m_lora,1500,4500,validation,PhysionetMI,1.8189147762630296,4,23
m_lora,1500,4500,validation,pooled,1.0969364524516314,4,23
m_lora,1750,4750,train,Cho2017,0.7289529371244484,4,23
m_lora,1750,4750,train,Dreyer2023,0.1819355352824642,4,23
m_lora,1750,4750,train,PhysionetMI,0.0088828382001719,4,23
m_lora,1750,4750,train,pooled,0.2275946521761687,4,23
m_lora,1750,4750,validation,Cho2017,0.8887055917580923,4,23
m_lora,1750,4750,validation,Dreyer2023,0.4907027787632412,4,23
m_lora,1750,4750,validation,PhysionetMI,1.737266260644664,4,23
m_lora,1750,4750,validation,pooled,1.1331760624871738,4,23
m_lora,2000,5000,train,Cho2017,0.4909050636744844,4,23
m_lora,2000,5000,train,Dreyer2023,0.1637420652735211,4,23
m_lora,2000,5000,train,PhysionetMI,0.0108263810150377,4,23
m_lora,2000,5000,train,pooled,0.1693766712375583,4,23
m_lora,2000,5000,validation,Cho2017,0.7108904549479484,4,23
m_lora,2000,5000,validation,Dreyer2023,0.5277060066660245,4,23
m_lora,2000,5000,validation,PhysionetMI,1.9381639646447224,4,23
m_lora,2000,5000,validation,pooled,1.1952838653858735,4,23
m_lora,2250,5250,train,Cho2017,0.5626005388381983,4,23
m_lora,2250,5250,train,Dreyer2023,0.1809785339866223,4,23
m_lora,2250,5250,train,PhysionetMI,0.0193094890768054,4,23
m_lora,2250,5250,train,pooled,0.1948759481160002,4,23
m_lora,2250,5250,validation,Cho2017,0.7322203354040782,4,23
m_lora,2250,5250,validation,Dreyer2023,0.5127214957442549,4,23
m_lora,2250,5250,validation,PhysionetMI,1.6231786686441172,4,23
m_lora,2250,5250,validation,pooled,1.0550355369574878,4,23
m_lora,2500,5500,train,Cho2017,0.5555155139583969,4,23
m_lora,2500,5500,train,Dreyer2023,0.2089575820649714,4,23
m_lora,2500,5500,train,PhysionetMI,0.0105449725338427,4,23
m_lora,2500,5500,train,pooled,0.1989473814633077,4,23
m_lora,2500,5500,validation,Cho2017,0.8301558550198873,4,23
m_lora,2500,5500,validation,Dreyer2023,0.6006160229444503,4,23
m_lora,2500,5500,validation,PhysionetMI,2.0202899082847265,4,23
m_lora,2500,5500,validation,pooled,1.2825910457791148,4,23
m_film,0,3000,train,Cho2017,0.7066747895824996,4,37
m_film,0,3000,train,Dreyer2023,0.4219713597690773,4,37
m_film,0,3000,train,PhysionetMI,0.0712991029605338,4,37
m_film,0,3000,train,pooled,0.3314351672092485,4,37
m_film,0,3000,validation,Cho2017,0.8605242878198623,4,37
m_film,0,3000,validation,Dreyer2023,0.5754155188798905,4,37
m_film,0,3000,validation,PhysionetMI,1.1931715426237686,4,37
m_film,0,3000,validation,pooled,0.91333125586383,4,37
m_film,250,3250,train,Cho2017,0.6442394898539376,4,37
m_film,250,3250,train,Dreyer2023,0.3852026761673742,4,37
m_film,250,3250,train,PhysionetMI,0.0678988040699795,4,37
m_film,250,3250,train,pooled,0.3035980475871684,4,37
m_film,250,3250,validation,Cho2017,0.7454566890001297,4,37
m_film,250,3250,validation,Dreyer2023,0.5376299407747057,4,37
m_film,250,3250,validation,PhysionetMI,1.2176452512326448,4,37
m_film,250,3250,validation,pooled,0.8860426894727729,4,37
m_film,500,3500,train,Cho2017,0.6169434485719907,4,37
m_film,500,3500,train,Dreyer2023,0.4538616960118161,4,37
m_film,500,3500,train,PhysionetMI,0.0475092996238489,4,37
m_film,500,3500,train,pooled,0.3118773502117523,4,37
m_film,500,3500,validation,Cho2017,0.7280954569578171,4,37
m_film,500,3500,validation,Dreyer2023,0.7090094539854261,4,37
m_film,500,3500,validation,PhysionetMI,1.3274512964746226,4,37
m_film,500,3500,validation,pooled,0.9881138290856004,4,37
m_film,750,3750,train,Cho2017,0.745836425281095,4,37
m_film,750,3750,train,Dreyer2023,0.3552472767125914,4,37
m_film,750,3750,train,PhysionetMI,0.0404989590432443,4,37
m_film,750,3750,train,pooled,0.3039973575336563,4,37
m_film,750,3750,validation,Cho2017,0.8354810496171315,4,37
m_film,750,3750,validation,Dreyer2023,0.5927889638476901,4,37
m_film,750,3750,validation,PhysionetMI,1.3687705008879951,4,37
m_film,750,3750,validation,pooled,0.991601221592146,4,37
m_film,1000,4000,train,Cho2017,0.5720134113407633,4,37
m_film,1000,4000,train,Dreyer2023,0.3526105021316302,4,37
m_film,1000,4000,train,PhysionetMI,0.0233844246919767,4,37
m_film,1000,4000,train,pooled,0.2569693017922913,4,37
m_film,1000,4000,validation,Cho2017,0.739500006834666,4,37
m_film,1000,4000,validation,Dreyer2023,0.5978155437442992,4,37
m_film,1000,4000,validation,PhysionetMI,1.4235181134680044,4,37
m_film,1000,4000,validation,pooled,0.996279899863805,4,37
m_film,1250,4250,train,Cho2017,0.5911906709283403,4,37
m_film,1250,4250,train,Dreyer2023,0.3527194448950133,4,37
m_film,1250,4250,train,PhysionetMI,0.0375508185207015,4,37
m_film,1250,4250,train,pooled,0.2674811970072533,4,37
m_film,1250,4250,validation,Cho2017,0.746625655690829,4,37
m_film,1250,4250,validation,Dreyer2023,0.5567027807235717,4,37
m_film,1250,4250,validation,PhysionetMI,1.2033517153366753,4,37
m_film,1250,4250,validation,pooled,0.8863073905443416,4,37
m_film,1500,4500,train,Cho2017,0.6316678872481314,4,37
m_film,1500,4500,train,Dreyer2023,0.3186041179161445,4,37
m_film,1500,4500,train,PhysionetMI,0.0225245450784094,4,37
m_film,1500,4500,train,pooled,0.2583143826634275,4,37
m_film,1500,4500,validation,Cho2017,1.0171906241774558,4,37
m_film,1500,4500,validation,Dreyer2023,0.6267024907800886,4,37
m_film,1500,4500,validation,PhysionetMI,1.3121980402780618,4,37
m_film,1500,4500,validation,pooled,1.0181423202008248,4,37
m_film,1750,4750,train,Cho2017,0.5947866347853976,4,37
m_film,1750,4750,train,Dreyer2023,0.3559154135366075,4,37
m_film,1750,4750,train,PhysionetMI,0.0076249637248358,4,37
m_film,1750,4750,train,pooled,0.2562389379317604,4,37
m_film,1750,4750,validation,Cho2017,0.7407553239663442,4,37
m_film,1750,4750,validation,Dreyer2023,0.7327359325355953,4,37
m_film,1750,4750,validation,PhysionetMI,1.4448580016260562,4,37
m_film,1750,4750,validation,pooled,1.0510167168937443,4,37
m_film,2000,5000,train,Cho2017,0.708530046110219,4,37
m_film,2000,5000,train,Dreyer2023,0.3203539133245576,4,37
m_film,2000,5000,train,PhysionetMI,0.008449816825802,4,37
m_film,2000,5000,train,pooled,0.2698152338418001,4,37
m_film,2000,5000,validation,Cho2017,0.762160475452741,4,37
m_film,2000,5000,validation,Dreyer2023,0.7149786863062116,4,37
m_film,2000,5000,validation,PhysionetMI,1.7606775346009629,4,37
m_film,2000,5000,validation,pooled,1.19021857202533,4,37
m_film,2250,5250,train,Cho2017,0.6063427150871179,4,37
m_film,2250,5250,train,Dreyer2023,0.3101559313689294,4,37
m_film,2250,5250,train,PhysionetMI,0.014691367375042,4,37
m_film,2250,5250,train,pooled,0.2463854955896873,4,37
m_film,2250,5250,validation,Cho2017,0.7338320994377135,4,37
m_film,2250,5250,validation,Dreyer2023,0.6175710870159996,4,37
m_film,2250,5250,validation,PhysionetMI,1.8930626952129863,4,37
m_film,2250,5250,validation,pooled,1.210292026752819,4,37
m_lora,0,3000,train,Cho2017,0.6939190513051656,4,37
m_lora,0,3000,train,Dreyer2023,0.3392128033863831,4,37
m_lora,0,3000,train,PhysionetMI,0.1189325219958963,4,37
m_lora,0,3000,train,pooled,0.3214222555304019,4,37
m_lora,0,3000,validation,Cho2017,0.7019299741586049,4,37
m_lora,0,3000,validation,Dreyer2023,0.5846044007274839,4,37
m_lora,0,3000,validation,PhysionetMI,0.9443810102732284,4,37
m_lora,0,3000,validation,pooled,0.7705774657325084,4,37
m_lora,250,3250,train,Cho2017,0.5787745069320204,4,37
m_lora,250,3250,train,Dreyer2023,0.3644672313986089,4,37
m_lora,250,3250,train,PhysionetMI,0.1660427268381376,4,37
m_lora,250,3250,train,pooled,0.3250627789321428,4,37
m_lora,250,3250,validation,Cho2017,0.7335246407985687,4,37
m_lora,250,3250,validation,Dreyer2023,0.4834259370962779,4,37
m_lora,250,3250,validation,PhysionetMI,1.1414671747580818,4,37
m_lora,250,3250,validation,pooled,0.8314661991020331,4,37
m_lora,500,3500,train,Cho2017,0.654135153623494,4,37
m_lora,500,3500,train,Dreyer2023,0.2385324939683564,4,37
m_lora,500,3500,train,PhysionetMI,0.0582653223868249,4,37
m_lora,500,3500,train,pooled,0.2518240916191188,4,37
m_lora,500,3500,validation,Cho2017,0.6853656021753947,4,37
m_lora,500,3500,validation,Dreyer2023,0.4556633305218485,4,37
m_lora,500,3500,validation,PhysionetMI,1.1071797207645746,4,37
m_lora,500,3500,validation,pooled,0.7962711198860705,4,37
m_lora,750,3750,train,Cho2017,0.5840608222676613,4,37
m_lora,750,3750,train,Dreyer2023,0.289888501271762,4,37
m_lora,750,3750,train,PhysionetMI,0.0436091107150854,4,37
m_lora,750,3750,train,pooled,0.2472428515997937,4,37
m_lora,750,3750,validation,Cho2017,0.7374307028452556,4,37
m_lora,750,3750,validation,Dreyer2023,0.499924541844262,4,37
m_lora,750,3750,validation,PhysionetMI,1.1042168943778328,4,37
m_lora,750,3750,validation,pooled,0.8212780676371809,4,37
m_lora,1000,4000,train,Cho2017,0.6141494522898114,4,37
m_lora,1000,4000,train,Dreyer2023,0.221559900924409,4,37
m_lora,1000,4000,train,PhysionetMI,0.0216805924458355,4,37
m_lora,1000,4000,train,pooled,0.2211356600822586,4,37
m_lora,1000,4000,validation,Cho2017,0.7364450160662332,4,37
m_lora,1000,4000,validation,Dreyer2023,0.4121405734784073,4,37
m_lora,1000,4000,validation,PhysionetMI,1.073460138362387,4,37
m_lora,1000,4000,validation,pooled,0.7781280340019151,4,37
m_lora,1250,4250,train,Cho2017,0.5996405789512823,4,37
m_lora,1250,4250,train,Dreyer2023,0.2211989125316486,4,37
m_lora,1250,4250,train,PhysionetMI,0.0237874309376666,4,37
m_lora,1250,4250,train,pooled,0.2187130774696452,4,37
m_lora,1250,4250,validation,Cho2017,0.856576068798701,4,37
m_lora,1250,4250,validation,Dreyer2023,0.4918943972223335,4,37
m_lora,1250,4250,validation,PhysionetMI,1.148419140473656,4,37
m_lora,1250,4250,validation,pooled,0.864723543462114,4,37
m_lora,1500,4500,train,Cho2017,0.6302367748563512,4,37
m_lora,1500,4500,train,Dreyer2023,0.2037992468440865,4,37
m_lora,1500,4500,train,PhysionetMI,0.0083872738250675,4,37
m_lora,1500,4500,train,pooled,0.212856136247827,4,37
m_lora,1500,4500,validation,Cho2017,1.009345090786616,4,37
m_lora,1500,4500,validation,Dreyer2023,0.481369342489375,4,37
m_lora,1500,4500,validation,PhysionetMI,1.5419396265693333,4,37
m_lora,1500,4500,validation,pooled,1.070061857257632,4,37
m_lora,1750,4750,train,Cho2017,0.6088890325825475,4,37
m_lora,1750,4750,train,Dreyer2023,0.2911629748426045,4,37
m_lora,1750,4750,train,PhysionetMI,0.0157190554307049,4,37
m_lora,1750,4750,train,pooled,0.2409600288673142,4,37
m_lora,1750,4750,validation,Cho2017,0.7222574297587078,4,37
m_lora,1750,4750,validation,Dreyer2023,0.7057053254710303,4,37
m_lora,1750,4750,validation,PhysionetMI,1.4959323613539983,4,37
m_lora,1750,4750,validation,pooled,1.0605955868162775,4,37
m_lora,2000,5000,train,Cho2017,0.5480816381435073,4,37
m_lora,2000,5000,train,Dreyer2023,0.2067666673680135,4,37
m_lora,2000,5000,train,PhysionetMI,0.0350908776661018,4,37
m_lora,2000,5000,train,pooled,0.20731803965939,4,37
m_lora,2000,5000,validation,Cho2017,0.7036914577086767,4,37
m_lora,2000,5000,validation,Dreyer2023,0.4510233137342665,4,37
m_lora,2000,5000,validation,PhysionetMI,1.724535257919975,4,37
m_lora,2000,5000,validation,pooled,1.0731770987000058,4,37
m_film,0,3000,train,Cho2017,0.6405654842759434,4,53
m_film,0,3000,train,Dreyer2023,0.4248725296141748,4,53
m_film,0,3000,train,PhysionetMI,0.2682554714149898,4,53
m_film,0,3000,train,pooled,0.4041126051241651,4,53
m_film,0,3000,validation,Cho2017,0.7142140599091849,4,53
m_film,0,3000,validation,Dreyer2023,0.4753818949063619,4,53
m_film,0,3000,validation,PhysionetMI,0.4889320627502773,4,53
m_film,0,3000,validation,pooled,0.5344780061709515,4,53
m_film,250,3250,train,Cho2017,0.6761858875864888,4,53
m_film,250,3250,train,Dreyer2023,0.4417857002822761,4,53
m_film,250,3250,train,PhysionetMI,0.2377005598765832,4,53
m_film,250,3250,train,pooled,0.4043636043005984,4,53
m_film,250,3250,validation,Cho2017,0.8873483216762543,4,53
m_film,250,3250,validation,Dreyer2023,0.4849889238675435,4,53
m_film,250,3250,validation,PhysionetMI,0.5183491810508396,4,53
m_film,250,3250,validation,pooled,0.5892289043509442,4,53
m_film,500,3500,train,Cho2017,0.6133678632680523,4,53
m_film,500,3500,train,Dreyer2023,0.5045001154203667,4,53
m_film,500,3500,train,PhysionetMI,0.2608188331071977,4,53
m_film,500,3500,train,pooled,0.4218151928748951,4,53
m_film,500,3500,validation,Cho2017,0.7770706462860106,4,53
m_film,500,3500,validation,Dreyer2023,0.5512765910890368,4,53
m_film,500,3500,validation,PhysionetMI,0.8120450662529987,4,53
m_film,500,3500,validation,pooled,0.7173501478723474,4,53
m_film,750,3750,train,Cho2017,0.6101998594313404,4,53
m_film,750,3750,train,Dreyer2023,0.433194927715896,4,53
m_film,750,3750,train,PhysionetMI,0.2068227342963218,4,53
m_film,750,3750,train,pooled,0.3732433072405675,4,53
m_film,750,3750,validation,Cho2017,0.7224123491843542,4,53
m_film,750,3750,validation,Dreyer2023,0.478350849284066,4,53
m_film,750,3750,validation,PhysionetMI,0.5618408270504164,4,53
m_film,750,3750,validation,pooled,0.5696933949358413,4,53
m_film,1000,4000,train,Cho2017,0.6174872173834591,4,53
m_film,1000,4000,train,Dreyer2023,0.4322982537993896,4,53
m_film,1000,4000,train,PhysionetMI,0.1782979863446068,4,53
m_film,1000,4000,train,pooled,0.3620477307414126,4,53
m_film,1000,4000,validation,Cho2017,0.7224416993061702,4,53
m_film,1000,4000,validation,Dreyer2023,0.5459060278203752,4,53
m_film,1000,4000,validation,PhysionetMI,0.6591543270194011,4,53
m_film,1000,4000,validation,pooled,0.6354687544612301,4,53
m_film,1250,4250,train,Cho2017,0.604664667368695,4,53
m_film,1250,4250,train,Dreyer2023,0.4175133030266574,4,53
m_film,1250,4250,train,PhysionetMI,0.1705470028997019,4,53
m_film,1250,4250,train,pooled,0.3507839424154046,4,53
m_film,1250,4250,validation,Cho2017,0.693508230050405,4,53
m_film,1250,4250,validation,Dreyer2023,0.526591177781423,4,53
m_film,1250,4250,validation,PhysionetMI,0.8191801724226578,4,53
m_film,1250,4250,validation,pooled,0.6937234092373011,4,53
m_film,1500,4500,train,Cho2017,0.6992256694342616,4,53
m_film,1500,4500,train,Dreyer2023,0.4249362949191862,4,53
m_film,1500,4500,train,PhysionetMI,0.1534777672804064,4,53
m_film,1500,4500,train,pooled,0.3668287315195626,4,53
m_film,1500,4500,validation,Cho2017,0.8118965222438177,4,53
m_film,1500,4500,validation,Dreyer2023,0.5483714759349823,4,53
m_film,1500,4500,validation,PhysionetMI,1.0734639375106148,4,53
m_film,1500,4500,validation,pooled,0.8403070247038935,4,53
m_film,1750,4750,train,Cho2017,0.6765792518621464,4,53
m_film,1750,4750,train,Dreyer2023,0.5237915844915288,4,53
m_film,1750,4750,train,PhysionetMI,0.2573429189111554,4,53
m_film,1750,4750,train,pooled,0.4408809496468239,4,53
m_film,1750,4750,validation,Cho2017,0.8136822348833084,4,53
m_film,1750,4750,validation,Dreyer2023,0.6044086105293698,4,53
m_film,1750,4750,validation,PhysionetMI,0.9939628735832546,4,53
m_film,1750,4750,validation,pooled,0.8240490884097494,4,53
m_film,2000,5000,train,Cho2017,0.686057157952915,4,53
m_film,2000,5000,train,Dreyer2023,0.3765986816637923,4,53
m_film,2000,5000,train,PhysionetMI,0.0967984227146608,4,53
m_film,2000,5000,train,pooled,0.3226478201304695,4,53
m_film,2000,5000,validation,Cho2017,0.781406757235527,4,53
m_film,2000,5000,validation,Dreyer2023,0.4845406307114495,4,53
m_film,2000,5000,validation,PhysionetMI,0.9231924699700396,4,53
m_film,2000,5000,validation,pooled,0.7454672540539513,4,53
m_lora,0,3000,train,Cho2017,0.5674851470101221,4,53
m_lora,0,3000,train,Dreyer2023,0.256665699854028,4,53
m_lora,0,3000,train,PhysionetMI,0.0386866948672708,4,53
m_lora,0,3000,train,pooled,0.23013186136236,4,53
m_lora,0,3000,validation,Cho2017,0.8071990420420965,4,53
m_lora,0,3000,validation,Dreyer2023,0.35472851395607,4,53
m_lora,0,3000,validation,PhysionetMI,1.005847648434017,4,53
m_lora,0,3000,validation,pooled,0.7446638021876077,4,53
m_lora,250,3250,train,Cho2017,0.5908317916563339,4,53
m_lora,250,3250,train,Dreyer2023,0.2641937130943105,4,53
m_lora,250,3250,train,PhysionetMI,0.0233511284787555,4,53
m_lora,250,3250,train,pooled,0.231147240224078,4,53
m_lora,250,3250,validation,Cho2017,0.8562383941809336,4,53
m_lora,250,3250,validation,Dreyer2023,0.460674136545923,4,53
m_lora,250,3250,validation,PhysionetMI,1.1955965342728987,4,53
m_lora,250,3250,validation,pooled,0.8752094816768035,4,53
m_lora,500,3500,train,Cho2017,0.5326153849973075,4,53
m_lora,500,3500,train,Dreyer2023,0.2420607999576009,4,53
m_lora,500,3500,train,PhysionetMI,0.0289760808136725,4,53
m_lora,500,3500,train,pooled,0.2131702753711343,4,53
m_lora,500,3500,validation,Cho2017,0.7390305635333061,4,53
m_lora,500,3500,validation,Dreyer2023,0.4116901122861438,4,53
m_lora,500,3500,validation,PhysionetMI,1.4544440456058667,4,53
m_lora,500,3500,validation,pooled,0.9478786273720566,4,53
m_lora,750,3750,train,Cho2017,0.5767639048804573,4,53
m_lora,750,3750,train,Dreyer2023,0.2398185229403675,4,53
m_lora,750,3750,train,PhysionetMI,0.0507178952564444,4,53
m_lora,750,3750,train,pooled,0.2317564026914153,4,53
m_lora,750,3750,validation,Cho2017,0.8291693977514902,4,53
m_lora,750,3750,validation,Dreyer2023,0.45041523658567,4,53
m_lora,750,3750,validation,PhysionetMI,2.1715269658876504,4,53
m_lora,750,3750,validation,pooled,1.299521374312288,4,53
m_lora,1000,4000,train,Cho2017,0.5671790427538713,4,53
m_lora,1000,4000,train,Dreyer2023,0.2406587552369025,4,53
m_lora,1000,4000,train,PhysionetMI,0.0446030735650552,4,53
m_lora,1000,4000,train,pooled,0.2272294850629626,4,53
m_lora,1000,4000,validation,Cho2017,0.7772508511940638,4,53
m_lora,1000,4000,validation,Dreyer2023,0.4313647637764612,4,53
m_lora,1000,4000,validation,PhysionetMI,1.3839377423991328,4,53
m_lora,1000,4000,validation,pooled,0.9315941070348936,4,53
m_lora,1250,4250,train,Cho2017,0.5746881843468035,4,53
m_lora,1250,4250,train,Dreyer2023,0.1932409821806388,4,53
m_lora,1250,4250,train,PhysionetMI,0.0389815760001308,4,53
m_lora,1250,4250,train,pooled,0.2103493928167567,4,53
m_lora,1250,4250,validation,Cho2017,0.8336994185050329,4,53
m_lora,1250,4250,validation,Dreyer2023,0.4111906886100769,4,53
m_lora,1250,4250,validation,PhysionetMI,1.6951969965644509,4,53
m_lora,1250,4250,validation,pooled,1.0757509876775666,4,53
m_lora,1500,4500,train,Cho2017,0.5297394076720406,4,53
m_lora,1500,4500,train,Dreyer2023,0.2546563836852551,4,53
m_lora,1500,4500,train,PhysionetMI,0.0124333411350493,4,53
m_lora,1500,4500,train,pooled,0.2095477680140997,4,53
m_lora,1500,4500,validation,Cho2017,0.934727584719658,4,53
m_lora,1500,4500,validation,Dreyer2023,0.4782578067647086,4,53
m_lora,1500,4500,validation,PhysionetMI,1.9706099914467847,4,53
m_lora,1500,4500,validation,pooled,1.24296317283562,4,53
m_lora,1750,4750,train,Cho2017,0.4959870679992671,4,53
m_lora,1750,4750,train,Dreyer2023,0.2296281951770836,4,53
m_lora,1750,4750,train,PhysionetMI,0.0199545677189386,4,53
m_lora,1750,4750,train,pooled,0.1968569384980315,4,53
m_lora,1750,4750,validation,Cho2017,0.7730429210265477,4,53
m_lora,1750,4750,validation,Dreyer2023,0.444673157731692,4,53
m_lora,1750,4750,validation,PhysionetMI,2.062823979750924,4,53
m_lora,1750,4750,validation,pooled,1.2368223593613186,4,53
m_lora,2000,5000,train,Cho2017,0.5533140383474839,4,53
m_lora,2000,5000,train,Dreyer2023,0.1927559078119951,4,53
m_lora,2000,5000,train,PhysionetMI,0.0172411049242517,4,53
m_lora,2000,5000,train,pooled,0.1958997601147309,4,53
m_lora,2000,5000,validation,Cho2017,0.7874425207575162,4,53
m_lora,2000,5000,validation,Dreyer2023,0.4915645086103015,4,53
m_lora,2000,5000,validation,PhysionetMI,1.7978740464086118,4,53
m_lora,2000,5000,validation,pooled,1.1378971947755985,4,53
m_film,0,3000,train,Cho2017,0.4987048589306361,4,71
m_film,0,3000,train,Dreyer2023,0.0504307720701096,4,71
m_film,0,3000,train,PhysionetMI,0.016593589368535,4,71
m_film,0,3000,train,pooled,0.1352063662109395,4,71
m_film,0,3000,validation,Cho2017,1.951060593724251,4,71
m_film,0,3000,validation,Dreyer2023,1.297610813379288,4,71
m_film,0,3000,validation,PhysionetMI,2.0608401194862696,4,71
m_film,0,3000,validation,pooled,1.782034900614605,4,71
m_film,250,3250,train,Cho2017,0.2486300205565264,4,71
m_film,250,3250,train,Dreyer2023,0.0407147824953801,4,71
m_film,250,3250,train,PhysionetMI,0.0156861432183154,4,71
m_film,250,3250,train,pooled,0.0759406953640568,4,71
m_film,250,3250,validation,Cho2017,1.6096500511964162,4,71
m_film,250,3250,validation,Dreyer2023,1.42278444369634,4,71
m_film,250,3250,validation,PhysionetMI,1.894430966480919,4,71
m_film,250,3250,validation,pooled,1.6739308110450586,4,71
m_film,500,3500,train,Cho2017,0.5680369801979822,4,71
m_film,500,3500,train,Dreyer2023,0.0908237535315183,4,71
m_film,500,3500,train,PhysionetMI,0.0035499029273546,4,71
m_film,500,3500,train,pooled,0.158593132584228,4,71
m_film,500,3500,validation,Cho2017,1.9002800971269609,4,71
m_film,500,3500,validation,Dreyer2023,1.4565608706739213,4,71
m_film,500,3500,validation,PhysionetMI,2.043110982231472,4,71
m_film,500,3500,validation,pooled,1.8158540816890636,4,71
m_film,750,3750,train,Cho2017,0.5038943913247447,4,71
m_film,750,3750,train,Dreyer2023,0.0451421008830316,4,71
m_film,750,3750,train,PhysionetMI,0.0164879731965268,4,71
m_film,750,3750,train,pooled,0.1345194544520213,4,71
m_film,750,3750,validation,Cho2017,1.6661429053544998,4,71
m_film,750,3750,validation,Dreyer2023,1.4799767891565958,4,71
m_film,750,3750,validation,PhysionetMI,2.431773932083793,4,71
m_film,750,3750,validation,pooled,1.9443679896126624,4,71
m_film,1000,4000,train,Cho2017,0.3023756011189989,4,71
m_film,1000,4000,train,Dreyer2023,0.0783305699038944,4,71
m_film,1000,4000,train,PhysionetMI,0.0117437377506522,4,71
m_film,1000,4000,train,pooled,0.0989136036739576,4,71
m_film,1000,4000,validation,Cho2017,1.6493264066179592,4,71
m_film,1000,4000,validation,Dreyer2023,1.307636569605933,4,71
m_film,1000,4000,validation,PhysionetMI,2.1110004031139877,4,71
m_film,1000,4000,validation,pooled,1.7406182371677406,4,71
m_film,1250,4250,train,Cho2017,0.3501063182718762,4,71
m_film,1250,4250,train,Dreyer2023,0.080155026777237,4,71
m_film,1250,4250,train,PhysionetMI,0.0056844323621976,4,71
m_film,1250,4250,train,pooled,0.1074816612548296,4,71
m_film,1250,4250,validation,Cho2017,1.667032213608424,4,71
m_film,1250,4250,validation,Dreyer2023,1.5803055928813086,4,71
m_film,1250,4250,validation,PhysionetMI,2.066802377286165,4,71
m_film,1250,4250,validation,pooled,1.815798968333937,4,71
m_film,1500,4500,train,Cho2017,0.6055255394040867,4,71
m_film,1500,4500,train,Dreyer2023,0.2148193099379973,4,71
m_film,1500,4500,train,PhysionetMI,0.0029889036167706,4,71
m_film,1500,4500,train,pooled,0.2087348435381107,4,71
m_film,1500,4500,validation,Cho2017,1.6370045208930968,4,71
m_film,1500,4500,validation,Dreyer2023,1.9064961612224585,4,71
m_film,1500,4500,validation,PhysionetMI,2.08315138194872,4,71
m_film,1500,4500,validation,pooled,1.9251225614720493,4,71
m_film,1750,4750,train,Cho2017,0.4318472843663718,4,71
m_film,1750,4750,train,Dreyer2023,0.0571388309738327,4,71
m_film,1750,4750,train,PhysionetMI,0.0108020952841508,4,71
m_film,1750,4750,train,pooled,0.1200842464837177,4,71
m_film,1750,4750,validation,Cho2017,1.5126242182652156,4,71
m_film,1750,4750,validation,Dreyer2023,1.538707541094886,4,71
m_film,1750,4750,validation,PhysionetMI,2.1437144175819727,4,71
m_film,1750,4750,validation,pooled,1.8018031922381088,4,71
m_film,2000,5000,train,Cho2017,0.3052767763151813,4,71
m_film,2000,5000,train,Dreyer2023,0.02862218580383,4,71
m_film,2000,5000,train,PhysionetMI,0.0048323025099536,4,71
m_film,2000,5000,train,pooled,0.0796668243558219,4,71
m_film,2000,5000,validation,Cho2017,1.5516191975275675,4,71
m_film,2000,5000,validation,Dreyer2023,1.378982146581014,4,71
m_film,2000,5000,validation,PhysionetMI,2.1562668966210405,4,71
m_film,2000,5000,validation,pooled,1.7628058245869265,4,71
m_film,2250,5250,train,Cho2017,0.2753793687961334,4,71
m_film,2250,5250,train,Dreyer2023,0.1079702791305832,4,71
m_film,2250,5250,train,PhysionetMI,0.0139640405016015,4,71
m_film,2250,5250,train,pooled,0.1039414926400409,4,71
m_film,2250,5250,validation,Cho2017,1.5752995594342551,4,71
m_film,2250,5250,validation,Dreyer2023,1.6513746711942885,4,71
m_film,2250,5250,validation,PhysionetMI,1.9630493754925933,4,71
m_film,2250,5250,validation,pooled,1.7729911816024169,4,71
m_lora,0,3000,train,Cho2017,0.6820544095150645,4,71
m_lora,0,3000,train,Dreyer2023,0.291775624185754,4,71
m_lora,0,3000,train,PhysionetMI,0.0369668117885615,4,71
m_lora,0,3000,train,pooled,0.2667459920964229,4,71
m_lora,0,3000,validation,Cho2017,1.7895900847514472,4,71
m_lora,0,3000,validation,Dreyer2023,0.9117505292097728,4,71
m_lora,0,3000,validation,PhysionetMI,1.100429918455041,4,71
m_lora,0,3000,validation,pooled,1.190683492328042,4,71
m_lora,250,3250,train,Cho2017,0.5244577553224055,4,71
m_lora,250,3250,train,Dreyer2023,0.3266085985521138,4,71
m_lora,250,3250,train,PhysionetMI,0.0303511696541525,4,71
m_lora,250,3250,train,pooled,0.2406376090195055,4,71
m_lora,250,3250,validation,Cho2017,1.168332087397575,4,71
m_lora,250,3250,validation,Dreyer2023,1.2047273682223427,4,71
m_lora,250,3250,validation,PhysionetMI,1.0636078767154526,4,71
m_lora,250,3250,validation,pooled,1.1339197540359989,4,71
m_lora,500,3500,train,Cho2017,0.8214598270332859,4,71
m_lora,500,3500,train,Dreyer2023,0.309451211953,4,71
m_lora,500,3500,train,PhysionetMI,0.0190606603586757,4,71
m_lora,500,3500,train,pooled,0.295866627178009,4,71
m_lora,500,3500,validation,Cho2017,1.7151250529289244,4,71
m_lora,500,3500,validation,Dreyer2023,1.028142782052358,4,71
m_lora,500,3500,validation,PhysionetMI,1.3068689729856406,4,71
m_lora,500,3500,validation,pooled,1.3046838159952765,4,71
m_lora,750,3750,train,Cho2017,0.5571899333240371,4,71
m_lora,750,3750,train,Dreyer2023,0.2663737042994839,4,71
m_lora,750,3750,train,PhysionetMI,0.1231318894158261,4,71
m_lora,750,3750,train,pooled,0.2681741755664938,4,71
m_lora,750,3750,validation,Cho2017,1.115207062959671,4,71
m_lora,750,3750,validation,Dreyer2023,0.9719264838430616,4,71
m_lora,750,3750,validation,PhysionetMI,2.012171807496444,4,71
m_lora,750,3750,validation,pooled,1.4660978674927003,4,71
m_lora,1000,4000,train,Cho2017,0.4577898315431299,4,71
m_lora,1000,4000,train,Dreyer2023,0.2253981069530392,4,71
m_lora,1000,4000,train,PhysionetMI,0.0235439713291923,4,71
m_lora,1000,4000,train,pooled,0.1885081967930095,4,71
m_lora,1000,4000,validation,Cho2017,0.8821404602130254,4,71
m_lora,1000,4000,validation,Dreyer2023,1.0567940142419605,4,71
m_lora,1000,4000,validation,PhysionetMI,1.4260688294535098,4,71
m_lora,1000,4000,validation,pooled,1.1821042534406636,4,71
m_lora,1250,4250,train,Cho2017,0.4815170625441006,4,71
m_lora,1250,4250,train,Dreyer2023,0.1954921144394902,4,71
m_lora,1250,4250,train,PhysionetMI,0.012387313134261,4,71
m_lora,1250,4250,train,pooled,0.178744090638806,4,71
m_lora,1250,4250,validation,Cho2017,1.0139546551307042,4,71
m_lora,1250,4250,validation,Dreyer2023,0.965967254506217,4,71
m_lora,1250,4250,validation,PhysionetMI,1.4516986971316128,4,71
m_lora,1250,4250,validation,pooled,1.192511762478501,4,71
m_lora,1500,4500,train,Cho2017,0.5674315236089903,4,71
m_lora,1500,4500,train,Dreyer2023,0.1601971742349025,4,71
m_lora,1500,4500,train,PhysionetMI,0.0175308343121467,4,71
m_lora,1500,4500,train,pooled,0.1881207402115613,4,71
m_lora,1500,4500,validation,Cho2017,1.3205712711811066,4,71
m_lora,1500,4500,validation,Dreyer2023,1.0411848664283754,4,71
m_lora,1500,4500,validation,PhysionetMI,1.3482314814691958,4,71
m_lora,1500,4500,validation,pooled,1.2397358963915692,4,71
m_lora,1750,4750,train,Cho2017,0.4515884562478539,4,71
m_lora,1750,4750,train,Dreyer2023,0.1774925614079438,4,71
m_lora,1750,4750,train,PhysionetMI,0.1095791112106254,4,71
m_lora,1750,4750,train,pooled,0.208616159297521,4,71
m_lora,1750,4750,validation,Cho2017,0.9179386299848556,4,71
m_lora,1750,4750,validation,Dreyer2023,0.9266181932555304,4,71
m_lora,1750,4750,validation,PhysionetMI,2.6823439131612363,4,71
m_lora,1750,4750,validation,pooled,1.7050119435979163,4,71
m_lora,2000,5000,train,Cho2017,0.8208256879497297,4,71
m_lora,2000,5000,train,Dreyer2023,0.1677307966426142,4,71
m_lora,2000,5000,train,PhysionetMI,0.0134336324903315,4,71
m_lora,2000,5000,train,pooled,0.2451887999072294,4,71
m_lora,2000,5000,validation,Cho2017,2.110792634089788,4,71
m_lora,2000,5000,validation,Dreyer2023,1.1288181874487135,4,71
m_lora,2000,5000,validation,PhysionetMI,1.5562355622001316,4,71
m_lora,2000,5000,validation,pooled,1.536998008814027,4,71
m_lora,2250,5250,train,Cho2017,0.4372279832537026,4,71
m_lora,2250,5250,train,Dreyer2023,0.1420531988374776,4,71
m_lora,2250,5250,train,PhysionetMI,0.0386827012580971,4,71
m_lora,2250,5250,train,pooled,0.1623096578396005,4,71
m_lora,2250,5250,validation,Cho2017,1.0156077823042868,4,71
m_lora,2250,5250,validation,Dreyer2023,0.936028438806534,4,71
m_lora,2250,5250,validation,PhysionetMI,1.5103208863216897,4,71
m_lora,2250,5250,validation,pooled,1.2089538251461038,4,71
