method,shots,dataset,subject,b3_ba,ba,gain,adapt_gain
M1,0,Cho2017,1,0.642,0.618,-0.023999999999999917,0.0
M1,0,Cho2017,2,0.524,0.544,0.01999999999999998,0.0
M1,0,Cho2017,3,0.6719999999999999,0.752,0.07999999999999999,0.0
M1,0,Cho2017,4,0.64,0.588,-0.05199999999999998,0.0
M1,0,Cho2017,5,1.0,0.998,-0.002,0.0
M1,0,Cho2017,6,0.8140000000000001,0.804,-0.00999999999999996,0.0
M1,0,Cho2017,7,0.5033333333333333,0.5366666666666666,0.0333333333333333,0.0
M1,0,Cho2017,8,0.54,0.534,-0.00599999999999996,0.0
M1,0,Cho2017,9,0.5433333333333333,0.5916666666666666,0.0483333333333333,0.0
M1,0,Cho2017,10,0.5820000000000001,0.556,-0.025999999999999947,0.0
M1,0,Cho2017,11,0.604,0.61,0.006000000000000001,0.0
M1,0,Cho2017,12,0.514,0.5640000000000001,0.049999999999999975,0.0
M1,0,Cho2017,13,0.8460000000000001,0.9099999999999999,0.06399999999999995,0.0
M1,0,Cho2017,14,0.7220000000000001,0.818,0.09599999999999999,0.0
M1,0,Cho2017,15,0.52,0.5640000000000001,0.04399999999999996,0.0
M1,0,Cho2017,16,0.626,0.6119999999999999,-0.014000000000000044,0.0
M1,0,Cho2017,17,0.55,0.526,-0.02399999999999998,0.0
M1,0,Cho2017,18,0.6140000000000001,0.618,0.00399999999999996,0.0
M1,0,Cho2017,19,0.522,0.536,0.013999999999999999,0.0
M1,0,Cho2017,20,0.5660000000000001,0.556,-0.01,0.0
M1,0,Cho2017,21,0.546,0.584,0.03799999999999992,0.0
M1,0,Cho2017,22,0.592,0.604,0.01199999999999998,0.0
M1,0,Cho2017,23,0.562,0.5900000000000001,0.02799999999999998,0.0
M1,0,Cho2017,24,0.49399999999999994,0.52,0.026000000000000002,0.0
M1,0,Cho2017,25,0.554,0.5820000000000001,0.02799999999999994,0.0
M1,0,Cho2017,26,0.99,0.99,0.0,0.0
M1,0,Cho2017,27,0.5660000000000001,0.5599999999999999,-0.006000000000000017,0.0
M1,0,Cho2017,28,0.5820000000000001,0.576,-0.006,0.0
M1,0,Cho2017,29,0.502,0.504,0.0019999999999999593,0.0
M1,0,Cho2017,30,0.638,0.602,-0.03599999999999996,0.0
M1,0,Cho2017,31,0.548,0.524,-0.023999999999999983,0.0
M1,0,Cho2017,32,0.534,0.54,0.006000000000000021,0.0
M1,0,Cho2017,33,0.5860000000000001,0.534,-0.051999999999999935,0.0
M1,0,Cho2017,34,0.548,0.568,0.01999999999999996,0.0
M1,0,Cho2017,35,0.396,0.442,0.04599999999999998,0.0
M1,0,Cho2017,36,0.534,0.5780000000000001,0.043999999999999984,0.0
M1,0,Cho2017,37,0.874,0.86,-0.014000000000000002,0.0
M1,0,Cho2017,38,0.5780000000000001,0.5880000000000001,0.01,0.0
M1,0,Cho2017,39,0.528,0.542,0.01399999999999998,0.0
M1,0,Cho2017,40,0.528,0.488,-0.03999999999999996,0.0
M1,0,Cho2017,41,0.616,0.6679999999999999,0.051999999999999935,0.0
M1,0,Cho2017,42,0.542,0.546,0.004000000000000001,0.0
M1,0,Cho2017,43,1.0,1.0,0.0,0.0
M1,0,Cho2017,44,0.9359999999999999,0.9400000000000001,0.004,0.0
M1,0,Cho2017,45,0.538,0.572,0.03399999999999994,0.0
M1,0,Cho2017,46,0.5483333333333333,0.5566666666666666,0.00833333333333334,0.0
M1,0,Cho2017,47,0.8380000000000001,0.8320000000000001,-0.00599999999999994,0.0
M1,0,Cho2017,48,0.662,0.686,0.02400000000000002,0.0
M1,0,Cho2017,49,0.994,0.998,0.004,0.0
M1,0,Cho2017,50,0.95,0.984,0.03399999999999998,0.0
M1,0,Cho2017,51,0.56,0.592,0.031999999999999904,0.0
M1,0,Cho2017,52,0.604,0.596,-0.00800000000000002,0.0
M1,0,Dreyer2023,1,0.8850000000000001,0.9099999999999999,0.02499999999999996,0.0
M1,0,Dreyer2023,2,0.6833333333333333,0.675,-0.008333333333333321,0.0
M1,0,Dreyer2023,3,0.8183333333333334,0.8366666666666667,0.018333333333333302,0.0
M1,0,Dreyer2023,5,0.8766666666666667,0.8949999999999999,0.018333333333333278,0.0
M1,0,Dreyer2023,6,0.7716666666666667,0.805,0.03333333333333332,0.0
M1,0,Dreyer2023,7,0.9766666666666666,0.9683333333333332,-0.00833333333333332,0.0
M1,0,Dreyer2023,8,0.8266666666666665,0.8566666666666667,0.02999999999999998,0.0
M1,0,Dreyer2023,10,0.9116666666666667,0.9266666666666667,0.015000000000000019,0.0
M1,0,Dreyer2023,11,0.6316666666666666,0.6333333333333334,0.0016666666666666802,0.0
M1,0,Dreyer2023,12,0.8949999999999999,0.9316666666666666,0.03666666666666664,0.0
M1,0,Dreyer2023,13,0.7566666666666666,0.7516666666666667,-0.00500000000000002,0.0
M1,0,Dreyer2023,14,0.6916666666666667,0.7016666666666667,0.01,0.0
M1,0,Dreyer2023,15,0.9266666666666665,0.9216666666666665,-0.00500000000000002,0.0
M1,0,Dreyer2023,16,0.8266666666666668,0.8333333333333333,0.006666666666666621,0.0
M1,0,Dreyer2023,18,0.9066666666666666,0.9433333333333334,0.03666666666666664,0.0
M1,0,Dreyer2023,19,0.8949999999999999,0.9083333333333334,0.013333333333333319,0.0
M1,0,Dreyer2023,20,0.8966666666666667,0.9200000000000002,0.02333333333333334,0.0
M1,0,Dreyer2023,21,0.9116666666666665,0.93,0.01833333333333336,0.0
M1,0,Dreyer2023,22,0.9283333333333333,0.9133333333333333,-0.015,0.0
M1,0,Dreyer2023,23,0.7366666666666667,0.7816666666666666,0.044999999999999964,0.0
M1,0,Dreyer2023,24,0.9399999999999998,0.9683333333333334,0.028333333333333283,0.0
M1,0,Dreyer2023,25,0.67,0.7083333333333333,0.03833333333333328,0.0
M1,0,Dreyer2023,26,0.7783333333333333,0.8216666666666667,0.04333333333333328,0.0
M1,0,Dreyer2023,27,0.8066666666666666,0.805,-0.001666666666666701,0.0
M1,0,Dreyer2023,28,0.7716666666666667,0.7916666666666666,0.020000000000000018,0.0
M1,0,Dreyer2023,30,0.7116666666666667,0.7316666666666667,0.01999999999999994,0.0
M1,0,Dreyer2023,31,0.8733333333333333,0.9116666666666667,0.0383333333333333,0.0
M1,0,Dreyer2023,32,0.845,0.8949999999999999,0.04999999999999994,0.0
M1,0,Dreyer2023,33,0.795,0.78,-0.015,0.0
M1,0,Dreyer2023,34,0.7933333333333333,0.8516666666666666,0.05833333333333326,0.0
M1,0,Dreyer2023,35,0.7499999999999999,0.7866666666666667,0.03666666666666672,0.0
M1,0,Dreyer2023,36,0.7983333333333332,0.8433333333333334,0.045,0.0
M1,0,Dreyer2023,37,0.735,0.7,-0.03499999999999992,0.0
M1,0,Dreyer2023,38,0.8533333333333333,0.8716666666666667,0.01833333333333332,0.0
M1,0,Dreyer2023,39,0.9183333333333333,0.9499999999999998,0.03166666666666664,0.0
M1,0,Dreyer2023,40,0.8534482758620691,0.8655172413793103,0.01206896551724142,0.0
M1,0,Dreyer2023,42,0.74,0.7983333333333333,0.05833333333333326,0.0
M1,0,Dreyer2023,43,0.8816666666666666,0.8983333333333334,0.016666666666666642,0.0
M1,0,Dreyer2023,44,0.6466666666666667,0.6799999999999999,0.0333333333333333,0.0
M1,0,Dreyer2023,45,0.7466666666666667,0.8150000000000001,0.0683333333333333,0.0
M1,0,Dreyer2023,46,0.7366666666666667,0.7716666666666667,0.03499999999999992,0.0
M1,0,Dreyer2023,47,0.8949999999999999,0.8983333333333332,0.00333333333333332,0.0
M1,0,Dreyer2023,48,0.6683333333333333,0.6699999999999999,0.0016666666666666594,0.0
M1,0,Dreyer2023,49,0.7833333333333333,0.8216666666666667,0.038333333333333316,0.0
M1,0,Dreyer2023,50,0.6166666666666666,0.62,0.003333333333333359,0.0
M1,0,Dreyer2023,51,0.7466666666666667,0.765,0.01833333333333334,0.0
M1,0,Dreyer2023,52,0.7966666666666666,0.8316666666666667,0.03499999999999996,0.0
M1,0,Dreyer2023,53,0.7866666666666667,0.8333333333333333,0.04666666666666662,0.0
M1,0,Dreyer2023,54,0.7016666666666667,0.7266666666666668,0.02500000000000006,0.0
M1,0,Dreyer2023,55,0.9366666666666668,0.9349999999999999,-0.0016666666666666995,0.0
M1,0,Dreyer2023,56,0.9200000000000002,0.9349999999999998,0.014999999999999961,0.0
M1,0,Dreyer2023,57,0.635,0.655,0.02,0.0
M1,0,Dreyer2023,58,0.9233333333333332,0.9533333333333334,0.029999999999999936,0.0
M1,0,Dreyer2023,59,0.78,0.8150000000000001,0.03499999999999996,0.0
M1,0,Dreyer2023,60,0.8066666666666666,0.8483333333333334,0.041666666666666664,0.0
M1,0,Dreyer2023,61,0.8633333333333333,0.8983333333333334,0.03499999999999996,0.0
M1,0,Dreyer2023,62,0.7416666666666667,0.795,0.053333333333333274,0.0
M1,0,Dreyer2023,63,0.8133333333333332,0.8466666666666667,0.03333333333333334,0.0
M1,0,Dreyer2023,64,0.765,0.7583333333333333,-0.006666666666666663,0.0
M1,0,Dreyer2023,65,0.835,0.8550000000000001,0.01999999999999998,0.0
M1,0,Dreyer2023,66,0.7583333333333334,0.725,-0.03333333333333332,0.0
M1,0,Dreyer2023,67,0.7916666666666666,0.8116666666666668,0.019999999999999997,0.0
M1,0,Dreyer2023,68,0.7383333333333334,0.7333333333333334,-0.005,0.0
M1,0,Dreyer2023,69,0.8516666666666666,0.8216666666666667,-0.02999999999999998,0.0
M1,0,Dreyer2023,70,0.6716666666666666,0.6733333333333333,0.0016666666666665998,0.0
M1,0,Dreyer2023,71,0.8550000000000001,0.8333333333333334,-0.021666666666666678,0.0
M1,0,Dreyer2023,72,0.8099999999999999,0.8283333333333334,0.018333333333333316,0.0
M1,0,Dreyer2023,73,0.7466666666666667,0.7683333333333333,0.0216666666666666,0.0
M1,0,Dreyer2023,74,0.735,0.7516666666666667,0.016666666666666663,0.0
M1,0,Dreyer2023,75,0.7583333333333334,0.7766666666666667,0.01833333333333334,0.0
M1,0,Dreyer2023,76,0.8216666666666667,0.8516666666666666,0.02999999999999996,0.0
M1,0,Dreyer2023,77,0.8233333333333333,0.85,0.026666666666666637,0.0
M1,0,Dreyer2023,80,0.7116666666666667,0.7666666666666667,0.05499999999999998,0.0
M1,0,Dreyer2023,81,0.8299999999999998,0.8616666666666667,0.031666666666666635,0.0
M1,0,Dreyer2023,82,0.795,0.7766666666666666,-0.018333333333333337,0.0
M1,0,Dreyer2023,83,0.6883333333333334,0.6699999999999999,-0.01833333333333336,0.0
M1,0,Dreyer2023,84,0.8333333333333334,0.8550000000000001,0.02166666666666666,0.0
M1,0,Dreyer2023,85,0.735,0.7683333333333333,0.0333333333333333,0.0
M1,0,Dreyer2023,86,0.8383333333333333,0.8433333333333334,0.00500000000000004,0.0
M1,0,Dreyer2023,87,0.7833333333333334,0.7883333333333333,0.00499999999999998,0.0
M1,0,PhysionetMI,1,0.8356060606060606,0.8446969696969697,0.00909090909090908,0.0
M1,0,PhysionetMI,2,0.8946153846153846,0.9099999999999999,0.01538461538461534,0.0
M1,0,PhysionetMI,3,0.9484848484848485,0.9742424242424242,0.025757575757575722,0.0
M1,0,PhysionetMI,4,0.9196969696969697,0.9007575757575758,-0.018939393939393902,0.0
M1,0,PhysionetMI,5,0.7204545454545455,0.7196969696969697,-0.0007575757575757208,0.0
M1,0,PhysionetMI,6,0.8825757575757576,0.8901515151515152,0.00757575757575756,0.0
M1,0,PhysionetMI,7,0.9825757575757577,0.9825757575757574,0.0,0.0
M1,0,PhysionetMI,8,0.8325757575757574,0.8401515151515151,0.00757575757575756,0.0
M1,0,PhysionetMI,9,0.9076923076923077,0.9076923076923078,2.0816681711721685e-17,0.0
M1,0,PhysionetMI,10,0.7276923076923077,0.7461538461538462,0.018461538461538494,0.0
M1,0,PhysionetMI,11,0.725,0.7166666666666666,-0.008333333333333321,0.0
M1,0,PhysionetMI,12,0.8643939393939395,0.8651515151515152,0.0007575757575757402,0.0
M1,0,PhysionetMI,13,0.803030303030303,0.7371212121212121,-0.06590909090909086,0.0
M1,0,PhysionetMI,14,0.7734848484848486,0.7901515151515152,0.016666666666666642,0.0
M1,0,PhysionetMI,15,0.9284615384615386,0.9438461538461539,0.0153846153846154,0.0
M1,0,PhysionetMI,16,0.6053030303030302,0.6772727272727272,0.07196969696969693,0.0
M1,0,PhysionetMI,17,0.803030303030303,0.8037878787878787,0.0007575757575758013,0.0
M1,0,PhysionetMI,18,1.0,1.0,0.0,0.0
M1,0,PhysionetMI,19,0.9106060606060605,0.9037878787878787,-0.006818181818181819,0.0
M1,0,PhysionetMI,20,0.9045454545454547,0.8856060606060605,-0.01893939393939394,0.0
M1,0,PhysionetMI,21,0.759090909090909,0.7765151515151516,0.01742424242424246,0.0
M1,0,PhysionetMI,22,0.9636363636363636,0.9545454545454547,-0.00909090909090908,0.0
M1,0,PhysionetMI,23,0.7838461538461539,0.8092307692307692,0.02538461538461536,0.0
M1,0,PhysionetMI,24,0.7863636363636364,0.7590909090909091,-0.02727272727272722,0.0
M1,0,PhysionetMI,25,0.5954545454545455,0.568939393939394,-0.02651515151515148,0.0
M1,0,PhysionetMI,26,0.6407692307692308,0.5953846153846154,-0.04538461538461542,0.0
M1,0,PhysionetMI,27,0.8696969696969697,0.8348484848484847,-0.034848484848484816,0.0
M1,0,PhysionetMI,28,0.7984848484848485,0.8333333333333334,0.034848484848484816,0.0
M1,0,PhysionetMI,29,0.7386363636363636,0.7545454545454545,0.0159090909090909,0.0
M1,0,PhysionetMI,30,0.8583333333333334,0.8833333333333334,0.025,0.0
M1,0,PhysionetMI,31,0.7416666666666667,0.7416666666666667,-3.8857805861880476e-17,0.0
M1,0,PhysionetMI,32,0.9323076923076924,0.93,-0.00230769230769232,0.0
M1,0,PhysionetMI,33,0.9295454545454545,0.9212121212121213,-0.00833333333333334,0.0
M1,0,PhysionetMI,34,0.8215384615384614,0.8192307692307692,-0.0023076923076923205,0.0
M1,0,PhysionetMI,35,0.8143939393939394,0.7962121212121211,-0.01818181818181818,0.0
M1,0,PhysionetMI,36,0.9113636363636364,0.875,-0.03636363636363632,0.0
M1,0,PhysionetMI,37,0.6795454545454545,0.6386363636363637,-0.0409090909090909,0.0
M1,0,PhysionetMI,38,0.49469696969696975,0.5212121212121212,0.02651515151515148,0.0
M1,0,PhysionetMI,39,0.7454545454545455,0.7439393939393939,-0.0015151515151514805,0.0
M1,0,PhysionetMI,40,0.9818181818181818,0.990909090909091,0.00909090909090908,0.0
M1,0,PhysionetMI,41,0.9692307692307693,0.976923076923077,0.007692307692307681,0.0
M1,0,PhysionetMI,42,0.8916666666666668,0.8916666666666668,0.0,0.0
M1,0,PhysionetMI,43,0.8212121212121211,0.8378787878787879,0.01666666666666668,0.0
M1,0,PhysionetMI,44,0.8606060606060606,0.8886363636363637,0.028030303030303017,0.0
M1,0,PhysionetMI,45,0.7984848484848485,0.8234848484848485,0.024999999999999984,0.0
M1,0,PhysionetMI,46,0.7424242424242424,0.7606060606060606,0.01818181818181816,0.0
M1,0,PhysionetMI,47,0.7348484848484849,0.7560606060606061,0.021212121212121238,0.0
M1,0,PhysionetMI,48,0.990909090909091,1.0,0.00909090909090908,0.0
M1,0,PhysionetMI,49,0.7628787878787879,0.7886363636363637,0.0257575757575757,0.0
M1,0,PhysionetMI,50,0.7803030303030303,0.7886363636363636,0.008333333333333321,0.0
M1,0,PhysionetMI,51,0.8242424242424242,0.8666666666666668,0.04242424242424242,0.0
M1,0,PhysionetMI,52,0.8661538461538463,0.8861538461538462,0.01999999999999998,0.0
M1,0,PhysionetMI,53,0.9015151515151516,0.8916666666666668,-0.00984848484848482,0.0
M1,0,PhysionetMI,54,0.8909090909090909,0.8651515151515152,-0.025757575757575722,0.0
M1,0,PhysionetMI,55,0.8462121212121213,0.8621212121212121,0.01590909090909088,0.0
M1,0,PhysionetMI,56,0.8356060606060606,0.8424242424242424,0.0068181818181818786,0.0
M1,0,PhysionetMI,57,0.949242424242424,0.9666666666666665,0.01742424242424242,0.0
M1,0,PhysionetMI,58,0.8161538461538462,0.7984615384615384,-0.01769230769230768,0.0
M1,0,PhysionetMI,59,0.6659090909090909,0.6651515151515152,-0.0007575757575757986,0.0
M1,0,PhysionetMI,60,0.8884615384615385,0.8507692307692307,-0.03769230769230766,0.0
M1,0,PhysionetMI,61,0.9545454545454547,0.9545454545454547,0.0,0.0
M1,0,PhysionetMI,62,0.9583333333333333,0.9416666666666667,-0.016666666666666642,0.0
M1,0,PhysionetMI,63,0.7287878787878788,0.7901515151515153,0.061363636363636356,0.0
M1,0,PhysionetMI,64,0.7621212121212122,0.7537878787878788,-0.008333333333333378,0.0
M1,0,PhysionetMI,65,0.9242424242424242,0.9250000000000002,0.0007575757575757601,0.0
M1,0,PhysionetMI,66,0.7704545454545455,0.7696969696969698,-0.0007575757575757402,0.0
M1,0,PhysionetMI,67,0.7916666666666666,0.7484848484848485,-0.04318181818181812,0.0
M1,0,PhysionetMI,68,0.6727272727272727,0.6992424242424243,0.02651515151515152,0.0
M1,0,PhysionetMI,69,0.8284615384615386,0.8515384615384616,0.02307692307692304,0.0
M1,0,PhysionetMI,70,0.9659090909090908,0.9825757575757577,0.01666666666666668,0.0
M1,0,PhysionetMI,71,0.9143939393939393,0.8810606060606061,-0.03333333333333326,0.0
M1,0,PhysionetMI,72,1.0,0.9818181818181818,-0.01818181818181816,0.0
M1,0,PhysionetMI,73,0.7568181818181818,0.7590909090909091,0.00227272727272726,0.0
M1,0,PhysionetMI,74,0.7575757575757576,0.7825757575757576,0.02499999999999998,0.0
M1,0,PhysionetMI,75,0.6606060606060606,0.696969696969697,0.03636363636363632,0.0
M1,0,PhysionetMI,76,0.5515151515151515,0.568939393939394,0.0174242424242424,0.0
M1,0,PhysionetMI,77,0.6037878787878788,0.6212121212121212,0.017424242424242443,0.0
M1,0,PhysionetMI,78,0.5621212121212121,0.5265151515151515,-0.0356060606060606,0.0
M1,0,PhysionetMI,79,0.7515151515151516,0.7507575757575757,-0.0007575757575757402,0.0
M1,0,PhysionetMI,80,0.7907692307692308,0.7961538461538462,0.0053846153846154,0.0
M1,0,PhysionetMI,81,0.8704545454545455,0.8719696969696971,0.0015151515151515416,0.0
M1,0,PhysionetMI,82,0.8113636363636363,0.8454545454545455,0.03409090909090908,0.0
M1,0,PhysionetMI,83,0.7215384615384616,0.7338461538461539,0.0123076923076923,0.0
M1,0,PhysionetMI,84,0.8825757575757576,0.8462121212121213,-0.03636363636363632,0.0
M1,0,PhysionetMI,85,0.8878787878787879,0.8878787878787879,-1.9428902930940238e-17,0.0
M1,0,PhysionetMI,86,0.9846153846153847,0.976923076923077,-0.007692307692307681,0.0
M1,0,PhysionetMI,87,0.6386363636363636,0.6477272727272727,0.0090909090909091,0.0
M1,0,PhysionetMI,90,0.8727272727272727,0.8734848484848484,0.0007575757575757792,0.0
M1,0,PhysionetMI,91,0.9166666666666666,0.9,-0.016666666666666656,0.0
M1,0,PhysionetMI,93,0.7886363636363637,0.8136363636363637,0.025,0.0
M1,0,PhysionetMI,94,0.7954545454545455,0.7772727272727273,-0.01818181818181814,0.0
M1,0,PhysionetMI,95,0.6515384615384615,0.6115384615384615,-0.04,0.0
M1,0,PhysionetMI,96,0.8583333333333332,0.8666666666666666,0.00833333333333334,0.0
M1,0,PhysionetMI,97,0.7696969696969697,0.7871212121212121,0.01742424242424246,0.0
M1,0,PhysionetMI,98,0.4621212121212121,0.45227272727272727,-0.00984848484848486,0.0
M1,0,PhysionetMI,99,0.6151515151515151,0.6393939393939394,0.02424242424242422,0.0
M1,0,PhysionetMI,101,0.8976923076923077,0.8953846153846154,-0.00230769230769228,0.0
M1,0,PhysionetMI,102,0.7416666666666667,0.7621212121212121,0.0204545454545454,0.0
M1,0,PhysionetMI,103,0.8575757575757577,0.8674242424242424,0.009848484848484801,0.0
M1,0,PhysionetMI,105,0.9068181818181819,0.890909090909091,-0.015909090909090838,0.0
M1,0,PhysionetMI,107,0.5553030303030303,0.5386363636363636,-0.01666666666666666,0.0
M1,0,PhysionetMI,108,0.8537878787878788,0.8462121212121213,-0.00757575757575756,0.0
M1,0,PhysionetMI,109,0.6537878787878788,0.7227272727272728,0.0689393939393939,0.0
M1,5,Cho2017,1,0.642,0.632,-0.00999999999999998,0.014000000000000012
M1,5,Cho2017,2,0.524,0.5660000000000001,0.04199999999999994,0.02200000000000002
M1,5,Cho2017,3,0.6719999999999999,0.774,0.10199999999999995,0.02200000000000002
M1,5,Cho2017,4,0.64,0.6759999999999999,0.0359999999999999,0.08799999999999997
M1,5,Cho2017,5,1.0,0.9960000000000001,-0.004,-0.0019999999999998908
M1,5,Cho2017,6,0.8140000000000001,0.8099999999999999,-0.004000000000000023,0.005999999999999894
M1,5,Cho2017,7,0.5033333333333333,0.5266666666666666,0.023333333333333338,-0.010000000000000009
M1,5,Cho2017,8,0.54,0.532,-0.007999999999999941,-0.0020000000000000018
M1,5,Cho2017,9,0.5433333333333333,0.5833333333333333,0.04,-0.008333333333333304
M1,5,Cho2017,10,0.5820000000000001,0.5880000000000001,0.006000000000000019,0.03200000000000003
M1,5,Cho2017,11,0.604,0.618,0.014000000000000018,0.008000000000000007
M1,5,Cho2017,12,0.514,0.53,0.016,-0.03400000000000003
M1,5,Cho2017,13,0.8460000000000001,0.9,0.05399999999999994,-0.009999999999999898
M1,5,Cho2017,14,0.7220000000000001,0.794,0.072,-0.02399999999999991
M1,5,Cho2017,15,0.52,0.562,0.04199999999999998,-0.0020000000000000018
M1,5,Cho2017,16,0.626,0.628,0.0020000000000000005,0.016000000000000125
M1,5,Cho2017,17,0.55,0.5880000000000001,0.037999999999999964,0.062000000000000055
M1,5,Cho2017,18,0.6140000000000001,0.594,-0.02,-0.02400000000000002
M1,5,Cho2017,19,0.522,0.544,0.02199999999999998,0.008000000000000007
M1,5,Cho2017,20,0.5660000000000001,0.612,0.045999999999999965,0.05599999999999994
M1,5,Cho2017,21,0.546,0.5900000000000001,0.044,0.006000000000000116
M1,5,Cho2017,22,0.592,0.626,0.03399999999999996,0.02200000000000002
M1,5,Cho2017,23,0.562,0.6100000000000001,0.04799999999999998,0.020000000000000018
M1,5,Cho2017,24,0.49399999999999994,0.558,0.06399999999999997,0.038000000000000034
M1,5,Cho2017,25,0.554,0.5599999999999999,0.005999999999999959,-0.02200000000000013
M1,5,Cho2017,26,0.99,0.99,0.0,0.0
M1,5,Cho2017,27,0.5660000000000001,0.5820000000000001,0.01599999999999998,0.02200000000000013
M1,5,Cho2017,28,0.5820000000000001,0.584,0.0019999999999999797,0.008000000000000007
M1,5,Cho2017,29,0.502,0.492,-0.01000000000000002,-0.01200000000000001
M1,5,Cho2017,30,0.638,0.6759999999999999,0.037999999999999964,0.07399999999999995
M1,5,Cho2017,31,0.548,0.61,0.06199999999999998,0.08599999999999997
M1,5,Cho2017,32,0.534,0.546,0.011999999999999983,0.006000000000000005
M1,5,Cho2017,33,0.5860000000000001,0.53,-0.05599999999999994,-0.0040000000000000036
M1,5,Cho2017,34,0.548,0.584,0.036,0.016000000000000014
M1,5,Cho2017,35,0.396,0.45,0.05399999999999998,0.008000000000000007
M1,5,Cho2017,36,0.534,0.5740000000000001,0.04,-0.0040000000000000036
M1,5,Cho2017,37,0.874,0.858,-0.016,-0.0020000000000000018
M1,5,Cho2017,38,0.5780000000000001,0.598,0.01999999999999994,0.009999999999999898
M1,5,Cho2017,39,0.528,0.558,0.03,0.016000000000000014
M1,5,Cho2017,40,0.528,0.522,-0.005999999999999978,0.03400000000000003
M1,5,Cho2017,41,0.616,0.648,0.03199999999999996,-0.019999999999999907
M1,5,Cho2017,42,0.542,0.532,-0.009999999999999998,-0.014000000000000012
M1,5,Cho2017,43,1.0,1.0,0.0,0.0
M1,5,Cho2017,44,0.9359999999999999,0.952,0.016,0.0119999999999999
M1,5,Cho2017,45,0.538,0.55,0.011999999999999959,-0.02199999999999991
M1,5,Cho2017,46,0.5483333333333333,0.5766666666666667,0.028333333333333283,0.020000000000000018
M1,5,Cho2017,47,0.8380000000000001,0.776,-0.061999999999999965,-0.05600000000000005
M1,5,Cho2017,48,0.662,0.6779999999999999,0.015999999999999966,-0.008000000000000118
M1,5,Cho2017,49,0.994,1.0,0.006,0.0020000000000000018
M1,5,Cho2017,50,0.95,0.9879999999999999,0.037999999999999985,0.0039999999999998925
M1,5,Cho2017,51,0.56,0.6559999999999999,0.0959999999999999,0.06399999999999995
M1,5,Cho2017,52,0.604,0.5820000000000001,-0.02199999999999998,-0.013999999999999901
M1,5,Dreyer2023,1,0.8850000000000001,0.9066666666666666,0.02166666666666664,-0.0033333333333332993
M1,5,Dreyer2023,2,0.6833333333333333,0.6433333333333333,-0.03999999999999996,-0.03166666666666673
M1,5,Dreyer2023,3,0.8183333333333334,0.7566666666666666,-0.06166666666666668,-0.08000000000000007
M1,5,Dreyer2023,5,0.8766666666666667,0.8916666666666666,0.014999999999999961,-0.0033333333333332993
M1,5,Dreyer2023,6,0.7716666666666667,0.8183333333333334,0.04666666666666665,0.013333333333333308
M1,5,Dreyer2023,7,0.9766666666666666,0.9733333333333333,-0.003333333333333318,0.0050000000000001155
M1,5,Dreyer2023,8,0.8266666666666665,0.8766666666666666,0.04999999999999996,0.019999999999999907
M1,5,Dreyer2023,10,0.9116666666666667,0.9133333333333333,0.0016666666666666399,-0.01333333333333342
M1,5,Dreyer2023,11,0.6316666666666666,0.6366666666666667,0.004999999999999999,0.0033333333333332993
M1,5,Dreyer2023,12,0.8949999999999999,0.9283333333333333,0.033333333333333284,-0.0033333333333332993
M1,5,Dreyer2023,13,0.7566666666666666,0.735,-0.02166666666666664,-0.01666666666666672
M1,5,Dreyer2023,14,0.6916666666666667,0.6866666666666668,-0.004999999999999959,-0.014999999999999902
M1,5,Dreyer2023,15,0.9266666666666665,0.9216666666666665,-0.00500000000000002,0.0
M1,5,Dreyer2023,16,0.8266666666666668,0.8466666666666667,0.01999999999999998,0.01333333333333342
M1,5,Dreyer2023,18,0.9066666666666666,0.9483333333333333,0.04166666666666662,0.004999999999999893
M1,5,Dreyer2023,19,0.8949999999999999,0.9049999999999999,0.009999999999999962,-0.0033333333333335213
M1,5,Dreyer2023,20,0.8966666666666667,0.9233333333333332,0.026666666666666637,0.0033333333333330772
M1,5,Dreyer2023,21,0.9116666666666665,0.9183333333333333,0.006666666666666679,-0.011666666666666714
M1,5,Dreyer2023,22,0.9283333333333333,0.865,-0.0633333333333333,-0.04833333333333334
M1,5,Dreyer2023,23,0.7366666666666667,0.7666666666666667,0.02999999999999998,-0.014999999999999902
M1,5,Dreyer2023,24,0.9399999999999998,0.9666666666666668,0.026666666666666623,-0.0016666666666665941
M1,5,Dreyer2023,25,0.67,0.7016666666666667,0.0316666666666666,-0.006666666666666599
M1,5,Dreyer2023,26,0.7783333333333333,0.8316666666666667,0.053333333333333253,0.010000000000000009
M1,5,Dreyer2023,27,0.8066666666666666,0.7966666666666666,-0.00999999999999998,-0.008333333333333415
M1,5,Dreyer2023,28,0.7716666666666667,0.8066666666666666,0.034999999999999996,0.015000000000000013
M1,5,Dreyer2023,30,0.7116666666666667,0.75,0.038333333333333275,0.018333333333333313
M1,5,Dreyer2023,31,0.8733333333333333,0.915,0.041666666666666664,0.0033333333333332993
M1,5,Dreyer2023,32,0.845,0.915,0.06999999999999992,0.02000000000000013
M1,5,Dreyer2023,33,0.795,0.7216666666666667,-0.07333333333333332,-0.05833333333333335
M1,5,Dreyer2023,34,0.7933333333333333,0.8583333333333332,0.0649999999999999,0.006666666666666599
M1,5,Dreyer2023,35,0.7499999999999999,0.7699999999999999,0.020000000000000018,-0.01666666666666683
M1,5,Dreyer2023,36,0.7983333333333332,0.755,-0.0433333333333333,-0.08833333333333337
M1,5,Dreyer2023,37,0.735,0.7449999999999999,0.00999999999999998,0.04499999999999993
M1,5,Dreyer2023,38,0.8533333333333333,0.8333333333333334,-0.019999999999999983,-0.03833333333333333
M1,5,Dreyer2023,39,0.9183333333333333,0.9483333333333333,0.02999999999999998,-0.0016666666666665941
M1,5,Dreyer2023,40,0.8534482758620691,0.8741379310344828,0.02068965517241382,0.008620689655172487
M1,5,Dreyer2023,42,0.74,0.7983333333333333,0.05833333333333328,0.0
M1,5,Dreyer2023,43,0.8816666666666666,0.8983333333333334,0.016666666666666642,0.0
M1,5,Dreyer2023,44,0.6466666666666667,0.6833333333333333,0.03666666666666666,0.0033333333333334103
M1,5,Dreyer2023,45,0.7466666666666667,0.8116666666666668,0.06499999999999997,-0.0033333333333332993
M1,5,Dreyer2023,46,0.7366666666666667,0.7699999999999999,0.03333333333333326,-0.0016666666666668162
M1,5,Dreyer2023,47,0.8949999999999999,0.8833333333333332,-0.011666666666666641,-0.015000000000000013
M1,5,Dreyer2023,48,0.6683333333333333,0.635,-0.0333333333333333,-0.03499999999999992
M1,5,Dreyer2023,49,0.7833333333333333,0.8233333333333335,0.04000000000000002,0.0016666666666668162
M1,5,Dreyer2023,50,0.6166666666666666,0.6016666666666667,-0.014999999999999954,-0.018333333333333313
M1,5,Dreyer2023,51,0.7466666666666667,0.7783333333333333,0.03166666666666666,0.013333333333333308
M1,5,Dreyer2023,52,0.7966666666666666,0.8183333333333334,0.02166666666666664,-0.013333333333333308
M1,5,Dreyer2023,53,0.7866666666666667,0.8433333333333334,0.05666666666666662,0.01000000000000012
M1,5,Dreyer2023,54,0.7016666666666667,0.7566666666666666,0.05500000000000003,0.029999999999999805
M1,5,Dreyer2023,55,0.9366666666666668,0.9316666666666666,-0.00500000000000002,-0.0033333333333332993
M1,5,Dreyer2023,56,0.9200000000000002,0.9049999999999999,-0.014999999999999982,-0.029999999999999916
M1,5,Dreyer2023,57,0.635,0.71,0.07499999999999998,0.05499999999999994
M1,5,Dreyer2023,58,0.9233333333333332,0.95,0.026666666666666637,-0.0033333333333334103
M1,5,Dreyer2023,59,0.78,0.825,0.044999999999999964,0.009999999999999898
M1,5,Dreyer2023,60,0.8066666666666666,0.8583333333333332,0.05166666666666664,0.009999999999999787
M1,5,Dreyer2023,61,0.8633333333333333,0.8433333333333334,-0.020000000000000018,-0.05500000000000005
M1,5,Dreyer2023,62,0.7416666666666667,0.755,0.01333333333333328,-0.040000000000000036
M1,5,Dreyer2023,63,0.8133333333333332,0.825,0.011666666666666622,-0.021666666666666723
M1,5,Dreyer2023,64,0.765,0.7933333333333333,0.02833333333333332,0.03500000000000003
M1,5,Dreyer2023,65,0.835,0.8316666666666667,-0.003333333333333402,-0.023333333333333428
M1,5,Dreyer2023,66,0.7583333333333334,0.7316666666666667,-0.02666666666666666,0.00666666666666671
M1,5,Dreyer2023,67,0.7916666666666666,0.7816666666666666,-0.00999999999999996,-0.030000000000000138
M1,5,Dreyer2023,68,0.7383333333333334,0.7550000000000001,0.01666666666666666,0.021666666666666723
M1,5,Dreyer2023,69,0.8516666666666666,0.8116666666666668,-0.03999999999999996,-0.009999999999999898
M1,5,Dreyer2023,70,0.6716666666666666,0.67,-0.0016666666666667004,-0.0033333333333332993
M1,5,Dreyer2023,71,0.8550000000000001,0.8366666666666667,-0.01833333333333332,0.0033333333333332993
M1,5,Dreyer2023,72,0.8099999999999999,0.8233333333333335,0.013333333333333364,-0.004999999999999893
M1,5,Dreyer2023,73,0.7466666666666667,0.8016666666666665,0.05499999999999996,0.033333333333333215
M1,5,Dreyer2023,74,0.735,0.77,0.034999999999999996,0.018333333333333313
M1,5,Dreyer2023,75,0.7583333333333334,0.7849999999999999,0.0266666666666666,0.008333333333333193
M1,5,Dreyer2023,76,0.8216666666666667,0.8516666666666668,0.030000000000000006,2.220446049250313e-16
M1,5,Dreyer2023,77,0.8233333333333333,0.8566666666666667,0.03333333333333334,0.00666666666666671
M1,5,Dreyer2023,80,0.7116666666666667,0.7583333333333334,0.046666666666666655,-0.008333333333333304
M1,5,Dreyer2023,81,0.8299999999999998,0.825,-0.004999999999999999,-0.036666666666666736
M1,5,Dreyer2023,82,0.795,0.7866666666666666,-0.00833333333333334,0.010000000000000009
M1,5,Dreyer2023,83,0.6883333333333334,0.6783333333333333,-0.01000000000000004,0.008333333333333415
M1,5,Dreyer2023,84,0.8333333333333334,0.8316666666666667,-0.0016666666666666614,-0.023333333333333428
M1,5,Dreyer2023,85,0.735,0.76,0.02499999999999998,-0.008333333333333304
M1,5,Dreyer2023,86,0.8383333333333333,0.8333333333333334,-0.00499999999999998,-0.010000000000000009
M1,5,Dreyer2023,87,0.7833333333333334,0.7866666666666667,0.00333333333333332,-0.0016666666666665941
M1,5,PhysionetMI,1,0.8356060606060606,0.8356060606060606,1.9428902930940238e-17,-0.00909090909090915
M1,5,PhysionetMI,2,0.8946153846153846,0.9099999999999999,0.01538461538461534,0.0
M1,5,PhysionetMI,3,0.9484848484848485,0.9742424242424242,0.025757575757575722,0.0
M1,5,PhysionetMI,4,0.9196969696969697,0.9287878787878787,0.009090909090909084,0.02803030303030296
M1,5,PhysionetMI,5,0.7204545454545455,0.7159090909090909,-0.004545454545454503,-0.0037878787878787845
M1,5,PhysionetMI,6,0.8825757575757576,0.9143939393939394,0.0318181818181818,0.024242424242424176
M1,5,PhysionetMI,7,0.9825757575757577,0.9825757575757574,0.0,0.0
M1,5,PhysionetMI,8,0.8325757575757574,0.8424242424242424,0.00984848484848492,0.002272727272727315
M1,5,PhysionetMI,9,0.9076923076923077,0.9230769230769231,0.015384615384615418,0.01538461538461533
M1,5,PhysionetMI,10,0.7276923076923077,0.7461538461538462,0.018461538461538494,0.0
M1,5,PhysionetMI,11,0.725,0.7166666666666666,-0.0083333333333333,0.0
M1,5,PhysionetMI,12,0.8643939393939395,0.8651515151515152,0.0007575757575757402,0.0
M1,5,PhysionetMI,13,0.803030303030303,0.7674242424242423,-0.03560606060606062,0.030303030303030276
M1,5,PhysionetMI,14,0.7734848484848486,0.759090909090909,-0.014393939393939398,-0.031060606060606122
M1,5,PhysionetMI,15,0.9284615384615386,0.9669230769230769,0.03846153846153844,0.023076923076922995
M1,5,PhysionetMI,16,0.6053030303030302,0.6878787878787879,0.0825757575757576,0.010606060606060619
M1,5,PhysionetMI,17,0.803030303030303,0.8454545454545455,0.042424242424242455,0.04166666666666674
M1,5,PhysionetMI,18,1.0,1.0,0.0,0.0
M1,5,PhysionetMI,19,0.9106060606060605,0.9037878787878787,-0.006818181818181819,0.0
M1,5,PhysionetMI,20,0.9045454545454547,0.8954545454545453,-0.009090909090909118,0.009848484848484773
M1,5,PhysionetMI,21,0.759090909090909,0.7386363636363636,-0.0204545454545454,-0.037878787878787956
M1,5,PhysionetMI,22,0.9636363636363636,0.9545454545454547,-0.00909090909090908,0.0
M1,5,PhysionetMI,23,0.7838461538461539,0.8092307692307692,0.02538461538461536,0.0
M1,5,PhysionetMI,24,0.7863636363636364,0.8196969696969697,0.03333333333333332,0.06060606060606055
M1,5,PhysionetMI,25,0.5954545454545455,0.5446969696969697,-0.0507575757575757,-0.024242424242424288
M1,5,PhysionetMI,26,0.6407692307692308,0.5915384615384616,-0.049230769230769224,-0.0038461538461538325
M1,5,PhysionetMI,27,0.8696969696969697,0.8424242424242424,-0.027272727272727237,0.00757575757575768
M1,5,PhysionetMI,28,0.7984848484848485,0.8606060606060606,0.06212121212121208,0.027272727272727226
M1,5,PhysionetMI,29,0.7386363636363636,0.7545454545454545,0.0159090909090909,0.0
M1,5,PhysionetMI,30,0.8583333333333334,0.859848484848485,0.0015151515151515013,-0.023484848484848442
M1,5,PhysionetMI,31,0.7416666666666667,0.7477272727272728,0.006060606060606,0.0060606060606061
M1,5,PhysionetMI,32,0.9323076923076924,0.9169230769230768,-0.01538461538461538,-0.013076923076923208
M1,5,PhysionetMI,33,0.9295454545454545,0.9378787878787879,0.00833333333333334,0.016666666666666607
M1,5,PhysionetMI,34,0.8215384615384614,0.8715384615384616,0.05,0.05230769230769239
M1,5,PhysionetMI,35,0.8143939393939394,0.8234848484848485,0.0090909090909091,0.027272727272727337
M1,5,PhysionetMI,36,0.9113636363636364,0.8613636363636363,-0.04999999999999994,-0.013636363636363669
M1,5,PhysionetMI,37,0.6795454545454545,0.7128787878787879,0.03333333333333332,0.07424242424242422
M1,5,PhysionetMI,38,0.49469696969696975,0.46439393939393936,-0.030303030303030276,-0.05681818181818188
M1,5,PhysionetMI,39,0.7454545454545455,0.7348484848484849,-0.01060606060606056,-0.009090909090909038
M1,5,PhysionetMI,40,0.9818181818181818,0.9416666666666664,-0.0401515151515152,-0.04924242424242453
M1,5,PhysionetMI,41,0.9692307692307693,0.9415384615384615,-0.027692307692307662,-0.03538461538461546
M1,5,PhysionetMI,42,0.8916666666666668,0.9075757575757576,0.015909090909090883,0.01590909090909076
M1,5,PhysionetMI,43,0.8212121212121211,0.8378787878787879,0.01666666666666668,0.0
M1,5,PhysionetMI,44,0.8606060606060606,0.8878787878787879,0.027272727272727282,-0.0007575757575757347
M1,5,PhysionetMI,45,0.7984848484848485,0.7772727272727273,-0.021212121212121182,-0.04621212121212115
M1,5,PhysionetMI,46,0.7424242424242424,0.771969696969697,0.029545454545454496,0.011363636363636354
M1,5,PhysionetMI,47,0.7348484848484849,0.740909090909091,0.0060606060606060415,-0.015151515151515138
M1,5,PhysionetMI,48,0.990909090909091,1.0,0.00909090909090908,0.0
M1,5,PhysionetMI,49,0.7628787878787879,0.7727272727272727,0.0098484848484848,-0.015909090909090984
M1,5,PhysionetMI,50,0.7803030303030303,0.8257575757575758,0.04545454545454542,0.03712121212121222
M1,5,PhysionetMI,51,0.8242424242424242,0.8666666666666668,0.04242424242424242,0.0
M1,5,PhysionetMI,52,0.8661538461538463,0.8915384615384616,0.02538461538461536,0.005384615384615432
M1,5,PhysionetMI,53,0.9015151515151516,0.8825757575757576,-0.01893939393939392,-0.00909090909090926
M1,5,PhysionetMI,54,0.8909090909090909,0.8696969696969697,-0.02121212121212116,0.004545454545454519
M1,5,PhysionetMI,55,0.8462121212121213,0.8803030303030303,0.03409090909090906,0.018181818181818188
M1,5,PhysionetMI,56,0.8356060606060606,0.8446969696969697,0.009090909090909139,0.002272727272727315
M1,5,PhysionetMI,57,0.949242424242424,0.9666666666666665,0.01742424242424242,0.0
M1,5,PhysionetMI,58,0.8161538461538462,0.8300000000000001,0.013846153846153796,0.031538461538461626
M1,5,PhysionetMI,59,0.6659090909090909,0.678030303030303,0.012121212121212121,0.012878787878787823
M1,5,PhysionetMI,60,0.8884615384615385,0.8338461538461539,-0.05461538461538458,-0.01692307692307682
M1,5,PhysionetMI,61,0.9545454545454547,0.9545454545454547,0.0,0.0
M1,5,PhysionetMI,62,0.9583333333333333,0.9416666666666667,-0.016666666666666642,0.0
M1,5,PhysionetMI,63,0.7287878787878788,0.8113636363636363,0.08257575757575758,0.021212121212121016
M1,5,PhysionetMI,64,0.7621212121212122,0.771969696969697,0.0098484848484848,0.018181818181818188
M1,5,PhysionetMI,65,0.9242424242424242,0.9333333333333333,0.00909090909090906,0.008333333333333193
M1,5,PhysionetMI,66,0.7704545454545455,0.7689393939393939,-0.0015151515151515193,-0.0007575757575758457
M1,5,PhysionetMI,67,0.7916666666666666,0.790909090909091,-0.0007575757575757,0.042424242424242475
M1,5,PhysionetMI,68,0.6727272727272727,0.7234848484848485,0.050757575757575724,0.024242424242424176
M1,5,PhysionetMI,69,0.8284615384615386,0.7892307692307693,-0.039230769230769236,-0.062307692307692286
M1,5,PhysionetMI,70,0.9659090909090908,0.9742424242424242,0.00833333333333334,-0.008333333333333415
M1,5,PhysionetMI,71,0.9143939393939393,0.8893939393939394,-0.02499999999999996,0.008333333333333304
M1,5,PhysionetMI,72,1.0,0.9734848484848484,-0.026515151515151502,-0.008333333333333415
M1,5,PhysionetMI,73,0.7568181818181818,0.718939393939394,-0.03787878787878784,-0.04015151515151516
M1,5,PhysionetMI,74,0.7575757575757576,0.7772727272727273,0.019696969696969657,-0.005303030303030254
M1,5,PhysionetMI,75,0.6606060606060606,0.6545454545454545,-0.0060606060606061204,-0.042424242424242475
M1,5,PhysionetMI,76,0.5515151515151515,0.5280303030303031,-0.02348484848484844,-0.040909090909090895
M1,5,PhysionetMI,77,0.6037878787878788,0.6409090909090909,0.037121212121212145,0.019696969696969657
M1,5,PhysionetMI,78,0.5621212121212121,0.5424242424242424,-0.019696969696969685,0.015909090909090873
M1,5,PhysionetMI,79,0.7515151515151516,0.7348484848484849,-0.01666666666666666,-0.015909090909090873
M1,5,PhysionetMI,80,0.7907692307692308,0.8553846153846154,0.06461538461538459,0.0592307692307692
M1,5,PhysionetMI,81,0.8704545454545455,0.8636363636363636,-0.0068181818181818395,-0.008333333333333415
M1,5,PhysionetMI,82,0.8113636363636363,0.8954545454545455,0.08409090909090902,0.050000000000000044
M1,5,PhysionetMI,83,0.7215384615384616,0.7176923076923077,-0.0038461538461538407,-0.016153846153846185
M1,5,PhysionetMI,84,0.8825757575757576,0.8446969696969697,-0.03787878787878782,-0.0015151515151515804
M1,5,PhysionetMI,85,0.8878787878787879,0.8325757575757576,-0.05530303030303032,-0.0553030303030303
M1,5,PhysionetMI,86,0.9846153846153847,0.976923076923077,-0.007692307692307681,0.0
M1,5,PhysionetMI,87,0.6386363636363636,0.6416666666666666,0.0030303030303030776,-0.0060606060606061
M1,5,PhysionetMI,90,0.8727272727272727,0.8643939393939395,-0.008333333333333321,-0.009090909090908927
M1,5,PhysionetMI,91,0.9166666666666666,0.9,-0.016666666666666656,0.0
M1,5,PhysionetMI,93,0.7886363636363637,0.7962121212121211,0.007575757575757599,-0.017424242424242564
M1,5,PhysionetMI,94,0.7954545454545455,0.7704545454545454,-0.025000000000000022,-0.006818181818181945
M1,5,PhysionetMI,95,0.6515384615384615,0.6238461538461538,-0.027692307692307738,0.012307692307692353
M1,5,PhysionetMI,96,0.8583333333333332,0.8575757575757577,-0.0007575757575757201,-0.009090909090908927
M1,5,PhysionetMI,97,0.7696969696969697,0.8053030303030303,0.035606060606060655,0.018181818181818188
M1,5,PhysionetMI,98,0.4621212121212121,0.44393939393939397,-0.01818181818181816,-0.008333333333333304
M1,5,PhysionetMI,99,0.6151515151515151,0.6401515151515151,0.025,0.0007575757575757347
M1,5,PhysionetMI,101,0.8976923076923077,0.9115384615384615,0.01384615384615386,0.016153846153846074
M1,5,PhysionetMI,102,0.7416666666666667,0.8287878787878789,0.08712121212121207,0.06666666666666676
M1,5,PhysionetMI,103,0.8575757575757577,0.840909090909091,-0.0166666666666667,-0.02651515151515138
M1,5,PhysionetMI,105,0.9068181818181819,0.890909090909091,-0.015909090909090838,0.0
M1,5,PhysionetMI,107,0.5553030303030303,0.5106060606060605,-0.044696969696969666,-0.028030303030303072
M1,5,PhysionetMI,108,0.8537878787878788,0.8545454545454545,0.0007575757575757792,0.008333333333333193
M1,5,PhysionetMI,109,0.6537878787878788,0.7295454545454546,0.07575757575757576,0.006818181818181834
M1,10,Cho2017,1,0.642,0.6199999999999999,-0.02199999999999998,0.0019999999999998908
M1,10,Cho2017,2,0.524,0.558,0.03399999999999996,0.014000000000000012
M1,10,Cho2017,3,0.6719999999999999,0.798,0.12599999999999995,0.04600000000000004
M1,10,Cho2017,4,0.64,0.688,0.04799999999999992,0.09999999999999998
M1,10,Cho2017,5,1.0,1.0,0.0,0.0020000000000000018
M1,10,Cho2017,6,0.8140000000000001,0.806,-0.00800000000000002,0.0020000000000000018
M1,10,Cho2017,7,0.5033333333333333,0.5333333333333333,0.02999999999999998,-0.0033333333333332993
M1,10,Cho2017,8,0.54,0.534,-0.005999999999999959,0.0
M1,10,Cho2017,9,0.5433333333333333,0.6183333333333334,0.07499999999999996,0.02666666666666684
M1,10,Cho2017,10,0.5820000000000001,0.5860000000000001,0.003999999999999999,0.030000000000000027
M1,10,Cho2017,11,0.604,0.612,0.008000000000000038,0.0020000000000000018
M1,10,Cho2017,12,0.514,0.556,0.04199999999999996,-0.008000000000000007
M1,10,Cho2017,13,0.8460000000000001,0.944,0.09799999999999992,0.03400000000000003
M1,10,Cho2017,14,0.7220000000000001,0.826,0.10399999999999995,0.008000000000000007
M1,10,Cho2017,15,0.52,0.564,0.04399999999999994,-1.1102230246251565e-16
M1,10,Cho2017,16,0.626,0.6679999999999999,0.04199999999999994,0.05600000000000005
M1,10,Cho2017,17,0.55,0.558,0.007999999999999962,0.03200000000000003
M1,10,Cho2017,18,0.6140000000000001,0.638,0.02399999999999996,0.020000000000000018
M1,10,Cho2017,19,0.522,0.536,0.01399999999999998,0.0
M1,10,Cho2017,20,0.5660000000000001,0.612,0.04599999999999996,0.05599999999999994
M1,10,Cho2017,21,0.546,0.6060000000000001,0.059999999999999984,0.02200000000000013
M1,10,Cho2017,22,0.592,0.614,0.02199999999999994,0.010000000000000009
M1,10,Cho2017,23,0.562,0.584,0.022000000000000002,-0.006000000000000116
M1,10,Cho2017,24,0.49399999999999994,0.528,0.034,0.008000000000000007
M1,10,Cho2017,25,0.554,0.5860000000000001,0.03199999999999996,0.0040000000000000036
M1,10,Cho2017,26,0.99,0.99,0.0,0.0
M1,10,Cho2017,27,0.5660000000000001,0.552,-0.013999999999999981,-0.007999999999999896
M1,10,Cho2017,28,0.5820000000000001,0.6279999999999999,0.045999999999999944,0.051999999999999935
M1,10,Cho2017,29,0.502,0.48999999999999994,-0.012000000000000042,-0.014000000000000068
M1,10,Cho2017,30,0.638,0.6439999999999999,0.005999999999999979,0.041999999999999926
M1,10,Cho2017,31,0.548,0.6060000000000001,0.05799999999999996,0.08200000000000007
M1,10,Cho2017,32,0.534,0.532,-0.001999999999999979,-0.008000000000000007
M1,10,Cho2017,33,0.5860000000000001,0.548,-0.03799999999999996,0.014000000000000012
M1,10,Cho2017,34,0.548,0.5740000000000001,0.026000000000000002,0.006000000000000116
M1,10,Cho2017,35,0.396,0.44000000000000006,0.043999999999999984,-0.0019999999999999463
M1,10,Cho2017,36,0.534,0.586,0.051999999999999935,0.007999999999999896
M1,10,Cho2017,37,0.874,0.8560000000000001,-0.01799999999999996,-0.0039999999999998925
M1,10,Cho2017,38,0.5780000000000001,0.6,0.021999999999999957,0.0119999999999999
M1,10,Cho2017,39,0.528,0.542,0.014000000000000002,0.0
M1,10,Cho2017,40,0.528,0.5,-0.02799999999999998,0.01200000000000001
M1,10,Cho2017,41,0.616,0.6519999999999999,0.03599999999999994,-0.016000000000000014
M1,10,Cho2017,42,0.542,0.5800000000000001,0.03799999999999998,0.03400000000000003
M1,10,Cho2017,43,1.0,1.0,0.0,0.0
M1,10,Cho2017,44,0.9359999999999999,0.9559999999999998,0.02,0.015999999999999792
M1,10,Cho2017,45,0.538,0.544,0.00599999999999998,-0.027999999999999914
M1,10,Cho2017,46,0.5483333333333333,0.5783333333333334,0.02999999999999998,0.021666666666666723
M1,10,Cho2017,47,0.8380000000000001,0.8200000000000001,-0.01799999999999992,-0.01200000000000001
M1,10,Cho2017,48,0.662,0.71,0.04799999999999996,0.02399999999999991
M1,10,Cho2017,49,0.994,1.0,0.006,0.0020000000000000018
M1,10,Cho2017,50,0.95,0.992,0.041999999999999975,0.008000000000000007
M1,10,Cho2017,51,0.56,0.658,0.09799999999999989,0.06600000000000006
M1,10,Cho2017,52,0.604,0.658,0.05399999999999992,0.062000000000000055
M1,10,Dreyer2023,1,0.8850000000000001,0.9133333333333334,0.0283333333333333,0.0033333333333335213
M1,10,Dreyer2023,2,0.6833333333333333,0.65,-0.033333333333333305,-0.025000000000000022
M1,10,Dreyer2023,3,0.8183333333333334,0.8266666666666665,0.00833333333333328,-0.01000000000000012
M1,10,Dreyer2023,5,0.8766666666666667,0.8916666666666666,0.014999999999999939,-0.0033333333333332993
M1,10,Dreyer2023,6,0.7716666666666667,0.8216666666666667,0.049999999999999975,0.016666666666666607
M1,10,Dreyer2023,7,0.9766666666666666,0.9716666666666667,-0.004999999999999978,0.0033333333333335213
M1,10,Dreyer2023,8,0.8266666666666665,0.865,0.038333333333333316,0.008333333333333304
M1,10,Dreyer2023,10,0.9116666666666667,0.9316666666666666,0.019999999999999976,0.004999999999999893
M1,10,Dreyer2023,11,0.6316666666666666,0.6566666666666666,0.02499999999999996,0.023333333333333206
M1,10,Dreyer2023,12,0.8949999999999999,0.9266666666666665,0.03166666666666662,-0.0050000000000001155
M1,10,Dreyer2023,13,0.7566666666666666,0.7466666666666667,-0.009999999999999978,-0.0050000000000000044
M1,10,Dreyer2023,14,0.6916666666666667,0.6983333333333334,0.006666666666666701,-0.0033333333333332993
M1,10,Dreyer2023,15,0.9266666666666665,0.945,0.018333333333333302,0.023333333333333428
M1,10,Dreyer2023,16,0.8266666666666668,0.8583333333333332,0.0316666666666666,0.02499999999999991
M1,10,Dreyer2023,18,0.9066666666666666,0.9483333333333335,0.041666666666666644,0.0050000000000001155
M1,10,Dreyer2023,19,0.8949999999999999,0.9233333333333332,0.028333333333333283,0.014999999999999791
M1,10,Dreyer2023,20,0.8966666666666667,0.925,0.0283333333333333,0.004999999999999893
M1,10,Dreyer2023,21,0.9116666666666665,0.9416666666666667,0.02999999999999996,0.011666666666666603
M1,10,Dreyer2023,22,0.9283333333333333,0.8483333333333333,-0.07999999999999996,-0.06500000000000006
M1,10,Dreyer2023,23,0.7366666666666667,0.7866666666666667,0.049999999999999975,0.0050000000000001155
M1,10,Dreyer2023,24,0.9399999999999998,0.9633333333333333,0.023333333333333282,-0.0050000000000001155
M1,10,Dreyer2023,25,0.67,0.7033333333333334,0.03333333333333326,-0.004999999999999893
M1,10,Dreyer2023,26,0.7783333333333333,0.8166666666666667,0.03833333333333328,-0.0050000000000000044
M1,10,Dreyer2023,27,0.8066666666666666,0.805,-0.0016666666666666802,0.0
M1,10,Dreyer2023,28,0.7716666666666667,0.7983333333333333,0.026666666666666682,0.00666666666666671
M1,10,Dreyer2023,30,0.7116666666666667,0.7466666666666667,0.034999999999999934,0.015000000000000013
M1,10,Dreyer2023,31,0.8733333333333333,0.9183333333333333,0.044999999999999984,0.006666666666666599
M1,10,Dreyer2023,32,0.845,0.9033333333333333,0.05833333333333328,0.008333333333333415
M1,10,Dreyer2023,33,0.795,0.7733333333333333,-0.02166666666666666,-0.00666666666666671
M1,10,Dreyer2023,34,0.7933333333333333,0.85,0.0566666666666666,-0.0016666666666665941
M1,10,Dreyer2023,35,0.7499999999999999,0.775,0.02500000000000004,-0.011666666666666714
M1,10,Dreyer2023,36,0.7983333333333332,0.7966666666666666,-0.0016666666666666403,-0.046666666666666745
M1,10,Dreyer2023,37,0.735,0.7416666666666667,0.00666666666666668,0.04166666666666674
M1,10,Dreyer2023,38,0.8533333333333333,0.8366666666666667,-0.01666666666666666,-0.03500000000000003
M1,10,Dreyer2023,39,0.9183333333333333,0.9433333333333334,0.025,-0.0066666666666664876
M1,10,Dreyer2023,40,0.8534482758620691,0.8724137931034484,0.018965517241379366,0.006896551724138056
M1,10,Dreyer2023,42,0.74,0.8116666666666668,0.0716666666666666,0.01333333333333342
M1,10,Dreyer2023,43,0.8816666666666666,0.8983333333333332,0.016666666666666618,-2.220446049250313e-16
M1,10,Dreyer2023,44,0.6466666666666667,0.6799999999999999,0.03333333333333332,0.0
M1,10,Dreyer2023,45,0.7466666666666667,0.8283333333333334,0.08166666666666664,0.013333333333333308
M1,10,Dreyer2023,46,0.7366666666666667,0.75,0.013333333333333303,-0.021666666666666723
M1,10,Dreyer2023,47,0.8949999999999999,0.8966666666666667,0.0016666666666666414,-0.0016666666666664831
M1,10,Dreyer2023,48,0.6683333333333333,0.6616666666666667,-0.006666666666666618,-0.008333333333333193
M1,10,Dreyer2023,49,0.7833333333333333,0.8116666666666668,0.0283333333333333,-0.009999999999999898
M1,10,Dreyer2023,50,0.6166666666666666,0.635,0.01833333333333334,0.015000000000000013
M1,10,Dreyer2023,51,0.7466666666666667,0.7433333333333334,-0.0033333333333333383,-0.021666666666666612
M1,10,Dreyer2023,52,0.7966666666666666,0.8300000000000001,0.03333333333333332,-0.0016666666666665941
M1,10,Dreyer2023,53,0.7866666666666667,0.8216666666666667,0.03499999999999998,-0.011666666666666603
M1,10,Dreyer2023,54,0.7016666666666667,0.735,0.03333333333333336,0.008333333333333193
M1,10,Dreyer2023,55,0.9366666666666668,0.9366666666666668,-4.093947403305265e-17,0.0016666666666668162
M1,10,Dreyer2023,56,0.9200000000000002,0.9183333333333333,-0.0016666666666666802,-0.016666666666666496
M1,10,Dreyer2023,57,0.635,0.6966666666666667,0.061666666666666634,0.04166666666666663
M1,10,Dreyer2023,58,0.9233333333333332,0.9583333333333333,0.03499999999999994,0.004999999999999893
M1,10,Dreyer2023,59,0.78,0.78,-7.91033905045424e-17,-0.03500000000000003
M1,10,Dreyer2023,60,0.8066666666666666,0.8583333333333332,0.05166666666666664,0.009999999999999787
M1,10,Dreyer2023,61,0.8633333333333333,0.8549999999999999,-0.00833333333333338,-0.04333333333333356
M1,10,Dreyer2023,62,0.7416666666666667,0.7533333333333333,0.01166666666666662,-0.04166666666666674
M1,10,Dreyer2023,63,0.8133333333333332,0.8333333333333334,0.01999999999999998,-0.013333333333333308
M1,10,Dreyer2023,64,0.765,0.7983333333333333,0.03333333333333332,0.040000000000000036
M1,10,Dreyer2023,65,0.835,0.86,0.02499999999999998,0.004999999999999893
M1,10,Dreyer2023,66,0.7583333333333334,0.7183333333333334,-0.04,-0.006666666666666599
M1,10,Dreyer2023,67,0.7916666666666666,0.7983333333333333,0.006666666666666663,-0.01333333333333342
M1,10,Dreyer2023,68,0.7383333333333334,0.7683333333333333,0.02999999999999996,0.03499999999999992
M1,10,Dreyer2023,69,0.8516666666666666,0.835,-0.01666666666666666,0.013333333333333308
M1,10,Dreyer2023,70,0.6716666666666666,0.665,-0.006666666666666679,-0.008333333333333304
M1,10,Dreyer2023,71,0.8550000000000001,0.8400000000000001,-0.015000000000000038,0.00666666666666671
M1,10,Dreyer2023,72,0.8099999999999999,0.835,0.024999999999999977,0.006666666666666599
M1,10,Dreyer2023,73,0.7466666666666667,0.8299999999999998,0.08333333333333326,0.061666666666666536
M1,10,Dreyer2023,74,0.735,0.7666666666666666,0.031666666666666635,0.014999999999999902
M1,10,Dreyer2023,75,0.7583333333333334,0.7616666666666666,0.0033333333333333006,-0.015000000000000124
M1,10,Dreyer2023,76,0.8216666666666667,0.8733333333333334,0.05166666666666664,0.021666666666666834
M1,10,Dreyer2023,77,0.8233333333333333,0.835,0.011666666666666683,-0.015000000000000013
M1,10,Dreyer2023,80,0.7116666666666667,0.7533333333333333,0.041666666666666644,-0.01333333333333342
M1,10,Dreyer2023,81,0.8299999999999998,0.845,0.015000000000000003,-0.01666666666666672
M1,10,Dreyer2023,82,0.795,0.7916666666666666,-0.0033333333333333383,0.015000000000000013
M1,10,Dreyer2023,83,0.6883333333333334,0.6716666666666666,-0.016666666666666684,0.0016666666666667052
M1,10,Dreyer2023,84,0.8333333333333334,0.8666666666666666,0.0333333333333333,0.011666666666666492
M1,10,Dreyer2023,85,0.735,0.7733333333333333,0.038333333333333296,0.0050000000000000044
M1,10,Dreyer2023,86,0.8383333333333333,0.8483333333333334,0.01,0.0050000000000000044
M1,10,Dreyer2023,87,0.7833333333333334,0.7716666666666667,-0.0116666666666667,-0.016666666666666607
M1,10,PhysionetMI,1,0.8356060606060606,0.834848484848485,-0.0007575757575757402,-0.009848484848484773
M1,10,PhysionetMI,2,0.8946153846153846,0.9,0.00538461538461536,-0.009999999999999898
M1,10,PhysionetMI,3,0.9484848484848485,0.9742424242424242,0.025757575757575722,0.0
M1,10,PhysionetMI,4,0.9196969696969697,0.918939393939394,-0.0007575757575757402,0.018181818181818188
M1,10,PhysionetMI,5,0.7204545454545455,0.7250000000000001,0.0045454545454546025,0.005303030303030365
M1,10,PhysionetMI,6,0.8825757575757576,0.8795454545454545,-0.0030303030303030195,-0.01060606060606073
M1,10,PhysionetMI,7,0.9825757575757577,0.9825757575757574,0.0,0.0
M1,10,PhysionetMI,8,0.8325757575757574,0.8401515151515152,0.007575757575757641,1.1102230246251565e-16
M1,10,PhysionetMI,9,0.9076923076923077,0.9030769230769231,-0.004615384615384602,-0.004615384615384688
M1,10,PhysionetMI,10,0.7276923076923077,0.7461538461538462,0.018461538461538494,0.0
M1,10,PhysionetMI,11,0.725,0.7166666666666666,-0.0083333333333333,0.0
M1,10,PhysionetMI,12,0.8643939393939395,0.8553030303030302,-0.0090909090909091,-0.009848484848484995
M1,10,PhysionetMI,13,0.803030303030303,0.7090909090909092,-0.09393939393939385,-0.02803030303030285
M1,10,PhysionetMI,14,0.7734848484848486,0.8242424242424242,0.050757575757575724,0.03409090909090906
M1,10,PhysionetMI,15,0.9284615384615386,0.9669230769230769,0.03846153846153844,0.023076923076922995
M1,10,PhysionetMI,16,0.6053030303030302,0.6954545454545455,0.09015151515151516,0.0181818181818183
M1,10,PhysionetMI,17,0.803030303030303,0.8689393939393939,0.06590909090909094,0.06515151515151518
M1,10,PhysionetMI,18,1.0,1.0,0.0,0.0
M1,10,PhysionetMI,19,0.9106060606060605,0.9037878787878787,-0.006818181818181819,0.0
M1,10,PhysionetMI,20,0.9045454545454547,0.9303030303030303,0.02575757575757574,0.04469696969696979
M1,10,PhysionetMI,21,0.759090909090909,0.7734848484848486,0.014393939393939459,-0.00303030303030305
M1,10,PhysionetMI,22,0.9636363636363636,0.9545454545454547,-0.00909090909090908,0.0
M1,10,PhysionetMI,23,0.7838461538461539,0.8092307692307692,0.02538461538461536,0.0
M1,10,PhysionetMI,24,0.7863636363636364,0.7628787878787879,-0.023484848484848497,0.0037878787878787845
M1,10,PhysionetMI,25,0.5954545454545455,0.5234848484848484,-0.07196969696969698,-0.045454545454545525
M1,10,PhysionetMI,26,0.6407692307692308,0.61,-0.03076923076923078,0.014615384615384586
M1,10,PhysionetMI,27,0.8696969696969697,0.8424242424242424,-0.027272727272727237,0.00757575757575768
M1,10,PhysionetMI,28,0.7984848484848485,0.8712121212121211,0.07272727272727268,0.037878787878787734
M1,10,PhysionetMI,29,0.7386363636363636,0.8128787878787879,0.07424242424242425,0.05833333333333335
M1,10,PhysionetMI,30,0.8583333333333334,0.8916666666666668,0.03333333333333332,0.008333333333333415
M1,10,PhysionetMI,31,0.7416666666666667,0.7386363636363636,-0.0030303030303031006,-0.00303030303030305
M1,10,PhysionetMI,32,0.9323076923076924,0.9123076923076923,-0.01999999999999998,-0.017692307692307785
M1,10,PhysionetMI,33,0.9295454545454545,0.9462121212121213,0.01666666666666666,0.025000000000000022
M1,10,PhysionetMI,34,0.8215384615384614,0.8415384615384616,0.019999999999999997,0.02230769230769236
M1,10,PhysionetMI,35,0.8143939393939394,0.8234848484848485,0.00909090909090908,0.027272727272727337
M1,10,PhysionetMI,36,0.9113636363636364,0.8681818181818182,-0.04318181818181814,-0.006818181818181834
M1,10,PhysionetMI,37,0.6795454545454545,0.7303030303030302,0.05075757575757574,0.09166666666666656
M1,10,PhysionetMI,38,0.49469696969696975,0.5356060606060605,0.040909090909090874,0.014393939393939292
M1,10,PhysionetMI,39,0.7454545454545455,0.6765151515151515,-0.06893939393939388,-0.06742424242424239
M1,10,PhysionetMI,40,0.9818181818181818,0.9242424242424242,-0.05757575757575756,-0.06666666666666676
M1,10,PhysionetMI,41,0.9692307692307693,0.9669230769230769,-0.0023076923076922997,-0.01000000000000012
M1,10,PhysionetMI,42,0.8916666666666668,0.9318181818181819,0.04015151515151509,0.04015151515151505
M1,10,PhysionetMI,43,0.8212121212121211,0.8454545454545455,0.02424242424242424,0.007575757575757569
M1,10,PhysionetMI,44,0.8606060606060606,0.8969696969696971,0.03636363636363634,0.008333333333333415
M1,10,PhysionetMI,45,0.7984848484848485,0.8030303030303031,0.00454545454545458,-0.020454545454545392
M1,10,PhysionetMI,46,0.7424242424242424,0.7962121212121213,0.05378787878787876,0.03560606060606064
M1,10,PhysionetMI,47,0.7348484848484849,0.7484848484848485,0.013636363636363679,-0.007575757575757569
M1,10,PhysionetMI,48,0.990909090909091,1.0,0.00909090909090908,0.0
M1,10,PhysionetMI,49,0.7628787878787879,0.7553030303030303,-0.007575757575757599,-0.03333333333333344
M1,10,PhysionetMI,50,0.7803030303030303,0.8568181818181818,0.07651515151515151,0.06818181818181823
M1,10,PhysionetMI,51,0.8242424242424242,0.7553030303030303,-0.0689393939393939,-0.11136363636363655
M1,10,PhysionetMI,52,0.8661538461538463,0.8915384615384616,0.02538461538461536,0.005384615384615432
M1,10,PhysionetMI,53,0.9015151515151516,0.9098484848484849,0.00833333333333336,0.018181818181818077
M1,10,PhysionetMI,54,0.8909090909090909,0.8977272727272727,0.0068181818181818205,0.03257575757575748
M1,10,PhysionetMI,55,0.8462121212121213,0.8871212121212121,0.04090909090909085,0.025000000000000022
M1,10,PhysionetMI,56,0.8356060606060606,0.8431818181818181,0.00757575757575762,0.0007575757575757347
M1,10,PhysionetMI,57,0.949242424242424,0.9409090909090908,-0.0083333333333333,-0.025757575757575646
M1,10,PhysionetMI,58,0.8161538461538462,0.8484615384615385,0.032307692307692294,0.050000000000000044
M1,10,PhysionetMI,59,0.6659090909090909,0.6969696969696969,0.03106060606060602,0.031818181818181746
M1,10,PhysionetMI,60,0.8884615384615385,0.8738461538461539,-0.01461538461538458,0.023076923076923217
M1,10,PhysionetMI,61,0.9545454545454547,0.9545454545454547,0.0,0.0
M1,10,PhysionetMI,62,0.9583333333333333,0.95,-0.0083333333333333,0.008333333333333304
M1,10,PhysionetMI,63,0.7287878787878788,0.7916666666666667,0.06287878787878787,0.0015151515151514694
M1,10,PhysionetMI,64,0.7621212121212122,0.7954545454545455,0.033333333333333236,0.04166666666666674
M1,10,PhysionetMI,65,0.9242424242424242,0.9409090909090908,0.0166666666666666,0.01590909090909065
M1,10,PhysionetMI,66,0.7704545454545455,0.793939393939394,0.0234848484848485,0.024242424242424176
M1,10,PhysionetMI,67,0.7916666666666666,0.8045454545454545,0.012878787878787878,0.05606060606060592
M1,10,PhysionetMI,68,0.6727272727272727,0.6901515151515152,0.01742424242424238,-0.00909090909090915
M1,10,PhysionetMI,69,0.8284615384615386,0.8461538461538461,0.01769230769230768,-0.005384615384615432
M1,10,PhysionetMI,70,0.9659090909090908,0.9499999999999998,-0.0159090909090909,-0.03257575757575781
M1,10,PhysionetMI,71,0.9143939393939393,0.8810606060606061,-0.03333333333333326,0.0
M1,10,PhysionetMI,72,1.0,0.9818181818181818,-0.01818181818181816,0.0
M1,10,PhysionetMI,73,0.7568181818181818,0.7439393939393939,-0.012878787878787901,-0.015151515151515249
M1,10,PhysionetMI,74,0.7575757575757576,0.7553030303030303,-0.0022727272727273195,-0.027272727272727337
M1,10,PhysionetMI,75,0.6606060606060606,0.6977272727272728,0.03712121212121206,0.0007575757575757347
M1,10,PhysionetMI,76,0.5515151515151515,0.5371212121212121,-0.01439393939393932,-0.03181818181818186
M1,10,PhysionetMI,77,0.6037878787878788,0.6484848484848484,0.04469696969696968,0.027272727272727226
M1,10,PhysionetMI,78,0.5621212121212121,0.55,-0.012121212121212102,0.023484848484848553
M1,10,PhysionetMI,79,0.7515151515151516,0.7522727272727272,0.0007575757575757402,0.0015151515151514694
M1,10,PhysionetMI,80,0.7907692307692308,0.8423076923076923,0.0515384615384615,0.0461538461538461
M1,10,PhysionetMI,81,0.8704545454545455,0.8636363636363636,-0.0068181818181818395,-0.008333333333333415
M1,10,PhysionetMI,82,0.8113636363636363,0.8621212121212121,0.050757575757575724,0.016666666666666607
M1,10,PhysionetMI,83,0.7215384615384616,0.7223076923076923,0.0007692307692307804,-0.011538461538461608
M1,10,PhysionetMI,84,0.8825757575757576,0.8401515151515152,-0.0424242424242424,-0.0060606060606061
M1,10,PhysionetMI,85,0.8878787878787879,0.8575757575757577,-0.030303030303030342,-0.030303030303030276
M1,10,PhysionetMI,86,0.9846153846153847,0.976923076923077,-0.007692307692307681,0.0
M1,10,PhysionetMI,87,0.6386363636363636,0.6204545454545455,-0.018181818181818115,-0.027272727272727226
M1,10,PhysionetMI,90,0.8727272727272727,0.8825757575757576,0.00984848484848486,0.00909090909090915
M1,10,PhysionetMI,91,0.9166666666666666,0.9,-0.016666666666666656,0.0
M1,10,PhysionetMI,93,0.7886363636363637,0.7795454545454545,-0.009090909090909061,-0.03409090909090917
M1,10,PhysionetMI,94,0.7954545454545455,0.7954545454545455,0.0,0.018181818181818188
M1,10,PhysionetMI,95,0.6515384615384615,0.6361538461538462,-0.015384615384615403,0.024615384615384706
M1,10,PhysionetMI,96,0.8583333333333332,0.8742424242424243,0.01590909090909096,0.00757575757575768
M1,10,PhysionetMI,97,0.7696969696969697,0.7863636363636364,0.01666666666666668,-0.0007575757575757347
M1,10,PhysionetMI,98,0.4621212121212121,0.4598484848484848,-0.0022727272727272796,0.0075757575757575135
M1,10,PhysionetMI,99,0.6151515151515151,0.6181818181818182,0.0030303030303030403,-0.021212121212121238
M1,10,PhysionetMI,101,0.8976923076923077,0.9184615384615386,0.02076923076923078,0.023076923076923106
M1,10,PhysionetMI,102,0.7416666666666667,0.7916666666666667,0.04999999999999994,0.029545454545454652
M1,10,PhysionetMI,103,0.8575757575757577,0.8325757575757576,-0.025000000000000022,-0.034848484848484795
M1,10,PhysionetMI,105,0.9068181818181819,0.890909090909091,-0.015909090909090838,0.0
M1,10,PhysionetMI,107,0.5553030303030303,0.5401515151515152,-0.015151515151515142,0.0015151515151515804
M1,10,PhysionetMI,108,0.8537878787878788,0.8462121212121213,-0.00757575757575756,0.0
M1,10,PhysionetMI,109,0.6537878787878788,0.7106060606060606,0.05681818181818178,-0.0121212121212122
M1,20,Cho2017,1,0.642,0.628,-0.013999999999999938,0.010000000000000009
M1,20,Cho2017,2,0.524,0.5439999999999999,0.01999999999999994,-1.1102230246251565e-16
M1,20,Cho2017,3,0.6719999999999999,0.834,0.16199999999999998,0.08199999999999996
M1,20,Cho2017,4,0.64,0.6719999999999999,0.03199999999999992,0.08399999999999996
M1,20,Cho2017,5,1.0,1.0,0.0,0.0020000000000000018
M1,20,Cho2017,6,0.8140000000000001,0.8099999999999999,-0.004000000000000001,0.005999999999999894
M1,20,Cho2017,7,0.5033333333333333,0.5349999999999999,0.03166666666666666,-0.0016666666666667052
M1,20,Cho2017,8,0.54,0.554,0.014000000000000021,0.020000000000000018
M1,20,Cho2017,9,0.5433333333333333,0.615,0.07166666666666661,0.023333333333333428
M1,20,Cho2017,10,0.5820000000000001,0.5720000000000001,-0.00999999999999994,0.016000000000000014
M1,20,Cho2017,11,0.604,0.61,0.006,0.0
M1,20,Cho2017,12,0.514,0.56,0.04599999999999998,-0.0040000000000000036
M1,20,Cho2017,13,0.8460000000000001,0.942,0.09599999999999993,0.03200000000000003
M1,20,Cho2017,14,0.7220000000000001,0.8300000000000001,0.10799999999999998,0.012000000000000122
M1,20,Cho2017,15,0.52,0.5640000000000001,0.043999999999999984,0.0
M1,20,Cho2017,16,0.626,0.6579999999999999,0.03199999999999992,0.04600000000000004
M1,20,Cho2017,17,0.55,0.564,0.013999999999999957,0.03799999999999992
M1,20,Cho2017,18,0.6140000000000001,0.626,0.011999999999999938,0.008000000000000007
M1,20,Cho2017,19,0.522,0.534,0.011999999999999981,-0.0020000000000000018
M1,20,Cho2017,20,0.5660000000000001,0.626,0.05999999999999992,0.06999999999999995
M1,20,Cho2017,21,0.546,0.612,0.06599999999999993,0.028000000000000025
M1,20,Cho2017,22,0.592,0.616,0.02399999999999994,0.01200000000000001
M1,20,Cho2017,23,0.562,0.5900000000000001,0.028000000000000004,0.0
M1,20,Cho2017,24,0.49399999999999994,0.534,0.03999999999999998,0.014000000000000012
M1,20,Cho2017,25,0.554,0.5820000000000001,0.02799999999999996,0.0
M1,20,Cho2017,26,0.99,0.99,0.0,0.0
M1,20,Cho2017,27,0.5660000000000001,0.592,0.02599999999999996,0.03200000000000003
M1,20,Cho2017,28,0.5820000000000001,0.6719999999999999,0.08999999999999993,0.09599999999999997
M1,20,Cho2017,29,0.502,0.48200000000000004,-0.02000000000000004,-0.021999999999999964
M1,20,Cho2017,30,0.638,0.642,0.003999999999999981,0.040000000000000036
M1,20,Cho2017,31,0.548,0.594,0.045999999999999965,0.06999999999999995
M1,20,Cho2017,32,0.534,0.532,-0.0019999999999999775,-0.008000000000000007
M1,20,Cho2017,33,0.5860000000000001,0.554,-0.03199999999999996,0.020000000000000018
M1,20,Cho2017,34,0.548,0.5680000000000001,0.02000000000000002,1.1102230246251565e-16
M1,20,Cho2017,35,0.396,0.44000000000000006,0.043999999999999984,-0.0019999999999999463
M1,20,Cho2017,36,0.534,0.5980000000000001,0.06399999999999997,0.020000000000000018
M1,20,Cho2017,37,0.874,0.8600000000000001,-0.01399999999999996,1.1102230246251565e-16
M1,20,Cho2017,38,0.5780000000000001,0.5940000000000001,0.01599999999999998,0.006000000000000005
M1,20,Cho2017,39,0.528,0.56,0.03200000000000004,0.018000000000000016
M1,20,Cho2017,40,0.528,0.508,-0.02,0.020000000000000018
M1,20,Cho2017,41,0.616,0.6599999999999999,0.04399999999999994,-0.008000000000000007
M1,20,Cho2017,42,0.542,0.5599999999999999,0.01799999999999992,0.013999999999999901
M1,20,Cho2017,43,1.0,1.0,0.0,0.0
M1,20,Cho2017,44,0.9359999999999999,0.952,0.016,0.0119999999999999
M1,20,Cho2017,45,0.538,0.556,0.01799999999999996,-0.015999999999999903
M1,20,Cho2017,46,0.5483333333333333,0.5883333333333334,0.03999999999999998,0.03166666666666673
M1,20,Cho2017,47,0.8380000000000001,0.8560000000000001,0.018,0.02400000000000002
M1,20,Cho2017,48,0.662,0.692,0.02999999999999996,0.005999999999999894
M1,20,Cho2017,49,0.994,1.0,0.006,0.0020000000000000018
M1,20,Cho2017,50,0.95,0.99,0.03999999999999998,0.006000000000000005
M1,20,Cho2017,51,0.56,0.6719999999999999,0.11199999999999992,0.07999999999999996
M1,20,Cho2017,52,0.604,0.6779999999999999,0.0739999999999999,0.08199999999999996
M1,20,Dreyer2023,1,0.8850000000000001,0.9116666666666667,0.026666666666666616,0.0016666666666668162
M1,20,Dreyer2023,2,0.6833333333333333,0.6633333333333333,-0.01999999999999996,-0.011666666666666714
M1,20,Dreyer2023,3,0.8183333333333334,0.8316666666666667,0.013333333333333319,-0.0050000000000000044
M1,20,Dreyer2023,5,0.8766666666666667,0.9033333333333333,0.026666666666666623,0.008333333333333415
M1,20,Dreyer2023,6,0.7716666666666667,0.8133333333333332,0.04166666666666668,0.008333333333333193
M1,20,Dreyer2023,7,0.9766666666666666,0.9683333333333334,-0.008333333333333321,2.220446049250313e-16
M1,20,Dreyer2023,8,0.8266666666666665,0.8683333333333334,0.041666666666666664,0.011666666666666714
M1,20,Dreyer2023,10,0.9116666666666667,0.9333333333333333,0.02166666666666666,0.006666666666666599
M1,20,Dreyer2023,11,0.6316666666666666,0.67,0.038333333333333296,0.036666666666666625
M1,20,Dreyer2023,12,0.8949999999999999,0.925,0.029999999999999936,-0.006666666666666599
M1,20,Dreyer2023,13,0.7566666666666666,0.7316666666666667,-0.02499999999999996,-0.020000000000000018
M1,20,Dreyer2023,14,0.6916666666666667,0.72,0.02833333333333332,0.018333333333333313
M1,20,Dreyer2023,15,0.9266666666666665,0.9366666666666668,0.01,0.015000000000000235
M1,20,Dreyer2023,16,0.8266666666666668,0.8566666666666667,0.03,0.023333333333333428
M1,20,Dreyer2023,18,0.9066666666666666,0.9466666666666667,0.03999999999999994,0.0033333333333332993
M1,20,Dreyer2023,19,0.8949999999999999,0.9233333333333332,0.02833333333333332,0.014999999999999791
M1,20,Dreyer2023,20,0.8966666666666667,0.9266666666666665,0.02999999999999996,0.0066666666666663765
M1,20,Dreyer2023,21,0.9116666666666665,0.9366666666666668,0.02499999999999998,0.00666666666666671
M1,20,Dreyer2023,22,0.9283333333333333,0.8633333333333333,-0.06499999999999996,-0.050000000000000044
M1,20,Dreyer2023,23,0.7366666666666667,0.8,0.0633333333333333,0.018333333333333424
M1,20,Dreyer2023,24,0.9399999999999998,0.9650000000000001,0.02499999999999994,-0.0033333333333332993
M1,20,Dreyer2023,25,0.67,0.7066666666666667,0.036666666666666604,-0.0016666666666665941
M1,20,Dreyer2023,26,0.7783333333333333,0.8416666666666666,0.06333333333333328,0.019999999999999907
M1,20,Dreyer2023,27,0.8066666666666666,0.8116666666666668,0.00499999999999998,0.00666666666666671
M1,20,Dreyer2023,28,0.7716666666666667,0.7416666666666666,-0.02999999999999996,-0.050000000000000044
M1,20,Dreyer2023,30,0.7116666666666667,0.75,0.038333333333333275,0.018333333333333313
M1,20,Dreyer2023,31,0.8733333333333333,0.9183333333333333,0.044999999999999984,0.006666666666666599
M1,20,Dreyer2023,32,0.845,0.9083333333333334,0.06333333333333324,0.01333333333333353
M1,20,Dreyer2023,33,0.795,0.7533333333333333,-0.041666666666666644,-0.026666666666666727
M1,20,Dreyer2023,34,0.7933333333333333,0.8416666666666666,0.04833333333333326,-0.010000000000000009
M1,20,Dreyer2023,35,0.7499999999999999,0.7849999999999999,0.034999999999999996,-0.0016666666666668162
M1,20,Dreyer2023,36,0.7983333333333332,0.825,0.02666666666666668,-0.018333333333333424
M1,20,Dreyer2023,37,0.735,0.7333333333333333,-0.0016666666666666594,0.033333333333333326
M1,20,Dreyer2023,38,0.8533333333333333,0.8883333333333333,0.03499999999999992,0.016666666666666607
M1,20,Dreyer2023,39,0.9183333333333333,0.9416666666666667,0.02333333333333334,-0.008333333333333193
M1,20,Dreyer2023,40,0.8534482758620691,0.8741379310344828,0.0206896551724138,0.008620689655172487
M1,20,Dreyer2023,42,0.74,0.8099999999999999,0.06999999999999992,0.011666666666666603
M1,20,Dreyer2023,43,0.8816666666666666,0.8966666666666667,0.014999999999999958,-0.0016666666666667052
M1,20,Dreyer2023,44,0.6466666666666667,0.6833333333333333,0.03666666666666662,0.0033333333333334103
M1,20,Dreyer2023,45,0.7466666666666667,0.8233333333333335,0.07666666666666666,0.008333333333333415
M1,20,Dreyer2023,46,0.7366666666666667,0.7716666666666667,0.034999999999999996,0.0
M1,20,Dreyer2023,47,0.8949999999999999,0.9016666666666666,0.00666666666666664,0.0033333333333334103
M1,20,Dreyer2023,48,0.6683333333333333,0.6733333333333333,0.00500000000000002,0.0033333333333334103
M1,20,Dreyer2023,49,0.7833333333333333,0.8116666666666668,0.028333333333333342,-0.009999999999999898
M1,20,Dreyer2023,50,0.6166666666666666,0.635,0.01833333333333334,0.015000000000000013
M1,20,Dreyer2023,51,0.7466666666666667,0.775,0.02833333333333332,0.010000000000000009
M1,20,Dreyer2023,52,0.7966666666666666,0.8133333333333332,0.01666666666666662,-0.018333333333333424
M1,20,Dreyer2023,53,0.7866666666666667,0.8333333333333333,0.0466666666666666,0.0
M1,20,Dreyer2023,54,0.7016666666666667,0.7433333333333334,0.04166666666666668,0.016666666666666607
M1,20,Dreyer2023,55,0.9366666666666668,0.93,-0.00666666666666668,-0.004999999999999893
M1,20,Dreyer2023,56,0.9200000000000002,0.9333333333333333,0.0133333333333333,-0.0016666666666664831
M1,20,Dreyer2023,57,0.635,0.6983333333333334,0.06333333333333327,0.043333333333333335
M1,20,Dreyer2023,58,0.9233333333333332,0.9583333333333333,0.03499999999999996,0.004999999999999893
M1,20,Dreyer2023,59,0.78,0.775,-0.005000000000000041,-0.040000000000000036
M1,20,Dreyer2023,60,0.8066666666666666,0.8583333333333334,0.05166666666666666,0.010000000000000009
M1,20,Dreyer2023,61,0.8633333333333333,0.8483333333333334,-0.015,-0.050000000000000044
M1,20,Dreyer2023,62,0.7416666666666667,0.7533333333333333,0.01166666666666662,-0.04166666666666674
M1,20,Dreyer2023,63,0.8133333333333332,0.8483333333333334,0.03499999999999998,0.0016666666666667052
M1,20,Dreyer2023,64,0.765,0.8116666666666668,0.046666666666666676,0.053333333333333455
M1,20,Dreyer2023,65,0.835,0.8533333333333333,0.01833333333333332,-0.0016666666666668162
M1,20,Dreyer2023,66,0.7583333333333334,0.7150000000000001,-0.04333333333333332,-0.009999999999999898
M1,20,Dreyer2023,67,0.7916666666666666,0.8116666666666668,0.02,0.0
M1,20,Dreyer2023,68,0.7383333333333334,0.7583333333333334,0.01999999999999998,0.025000000000000022
M1,20,Dreyer2023,69,0.8516666666666666,0.8466666666666667,-0.005000000000000041,0.025000000000000022
M1,20,Dreyer2023,70,0.6716666666666666,0.6699999999999999,-0.0016666666666667398,-0.0033333333333334103
M1,20,Dreyer2023,71,0.8550000000000001,0.8316666666666667,-0.02333333333333332,-0.0016666666666667052
M1,20,Dreyer2023,72,0.8099999999999999,0.8466666666666667,0.03666666666666664,0.018333333333333313
M1,20,Dreyer2023,73,0.7466666666666667,0.8083333333333332,0.061666666666666606,0.039999999999999925
M1,20,Dreyer2023,74,0.735,0.74,0.00500000000000002,-0.011666666666666714
M1,20,Dreyer2023,75,0.7583333333333334,0.7849999999999999,0.026666666666666637,0.008333333333333193
M1,20,Dreyer2023,76,0.8216666666666667,0.8616666666666667,0.04,0.01000000000000012
M1,20,Dreyer2023,77,0.8233333333333333,0.8366666666666667,0.013333333333333341,-0.013333333333333308
M1,20,Dreyer2023,80,0.7116666666666667,0.7716666666666667,0.05999999999999996,0.0050000000000000044
M1,20,Dreyer2023,81,0.8299999999999998,0.8633333333333333,0.0333333333333333,0.0016666666666665941
M1,20,Dreyer2023,82,0.795,0.8333333333333334,0.038333333333333316,0.056666666666666754
M1,20,Dreyer2023,83,0.6883333333333334,0.6583333333333334,-0.02999999999999996,-0.011666666666666492
M1,20,Dreyer2023,84,0.8333333333333334,0.86,0.02666666666666666,0.004999999999999893
M1,20,Dreyer2023,85,0.735,0.7733333333333333,0.03833333333333328,0.0050000000000000044
M1,20,Dreyer2023,86,0.8383333333333333,0.8550000000000001,0.01666666666666666,0.011666666666666714
M1,20,Dreyer2023,87,0.7833333333333334,0.7683333333333333,-0.015000000000000019,-0.020000000000000018
M1,20,PhysionetMI,1,0.8356060606060606,0.8363636363636363,0.00075757575757574,-0.008333333333333415
M1,20,PhysionetMI,2,0.8946153846153846,0.9099999999999999,0.01538461538461534,0.0
M1,20,PhysionetMI,3,0.9484848484848485,0.9643939393939395,0.01590909090909092,-0.009848484848484773
M1,20,PhysionetMI,4,0.9196969696969697,0.918939393939394,-0.0007575757575757402,0.018181818181818188
M1,20,PhysionetMI,5,0.7204545454545455,0.681060606060606,-0.039393939393939335,-0.03863636363636369
M1,20,PhysionetMI,6,0.8825757575757576,0.9045454545454545,0.02196969696969698,0.014393939393939292
M1,20,PhysionetMI,7,0.9825757575757577,0.9825757575757574,0.0,0.0
M1,20,PhysionetMI,8,0.8325757575757574,0.8196969696969697,-0.012878787878787799,-0.020454545454545392
M1,20,PhysionetMI,9,0.9076923076923077,0.9030769230769231,-0.004615384615384582,-0.004615384615384688
M1,20,PhysionetMI,10,0.7276923076923077,0.7353846153846154,0.00769230769230766,-0.010769230769230753
M1,20,PhysionetMI,11,0.725,0.6901515151515152,-0.0348484848484848,-0.02651515151515138
M1,20,PhysionetMI,12,0.8643939393939395,0.8636363636363636,-0.0007575757575757596,-0.0015151515151515804
M1,20,PhysionetMI,13,0.803030303030303,0.818939393939394,0.01590909090909092,0.0818181818181819
M1,20,PhysionetMI,14,0.7734848484848486,0.859848484848485,0.08636363636363635,0.06969696969696981
M1,20,PhysionetMI,15,0.9284615384615386,0.9669230769230769,0.03846153846153844,0.023076923076922995
M1,20,PhysionetMI,16,0.6053030303030302,0.6992424242424242,0.09393939393939396,0.021969696969696972
M1,20,PhysionetMI,17,0.803030303030303,0.8492424242424242,0.04621212121212126,0.045454545454545525
M1,20,PhysionetMI,18,1.0,1.0,0.0,0.0
M1,20,PhysionetMI,19,0.9106060606060605,0.8954545454545455,-0.01515151515151516,-0.008333333333333193
M1,20,PhysionetMI,20,0.9045454545454547,0.9568181818181818,0.052272727272727214,0.07121212121212128
M1,20,PhysionetMI,21,0.759090909090909,0.7643939393939394,0.00530303030303038,-0.0121212121212122
M1,20,PhysionetMI,22,0.9636363636363636,0.9545454545454547,-0.00909090909090908,0.0
M1,20,PhysionetMI,23,0.7838461538461539,0.8115384615384615,0.027692307692307662,0.002307692307692344
M1,20,PhysionetMI,24,0.7863636363636364,0.8113636363636363,0.02499999999999998,0.05227272727272714
M1,20,PhysionetMI,25,0.5954545454545455,0.5204545454545455,-0.0749999999999999,-0.048484848484848464
M1,20,PhysionetMI,26,0.6407692307692308,0.6438461538461538,0.003076923076923041,0.048461538461538445
M1,20,PhysionetMI,27,0.8696969696969697,0.8356060606060606,-0.03409090909090906,0.0007575757575758457
M1,20,PhysionetMI,28,0.7984848484848485,0.8719696969696971,0.07348484848484849,0.03863636363636369
M1,20,PhysionetMI,29,0.7386363636363636,0.7954545454545455,0.05681818181818182,0.040909090909091006
M1,20,PhysionetMI,30,0.8583333333333334,0.9007575757575758,0.04242424242424242,0.017424242424242342
M1,20,PhysionetMI,31,0.7416666666666667,0.7257575757575758,-0.015909090909090918,-0.015909090909090873
M1,20,PhysionetMI,32,0.9323076923076924,0.9223076923076923,-0.01,-0.007692307692307776
M1,20,PhysionetMI,33,0.9295454545454545,0.9462121212121213,0.01666666666666666,0.025000000000000022
M1,20,PhysionetMI,34,0.8215384615384614,0.8569230769230769,0.035384615384615375,0.03769230769230769
M1,20,PhysionetMI,35,0.8143939393939394,0.8151515151515152,0.0007575757575757596,0.018939393939394034
M1,20,PhysionetMI,36,0.9113636363636364,0.9136363636363637,0.002272727272727279,0.03863636363636369
M1,20,PhysionetMI,37,0.6795454545454545,0.7787878787878788,0.0992424242424242,0.14015151515151514
M1,20,PhysionetMI,38,0.49469696969696975,0.5189393939393939,0.02424242424242424,-0.002272727272727315
M1,20,PhysionetMI,39,0.7454545454545455,0.7348484848484849,-0.01060606060606058,-0.009090909090909038
M1,20,PhysionetMI,40,0.9818181818181818,0.9825757575757574,0.0007575757575757201,-0.008333333333333526
M1,20,PhysionetMI,41,0.9692307692307693,0.9692307692307693,0.0,-0.007692307692307665
M1,20,PhysionetMI,42,0.8916666666666668,0.9250000000000002,0.03333333333333334,0.033333333333333326
M1,20,PhysionetMI,43,0.8212121212121211,0.8537878787878788,0.03257575757575758,0.015909090909090873
M1,20,PhysionetMI,44,0.8606060606060606,0.8681818181818182,0.00757575757575756,-0.020454545454545503
M1,20,PhysionetMI,45,0.7984848484848485,0.8030303030303031,0.004545454545454561,-0.020454545454545392
M1,20,PhysionetMI,46,0.7424242424242424,0.7356060606060606,-0.006818181818181839,-0.025000000000000022
M1,20,PhysionetMI,47,0.7348484848484849,0.7757575757575758,0.040909090909090916,0.019696969696969657
M1,20,PhysionetMI,48,0.990909090909091,1.0,0.00909090909090908,0.0
M1,20,PhysionetMI,49,0.7628787878787879,0.7795454545454545,0.0166666666666666,-0.00909090909090915
M1,20,PhysionetMI,50,0.7803030303030303,0.8568181818181818,0.07651515151515151,0.06818181818181823
M1,20,PhysionetMI,51,0.8242424242424242,0.8939393939393939,0.06969696969696967,0.027272727272727115
M1,20,PhysionetMI,52,0.8661538461538463,0.9015384615384615,0.035384615384615334,0.01538461538461533
M1,20,PhysionetMI,53,0.9015151515151516,0.9477272727272726,0.046212121212121135,0.05606060606060581
M1,20,PhysionetMI,54,0.8909090909090909,0.8893939393939394,-0.0015151515151515,0.024242424242424176
M1,20,PhysionetMI,55,0.8462121212121213,0.8696969696969697,0.02348484848484844,0.00757575757575768
M1,20,PhysionetMI,56,0.8356060606060606,0.8689393939393939,0.03333333333333336,0.02651515151515149
M1,20,PhysionetMI,57,0.949242424242424,0.9583333333333333,0.00909090909090908,-0.008333333333333193
M1,20,PhysionetMI,58,0.8161538461538462,0.8284615384615386,0.01230769230769226,0.030000000000000138
M1,20,PhysionetMI,59,0.6659090909090909,0.7075757575757575,0.041666666666666616,0.042424242424242364
M1,20,PhysionetMI,60,0.8884615384615385,0.8738461538461539,-0.014615384615384603,0.023076923076923217
M1,20,PhysionetMI,61,0.9545454545454547,0.9545454545454547,0.0,0.0
M1,20,PhysionetMI,62,0.9583333333333333,0.9416666666666667,-0.016666666666666642,0.0
M1,20,PhysionetMI,63,0.7287878787878788,0.8015151515151515,0.07272727272727272,0.011363636363636243
M1,20,PhysionetMI,64,0.7621212121212122,0.7878787878787878,0.025757575757575656,0.03409090909090906
M1,20,PhysionetMI,65,0.9242424242424242,0.9333333333333333,0.00909090909090906,0.008333333333333193
M1,20,PhysionetMI,66,0.7704545454545455,0.7545454545454545,-0.01590909090909092,-0.015151515151515249
M1,20,PhysionetMI,67,0.7916666666666666,0.8128787878787879,0.021212121212121238,0.06439393939393934
M1,20,PhysionetMI,68,0.6727272727272727,0.6734848484848486,0.0007575757575757402,-0.025757575757575757
M1,20,PhysionetMI,69,0.8284615384615386,0.8461538461538461,0.01769230769230766,-0.005384615384615432
M1,20,PhysionetMI,70,0.9659090909090908,0.9499999999999998,-0.0159090909090909,-0.03257575757575781
M1,20,PhysionetMI,71,0.9143939393939393,0.8893939393939394,-0.02499999999999994,0.008333333333333304
M1,20,PhysionetMI,72,1.0,0.9818181818181818,-0.01818181818181816,0.0
M1,20,PhysionetMI,73,0.7568181818181818,0.7757575757575758,0.01893939393939394,0.016666666666666607
M1,20,PhysionetMI,74,0.7575757575757576,0.7712121212121212,0.01363636363636358,-0.011363636363636354
M1,20,PhysionetMI,75,0.6606060606060606,0.6621212121212121,0.0015151515151514401,-0.034848484848484906
M1,20,PhysionetMI,76,0.5515151515151515,0.5393939393939394,-0.012121212121212059,-0.02954545454545454
M1,20,PhysionetMI,77,0.6037878787878788,0.6401515151515151,0.03636363636363636,0.018939393939393923
M1,20,PhysionetMI,78,0.5621212121212121,0.5280303030303031,-0.0340909090909091,0.0015151515151515804
M1,20,PhysionetMI,79,0.7515151515151516,0.7431818181818182,-0.00833333333333334,-0.007575757575757569
M1,20,PhysionetMI,80,0.7907692307692308,0.8569230769230769,0.06615384615384615,0.06076923076923069
M1,20,PhysionetMI,81,0.8704545454545455,0.8810606060606062,0.0106060606060606,0.00909090909090915
M1,20,PhysionetMI,82,0.8113636363636363,0.8946969696969698,0.08333333333333329,0.04924242424242431
M1,20,PhysionetMI,83,0.7215384615384616,0.7269230769230769,0.00538461538461534,-0.006923076923077032
M1,20,PhysionetMI,84,0.8825757575757576,0.8765151515151516,-0.006060606060606039,0.030303030303030276
M1,20,PhysionetMI,85,0.8878787878787879,0.9151515151515153,0.02727272727272722,0.027272727272727337
M1,20,PhysionetMI,86,0.9846153846153847,0.9846153846153847,0.0,0.007692307692307665
M1,20,PhysionetMI,87,0.6386363636363636,0.6310606060606061,-0.007575757575757479,-0.016666666666666607
M1,20,PhysionetMI,90,0.8727272727272727,0.8916666666666668,0.018939393939393957,0.01818181818181841
M1,20,PhysionetMI,91,0.9166666666666666,0.8416666666666666,-0.07499999999999998,-0.05833333333333346
M1,20,PhysionetMI,93,0.7886363636363637,0.7787878787878788,-0.009848484848484843,-0.034848484848484906
M1,20,PhysionetMI,94,0.7954545454545455,0.793939393939394,-0.0015151515151515,0.016666666666666607
M1,20,PhysionetMI,95,0.6515384615384615,0.6338461538461538,-0.01769230769230774,0.02230769230769236
M1,20,PhysionetMI,96,0.8583333333333332,0.875,0.01666666666666668,0.008333333333333415
M1,20,PhysionetMI,97,0.7696969696969697,0.8098484848484849,0.0401515151515152,0.022727272727272818
M1,20,PhysionetMI,98,0.4621212121212121,0.45303030303030295,-0.00909090909090908,0.0007575757575756792
M1,20,PhysionetMI,99,0.6151515151515151,0.628030303030303,0.012878787878787861,-0.011363636363636354
M1,20,PhysionetMI,101,0.8976923076923077,0.9107692307692309,0.0130769230769231,0.015384615384615441
M1,20,PhysionetMI,102,0.7416666666666667,0.7818181818181819,0.04015151515151508,0.01969696969696977
M1,20,PhysionetMI,103,0.8575757575757577,0.8416666666666668,-0.01590909090909092,-0.025757575757575646
M1,20,PhysionetMI,105,0.9068181818181819,0.8992424242424244,-0.0075757575757575205,0.008333333333333415
M1,20,PhysionetMI,107,0.5553030303030303,0.5393939393939393,-0.0159090909090909,0.0007575757575757347
M1,20,PhysionetMI,108,0.8537878787878788,0.8795454545454545,0.025757575757575778,0.033333333333333215
M1,20,PhysionetMI,109,0.6537878787878788,0.7401515151515152,0.08636363636363639,0.017424242424242453
M1,40,Cho2017,1,0.642,0.618,-0.023999999999999938,0.0
M1,40,Cho2017,2,0.524,0.54,0.016,-0.0040000000000000036
M1,40,Cho2017,3,0.6719999999999999,0.85,0.17799999999999996,0.09799999999999998
M1,40,Cho2017,4,0.64,0.6759999999999999,0.03599999999999996,0.08799999999999997
M1,40,Cho2017,5,1.0,1.0,0.0,0.0020000000000000018
M1,40,Cho2017,6,0.8140000000000001,0.8160000000000001,0.0019999999999999593,0.01200000000000001
M1,40,Cho2017,7,0.5033333333333333,0.5316666666666666,0.0283333333333333,-0.0050000000000000044
M1,40,Cho2017,8,0.54,0.544,0.0040000000000000235,0.010000000000000009
M1,40,Cho2017,9,0.5433333333333333,0.6016666666666667,0.058333333333333307,0.01000000000000012
M1,40,Cho2017,10,0.5820000000000001,0.5740000000000001,-0.00799999999999998,0.018000000000000016
M1,40,Cho2017,11,0.604,0.6220000000000001,0.018000000000000023,0.012000000000000122
M1,40,Cho2017,12,0.514,0.5680000000000001,0.054000000000000006,0.0040000000000000036
M1,40,Cho2017,13,0.8460000000000001,0.944,0.0979999999999999,0.03400000000000003
M1,40,Cho2017,14,0.7220000000000001,0.8320000000000001,0.10999999999999996,0.014000000000000123
M1,40,Cho2017,15,0.52,0.558,0.038,-0.006000000000000005
M1,40,Cho2017,16,0.626,0.6599999999999999,0.03399999999999994,0.04800000000000004
M1,40,Cho2017,17,0.55,0.584,0.03399999999999998,0.05799999999999994
M1,40,Cho2017,18,0.6140000000000001,0.64,0.025999999999999978,0.02200000000000002
M1,40,Cho2017,19,0.522,0.548,0.026000000000000002,0.01200000000000001
M1,40,Cho2017,20,0.5660000000000001,0.608,0.04199999999999998,0.051999999999999935
M1,40,Cho2017,21,0.546,0.592,0.04599999999999994,0.008000000000000007
M1,40,Cho2017,22,0.592,0.6220000000000001,0.02999999999999998,0.018000000000000127
M1,40,Cho2017,23,0.562,0.5860000000000001,0.024,-0.0040000000000000036
M1,40,Cho2017,24,0.49399999999999994,0.538,0.044,0.018000000000000016
M1,40,Cho2017,25,0.554,0.5740000000000001,0.019999999999999983,-0.008000000000000007
M1,40,Cho2017,26,0.99,0.99,0.0,0.0
M1,40,Cho2017,27,0.5660000000000001,0.5720000000000001,0.005999999999999998,0.012000000000000122
M1,40,Cho2017,28,0.5820000000000001,0.636,0.05399999999999998,0.06000000000000005
M1,40,Cho2017,29,0.502,0.49800000000000005,-0.004000000000000022,-0.00599999999999995
M1,40,Cho2017,30,0.638,0.6839999999999999,0.045999999999999965,0.08199999999999996
M1,40,Cho2017,31,0.548,0.602,0.05399999999999996,0.07799999999999996
M1,40,Cho2017,32,0.534,0.54,0.006000000000000021,0.0
M1,40,Cho2017,33,0.5860000000000001,0.562,-0.02399999999999996,0.028000000000000025
M1,40,Cho2017,34,0.548,0.546,-0.0019999999999999996,-0.02199999999999991
M1,40,Cho2017,35,0.396,0.41600000000000004,0.019999999999999983,-0.025999999999999968
M1,40,Cho2017,36,0.534,0.608,0.074,0.029999999999999916
M1,40,Cho2017,37,0.874,0.858,-0.015999999999999938,-0.0020000000000000018
M1,40,Cho2017,38,0.5780000000000001,0.5940000000000001,0.01599999999999998,0.006000000000000005
M1,40,Cho2017,39,0.528,0.526,-0.0019999999999999797,-0.016000000000000014
M1,40,Cho2017,40,0.528,0.488,-0.03999999999999998,0.0
M1,40,Cho2017,41,0.616,0.696,0.07999999999999992,0.028000000000000025
M1,40,Cho2017,42,0.542,0.55,0.008,0.0040000000000000036
M1,40,Cho2017,43,1.0,1.0,0.0,0.0
M1,40,Cho2017,44,0.9359999999999999,0.9460000000000001,0.01,0.006000000000000005
M1,40,Cho2017,45,0.538,0.562,0.02399999999999998,-0.009999999999999898
M1,40,Cho2017,46,0.5483333333333333,0.5966666666666667,0.0483333333333333,0.040000000000000036
M1,40,Cho2017,47,0.8380000000000001,0.866,0.028000000000000004,0.03399999999999992
M1,40,Cho2017,48,0.662,0.718,0.05599999999999994,0.03199999999999992
M1,40,Cho2017,49,0.994,1.0,0.006,0.0020000000000000018
M1,40,Cho2017,50,0.95,0.992,0.041999999999999975,0.008000000000000007
M1,40,Cho2017,51,0.56,0.6779999999999999,0.11799999999999991,0.08599999999999997
M1,40,Cho2017,52,0.604,0.6699999999999999,0.06599999999999992,0.07399999999999995
M1,40,Dreyer2023,1,0.8850000000000001,0.9133333333333333,0.0283333333333333,0.0033333333333334103
M1,40,Dreyer2023,2,0.6833333333333333,0.66,-0.02333333333333328,-0.015000000000000013
M1,40,Dreyer2023,3,0.8183333333333334,0.8283333333333334,0.009999999999999978,-0.008333333333333304
M1,40,Dreyer2023,5,0.8766666666666667,0.8983333333333334,0.02166666666666662,0.0033333333333335213
M1,40,Dreyer2023,6,0.7716666666666667,0.8133333333333332,0.041666666666666644,0.008333333333333193
M1,40,Dreyer2023,7,0.9766666666666666,0.9683333333333332,-0.00833333333333332,0.0
M1,40,Dreyer2023,8,0.8266666666666665,0.8699999999999999,0.04333333333333332,0.013333333333333197
M1,40,Dreyer2023,10,0.9116666666666667,0.9366666666666665,0.02499999999999996,0.009999999999999787
M1,40,Dreyer2023,11,0.6316666666666666,0.6533333333333333,0.02166666666666662,0.019999999999999907
M1,40,Dreyer2023,12,0.8949999999999999,0.925,0.02999999999999998,-0.006666666666666599
M1,40,Dreyer2023,13,0.7566666666666666,0.7516666666666667,-0.004999999999999981,0.0
M1,40,Dreyer2023,14,0.6916666666666667,0.7216666666666667,0.03,0.020000000000000018
M1,40,Dreyer2023,15,0.9266666666666665,0.9349999999999999,0.00833333333333334,0.01333333333333342
M1,40,Dreyer2023,16,0.8266666666666668,0.8533333333333333,0.026666666666666623,0.020000000000000018
M1,40,Dreyer2023,18,0.9066666666666666,0.9533333333333334,0.04666666666666662,0.010000000000000009
M1,40,Dreyer2023,19,0.8949999999999999,0.9399999999999998,0.044999999999999915,0.0316666666666664
M1,40,Dreyer2023,20,0.8966666666666667,0.9333333333333333,0.03666666666666664,0.013333333333333197
M1,40,Dreyer2023,21,0.9116666666666665,0.9399999999999998,0.0283333333333333,0.009999999999999787
M1,40,Dreyer2023,22,0.9283333333333333,0.8916666666666666,-0.03666666666666662,-0.021666666666666723
M1,40,Dreyer2023,23,0.7366666666666667,0.7716666666666667,0.03499999999999996,-0.009999999999999898
M1,40,Dreyer2023,24,0.9399999999999998,0.9700000000000001,0.02999999999999996,0.0016666666666667052
M1,40,Dreyer2023,25,0.67,0.7183333333333334,0.04833333333333328,0.01000000000000012
M1,40,Dreyer2023,26,0.7783333333333333,0.8516666666666668,0.07333333333333328,0.030000000000000138
M1,40,Dreyer2023,27,0.8066666666666666,0.8099999999999999,0.0033333333333333006,0.004999999999999893
M1,40,Dreyer2023,28,0.7716666666666667,0.8066666666666666,0.034999999999999996,0.015000000000000013
M1,40,Dreyer2023,30,0.7116666666666667,0.7516666666666667,0.039999999999999966,0.020000000000000018
M1,40,Dreyer2023,31,0.8733333333333333,0.9199999999999999,0.0466666666666666,0.008333333333333193
M1,40,Dreyer2023,32,0.845,0.9233333333333332,0.07833333333333325,0.02833333333333332
M1,40,Dreyer2023,33,0.795,0.7666666666666667,-0.0283333333333333,-0.013333333333333308
M1,40,Dreyer2023,34,0.7933333333333333,0.8533333333333333,0.05999999999999994,0.0016666666666667052
M1,40,Dreyer2023,35,0.7499999999999999,0.7783333333333333,0.02833333333333336,-0.008333333333333415
M1,40,Dreyer2023,36,0.7983333333333332,0.8466666666666667,0.04833333333333336,0.0033333333333332993
M1,40,Dreyer2023,37,0.735,0.76,0.02499999999999996,0.06000000000000005
M1,40,Dreyer2023,38,0.8533333333333333,0.8833333333333332,0.029999999999999936,0.011666666666666492
M1,40,Dreyer2023,39,0.9183333333333333,0.945,0.02666666666666666,-0.004999999999999893
M1,40,Dreyer2023,40,0.8534482758620691,0.8672413793103448,0.013793103448275858,0.0017241379310345417
M1,40,Dreyer2023,42,0.74,0.8083333333333333,0.06833333333333327,0.010000000000000009
M1,40,Dreyer2023,43,0.8816666666666666,0.8983333333333334,0.01666666666666664,0.0
M1,40,Dreyer2023,44,0.6466666666666667,0.675,0.028333333333333342,-0.004999999999999893
M1,40,Dreyer2023,45,0.7466666666666667,0.8183333333333334,0.07166666666666666,0.0033333333333332993
M1,40,Dreyer2023,46,0.7366666666666667,0.745,0.008333333333333297,-0.026666666666666727
M1,40,Dreyer2023,47,0.8949999999999999,0.9083333333333332,0.013333333333333319,0.010000000000000009
M1,40,Dreyer2023,48,0.6683333333333333,0.6816666666666666,0.013333333333333319,0.011666666666666714
M1,40,Dreyer2023,49,0.7833333333333333,0.8266666666666668,0.04333333333333334,0.0050000000000001155
M1,40,Dreyer2023,50,0.6166666666666666,0.63,0.013333333333333341,0.010000000000000009
M1,40,Dreyer2023,51,0.7466666666666667,0.7833333333333334,0.03666666666666666,0.018333333333333424
M1,40,Dreyer2023,52,0.7966666666666666,0.82,0.023333333333333296,-0.011666666666666714
M1,40,Dreyer2023,53,0.7866666666666667,0.8333333333333333,0.04666666666666662,0.0
M1,40,Dreyer2023,54,0.7016666666666667,0.7666666666666666,0.06499999999999996,0.039999999999999813
M1,40,Dreyer2023,55,0.9366666666666668,0.9333333333333332,-0.003333333333333359,-0.0016666666666667052
M1,40,Dreyer2023,56,0.9200000000000002,0.9333333333333332,0.013333333333333303,-0.0016666666666665941
M1,40,Dreyer2023,57,0.635,0.6950000000000001,0.059999999999999956,0.040000000000000036
M1,40,Dreyer2023,58,0.9233333333333332,0.9516666666666668,0.0283333333333333,-0.0016666666666665941
M1,40,Dreyer2023,59,0.78,0.7699999999999999,-0.01000000000000006,-0.04500000000000015
M1,40,Dreyer2023,60,0.8066666666666666,0.8616666666666667,0.05499999999999996,0.013333333333333308
M1,40,Dreyer2023,61,0.8633333333333333,0.8733333333333334,0.01,-0.025000000000000022
M1,40,Dreyer2023,62,0.7416666666666667,0.7533333333333333,0.01166666666666662,-0.04166666666666674
M1,40,Dreyer2023,63,0.8133333333333332,0.8483333333333334,0.03499999999999996,0.0016666666666667052
M1,40,Dreyer2023,64,0.765,0.8099999999999999,0.04499999999999998,0.05166666666666664
M1,40,Dreyer2023,65,0.835,0.8550000000000001,0.02000000000000002,0.0
M1,40,Dreyer2023,66,0.7583333333333334,0.7416666666666666,-0.0166666666666667,0.016666666666666607
M1,40,Dreyer2023,67,0.7916666666666666,0.8150000000000001,0.023333333333333338,0.0033333333333332993
M1,40,Dreyer2023,68,0.7383333333333334,0.775,0.03666666666666661,0.04166666666666663
M1,40,Dreyer2023,69,0.8516666666666666,0.8383333333333333,-0.01333333333333336,0.016666666666666607
M1,40,Dreyer2023,70,0.6716666666666666,0.6733333333333333,0.0016666666666666399,0.0
M1,40,Dreyer2023,71,0.8550000000000001,0.835,-0.02000000000000004,0.0016666666666665941
M1,40,Dreyer2023,72,0.8099999999999999,0.8550000000000001,0.044999999999999964,0.026666666666666727
M1,40,Dreyer2023,73,0.7466666666666667,0.8,0.0533333333333333,0.03166666666666673
M1,40,Dreyer2023,74,0.735,0.7566666666666666,0.02166666666666664,0.004999999999999893
M1,40,Dreyer2023,75,0.7583333333333334,0.7783333333333333,0.01999999999999998,0.0016666666666665941
M1,40,Dreyer2023,76,0.8216666666666667,0.8699999999999999,0.0483333333333333,0.018333333333333313
M1,40,Dreyer2023,77,0.8233333333333333,0.8483333333333334,0.025,-0.0016666666666665941
M1,40,Dreyer2023,80,0.7116666666666667,0.765,0.0533333333333333,-0.0016666666666667052
M1,40,Dreyer2023,81,0.8299999999999998,0.865,0.034999999999999976,0.0033333333333332993
M1,40,Dreyer2023,82,0.795,0.8916666666666666,0.09666666666666661,0.11499999999999999
M1,40,Dreyer2023,83,0.6883333333333334,0.695,0.006666666666666621,0.025000000000000022
M1,40,Dreyer2023,84,0.8333333333333334,0.8683333333333334,0.034999999999999934,0.013333333333333308
M1,40,Dreyer2023,85,0.735,0.7733333333333333,0.038333333333333296,0.0050000000000000044
M1,40,Dreyer2023,86,0.8383333333333333,0.85,0.0116666666666667,0.006666666666666599
M1,40,Dreyer2023,87,0.7833333333333334,0.7616666666666666,-0.021666666666666702,-0.026666666666666727
M2,0,Cho2017,1,0.642,0.616,-0.02599999999999996,0.0
M2,0,Cho2017,2,0.524,0.536,0.012,0.0
M2,0,Cho2017,3,0.6719999999999999,0.776,0.10399999999999995,0.0
M2,0,Cho2017,4,0.64,0.5980000000000001,-0.04199999999999996,0.0
M2,0,Cho2017,5,1.0,0.998,-0.002,0.0
M2,0,Cho2017,6,0.8140000000000001,0.8099999999999999,-0.003999999999999999,0.0
M2,0,Cho2017,7,0.5033333333333333,0.5483333333333333,0.044999999999999964,0.0
M2,0,Cho2017,8,0.54,0.54,2.2204460492503132e-17,0.0
M2,0,Cho2017,9,0.5433333333333333,0.5883333333333333,0.044999999999999964,0.0
M2,0,Cho2017,10,0.5820000000000001,0.58,-0.001999999999999999,0.0
M2,0,Cho2017,11,0.604,0.614,0.00999999999999998,0.0
M2,0,Cho2017,12,0.514,0.558,0.043999999999999956,0.0
M2,0,Cho2017,13,0.8460000000000001,0.8880000000000001,0.04199999999999998,0.0
M2,0,Cho2017,14,0.7220000000000001,0.786,0.06399999999999999,0.0
M2,0,Cho2017,15,0.52,0.562,0.042,0.0
M2,0,Cho2017,16,0.626,0.642,0.015999999999999938,0.0
M2,0,Cho2017,17,0.55,0.53,-0.01999999999999998,0.0
M2,0,Cho2017,18,0.6140000000000001,0.592,-0.02199999999999998,0.0
M2,0,Cho2017,19,0.522,0.532,0.01,0.0
M2,0,Cho2017,20,0.5660000000000001,0.5660000000000001,-2.0122792321330962e-17,0.0
M2,0,Cho2017,21,0.546,0.604,0.057999999999999975,0.0
M2,0,Cho2017,22,0.592,0.6399999999999999,0.0479999999999999,0.0
M2,0,Cho2017,23,0.562,0.594,0.03199999999999996,0.0
M2,0,Cho2017,24,0.49399999999999994,0.53,0.03599999999999998,0.0
M2,0,Cho2017,25,0.554,0.568,0.01399999999999994,0.0
M2,0,Cho2017,26,0.99,0.9879999999999999,-0.002,0.0
M2,0,Cho2017,27,0.5660000000000001,0.56,-0.00599999999999998,0.0
M2,0,Cho2017,28,0.5820000000000001,0.588,0.005999999999999979,0.0
M2,0,Cho2017,29,0.502,0.496,-0.006000000000000021,0.0
M2,0,Cho2017,30,0.638,0.616,-0.022,0.0
M2,0,Cho2017,31,0.548,0.53,-0.01799999999999998,0.0
M2,0,Cho2017,32,0.534,0.52,-0.01399999999999998,0.0
M2,0,Cho2017,33,0.5860000000000001,0.542,-0.04399999999999996,0.0
M2,0,Cho2017,34,0.548,0.55,0.0020000000000000005,0.0
M2,0,Cho2017,35,0.396,0.42400000000000004,0.027999999999999997,0.0
M2,0,Cho2017,36,0.534,0.576,0.042,0.0
M2,0,Cho2017,37,0.874,0.8560000000000001,-0.018,0.0
M2,0,Cho2017,38,0.5780000000000001,0.5900000000000001,0.011999999999999941,0.0
M2,0,Cho2017,39,0.528,0.55,0.022,0.0
M2,0,Cho2017,40,0.528,0.512,-0.01599999999999998,0.0
M2,0,Cho2017,41,0.616,0.6619999999999999,0.045999999999999895,0.0
M2,0,Cho2017,42,0.542,0.56,0.018,0.0
M2,0,Cho2017,43,1.0,1.0,0.0,0.0
M2,0,Cho2017,44,0.9359999999999999,0.942,0.006,0.0
M2,0,Cho2017,45,0.538,0.576,0.037999999999999964,0.0
M2,0,Cho2017,46,0.5483333333333333,0.5900000000000001,0.041666666666666644,0.0
M2,0,Cho2017,47,0.8380000000000001,0.82,-0.018,0.0
M2,0,Cho2017,48,0.662,0.6779999999999999,0.01599999999999996,0.0
M2,0,Cho2017,49,0.994,0.998,0.004,0.0
M2,0,Cho2017,50,0.95,0.9800000000000001,0.02999999999999998,0.0
M2,0,Cho2017,51,0.56,0.634,0.07399999999999993,0.0
M2,0,Cho2017,52,0.604,0.5740000000000001,-0.03000000000000002,0.0
M2,0,Dreyer2023,1,0.8850000000000001,0.905,0.01999999999999994,0.0
M2,0,Dreyer2023,2,0.6833333333333333,0.6816666666666666,-0.0016666666666666796,0.0
M2,0,Dreyer2023,3,0.8183333333333334,0.8316666666666667,0.0133333333333333,0.0
M2,0,Dreyer2023,5,0.8766666666666667,0.8949999999999999,0.018333333333333257,0.0
M2,0,Dreyer2023,6,0.7716666666666667,0.8066666666666666,0.03499999999999998,0.0
M2,0,Dreyer2023,7,0.9766666666666666,0.9633333333333333,-0.013333333333333319,0.0
M2,0,Dreyer2023,8,0.8266666666666665,0.86,0.03333333333333332,0.0
M2,0,Dreyer2023,10,0.9116666666666667,0.9266666666666665,0.015,0.0
M2,0,Dreyer2023,11,0.6316666666666666,0.6333333333333333,0.0016666666666666607,0.0
M2,0,Dreyer2023,12,0.8949999999999999,0.9266666666666665,0.03166666666666664,0.0
M2,0,Dreyer2023,13,0.7566666666666666,0.7483333333333333,-0.00833333333333334,0.0
M2,0,Dreyer2023,14,0.6916666666666667,0.7,0.00833333333333334,0.0
M2,0,Dreyer2023,15,0.9266666666666665,0.9266666666666665,-2.0122792321330962e-17,0.0
M2,0,Dreyer2023,16,0.8266666666666668,0.8266666666666665,-1.9428902930940238e-17,0.0
M2,0,Dreyer2023,18,0.9066666666666666,0.945,0.0383333333333333,0.0
M2,0,Dreyer2023,19,0.8949999999999999,0.905,0.009999999999999978,0.0
M2,0,Dreyer2023,20,0.8966666666666667,0.9216666666666666,0.02499999999999998,0.0
M2,0,Dreyer2023,21,0.9116666666666665,0.9266666666666667,0.015,0.0
M2,0,Dreyer2023,22,0.9283333333333333,0.9033333333333333,-0.02499999999999998,0.0
M2,0,Dreyer2023,23,0.7366666666666667,0.77,0.033333333333333305,0.0
M2,0,Dreyer2023,24,0.9399999999999998,0.9650000000000001,0.02499999999999994,0.0
M2,0,Dreyer2023,25,0.67,0.7150000000000001,0.044999999999999964,0.0
M2,0,Dreyer2023,26,0.7783333333333333,0.835,0.056666666666666574,0.0
M2,0,Dreyer2023,27,0.8066666666666666,0.7983333333333332,-0.00833333333333338,0.0
M2,0,Dreyer2023,28,0.7716666666666667,0.8033333333333333,0.031666666666666676,0.0
M2,0,Dreyer2023,30,0.7116666666666667,0.7416666666666666,0.029999999999999936,0.0
M2,0,Dreyer2023,31,0.8733333333333333,0.9083333333333334,0.034999999999999996,0.0
M2,0,Dreyer2023,32,0.845,0.8966666666666667,0.05166666666666662,0.0
M2,0,Dreyer2023,33,0.795,0.7766666666666666,-0.018333333333333344,0.0
M2,0,Dreyer2023,34,0.7933333333333333,0.8566666666666667,0.06333333333333327,0.0
M2,0,Dreyer2023,35,0.7499999999999999,0.7816666666666666,0.03166666666666672,0.0
M2,0,Dreyer2023,36,0.7983333333333332,0.845,0.04666666666666666,0.0
M2,0,Dreyer2023,37,0.735,0.7050000000000001,-0.029999999999999936,0.0
M2,0,Dreyer2023,38,0.8533333333333333,0.8733333333333334,0.01999999999999998,0.0
M2,0,Dreyer2023,39,0.9183333333333333,0.9466666666666667,0.02833333333333332,0.0
M2,0,Dreyer2023,40,0.8534482758620691,0.8672413793103448,0.0137931034482759,0.0
M2,0,Dreyer2023,42,0.74,0.7966666666666666,0.056666666666666574,0.0
M2,0,Dreyer2023,43,0.8816666666666666,0.9033333333333333,0.02166666666666664,0.0
M2,0,Dreyer2023,44,0.6466666666666667,0.665,0.01833333333333336,0.0
M2,0,Dreyer2023,45,0.7466666666666667,0.8133333333333332,0.06666666666666667,0.0
M2,0,Dreyer2023,46,0.7366666666666667,0.765,0.028333333333333276,0.0
M2,0,Dreyer2023,47,0.8949999999999999,0.9,0.004999999999999979,0.0
M2,0,Dreyer2023,48,0.6683333333333333,0.6766666666666666,0.00833333333333332,0.0
M2,0,Dreyer2023,49,0.7833333333333333,0.82,0.03666666666666666,0.0
M2,0,Dreyer2023,50,0.6166666666666666,0.6266666666666667,0.010000000000000021,0.0
M2,0,Dreyer2023,51,0.7466666666666667,0.78,0.03333333333333332,0.0
M2,0,Dreyer2023,52,0.7966666666666666,0.835,0.03833333333333328,0.0
M2,0,Dreyer2023,53,0.7866666666666667,0.8300000000000001,0.0433333333333333,0.0
M2,0,Dreyer2023,54,0.7016666666666667,0.7350000000000001,0.03333333333333338,0.0
M2,0,Dreyer2023,55,0.9366666666666668,0.9333333333333332,-0.0033333333333333604,0.0
M2,0,Dreyer2023,56,0.9200000000000002,0.9349999999999999,0.014999999999999958,0.0
M2,0,Dreyer2023,57,0.635,0.655,0.01999999999999998,0.0
M2,0,Dreyer2023,58,0.9233333333333332,0.9583333333333333,0.03499999999999994,0.0
M2,0,Dreyer2023,59,0.78,0.8125,0.03249999999999994,0.0
M2,0,Dreyer2023,60,0.8066666666666666,0.865,0.05833333333333329,0.0
M2,0,Dreyer2023,61,0.8633333333333333,0.8933333333333333,0.02999999999999996,0.0
M2,0,Dreyer2023,62,0.7416666666666667,0.7783333333333333,0.03666666666666666,0.0
M2,0,Dreyer2023,63,0.8133333333333332,0.85,0.03666666666666664,0.0
M2,0,Dreyer2023,64,0.765,0.75,-0.014999999999999958,0.0
M2,0,Dreyer2023,65,0.835,0.8400000000000001,0.004999999999999999,0.0
M2,0,Dreyer2023,66,0.7583333333333334,0.7266666666666667,-0.03166666666666664,0.0
M2,0,Dreyer2023,67,0.7916666666666666,0.8116666666666668,0.01999999999999998,0.0
M2,0,Dreyer2023,68,0.7383333333333334,0.73,-0.00833333333333336,0.0
M2,0,Dreyer2023,69,0.8516666666666666,0.8266666666666665,-0.02499999999999998,0.0
M2,0,Dreyer2023,70,0.6716666666666666,0.6733333333333333,0.0016666666666666399,0.0
M2,0,Dreyer2023,71,0.8550000000000001,0.845,-0.009999999999999998,0.0
M2,0,Dreyer2023,72,0.8099999999999999,0.8300000000000001,0.019999999999999997,0.0
M2,0,Dreyer2023,73,0.7466666666666667,0.755,0.0083333333333333,0.0
M2,0,Dreyer2023,74,0.735,0.7516666666666667,0.01666666666666666,0.0
M2,0,Dreyer2023,75,0.7583333333333334,0.7816666666666666,0.0233333333333333,0.0
M2,0,Dreyer2023,76,0.8216666666666667,0.8566666666666667,0.034999999999999976,0.0
M2,0,Dreyer2023,77,0.8233333333333333,0.85,0.026666666666666637,0.0
M2,0,Dreyer2023,80,0.7116666666666667,0.7633333333333333,0.05166666666666664,0.0
M2,0,Dreyer2023,81,0.8299999999999998,0.8566666666666667,0.026666666666666623,0.0
M2,0,Dreyer2023,82,0.795,0.7716666666666667,-0.023333333333333338,0.0
M2,0,Dreyer2023,83,0.6883333333333334,0.6733333333333333,-0.015000000000000022,0.0
M2,0,Dreyer2023,84,0.8333333333333334,0.8550000000000001,0.02166666666666666,0.0
M2,0,Dreyer2023,85,0.735,0.7833333333333334,0.0483333333333333,0.0
M2,0,Dreyer2023,86,0.8383333333333333,0.8333333333333334,-0.004999999999999981,0.0
M2,0,Dreyer2023,87,0.7833333333333334,0.7849999999999999,0.00166666666666666,0.0
M2,0,PhysionetMI,1,0.8356060606060606,0.8356060606060606,0.0,0.0
M2,0,PhysionetMI,2,0.8946153846153846,0.9099999999999999,0.01538461538461534,0.0
M2,0,PhysionetMI,3,0.9484848484848485,0.9659090909090908,0.01742424242424238,0.0
M2,0,PhysionetMI,4,0.9196969696969697,0.8916666666666666,-0.028030303030303023,0.0
M2,0,PhysionetMI,5,0.7204545454545455,0.7196969696969697,-0.0007575757575757208,0.0
M2,0,PhysionetMI,6,0.8825757575757576,0.8734848484848484,-0.00909090909090908,0.0
M2,0,PhysionetMI,7,0.9825757575757577,0.9825757575757574,0.0,0.0
M2,0,PhysionetMI,8,0.8325757575757574,0.8401515151515151,0.00757575757575756,0.0
M2,0,PhysionetMI,9,0.9076923076923077,0.9076923076923078,2.0816681711721685e-17,0.0
M2,0,PhysionetMI,10,0.7276923076923077,0.7538461538461539,0.026153846153846177,0.0
M2,0,PhysionetMI,11,0.725,0.7166666666666666,-0.008333333333333321,0.0
M2,0,PhysionetMI,12,0.8643939393939395,0.8651515151515152,0.0007575757575757402,0.0
M2,0,PhysionetMI,13,0.803030303030303,0.7553030303030303,-0.047727272727272695,0.0
M2,0,PhysionetMI,14,0.7734848484848486,0.7992424242424242,0.02575757575757572,0.0
M2,0,PhysionetMI,15,0.9284615384615386,0.9438461538461539,0.0153846153846154,0.0
M2,0,PhysionetMI,16,0.6053030303030302,0.6765151515151515,0.0712121212121212,0.0
M2,0,PhysionetMI,17,0.803030303030303,0.7856060606060605,-0.017424242424242398,0.0
M2,0,PhysionetMI,18,1.0,1.0,0.0,0.0
M2,0,PhysionetMI,19,0.9106060606060605,0.8863636363636364,-0.02424242424242422,0.0
M2,0,PhysionetMI,20,0.9045454545454547,0.8962121212121212,-0.00833333333333334,0.0
M2,0,PhysionetMI,21,0.759090909090909,0.7772727272727273,0.0181818181818182,0.0
M2,0,PhysionetMI,22,0.9636363636363636,0.9545454545454547,-0.00909090909090908,0.0
M2,0,PhysionetMI,23,0.7838461538461539,0.8092307692307692,0.02538461538461536,0.0
M2,0,PhysionetMI,24,0.7863636363636364,0.7681818181818183,-0.01818181818181814,0.0
M2,0,PhysionetMI,25,0.5954545454545455,0.568939393939394,-0.02651515151515148,0.0
M2,0,PhysionetMI,26,0.6407692307692308,0.5930769230769231,-0.047692307692307714,0.0
M2,0,PhysionetMI,27,0.8696969696969697,0.843939393939394,-0.025757575757575722,0.0
M2,0,PhysionetMI,28,0.7984848484848485,0.834090909090909,0.03560606060606058,0.0
M2,0,PhysionetMI,29,0.7386363636363636,0.7462121212121212,0.0075757575757575595,0.0
M2,0,PhysionetMI,30,0.8583333333333334,0.8833333333333334,0.025,0.0
M2,0,PhysionetMI,31,0.7416666666666667,0.7159090909090909,-0.025757575757575757,0.0
M2,0,PhysionetMI,32,0.9323076923076924,0.93,-0.00230769230769232,0.0
M2,0,PhysionetMI,33,0.9295454545454545,0.9212121212121213,-0.00833333333333334,0.0
M2,0,PhysionetMI,34,0.8215384615384614,0.8192307692307692,-0.0023076923076923205,0.0
M2,0,PhysionetMI,35,0.8143939393939394,0.8143939393939394,0.0,0.0
M2,0,PhysionetMI,36,0.9113636363636364,0.8848484848484848,-0.02651515151515148,0.0
M2,0,PhysionetMI,37,0.6795454545454545,0.6386363636363637,-0.0409090909090909,0.0
M2,0,PhysionetMI,38,0.49469696969696975,0.521969696969697,0.02727272727272726,0.0
M2,0,PhysionetMI,39,0.7454545454545455,0.7515151515151516,0.0060606060606061,0.0
M2,0,PhysionetMI,40,0.9818181818181818,0.9818181818181818,0.0,0.0
M2,0,PhysionetMI,41,0.9692307692307693,0.976923076923077,0.007692307692307681,0.0
M2,0,PhysionetMI,42,0.8916666666666668,0.8916666666666668,1.3877787807814458e-18,0.0
M2,0,PhysionetMI,43,0.8212121212121211,0.8378787878787879,0.01666666666666668,0.0
M2,0,PhysionetMI,44,0.8606060606060606,0.8969696969696971,0.03636363636363634,0.0
M2,0,PhysionetMI,45,0.7984848484848485,0.8143939393939394,0.0159090909090909,0.0
M2,0,PhysionetMI,46,0.7424242424242424,0.7606060606060606,0.01818181818181816,0.0
M2,0,PhysionetMI,47,0.7348484848484849,0.765909090909091,0.031060606060606077,0.0
M2,0,PhysionetMI,48,0.990909090909091,1.0,0.00909090909090908,0.0
M2,0,PhysionetMI,49,0.7628787878787879,0.7886363636363637,0.0257575757575757,0.0
M2,0,PhysionetMI,50,0.7803030303030303,0.7704545454545454,-0.00984848484848488,0.0
M2,0,PhysionetMI,51,0.8242424242424242,0.8757575757575757,0.051515151515151514,0.0
M2,0,PhysionetMI,52,0.8661538461538463,0.8861538461538462,0.01999999999999998,0.0
M2,0,PhysionetMI,53,0.9015151515151516,0.9098484848484849,0.00833333333333336,0.0
M2,0,PhysionetMI,54,0.8909090909090909,0.8651515151515152,-0.025757575757575722,0.0
M2,0,PhysionetMI,55,0.8462121212121213,0.8621212121212121,0.01590909090909088,0.0
M2,0,PhysionetMI,56,0.8356060606060606,0.8507575757575758,0.015151515151515218,0.0
M2,0,PhysionetMI,57,0.949242424242424,0.9666666666666665,0.01742424242424242,0.0
M2,0,PhysionetMI,58,0.8161538461538462,0.7830769230769231,-0.03307692307692306,0.0
M2,0,PhysionetMI,59,0.6659090909090909,0.6901515151515152,0.02424242424242422,0.0
M2,0,PhysionetMI,60,0.8884615384615385,0.8584615384615384,-0.030000000000000006,0.0
M2,0,PhysionetMI,61,0.9545454545454547,0.9545454545454547,0.0,0.0
M2,0,PhysionetMI,62,0.9583333333333333,0.9333333333333333,-0.02499999999999994,0.0
M2,0,PhysionetMI,63,0.7287878787878788,0.7901515151515152,0.06136363636363634,0.0
M2,0,PhysionetMI,64,0.7621212121212122,0.7545454545454545,-0.007575757575757619,0.0
M2,0,PhysionetMI,65,0.9242424242424242,0.9250000000000002,0.0007575757575757601,0.0
M2,0,PhysionetMI,66,0.7704545454545455,0.7696969696969698,-0.0007575757575757402,0.0
M2,0,PhysionetMI,67,0.7916666666666666,0.7575757575757576,-0.03409090909090902,0.0
M2,0,PhysionetMI,68,0.6727272727272727,0.7075757575757576,0.03484848484848484,0.0
M2,0,PhysionetMI,69,0.8284615384615386,0.8515384615384616,0.02307692307692304,0.0
M2,0,PhysionetMI,70,0.9659090909090908,0.9825757575757577,0.01666666666666668,0.0
M2,0,PhysionetMI,71,0.9143939393939393,0.8810606060606061,-0.03333333333333326,0.0
M2,0,PhysionetMI,72,1.0,0.9818181818181818,-0.01818181818181816,0.0
M2,0,PhysionetMI,73,0.7568181818181818,0.7590909090909091,0.00227272727272726,0.0
M2,0,PhysionetMI,74,0.7575757575757576,0.7734848484848486,0.0159090909090909,0.0
M2,0,PhysionetMI,75,0.6606060606060606,0.671969696969697,0.011363636363636319,0.0
M2,0,PhysionetMI,76,0.5515151515151515,0.5704545454545455,0.01893939393939396,0.0
M2,0,PhysionetMI,77,0.6037878787878788,0.6212121212121212,0.017424242424242443,0.0
M2,0,PhysionetMI,78,0.5621212121212121,0.5628787878787879,0.0007575757575757792,0.0
M2,0,PhysionetMI,79,0.7515151515151516,0.7515151515151516,0.0,0.0
M2,0,PhysionetMI,80,0.7907692307692308,0.7961538461538462,0.00538461538461542,0.0
M2,0,PhysionetMI,81,0.8704545454545455,0.8719696969696971,0.0015151515151515,0.0
M2,0,PhysionetMI,82,0.8113636363636363,0.8371212121212122,0.02575757575757574,0.0
M2,0,PhysionetMI,83,0.7215384615384616,0.7338461538461539,0.01230769230769232,0.0
M2,0,PhysionetMI,84,0.8825757575757576,0.8462121212121213,-0.03636363636363632,0.0
M2,0,PhysionetMI,85,0.8878787878787879,0.8878787878787879,-1.9428902930940238e-17,0.0
M2,0,PhysionetMI,86,0.9846153846153847,0.976923076923077,-0.007692307692307681,0.0
M2,0,PhysionetMI,87,0.6386363636363636,0.6393939393939394,0.0007575757575757792,0.0
M2,0,PhysionetMI,90,0.8727272727272727,0.8734848484848484,0.0007575757575757792,0.0
M2,0,PhysionetMI,91,0.9166666666666666,0.8916666666666666,-0.025,0.0
M2,0,PhysionetMI,93,0.7886363636363637,0.7962121212121211,0.007575757575757579,0.0
M2,0,PhysionetMI,94,0.7954545454545455,0.7772727272727273,-0.01818181818181814,0.0
M2,0,PhysionetMI,95,0.6515384615384615,0.6215384615384616,-0.03,0.0
M2,0,PhysionetMI,96,0.8583333333333332,0.8666666666666666,0.00833333333333334,0.0
M2,0,PhysionetMI,97,0.7696969696969697,0.7871212121212121,0.01742424242424246,0.0
M2,0,PhysionetMI,98,0.4621212121212121,0.45303030303030295,-0.009090909090909101,0.0
M2,0,PhysionetMI,99,0.6151515151515151,0.6310606060606061,0.0159090909090909,0.0
M2,0,PhysionetMI,101,0.8976923076923077,0.8953846153846154,-0.00230769230769228,0.0
M2,0,PhysionetMI,102,0.7416666666666667,0.7621212121212121,0.020454545454545357,0.0
M2,0,PhysionetMI,103,0.8575757575757577,0.8757575757575757,0.01818181818181814,0.0
M2,0,PhysionetMI,105,0.9068181818181819,0.890909090909091,-0.015909090909090838,0.0
M2,0,PhysionetMI,107,0.5553030303030303,0.5568181818181819,0.0015151515151515392,0.0
M2,0,PhysionetMI,108,0.8537878787878788,0.8371212121212122,-0.01666666666666662,0.0
M2,0,PhysionetMI,109,0.6537878787878788,0.7136363636363636,0.05984848484848483,0.0
M2,5,Cho2017,1,0.642,0.622,-0.01999999999999996,0.006000000000000005
M2,5,Cho2017,2,0.524,0.536,0.011999999999999992,0.0
M2,5,Cho2017,3,0.6719999999999999,0.8,0.12799999999999995,0.02400000000000002
M2,5,Cho2017,4,0.64,0.6819999999999999,0.04199999999999991,0.08399999999999985
M2,5,Cho2017,5,1.0,0.9960000000000001,-0.004,-0.0019999999999998908
M2,5,Cho2017,6,0.8140000000000001,0.818,0.00399999999999998,0.008000000000000007
M2,5,Cho2017,7,0.5033333333333333,0.5283333333333333,0.025,-0.020000000000000018
M2,5,Cho2017,8,0.54,0.53,-0.00999999999999996,-0.010000000000000009
M2,5,Cho2017,9,0.5433333333333333,0.5916666666666667,0.04833333333333332,0.0033333333333334103
M2,5,Cho2017,10,0.5820000000000001,0.5880000000000001,0.006000000000000021,0.008000000000000118
M2,5,Cho2017,11,0.604,0.63,0.02599999999999994,0.016000000000000014
M2,5,Cho2017,12,0.514,0.528,0.014000000000000002,-0.030000000000000027
M2,5,Cho2017,13,0.8460000000000001,0.9019999999999999,0.05599999999999996,0.01399999999999979
M2,5,Cho2017,14,0.7220000000000001,0.798,0.07599999999999997,0.01200000000000001
M2,5,Cho2017,15,0.52,0.5640000000000001,0.044000000000000004,0.0020000000000000018
M2,5,Cho2017,16,0.626,0.6279999999999999,0.00199999999999998,-0.014000000000000123
M2,5,Cho2017,17,0.55,0.584,0.03399999999999998,0.05399999999999994
M2,5,Cho2017,18,0.6140000000000001,0.568,-0.04600000000000002,-0.02400000000000002
M2,5,Cho2017,19,0.522,0.5439999999999999,0.02199999999999996,0.0119999999999999
M2,5,Cho2017,20,0.5660000000000001,0.614,0.047999999999999945,0.04799999999999993
M2,5,Cho2017,21,0.546,0.602,0.05599999999999994,-0.0020000000000000018
M2,5,Cho2017,22,0.592,0.64,0.04799999999999992,1.1102230246251565e-16
M2,5,Cho2017,23,0.562,0.596,0.03399999999999998,0.0020000000000000018
M2,5,Cho2017,24,0.49399999999999994,0.538,0.044,0.008000000000000007
M2,5,Cho2017,25,0.554,0.568,0.013999999999999957,0.0
M2,5,Cho2017,26,0.99,0.9879999999999999,-0.002,0.0
M2,5,Cho2017,27,0.5660000000000001,0.5700000000000001,0.0039999999999999775,0.010000000000000009
M2,5,Cho2017,28,0.5820000000000001,0.576,-0.006000000000000042,-0.01200000000000001
M2,5,Cho2017,29,0.502,0.484,-0.017999999999999978,-0.01200000000000001
M2,5,Cho2017,30,0.638,0.6619999999999999,0.02399999999999996,0.04599999999999993
M2,5,Cho2017,31,0.548,0.608,0.059999999999999956,0.07799999999999996
M2,5,Cho2017,32,0.534,0.536,0.00200000000000002,0.016000000000000014
M2,5,Cho2017,33,0.5860000000000001,0.548,-0.03799999999999996,0.006000000000000005
M2,5,Cho2017,34,0.548,0.596,0.04799999999999996,0.04599999999999993
M2,5,Cho2017,35,0.396,0.43200000000000005,0.036,0.008000000000000007
M2,5,Cho2017,36,0.534,0.556,0.022000000000000002,-0.019999999999999907
M2,5,Cho2017,37,0.874,0.8619999999999999,-0.012,0.005999999999999783
M2,5,Cho2017,38,0.5780000000000001,0.58,0.0019999999999999797,-0.01000000000000012
M2,5,Cho2017,39,0.528,0.544,0.016,-0.006000000000000005
M2,5,Cho2017,40,0.528,0.526,-0.00199999999999998,0.014000000000000012
M2,5,Cho2017,41,0.616,0.646,0.029999999999999936,-0.015999999999999903
M2,5,Cho2017,42,0.542,0.5640000000000001,0.02199999999999998,0.0040000000000000036
M2,5,Cho2017,43,1.0,1.0,0.0,0.0
M2,5,Cho2017,44,0.9359999999999999,0.952,0.016,0.010000000000000009
M2,5,Cho2017,45,0.538,0.556,0.01799999999999998,-0.019999999999999907
M2,5,Cho2017,46,0.5483333333333333,0.5733333333333334,0.02499999999999996,-0.01666666666666672
M2,5,Cho2017,47,0.8380000000000001,0.776,-0.06199999999999992,-0.04399999999999993
M2,5,Cho2017,48,0.662,0.678,0.016,1.1102230246251565e-16
M2,5,Cho2017,49,0.994,1.0,0.006,0.0020000000000000018
M2,5,Cho2017,50,0.95,0.99,0.03999999999999998,0.009999999999999898
M2,5,Cho2017,51,0.56,0.6479999999999999,0.08799999999999993,0.013999999999999901
M2,5,Cho2017,52,0.604,0.622,0.01799999999999994,0.04799999999999993
M2,5,Dreyer2023,1,0.8850000000000001,0.9083333333333334,0.0233333333333333,0.0033333333333334103
M2,5,Dreyer2023,2,0.6833333333333333,0.6483333333333333,-0.03499999999999996,-0.033333333333333326
M2,5,Dreyer2023,3,0.8183333333333334,0.7783333333333333,-0.04000000000000002,-0.053333333333333344
M2,5,Dreyer2023,5,0.8766666666666667,0.8866666666666667,0.009999999999999959,-0.008333333333333193
M2,5,Dreyer2023,6,0.7716666666666667,0.8233333333333333,0.051666666666666625,0.016666666666666607
M2,5,Dreyer2023,7,0.9766666666666666,0.9716666666666665,-0.005,0.008333333333333193
M2,5,Dreyer2023,8,0.8266666666666665,0.8583333333333334,0.03166666666666664,-0.0016666666666665941
M2,5,Dreyer2023,10,0.9116666666666667,0.9166666666666666,0.004999999999999979,-0.009999999999999898
M2,5,Dreyer2023,11,0.6316666666666666,0.6316666666666666,-6.938893903907229e-19,-0.0016666666666667052
M2,5,Dreyer2023,12,0.8949999999999999,0.9233333333333335,0.0283333333333333,-0.0033333333333330772
M2,5,Dreyer2023,13,0.7566666666666666,0.7416666666666666,-0.015000000000000003,-0.00666666666666671
M2,5,Dreyer2023,14,0.6916666666666667,0.6983333333333334,0.006666666666666679,-0.0016666666666665941
M2,5,Dreyer2023,15,0.9266666666666665,0.9266666666666665,-2.0122792321330962e-17,0.0
M2,5,Dreyer2023,16,0.8266666666666668,0.8400000000000001,0.013333333333333319,0.01333333333333353
M2,5,Dreyer2023,18,0.9066666666666666,0.945,0.03833333333333328,0.0
M2,5,Dreyer2023,19,0.8949999999999999,0.9233333333333332,0.02833333333333326,0.0183333333333332
M2,5,Dreyer2023,20,0.8966666666666667,0.9199999999999999,0.0233333333333333,-0.0016666666666667052
M2,5,Dreyer2023,21,0.9116666666666665,0.93,0.01833333333333334,0.0033333333333332993
M2,5,Dreyer2023,22,0.9283333333333333,0.845,-0.0833333333333333,-0.05833333333333335
M2,5,Dreyer2023,23,0.7366666666666667,0.7783333333333333,0.041666666666666616,0.008333333333333304
M2,5,Dreyer2023,24,0.9399999999999998,0.9650000000000001,0.024999999999999942,0.0
M2,5,Dreyer2023,25,0.67,0.7116666666666667,0.041666666666666616,-0.0033333333333334103
M2,5,Dreyer2023,26,0.7783333333333333,0.8233333333333333,0.044999999999999915,-0.011666666666666714
M2,5,Dreyer2023,27,0.8066666666666666,0.8083333333333333,0.00166666666666666,0.01000000000000012
M2,5,Dreyer2023,28,0.7716666666666667,0.8150000000000001,0.043333333333333335,0.011666666666666714
M2,5,Dreyer2023,30,0.7116666666666667,0.7483333333333333,0.03666666666666662,0.00666666666666671
M2,5,Dreyer2023,31,0.8733333333333333,0.9166666666666667,0.04333333333333332,0.008333333333333304
M2,5,Dreyer2023,32,0.845,0.9133333333333333,0.06833333333333326,0.016666666666666607
M2,5,Dreyer2023,33,0.795,0.7566666666666666,-0.038333333333333344,-0.020000000000000018
M2,5,Dreyer2023,34,0.7933333333333333,0.8566666666666667,0.06333333333333327,0.0
M2,5,Dreyer2023,35,0.7499999999999999,0.78,0.030000000000000037,-0.0016666666666665941
M2,5,Dreyer2023,36,0.7983333333333332,0.7133333333333333,-0.08499999999999995,-0.1316666666666667
M2,5,Dreyer2023,37,0.735,0.755,0.01999999999999996,0.04999999999999993
M2,5,Dreyer2023,38,0.8533333333333333,0.8466666666666667,-0.006666666666666659,-0.026666666666666727
M2,5,Dreyer2023,39,0.9183333333333333,0.9466666666666667,0.02833333333333332,0.0
M2,5,Dreyer2023,40,0.8534482758620691,0.8793103448275863,0.025862068965517283,0.012068965517241459
M2,5,Dreyer2023,42,0.74,0.7983333333333333,0.05833333333333324,0.0016666666666667052
M2,5,Dreyer2023,43,0.8816666666666666,0.9033333333333333,0.02166666666666664,0.0
M2,5,Dreyer2023,44,0.6466666666666667,0.6833333333333333,0.03666666666666664,0.018333333333333313
M2,5,Dreyer2023,45,0.7466666666666667,0.8166666666666667,0.06999999999999998,0.0033333333333334103
M2,5,Dreyer2023,46,0.7366666666666667,0.7666666666666666,0.029999999999999936,0.0016666666666665941
M2,5,Dreyer2023,47,0.8949999999999999,0.8799999999999999,-0.014999999999999982,-0.02000000000000013
M2,5,Dreyer2023,48,0.6683333333333333,0.6583333333333334,-0.009999999999999959,-0.0183333333333332
M2,5,Dreyer2023,49,0.7833333333333333,0.8316666666666667,0.04833333333333334,0.011666666666666714
M2,5,Dreyer2023,50,0.6166666666666666,0.6116666666666666,-0.005,-0.015000000000000124
M2,5,Dreyer2023,51,0.7466666666666667,0.7783333333333333,0.03166666666666666,-0.0016666666666667052
M2,5,Dreyer2023,52,0.7966666666666666,0.8099999999999999,0.013333333333333298,-0.025000000000000022
M2,5,Dreyer2023,53,0.7866666666666667,0.8533333333333333,0.06666666666666662,0.023333333333333206
M2,5,Dreyer2023,54,0.7016666666666667,0.745,0.043333333333333404,0.009999999999999898
M2,5,Dreyer2023,55,0.9366666666666668,0.9349999999999999,-0.0016666666666666995,0.0016666666666667052
M2,5,Dreyer2023,56,0.9200000000000002,0.9066666666666666,-0.013333333333333319,-0.02833333333333332
M2,5,Dreyer2023,57,0.635,0.7033333333333334,0.06833333333333326,0.04833333333333334
M2,5,Dreyer2023,58,0.9233333333333332,0.95,0.02666666666666666,-0.008333333333333304
M2,5,Dreyer2023,59,0.78,0.8300000000000001,0.04999999999999996,0.01750000000000007
M2,5,Dreyer2023,60,0.8066666666666666,0.8633333333333333,0.05666666666666664,-0.0016666666666667052
M2,5,Dreyer2023,61,0.8633333333333333,0.8516666666666666,-0.011666666666666698,-0.04166666666666674
M2,5,Dreyer2023,62,0.7416666666666667,0.7566666666666666,0.014999999999999977,-0.021666666666666723
M2,5,Dreyer2023,63,0.8133333333333332,0.835,0.02166666666666664,-0.015000000000000013
M2,5,Dreyer2023,64,0.765,0.79,0.024999999999999977,0.040000000000000036
M2,5,Dreyer2023,65,0.835,0.8333333333333333,-0.0016666666666667023,-0.006666666666666821
M2,5,Dreyer2023,66,0.7583333333333334,0.7266666666666667,-0.03166666666666664,0.0
M2,5,Dreyer2023,67,0.7916666666666666,0.7933333333333333,0.001666666666666683,-0.018333333333333424
M2,5,Dreyer2023,68,0.7383333333333334,0.7633333333333334,0.025,0.03333333333333344
M2,5,Dreyer2023,69,0.8516666666666666,0.7433333333333334,-0.10833333333333332,-0.08333333333333315
M2,5,Dreyer2023,70,0.6716666666666666,0.6666666666666667,-0.005000000000000019,-0.006666666666666599
M2,5,Dreyer2023,71,0.8550000000000001,0.8416666666666666,-0.013333333333333341,-0.0033333333333334103
M2,5,Dreyer2023,72,0.8099999999999999,0.8316666666666667,0.02166666666666666,0.0016666666666665941
M2,5,Dreyer2023,73,0.7466666666666667,0.78,0.03333333333333332,0.025000000000000022
M2,5,Dreyer2023,74,0.735,0.775,0.03999999999999996,0.023333333333333317
M2,5,Dreyer2023,75,0.7583333333333334,0.775,0.01666666666666666,-0.006666666666666599
M2,5,Dreyer2023,76,0.8216666666666667,0.8583333333333334,0.03666666666666666,0.0016666666666667052
M2,5,Dreyer2023,77,0.8233333333333333,0.8516666666666666,0.02833333333333332,0.0016666666666665941
M2,5,Dreyer2023,80,0.7116666666666667,0.7566666666666666,0.045,-0.00666666666666671
M2,5,Dreyer2023,81,0.8299999999999998,0.8333333333333333,0.003333333333333321,-0.023333333333333428
M2,5,Dreyer2023,82,0.795,0.7916666666666666,-0.003333333333333341,0.019999999999999907
M2,5,Dreyer2023,83,0.6883333333333334,0.6816666666666666,-0.006666666666666698,0.008333333333333304
M2,5,Dreyer2023,84,0.8333333333333334,0.8383333333333333,0.005,-0.01666666666666683
M2,5,Dreyer2023,85,0.735,0.7633333333333334,0.02833333333333332,-0.020000000000000018
M2,5,Dreyer2023,86,0.8383333333333333,0.8283333333333334,-0.01,-0.0050000000000000044
M2,5,Dreyer2023,87,0.7833333333333334,0.7816666666666666,-0.0016666666666666995,-0.0033333333333332993
M2,5,PhysionetMI,1,0.8356060606060606,0.843939393939394,0.008333333333333321,0.008333333333333415
M2,5,PhysionetMI,2,0.8946153846153846,0.9099999999999999,0.01538461538461534,0.0
M2,5,PhysionetMI,3,0.9484848484848485,0.9568181818181817,0.0083333333333333,-0.00909090909090915
M2,5,PhysionetMI,4,0.9196969696969697,0.9371212121212121,0.017424242424242422,0.045454545454545525
M2,5,PhysionetMI,5,0.7204545454545455,0.7431818181818182,0.02272727272727278,0.023484848484848442
M2,5,PhysionetMI,6,0.8825757575757576,0.8977272727272728,0.015151515151515138,0.0242424242424244
M2,5,PhysionetMI,7,0.9825757575757577,0.9825757575757574,0.0,0.0
M2,5,PhysionetMI,8,0.8325757575757574,0.8613636363636363,0.02878787878787884,0.021212121212121238
M2,5,PhysionetMI,9,0.9076923076923077,0.9207692307692309,0.01307692307692312,0.013076923076923097
M2,5,PhysionetMI,10,0.7276923076923077,0.7538461538461539,0.026153846153846177,0.0
M2,5,PhysionetMI,11,0.725,0.7333333333333333,0.00833333333333334,0.01666666666666672
M2,5,PhysionetMI,12,0.8643939393939395,0.8651515151515152,0.0007575757575757402,0.0
M2,5,PhysionetMI,13,0.803030303030303,0.759090909090909,-0.043939393939393875,0.0037878787878787845
M2,5,PhysionetMI,14,0.7734848484848486,0.796969696969697,0.02348484848484844,-0.002272727272727204
M2,5,PhysionetMI,15,0.9284615384615386,0.9669230769230769,0.03846153846153844,0.023076923076922995
M2,5,PhysionetMI,16,0.6053030303030302,0.6962121212121213,0.09090909090909094,0.01969696969696977
M2,5,PhysionetMI,17,0.803030303030303,0.8265151515151515,0.02348484848484856,0.040909090909091006
M2,5,PhysionetMI,18,1.0,1.0,0.0,0.0
M2,5,PhysionetMI,19,0.9106060606060605,0.8863636363636364,-0.02424242424242422,0.0
M2,5,PhysionetMI,20,0.9045454545454547,0.9053030303030303,0.0007575757575757402,0.009090909090909038
M2,5,PhysionetMI,21,0.759090909090909,0.7287878787878788,-0.03030303030303024,-0.048484848484848575
M2,5,PhysionetMI,22,0.9636363636363636,0.9545454545454547,-0.00909090909090908,0.0
M2,5,PhysionetMI,23,0.7838461538461539,0.8092307692307692,0.02538461538461536,0.0
M2,5,PhysionetMI,24,0.7863636363636364,0.7833333333333334,-0.0030303030303030195,0.015151515151515138
M2,5,PhysionetMI,25,0.5954545454545455,0.5446969696969697,-0.05075757575757568,-0.024242424242424288
M2,5,PhysionetMI,26,0.6407692307692308,0.5923076923076923,-0.04846153846153843,-0.0007692307692307443
M2,5,PhysionetMI,27,0.8696969696969697,0.825,-0.04469696969696968,-0.018939393939394034
M2,5,PhysionetMI,28,0.7984848484848485,0.8431818181818181,0.04469696969696968,0.00909090909090915
M2,5,PhysionetMI,29,0.7386363636363636,0.7462121212121212,0.0075757575757575595,0.0
M2,5,PhysionetMI,30,0.8583333333333334,0.8590909090909091,0.000757575757575761,-0.024242424242424288
M2,5,PhysionetMI,31,0.7416666666666667,0.7219696969696969,-0.01969696969696974,0.006060606060605989
M2,5,PhysionetMI,32,0.9323076923076924,0.9069230769230769,-0.02538461538461536,-0.023076923076923106
M2,5,PhysionetMI,33,0.9295454545454545,0.9371212121212121,0.00757575757575758,0.015909090909090873
M2,5,PhysionetMI,34,0.8215384615384614,0.8515384615384616,0.03,0.03230769230769237
M2,5,PhysionetMI,35,0.8143939393939394,0.8318181818181818,0.01742424242424242,0.017424242424242342
M2,5,PhysionetMI,36,0.9113636363636364,0.8704545454545455,-0.04090909090909084,-0.014393939393939292
M2,5,PhysionetMI,37,0.6795454545454545,0.7022727272727274,0.022727272727272742,0.06363636363636371
M2,5,PhysionetMI,38,0.49469696969696975,0.45530303030303027,-0.039393939393939426,-0.06666666666666671
M2,5,PhysionetMI,39,0.7454545454545455,0.7681818181818183,0.02272727272727278,0.01666666666666672
M2,5,PhysionetMI,40,0.9818181818181818,0.9333333333333332,-0.04848484848484848,-0.048484848484848575
M2,5,PhysionetMI,41,0.9692307692307693,0.9615384615384617,-0.007692307692307681,-0.01538461538461533
M2,5,PhysionetMI,42,0.8916666666666668,0.8893939393939394,-0.002272727272727297,-0.002272727272727426
M2,5,PhysionetMI,43,0.8212121212121211,0.8378787878787879,0.01666666666666668,0.0
M2,5,PhysionetMI,44,0.8606060606060606,0.8878787878787879,0.027272727272727237,-0.00909090909090915
M2,5,PhysionetMI,45,0.7984848484848485,0.793939393939394,-0.004545454545454521,-0.020454545454545503
M2,5,PhysionetMI,46,0.7424242424242424,0.7803030303030303,0.03787878787878786,0.019696969696969657
M2,5,PhysionetMI,47,0.7348484848484849,0.75,0.01515151515151512,-0.015909090909090984
M2,5,PhysionetMI,48,0.990909090909091,1.0,0.00909090909090908,0.0
M2,5,PhysionetMI,49,0.7628787878787879,0.7727272727272727,0.0098484848484848,-0.015909090909090984
M2,5,PhysionetMI,50,0.7803030303030303,0.7803030303030303,-1.9428902930940238e-17,0.009848484848484884
M2,5,PhysionetMI,51,0.8242424242424242,0.8666666666666668,0.04242424242424242,-0.009090909090908927
M2,5,PhysionetMI,52,0.8661538461538463,0.883846153846154,0.01769230769230768,-0.002307692307692233
M2,5,PhysionetMI,53,0.9015151515151516,0.8825757575757576,-0.01893939393939392,-0.027272727272727337
M2,5,PhysionetMI,54,0.8909090909090909,0.8856060606060605,-0.005303030303030259,0.02045454545454528
M2,5,PhysionetMI,55,0.8462121212121213,0.8787878787878787,0.03257575757575752,0.016666666666666607
M2,5,PhysionetMI,56,0.8356060606060606,0.8265151515151515,-0.00909090909090904,-0.024242424242424288
M2,5,PhysionetMI,57,0.949242424242424,0.9666666666666665,0.01742424242424242,0.0
M2,5,PhysionetMI,58,0.8161538461538462,0.8430769230769231,0.026923076923076876,0.05999999999999994
M2,5,PhysionetMI,59,0.6659090909090909,0.6598484848484849,-0.006060606060606019,-0.030303030303030276
M2,5,PhysionetMI,60,0.8884615384615385,0.8538461538461538,-0.0346153846153846,-0.004615384615384577
M2,5,PhysionetMI,61,0.9545454545454547,0.9545454545454547,0.0,0.0
M2,5,PhysionetMI,62,0.9583333333333333,0.9333333333333333,-0.02499999999999994,0.0
M2,5,PhysionetMI,63,0.7287878787878788,0.8030303030303031,0.07424242424242426,0.012878787878787934
M2,5,PhysionetMI,64,0.7621212121212122,0.7553030303030303,-0.0068181818181818395,0.0007575757575757347
M2,5,PhysionetMI,65,0.9242424242424242,0.9416666666666667,0.01742424242424236,0.016666666666666496
M2,5,PhysionetMI,66,0.7704545454545455,0.7871212121212121,0.016666666666666642,0.017424242424242342
M2,5,PhysionetMI,67,0.7916666666666666,0.7575757575757576,-0.034090909090909,0.0
M2,5,PhysionetMI,68,0.6727272727272727,0.7234848484848485,0.050757575757575724,0.015909090909090873
M2,5,PhysionetMI,69,0.8284615384615386,0.8607692307692307,0.03230769230769228,0.009230769230769154
M2,5,PhysionetMI,70,0.9659090909090908,0.9742424242424242,0.00833333333333334,-0.008333333333333415
M2,5,PhysionetMI,71,0.9143939393939393,0.8977272727272727,-0.01666666666666662,0.016666666666666607
M2,5,PhysionetMI,72,1.0,0.9734848484848484,-0.026515151515151502,-0.008333333333333415
M2,5,PhysionetMI,73,0.7568181818181818,0.7522727272727273,-0.004545454545454561,-0.006818181818181834
M2,5,PhysionetMI,74,0.7575757575757576,0.7674242424242425,0.009848484848484839,-0.0060606060606061
M2,5,PhysionetMI,75,0.6606060606060606,0.671969696969697,0.011363636363636239,0.0
M2,5,PhysionetMI,76,0.5515151515151515,0.5553030303030303,0.0037878787878788214,-0.015151515151515249
M2,5,PhysionetMI,77,0.6037878787878788,0.6401515151515151,0.03636363636363636,0.018939393939393923
M2,5,PhysionetMI,78,0.5621212121212121,0.5886363636363636,0.0265151515151515,0.025757575757575757
M2,5,PhysionetMI,79,0.7515151515151516,0.7431818181818182,-0.008333333333333321,-0.008333333333333415
M2,5,PhysionetMI,80,0.7907692307692308,0.8576923076923076,0.06692307692307689,0.06153846153846143
M2,5,PhysionetMI,81,0.8704545454545455,0.8734848484848486,0.0030303030303030195,0.0015151515151515804
M2,5,PhysionetMI,82,0.8113636363636363,0.8954545454545455,0.08409090909090902,0.05833333333333335
M2,5,PhysionetMI,83,0.7215384615384616,0.7284615384615385,0.006923076923076902,-0.005384615384615432
M2,5,PhysionetMI,84,0.8825757575757576,0.8454545454545455,-0.03712121212121208,-0.0007575757575758457
M2,5,PhysionetMI,85,0.8878787878787879,0.8325757575757576,-0.05530303030303032,-0.0553030303030303
M2,5,PhysionetMI,86,0.9846153846153847,0.976923076923077,-0.007692307692307681,0.0
M2,5,PhysionetMI,87,0.6386363636363636,0.6242424242424243,-0.014393939393939343,-0.015151515151515138
M2,5,PhysionetMI,90,0.8727272727272727,0.8553030303030302,-0.01742424242424242,-0.018181818181818188
M2,5,PhysionetMI,91,0.9166666666666666,0.8916666666666666,-0.025,0.0
M2,5,PhysionetMI,93,0.7886363636363637,0.7795454545454545,-0.00909090909090908,-0.016666666666666607
M2,5,PhysionetMI,94,0.7954545454545455,0.7780303030303031,-0.017424242424242398,0.0007575757575757347
M2,5,PhysionetMI,95,0.6515384615384615,0.6238461538461538,-0.0276923076923077,0.002307692307692233
M2,5,PhysionetMI,96,0.8583333333333332,0.8477272727272727,-0.010606060606060518,-0.018939393939393923
M2,5,PhysionetMI,97,0.7696969696969697,0.8053030303030303,0.035606060606060655,0.018181818181818188
M2,5,PhysionetMI,98,0.4621212121212121,0.44469696969696965,-0.0174242424242424,-0.008333333333333304
M2,5,PhysionetMI,99,0.6151515151515151,0.6651515151515152,0.049999999999999975,0.03409090909090906
M2,5,PhysionetMI,101,0.8976923076923077,0.9315384615384616,0.033846153846153845,0.0361538461538462
M2,5,PhysionetMI,102,0.7416666666666667,0.8378787878787879,0.09621212121212117,0.0757575757575758
M2,5,PhysionetMI,103,0.8575757575757577,0.8492424242424242,-0.008333333333333363,-0.02651515151515149
M2,5,PhysionetMI,105,0.9068181818181819,0.890909090909091,-0.015909090909090838,0.0
M2,5,PhysionetMI,107,0.5553030303030303,0.5280303030303031,-0.027272727272727237,-0.028787878787878807
M2,5,PhysionetMI,108,0.8537878787878788,0.8462121212121213,-0.00757575757575756,0.00909090909090915
M2,5,PhysionetMI,109,0.6537878787878788,0.7204545454545455,0.06666666666666667,0.006818181818181834
M2,10,Cho2017,1,0.642,0.624,-0.017999999999999922,0.008000000000000007
M2,10,Cho2017,2,0.524,0.55,0.025999999999999985,0.014000000000000012
M2,10,Cho2017,3,0.6719999999999999,0.812,0.13999999999999999,0.03600000000000003
M2,10,Cho2017,4,0.64,0.6839999999999999,0.04399999999999994,0.08599999999999985
M2,10,Cho2017,5,1.0,0.998,-0.002,0.0
M2,10,Cho2017,6,0.8140000000000001,0.798,-0.01599999999999998,-0.0119999999999999
M2,10,Cho2017,7,0.5033333333333333,0.5266666666666666,0.02333333333333336,-0.021666666666666723
M2,10,Cho2017,8,0.54,0.544,0.004000000000000038,0.0040000000000000036
M2,10,Cho2017,9,0.5433333333333333,0.6,0.05666666666666664,0.011666666666666714
M2,10,Cho2017,10,0.5820000000000001,0.5780000000000001,-0.003999999999999978,-0.0019999999999998908
M2,10,Cho2017,11,0.604,0.618,0.014000000000000021,0.0040000000000000036
M2,10,Cho2017,12,0.514,0.5820000000000001,0.06799999999999994,0.02400000000000002
M2,10,Cho2017,13,0.8460000000000001,0.9259999999999999,0.07999999999999992,0.03799999999999981
M2,10,Cho2017,14,0.7220000000000001,0.8240000000000001,0.10199999999999998,0.038000000000000034
M2,10,Cho2017,15,0.52,0.556,0.035999999999999976,-0.006000000000000005
M2,10,Cho2017,16,0.626,0.6859999999999999,0.05999999999999994,0.04399999999999993
M2,10,Cho2017,17,0.55,0.558,0.007999999999999978,0.028000000000000025
M2,10,Cho2017,18,0.6140000000000001,0.608,-0.006000000000000021,0.016000000000000014
M2,10,Cho2017,19,0.522,0.54,0.01799999999999998,0.008000000000000007
M2,10,Cho2017,20,0.5660000000000001,0.624,0.05799999999999994,0.05799999999999994
M2,10,Cho2017,21,0.546,0.604,0.05799999999999994,0.0
M2,10,Cho2017,22,0.592,0.618,0.02599999999999994,-0.02199999999999991
M2,10,Cho2017,23,0.562,0.612,0.04999999999999996,0.018000000000000016
M2,10,Cho2017,24,0.49399999999999994,0.552,0.057999999999999975,0.02200000000000002
M2,10,Cho2017,25,0.554,0.584,0.02999999999999998,0.016000000000000014
M2,10,Cho2017,26,0.99,0.9879999999999999,-0.002,0.0
M2,10,Cho2017,27,0.5660000000000001,0.5640000000000001,-0.0019999999999999823,0.0040000000000000036
M2,10,Cho2017,28,0.5820000000000001,0.632,0.04999999999999992,0.04400000000000004
M2,10,Cho2017,29,0.502,0.48200000000000004,-0.01999999999999998,-0.013999999999999957
M2,10,Cho2017,30,0.638,0.64,0.0020000000000000005,0.02400000000000002
M2,10,Cho2017,31,0.548,0.592,0.044,0.061999999999999944
M2,10,Cho2017,32,0.534,0.552,0.018000000000000023,0.03200000000000003
M2,10,Cho2017,33,0.5860000000000001,0.552,-0.03399999999999996,0.010000000000000009
M2,10,Cho2017,34,0.548,0.58,0.03199999999999994,0.029999999999999916
M2,10,Cho2017,35,0.396,0.43,0.033999999999999975,0.00599999999999995
M2,10,Cho2017,36,0.534,0.558,0.024,-0.017999999999999905
M2,10,Cho2017,37,0.874,0.866,-0.00799999999999998,0.009999999999999898
M2,10,Cho2017,38,0.5780000000000001,0.608,0.02999999999999998,0.017999999999999905
M2,10,Cho2017,39,0.528,0.544,0.016000000000000018,-0.006000000000000005
M2,10,Cho2017,40,0.528,0.49800000000000005,-0.02999999999999998,-0.013999999999999957
M2,10,Cho2017,41,0.616,0.648,0.03199999999999996,-0.013999999999999901
M2,10,Cho2017,42,0.542,0.5800000000000001,0.037999999999999964,0.020000000000000018
M2,10,Cho2017,43,1.0,1.0,0.0,0.0
M2,10,Cho2017,44,0.9359999999999999,0.952,0.016,0.010000000000000009
M2,10,Cho2017,45,0.538,0.5720000000000001,0.03399999999999996,-0.0039999999999998925
M2,10,Cho2017,46,0.5483333333333333,0.58,0.031666666666666635,-0.01000000000000012
M2,10,Cho2017,47,0.8380000000000001,0.8220000000000001,-0.01599999999999998,0.002000000000000113
M2,10,Cho2017,48,0.662,0.72,0.05799999999999994,0.04200000000000004
M2,10,Cho2017,49,0.994,1.0,0.006,0.0020000000000000018
M2,10,Cho2017,50,0.95,0.99,0.03999999999999998,0.009999999999999898
M2,10,Cho2017,51,0.56,0.6519999999999999,0.09199999999999993,0.017999999999999905
M2,10,Cho2017,52,0.604,0.6599999999999999,0.05599999999999994,0.08599999999999985
M2,10,Dreyer2023,1,0.8850000000000001,0.9099999999999999,0.02499999999999994,0.004999999999999893
M2,10,Dreyer2023,2,0.6833333333333333,0.655,-0.0283333333333333,-0.026666666666666616
M2,10,Dreyer2023,3,0.8183333333333334,0.825,0.006666666666666601,-0.00666666666666671
M2,10,Dreyer2023,5,0.8766666666666667,0.89,0.01333333333333328,-0.004999999999999893
M2,10,Dreyer2023,6,0.7716666666666667,0.8283333333333334,0.056666666666666664,0.021666666666666723
M2,10,Dreyer2023,7,0.9766666666666666,0.9683333333333332,-0.00833333333333334,0.004999999999999893
M2,10,Dreyer2023,8,0.8266666666666665,0.8666666666666666,0.03999999999999998,0.006666666666666599
M2,10,Dreyer2023,10,0.9116666666666667,0.9299999999999999,0.018333333333333295,0.0033333333333334103
M2,10,Dreyer2023,11,0.6316666666666666,0.6516666666666666,0.019999999999999983,0.018333333333333313
M2,10,Dreyer2023,12,0.8949999999999999,0.9266666666666665,0.03166666666666662,0.0
M2,10,Dreyer2023,13,0.7566666666666666,0.7483333333333333,-0.00833333333333332,0.0
M2,10,Dreyer2023,14,0.6916666666666667,0.7083333333333334,0.01666666666666668,0.008333333333333415
M2,10,Dreyer2023,15,0.9266666666666665,0.9400000000000001,0.013333333333333319,0.01333333333333353
M2,10,Dreyer2023,16,0.8266666666666668,0.8616666666666667,0.03499999999999994,0.03500000000000014
M2,10,Dreyer2023,18,0.9066666666666666,0.9483333333333335,0.041666666666666644,0.0033333333333335213
M2,10,Dreyer2023,19,0.8949999999999999,0.9233333333333332,0.02833333333333326,0.0183333333333332
M2,10,Dreyer2023,20,0.8966666666666667,0.9233333333333335,0.026666666666666637,0.0016666666666668162
M2,10,Dreyer2023,21,0.9116666666666665,0.9399999999999998,0.0283333333333333,0.013333333333333086
M2,10,Dreyer2023,22,0.9283333333333333,0.8550000000000001,-0.07333333333333329,-0.04833333333333323
M2,10,Dreyer2023,23,0.7366666666666667,0.7833333333333333,0.04666666666666664,0.013333333333333308
M2,10,Dreyer2023,24,0.9399999999999998,0.9633333333333333,0.023333333333333282,-0.0016666666666668162
M2,10,Dreyer2023,25,0.67,0.7083333333333333,0.03833333333333328,-0.006666666666666821
M2,10,Dreyer2023,26,0.7783333333333333,0.805,0.026666666666666616,-0.029999999999999916
M2,10,Dreyer2023,27,0.8066666666666666,0.7983333333333333,-0.008333333333333321,1.1102230246251565e-16
M2,10,Dreyer2023,28,0.7716666666666667,0.805,0.03333333333333334,0.0016666666666667052
M2,10,Dreyer2023,30,0.7116666666666667,0.745,0.0333333333333333,0.0033333333333334103
M2,10,Dreyer2023,31,0.8733333333333333,0.9183333333333333,0.044999999999999984,0.009999999999999898
M2,10,Dreyer2023,32,0.845,0.9033333333333333,0.05833333333333328,0.006666666666666599
M2,10,Dreyer2023,33,0.795,0.7666666666666666,-0.02833333333333336,-0.010000000000000009
M2,10,Dreyer2023,34,0.7933333333333333,0.8416666666666668,0.0483333333333333,-0.014999999999999902
M2,10,Dreyer2023,35,0.7499999999999999,0.7849999999999999,0.03500000000000002,0.0033333333333332993
M2,10,Dreyer2023,36,0.7983333333333332,0.78,-0.01833333333333332,-0.06499999999999995
M2,10,Dreyer2023,37,0.735,0.735,-2.0122792321330962e-17,0.029999999999999916
M2,10,Dreyer2023,38,0.8533333333333333,0.8433333333333334,-0.010000000000000023,-0.030000000000000027
M2,10,Dreyer2023,39,0.9183333333333333,0.945,0.02666666666666666,-0.0016666666666667052
M2,10,Dreyer2023,40,0.8534482758620691,0.8793103448275863,0.025862068965517283,0.012068965517241459
M2,10,Dreyer2023,42,0.74,0.8133333333333332,0.07333333333333324,0.016666666666666607
M2,10,Dreyer2023,43,0.8816666666666666,0.9033333333333333,0.02166666666666664,0.0
M2,10,Dreyer2023,44,0.6466666666666667,0.6866666666666666,0.03999999999999996,0.021666666666666612
M2,10,Dreyer2023,45,0.7466666666666667,0.8266666666666665,0.07999999999999999,0.013333333333333308
M2,10,Dreyer2023,46,0.7366666666666667,0.7633333333333333,0.026666666666666623,-0.0016666666666667052
M2,10,Dreyer2023,47,0.8949999999999999,0.8949999999999999,-2.0122792321330962e-17,-0.0050000000000001155
M2,10,Dreyer2023,48,0.6683333333333333,0.6633333333333333,-0.00499999999999994,-0.013333333333333308
M2,10,Dreyer2023,49,0.7833333333333333,0.8183333333333334,0.03499999999999998,-0.0016666666666665941
M2,10,Dreyer2023,50,0.6166666666666666,0.65,0.03333333333333332,0.023333333333333317
M2,10,Dreyer2023,51,0.7466666666666667,0.75,0.003333333333333321,-0.030000000000000027
M2,10,Dreyer2023,52,0.7966666666666666,0.8099999999999999,0.0133333333333333,-0.025000000000000022
M2,10,Dreyer2023,53,0.7866666666666667,0.8266666666666668,0.03999999999999998,-0.0033333333333332993
M2,10,Dreyer2023,54,0.7016666666666667,0.7300000000000001,0.028333333333333377,-0.0050000000000000044
M2,10,Dreyer2023,55,0.9366666666666668,0.9416666666666667,0.00499999999999994,0.008333333333333415
M2,10,Dreyer2023,56,0.9200000000000002,0.925,0.004999999999999978,-0.009999999999999898
M2,10,Dreyer2023,57,0.635,0.7,0.06499999999999996,0.04499999999999993
M2,10,Dreyer2023,58,0.9233333333333332,0.9566666666666667,0.033333333333333284,-0.0016666666666665941
M2,10,Dreyer2023,59,0.78,0.7725,-0.00750000000000006,-0.040000000000000036
M2,10,Dreyer2023,60,0.8066666666666666,0.86,0.05333333333333332,-0.0050000000000000044
M2,10,Dreyer2023,61,0.8633333333333333,0.865,0.001666666666666619,-0.02833333333333332
M2,10,Dreyer2023,62,0.7416666666666667,0.7616666666666666,0.01999999999999994,-0.01666666666666672
M2,10,Dreyer2023,63,0.8133333333333332,0.8383333333333333,0.025,-0.011666666666666714
M2,10,Dreyer2023,64,0.765,0.7983333333333333,0.03333333333333331,0.04833333333333334
M2,10,Dreyer2023,65,0.835,0.8483333333333334,0.01333333333333334,0.008333333333333304
M2,10,Dreyer2023,66,0.7583333333333334,0.7266666666666667,-0.03166666666666666,0.0
M2,10,Dreyer2023,67,0.7916666666666666,0.8033333333333333,0.011666666666666662,-0.008333333333333415
M2,10,Dreyer2023,68,0.7383333333333334,0.7733333333333333,0.03499999999999994,0.043333333333333335
M2,10,Dreyer2023,69,0.8516666666666666,0.82,-0.03166666666666666,-0.006666666666666599
M2,10,Dreyer2023,70,0.6716666666666666,0.6683333333333333,-0.0033333333333333596,-0.0050000000000000044
M2,10,Dreyer2023,71,0.8550000000000001,0.8433333333333334,-0.01166666666666668,-0.0016666666666665941
M2,10,Dreyer2023,72,0.8099999999999999,0.8366666666666667,0.026666666666666637,0.006666666666666599
M2,10,Dreyer2023,73,0.7466666666666667,0.8116666666666668,0.06499999999999992,0.056666666666666754
M2,10,Dreyer2023,74,0.735,0.7533333333333333,0.01833333333333334,0.0016666666666665941
M2,10,Dreyer2023,75,0.7583333333333334,0.7616666666666666,0.0033333333333333,-0.020000000000000018
M2,10,Dreyer2023,76,0.8216666666666667,0.8800000000000001,0.05833333333333328,0.023333333333333428
M2,10,Dreyer2023,77,0.8233333333333333,0.8366666666666667,0.013333333333333383,-0.013333333333333308
M2,10,Dreyer2023,80,0.7116666666666667,0.75,0.038333333333333316,-0.013333333333333308
M2,10,Dreyer2023,81,0.8299999999999998,0.8466666666666667,0.016666666666666642,-0.010000000000000009
M2,10,Dreyer2023,82,0.795,0.79,-0.005000000000000002,0.018333333333333313
M2,10,Dreyer2023,83,0.6883333333333334,0.6799999999999999,-0.00833333333333336,0.006666666666666599
M2,10,Dreyer2023,84,0.8333333333333334,0.86,0.026666666666666637,0.004999999999999893
M2,10,Dreyer2023,85,0.735,0.7816666666666666,0.04666666666666662,-0.0016666666666668162
M2,10,Dreyer2023,86,0.8383333333333333,0.8433333333333334,0.005,0.010000000000000009
M2,10,Dreyer2023,87,0.7833333333333334,0.7633333333333333,-0.02000000000000002,-0.021666666666666612
M2,10,PhysionetMI,1,0.8356060606060606,0.8431818181818181,0.0075757575757575595,0.007575757575757569
M2,10,PhysionetMI,2,0.8946153846153846,0.9,0.00538461538461536,-0.009999999999999898
M2,10,PhysionetMI,3,0.9484848484848485,0.9659090909090908,0.01742424242424238,0.0
M2,10,PhysionetMI,4,0.9196969696969697,0.918939393939394,-0.0007575757575757402,0.027272727272727337
M2,10,PhysionetMI,5,0.7204545454545455,0.7250000000000001,0.0045454545454546025,0.005303030303030365
M2,10,PhysionetMI,6,0.8825757575757576,0.8795454545454546,-0.003030303030303,0.006060606060606211
M2,10,PhysionetMI,7,0.9825757575757577,0.9825757575757574,0.0,0.0
M2,10,PhysionetMI,8,0.8325757575757574,0.8507575757575758,0.01818181818181824,0.01060606060606073
M2,10,PhysionetMI,9,0.9076923076923077,0.9084615384615387,0.0007692307692307998,0.0007692307692308553
M2,10,PhysionetMI,10,0.7276923076923077,0.7592307692307693,0.031538461538461536,0.005384615384615321
M2,10,PhysionetMI,11,0.725,0.7242424242424242,-0.0007575757575757194,0.00757575757575768
M2,10,PhysionetMI,12,0.8643939393939395,0.8734848484848484,0.009090909090909061,0.008333333333333193
M2,10,PhysionetMI,13,0.803030303030303,0.7181818181818181,-0.08484848484848476,-0.03712121212121211
M2,10,PhysionetMI,14,0.7734848484848486,0.7803030303030303,0.006818181818181798,-0.018939393939393923
M2,10,PhysionetMI,15,0.9284615384615386,0.9669230769230769,0.03846153846153844,0.023076923076922995
M2,10,PhysionetMI,16,0.6053030303030302,0.6954545454545455,0.09015151515151518,0.018939393939394034
M2,10,PhysionetMI,17,0.803030303030303,0.8598484848484848,0.05681818181818186,0.07424242424242422
M2,10,PhysionetMI,18,1.0,1.0,0.0,0.0
M2,10,PhysionetMI,19,0.9106060606060605,0.8863636363636364,-0.02424242424242422,0.0
M2,10,PhysionetMI,20,0.9045454545454547,0.9303030303030303,0.02575757575757574,0.03409090909090906
M2,10,PhysionetMI,21,0.759090909090909,0.7833333333333334,0.02424242424242432,0.0060606060606061
M2,10,PhysionetMI,22,0.9636363636363636,0.9545454545454547,-0.00909090909090908,0.0
M2,10,PhysionetMI,23,0.7838461538461539,0.8092307692307692,0.02538461538461536,0.0
M2,10,PhysionetMI,24,0.7863636363636364,0.7712121212121212,-0.015151515151515157,0.003030303030302939
M2,10,PhysionetMI,25,0.5954545454545455,0.5234848484848484,-0.07196969696969698,-0.045454545454545525
M2,10,PhysionetMI,26,0.6407692307692308,0.5753846153846154,-0.06538461538461532,-0.017692307692307674
M2,10,PhysionetMI,27,0.8696969696969697,0.8431818181818181,-0.026515151515151502,-0.0007575757575758457
M2,10,PhysionetMI,28,0.7984848484848485,0.8537878787878788,0.05530303030303028,0.01969696969696977
M2,10,PhysionetMI,29,0.7386363636363636,0.8128787878787879,0.07424242424242426,0.06666666666666665
M2,10,PhysionetMI,30,0.8583333333333334,0.8916666666666668,0.03333333333333332,0.008333333333333415
M2,10,PhysionetMI,31,0.7416666666666667,0.7386363636363636,-0.0030303030303030784,0.022727272727272707
M2,10,PhysionetMI,32,0.9323076923076924,0.93,-0.00230769230769232,0.0
M2,10,PhysionetMI,33,0.9295454545454545,0.9371212121212121,0.00757575757575758,0.015909090909090873
M2,10,PhysionetMI,34,0.8215384615384614,0.8515384615384616,0.03,0.03230769230769237
M2,10,PhysionetMI,35,0.8143939393939394,0.840909090909091,0.026515151515151502,0.026515151515151603
M2,10,PhysionetMI,36,0.9113636363636364,0.8409090909090908,-0.07045454545454541,-0.043939393939393945
M2,10,PhysionetMI,37,0.6795454545454545,0.7462121212121212,0.06666666666666662,0.10757575757575755
M2,10,PhysionetMI,38,0.49469696969696975,0.5106060606060605,0.0159090909090909,-0.011363636363636465
M2,10,PhysionetMI,39,0.7454545454545455,0.6931818181818181,-0.05227272727272721,-0.05833333333333346
M2,10,PhysionetMI,40,0.9818181818181818,0.9242424242424242,-0.05757575757575758,-0.05757575757575761
M2,10,PhysionetMI,41,0.9692307692307693,0.9692307692307693,0.0,-0.007692307692307665
M2,10,PhysionetMI,42,0.8916666666666668,0.9325757575757576,0.04090909090909088,0.040909090909090784
M2,10,PhysionetMI,43,0.8212121212121211,0.8371212121212122,0.01590909090909092,-0.0007575757575757347
M2,10,PhysionetMI,44,0.8606060606060606,0.8969696969696971,0.03636363636363634,0.0
M2,10,PhysionetMI,45,0.7984848484848485,0.8022727272727274,0.003787878787878801,-0.012121212121212088
M2,10,PhysionetMI,46,0.7424242424242424,0.7522727272727273,0.009848484848484839,-0.008333333333333304
M2,10,PhysionetMI,47,0.7348484848484849,0.7295454545454545,-0.005303030303030301,-0.03636363636363649
M2,10,PhysionetMI,48,0.990909090909091,1.0,0.00909090909090908,0.0
M2,10,PhysionetMI,49,0.7628787878787879,0.7553030303030303,-0.007575757575757599,-0.03333333333333344
M2,10,PhysionetMI,50,0.7803030303030303,0.8477272727272729,0.06742424242424241,0.07727272727272749
M2,10,PhysionetMI,51,0.8242424242424242,0.7643939393939394,-0.05984848484848482,-0.11136363636363633
M2,10,PhysionetMI,52,0.8661538461538463,0.883846153846154,0.01769230769230768,-0.002307692307692233
M2,10,PhysionetMI,53,0.9015151515151516,0.9098484848484849,0.00833333333333336,0.0
M2,10,PhysionetMI,54,0.8909090909090909,0.8803030303030303,-0.01060606060606058,0.015151515151515027
M2,10,PhysionetMI,55,0.8462121212121213,0.8598484848484848,0.013636363636363618,-0.002272727272727315
M2,10,PhysionetMI,56,0.8356060606060606,0.8431818181818181,0.00757575757575762,-0.00757575757575768
M2,10,PhysionetMI,57,0.949242424242424,0.949242424242424,0.0,-0.017424242424242453
M2,10,PhysionetMI,58,0.8161538461538462,0.883846153846154,0.06769230769230769,0.10076923076923083
M2,10,PhysionetMI,59,0.6659090909090909,0.6704545454545454,0.004545454545454561,-0.01969696969696977
M2,10,PhysionetMI,60,0.8884615384615385,0.8538461538461538,-0.0346153846153846,-0.004615384615384577
M2,10,PhysionetMI,61,0.9545454545454547,0.9545454545454547,0.0,0.0
M2,10,PhysionetMI,62,0.9583333333333333,0.9333333333333333,-0.02499999999999994,0.0
M2,10,PhysionetMI,63,0.7287878787878788,0.8090909090909092,0.08030303030303029,0.018939393939394034
M2,10,PhysionetMI,64,0.7621212121212122,0.8045454545454545,0.042424242424242364,0.04999999999999993
M2,10,PhysionetMI,65,0.9242424242424242,0.9499999999999998,0.02575757575757568,0.02499999999999969
M2,10,PhysionetMI,66,0.7704545454545455,0.7575757575757576,-0.01287878787878786,-0.0121212121212122
M2,10,PhysionetMI,67,0.7916666666666666,0.8045454545454545,0.012878787878787878,0.046969696969696884
M2,10,PhysionetMI,68,0.6727272727272727,0.7083333333333334,0.03560606060606058,0.0007575757575757347
M2,10,PhysionetMI,69,0.8284615384615386,0.8492307692307692,0.020769230769230762,-0.002307692307692344
M2,10,PhysionetMI,70,0.9659090909090908,0.9499999999999998,-0.0159090909090909,-0.03257575757575781
M2,10,PhysionetMI,71,0.9143939393939393,0.8719696969696968,-0.042424242424242364,-0.00909090909090926
M2,10,PhysionetMI,72,1.0,0.9818181818181818,-0.01818181818181816,0.0
M2,10,PhysionetMI,73,0.7568181818181818,0.7340909090909091,-0.02272727272727272,-0.025000000000000022
M2,10,PhysionetMI,74,0.7575757575757576,0.771969696969697,0.01439393939393934,-0.0015151515151515804
M2,10,PhysionetMI,75,0.6606060606060606,0.681060606060606,0.02045454545454542,0.009090909090909038
M2,10,PhysionetMI,76,0.5515151515151515,0.5378787878787878,-0.0136363636363636,-0.0325757575757577
M2,10,PhysionetMI,77,0.6037878787878788,0.6393939393939394,0.03560606060606062,0.018181818181818188
M2,10,PhysionetMI,78,0.5621212121212121,0.5522727272727274,-0.009848484848484839,-0.010606060606060508
M2,10,PhysionetMI,79,0.7515151515151516,0.7515151515151516,0.0,0.0
M2,10,PhysionetMI,80,0.7907692307692308,0.8523076923076923,0.0615384615384615,0.05615384615384611
M2,10,PhysionetMI,81,0.8704545454545455,0.8810606060606062,0.0106060606060606,0.00909090909090915
M2,10,PhysionetMI,82,0.8113636363636363,0.8704545454545455,0.05909090909090904,0.033333333333333326
M2,10,PhysionetMI,83,0.7215384615384616,0.7123076923076923,-0.00923076923076924,-0.021538461538461617
M2,10,PhysionetMI,84,0.8825757575757576,0.8492424242424242,-0.0333333333333333,0.003030303030302939
M2,10,PhysionetMI,85,0.8878787878787879,0.8575757575757577,-0.030303030303030342,-0.030303030303030276
M2,10,PhysionetMI,86,0.9846153846153847,0.976923076923077,-0.007692307692307681,0.0
M2,10,PhysionetMI,87,0.6386363636363636,0.6189393939393939,-0.0196969696969696,-0.020454545454545503
M2,10,PhysionetMI,90,0.8727272727272727,0.8643939393939395,-0.008333333333333321,-0.009090909090908927
M2,10,PhysionetMI,91,0.9166666666666666,0.8916666666666666,-0.025,0.0
M2,10,PhysionetMI,93,0.7886363636363637,0.7704545454545455,-0.018181818181818143,-0.025757575757575646
M2,10,PhysionetMI,94,0.7954545454545455,0.8045454545454545,0.00909090909090904,0.027272727272727115
M2,10,PhysionetMI,95,0.6515384615384615,0.6438461538461538,-0.00769230769230774,0.02230769230769225
M2,10,PhysionetMI,96,0.8583333333333332,0.8477272727272727,-0.010606060606060518,-0.018939393939393923
M2,10,PhysionetMI,97,0.7696969696969697,0.8045454545454545,0.03484848484848489,0.017424242424242342
M2,10,PhysionetMI,98,0.4621212121212121,0.4424242424242424,-0.019696969696969678,-0.010606060606060563
M2,10,PhysionetMI,99,0.6151515151515151,0.6075757575757577,-0.0075757575757575595,-0.023484848484848442
M2,10,PhysionetMI,101,0.8976923076923077,0.9184615384615386,0.02076923076923078,0.023076923076923106
M2,10,PhysionetMI,102,0.7416666666666667,0.7916666666666667,0.04999999999999994,0.029545454545454652
M2,10,PhysionetMI,103,0.8575757575757577,0.85,-0.007575757575757622,-0.025757575757575757
M2,10,PhysionetMI,105,0.9068181818181819,0.890909090909091,-0.015909090909090838,0.0
M2,10,PhysionetMI,107,0.5553030303030303,0.5659090909090909,0.0106060606060606,0.009090909090909038
M2,10,PhysionetMI,108,0.8537878787878788,0.8371212121212122,-0.01666666666666662,0.0
M2,10,PhysionetMI,109,0.6537878787878788,0.7196969696969697,0.06590909090909089,0.0060606060606061
M2,20,Cho2017,1,0.642,0.6300000000000001,-0.011999999999999938,0.014000000000000123
M2,20,Cho2017,2,0.524,0.542,0.01799999999999998,0.006000000000000005
M2,20,Cho2017,3,0.6719999999999999,0.812,0.14,0.03600000000000003
M2,20,Cho2017,4,0.64,0.6799999999999999,0.0399999999999999,0.08199999999999985
M2,20,Cho2017,5,1.0,0.998,-0.002,0.0
M2,20,Cho2017,6,0.8140000000000001,0.8,-0.01399999999999996,-0.009999999999999898
M2,20,Cho2017,7,0.5033333333333333,0.5283333333333333,0.025000000000000022,-0.020000000000000018
M2,20,Cho2017,8,0.54,0.546,0.006000000000000021,0.006000000000000005
M2,20,Cho2017,9,0.5433333333333333,0.6033333333333333,0.05999999999999996,0.015000000000000013
M2,20,Cho2017,10,0.5820000000000001,0.562,-0.01999999999999998,-0.017999999999999905
M2,20,Cho2017,11,0.604,0.624,0.01999999999999998,0.010000000000000009
M2,20,Cho2017,12,0.514,0.5700000000000001,0.05599999999999998,0.01200000000000001
M2,20,Cho2017,13,0.8460000000000001,0.922,0.07599999999999993,0.03399999999999992
M2,20,Cho2017,14,0.7220000000000001,0.8380000000000001,0.11599999999999996,0.052000000000000046
M2,20,Cho2017,15,0.52,0.548,0.028000000000000004,-0.014000000000000012
M2,20,Cho2017,16,0.626,0.6719999999999999,0.045999999999999944,0.029999999999999916
M2,20,Cho2017,17,0.55,0.55,-1.9428902930940238e-17,0.020000000000000018
M2,20,Cho2017,18,0.6140000000000001,0.608,-0.005999999999999979,0.016000000000000014
M2,20,Cho2017,19,0.522,0.522,-1.9428902930940238e-17,-0.010000000000000009
M2,20,Cho2017,20,0.5660000000000001,0.616,0.049999999999999975,0.04999999999999993
M2,20,Cho2017,21,0.546,0.602,0.05599999999999994,-0.0020000000000000018
M2,20,Cho2017,22,0.592,0.636,0.04399999999999994,-0.0039999999999998925
M2,20,Cho2017,23,0.562,0.61,0.04799999999999996,0.016000000000000014
M2,20,Cho2017,24,0.49399999999999994,0.556,0.06199999999999998,0.026000000000000023
M2,20,Cho2017,25,0.554,0.588,0.03399999999999992,0.020000000000000018
M2,20,Cho2017,26,0.99,0.9879999999999999,-0.002,0.0
M2,20,Cho2017,27,0.5660000000000001,0.5640000000000001,-0.0020000000000000005,0.0040000000000000036
M2,20,Cho2017,28,0.5820000000000001,0.682,0.09999999999999991,0.09400000000000008
M2,20,Cho2017,29,0.502,0.48,-0.022,-0.016000000000000014
M2,20,Cho2017,30,0.638,0.654,0.01599999999999998,0.038000000000000034
M2,20,Cho2017,31,0.548,0.576,0.02799999999999998,0.04599999999999993
M2,20,Cho2017,32,0.534,0.548,0.014000000000000018,0.028000000000000025
M2,20,Cho2017,33,0.5860000000000001,0.56,-0.02599999999999994,0.018000000000000016
M2,20,Cho2017,34,0.548,0.562,0.013999999999999999,0.01200000000000001
M2,20,Cho2017,35,0.396,0.42000000000000004,0.023999999999999976,-0.0040000000000000036
M2,20,Cho2017,36,0.534,0.58,0.045999999999999965,0.0040000000000000036
M2,20,Cho2017,37,0.874,0.86,-0.014000000000000002,0.0039999999999998925
M2,20,Cho2017,38,0.5780000000000001,0.594,0.01599999999999996,0.0039999999999998925
M2,20,Cho2017,39,0.528,0.5599999999999999,0.03199999999999998,0.009999999999999898
M2,20,Cho2017,40,0.528,0.508,-0.019999999999999997,-0.0040000000000000036
M2,20,Cho2017,41,0.616,0.6479999999999999,0.03199999999999994,-0.014000000000000012
M2,20,Cho2017,42,0.542,0.562,0.01999999999999998,0.0020000000000000018
M2,20,Cho2017,43,1.0,1.0,0.0,0.0
M2,20,Cho2017,44,0.9359999999999999,0.954,0.018000000000000002,0.01200000000000001
M2,20,Cho2017,45,0.538,0.584,0.045999999999999965,0.008000000000000007
M2,20,Cho2017,46,0.5483333333333333,0.59,0.041666666666666595,-1.1102230246251565e-16
M2,20,Cho2017,47,0.8380000000000001,0.842,0.004000000000000041,0.02200000000000002
M2,20,Cho2017,48,0.662,0.706,0.04399999999999996,0.028000000000000025
M2,20,Cho2017,49,0.994,1.0,0.006,0.0020000000000000018
M2,20,Cho2017,50,0.95,0.99,0.03999999999999998,0.009999999999999898
M2,20,Cho2017,51,0.56,0.6759999999999999,0.11599999999999995,0.041999999999999926
M2,20,Cho2017,52,0.604,0.6839999999999999,0.0799999999999999,0.10999999999999988
M2,20,Dreyer2023,1,0.8850000000000001,0.9116666666666667,0.026666666666666616,0.00666666666666671
M2,20,Dreyer2023,2,0.6833333333333333,0.6633333333333333,-0.01999999999999998,-0.018333333333333313
M2,20,Dreyer2023,3,0.8183333333333334,0.8316666666666667,0.013333333333333319,0.0
M2,20,Dreyer2023,5,0.8766666666666667,0.8983333333333332,0.02166666666666662,0.0033333333333332993
M2,20,Dreyer2023,6,0.7716666666666667,0.8233333333333335,0.05166666666666666,0.01666666666666683
M2,20,Dreyer2023,7,0.9766666666666666,0.9716666666666667,-0.004999999999999978,0.008333333333333415
M2,20,Dreyer2023,8,0.8266666666666665,0.8716666666666667,0.04499999999999998,0.011666666666666714
M2,20,Dreyer2023,10,0.9116666666666667,0.9333333333333332,0.02166666666666662,0.00666666666666671
M2,20,Dreyer2023,11,0.6316666666666666,0.6599999999999999,0.02833333333333332,0.026666666666666616
M2,20,Dreyer2023,12,0.8949999999999999,0.93,0.03499999999999994,0.0033333333333335213
M2,20,Dreyer2023,13,0.7566666666666666,0.74,-0.016666666666666642,-0.008333333333333304
M2,20,Dreyer2023,14,0.6916666666666667,0.7133333333333333,0.021666666666666643,0.013333333333333308
M2,20,Dreyer2023,15,0.9266666666666665,0.9349999999999999,0.00833333333333334,0.008333333333333415
M2,20,Dreyer2023,16,0.8266666666666668,0.86,0.03333333333333332,0.03333333333333344
M2,20,Dreyer2023,18,0.9066666666666666,0.9516666666666665,0.044999999999999964,0.006666666666666599
M2,20,Dreyer2023,19,0.8949999999999999,0.925,0.02999999999999998,0.020000000000000018
M2,20,Dreyer2023,20,0.8966666666666667,0.9199999999999999,0.0233333333333333,-0.0016666666666667052
M2,20,Dreyer2023,21,0.9116666666666665,0.9333333333333333,0.02166666666666666,0.006666666666666599
M2,20,Dreyer2023,22,0.9283333333333333,0.875,-0.053333333333333274,-0.02833333333333332
M2,20,Dreyer2023,23,0.7366666666666667,0.8,0.06333333333333332,0.030000000000000027
M2,20,Dreyer2023,24,0.9399999999999998,0.9633333333333333,0.02333333333333326,-0.0016666666666668162
M2,20,Dreyer2023,25,0.67,0.7,0.029999999999999936,-0.015000000000000124
M2,20,Dreyer2023,26,0.7783333333333333,0.865,0.08666666666666663,0.030000000000000027
M2,20,Dreyer2023,27,0.8066666666666666,0.8116666666666668,0.004999999999999981,0.01333333333333353
M2,20,Dreyer2023,28,0.7716666666666667,0.7433333333333334,-0.028333333333333276,-0.05999999999999994
M2,20,Dreyer2023,30,0.7116666666666667,0.7566666666666666,0.04499999999999994,0.015000000000000013
M2,20,Dreyer2023,31,0.8733333333333333,0.9116666666666667,0.038333333333333316,0.0033333333333332993
M2,20,Dreyer2023,32,0.845,0.9116666666666667,0.0666666666666666,0.015000000000000013
M2,20,Dreyer2023,33,0.795,0.7533333333333333,-0.041666666666666616,-0.023333333333333317
M2,20,Dreyer2023,34,0.7933333333333333,0.8416666666666666,0.04833333333333328,-0.015000000000000124
M2,20,Dreyer2023,35,0.7499999999999999,0.7883333333333333,0.038333333333333365,0.00666666666666671
M2,20,Dreyer2023,36,0.7983333333333332,0.82,0.021666666666666678,-0.025000000000000022
M2,20,Dreyer2023,37,0.735,0.7383333333333333,0.003333333333333341,0.033333333333333215
M2,20,Dreyer2023,38,0.8533333333333333,0.8800000000000001,0.026666666666666623,0.00666666666666671
M2,20,Dreyer2023,39,0.9183333333333333,0.9416666666666667,0.023333333333333338,-0.0050000000000000044
M2,20,Dreyer2023,40,0.8534482758620691,0.8724137931034482,0.01896551724137932,0.005172413793103403
M2,20,Dreyer2023,42,0.74,0.8066666666666666,0.06666666666666657,0.010000000000000009
M2,20,Dreyer2023,43,0.8816666666666666,0.9033333333333333,0.02166666666666664,0.0
M2,20,Dreyer2023,44,0.6466666666666667,0.6633333333333333,0.01666666666666668,-0.0016666666666667052
M2,20,Dreyer2023,45,0.7466666666666667,0.8266666666666668,0.08,0.01333333333333353
M2,20,Dreyer2023,46,0.7366666666666667,0.7783333333333333,0.041666666666666644,0.013333333333333308
M2,20,Dreyer2023,47,0.8949999999999999,0.8933333333333333,-0.0016666666666666802,-0.00666666666666671
M2,20,Dreyer2023,48,0.6683333333333333,0.6733333333333333,0.005000000000000021,-0.0033333333333332993
M2,20,Dreyer2023,49,0.7833333333333333,0.8216666666666667,0.038333333333333296,0.0016666666666667052
M2,20,Dreyer2023,50,0.6166666666666666,0.6416666666666666,0.02499999999999996,0.014999999999999902
M2,20,Dreyer2023,51,0.7466666666666667,0.775,0.02833333333333332,-0.0050000000000000044
M2,20,Dreyer2023,52,0.7966666666666666,0.8150000000000001,0.01833333333333332,-0.019999999999999907
M2,20,Dreyer2023,53,0.7866666666666667,0.8266666666666665,0.03999999999999994,-0.0033333333333335213
M2,20,Dreyer2023,54,0.7016666666666667,0.7466666666666667,0.045,0.011666666666666603
M2,20,Dreyer2023,55,0.9366666666666668,0.9366666666666665,-3.8857805861880476e-17,0.0033333333333332993
M2,20,Dreyer2023,56,0.9200000000000002,0.9333333333333333,0.0133333333333333,-0.0016666666666665941
M2,20,Dreyer2023,57,0.635,0.6883333333333332,0.0533333333333333,0.033333333333333215
M2,20,Dreyer2023,58,0.9233333333333332,0.9566666666666667,0.033333333333333284,-0.0016666666666665941
M2,20,Dreyer2023,59,0.78,0.775,-0.005000000000000041,-0.03749999999999998
M2,20,Dreyer2023,60,0.8066666666666666,0.8583333333333332,0.05166666666666664,-0.006666666666666821
M2,20,Dreyer2023,61,0.8633333333333333,0.8616666666666667,-0.0016666666666666796,-0.03166666666666662
M2,20,Dreyer2023,62,0.7416666666666667,0.7616666666666666,0.019999999999999962,-0.01666666666666672
M2,20,Dreyer2023,63,0.8133333333333332,0.8550000000000001,0.041666666666666616,0.0050000000000001155
M2,20,Dreyer2023,64,0.765,0.8016666666666665,0.03666666666666664,0.05166666666666653
M2,20,Dreyer2023,65,0.835,0.85,0.01499999999999998,0.009999999999999898
M2,20,Dreyer2023,66,0.7583333333333334,0.725,-0.03333333333333334,-0.0016666666666667052
M2,20,Dreyer2023,67,0.7916666666666666,0.8099999999999999,0.01833333333333332,-0.0016666666666668162
M2,20,Dreyer2023,68,0.7383333333333334,0.77,0.03166666666666664,0.040000000000000036
M2,20,Dreyer2023,69,0.8516666666666666,0.8366666666666667,-0.015000000000000003,0.01000000000000012
M2,20,Dreyer2023,70,0.6716666666666666,0.675,0.003333333333333298,0.0016666666666667052
M2,20,Dreyer2023,71,0.8550000000000001,0.8433333333333334,-0.011666666666666681,-0.0016666666666665941
M2,20,Dreyer2023,72,0.8099999999999999,0.8466666666666667,0.03666666666666668,0.016666666666666607
M2,20,Dreyer2023,73,0.7466666666666667,0.7966666666666666,0.049999999999999954,0.04166666666666663
M2,20,Dreyer2023,74,0.735,0.735,1.9428902930940238e-17,-0.01666666666666672
M2,20,Dreyer2023,75,0.7583333333333334,0.77,0.011666666666666641,-0.011666666666666603
M2,20,Dreyer2023,76,0.8216666666666667,0.8716666666666667,0.049999999999999975,0.015000000000000013
M2,20,Dreyer2023,77,0.8233333333333333,0.8483333333333334,0.025000000000000022,-0.0016666666666665941
M2,20,Dreyer2023,80,0.7116666666666667,0.7666666666666667,0.05499999999999998,0.0033333333333334103
M2,20,Dreyer2023,81,0.8299999999999998,0.8583333333333332,0.028333333333333283,0.0016666666666664831
M2,20,Dreyer2023,82,0.795,0.8283333333333334,0.033333333333333284,0.05666666666666664
M2,20,Dreyer2023,83,0.6883333333333334,0.6683333333333333,-0.01999999999999998,-0.0050000000000000044
M2,20,Dreyer2023,84,0.8333333333333334,0.85,0.01666666666666666,-0.0050000000000001155
M2,20,Dreyer2023,85,0.735,0.7633333333333333,0.02833333333333326,-0.02000000000000013
M2,20,Dreyer2023,86,0.8383333333333333,0.85,0.011666666666666662,0.016666666666666607
M2,20,Dreyer2023,87,0.7833333333333334,0.7716666666666667,-0.011666666666666681,-0.013333333333333197
M2,20,PhysionetMI,1,0.8356060606060606,0.8363636363636363,0.00075757575757574,0.0007575757575757347
M2,20,PhysionetMI,2,0.8946153846153846,0.9099999999999999,0.01538461538461534,0.0
M2,20,PhysionetMI,3,0.9484848484848485,0.9477272727272726,-0.0007575757575757792,-0.018181818181818188
M2,20,PhysionetMI,4,0.9196969696969697,0.9280303030303031,0.00833333333333334,0.03636363636363649
M2,20,PhysionetMI,5,0.7204545454545455,0.6992424242424243,-0.02121212121212116,-0.020454545454545392
M2,20,PhysionetMI,6,0.8825757575757576,0.8878787878787879,0.005303030303030321,0.014393939393939514
M2,20,PhysionetMI,7,0.9825757575757577,0.9825757575757574,0.0,0.0
M2,20,PhysionetMI,8,0.8325757575757574,0.8196969696969697,-0.012878787878787799,-0.020454545454545392
M2,20,PhysionetMI,9,0.9076923076923077,0.9161538461538463,0.008461538461538517,0.00846153846153852
M2,20,PhysionetMI,10,0.7276923076923077,0.7253846153846154,-0.0023076923076923404,-0.028461538461538538
M2,20,PhysionetMI,11,0.725,0.7068181818181818,-0.018181818181818122,-0.009848484848484773
M2,20,PhysionetMI,12,0.8643939393939395,0.8886363636363637,0.02424242424242424,0.023484848484848442
M2,20,PhysionetMI,13,0.803030303030303,0.7946969696969697,-0.00833333333333328,0.039393939393939426
M2,20,PhysionetMI,14,0.7734848484848486,0.8242424242424242,0.05075757575757574,0.025000000000000022
M2,20,PhysionetMI,15,0.9284615384615386,0.9669230769230769,0.03846153846153844,0.023076923076922995
M2,20,PhysionetMI,16,0.6053030303030302,0.6901515151515152,0.08484848484848485,0.013636363636363669
M2,20,PhysionetMI,17,0.803030303030303,0.8765151515151516,0.07348484848484851,0.09090909090909105
M2,20,PhysionetMI,18,1.0,1.0,0.0,0.0
M2,20,PhysionetMI,19,0.9106060606060605,0.8954545454545455,-0.01515151515151516,0.00909090909090915
M2,20,PhysionetMI,20,0.9045454545454547,0.9477272727272726,0.04318181818181816,0.0515151515151514
M2,20,PhysionetMI,21,0.759090909090909,0.7825757575757576,0.02348484848484856,0.005303030303030254
M2,20,PhysionetMI,22,0.9636363636363636,0.9545454545454547,-0.00909090909090908,0.0
M2,20,PhysionetMI,23,0.7838461538461539,0.8115384615384615,0.027692307692307662,0.002307692307692344
M2,20,PhysionetMI,24,0.7863636363636364,0.8106060606060606,0.02424242424242424,0.04242424242424225
M2,20,PhysionetMI,25,0.5954545454545455,0.5287878787878788,-0.06666666666666658,-0.04015151515151516
M2,20,PhysionetMI,26,0.6407692307692308,0.6261538461538462,-0.014615384615384659,0.033076923076923115
M2,20,PhysionetMI,27,0.8696969696969697,0.843939393939394,-0.025757575757575722,0.0
M2,20,PhysionetMI,28,0.7984848484848485,0.8537878787878788,0.05530303030303028,0.01969696969696977
M2,20,PhysionetMI,29,0.7386363636363636,0.8037878787878789,0.06515151515151515,0.057575757575757724
M2,20,PhysionetMI,30,0.8583333333333334,0.8931818181818182,0.034848484848484816,0.009848484848484773
M2,20,PhysionetMI,31,0.7416666666666667,0.7446969696969697,0.003030303030302983,0.028787878787878807
M2,20,PhysionetMI,32,0.9323076923076924,0.9223076923076923,-0.01,-0.007692307692307776
M2,20,PhysionetMI,33,0.9295454545454545,0.9462121212121213,0.01666666666666666,0.025000000000000022
M2,20,PhysionetMI,34,0.8215384615384614,0.8492307692307692,0.027692307692307693,0.030000000000000027
M2,20,PhysionetMI,35,0.8143939393939394,0.8234848484848485,0.00909090909090908,0.009090909090909038
M2,20,PhysionetMI,36,0.9113636363636364,0.9045454545454545,-0.006818181818181801,0.01969696969696977
M2,20,PhysionetMI,37,0.6795454545454545,0.7696969696969698,0.09015151515151512,0.1310606060606061
M2,20,PhysionetMI,38,0.49469696969696975,0.5280303030303031,0.03333333333333332,0.0060606060606061
M2,20,PhysionetMI,39,0.7454545454545455,0.734848484848485,-0.010606060606060539,-0.016666666666666607
M2,20,PhysionetMI,40,0.9818181818181818,0.9734848484848484,-0.00833333333333334,-0.008333333333333415
M2,20,PhysionetMI,41,0.9692307692307693,0.9615384615384617,-0.007692307692307681,-0.01538461538461533
M2,20,PhysionetMI,42,0.8916666666666668,0.9250000000000002,0.03333333333333334,0.033333333333333326
M2,20,PhysionetMI,43,0.8212121212121211,0.8545454545454545,0.03333333333333332,0.016666666666666607
M2,20,PhysionetMI,44,0.8606060606060606,0.8772727272727273,0.01666666666666666,-0.01969696969696977
M2,20,PhysionetMI,45,0.7984848484848485,0.8022727272727274,0.003787878787878801,-0.012121212121212088
M2,20,PhysionetMI,46,0.7424242424242424,0.7446969696969697,0.0022727272727272206,-0.015909090909090873
M2,20,PhysionetMI,47,0.7348484848484849,0.7840909090909092,0.04924242424242424,0.018181818181818188
M2,20,PhysionetMI,48,0.990909090909091,1.0,0.00909090909090908,0.0
M2,20,PhysionetMI,49,0.7628787878787879,0.7712121212121212,0.00833333333333328,-0.017424242424242453
M2,20,PhysionetMI,50,0.7803030303030303,0.8734848484848484,0.09318181818181817,0.10303030303030303
M2,20,PhysionetMI,51,0.8242424242424242,0.884848484848485,0.060606060606060594,0.00909090909090926
M2,20,PhysionetMI,52,0.8661538461538463,0.883846153846154,0.01769230769230768,-0.002307692307692233
M2,20,PhysionetMI,53,0.9015151515151516,0.9568181818181818,0.05530303030303022,0.046969696969696884
M2,20,PhysionetMI,54,0.8909090909090909,0.8893939393939394,-0.0015151515151515,0.024242424242424176
M2,20,PhysionetMI,55,0.8462121212121213,0.8696969696969697,0.02348484848484844,0.00757575757575768
M2,20,PhysionetMI,56,0.8356060606060606,0.8431818181818181,0.00757575757575762,-0.00757575757575768
M2,20,PhysionetMI,57,0.949242424242424,0.9583333333333333,0.00909090909090908,-0.008333333333333193
M2,20,PhysionetMI,58,0.8161538461538462,0.8561538461538462,0.03999999999999994,0.07307692307692304
M2,20,PhysionetMI,59,0.6659090909090909,0.7159090909090908,0.04999999999999996,0.025757575757575646
M2,20,PhysionetMI,60,0.8884615384615385,0.8738461538461539,-0.014615384615384603,0.015384615384615552
M2,20,PhysionetMI,61,0.9545454545454547,0.9545454545454547,0.0,0.0
M2,20,PhysionetMI,62,0.9583333333333333,0.9333333333333333,-0.02499999999999994,0.0
M2,20,PhysionetMI,63,0.7287878787878788,0.8272727272727274,0.09848484848484848,0.03712121212121222
M2,20,PhysionetMI,64,0.7621212121212122,0.7803030303030303,0.01818181818181814,0.025757575757575757
M2,20,PhysionetMI,65,0.9242424242424242,0.9333333333333333,0.00909090909090906,0.008333333333333193
M2,20,PhysionetMI,66,0.7704545454545455,0.7371212121212121,-0.03333333333333338,-0.0325757575757577
M2,20,PhysionetMI,67,0.7916666666666666,0.8303030303030303,0.038636363636363594,0.07272727272727275
M2,20,PhysionetMI,68,0.6727272727272727,0.7,0.02727272727272726,-0.00757575757575768
M2,20,PhysionetMI,69,0.8284615384615386,0.8438461538461539,0.015384615384615361,-0.007692307692307665
M2,20,PhysionetMI,70,0.9659090909090908,0.9666666666666666,0.0007575757575757792,-0.015909090909091095
M2,20,PhysionetMI,71,0.9143939393939393,0.8893939393939394,-0.02499999999999994,0.008333333333333304
M2,20,PhysionetMI,72,1.0,0.9818181818181818,-0.01818181818181816,0.0
M2,20,PhysionetMI,73,0.7568181818181818,0.7757575757575758,0.01893939393939394,0.016666666666666607
M2,20,PhysionetMI,74,0.7575757575757576,0.7712121212121212,0.01363636363636358,-0.002272727272727315
M2,20,PhysionetMI,75,0.6606060606060606,0.6621212121212121,0.0015151515151514401,-0.009848484848484884
M2,20,PhysionetMI,76,0.5515151515151515,0.5484848484848486,-0.0030303030303029813,-0.021969696969696972
M2,20,PhysionetMI,77,0.6037878787878788,0.6310606060606061,0.027272727272727282,0.009848484848484884
M2,20,PhysionetMI,78,0.5621212121212121,0.5272727272727272,-0.03484848484848486,-0.03560606060606064
M2,20,PhysionetMI,79,0.7515151515151516,0.7431818181818182,-0.00833333333333334,-0.008333333333333415
M2,20,PhysionetMI,80,0.7907692307692308,0.8469230769230769,0.05615384615384609,0.05076923076923068
M2,20,PhysionetMI,81,0.8704545454545455,0.8727272727272728,0.0022727272727272596,0.0007575757575757347
M2,20,PhysionetMI,82,0.8113636363636363,0.8863636363636364,0.07499999999999996,0.0492424242424242
M2,20,PhysionetMI,83,0.7215384615384616,0.696923076923077,-0.02461538461538464,-0.03692307692307695
M2,20,PhysionetMI,84,0.8825757575757576,0.8757575757575757,-0.00681818181818176,0.02954545454545443
M2,20,PhysionetMI,85,0.8878787878787879,0.9151515151515153,0.02727272727272722,0.027272727272727337
M2,20,PhysionetMI,86,0.9846153846153847,0.976923076923077,-0.007692307692307681,0.0
M2,20,PhysionetMI,87,0.6386363636363636,0.5969696969696969,-0.04166666666666656,-0.042424242424242475
M2,20,PhysionetMI,90,0.8727272727272727,0.8916666666666668,0.018939393939393957,0.01818181818181841
M2,20,PhysionetMI,91,0.9166666666666666,0.85,-0.06666666666666662,-0.04166666666666663
M2,20,PhysionetMI,93,0.7886363636363637,0.7787878787878788,-0.009848484848484843,-0.017424242424242342
M2,20,PhysionetMI,94,0.7954545454545455,0.8022727272727274,0.006818181818181819,0.025000000000000022
M2,20,PhysionetMI,95,0.6515384615384615,0.6438461538461538,-0.00769230769230774,0.02230769230769225
M2,20,PhysionetMI,96,0.8583333333333332,0.865909090909091,0.00757575757575762,-0.0007575757575756237
M2,20,PhysionetMI,97,0.7696969696969697,0.8083333333333333,0.038636363636363656,0.021212121212121238
M2,20,PhysionetMI,98,0.4621212121212121,0.4696969696969696,0.00757575757575758,0.016666666666666663
M2,20,PhysionetMI,99,0.6151515151515151,0.6446969696969698,0.02954545454545454,0.013636363636363669
M2,20,PhysionetMI,101,0.8976923076923077,0.9030769230769231,0.00538461538461542,0.007692307692307665
M2,20,PhysionetMI,102,0.7416666666666667,0.7734848484848486,0.03181818181818176,0.011363636363636465
M2,20,PhysionetMI,103,0.8575757575757577,0.8416666666666668,-0.01590909090909092,-0.03409090909090895
M2,20,PhysionetMI,105,0.9068181818181819,0.890909090909091,-0.015909090909090838,0.0
M2,20,PhysionetMI,107,0.5553030303030303,0.5484848484848485,-0.006818181818181801,-0.008333333333333415
M2,20,PhysionetMI,108,0.8537878787878788,0.8795454545454545,0.025757575757575778,0.042424242424242364
M2,20,PhysionetMI,109,0.6537878787878788,0.7136363636363636,0.05984848484848489,0.0
M2,40,Cho2017,1,0.642,0.616,-0.02599999999999996,0.0
M2,40,Cho2017,2,0.524,0.546,0.022,0.010000000000000009
M2,40,Cho2017,3,0.6719999999999999,0.8220000000000001,0.15,0.04600000000000004
M2,40,Cho2017,4,0.64,0.6759999999999999,0.03599999999999996,0.07799999999999985
M2,40,Cho2017,5,1.0,0.998,-0.002,0.0
M2,40,Cho2017,6,0.8140000000000001,0.812,-0.00200000000000002,0.002000000000000113
M2,40,Cho2017,7,0.5033333333333333,0.5266666666666666,0.023333333333333338,-0.021666666666666723
M2,40,Cho2017,8,0.54,0.538,-0.0019999999999999406,-0.0020000000000000018
M2,40,Cho2017,9,0.5433333333333333,0.6,0.05666666666666664,0.011666666666666714
M2,40,Cho2017,10,0.5820000000000001,0.5740000000000001,-0.007999999999999941,-0.005999999999999894
M2,40,Cho2017,11,0.604,0.6439999999999999,0.03999999999999998,0.029999999999999916
M2,40,Cho2017,12,0.514,0.5820000000000001,0.06799999999999999,0.02400000000000002
M2,40,Cho2017,13,0.8460000000000001,0.9279999999999999,0.08199999999999992,0.039999999999999813
M2,40,Cho2017,14,0.7220000000000001,0.8320000000000001,0.10999999999999999,0.04600000000000004
M2,40,Cho2017,15,0.52,0.558,0.03799999999999998,-0.0040000000000000036
M2,40,Cho2017,16,0.626,0.6639999999999999,0.03799999999999996,0.02199999999999991
M2,40,Cho2017,17,0.55,0.568,0.01799999999999998,0.03799999999999992
M2,40,Cho2017,18,0.6140000000000001,0.6359999999999999,0.02199999999999996,0.04399999999999993
M2,40,Cho2017,19,0.522,0.536,0.014000000000000021,0.0040000000000000036
M2,40,Cho2017,20,0.5660000000000001,0.6100000000000001,0.043999999999999984,0.04400000000000004
M2,40,Cho2017,21,0.546,0.6060000000000001,0.059999999999999956,0.002000000000000113
M2,40,Cho2017,22,0.592,0.6319999999999999,0.0399999999999999,-0.008000000000000007
M2,40,Cho2017,23,0.562,0.5860000000000001,0.02399999999999998,-0.007999999999999896
M2,40,Cho2017,24,0.49399999999999994,0.56,0.06599999999999998,0.030000000000000027
M2,40,Cho2017,25,0.554,0.578,0.02399999999999992,0.010000000000000009
M2,40,Cho2017,26,0.99,0.9879999999999999,-0.002,0.0
M2,40,Cho2017,27,0.5660000000000001,0.568,0.0019999999999999797,0.007999999999999896
M2,40,Cho2017,28,0.5820000000000001,0.65,0.06799999999999994,0.062000000000000055
M2,40,Cho2017,29,0.502,0.49399999999999994,-0.00800000000000002,-0.0020000000000000573
M2,40,Cho2017,30,0.638,0.6739999999999999,0.035999999999999935,0.05799999999999994
M2,40,Cho2017,31,0.548,0.592,0.044,0.061999999999999944
M2,40,Cho2017,32,0.534,0.546,0.012000000000000021,0.026000000000000023
M2,40,Cho2017,33,0.5860000000000001,0.556,-0.02999999999999998,0.014000000000000012
M2,40,Cho2017,34,0.548,0.552,0.004000000000000002,0.0020000000000000018
M2,40,Cho2017,35,0.396,0.404,0.007999999999999983,-0.020000000000000018
M2,40,Cho2017,36,0.534,0.592,0.05799999999999996,0.016000000000000014
M2,40,Cho2017,37,0.874,0.866,-0.008,0.009999999999999898
M2,40,Cho2017,38,0.5780000000000001,0.6060000000000001,0.02799999999999996,0.016000000000000014
M2,40,Cho2017,39,0.528,0.538,0.01000000000000002,-0.01200000000000001
M2,40,Cho2017,40,0.528,0.5,-0.028000000000000004,-0.01200000000000001
M2,40,Cho2017,41,0.616,0.666,0.04999999999999992,0.004000000000000115
M2,40,Cho2017,42,0.542,0.558,0.016,-0.0020000000000000018
M2,40,Cho2017,43,1.0,1.0,0.0,0.0
M2,40,Cho2017,44,0.9359999999999999,0.95,0.014000000000000002,0.008000000000000007
M2,40,Cho2017,45,0.538,0.5700000000000001,0.03199999999999999,-0.005999999999999894
M2,40,Cho2017,46,0.5483333333333333,0.5933333333333334,0.04499999999999994,0.0033333333333332993
M2,40,Cho2017,47,0.8380000000000001,0.8560000000000001,0.018000000000000023,0.03600000000000014
M2,40,Cho2017,48,0.662,0.716,0.05399999999999994,0.038000000000000034
M2,40,Cho2017,49,0.994,1.0,0.006,0.0020000000000000018
M2,40,Cho2017,50,0.95,0.99,0.03999999999999998,0.009999999999999898
M2,40,Cho2017,51,0.56,0.6679999999999999,0.10799999999999992,0.03399999999999992
M2,40,Cho2017,52,0.604,0.64,0.03599999999999994,0.06599999999999995
M2,40,Dreyer2023,1,0.8850000000000001,0.9099999999999999,0.02499999999999994,0.004999999999999893
M2,40,Dreyer2023,2,0.6833333333333333,0.6533333333333333,-0.029999999999999936,-0.02833333333333332
M2,40,Dreyer2023,3,0.8183333333333334,0.8266666666666665,0.00833333333333328,-0.0050000000000001155
M2,40,Dreyer2023,5,0.8766666666666667,0.8949999999999999,0.018333333333333278,0.0
M2,40,Dreyer2023,6,0.7716666666666667,0.82,0.0483333333333333,0.013333333333333308
M2,40,Dreyer2023,7,0.9766666666666666,0.9649999999999999,-0.01166666666666666,0.0016666666666665941
M2,40,Dreyer2023,8,0.8266666666666665,0.8699999999999999,0.04333333333333332,0.009999999999999898
M2,40,Dreyer2023,10,0.9116666666666667,0.9366666666666668,0.02499999999999998,0.010000000000000231
M2,40,Dreyer2023,11,0.6316666666666666,0.6583333333333334,0.02666666666666668,0.025000000000000133
M2,40,Dreyer2023,12,0.8949999999999999,0.93,0.03499999999999996,0.0033333333333335213
M2,40,Dreyer2023,13,0.7566666666666666,0.7533333333333333,-0.00333333333333334,0.0050000000000000044
M2,40,Dreyer2023,14,0.6916666666666667,0.7183333333333334,0.02666666666666666,0.018333333333333424
M2,40,Dreyer2023,15,0.9266666666666665,0.9316666666666666,0.00500000000000002,0.0050000000000001155
M2,40,Dreyer2023,16,0.8266666666666668,0.8566666666666667,0.029999999999999936,0.030000000000000138
M2,40,Dreyer2023,18,0.9066666666666666,0.9533333333333334,0.0466666666666666,0.008333333333333415
M2,40,Dreyer2023,19,0.8949999999999999,0.9349999999999999,0.03999999999999996,0.029999999999999916
M2,40,Dreyer2023,20,0.8966666666666667,0.9283333333333333,0.03166666666666664,0.00666666666666671
M2,40,Dreyer2023,21,0.9116666666666665,0.9366666666666668,0.02499999999999998,0.010000000000000009
M2,40,Dreyer2023,22,0.9283333333333333,0.8933333333333333,-0.03499999999999992,-0.010000000000000009
M2,40,Dreyer2023,23,0.7366666666666667,0.7683333333333333,0.03166666666666664,-0.0016666666666667052
M2,40,Dreyer2023,24,0.9399999999999998,0.9666666666666668,0.026666666666666623,0.0016666666666667052
M2,40,Dreyer2023,25,0.67,0.7216666666666667,0.05166666666666664,0.006666666666666599
M2,40,Dreyer2023,26,0.7783333333333333,0.86,0.0816666666666666,0.025000000000000022
M2,40,Dreyer2023,27,0.8066666666666666,0.8116666666666668,0.00499999999999996,0.01333333333333353
M2,40,Dreyer2023,28,0.7716666666666667,0.8183333333333334,0.04666666666666666,0.015000000000000013
M2,40,Dreyer2023,30,0.7116666666666667,0.7433333333333334,0.03166666666666662,0.0016666666666668162
M2,40,Dreyer2023,31,0.8733333333333333,0.9199999999999999,0.04666666666666662,0.011666666666666492
M2,40,Dreyer2023,32,0.845,0.915,0.06999999999999992,0.018333333333333313
M2,40,Dreyer2023,33,0.795,0.76,-0.034999999999999996,-0.016666666666666607
M2,40,Dreyer2023,34,0.7933333333333333,0.8566666666666667,0.06333333333333327,0.0
M2,40,Dreyer2023,35,0.7499999999999999,0.79,0.04000000000000002,0.008333333333333415
M2,40,Dreyer2023,36,0.7983333333333332,0.8466666666666667,0.04833333333333334,0.0016666666666667052
M2,40,Dreyer2023,37,0.735,0.75,0.015,0.04499999999999993
M2,40,Dreyer2023,38,0.8533333333333333,0.8816666666666666,0.028333333333333276,0.008333333333333193
M2,40,Dreyer2023,39,0.9183333333333333,0.945,0.02666666666666666,-0.0016666666666667052
M2,40,Dreyer2023,40,0.8534482758620691,0.8637931034482758,0.0103448275862069,-0.0034482758620690834
M2,40,Dreyer2023,42,0.74,0.8066666666666666,0.06666666666666662,0.010000000000000009
M2,40,Dreyer2023,43,0.8816666666666666,0.9033333333333333,0.02166666666666662,0.0
M2,40,Dreyer2023,44,0.6466666666666667,0.6716666666666666,0.025,0.006666666666666599
M2,40,Dreyer2023,45,0.7466666666666667,0.8266666666666668,0.07999999999999999,0.01333333333333353
M2,40,Dreyer2023,46,0.7366666666666667,0.75,0.0133333333333333,-0.015000000000000013
M2,40,Dreyer2023,47,0.8949999999999999,0.9083333333333334,0.0133333333333333,0.008333333333333415
M2,40,Dreyer2023,48,0.6683333333333333,0.6783333333333333,0.01000000000000002,0.0016666666666667052
M2,40,Dreyer2023,49,0.7833333333333333,0.8283333333333334,0.04500000000000002,0.008333333333333415
M2,40,Dreyer2023,50,0.6166666666666666,0.6333333333333333,0.01666666666666666,0.006666666666666599
M2,40,Dreyer2023,51,0.7466666666666667,0.7849999999999999,0.038333333333333316,0.004999999999999893
M2,40,Dreyer2023,52,0.7966666666666666,0.8183333333333334,0.02166666666666662,-0.016666666666666607
M2,40,Dreyer2023,53,0.7866666666666667,0.8316666666666667,0.044999999999999964,0.0016666666666665941
M2,40,Dreyer2023,54,0.7016666666666667,0.7583333333333333,0.05666666666666664,0.023333333333333206
M2,40,Dreyer2023,55,0.9366666666666668,0.9333333333333332,-0.0033333333333333604,0.0
M2,40,Dreyer2023,56,0.9200000000000002,0.9283333333333333,0.008333333333333321,-0.006666666666666599
M2,40,Dreyer2023,57,0.635,0.6966666666666667,0.061666666666666634,0.04166666666666663
M2,40,Dreyer2023,58,0.9233333333333332,0.9516666666666665,0.0283333333333333,-0.00666666666666671
M2,40,Dreyer2023,59,0.78,0.7825,0.0024999999999999398,-0.030000000000000027
M2,40,Dreyer2023,60,0.8066666666666666,0.86,0.05333333333333332,-0.0050000000000000044
M2,40,Dreyer2023,61,0.8633333333333333,0.8833333333333334,0.01999999999999996,-0.009999999999999898
M2,40,Dreyer2023,62,0.7416666666666667,0.7516666666666667,0.00999999999999996,-0.026666666666666616
M2,40,Dreyer2023,63,0.8133333333333332,0.85,0.03666666666666662,0.0
M2,40,Dreyer2023,64,0.765,0.8116666666666668,0.04666666666666666,0.06166666666666676
M2,40,Dreyer2023,65,0.835,0.8566666666666667,0.02166666666666666,0.016666666666666607
M2,40,Dreyer2023,66,0.7583333333333334,0.7333333333333333,-0.025000000000000022,0.006666666666666599
M2,40,Dreyer2023,67,0.7916666666666666,0.8116666666666668,0.020000000000000018,0.0
M2,40,Dreyer2023,68,0.7383333333333334,0.7766666666666666,0.03833333333333328,0.046666666666666634
M2,40,Dreyer2023,69,0.8516666666666666,0.8316666666666667,-0.02,0.0050000000000001155
M2,40,Dreyer2023,70,0.6716666666666666,0.6900000000000001,0.01833333333333326,0.01666666666666672
M2,40,Dreyer2023,71,0.8550000000000001,0.8433333333333334,-0.01166666666666668,-0.0016666666666665941
M2,40,Dreyer2023,72,0.8099999999999999,0.8450000000000001,0.03500000000000004,0.015000000000000013
M2,40,Dreyer2023,73,0.7466666666666667,0.7933333333333333,0.04666666666666662,0.03833333333333333
M2,40,Dreyer2023,74,0.735,0.7533333333333333,0.01833333333333334,0.0016666666666665941
M2,40,Dreyer2023,75,0.7583333333333334,0.775,0.01666666666666666,-0.006666666666666599
M2,40,Dreyer2023,76,0.8216666666666667,0.8800000000000001,0.05833333333333328,0.023333333333333428
M2,40,Dreyer2023,77,0.8233333333333333,0.85,0.026666666666666637,0.0
M2,40,Dreyer2023,80,0.7116666666666667,0.7616666666666667,0.049999999999999975,-0.0016666666666665941
M2,40,Dreyer2023,81,0.8299999999999998,0.8683333333333334,0.038333333333333316,0.011666666666666714
M2,40,Dreyer2023,82,0.795,0.8866666666666667,0.09166666666666662,0.11499999999999999
M2,40,Dreyer2023,83,0.6883333333333334,0.6849999999999999,-0.0033333333333333804,0.011666666666666603
M2,40,Dreyer2023,84,0.8333333333333334,0.8683333333333334,0.03499999999999998,0.013333333333333308
M2,40,Dreyer2023,85,0.735,0.7733333333333333,0.038333333333333316,-0.01000000000000012
M2,40,Dreyer2023,86,0.8383333333333333,0.8566666666666667,0.01833333333333334,0.023333333333333317
M2,40,Dreyer2023,87,0.7833333333333334,0.7633333333333333,-0.02000000000000002,-0.021666666666666612
R0,0,Cho2017,1,0.642,0.642,0.0,0.0
R0,0,Cho2017,2,0.524,0.524,0.0,0.0
R0,0,Cho2017,3,0.6719999999999999,0.6719999999999999,0.0,0.0
R0,0,Cho2017,4,0.64,0.64,0.0,0.0
R0,0,Cho2017,5,1.0,1.0,0.0,0.0
R0,0,Cho2017,6,0.8140000000000001,0.8140000000000001,0.0,0.0
R0,0,Cho2017,7,0.5033333333333333,0.5033333333333333,0.0,0.0
R0,0,Cho2017,8,0.54,0.54,0.0,0.0
R0,0,Cho2017,9,0.5433333333333333,0.5433333333333333,0.0,0.0
R0,0,Cho2017,10,0.5820000000000001,0.5820000000000001,0.0,0.0
R0,0,Cho2017,11,0.604,0.604,0.0,0.0
R0,0,Cho2017,12,0.514,0.514,0.0,0.0
R0,0,Cho2017,13,0.8460000000000001,0.8460000000000001,0.0,0.0
R0,0,Cho2017,14,0.7220000000000001,0.7220000000000001,0.0,0.0
R0,0,Cho2017,15,0.52,0.52,0.0,0.0
R0,0,Cho2017,16,0.626,0.626,0.0,0.0
R0,0,Cho2017,17,0.55,0.55,0.0,0.0
R0,0,Cho2017,18,0.6140000000000001,0.6140000000000001,0.0,0.0
R0,0,Cho2017,19,0.522,0.522,0.0,0.0
R0,0,Cho2017,20,0.5660000000000001,0.5660000000000001,0.0,0.0
R0,0,Cho2017,21,0.546,0.546,0.0,0.0
R0,0,Cho2017,22,0.592,0.592,0.0,0.0
R0,0,Cho2017,23,0.562,0.562,0.0,0.0
R0,0,Cho2017,24,0.49399999999999994,0.49399999999999994,0.0,0.0
R0,0,Cho2017,25,0.554,0.554,0.0,0.0
R0,0,Cho2017,26,0.99,0.99,0.0,0.0
R0,0,Cho2017,27,0.5660000000000001,0.5660000000000001,0.0,0.0
R0,0,Cho2017,28,0.5820000000000001,0.5820000000000001,0.0,0.0
R0,0,Cho2017,29,0.502,0.502,0.0,0.0
R0,0,Cho2017,30,0.638,0.638,0.0,0.0
R0,0,Cho2017,31,0.548,0.548,0.0,0.0
R0,0,Cho2017,32,0.534,0.534,0.0,0.0
R0,0,Cho2017,33,0.5860000000000001,0.5860000000000001,0.0,0.0
R0,0,Cho2017,34,0.548,0.548,0.0,0.0
R0,0,Cho2017,35,0.396,0.396,0.0,0.0
R0,0,Cho2017,36,0.534,0.534,0.0,0.0
R0,0,Cho2017,37,0.874,0.874,0.0,0.0
R0,0,Cho2017,38,0.5780000000000001,0.5780000000000001,0.0,0.0
R0,0,Cho2017,39,0.528,0.528,0.0,0.0
R0,0,Cho2017,40,0.528,0.528,0.0,0.0
R0,0,Cho2017,41,0.616,0.616,0.0,0.0
R0,0,Cho2017,42,0.542,0.542,0.0,0.0
R0,0,Cho2017,43,1.0,1.0,0.0,0.0
R0,0,Cho2017,44,0.9359999999999999,0.9359999999999999,0.0,0.0
R0,0,Cho2017,45,0.538,0.538,0.0,0.0
R0,0,Cho2017,46,0.5483333333333333,0.5483333333333333,0.0,0.0
R0,0,Cho2017,47,0.8380000000000001,0.8380000000000001,0.0,0.0
R0,0,Cho2017,48,0.662,0.662,0.0,0.0
R0,0,Cho2017,49,0.994,0.994,0.0,0.0
R0,0,Cho2017,50,0.95,0.95,0.0,0.0
R0,0,Cho2017,51,0.56,0.56,0.0,0.0
R0,0,Cho2017,52,0.604,0.604,0.0,0.0
R0,0,Dreyer2023,1,0.8850000000000001,0.8850000000000001,0.0,0.0
R0,0,Dreyer2023,2,0.6833333333333333,0.6833333333333333,0.0,0.0
R0,0,Dreyer2023,3,0.8183333333333334,0.8183333333333334,0.0,0.0
R0,0,Dreyer2023,5,0.8766666666666667,0.8766666666666667,0.0,0.0
R0,0,Dreyer2023,6,0.7716666666666667,0.7716666666666667,0.0,0.0
R0,0,Dreyer2023,7,0.9766666666666666,0.9766666666666666,0.0,0.0
R0,0,Dreyer2023,8,0.8266666666666665,0.8266666666666665,0.0,0.0
R0,0,Dreyer2023,10,0.9116666666666667,0.9116666666666667,0.0,0.0
R0,0,Dreyer2023,11,0.6316666666666666,0.6316666666666666,0.0,0.0
R0,0,Dreyer2023,12,0.8949999999999999,0.8949999999999999,0.0,0.0
R0,0,Dreyer2023,13,0.7566666666666666,0.7566666666666666,0.0,0.0
R0,0,Dreyer2023,14,0.6916666666666667,0.6916666666666667,0.0,0.0
R0,0,Dreyer2023,15,0.9266666666666665,0.9266666666666665,0.0,0.0
R0,0,Dreyer2023,16,0.8266666666666668,0.8266666666666668,0.0,0.0
R0,0,Dreyer2023,18,0.9066666666666666,0.9066666666666666,0.0,0.0
R0,0,Dreyer2023,19,0.8949999999999999,0.8949999999999999,0.0,0.0
R0,0,Dreyer2023,20,0.8966666666666667,0.8966666666666667,0.0,0.0
R0,0,Dreyer2023,21,0.9116666666666665,0.9116666666666665,0.0,0.0
R0,0,Dreyer2023,22,0.9283333333333333,0.9283333333333333,0.0,0.0
R0,0,Dreyer2023,23,0.7366666666666667,0.7366666666666667,0.0,0.0
R0,0,Dreyer2023,24,0.9399999999999998,0.9399999999999998,0.0,0.0
R0,0,Dreyer2023,25,0.67,0.67,0.0,0.0
R0,0,Dreyer2023,26,0.7783333333333333,0.7783333333333333,0.0,0.0
R0,0,Dreyer2023,27,0.8066666666666666,0.8066666666666666,0.0,0.0
R0,0,Dreyer2023,28,0.7716666666666667,0.7716666666666667,0.0,0.0
R0,0,Dreyer2023,30,0.7116666666666667,0.7116666666666667,0.0,0.0
R0,0,Dreyer2023,31,0.8733333333333333,0.8733333333333333,0.0,0.0
R0,0,Dreyer2023,32,0.845,0.845,0.0,0.0
R0,0,Dreyer2023,33,0.795,0.795,0.0,0.0
R0,0,Dreyer2023,34,0.7933333333333333,0.7933333333333333,0.0,0.0
R0,0,Dreyer2023,35,0.7499999999999999,0.7499999999999999,0.0,0.0
R0,0,Dreyer2023,36,0.7983333333333332,0.7983333333333332,0.0,0.0
R0,0,Dreyer2023,37,0.735,0.735,0.0,0.0
R0,0,Dreyer2023,38,0.8533333333333333,0.8533333333333333,0.0,0.0
R0,0,Dreyer2023,39,0.9183333333333333,0.9183333333333333,0.0,0.0
R0,0,Dreyer2023,40,0.8534482758620691,0.8534482758620691,0.0,0.0
R0,0,Dreyer2023,42,0.74,0.74,0.0,0.0
R0,0,Dreyer2023,43,0.8816666666666666,0.8816666666666666,0.0,0.0
R0,0,Dreyer2023,44,0.6466666666666667,0.6466666666666667,0.0,0.0
R0,0,Dreyer2023,45,0.7466666666666667,0.7466666666666667,0.0,0.0
R0,0,Dreyer2023,46,0.7366666666666667,0.7366666666666667,0.0,0.0
R0,0,Dreyer2023,47,0.8949999999999999,0.8949999999999999,0.0,0.0
R0,0,Dreyer2023,48,0.6683333333333333,0.6683333333333333,0.0,0.0
R0,0,Dreyer2023,49,0.7833333333333333,0.7833333333333333,0.0,0.0
R0,0,Dreyer2023,50,0.6166666666666666,0.6166666666666666,0.0,0.0
R0,0,Dreyer2023,51,0.7466666666666667,0.7466666666666667,0.0,0.0
R0,0,Dreyer2023,52,0.7966666666666666,0.7966666666666666,0.0,0.0
R0,0,Dreyer2023,53,0.7866666666666667,0.7866666666666667,0.0,0.0
R0,0,Dreyer2023,54,0.7016666666666667,0.7016666666666667,0.0,0.0
R0,0,Dreyer2023,55,0.9366666666666668,0.9366666666666668,0.0,0.0
R0,0,Dreyer2023,56,0.9200000000000002,0.9200000000000002,0.0,0.0
R0,0,Dreyer2023,57,0.635,0.635,0.0,0.0
R0,0,Dreyer2023,58,0.9233333333333332,0.9233333333333332,0.0,0.0
R0,0,Dreyer2023,59,0.78,0.78,0.0,0.0
R0,0,Dreyer2023,60,0.8066666666666666,0.8066666666666666,0.0,0.0
R0,0,Dreyer2023,61,0.8633333333333333,0.8633333333333333,0.0,0.0
R0,0,Dreyer2023,62,0.7416666666666667,0.7416666666666667,0.0,0.0
R0,0,Dreyer2023,63,0.8133333333333332,0.8133333333333332,0.0,0.0
R0,0,Dreyer2023,64,0.765,0.765,0.0,0.0
R0,0,Dreyer2023,65,0.835,0.835,0.0,0.0
R0,0,Dreyer2023,66,0.7583333333333334,0.7583333333333334,0.0,0.0
R0,0,Dreyer2023,67,0.7916666666666666,0.7916666666666666,0.0,0.0
R0,0,Dreyer2023,68,0.7383333333333334,0.7383333333333334,0.0,0.0
R0,0,Dreyer2023,69,0.8516666666666666,0.8516666666666666,0.0,0.0
R0,0,Dreyer2023,70,0.6716666666666666,0.6716666666666666,0.0,0.0
R0,0,Dreyer2023,71,0.8550000000000001,0.8550000000000001,0.0,0.0
R0,0,Dreyer2023,72,0.8099999999999999,0.8099999999999999,0.0,0.0
R0,0,Dreyer2023,73,0.7466666666666667,0.7466666666666667,0.0,0.0
R0,0,Dreyer2023,74,0.735,0.735,0.0,0.0
R0,0,Dreyer2023,75,0.7583333333333334,0.7583333333333334,0.0,0.0
R0,0,Dreyer2023,76,0.8216666666666667,0.8216666666666667,0.0,0.0
R0,0,Dreyer2023,77,0.8233333333333333,0.8233333333333333,0.0,0.0
R0,0,Dreyer2023,80,0.7116666666666667,0.7116666666666667,0.0,0.0
R0,0,Dreyer2023,81,0.8299999999999998,0.8299999999999998,0.0,0.0
R0,0,Dreyer2023,82,0.795,0.795,0.0,0.0
R0,0,Dreyer2023,83,0.6883333333333334,0.6883333333333334,0.0,0.0
R0,0,Dreyer2023,84,0.8333333333333334,0.8333333333333334,0.0,0.0
R0,0,Dreyer2023,85,0.735,0.735,0.0,0.0
R0,0,Dreyer2023,86,0.8383333333333333,0.8383333333333333,0.0,0.0
R0,0,Dreyer2023,87,0.7833333333333334,0.7833333333333334,0.0,0.0
R0,0,PhysionetMI,1,0.8356060606060606,0.8356060606060606,0.0,0.0
R0,0,PhysionetMI,2,0.8946153846153846,0.8946153846153846,0.0,0.0
R0,0,PhysionetMI,3,0.9484848484848485,0.9484848484848485,0.0,0.0
R0,0,PhysionetMI,4,0.9196969696969697,0.9196969696969697,0.0,0.0
R0,0,PhysionetMI,5,0.7204545454545455,0.7204545454545455,0.0,0.0
R0,0,PhysionetMI,6,0.8825757575757576,0.8825757575757576,0.0,0.0
R0,0,PhysionetMI,7,0.9825757575757577,0.9825757575757577,0.0,0.0
R0,0,PhysionetMI,8,0.8325757575757574,0.8325757575757574,0.0,0.0
R0,0,PhysionetMI,9,0.9076923076923077,0.9076923076923077,0.0,0.0
R0,0,PhysionetMI,10,0.7276923076923077,0.7276923076923077,0.0,0.0
R0,0,PhysionetMI,11,0.725,0.725,0.0,0.0
R0,0,PhysionetMI,12,0.8643939393939395,0.8643939393939395,0.0,0.0
R0,0,PhysionetMI,13,0.803030303030303,0.803030303030303,0.0,0.0
R0,0,PhysionetMI,14,0.7734848484848486,0.7734848484848486,0.0,0.0
R0,0,PhysionetMI,15,0.9284615384615386,0.9284615384615386,0.0,0.0
R0,0,PhysionetMI,16,0.6053030303030302,0.6053030303030302,0.0,0.0
R0,0,PhysionetMI,17,0.803030303030303,0.803030303030303,0.0,0.0
R0,0,PhysionetMI,18,1.0,1.0,0.0,0.0
R0,0,PhysionetMI,19,0.9106060606060605,0.9106060606060605,0.0,0.0
R0,0,PhysionetMI,20,0.9045454545454547,0.9045454545454547,0.0,0.0
R0,0,PhysionetMI,21,0.759090909090909,0.759090909090909,0.0,0.0
R0,0,PhysionetMI,22,0.9636363636363636,0.9636363636363636,0.0,0.0
R0,0,PhysionetMI,23,0.7838461538461539,0.7838461538461539,0.0,0.0
R0,0,PhysionetMI,24,0.7863636363636364,0.7863636363636364,0.0,0.0
R0,0,PhysionetMI,25,0.5954545454545455,0.5954545454545455,0.0,0.0
R0,0,PhysionetMI,26,0.6407692307692308,0.6407692307692308,0.0,0.0
R0,0,PhysionetMI,27,0.8696969696969697,0.8696969696969697,0.0,0.0
R0,0,PhysionetMI,28,0.7984848484848485,0.7984848484848485,0.0,0.0
R0,0,PhysionetMI,29,0.7386363636363636,0.7386363636363636,0.0,0.0
R0,0,PhysionetMI,30,0.8583333333333334,0.8583333333333334,0.0,0.0
R0,0,PhysionetMI,31,0.7416666666666667,0.7416666666666667,0.0,0.0
R0,0,PhysionetMI,32,0.9323076923076924,0.9323076923076924,0.0,0.0
R0,0,PhysionetMI,33,0.9295454545454545,0.9295454545454545,0.0,0.0
R0,0,PhysionetMI,34,0.8215384615384614,0.8215384615384614,0.0,0.0
R0,0,PhysionetMI,35,0.8143939393939394,0.8143939393939394,0.0,0.0
R0,0,PhysionetMI,36,0.9113636363636364,0.9113636363636364,0.0,0.0
R0,0,PhysionetMI,37,0.6795454545454545,0.6795454545454545,0.0,0.0
R0,0,PhysionetMI,38,0.49469696969696975,0.49469696969696975,0.0,0.0
R0,0,PhysionetMI,39,0.7454545454545455,0.7454545454545455,0.0,0.0
R0,0,PhysionetMI,40,0.9818181818181818,0.9818181818181818,0.0,0.0
R0,0,PhysionetMI,41,0.9692307692307693,0.9692307692307693,0.0,0.0
R0,0,PhysionetMI,42,0.8916666666666668,0.8916666666666668,0.0,0.0
R0,0,PhysionetMI,43,0.8212121212121211,0.8212121212121211,0.0,0.0
R0,0,PhysionetMI,44,0.8606060606060606,0.8606060606060606,0.0,0.0
R0,0,PhysionetMI,45,0.7984848484848485,0.7984848484848485,0.0,0.0
R0,0,PhysionetMI,46,0.7424242424242424,0.7424242424242424,0.0,0.0
R0,0,PhysionetMI,47,0.7348484848484849,0.7348484848484849,0.0,0.0
R0,0,PhysionetMI,48,0.990909090909091,0.990909090909091,0.0,0.0
R0,0,PhysionetMI,49,0.7628787878787879,0.7628787878787879,0.0,0.0
R0,0,PhysionetMI,50,0.7803030303030303,0.7803030303030303,0.0,0.0
R0,0,PhysionetMI,51,0.8242424242424242,0.8242424242424242,0.0,0.0
R0,0,PhysionetMI,52,0.8661538461538463,0.8661538461538463,0.0,0.0
R0,0,PhysionetMI,53,0.9015151515151516,0.9015151515151516,0.0,0.0
R0,0,PhysionetMI,54,0.8909090909090909,0.8909090909090909,0.0,0.0
R0,0,PhysionetMI,55,0.8462121212121213,0.8462121212121213,0.0,0.0
R0,0,PhysionetMI,56,0.8356060606060606,0.8356060606060606,0.0,0.0
R0,0,PhysionetMI,57,0.949242424242424,0.949242424242424,0.0,0.0
R0,0,PhysionetMI,58,0.8161538461538462,0.8161538461538462,0.0,0.0
R0,0,PhysionetMI,59,0.6659090909090909,0.6659090909090909,0.0,0.0
R0,0,PhysionetMI,60,0.8884615384615385,0.8884615384615385,0.0,0.0
R0,0,PhysionetMI,61,0.9545454545454547,0.9545454545454547,0.0,0.0
R0,0,PhysionetMI,62,0.9583333333333333,0.9583333333333333,0.0,0.0
R0,0,PhysionetMI,63,0.7287878787878788,0.7287878787878788,0.0,0.0
R0,0,PhysionetMI,64,0.7621212121212122,0.7621212121212122,0.0,0.0
R0,0,PhysionetMI,65,0.9242424242424242,0.9242424242424242,0.0,0.0
R0,0,PhysionetMI,66,0.7704545454545455,0.7704545454545455,0.0,0.0
R0,0,PhysionetMI,67,0.7916666666666666,0.7916666666666666,0.0,0.0
R0,0,PhysionetMI,68,0.6727272727272727,0.6727272727272727,0.0,0.0
R0,0,PhysionetMI,69,0.8284615384615386,0.8284615384615386,0.0,0.0
R0,0,PhysionetMI,70,0.9659090909090908,0.9659090909090908,0.0,0.0
R0,0,PhysionetMI,71,0.9143939393939393,0.9143939393939393,0.0,0.0
R0,0,PhysionetMI,72,1.0,1.0,0.0,0.0
R0,0,PhysionetMI,73,0.7568181818181818,0.7568181818181818,0.0,0.0
R0,0,PhysionetMI,74,0.7575757575757576,0.7575757575757576,0.0,0.0
R0,0,PhysionetMI,75,0.6606060606060606,0.6606060606060606,0.0,0.0
R0,0,PhysionetMI,76,0.5515151515151515,0.5515151515151515,0.0,0.0
R0,0,PhysionetMI,77,0.6037878787878788,0.6037878787878788,0.0,0.0
R0,0,PhysionetMI,78,0.5621212121212121,0.5621212121212121,0.0,0.0
R0,0,PhysionetMI,79,0.7515151515151516,0.7515151515151516,0.0,0.0
R0,0,PhysionetMI,80,0.7907692307692308,0.7907692307692308,0.0,0.0
R0,0,PhysionetMI,81,0.8704545454545455,0.8704545454545455,0.0,0.0
R0,0,PhysionetMI,82,0.8113636363636363,0.8113636363636363,0.0,0.0
R0,0,PhysionetMI,83,0.7215384615384616,0.7215384615384616,0.0,0.0
R0,0,PhysionetMI,84,0.8825757575757576,0.8825757575757576,0.0,0.0
R0,0,PhysionetMI,85,0.8878787878787879,0.8878787878787879,0.0,0.0
R0,0,PhysionetMI,86,0.9846153846153847,0.9846153846153847,0.0,0.0
R0,0,PhysionetMI,87,0.6386363636363636,0.6386363636363636,0.0,0.0
R0,0,PhysionetMI,90,0.8727272727272727,0.8727272727272727,0.0,0.0
R0,0,PhysionetMI,91,0.9166666666666666,0.9166666666666666,0.0,0.0
R0,0,PhysionetMI,93,0.7886363636363637,0.7886363636363637,0.0,0.0
R0,0,PhysionetMI,94,0.7954545454545455,0.7954545454545455,0.0,0.0
R0,0,PhysionetMI,95,0.6515384615384615,0.6515384615384615,0.0,0.0
R0,0,PhysionetMI,96,0.8583333333333332,0.8583333333333332,0.0,0.0
R0,0,PhysionetMI,97,0.7696969696969697,0.7696969696969697,0.0,0.0
R0,0,PhysionetMI,98,0.4621212121212121,0.4621212121212121,0.0,0.0
R0,0,PhysionetMI,99,0.6151515151515151,0.6151515151515151,0.0,0.0
R0,0,PhysionetMI,101,0.8976923076923077,0.8976923076923077,0.0,0.0
R0,0,PhysionetMI,102,0.7416666666666667,0.7416666666666667,0.0,0.0
R0,0,PhysionetMI,103,0.8575757575757577,0.8575757575757577,0.0,0.0
R0,0,PhysionetMI,105,0.9068181818181819,0.9068181818181819,0.0,0.0
R0,0,PhysionetMI,107,0.5553030303030303,0.5553030303030303,0.0,0.0
R0,0,PhysionetMI,108,0.8537878787878788,0.8537878787878788,0.0,0.0
R0,0,PhysionetMI,109,0.6537878787878788,0.6537878787878788,0.0,0.0
R0,5,Cho2017,1,0.642,0.62,-0.02199999999999996,-0.02200000000000002
R0,5,Cho2017,2,0.524,0.524,-1.97758476261356e-17,0.0
R0,5,Cho2017,3,0.6719999999999999,0.734,0.06199999999999998,0.062000000000000055
R0,5,Cho2017,4,0.64,0.648,0.00799999999999998,0.008000000000000007
R0,5,Cho2017,5,1.0,1.0,0.0,0.0
R0,5,Cho2017,6,0.8140000000000001,0.794,-0.019999999999999983,-0.020000000000000018
R0,5,Cho2017,7,0.5033333333333333,0.5016666666666667,-0.0016666666666666594,-0.0016666666666665941
R0,5,Cho2017,8,0.54,0.516,-0.02399999999999994,-0.02400000000000002
R0,5,Cho2017,9,0.5433333333333333,0.545,0.0016666666666667004,0.0016666666666667052
R0,5,Cho2017,10,0.5820000000000001,0.5780000000000001,-0.004,-0.0040000000000000036
R0,5,Cho2017,11,0.604,0.626,0.02199999999999998,0.02200000000000002
R0,5,Cho2017,12,0.514,0.542,0.027999999999999997,0.028000000000000025
R0,5,Cho2017,13,0.8460000000000001,0.874,0.02799999999999996,0.027999999999999914
R0,5,Cho2017,14,0.7220000000000001,0.772,0.049999999999999996,0.04999999999999993
R0,5,Cho2017,15,0.52,0.538,0.01799999999999996,0.018000000000000016
R0,5,Cho2017,16,0.626,0.614,-0.012000000000000021,-0.01200000000000001
R0,5,Cho2017,17,0.55,0.5740000000000001,0.024,0.02400000000000002
R0,5,Cho2017,18,0.6140000000000001,0.5640000000000001,-0.049999999999999975,-0.050000000000000044
R0,5,Cho2017,19,0.522,0.49399999999999994,-0.028000000000000004,-0.02800000000000008
R0,5,Cho2017,20,0.5660000000000001,0.5680000000000001,0.0020000000000000204,0.0020000000000000018
R0,5,Cho2017,21,0.546,0.556,0.009999999999999978,0.010000000000000009
R0,5,Cho2017,22,0.592,0.6140000000000001,0.02199999999999994,0.02200000000000013
R0,5,Cho2017,23,0.562,0.56,-0.001999999999999981,-0.0020000000000000018
R0,5,Cho2017,24,0.49399999999999994,0.502,0.008000000000000021,0.008000000000000063
R0,5,Cho2017,25,0.554,0.5760000000000001,0.02200000000000002,0.02200000000000002
R0,5,Cho2017,26,0.99,0.99,0.0,0.0
R0,5,Cho2017,27,0.5660000000000001,0.5780000000000001,0.01199999999999998,0.01200000000000001
R0,5,Cho2017,28,0.5820000000000001,0.612,0.02999999999999998,0.029999999999999916
R0,5,Cho2017,29,0.502,0.502,-4.0245584642661923e-17,0.0
R0,5,Cho2017,30,0.638,0.656,0.018,0.018000000000000016
R0,5,Cho2017,31,0.548,0.5800000000000001,0.032,0.03200000000000003
R0,5,Cho2017,32,0.534,0.53,-0.003999999999999999,-0.0040000000000000036
R0,5,Cho2017,33,0.5860000000000001,0.5720000000000001,-0.01399999999999992,-0.014000000000000012
R0,5,Cho2017,34,0.548,0.556,0.00800000000000002,0.008000000000000007
R0,5,Cho2017,35,0.396,0.39399999999999996,-0.0020000000000000018,-0.0020000000000000573
R0,5,Cho2017,36,0.534,0.554,0.01999999999999998,0.020000000000000018
R0,5,Cho2017,37,0.874,0.882,0.00799999999999996,0.008000000000000007
R0,5,Cho2017,38,0.5780000000000001,0.536,-0.04199999999999998,-0.04200000000000004
R0,5,Cho2017,39,0.528,0.54,0.012000000000000021,0.01200000000000001
R0,5,Cho2017,40,0.528,0.526,-0.0019999999999999888,-0.0020000000000000018
R0,5,Cho2017,41,0.616,0.5860000000000001,-0.02999999999999996,-0.029999999999999916
R0,5,Cho2017,42,0.542,0.52,-0.02200000000000002,-0.02200000000000002
R0,5,Cho2017,43,1.0,1.0,0.0,0.0
R0,5,Cho2017,44,0.9359999999999999,0.9400000000000001,0.004,0.004000000000000115
R0,5,Cho2017,45,0.538,0.54,0.0020000000000000005,0.0020000000000000018
R0,5,Cho2017,46,0.5483333333333333,0.5533333333333333,0.004999999999999979,0.0050000000000000044
R0,5,Cho2017,47,0.8380000000000001,0.8200000000000001,-0.01799999999999996,-0.018000000000000016
R0,5,Cho2017,48,0.662,0.6799999999999999,0.01799999999999998,0.017999999999999905
R0,5,Cho2017,49,0.994,0.9960000000000001,0.002,0.002000000000000113
R0,5,Cho2017,50,0.95,0.968,0.01799999999999998,0.018000000000000016
R0,5,Cho2017,51,0.56,0.602,0.04199999999999994,0.041999999999999926
R0,5,Cho2017,52,0.604,0.5980000000000001,-0.006000000000000021,-0.005999999999999894
R0,5,Dreyer2023,1,0.8850000000000001,0.8833333333333332,-0.0016666666666666995,-0.0016666666666669272
R0,5,Dreyer2023,2,0.6833333333333333,0.6799999999999999,-0.00333333333333332,-0.0033333333333334103
R0,5,Dreyer2023,3,0.8183333333333334,0.7683333333333333,-0.05,-0.050000000000000044
R0,5,Dreyer2023,5,0.8766666666666667,0.875,-0.001666666666666701,-0.0016666666666667052
R0,5,Dreyer2023,6,0.7716666666666667,0.805,0.03333333333333332,0.033333333333333326
R0,5,Dreyer2023,7,0.9766666666666666,0.9749999999999999,-0.0016666666666666802,-0.0016666666666667052
R0,5,Dreyer2023,8,0.8266666666666665,0.8316666666666667,0.00500000000000002,0.0050000000000001155
R0,5,Dreyer2023,10,0.9116666666666667,0.8400000000000001,-0.07166666666666663,-0.07166666666666666
R0,5,Dreyer2023,11,0.6316666666666666,0.6,-0.03166666666666662,-0.03166666666666662
R0,5,Dreyer2023,12,0.8949999999999999,0.9,0.005,0.0050000000000001155
R0,5,Dreyer2023,13,0.7566666666666666,0.74,-0.016666666666666642,-0.016666666666666607
R0,5,Dreyer2023,14,0.6916666666666667,0.6599999999999999,-0.03166666666666662,-0.03166666666666673
R0,5,Dreyer2023,15,0.9266666666666665,0.925,-0.00166666666666666,-0.0016666666666664831
R0,5,Dreyer2023,16,0.8266666666666668,0.8333333333333334,0.006666666666666659,0.006666666666666599
R0,5,Dreyer2023,18,0.9066666666666666,0.9266666666666665,0.019999999999999955,0.019999999999999907
R0,5,Dreyer2023,19,0.8949999999999999,0.9033333333333333,0.0083333333333333,0.008333333333333415
R0,5,Dreyer2023,20,0.8966666666666667,0.9066666666666666,0.01,0.009999999999999898
R0,5,Dreyer2023,21,0.9116666666666665,0.8966666666666667,-0.014999999999999958,-0.014999999999999791
R0,5,Dreyer2023,22,0.9283333333333333,0.86,-0.06833333333333332,-0.06833333333333336
R0,5,Dreyer2023,23,0.7366666666666667,0.75,0.013333333333333303,0.013333333333333308
R0,5,Dreyer2023,24,0.9399999999999998,0.9466666666666667,0.006666666666666663,0.006666666666666821
R0,5,Dreyer2023,25,0.67,0.6833333333333333,0.01333333333333328,0.013333333333333308
R0,5,Dreyer2023,26,0.7783333333333333,0.8,0.02166666666666662,0.021666666666666723
R0,5,Dreyer2023,27,0.8066666666666666,0.8066666666666666,0.0,0.0
R0,5,Dreyer2023,28,0.7716666666666667,0.8283333333333334,0.056666666666666664,0.05666666666666664
R0,5,Dreyer2023,30,0.7116666666666667,0.72,0.0083333333333333,0.008333333333333304
R0,5,Dreyer2023,31,0.8733333333333333,0.8783333333333333,0.004999999999999982,0.0050000000000000044
R0,5,Dreyer2023,32,0.845,0.8550000000000001,0.009999999999999978,0.01000000000000012
R0,5,Dreyer2023,33,0.795,0.7783333333333333,-0.01666666666666666,-0.01666666666666672
R0,5,Dreyer2023,34,0.7933333333333333,0.7983333333333333,0.004999999999999977,0.0050000000000000044
R0,5,Dreyer2023,35,0.7499999999999999,0.7616666666666667,0.011666666666666738,0.011666666666666825
R0,5,Dreyer2023,36,0.7983333333333332,0.7733333333333333,-0.02499999999999994,-0.02499999999999991
R0,5,Dreyer2023,37,0.735,0.7333333333333333,-0.0016666666666666596,-0.0016666666666667052
R0,5,Dreyer2023,38,0.8533333333333333,0.8483333333333334,-0.005,-0.004999999999999893
R0,5,Dreyer2023,39,0.9183333333333333,0.9233333333333332,0.00500000000000002,0.004999999999999893
R0,5,Dreyer2023,40,0.8534482758620691,0.8620689655172414,0.00862068965517242,0.008620689655172376
R0,5,Dreyer2023,42,0.74,0.75,0.009999999999999941,0.010000000000000009
R0,5,Dreyer2023,43,0.8816666666666666,0.8799999999999999,-0.0016666666666666802,-0.0016666666666667052
R0,5,Dreyer2023,44,0.6466666666666667,0.6766666666666666,0.02999999999999996,0.029999999999999916
R0,5,Dreyer2023,45,0.7466666666666667,0.7766666666666666,0.03000000000000002,0.029999999999999916
R0,5,Dreyer2023,46,0.7366666666666667,0.7350000000000001,-0.0016666666666666202,-0.0016666666666665941
R0,5,Dreyer2023,47,0.8949999999999999,0.8816666666666666,-0.013333333333333319,-0.013333333333333308
R0,5,Dreyer2023,48,0.6683333333333333,0.6733333333333333,0.00500000000000002,0.0050000000000000044
R0,5,Dreyer2023,49,0.7833333333333333,0.8083333333333333,0.02499999999999998,0.025000000000000022
R0,5,Dreyer2023,50,0.6166666666666666,0.5916666666666667,-0.02499999999999996,-0.02499999999999991
R0,5,Dreyer2023,51,0.7466666666666667,0.7616666666666667,0.015,0.015000000000000013
R0,5,Dreyer2023,52,0.7966666666666666,0.7733333333333333,-0.0233333333333333,-0.023333333333333317
R0,5,Dreyer2023,53,0.7866666666666667,0.8133333333333332,0.026666666666666637,0.026666666666666505
R0,5,Dreyer2023,54,0.7016666666666667,0.7266666666666667,0.025,0.025000000000000022
R0,5,Dreyer2023,55,0.9366666666666668,0.9299999999999999,-0.006666666666666703,-0.006666666666666821
R0,5,Dreyer2023,56,0.9200000000000002,0.8966666666666665,-0.023333333333333338,-0.02333333333333365
R0,5,Dreyer2023,57,0.635,0.6666666666666667,0.03166666666666668,0.03166666666666673
R0,5,Dreyer2023,58,0.9233333333333332,0.9233333333333335,4.198030811863873e-17,2.220446049250313e-16
R0,5,Dreyer2023,59,0.78,0.8175000000000001,0.0374999999999999,0.03750000000000009
R0,5,Dreyer2023,60,0.8066666666666666,0.85,0.04333333333333334,0.043333333333333335
R0,5,Dreyer2023,61,0.8633333333333333,0.8566666666666667,-0.006666666666666659,-0.006666666666666599
R0,5,Dreyer2023,62,0.7416666666666667,0.7316666666666667,-0.01000000000000002,-0.010000000000000009
R0,5,Dreyer2023,63,0.8133333333333332,0.8216666666666667,0.008333333333333299,0.008333333333333415
R0,5,Dreyer2023,64,0.765,0.78,0.015,0.015000000000000013
R0,5,Dreyer2023,65,0.835,0.8166666666666667,-0.01833333333333332,-0.018333333333333313
R0,5,Dreyer2023,66,0.7583333333333334,0.7566666666666666,-0.0016666666666667021,-0.0016666666666668162
R0,5,Dreyer2023,67,0.7916666666666666,0.7916666666666667,1.97758476261356e-17,1.1102230246251565e-16
R0,5,Dreyer2023,68,0.7383333333333334,0.7150000000000001,-0.02333333333333332,-0.023333333333333317
R0,5,Dreyer2023,69,0.8516666666666666,0.835,-0.016666666666666656,-0.016666666666666607
R0,5,Dreyer2023,70,0.6716666666666666,0.6516666666666667,-0.02,-0.019999999999999907
R0,5,Dreyer2023,71,0.8550000000000001,0.8583333333333332,0.0033333333333332806,0.0033333333333330772
R0,5,Dreyer2023,72,0.8099999999999999,0.8366666666666667,0.026666666666666682,0.026666666666666727
R0,5,Dreyer2023,73,0.7466666666666667,0.7916666666666667,0.04499999999999996,0.04500000000000004
R0,5,Dreyer2023,74,0.735,0.7733333333333333,0.038333333333333316,0.03833333333333333
R0,5,Dreyer2023,75,0.7583333333333334,0.7816666666666666,0.023333333333333282,0.023333333333333206
R0,5,Dreyer2023,76,0.8216666666666667,0.85,0.02833333333333334,0.02833333333333332
R0,5,Dreyer2023,77,0.8233333333333333,0.835,0.011666666666666698,0.011666666666666714
R0,5,Dreyer2023,80,0.7116666666666667,0.7133333333333334,0.0016666666666666802,0.0016666666666667052
R0,5,Dreyer2023,81,0.8299999999999998,0.82,-0.009999999999999976,-0.009999999999999898
R0,5,Dreyer2023,82,0.795,0.7633333333333333,-0.031666666666666635,-0.03166666666666673
R0,5,Dreyer2023,83,0.6883333333333334,0.6900000000000001,0.00166666666666666,0.0016666666666667052
R0,5,Dreyer2023,84,0.8333333333333334,0.8233333333333335,-0.009999999999999959,-0.009999999999999898
R0,5,Dreyer2023,85,0.735,0.755,0.01999999999999998,0.020000000000000018
R0,5,Dreyer2023,86,0.8383333333333333,0.8233333333333335,-0.014999999999999961,-0.014999999999999791
R0,5,Dreyer2023,87,0.7833333333333334,0.775,-0.00833333333333334,-0.008333333333333415
R0,5,PhysionetMI,1,0.8356060606060606,0.8242424242424242,-0.011363636363636378,-0.011363636363636354
R0,5,PhysionetMI,2,0.8946153846153846,0.8946153846153846,0.0,0.0
R0,5,PhysionetMI,3,0.9484848484848485,0.9393939393939394,-0.00909090909090908,-0.009090909090909038
R0,5,PhysionetMI,4,0.9196969696969697,0.9477272727272726,0.028030303030303,0.02803030303030296
R0,5,PhysionetMI,5,0.7204545454545455,0.7159090909090909,-0.0045454545454545,-0.004545454545454519
R0,5,PhysionetMI,6,0.8825757575757576,0.8803030303030303,-0.0022727272727272605,-0.002272727272727315
R0,5,PhysionetMI,7,0.9825757575757577,0.990909090909091,0.00833333333333334,0.008333333333333304
R0,5,PhysionetMI,8,0.8325757575757574,0.8772727272727273,0.0446969696969697,0.0446969696969699
R0,5,PhysionetMI,9,0.9076923076923077,0.923846153846154,0.01615384615384616,0.016153846153846296
R0,5,PhysionetMI,10,0.7276923076923077,0.7276923076923077,0.0,0.0
R0,5,PhysionetMI,11,0.725,0.725,0.0,0.0
R0,5,PhysionetMI,12,0.8643939393939395,0.8643939393939395,0.0,0.0
R0,5,PhysionetMI,13,0.803030303030303,0.793939393939394,-0.009090909090909061,-0.009090909090909038
R0,5,PhysionetMI,14,0.7734848484848486,0.771969696969697,-0.0015151515151515193,-0.0015151515151515804
R0,5,PhysionetMI,15,0.9284615384615386,0.9823076923076923,0.0538461538461538,0.053846153846153766
R0,5,PhysionetMI,16,0.6053030303030302,0.6174242424242424,0.012121212121212161,0.0121212121212122
R0,5,PhysionetMI,17,0.803030303030303,0.8598484848484848,0.05681818181818184,0.05681818181818177
R0,5,PhysionetMI,18,1.0,1.0,0.0,0.0
R0,5,PhysionetMI,19,0.9106060606060605,0.9022727272727273,-0.008333333333333321,-0.008333333333333193
R0,5,PhysionetMI,20,0.9045454545454547,0.9136363636363637,0.00909090909090908,0.009090909090909038
R0,5,PhysionetMI,21,0.759090909090909,0.7022727272727273,-0.05681818181818178,-0.05681818181818177
R0,5,PhysionetMI,22,0.9636363636363636,0.9636363636363636,0.0,0.0
R0,5,PhysionetMI,23,0.7838461538461539,0.8038461538461539,0.01999999999999998,0.020000000000000018
R0,5,PhysionetMI,24,0.7863636363636364,0.8030303030303031,0.01666666666666666,0.01666666666666672
R0,5,PhysionetMI,25,0.5954545454545455,0.5795454545454546,-0.01590909090909088,-0.015909090909090873
R0,5,PhysionetMI,26,0.6407692307692308,0.6261538461538462,-0.014615384615384619,-0.014615384615384586
R0,5,PhysionetMI,27,0.8696969696969697,0.8787878787878787,0.00909090909090908,0.009090909090908927
R0,5,PhysionetMI,28,0.7984848484848485,0.815909090909091,0.01742424242424242,0.017424242424242564
R0,5,PhysionetMI,29,0.7386363636363636,0.7568181818181818,0.01818181818181816,0.018181818181818188
R0,5,PhysionetMI,30,0.8583333333333334,0.8946969696969698,0.03636363636363632,0.036363636363636376
R0,5,PhysionetMI,31,0.7416666666666667,0.771969696969697,0.03030303030303022,0.030303030303030276
R0,5,PhysionetMI,32,0.9323076923076924,0.936923076923077,0.0046153846153846,0.004615384615384577
R0,5,PhysionetMI,33,0.9295454545454545,0.9454545454545455,0.01590909090909092,0.015909090909091095
R0,5,PhysionetMI,34,0.8215384615384614,0.8561538461538462,0.03461538461538462,0.034615384615384714
R0,5,PhysionetMI,35,0.8143939393939394,0.8143939393939394,0.0,0.0
R0,5,PhysionetMI,36,0.9113636363636364,0.9037878787878789,-0.0075757575757575205,-0.007575757575757458
R0,5,PhysionetMI,37,0.6795454545454545,0.7196969696969697,0.04015151515151514,0.04015151515151527
R0,5,PhysionetMI,38,0.49469696969696975,0.4431818181818182,-0.05151515151515146,-0.05151515151515157
R0,5,PhysionetMI,39,0.7454545454545455,0.7787878787878788,0.03333333333333334,0.033333333333333326
R0,5,PhysionetMI,40,0.9818181818181818,0.9242424242424242,-0.0575757575757576,-0.05757575757575761
R0,5,PhysionetMI,41,0.9692307692307693,0.9592307692307692,-0.00999999999999998,-0.01000000000000012
R0,5,PhysionetMI,42,0.8916666666666668,0.9242424242424242,0.032575757575757494,0.03257575757575737
R0,5,PhysionetMI,43,0.8212121212121211,0.8212121212121211,0.0,0.0
R0,5,PhysionetMI,44,0.8606060606060606,0.8522727272727273,-0.00833333333333334,-0.008333333333333304
R0,5,PhysionetMI,45,0.7984848484848485,0.7962121212121211,-0.0022727272727273,-0.002272727272727315
R0,5,PhysionetMI,46,0.7424242424242424,0.771969696969697,0.02954545454545452,0.02954545454545454
R0,5,PhysionetMI,47,0.7348484848484849,0.7606060606060606,0.02575757575757574,0.025757575757575757
R0,5,PhysionetMI,48,0.990909090909091,0.990909090909091,0.0,0.0
R0,5,PhysionetMI,49,0.7628787878787879,0.7560606060606061,-0.006818181818181819,-0.006818181818181834
R0,5,PhysionetMI,50,0.7803030303030303,0.8257575757575758,0.045454545454545435,0.045454545454545525
R0,5,PhysionetMI,51,0.8242424242424242,0.8401515151515152,0.01590909090909094,0.015909090909090984
R0,5,PhysionetMI,52,0.8661538461538463,0.8661538461538463,0.0,0.0
R0,5,PhysionetMI,53,0.9015151515151516,0.8924242424242423,-0.0090909090909091,-0.00909090909090926
R0,5,PhysionetMI,54,0.8909090909090909,0.8886363636363637,-0.002272727272727279,-0.002272727272727204
R0,5,PhysionetMI,55,0.8462121212121213,0.8803030303030305,0.0340909090909091,0.03409090909090917
R0,5,PhysionetMI,56,0.8356060606060606,0.8196969696969697,-0.01590909090909088,-0.015909090909090873
R0,5,PhysionetMI,57,0.949242424242424,0.949242424242424,0.0,0.0
R0,5,PhysionetMI,58,0.8161538461538462,0.8507692307692307,0.0346153846153846,0.03461538461538449
R0,5,PhysionetMI,59,0.6659090909090909,0.6606060606060605,-0.00530303030303022,-0.005303030303030365
R0,5,PhysionetMI,60,0.8884615384615385,0.8238461538461539,-0.0646153846153846,-0.06461538461538463
R0,5,PhysionetMI,61,0.9545454545454547,0.9545454545454547,0.0,0.0
R0,5,PhysionetMI,62,0.9583333333333333,0.9499999999999998,-0.00833333333333334,-0.008333333333333415
R0,5,PhysionetMI,63,0.7287878787878788,0.8022727272727274,0.07348484848484846,0.0734848484848486
R0,5,PhysionetMI,64,0.7621212121212122,0.7462121212121213,-0.01590909090909094,-0.015909090909090873
R0,5,PhysionetMI,65,0.9242424242424242,0.9325757575757576,0.00833333333333334,0.008333333333333415
R0,5,PhysionetMI,66,0.7704545454545455,0.7689393939393939,-0.0015151515151515,-0.0015151515151515804
R0,5,PhysionetMI,67,0.7916666666666666,0.7916666666666667,4.0245584642661923e-17,1.1102230246251565e-16
R0,5,PhysionetMI,68,0.6727272727272727,0.6886363636363637,0.01590909090909092,0.015909090909090984
R0,5,PhysionetMI,69,0.8284615384615386,0.8253846153846155,-0.0030769230769230596,-0.003076923076923088
R0,5,PhysionetMI,70,0.9659090909090908,0.9659090909090908,0.0,0.0
R0,5,PhysionetMI,71,0.9143939393939393,0.9128787878787878,-0.0015151515151514798,-0.0015151515151514694
R0,5,PhysionetMI,72,1.0,0.9916666666666666,-0.00833333333333334,-0.008333333333333415
R0,5,PhysionetMI,73,0.7568181818181818,0.7583333333333334,0.0015151515151515,0.0015151515151515804
R0,5,PhysionetMI,74,0.7575757575757576,0.7780303030303031,0.020454545454545378,0.020454545454545503
R0,5,PhysionetMI,75,0.6606060606060606,0.6886363636363637,0.02803030303030294,0.028030303030303072
R0,5,PhysionetMI,76,0.5515151515151515,0.531060606060606,-0.020454545454545458,-0.020454545454545503
R0,5,PhysionetMI,77,0.6037878787878788,0.5878787878787879,-0.01590909090909088,-0.015909090909090873
R0,5,PhysionetMI,78,0.5621212121212121,0.5166666666666667,-0.045454545454545435,-0.045454545454545414
R0,5,PhysionetMI,79,0.7515151515151516,0.7598484848484849,0.00833333333333334,0.008333333333333304
R0,5,PhysionetMI,80,0.7907692307692308,0.826923076923077,0.03615384615384614,0.0361538461538462
R0,5,PhysionetMI,81,0.8704545454545455,0.8886363636363637,0.01818181818181816,0.018181818181818188
R0,5,PhysionetMI,82,0.8113636363636363,0.8446969696969697,0.03333333333333332,0.03333333333333344
R0,5,PhysionetMI,83,0.7215384615384616,0.7384615384615385,0.01692307692307692,0.01692307692307693
R0,5,PhysionetMI,84,0.8825757575757576,0.8893939393939394,0.0068181818181818205,0.006818181818181834
R0,5,PhysionetMI,85,0.8878787878787879,0.8492424242424242,-0.03863636363636362,-0.03863636363636369
R0,5,PhysionetMI,86,0.9846153846153847,0.9846153846153847,0.0,0.0
R0,5,PhysionetMI,87,0.6386363636363636,0.6257575757575757,-0.01287878787878782,-0.012878787878787823
R0,5,PhysionetMI,90,0.8727272727272727,0.8545454545454545,-0.0181818181818182,-0.018181818181818188
R0,5,PhysionetMI,91,0.9166666666666666,0.9166666666666666,0.0,0.0
R0,5,PhysionetMI,93,0.7886363636363637,0.7553030303030303,-0.033333333333333305,-0.03333333333333344
R0,5,PhysionetMI,94,0.7954545454545455,0.7954545454545455,-2.0816681711721685e-17,0.0
R0,5,PhysionetMI,95,0.6515384615384615,0.6384615384615385,-0.01307692307692306,-0.013076923076922986
R0,5,PhysionetMI,96,0.8583333333333332,0.8484848484848484,-0.0098484848484848,-0.009848484848484773
R0,5,PhysionetMI,97,0.7696969696969697,0.7696969696969697,0.0,0.0
R0,5,PhysionetMI,98,0.4621212121212121,0.4621212121212121,0.0,0.0
R0,5,PhysionetMI,99,0.6151515151515151,0.6143939393939395,-0.0007575757575757596,-0.0007575757575756237
R0,5,PhysionetMI,101,0.8976923076923077,0.936923076923077,0.03923076923076922,0.03923076923076929
R0,5,PhysionetMI,102,0.7416666666666667,0.8007575757575758,0.05909090909090906,0.05909090909090908
R0,5,PhysionetMI,103,0.8575757575757577,0.840909090909091,-0.01666666666666666,-0.016666666666666607
R0,5,PhysionetMI,105,0.9068181818181819,0.9068181818181819,0.0,0.0
R0,5,PhysionetMI,107,0.5553030303030303,0.5537878787878787,-0.0015151515151515193,-0.0015151515151515804
R0,5,PhysionetMI,108,0.8537878787878788,0.8454545454545455,-0.008333333333333321,-0.008333333333333304
R0,5,PhysionetMI,109,0.6537878787878788,0.6946969696969697,0.04090909090909092,0.040909090909090895
R0,10,Cho2017,1,0.642,0.65,0.00800000000000004,0.008000000000000007
R0,10,Cho2017,2,0.524,0.53,0.006,0.006000000000000005
R0,10,Cho2017,3,0.6719999999999999,0.7140000000000001,0.042,0.04200000000000015
R0,10,Cho2017,4,0.64,0.674,0.03399999999999993,0.03400000000000003
R0,10,Cho2017,5,1.0,0.998,-0.002,-0.0020000000000000018
R0,10,Cho2017,6,0.8140000000000001,0.808,-0.00599999999999998,-0.006000000000000005
R0,10,Cho2017,7,0.5033333333333333,0.51,0.006666666666666679,0.00666666666666671
R0,10,Cho2017,8,0.54,0.54,3.9898639947466563e-17,0.0
R0,10,Cho2017,9,0.5433333333333333,0.5716666666666667,0.02833333333333334,0.02833333333333332
R0,10,Cho2017,10,0.5820000000000001,0.5660000000000001,-0.01599999999999996,-0.016000000000000014
R0,10,Cho2017,11,0.604,0.62,0.016,0.016000000000000014
R0,10,Cho2017,12,0.514,0.556,0.04199999999999998,0.04200000000000004
R0,10,Cho2017,13,0.8460000000000001,0.8960000000000001,0.049999999999999954,0.050000000000000044
R0,10,Cho2017,14,0.7220000000000001,0.8280000000000001,0.10599999999999998,0.10599999999999998
R0,10,Cho2017,15,0.52,0.528,0.007999999999999978,0.008000000000000007
R0,10,Cho2017,16,0.626,0.65,0.02399999999999996,0.02400000000000002
R0,10,Cho2017,17,0.55,0.56,0.01,0.010000000000000009
R0,10,Cho2017,18,0.6140000000000001,0.592,-0.022,-0.02200000000000013
R0,10,Cho2017,19,0.522,0.49000000000000005,-0.03199999999999998,-0.03199999999999997
R0,10,Cho2017,20,0.5660000000000001,0.6,0.03399999999999998,0.03399999999999992
R0,10,Cho2017,21,0.546,0.554,0.008000000000000021,0.008000000000000007
R0,10,Cho2017,22,0.592,0.6060000000000001,0.01399999999999994,0.014000000000000123
R0,10,Cho2017,23,0.562,0.558,-0.00400000000000004,-0.0040000000000000036
R0,10,Cho2017,24,0.49399999999999994,0.534,0.04000000000000002,0.04000000000000009
R0,10,Cho2017,25,0.554,0.5820000000000001,0.02799999999999998,0.028000000000000025
R0,10,Cho2017,26,0.99,0.99,0.0,0.0
R0,10,Cho2017,27,0.5660000000000001,0.5660000000000001,2.0816681711721685e-17,0.0
R0,10,Cho2017,28,0.5820000000000001,0.674,0.09199999999999993,0.09199999999999997
R0,10,Cho2017,29,0.502,0.476,-0.025999999999999957,-0.026000000000000023
R0,10,Cho2017,30,0.638,0.628,-0.00999999999999998,-0.010000000000000009
R0,10,Cho2017,31,0.548,0.556,0.007999999999999998,0.008000000000000007
R0,10,Cho2017,32,0.534,0.53,-0.003999999999999999,-0.0040000000000000036
R0,10,Cho2017,33,0.5860000000000001,0.542,-0.04399999999999994,-0.04400000000000004
R0,10,Cho2017,34,0.548,0.576,0.02799999999999998,0.027999999999999914
R0,10,Cho2017,35,0.396,0.394,-0.001999999999999999,-0.0020000000000000018
R0,10,Cho2017,36,0.534,0.546,0.012000000000000002,0.01200000000000001
R0,10,Cho2017,37,0.874,0.8800000000000001,0.00599999999999996,0.006000000000000116
R0,10,Cho2017,38,0.5780000000000001,0.5800000000000001,0.0020000000000000018,0.0020000000000000018
R0,10,Cho2017,39,0.528,0.518,-0.009999999999999981,-0.010000000000000009
R0,10,Cho2017,40,0.528,0.518,-0.01,-0.010000000000000009
R0,10,Cho2017,41,0.616,0.5900000000000001,-0.025999999999999985,-0.025999999999999912
R0,10,Cho2017,42,0.542,0.54,-0.0020000000000000005,-0.0020000000000000018
R0,10,Cho2017,43,1.0,1.0,0.0,0.0
R0,10,Cho2017,44,0.9359999999999999,0.944,0.008,0.008000000000000007
R0,10,Cho2017,45,0.538,0.532,-0.006,-0.006000000000000005
R0,10,Cho2017,46,0.5483333333333333,0.5633333333333332,0.01499999999999994,0.014999999999999902
R0,10,Cho2017,47,0.8380000000000001,0.8300000000000001,-0.00799999999999998,-0.008000000000000007
R0,10,Cho2017,48,0.662,0.662,1.9428902930940238e-17,0.0
R0,10,Cho2017,49,0.994,1.0,0.006,0.006000000000000005
R0,10,Cho2017,50,0.95,0.982,0.03199999999999996,0.03200000000000003
R0,10,Cho2017,51,0.56,0.604,0.04399999999999996,0.04399999999999993
R0,10,Cho2017,52,0.604,0.61,0.005999999999999959,0.006000000000000005
R0,10,Dreyer2023,1,0.8850000000000001,0.8916666666666666,0.006666666666666618,0.0066666666666664876
R0,10,Dreyer2023,2,0.6833333333333333,0.6616666666666667,-0.02166666666666662,-0.021666666666666612
R0,10,Dreyer2023,3,0.8183333333333334,0.8116666666666668,-0.00666666666666668,-0.006666666666666599
R0,10,Dreyer2023,5,0.8766666666666667,0.8816666666666666,0.00499999999999996,0.004999999999999893
R0,10,Dreyer2023,6,0.7716666666666667,0.8150000000000001,0.04333333333333328,0.043333333333333335
R0,10,Dreyer2023,7,0.9766666666666666,0.9733333333333333,-0.00333333333333334,-0.0033333333333332993
R0,10,Dreyer2023,8,0.8266666666666665,0.8333333333333334,0.0066666666666666775,0.006666666666666821
R0,10,Dreyer2023,10,0.9116666666666667,0.8949999999999999,-0.016666666666666656,-0.01666666666666683
R0,10,Dreyer2023,11,0.6316666666666666,0.635,0.00333333333333334,0.0033333333333334103
R0,10,Dreyer2023,12,0.8949999999999999,0.8983333333333334,0.0033333333333333396,0.0033333333333335213
R0,10,Dreyer2023,13,0.7566666666666666,0.75,-0.006666666666666659,-0.006666666666666599
R0,10,Dreyer2023,14,0.6916666666666667,0.7150000000000001,0.02333333333333332,0.023333333333333428
R0,10,Dreyer2023,15,0.9266666666666665,0.9283333333333333,0.0016666666666666605,0.0016666666666668162
R0,10,Dreyer2023,16,0.8266666666666668,0.845,0.01833333333333332,0.0183333333333332
R0,10,Dreyer2023,18,0.9066666666666666,0.9433333333333334,0.036666666666666604,0.036666666666666736
R0,10,Dreyer2023,19,0.8949999999999999,0.9049999999999999,0.009999999999999981,0.010000000000000009
R0,10,Dreyer2023,20,0.8966666666666667,0.9233333333333332,0.026666666666666623,0.026666666666666505
R0,10,Dreyer2023,21,0.9116666666666665,0.9316666666666666,0.020000000000000025,0.02000000000000013
R0,10,Dreyer2023,22,0.9283333333333333,0.8266666666666665,-0.10166666666666661,-0.1016666666666668
R0,10,Dreyer2023,23,0.7366666666666667,0.765,0.02833333333333332,0.02833333333333332
R0,10,Dreyer2023,24,0.9399999999999998,0.9483333333333333,0.008333333333333323,0.008333333333333415
R0,10,Dreyer2023,25,0.67,0.6783333333333333,0.00833333333333328,0.008333333333333304
R0,10,Dreyer2023,26,0.7783333333333333,0.7533333333333333,-0.025,-0.025000000000000022
R0,10,Dreyer2023,27,0.8066666666666666,0.8150000000000001,0.00833333333333334,0.008333333333333415
R0,10,Dreyer2023,28,0.7716666666666667,0.7866666666666667,0.015000000000000003,0.015000000000000013
R0,10,Dreyer2023,30,0.7116666666666667,0.71,-0.0016666666666666802,-0.0016666666666667052
R0,10,Dreyer2023,31,0.8733333333333333,0.8983333333333332,0.02499999999999998,0.02499999999999991
R0,10,Dreyer2023,32,0.845,0.8566666666666667,0.011666666666666659,0.011666666666666714
R0,10,Dreyer2023,33,0.795,0.7866666666666667,-0.00833333333333334,-0.008333333333333304
R0,10,Dreyer2023,34,0.7933333333333333,0.7966666666666666,0.003333333333333298,0.0033333333333332993
R0,10,Dreyer2023,35,0.7499999999999999,0.7716666666666667,0.021666666666666702,0.021666666666666834
R0,10,Dreyer2023,36,0.7983333333333332,0.79,-0.0083333333333333,-0.008333333333333193
R0,10,Dreyer2023,37,0.735,0.74,0.005,0.0050000000000000044
R0,10,Dreyer2023,38,0.8533333333333333,0.8233333333333333,-0.03,-0.030000000000000027
R0,10,Dreyer2023,39,0.9183333333333333,0.9283333333333333,0.01000000000000002,0.010000000000000009
R0,10,Dreyer2023,40,0.8534482758620691,0.8586206896551725,0.00517241379310346,0.005172413793103403
R0,10,Dreyer2023,42,0.74,0.7766666666666666,0.03666666666666664,0.036666666666666625
R0,10,Dreyer2023,43,0.8816666666666666,0.8833333333333334,0.00166666666666666,0.0016666666666668162
R0,10,Dreyer2023,44,0.6466666666666667,0.655,0.008333333333333321,0.008333333333333304
R0,10,Dreyer2023,45,0.7466666666666667,0.8183333333333334,0.07166666666666667,0.07166666666666666
R0,10,Dreyer2023,46,0.7366666666666667,0.7366666666666666,-3.95516952522712e-17,-1.1102230246251565e-16
R0,10,Dreyer2023,47,0.8949999999999999,0.89,-0.005000000000000021,-0.004999999999999893
R0,10,Dreyer2023,48,0.6683333333333333,0.6816666666666666,0.013333333333333341,0.013333333333333308
R0,10,Dreyer2023,49,0.7833333333333333,0.7866666666666667,0.003333333333333341,0.0033333333333334103
R0,10,Dreyer2023,50,0.6166666666666666,0.6216666666666667,0.004999999999999979,0.0050000000000001155
R0,10,Dreyer2023,51,0.7466666666666667,0.7416666666666666,-0.00500000000000002,-0.0050000000000001155
R0,10,Dreyer2023,52,0.7966666666666666,0.7716666666666667,-0.02499999999999998,-0.02499999999999991
R0,10,Dreyer2023,53,0.7866666666666667,0.76,-0.02666666666666666,-0.026666666666666727
R0,10,Dreyer2023,54,0.7016666666666667,0.7266666666666667,0.025,0.025000000000000022
R0,10,Dreyer2023,55,0.9366666666666668,0.93,-0.006666666666666682,-0.00666666666666671
R0,10,Dreyer2023,56,0.9200000000000002,0.8883333333333333,-0.03166666666666666,-0.03166666666666684
R0,10,Dreyer2023,57,0.635,0.6733333333333333,0.038333333333333296,0.03833333333333333
R0,10,Dreyer2023,58,0.9233333333333332,0.9333333333333332,0.009999999999999962,0.010000000000000009
R0,10,Dreyer2023,59,0.78,0.755,-0.025,-0.025000000000000022
R0,10,Dreyer2023,60,0.8066666666666666,0.8383333333333333,0.03166666666666664,0.03166666666666662
R0,10,Dreyer2023,61,0.8633333333333333,0.86,-0.0033333333333333604,-0.0033333333333332993
R0,10,Dreyer2023,62,0.7416666666666667,0.74,-0.0016666666666666796,-0.0016666666666667052
R0,10,Dreyer2023,63,0.8133333333333332,0.8333333333333334,0.01999999999999996,0.02000000000000013
R0,10,Dreyer2023,64,0.765,0.7816666666666666,0.016666666666666684,0.016666666666666607
R0,10,Dreyer2023,65,0.835,0.8383333333333333,0.00333333333333332,0.0033333333333332993
R0,10,Dreyer2023,66,0.7583333333333334,0.7333333333333333,-0.025000000000000015,-0.025000000000000133
R0,10,Dreyer2023,67,0.7916666666666666,0.7733333333333333,-0.018333333333333302,-0.018333333333333313
R0,10,Dreyer2023,68,0.7383333333333334,0.7383333333333334,1.9428902930940238e-17,0.0
R0,10,Dreyer2023,69,0.8516666666666666,0.8099999999999999,-0.041666666666666644,-0.04166666666666663
R0,10,Dreyer2023,70,0.6716666666666666,0.6566666666666666,-0.015000000000000041,-0.015000000000000013
R0,10,Dreyer2023,71,0.8550000000000001,0.8633333333333333,0.0083333333333333,0.008333333333333193
R0,10,Dreyer2023,72,0.8099999999999999,0.8316666666666667,0.02166666666666662,0.021666666666666723
R0,10,Dreyer2023,73,0.7466666666666667,0.8150000000000001,0.06833333333333327,0.06833333333333336
R0,10,Dreyer2023,74,0.735,0.75,0.014999999999999996,0.015000000000000013
R0,10,Dreyer2023,75,0.7583333333333334,0.7666666666666667,0.00833333333333334,0.008333333333333304
R0,10,Dreyer2023,76,0.8216666666666667,0.8566666666666667,0.03499999999999998,0.03500000000000003
R0,10,Dreyer2023,77,0.8233333333333333,0.82,-0.0033333333333333596,-0.0033333333333332993
R0,10,Dreyer2023,80,0.7116666666666667,0.74,0.0283333333333333,0.02833333333333332
R0,10,Dreyer2023,81,0.8299999999999998,0.8366666666666667,0.006666666666666659,0.006666666666666821
R0,10,Dreyer2023,82,0.795,0.7849999999999999,-0.01,-0.01000000000000012
R0,10,Dreyer2023,83,0.6883333333333334,0.6950000000000001,0.00666666666666664,0.00666666666666671
R0,10,Dreyer2023,84,0.8333333333333334,0.8333333333333333,-1.97758476261356e-17,-1.1102230246251565e-16
R0,10,Dreyer2023,85,0.735,0.7449999999999999,0.00999999999999996,0.009999999999999898
R0,10,Dreyer2023,86,0.8383333333333333,0.825,-0.0133333333333333,-0.013333333333333308
R0,10,Dreyer2023,87,0.7833333333333334,0.7333333333333334,-0.04999999999999996,-0.050000000000000044
R0,10,PhysionetMI,1,0.8356060606060606,0.8416666666666666,0.006060606060606001,0.006060606060605989
R0,10,PhysionetMI,2,0.8946153846153846,0.8846153846153847,-0.01,-0.009999999999999898
R0,10,PhysionetMI,3,0.9484848484848485,0.9393939393939394,-0.00909090909090908,-0.009090909090909038
R0,10,PhysionetMI,4,0.9196969696969697,0.9295454545454545,0.009848484848484839,0.009848484848484773
R0,10,PhysionetMI,5,0.7204545454545455,0.725,0.00454545454545458,0.004545454545454519
R0,10,PhysionetMI,6,0.8825757575757576,0.8613636363636363,-0.0212121212121212,-0.021212121212121238
R0,10,PhysionetMI,7,0.9825757575757577,0.990909090909091,0.00833333333333334,0.008333333333333304
R0,10,PhysionetMI,8,0.8325757575757574,0.85,0.01742424242424248,0.017424242424242564
R0,10,PhysionetMI,9,0.9076923076923077,0.9215384615384616,0.0138461538461539,0.013846153846153952
R0,10,PhysionetMI,10,0.7276923076923077,0.7253846153846155,-0.002307692307692301,-0.002307692307692233
R0,10,PhysionetMI,11,0.725,0.7151515151515151,-0.0098484848484848,-0.009848484848484884
R0,10,PhysionetMI,12,0.8643939393939395,0.8560606060606061,-0.008333333333333321,-0.008333333333333415
R0,10,PhysionetMI,13,0.803030303030303,0.8106060606060606,0.00757575757575758,0.007575757575757569
R0,10,PhysionetMI,14,0.7734848484848486,0.7901515151515152,0.016666666666666618,0.016666666666666607
R0,10,PhysionetMI,15,0.9284615384615386,0.9823076923076923,0.05384615384615382,0.053846153846153766
R0,10,PhysionetMI,16,0.6053030303030302,0.6416666666666666,0.03636363636363638,0.036363636363636376
R0,10,PhysionetMI,17,0.803030303030303,0.8598484848484848,0.05681818181818181,0.05681818181818177
R0,10,PhysionetMI,18,1.0,1.0,0.0,0.0
R0,10,PhysionetMI,19,0.9106060606060605,0.9022727272727273,-0.008333333333333321,-0.008333333333333193
R0,10,PhysionetMI,20,0.9045454545454547,0.9143939393939394,0.00984848484848482,0.009848484848484773
R0,10,PhysionetMI,21,0.759090909090909,0.7378787878787879,-0.0212121212121212,-0.021212121212121127
R0,10,PhysionetMI,22,0.9636363636363636,0.9636363636363636,0.0,0.0
R0,10,PhysionetMI,23,0.7838461538461539,0.8192307692307692,0.03538461538461536,0.03538461538461535
R0,10,PhysionetMI,24,0.7863636363636364,0.8128787878787879,0.02651515151515152,0.02651515151515149
R0,10,PhysionetMI,25,0.5954545454545455,0.5727272727272728,-0.0227272727272727,-0.022727272727272707
R0,10,PhysionetMI,26,0.6407692307692308,0.6300000000000001,-0.01076923076923076,-0.010769230769230642
R0,10,PhysionetMI,27,0.8696969696969697,0.8621212121212121,-0.0075757575757575595,-0.00757575757575768
R0,10,PhysionetMI,28,0.7984848484848485,0.8257575757575758,0.027272727272727282,0.027272727272727337
R0,10,PhysionetMI,29,0.7386363636363636,0.8136363636363637,0.075,0.07500000000000007
R0,10,PhysionetMI,30,0.8583333333333334,0.8583333333333334,0.0,0.0
R0,10,PhysionetMI,31,0.7416666666666667,0.7386363636363636,-0.0030303030303030776,-0.00303030303030305
R0,10,PhysionetMI,32,0.9323076923076924,0.9023076923076923,-0.02999999999999998,-0.030000000000000138
R0,10,PhysionetMI,33,0.9295454545454545,0.9454545454545455,0.01590909090909092,0.015909090909091095
R0,10,PhysionetMI,34,0.8215384615384614,0.8638461538461538,0.0423076923076923,0.04230769230769238
R0,10,PhysionetMI,35,0.8143939393939394,0.8325757575757576,0.01818181818181816,0.018181818181818188
R0,10,PhysionetMI,36,0.9113636363636364,0.8492424242424242,-0.0621212121212121,-0.06212121212121213
R0,10,PhysionetMI,37,0.6795454545454545,0.7446969696969697,0.06515151515151511,0.0651515151515153
R0,10,PhysionetMI,38,0.49469696969696975,0.49318181818181817,-0.00151515151515154,-0.0015151515151515804
R0,10,PhysionetMI,39,0.7454545454545455,0.7462121212121213,0.0007575757575757792,0.0007575757575758457
R0,10,PhysionetMI,40,0.9818181818181818,0.925,-0.0568181818181818,-0.05681818181818177
R0,10,PhysionetMI,41,0.9692307692307693,0.9515384615384616,-0.01769230769230766,-0.017692307692307785
R0,10,PhysionetMI,42,0.8916666666666668,0.9333333333333333,0.041666666666666616,0.04166666666666652
R0,10,PhysionetMI,43,0.8212121212121211,0.8795454545454545,0.058333333333333334,0.05833333333333346
R0,10,PhysionetMI,44,0.8606060606060606,0.8606060606060606,0.0,0.0
R0,10,PhysionetMI,45,0.7984848484848485,0.8295454545454545,0.03106060606060604,0.03106060606060601
R0,10,PhysionetMI,46,0.7424242424242424,0.75,0.00757575757575756,0.007575757575757569
R0,10,PhysionetMI,47,0.7348484848484849,0.7651515151515152,0.030303030303030297,0.030303030303030387
R0,10,PhysionetMI,48,0.990909090909091,0.990909090909091,0.0,0.0
R0,10,PhysionetMI,49,0.7628787878787879,0.7143939393939395,-0.04848484848484844,-0.048484848484848464
R0,10,PhysionetMI,50,0.7803030303030303,0.831060606060606,0.050757575757575724,0.05075757575757578
R0,10,PhysionetMI,51,0.8242424242424242,0.7833333333333334,-0.040909090909090874,-0.040909090909090784
R0,10,PhysionetMI,52,0.8661538461538463,0.8661538461538463,0.0,0.0
R0,10,PhysionetMI,53,0.9015151515151516,0.9007575757575758,-0.0007575757575757402,-0.0007575757575758457
R0,10,PhysionetMI,54,0.8909090909090909,0.8969696969696969,0.006060606060606061,0.006060606060605989
R0,10,PhysionetMI,55,0.8462121212121213,0.8621212121212121,0.0159090909090909,0.01590909090909076
R0,10,PhysionetMI,56,0.8356060606060606,0.8363636363636363,0.0007575757575757792,0.0007575757575757347
R0,10,PhysionetMI,57,0.949242424242424,0.949242424242424,0.0,0.0
R0,10,PhysionetMI,58,0.8161538461538462,0.8592307692307692,0.043076923076923054,0.04307692307692301
R0,10,PhysionetMI,59,0.6659090909090909,0.6803030303030303,0.01439393939393938,0.014393939393939403
R0,10,PhysionetMI,60,0.8884615384615385,0.8538461538461538,-0.0346153846153846,-0.034615384615384714
R0,10,PhysionetMI,61,0.9545454545454547,0.9545454545454547,0.0,0.0
R0,10,PhysionetMI,62,0.9583333333333333,0.9583333333333333,0.0,0.0
R0,10,PhysionetMI,63,0.7287878787878788,0.7833333333333334,0.05454545454545454,0.054545454545454675
R0,10,PhysionetMI,64,0.7621212121212122,0.7962121212121211,0.034090909090909,0.03409090909090895
R0,10,PhysionetMI,65,0.9242424242424242,0.9575757575757574,0.033333333333333284,0.033333333333333215
R0,10,PhysionetMI,66,0.7704545454545455,0.7931818181818182,0.02272727272727276,0.022727272727272707
R0,10,PhysionetMI,67,0.7916666666666666,0.8469696969696969,0.0553030303030303,0.0553030303030303
R0,10,PhysionetMI,68,0.6727272727272727,0.6909090909090909,0.01818181818181818,0.018181818181818188
R0,10,PhysionetMI,69,0.8284615384615386,0.8161538461538461,-0.0123076923076923,-0.012307692307692464
R0,10,PhysionetMI,70,0.9659090909090908,0.9492424242424242,-0.016666666666666642,-0.016666666666666607
R0,10,PhysionetMI,71,0.9143939393939393,0.931060606060606,0.016666666666666698,0.01666666666666672
R0,10,PhysionetMI,72,1.0,1.0,0.0,0.0
R0,10,PhysionetMI,73,0.7568181818181818,0.7613636363636365,0.004545454545454519,0.00454545454545463
R0,10,PhysionetMI,74,0.7575757575757576,0.7659090909090909,0.00833333333333332,0.008333333333333304
R0,10,PhysionetMI,75,0.6606060606060606,0.6803030303030303,0.01969696969696962,0.019696969696969657
R0,10,PhysionetMI,76,0.5515151515151515,0.5386363636363637,-0.012878787878787882,-0.012878787878787823
R0,10,PhysionetMI,77,0.6037878787878788,0.5962121212121212,-0.0075757575757575395,-0.007575757575757569
R0,10,PhysionetMI,78,0.5621212121212121,0.5159090909090909,-0.046212121212121184,-0.04621212121212126
R0,10,PhysionetMI,79,0.7515151515151516,0.7515151515151516,0.0,0.0
R0,10,PhysionetMI,80,0.7907692307692308,0.826923076923077,0.03615384615384616,0.0361538461538462
R0,10,PhysionetMI,81,0.8704545454545455,0.8719696969696971,0.0015151515151515193,0.0015151515151515804
R0,10,PhysionetMI,82,0.8113636363636363,0.8696969696969697,0.05833333333333328,0.05833333333333346
R0,10,PhysionetMI,83,0.7215384615384616,0.6915384615384615,-0.03000000000000002,-0.030000000000000027
R0,10,PhysionetMI,84,0.8825757575757576,0.8424242424242425,-0.04015151515151516,-0.04015151515151505
R0,10,PhysionetMI,85,0.8878787878787879,0.865909090909091,-0.02196969696969694,-0.021969696969696972
R0,10,PhysionetMI,86,0.9846153846153847,0.9846153846153847,0.0,0.0
R0,10,PhysionetMI,87,0.6386363636363636,0.6151515151515151,-0.0234848484848484,-0.023484848484848442
R0,10,PhysionetMI,90,0.8727272727272727,0.8545454545454545,-0.0181818181818182,-0.018181818181818188
R0,10,PhysionetMI,91,0.9166666666666666,0.915909090909091,-0.0007575757575757402,-0.0007575757575756237
R0,10,PhysionetMI,93,0.7886363636363637,0.7878787878787878,-0.000757575757575761,-0.0007575757575758457
R0,10,PhysionetMI,94,0.7954545454545455,0.8212121212121213,0.02575757575757572,0.025757575757575757
R0,10,PhysionetMI,95,0.6515384615384615,0.6553846153846153,0.003846153846153821,0.0038461538461538325
R0,10,PhysionetMI,96,0.8583333333333332,0.8575757575757577,-0.0007575757575757402,-0.0007575757575755127
R0,10,PhysionetMI,97,0.7696969696969697,0.7871212121212121,0.01742424242424246,0.017424242424242453
R0,10,PhysionetMI,98,0.4621212121212121,0.4613636363636363,-0.0007575757575757596,-0.0007575757575757902
R0,10,PhysionetMI,99,0.6151515151515151,0.6166666666666666,0.0015151515151514802,0.0015151515151514694
R0,10,PhysionetMI,101,0.8976923076923077,0.9415384615384615,0.04384615384615382,0.04384615384615387
R0,10,PhysionetMI,102,0.7416666666666667,0.7795454545454545,0.03787878787878784,0.037878787878787845
R0,10,PhysionetMI,103,0.8575757575757577,0.806060606060606,-0.0515151515151515,-0.051515151515151625
R0,10,PhysionetMI,105,0.9068181818181819,0.9068181818181819,0.0,0.0
R0,10,PhysionetMI,107,0.5553030303030303,0.5757575757575758,0.02045454545454544,0.020454545454545503
R0,10,PhysionetMI,108,0.8537878787878788,0.8454545454545455,-0.008333333333333321,-0.008333333333333304
R0,10,PhysionetMI,109,0.6537878787878788,0.7106060606060606,0.0568181818181818,0.05681818181818177
R0,20,Cho2017,1,0.642,0.6599999999999999,0.01799999999999998,0.017999999999999905
R0,20,Cho2017,2,0.524,0.532,0.007999999999999998,0.008000000000000007
R0,20,Cho2017,3,0.6719999999999999,0.732,0.05999999999999996,0.06000000000000005
R0,20,Cho2017,4,0.64,0.6799999999999999,0.03999999999999991,0.039999999999999925
R0,20,Cho2017,5,1.0,0.998,-0.002,-0.0020000000000000018
R0,20,Cho2017,6,0.8140000000000001,0.8140000000000001,2.0122792321330962e-17,0.0
R0,20,Cho2017,7,0.5033333333333333,0.51,0.006666666666666698,0.00666666666666671
R0,20,Cho2017,8,0.54,0.548,0.008000000000000023,0.008000000000000007
R0,20,Cho2017,9,0.5433333333333333,0.585,0.041666666666666664,0.04166666666666663
R0,20,Cho2017,10,0.5820000000000001,0.556,-0.02599999999999994,-0.026000000000000023
R0,20,Cho2017,11,0.604,0.608,0.003999999999999999,0.0040000000000000036
R0,20,Cho2017,12,0.514,0.558,0.04399999999999996,0.04400000000000004
R0,20,Cho2017,13,0.8460000000000001,0.908,0.06199999999999992,0.061999999999999944
R0,20,Cho2017,14,0.7220000000000001,0.806,0.08399999999999995,0.08399999999999996
R0,20,Cho2017,15,0.52,0.526,0.006,0.006000000000000005
R0,20,Cho2017,16,0.626,0.63,0.003999999999999979,0.0040000000000000036
R0,20,Cho2017,17,0.55,0.548,-0.0019999999999999784,-0.0020000000000000018
R0,20,Cho2017,18,0.6140000000000001,0.596,-0.01799999999999996,-0.018000000000000127
R0,20,Cho2017,19,0.522,0.524,0.002,0.0020000000000000018
R0,20,Cho2017,20,0.5660000000000001,0.5980000000000001,0.03199999999999998,0.03200000000000003
R0,20,Cho2017,21,0.546,0.5880000000000001,0.042,0.04200000000000004
R0,20,Cho2017,22,0.592,0.6060000000000001,0.01399999999999996,0.014000000000000123
R0,20,Cho2017,23,0.562,0.5640000000000001,0.0020000000000000213,0.0020000000000000018
R0,20,Cho2017,24,0.49399999999999994,0.52,0.026000000000000002,0.02600000000000008
R0,20,Cho2017,25,0.554,0.592,0.03799999999999994,0.03799999999999992
R0,20,Cho2017,26,0.99,0.99,0.0,0.0
R0,20,Cho2017,27,0.5660000000000001,0.584,0.01799999999999998,0.017999999999999905
R0,20,Cho2017,28,0.5820000000000001,0.6900000000000001,0.10799999999999998,0.10799999999999998
R0,20,Cho2017,29,0.502,0.512,0.00999999999999998,0.010000000000000009
R0,20,Cho2017,30,0.638,0.648,0.01,0.010000000000000009
R0,20,Cho2017,31,0.548,0.5599999999999999,0.012,0.0119999999999999
R0,20,Cho2017,32,0.534,0.526,-0.00799999999999998,-0.008000000000000007
R0,20,Cho2017,33,0.5860000000000001,0.5599999999999999,-0.025999999999999978,-0.026000000000000134
R0,20,Cho2017,34,0.548,0.562,0.014000000000000002,0.014000000000000012
R0,20,Cho2017,35,0.396,0.39,-0.006,-0.006000000000000005
R0,20,Cho2017,36,0.534,0.542,0.007999999999999981,0.008000000000000007
R0,20,Cho2017,37,0.874,0.882,0.008,0.008000000000000007
R0,20,Cho2017,38,0.5780000000000001,0.562,-0.016,-0.016000000000000014
R0,20,Cho2017,39,0.528,0.5640000000000001,0.03600000000000002,0.03600000000000003
R0,20,Cho2017,40,0.528,0.518,-0.00999999999999994,-0.010000000000000009
R0,20,Cho2017,41,0.616,0.632,0.01599999999999998,0.016000000000000014
R0,20,Cho2017,42,0.542,0.544,0.001999999999999981,0.0020000000000000018
R0,20,Cho2017,43,1.0,1.0,0.0,0.0
R0,20,Cho2017,44,0.9359999999999999,0.954,0.018,0.018000000000000016
R0,20,Cho2017,45,0.538,0.542,0.003999999999999999,0.0040000000000000036
R0,20,Cho2017,46,0.5483333333333333,0.5933333333333334,0.044999999999999964,0.04500000000000004
R0,20,Cho2017,47,0.8380000000000001,0.8640000000000001,0.02599999999999994,0.026000000000000023
R0,20,Cho2017,48,0.662,0.65,-0.012,-0.01200000000000001
R0,20,Cho2017,49,0.994,0.998,0.004,0.0040000000000000036
R0,20,Cho2017,50,0.95,0.9879999999999999,0.037999999999999985,0.03799999999999992
R0,20,Cho2017,51,0.56,0.6060000000000001,0.045999999999999965,0.04600000000000004
R0,20,Cho2017,52,0.604,0.608,0.003999999999999959,0.0040000000000000036
R0,20,Dreyer2023,1,0.8850000000000001,0.8933333333333333,0.0083333333333333,0.008333333333333193
R0,20,Dreyer2023,2,0.6833333333333333,0.6933333333333334,0.009999999999999998,0.010000000000000009
R0,20,Dreyer2023,3,0.8183333333333334,0.8266666666666665,0.0083333333333333,0.008333333333333193
R0,20,Dreyer2023,5,0.8766666666666667,0.8933333333333333,0.016666666666666618,0.016666666666666607
R0,20,Dreyer2023,6,0.7716666666666667,0.825,0.0533333333333333,0.05333333333333323
R0,20,Dreyer2023,7,0.9766666666666666,0.97,-0.00666666666666668,-0.006666666666666599
R0,20,Dreyer2023,8,0.8266666666666665,0.8433333333333334,0.016666666666666656,0.01666666666666683
R0,20,Dreyer2023,10,0.9116666666666667,0.9133333333333334,0.0016666666666667023,0.0016666666666667052
R0,20,Dreyer2023,11,0.6316666666666666,0.655,0.02333333333333332,0.023333333333333428
R0,20,Dreyer2023,12,0.8949999999999999,0.8933333333333333,-0.0016666666666666594,-0.0016666666666665941
R0,20,Dreyer2023,13,0.7566666666666666,0.755,-0.00166666666666666,-0.0016666666666665941
R0,20,Dreyer2023,14,0.6916666666666667,0.7116666666666667,0.019999999999999997,0.020000000000000018
R0,20,Dreyer2023,15,0.9266666666666665,0.93,0.003333333333333342,0.0033333333333335213
R0,20,Dreyer2023,16,0.8266666666666668,0.8533333333333333,0.02666666666666666,0.026666666666666505
R0,20,Dreyer2023,18,0.9066666666666666,0.9400000000000001,0.03333333333333332,0.03333333333333344
R0,20,Dreyer2023,19,0.8949999999999999,0.915,0.01999999999999996,0.02000000000000013
R0,20,Dreyer2023,20,0.8966666666666667,0.9316666666666666,0.03499999999999998,0.03499999999999992
R0,20,Dreyer2023,21,0.9116666666666665,0.9349999999999999,0.023333333333333338,0.023333333333333428
R0,20,Dreyer2023,22,0.9283333333333333,0.8550000000000001,-0.07333333333333328,-0.07333333333333325
R0,20,Dreyer2023,23,0.7366666666666667,0.765,0.0283333333333333,0.02833333333333332
R0,20,Dreyer2023,24,0.9399999999999998,0.9483333333333333,0.008333333333333323,0.008333333333333415
R0,20,Dreyer2023,25,0.67,0.6933333333333334,0.0233333333333333,0.023333333333333317
R0,20,Dreyer2023,26,0.7783333333333333,0.8133333333333332,0.03499999999999996,0.03499999999999992
R0,20,Dreyer2023,27,0.8066666666666666,0.8133333333333332,0.006666666666666659,0.006666666666666599
R0,20,Dreyer2023,28,0.7716666666666667,0.7233333333333334,-0.04833333333333328,-0.04833333333333334
R0,20,Dreyer2023,30,0.7116666666666667,0.72,0.0083333333333333,0.008333333333333304
R0,20,Dreyer2023,31,0.8733333333333333,0.9183333333333333,0.044999999999999964,0.04500000000000004
R0,20,Dreyer2023,32,0.845,0.8716666666666667,0.026666666666666623,0.026666666666666727
R0,20,Dreyer2023,33,0.795,0.7533333333333333,-0.04166666666666668,-0.04166666666666674
R0,20,Dreyer2023,34,0.7933333333333333,0.79,-0.0033333333333333596,-0.0033333333333332993
R0,20,Dreyer2023,35,0.7499999999999999,0.74,-0.00999999999999994,-0.009999999999999898
R0,20,Dreyer2023,36,0.7983333333333332,0.8033333333333333,0.005000000000000021,0.0050000000000001155
R0,20,Dreyer2023,37,0.735,0.74,0.004999999999999979,0.0050000000000000044
R0,20,Dreyer2023,38,0.8533333333333333,0.8783333333333333,0.02499999999999996,0.025000000000000022
R0,20,Dreyer2023,39,0.9183333333333333,0.9100000000000001,-0.008333333333333259,-0.008333333333333193
R0,20,Dreyer2023,40,0.8534482758620691,0.8534482758620691,1.8041124150158794e-17,0.0
R0,20,Dreyer2023,42,0.74,0.7783333333333333,0.03833333333333326,0.03833333333333333
R0,20,Dreyer2023,43,0.8816666666666666,0.89,0.008333333333333321,0.008333333333333415
R0,20,Dreyer2023,44,0.6466666666666667,0.6683333333333333,0.02166666666666666,0.021666666666666612
R0,20,Dreyer2023,45,0.7466666666666667,0.8150000000000001,0.06833333333333327,0.06833333333333336
R0,20,Dreyer2023,46,0.7366666666666667,0.73,-0.006666666666666701,-0.00666666666666671
R0,20,Dreyer2023,47,0.8949999999999999,0.9,0.004999999999999979,0.0050000000000001155
R0,20,Dreyer2023,48,0.6683333333333333,0.675,0.006666666666666701,0.00666666666666671
R0,20,Dreyer2023,49,0.7833333333333333,0.805,0.02166666666666666,0.021666666666666723
R0,20,Dreyer2023,50,0.6166666666666666,0.61,-0.00666666666666664,-0.006666666666666599
R0,20,Dreyer2023,51,0.7466666666666667,0.7516666666666667,0.005000000000000018,0.0050000000000000044
R0,20,Dreyer2023,52,0.7966666666666666,0.8033333333333333,0.006666666666666661,0.00666666666666671
R0,20,Dreyer2023,53,0.7866666666666667,0.77,-0.01666666666666666,-0.01666666666666672
R0,20,Dreyer2023,54,0.7016666666666667,0.7366666666666667,0.03500000000000002,0.03500000000000003
R0,20,Dreyer2023,55,0.9366666666666668,0.9299999999999999,-0.006666666666666682,-0.006666666666666821
R0,20,Dreyer2023,56,0.9200000000000002,0.8866666666666665,-0.03333333333333334,-0.03333333333333366
R0,20,Dreyer2023,57,0.635,0.6966666666666667,0.061666666666666634,0.06166666666666665
R0,20,Dreyer2023,58,0.9233333333333332,0.925,0.0016666666666666798,0.0016666666666668162
R0,20,Dreyer2023,59,0.78,0.7625,-0.01749999999999998,-0.01750000000000007
R0,20,Dreyer2023,60,0.8066666666666666,0.8566666666666667,0.050000000000000024,0.050000000000000044
R0,20,Dreyer2023,61,0.8633333333333333,0.8283333333333334,-0.03499999999999996,-0.03499999999999992
R0,20,Dreyer2023,62,0.7416666666666667,0.7616666666666666,0.019999999999999955,0.019999999999999907
R0,20,Dreyer2023,63,0.8133333333333332,0.8416666666666668,0.02833333333333332,0.028333333333333544
R0,20,Dreyer2023,64,0.765,0.7983333333333333,0.03333333333333332,0.033333333333333326
R0,20,Dreyer2023,65,0.835,0.8366666666666667,0.0016666666666666802,0.0016666666666667052
R0,20,Dreyer2023,66,0.7583333333333334,0.7316666666666667,-0.02666666666666668,-0.026666666666666727
R0,20,Dreyer2023,67,0.7916666666666666,0.7966666666666666,0.00500000000000002,0.0050000000000000044
R0,20,Dreyer2023,68,0.7383333333333334,0.7683333333333333,0.0299999999999999,0.029999999999999916
R0,20,Dreyer2023,69,0.8516666666666666,0.8433333333333334,-0.008333333333333361,-0.008333333333333193
R0,20,Dreyer2023,70,0.6716666666666666,0.6766666666666666,0.004999999999999942,0.0050000000000000044
R0,20,Dreyer2023,71,0.8550000000000001,0.8516666666666666,-0.0033333333333333596,-0.0033333333333335213
R0,20,Dreyer2023,72,0.8099999999999999,0.8433333333333334,0.03333333333333332,0.03333333333333344
R0,20,Dreyer2023,73,0.7466666666666667,0.7866666666666667,0.03999999999999998,0.040000000000000036
R0,20,Dreyer2023,74,0.735,0.7350000000000001,4.0245584642661923e-17,1.1102230246251565e-16
R0,20,Dreyer2023,75,0.7583333333333334,0.7849999999999999,0.026666666666666637,0.026666666666666505
R0,20,Dreyer2023,76,0.8216666666666667,0.86,0.038333333333333296,0.03833333333333333
R0,20,Dreyer2023,77,0.8233333333333333,0.85,0.02666666666666666,0.026666666666666727
R0,20,Dreyer2023,80,0.7116666666666667,0.75,0.038333333333333296,0.03833333333333333
R0,20,Dreyer2023,81,0.8299999999999998,0.8316666666666667,0.0016666666666666614,0.0016666666666668162
R0,20,Dreyer2023,82,0.795,0.8183333333333334,0.02333333333333328,0.023333333333333317
R0,20,Dreyer2023,83,0.6883333333333334,0.6900000000000001,0.0016666666666666399,0.0016666666666667052
R0,20,Dreyer2023,84,0.8333333333333334,0.8166666666666667,-0.01666666666666666,-0.01666666666666672
R0,20,Dreyer2023,85,0.735,0.75,0.01499999999999998,0.015000000000000013
R0,20,Dreyer2023,86,0.8383333333333333,0.8366666666666667,-0.0016666666666666822,-0.0016666666666665941
R0,20,Dreyer2023,87,0.7833333333333334,0.7633333333333333,-0.02,-0.02000000000000013
R0,20,PhysionetMI,1,0.8356060606060606,0.8363636363636363,0.0007575757575757596,0.0007575757575757347
R0,20,PhysionetMI,2,0.8946153846153846,0.8923076923076924,-0.0023076923076923413,-0.002307692307692233
R0,20,PhysionetMI,3,0.9484848484848485,0.9393939393939394,-0.00909090909090908,-0.009090909090909038
R0,20,PhysionetMI,4,0.9196969696969697,0.9295454545454545,0.00984848484848482,0.009848484848484773
R0,20,PhysionetMI,5,0.7204545454545455,0.6621212121212121,-0.058333333333333307,-0.05833333333333335
R0,20,PhysionetMI,6,0.8825757575757576,0.8681818181818182,-0.01439393939393938,-0.014393939393939403
R0,20,PhysionetMI,7,0.9825757575757577,0.9659090909090908,-0.01666666666666668,-0.01666666666666683
R0,20,PhysionetMI,8,0.8325757575757574,0.8181818181818181,-0.014393939393939282,-0.014393939393939292
R0,20,PhysionetMI,9,0.9076923076923077,0.9415384615384615,0.03384615384615388,0.03384615384615386
R0,20,PhysionetMI,10,0.7276923076923077,0.6815384615384616,-0.04615384615384612,-0.0461538461538461
R0,20,PhysionetMI,11,0.725,0.6984848484848485,-0.026515151515151537,-0.02651515151515149
R0,20,PhysionetMI,12,0.8643939393939395,0.8719696969696971,0.007575757575757599,0.007575757575757569
R0,20,PhysionetMI,13,0.803030303030303,0.8136363636363637,0.010606060606060619,0.01060606060606073
R0,20,PhysionetMI,14,0.7734848484848486,0.8333333333333334,0.05984848484848482,0.05984848484848482
R0,20,PhysionetMI,15,0.9284615384615386,0.9823076923076923,0.05384615384615382,0.053846153846153766
R0,20,PhysionetMI,16,0.6053030303030302,0.6106060606060606,0.005303030303030337,0.005303030303030365
R0,20,PhysionetMI,17,0.803030303030303,0.8234848484848485,0.02045454545454546,0.020454545454545503
R0,20,PhysionetMI,18,1.0,1.0,0.0,0.0
R0,20,PhysionetMI,19,0.9106060606060605,0.9212121212121213,0.010606060606060601,0.01060606060606073
R0,20,PhysionetMI,20,0.9045454545454547,0.931060606060606,0.02651515151515148,0.02651515151515138
R0,20,PhysionetMI,21,0.759090909090909,0.8,0.040909090909090916,0.040909090909091006
R0,20,PhysionetMI,22,0.9636363636363636,0.9636363636363636,0.0,0.0
R0,20,PhysionetMI,23,0.7838461538461539,0.8007692307692308,0.01692307692307692,0.01692307692307693
R0,20,PhysionetMI,24,0.7863636363636364,0.8242424242424242,0.03787878787878786,0.037878787878787845
R0,20,PhysionetMI,25,0.5954545454545455,0.5727272727272728,-0.02272727272727272,-0.022727272727272707
R0,20,PhysionetMI,26,0.6407692307692308,0.6084615384615384,-0.03230769230769232,-0.03230769230769237
R0,20,PhysionetMI,27,0.8696969696969697,0.8712121212121213,0.00151515151515154,0.0015151515151515804
R0,20,PhysionetMI,28,0.7984848484848485,0.8265151515151515,0.028030303030303037,0.028030303030303072
R0,20,PhysionetMI,29,0.7386363636363636,0.7583333333333333,0.01969696969696964,0.019696969696969657
R0,20,PhysionetMI,30,0.8583333333333334,0.8757575757575757,0.0174242424242424,0.017424242424242342
R0,20,PhysionetMI,31,0.7416666666666667,0.7181818181818181,-0.0234848484848485,-0.023484848484848553
R0,20,PhysionetMI,32,0.9323076923076924,0.9323076923076924,0.0,0.0
R0,20,PhysionetMI,33,0.9295454545454545,0.9196969696969697,-0.00984848484848482,-0.009848484848484773
R0,20,PhysionetMI,34,0.8215384615384614,0.8538461538461538,0.0323076923076923,0.03230769230769237
R0,20,PhysionetMI,35,0.8143939393939394,0.8234848484848485,0.00909090909090908,0.009090909090909038
R0,20,PhysionetMI,36,0.9113636363636364,0.9136363636363637,0.0022727272727272596,0.002272727272727315
R0,20,PhysionetMI,37,0.6795454545454545,0.7340909090909091,0.05454545454545458,0.054545454545454675
R0,20,PhysionetMI,38,0.49469696969696975,0.46590909090909094,-0.02878787878787878,-0.028787878787878807
R0,20,PhysionetMI,39,0.7454545454545455,0.7621212121212121,0.01666666666666668,0.016666666666666607
R0,20,PhysionetMI,40,0.9818181818181818,0.9825757575757577,0.0007575757575757402,0.0007575757575758457
R0,20,PhysionetMI,41,0.9692307692307693,0.9438461538461539,-0.02538461538461534,-0.02538461538461545
R0,20,PhysionetMI,42,0.8916666666666668,0.9166666666666667,0.02499999999999998,0.02499999999999991
R0,20,PhysionetMI,43,0.8212121212121211,0.8712121212121211,0.05,0.050000000000000044
R0,20,PhysionetMI,44,0.8606060606060606,0.859090909090909,-0.001515151515151519,-0.0015151515151515804
R0,20,PhysionetMI,45,0.7984848484848485,0.8128787878787879,0.01439393939393938,0.014393939393939403
R0,20,PhysionetMI,46,0.7424242424242424,0.7356060606060606,-0.006818181818181819,-0.006818181818181834
R0,20,PhysionetMI,47,0.7348484848484849,0.8007575757575758,0.06590909090909094,0.06590909090909092
R0,20,PhysionetMI,48,0.990909090909091,0.990909090909091,0.0,0.0
R0,20,PhysionetMI,49,0.7628787878787879,0.746969696969697,-0.015909090909090963,-0.015909090909090984
R0,20,PhysionetMI,50,0.7803030303030303,0.8484848484848484,0.06818181818181816,0.06818181818181812
R0,20,PhysionetMI,51,0.8242424242424242,0.8772727272727273,0.053030303030303025,0.053030303030303094
R0,20,PhysionetMI,52,0.8661538461538463,0.8684615384615386,0.00230769230769228,0.002307692307692344
R0,20,PhysionetMI,53,0.9015151515151516,0.956060606060606,0.05454545454545454,0.05454545454545445
R0,20,PhysionetMI,54,0.8909090909090909,0.8727272727272727,-0.01818181818181818,-0.018181818181818188
R0,20,PhysionetMI,55,0.8462121212121213,0.8454545454545455,-0.00075757575757574,-0.0007575757575758457
R0,20,PhysionetMI,56,0.8356060606060606,0.8454545454545455,0.00984848484848488,0.009848484848484884
R0,20,PhysionetMI,57,0.949242424242424,0.949242424242424,0.0,0.0
R0,20,PhysionetMI,58,0.8161538461538462,0.8515384615384616,0.03538461538461534,0.03538461538461535
R0,20,PhysionetMI,59,0.6659090909090909,0.6977272727272726,0.0318181818181818,0.031818181818181746
R0,20,PhysionetMI,60,0.8884615384615385,0.9061538461538463,0.0176923076923077,0.017692307692307785
R0,20,PhysionetMI,61,0.9545454545454547,0.9545454545454547,0.0,0.0
R0,20,PhysionetMI,62,0.9583333333333333,0.9583333333333333,0.0,0.0
R0,20,PhysionetMI,63,0.7287878787878788,0.7575757575757576,0.028787878787878796,0.028787878787878807
R0,20,PhysionetMI,64,0.7621212121212122,0.7962121212121213,0.03409090909090904,0.03409090909090906
R0,20,PhysionetMI,65,0.9242424242424242,0.9325757575757574,0.00833333333333328,0.008333333333333193
R0,20,PhysionetMI,66,0.7704545454545455,0.7636363636363637,-0.0068181818181818595,-0.006818181818181834
R0,20,PhysionetMI,67,0.7916666666666666,0.781060606060606,-0.010606060606060622,-0.010606060606060619
R0,20,PhysionetMI,68,0.6727272727272727,0.6901515151515152,0.01742424242424238,0.017424242424242453
R0,20,PhysionetMI,69,0.8284615384615386,0.8238461538461539,-0.0046153846153846,-0.004615384615384688
R0,20,PhysionetMI,70,0.9659090909090908,0.9583333333333333,-0.00757575757575756,-0.007575757575757569
R0,20,PhysionetMI,71,0.9143939393939393,0.9401515151515152,0.025757575757575757,0.025757575757575868
R0,20,PhysionetMI,72,1.0,0.9916666666666666,-0.00833333333333334,-0.008333333333333415
R0,20,PhysionetMI,73,0.7568181818181818,0.7674242424242425,0.010606060606060619,0.010606060606060619
R0,20,PhysionetMI,74,0.7575757575757576,0.7363636363636363,-0.02121212121212124,-0.021212121212121238
R0,20,PhysionetMI,75,0.6606060606060606,0.696969696969697,0.036363636363636306,0.036363636363636376
R0,20,PhysionetMI,76,0.5515151515151515,0.521969696969697,-0.02954545454545452,-0.02954545454545454
R0,20,PhysionetMI,77,0.6037878787878788,0.678030303030303,0.07424242424242422,0.07424242424242422
R0,20,PhysionetMI,78,0.5621212121212121,0.47424242424242424,-0.08787878787878783,-0.08787878787878789
R0,20,PhysionetMI,79,0.7515151515151516,0.7681818181818182,0.01666666666666666,0.016666666666666607
R0,20,PhysionetMI,80,0.7907692307692308,0.8669230769230769,0.07615384615384614,0.07615384615384613
R0,20,PhysionetMI,81,0.8704545454545455,0.8636363636363636,-0.0068181818181818205,-0.006818181818181834
R0,20,PhysionetMI,82,0.8113636363636363,0.8757575757575757,0.06439393939393934,0.06439393939393945
R0,20,PhysionetMI,83,0.7215384615384616,0.756923076923077,0.03538461538461538,0.03538461538461546
R0,20,PhysionetMI,84,0.8825757575757576,0.8431818181818181,-0.039393939393939405,-0.039393939393939426
R0,20,PhysionetMI,85,0.8878787878787879,0.9053030303030303,0.01742424242424238,0.017424242424242342
R0,20,PhysionetMI,86,0.9846153846153847,0.9846153846153847,0.0,0.0
R0,20,PhysionetMI,87,0.6386363636363636,0.656060606060606,0.01742424242424248,0.017424242424242453
R0,20,PhysionetMI,90,0.8727272727272727,0.8651515151515152,-0.00757575757575758,-0.007575757575757458
R0,20,PhysionetMI,91,0.9166666666666666,0.85,-0.06666666666666664,-0.06666666666666665
R0,20,PhysionetMI,93,0.7886363636363637,0.7803030303030303,-0.008333333333333321,-0.008333333333333415
R0,20,PhysionetMI,94,0.7954545454545455,0.8280303030303031,0.03257575757575754,0.03257575757575759
R0,20,PhysionetMI,95,0.6515384615384615,0.6684615384615384,0.0169230769230769,0.01692307692307693
R0,20,PhysionetMI,96,0.8583333333333332,0.8666666666666666,0.00833333333333334,0.008333333333333415
R0,20,PhysionetMI,97,0.7696969696969697,0.8363636363636363,0.0666666666666667,0.06666666666666665
R0,20,PhysionetMI,98,0.4621212121212121,0.4613636363636363,-0.000757575757575761,-0.0007575757575757902
R0,20,PhysionetMI,99,0.6151515151515151,0.6015151515151514,-0.0136363636363637,-0.013636363636363669
R0,20,PhysionetMI,101,0.8976923076923077,0.9438461538461539,0.04615384615384614,0.04615384615384621
R0,20,PhysionetMI,102,0.7416666666666667,0.7606060606060605,0.01893939393939392,0.01893939393939381
R0,20,PhysionetMI,103,0.8575757575757577,0.8318181818181818,-0.02575757575757574,-0.025757575757575868
R0,20,PhysionetMI,105,0.9068181818181819,0.9325757575757574,0.02575757575757572,0.025757575757575535
R0,20,PhysionetMI,107,0.5553030303030303,0.5734848484848485,0.0181818181818182,0.018181818181818188
R0,20,PhysionetMI,108,0.8537878787878788,0.8446969696969697,-0.009090909090909061,-0.009090909090909038
R0,20,PhysionetMI,109,0.6537878787878788,0.6954545454545455,0.041666666666666664,0.04166666666666674
R0,40,Cho2017,1,0.642,0.642,-6.938893903907229e-19,0.0
R0,40,Cho2017,2,0.524,0.522,-0.002,-0.0020000000000000018
R0,40,Cho2017,3,0.6719999999999999,0.768,0.09599999999999997,0.09600000000000009
R0,40,Cho2017,4,0.64,0.6799999999999999,0.03999999999999992,0.039999999999999925
R0,40,Cho2017,5,1.0,0.998,-0.002,-0.0020000000000000018
R0,40,Cho2017,6,0.8140000000000001,0.8200000000000001,0.00600000000000002,0.006000000000000005
R0,40,Cho2017,7,0.5033333333333333,0.5116666666666667,0.008333333333333342,0.008333333333333415
R0,40,Cho2017,8,0.54,0.538,-0.0019999999999999393,-0.0020000000000000018
R0,40,Cho2017,9,0.5433333333333333,0.5933333333333334,0.049999999999999975,0.050000000000000044
R0,40,Cho2017,10,0.5820000000000001,0.5800000000000001,-0.0019999999999999792,-0.0020000000000000018
R0,40,Cho2017,11,0.604,0.614,0.009999999999999978,0.010000000000000009
R0,40,Cho2017,12,0.514,0.546,0.03199999999999998,0.03200000000000003
R0,40,Cho2017,13,0.8460000000000001,0.9259999999999999,0.07999999999999993,0.07999999999999985
R0,40,Cho2017,14,0.7220000000000001,0.852,0.12999999999999995,0.1299999999999999
R0,40,Cho2017,15,0.52,0.558,0.037999999999999985,0.038000000000000034
R0,40,Cho2017,16,0.626,0.646,0.01999999999999998,0.020000000000000018
R0,40,Cho2017,17,0.55,0.556,0.006000000000000001,0.006000000000000005
R0,40,Cho2017,18,0.6140000000000001,0.6060000000000001,-0.008000000000000021,-0.008000000000000007
R0,40,Cho2017,19,0.522,0.514,-0.008,-0.008000000000000007
R0,40,Cho2017,20,0.5660000000000001,0.6100000000000001,0.044,0.04400000000000004
R0,40,Cho2017,21,0.546,0.5940000000000001,0.04799999999999996,0.04800000000000004
R0,40,Cho2017,22,0.592,0.612,0.01999999999999996,0.020000000000000018
R0,40,Cho2017,23,0.562,0.5660000000000001,0.004000000000000002,0.0040000000000000036
R0,40,Cho2017,24,0.49399999999999994,0.554,0.06,0.06000000000000011
R0,40,Cho2017,25,0.554,0.588,0.03399999999999996,0.03399999999999992
R0,40,Cho2017,26,0.99,0.99,0.0,0.0
R0,40,Cho2017,27,0.5660000000000001,0.576,0.00999999999999998,0.009999999999999898
R0,40,Cho2017,28,0.5820000000000001,0.6759999999999999,0.0939999999999999,0.09399999999999986
R0,40,Cho2017,29,0.502,0.49800000000000005,-0.00400000000000002,-0.003999999999999948
R0,40,Cho2017,30,0.638,0.6479999999999999,0.009999999999999981,0.009999999999999898
R0,40,Cho2017,31,0.548,0.584,0.03599999999999996,0.03599999999999992
R0,40,Cho2017,32,0.534,0.524,-0.01,-0.010000000000000009
R0,40,Cho2017,33,0.5860000000000001,0.558,-0.02799999999999994,-0.028000000000000025
R0,40,Cho2017,34,0.548,0.542,-0.005999999999999981,-0.006000000000000005
R0,40,Cho2017,35,0.396,0.392,-0.003999999999999998,-0.0040000000000000036
R0,40,Cho2017,36,0.534,0.55,0.015999999999999997,0.016000000000000014
R0,40,Cho2017,37,0.874,0.874,2.0122792321330962e-17,0.0
R0,40,Cho2017,38,0.5780000000000001,0.602,0.02399999999999996,0.02399999999999991
R0,40,Cho2017,39,0.528,0.536,0.008000000000000021,0.008000000000000007
R0,40,Cho2017,40,0.528,0.49400000000000005,-0.03399999999999996,-0.033999999999999975
R0,40,Cho2017,41,0.616,0.616,-3.4694469519536144e-19,0.0
R0,40,Cho2017,42,0.542,0.546,0.003999999999999999,0.0040000000000000036
R0,40,Cho2017,43,1.0,1.0,0.0,0.0
R0,40,Cho2017,44,0.9359999999999999,0.9480000000000001,0.012,0.012000000000000122
R0,40,Cho2017,45,0.538,0.55,0.012,0.01200000000000001
R0,40,Cho2017,46,0.5483333333333333,0.615,0.06666666666666661,0.06666666666666665
R0,40,Cho2017,47,0.8380000000000001,0.858,0.01999999999999994,0.019999999999999907
R0,40,Cho2017,48,0.662,0.6679999999999999,0.006,0.005999999999999894
R0,40,Cho2017,49,0.994,1.0,0.006,0.006000000000000005
R0,40,Cho2017,50,0.95,0.992,0.04199999999999998,0.04200000000000004
R0,40,Cho2017,51,0.56,0.626,0.06599999999999995,0.06599999999999995
R0,40,Cho2017,52,0.604,0.606,0.0019999999999999575,0.0020000000000000018
R0,40,Dreyer2023,1,0.8850000000000001,0.9083333333333332,0.023333333333333255,0.023333333333333095
R0,40,Dreyer2023,2,0.6833333333333333,0.6883333333333332,0.004999999999999999,0.004999999999999893
R0,40,Dreyer2023,3,0.8183333333333334,0.7983333333333333,-0.019999999999999983,-0.020000000000000018
R0,40,Dreyer2023,5,0.8766666666666667,0.8966666666666667,0.019999999999999955,0.020000000000000018
R0,40,Dreyer2023,6,0.7716666666666667,0.8283333333333334,0.05666666666666664,0.05666666666666664
R0,40,Dreyer2023,7,0.9766666666666666,0.9766666666666666,0.0,0.0
R0,40,Dreyer2023,8,0.8266666666666665,0.8383333333333333,0.011666666666666662,0.011666666666666714
R0,40,Dreyer2023,10,0.9116666666666667,0.9099999999999999,-0.0016666666666666796,-0.0016666666666668162
R0,40,Dreyer2023,11,0.6316666666666666,0.665,0.03333333333333332,0.03333333333333344
R0,40,Dreyer2023,12,0.8949999999999999,0.9033333333333333,0.008333333333333281,0.008333333333333415
R0,40,Dreyer2023,13,0.7566666666666666,0.7583333333333334,0.0016666666666666798,0.0016666666666668162
R0,40,Dreyer2023,14,0.6916666666666667,0.725,0.03333333333333334,0.033333333333333326
R0,40,Dreyer2023,15,0.9266666666666665,0.9366666666666665,0.00999999999999998,0.010000000000000009
R0,40,Dreyer2023,16,0.8266666666666668,0.8433333333333334,0.016666666666666642,0.016666666666666607
R0,40,Dreyer2023,18,0.9066666666666666,0.945,0.03833333333333328,0.03833333333333333
R0,40,Dreyer2023,19,0.8949999999999999,0.93,0.03499999999999992,0.03500000000000014
R0,40,Dreyer2023,20,0.8966666666666667,0.93,0.03333333333333332,0.033333333333333326
R0,40,Dreyer2023,21,0.9116666666666665,0.93,0.01833333333333334,0.018333333333333535
R0,40,Dreyer2023,22,0.9283333333333333,0.8949999999999999,-0.03333333333333332,-0.03333333333333344
R0,40,Dreyer2023,23,0.7366666666666667,0.7583333333333333,0.02166666666666662,0.021666666666666612
R0,40,Dreyer2023,24,0.9399999999999998,0.9549999999999998,0.014999999999999963,0.015000000000000013
R0,40,Dreyer2023,25,0.67,0.6883333333333334,0.01833333333333332,0.018333333333333313
R0,40,Dreyer2023,26,0.7783333333333333,0.8099999999999999,0.031666666666666635,0.03166666666666662
R0,40,Dreyer2023,27,0.8066666666666666,0.8183333333333334,0.011666666666666641,0.011666666666666714
R0,40,Dreyer2023,28,0.7716666666666667,0.805,0.03333333333333336,0.033333333333333326
R0,40,Dreyer2023,30,0.7116666666666667,0.725,0.013333333333333319,0.013333333333333308
R0,40,Dreyer2023,31,0.8733333333333333,0.9033333333333333,0.030000000000000027,0.030000000000000027
R0,40,Dreyer2023,32,0.845,0.8933333333333333,0.04833333333333328,0.04833333333333334
R0,40,Dreyer2023,33,0.795,0.7483333333333333,-0.046666666666666655,-0.046666666666666745
R0,40,Dreyer2023,34,0.7933333333333333,0.8166666666666668,0.023333333333333324,0.023333333333333428
R0,40,Dreyer2023,35,0.7499999999999999,0.76,0.010000000000000083,0.01000000000000012
R0,40,Dreyer2023,36,0.7983333333333332,0.8099999999999999,0.011666666666666698,0.011666666666666714
R0,40,Dreyer2023,37,0.735,0.7233333333333334,-0.01166666666666668,-0.011666666666666603
R0,40,Dreyer2023,38,0.8533333333333333,0.875,0.02166666666666662,0.021666666666666723
R0,40,Dreyer2023,39,0.9183333333333333,0.9233333333333332,0.005000000000000041,0.004999999999999893
R0,40,Dreyer2023,40,0.8534482758620691,0.8431034482758621,-0.010344827586206858,-0.010344827586206917
R0,40,Dreyer2023,42,0.74,0.7783333333333333,0.038333333333333296,0.03833333333333333
R0,40,Dreyer2023,43,0.8816666666666666,0.9066666666666666,0.025,0.025000000000000022
R0,40,Dreyer2023,44,0.6466666666666667,0.6583333333333333,0.011666666666666662,0.011666666666666603
R0,40,Dreyer2023,45,0.7466666666666667,0.8150000000000001,0.06833333333333332,0.06833333333333336
R0,40,Dreyer2023,46,0.7366666666666667,0.7066666666666667,-0.02999999999999998,-0.030000000000000027
R0,40,Dreyer2023,47,0.8949999999999999,0.9199999999999999,0.02499999999999998,0.025000000000000022
R0,40,Dreyer2023,48,0.6683333333333333,0.6783333333333333,0.01,0.010000000000000009
R0,40,Dreyer2023,49,0.7833333333333333,0.7883333333333333,0.005000000000000019,0.0050000000000000044
R0,40,Dreyer2023,50,0.6166666666666666,0.6266666666666667,0.01000000000000002,0.01000000000000012
R0,40,Dreyer2023,51,0.7466666666666667,0.7666666666666667,0.02000000000000002,0.020000000000000018
R0,40,Dreyer2023,52,0.7966666666666666,0.7716666666666667,-0.024999999999999977,-0.02499999999999991
R0,40,Dreyer2023,53,0.7866666666666667,0.8066666666666666,0.020000000000000025,0.019999999999999907
R0,40,Dreyer2023,54,0.7016666666666667,0.75,0.04833333333333336,0.04833333333333334
R0,40,Dreyer2023,55,0.9366666666666668,0.9233333333333332,-0.013333333333333341,-0.01333333333333353
R0,40,Dreyer2023,56,0.9200000000000002,0.9199999999999999,-1.9428902930940238e-17,-2.220446049250313e-16
R0,40,Dreyer2023,57,0.635,0.6833333333333333,0.0483333333333333,0.04833333333333334
R0,40,Dreyer2023,58,0.9233333333333332,0.9266666666666667,0.0033333333333333596,0.0033333333333335213
R0,40,Dreyer2023,59,0.78,0.75,-0.03,-0.030000000000000027
R0,40,Dreyer2023,60,0.8066666666666666,0.8400000000000001,0.03333333333333334,0.03333333333333344
R0,40,Dreyer2023,61,0.8633333333333333,0.8550000000000001,-0.00833333333333334,-0.008333333333333193
R0,40,Dreyer2023,62,0.7416666666666667,0.7466666666666667,0.004999999999999978,0.0050000000000000044
R0,40,Dreyer2023,63,0.8133333333333332,0.845,0.03166666666666662,0.03166666666666673
R0,40,Dreyer2023,64,0.765,0.8116666666666668,0.04666666666666666,0.046666666666666745
R0,40,Dreyer2023,65,0.835,0.8400000000000001,0.005,0.0050000000000001155
R0,40,Dreyer2023,66,0.7583333333333334,0.7316666666666667,-0.0266666666666667,-0.026666666666666727
R0,40,Dreyer2023,67,0.7916666666666666,0.8033333333333333,0.011666666666666662,0.011666666666666714
R0,40,Dreyer2023,68,0.7383333333333334,0.7666666666666667,0.02833333333333332,0.02833333333333332
R0,40,Dreyer2023,69,0.8516666666666666,0.8400000000000001,-0.01166666666666666,-0.011666666666666492
R0,40,Dreyer2023,70,0.6716666666666666,0.67,-0.0016666666666667184,-0.0016666666666665941
R0,40,Dreyer2023,71,0.8550000000000001,0.8433333333333334,-0.011666666666666683,-0.011666666666666714
R0,40,Dreyer2023,72,0.8099999999999999,0.8583333333333334,0.0483333333333333,0.04833333333333345
R0,40,Dreyer2023,73,0.7466666666666667,0.8,0.0533333333333333,0.053333333333333344
R0,40,Dreyer2023,74,0.735,0.7383333333333333,0.0033333333333333396,0.0033333333333332993
R0,40,Dreyer2023,75,0.7583333333333334,0.7849999999999999,0.0266666666666666,0.026666666666666505
R0,40,Dreyer2023,76,0.8216666666666667,0.8733333333333334,0.05166666666666664,0.05166666666666675
R0,40,Dreyer2023,77,0.8233333333333333,0.8300000000000001,0.006666666666666659,0.006666666666666821
R0,40,Dreyer2023,80,0.7116666666666667,0.7366666666666666,0.02499999999999996,0.02499999999999991
R0,40,Dreyer2023,81,0.8299999999999998,0.8533333333333333,0.023333333333333324,0.023333333333333428
R0,40,Dreyer2023,82,0.795,0.8816666666666666,0.08666666666666664,0.08666666666666656
R0,40,Dreyer2023,83,0.6883333333333334,0.7083333333333333,0.01999999999999996,0.019999999999999907
R0,40,Dreyer2023,84,0.8333333333333334,0.845,0.01166666666666668,0.011666666666666603
R0,40,Dreyer2023,85,0.735,0.7516666666666667,0.016666666666666642,0.01666666666666672
R0,40,Dreyer2023,86,0.8383333333333333,0.8433333333333334,0.005,0.0050000000000001155
R0,40,Dreyer2023,87,0.7833333333333334,0.75,-0.03333333333333332,-0.03333333333333344
R1,0,Cho2017,1,0.642,0.609,-0.03299999999999992,0.0
R1,0,Cho2017,2,0.524,0.5394,0.0154,0.0
R1,0,Cho2017,3,0.6719999999999999,0.7362,0.06419999999999998,0.0
R1,0,Cho2017,4,0.64,0.6688,0.028799999999999944,0.0
R1,0,Cho2017,5,1.0,0.9970000000000001,-0.0029999999999999398,0.0
R1,0,Cho2017,6,0.8140000000000001,0.8054,-0.00860000000000006,0.0
R1,0,Cho2017,7,0.5033333333333333,0.5203333333333333,0.01699999999999998,0.0
R1,0,Cho2017,8,0.54,0.5494,0.00939999999999998,0.0
R1,0,Cho2017,9,0.5433333333333333,0.5613333333333334,0.01799999999999996,0.0
R1,0,Cho2017,10,0.5820000000000001,0.5468,-0.03519999999999998,0.0
R1,0,Cho2017,11,0.604,0.6225999999999999,0.01859999999999994,0.0
R1,0,Cho2017,12,0.514,0.5434,0.029400000000000003,0.0
R1,0,Cho2017,13,0.8460000000000001,0.8746,0.028599999999999997,0.0
R1,0,Cho2017,14,0.7220000000000001,0.7552,0.033199999999999986,0.0
R1,0,Cho2017,15,0.52,0.5322,0.01219999999999998,0.0
R1,0,Cho2017,16,0.626,0.643,0.01699999999999994,0.0
R1,0,Cho2017,17,0.55,0.5932000000000001,0.04319999999999994,0.0
R1,0,Cho2017,18,0.6140000000000001,0.6125999999999999,-0.0014000000000000388,0.0
R1,0,Cho2017,19,0.522,0.5302,0.008200000000000002,0.0
R1,0,Cho2017,20,0.5660000000000001,0.6066,0.04059999999999998,0.0
R1,0,Cho2017,21,0.546,0.5502,0.00420000000000002,0.0
R1,0,Cho2017,22,0.592,0.5711999999999999,-0.02080000000000004,0.0
R1,0,Cho2017,23,0.562,0.5632,0.0012000000000000192,0.0
R1,0,Cho2017,24,0.49399999999999994,0.517,0.022999999999999982,0.0
R1,0,Cho2017,25,0.554,0.5868,0.032799999999999996,0.0
R1,0,Cho2017,26,0.99,0.9954000000000001,0.00540000000000002,0.0
R1,0,Cho2017,27,0.5660000000000001,0.5631999999999999,-0.0028000000000000204,0.0
R1,0,Cho2017,28,0.5820000000000001,0.5764,-0.00560000000000002,0.0
R1,0,Cho2017,29,0.502,0.48599999999999993,-0.01600000000000004,0.0
R1,0,Cho2017,30,0.638,0.7166,0.07860000000000003,0.0
R1,0,Cho2017,31,0.548,0.546,-0.001999999999999942,0.0
R1,0,Cho2017,32,0.534,0.5646,0.03059999999999998,0.0
R1,0,Cho2017,33,0.5860000000000001,0.5606,-0.02539999999999994,0.0
R1,0,Cho2017,34,0.548,0.5576000000000001,0.00960000000000002,0.0
R1,0,Cho2017,35,0.396,0.3694,-0.02660000000000002,0.0
R1,0,Cho2017,36,0.534,0.5504,0.01639999999999998,0.0
R1,0,Cho2017,37,0.874,0.881,0.007000000000000041,0.0
R1,0,Cho2017,38,0.5780000000000001,0.5896,0.011599999999999997,0.0
R1,0,Cho2017,39,0.528,0.5306,0.002599999999999961,0.0
R1,0,Cho2017,40,0.528,0.5067999999999999,-0.021200000000000017,0.0
R1,0,Cho2017,41,0.616,0.6106,-0.00540000000000002,0.0
R1,0,Cho2017,42,0.542,0.5496000000000001,0.007600000000000001,0.0
R1,0,Cho2017,43,1.0,1.0,0.0,0.0
R1,0,Cho2017,44,0.9359999999999999,0.9411999999999999,0.005200000000000001,0.0
R1,0,Cho2017,45,0.538,0.5394,0.00139999999999994,0.0
R1,0,Cho2017,46,0.5483333333333333,0.5833333333333333,0.03499999999999994,0.0
R1,0,Cho2017,47,0.8380000000000001,0.841,0.0029999999999999784,0.0
R1,0,Cho2017,48,0.662,0.6768,0.01479999999999996,0.0
R1,0,Cho2017,49,0.994,0.9982,0.004200000000000001,0.0
R1,0,Cho2017,50,0.95,0.9709999999999999,0.02100000000000002,0.0
R1,0,Cho2017,51,0.56,0.5886,0.02859999999999996,0.0
R1,0,Cho2017,52,0.604,0.6328,0.02880000000000002,0.0
R1,0,Dreyer2023,1,0.8850000000000001,0.8968333333333334,0.01183333333333326,0.0
R1,0,Dreyer2023,2,0.6833333333333333,0.6868333333333333,0.003500000000000039,0.0
R1,0,Dreyer2023,3,0.8183333333333334,0.8376666666666667,0.01933333333333326,0.0
R1,0,Dreyer2023,5,0.8766666666666667,0.8923333333333334,0.015666666666666624,0.0
R1,0,Dreyer2023,6,0.7716666666666667,0.8093333333333333,0.037666666666666675,0.0
R1,0,Dreyer2023,7,0.9766666666666666,0.9678333333333333,-0.0088333333333333,0.0
R1,0,Dreyer2023,8,0.8266666666666665,0.8329999999999999,0.006333333333333241,0.0
R1,0,Dreyer2023,10,0.9116666666666667,0.9125,0.0008333333333332201,0.0
R1,0,Dreyer2023,11,0.6316666666666666,0.6338333333333334,0.0021666666666667,0.0
R1,0,Dreyer2023,12,0.8949999999999999,0.906,0.010999999999999937,0.0
R1,0,Dreyer2023,13,0.7566666666666666,0.7603333333333333,0.0036666666666666597,0.0
R1,0,Dreyer2023,14,0.6916666666666667,0.7133333333333333,0.02166666666666662,0.0
R1,0,Dreyer2023,15,0.9266666666666665,0.9356666666666668,0.009,0.0
R1,0,Dreyer2023,16,0.8266666666666668,0.8094999999999999,-0.01716666666666668,0.0
R1,0,Dreyer2023,18,0.9066666666666666,0.933,0.026333333333333257,0.0
R1,0,Dreyer2023,19,0.8949999999999999,0.8818333333333334,-0.013166666666666701,0.0
R1,0,Dreyer2023,20,0.8966666666666667,0.908,0.011333333333333279,0.0
R1,0,Dreyer2023,21,0.9116666666666665,0.9193333333333333,0.00766666666666668,0.0
R1,0,Dreyer2023,22,0.9283333333333333,0.9253333333333333,-0.00300000000000004,0.0
R1,0,Dreyer2023,23,0.7366666666666667,0.7401666666666668,0.0034999999999999996,0.0
R1,0,Dreyer2023,24,0.9399999999999998,0.9504999999999999,0.01049999999999992,0.0
R1,0,Dreyer2023,25,0.67,0.6976666666666667,0.02766666666666654,0.0
R1,0,Dreyer2023,26,0.7783333333333333,0.7846666666666666,0.00633333333333326,0.0
R1,0,Dreyer2023,27,0.8066666666666666,0.8226666666666667,0.015999999999999938,0.0
R1,0,Dreyer2023,28,0.7716666666666667,0.8071666666666667,0.03550000000000006,0.0
R1,0,Dreyer2023,30,0.7116666666666667,0.7353333333333334,0.02366666666666658,0.0
R1,0,Dreyer2023,31,0.8733333333333333,0.8971666666666668,0.02383333333333332,0.0
R1,0,Dreyer2023,32,0.845,0.8565000000000002,0.0115,0.0
R1,0,Dreyer2023,33,0.795,0.7906666666666667,-0.00433333333333326,0.0
R1,0,Dreyer2023,34,0.7933333333333333,0.8083333333333332,0.01499999999999992,0.0
R1,0,Dreyer2023,35,0.7499999999999999,0.7565,0.006500000000000021,0.0
R1,0,Dreyer2023,36,0.7983333333333332,0.8025,0.0041666666666667395,0.0
R1,0,Dreyer2023,37,0.735,0.7006666666666668,-0.03433333333333322,0.0
R1,0,Dreyer2023,38,0.8533333333333333,0.8761666666666666,0.02283333333333324,0.0
R1,0,Dreyer2023,39,0.9183333333333333,0.9428333333333334,0.02450000000000006,0.0
R1,0,Dreyer2023,40,0.8534482758620691,0.8581034482758622,0.0046551724137931004,0.0
R1,0,Dreyer2023,42,0.74,0.7323333333333333,-0.00766666666666668,0.0
R1,0,Dreyer2023,43,0.8816666666666666,0.8939999999999999,0.012333333333333318,0.0
R1,0,Dreyer2023,44,0.6466666666666667,0.6695,0.022833333333333324,0.0
R1,0,Dreyer2023,45,0.7466666666666667,0.7955,0.04883333333333328,0.0
R1,0,Dreyer2023,46,0.7366666666666667,0.736,-0.0006666666666666598,0.0
R1,0,Dreyer2023,47,0.8949999999999999,0.898,0.00300000000000004,0.0
R1,0,Dreyer2023,48,0.6683333333333333,0.6816666666666666,0.013333333333333381,0.0
R1,0,Dreyer2023,49,0.7833333333333333,0.7951666666666666,0.011833333333333359,0.0
R1,0,Dreyer2023,50,0.6166666666666666,0.6226666666666667,0.00600000000000006,0.0
R1,0,Dreyer2023,51,0.7466666666666667,0.7618333333333334,0.015166666666666662,0.0
R1,0,Dreyer2023,52,0.7966666666666666,0.8098333333333333,0.0131666666666666,0.0
R1,0,Dreyer2023,53,0.7866666666666667,0.8084999999999999,0.02183333333333326,0.0
R1,0,Dreyer2023,54,0.7016666666666667,0.7156666666666667,0.01399999999999998,0.0
R1,0,Dreyer2023,55,0.9366666666666668,0.9433333333333334,0.006666666666666679,0.0
R1,0,Dreyer2023,56,0.9200000000000002,0.9399999999999998,0.01999999999999982,0.0
R1,0,Dreyer2023,57,0.635,0.652,0.01700000000000004,0.0
R1,0,Dreyer2023,58,0.9233333333333332,0.9188333333333333,-0.0045,0.0
R1,0,Dreyer2023,59,0.78,0.7699999999999999,-0.0100000000000001,0.0
R1,0,Dreyer2023,60,0.8066666666666666,0.8368333333333334,0.030166666666666758,0.0
R1,0,Dreyer2023,61,0.8633333333333333,0.885,0.0216666666666666,0.0
R1,0,Dreyer2023,62,0.7416666666666667,0.7613333333333333,0.01966666666666662,0.0
R1,0,Dreyer2023,63,0.8133333333333332,0.8394999999999999,0.026166666666666623,0.0
R1,0,Dreyer2023,64,0.765,0.788,0.022999999999999982,0.0
R1,0,Dreyer2023,65,0.835,0.8371666666666666,0.0021666666666666995,0.0
R1,0,Dreyer2023,66,0.7583333333333334,0.7571666666666667,-0.00116666666666668,0.0
R1,0,Dreyer2023,67,0.7916666666666666,0.7963333333333333,0.00466666666666662,0.0
R1,0,Dreyer2023,68,0.7383333333333334,0.7388333333333333,0.0004999999999999803,0.0
R1,0,Dreyer2023,69,0.8516666666666666,0.8504999999999999,-0.0011666666666666798,0.0
R1,0,Dreyer2023,70,0.6716666666666666,0.675,0.00333333333333326,0.0
R1,0,Dreyer2023,71,0.8550000000000001,0.8326666666666668,-0.02233333333333324,0.0
R1,0,Dreyer2023,72,0.8099999999999999,0.8428333333333333,0.03283333333333334,0.0
R1,0,Dreyer2023,73,0.7466666666666667,0.7458333333333333,-0.0008333333333333803,0.0
R1,0,Dreyer2023,74,0.735,0.7448333333333333,0.00983333333333334,0.0
R1,0,Dreyer2023,75,0.7583333333333334,0.7828333333333333,0.02449999999999994,0.0
R1,0,Dreyer2023,76,0.8216666666666667,0.8480000000000001,0.02633333333333332,0.0
R1,0,Dreyer2023,77,0.8233333333333333,0.8404999999999999,0.01716666666666664,0.0
R1,0,Dreyer2023,80,0.7116666666666667,0.7150000000000001,0.0033333333333333596,0.0
R1,0,Dreyer2023,81,0.8299999999999998,0.8428333333333334,0.01283333333333336,0.0
R1,0,Dreyer2023,82,0.795,0.7921666666666667,-0.00283333333333328,0.0
R1,0,Dreyer2023,83,0.6883333333333334,0.6878333333333333,-0.0005000000000000202,0.0
R1,0,Dreyer2023,84,0.8333333333333334,0.8320000000000001,-0.0013333333333333196,0.0
R1,0,Dreyer2023,85,0.735,0.7603333333333333,0.025333333333333256,0.0
R1,0,Dreyer2023,86,0.8383333333333333,0.8238333333333333,-0.014499999999999999,0.0
R1,0,Dreyer2023,87,0.7833333333333334,0.7826666666666666,-0.0006666666666667792,0.0
R1,0,PhysionetMI,1,0.8356060606060606,0.8358333333333334,0.00022727272727270028,0.0
R1,0,PhysionetMI,2,0.8946153846153846,0.8958461538461538,0.00123076923076918,0.0
R1,0,PhysionetMI,3,0.9484848484848485,0.9571969696969698,0.0087121212121212,0.0
R1,0,PhysionetMI,4,0.9196969696969697,0.9182575757575757,-0.0014393939393939792,0.0
R1,0,PhysionetMI,5,0.7204545454545455,0.7150000000000001,-0.005454545454545423,0.0
R1,0,PhysionetMI,6,0.8825757575757576,0.8659848484848485,-0.016590909090909156,0.0
R1,0,PhysionetMI,7,0.9825757575757577,0.9895454545454545,0.006969696969696959,0.0
R1,0,PhysionetMI,8,0.8325757575757574,0.8665151515151515,0.03393939393939392,0.0
R1,0,PhysionetMI,9,0.9076923076923077,0.9113076923076923,0.0036153846153845217,0.0
R1,0,PhysionetMI,10,0.7276923076923077,0.7218461538461538,-0.00584615384615386,0.0
R1,0,PhysionetMI,11,0.725,0.7338636363636364,0.008863636363636376,0.0
R1,0,PhysionetMI,12,0.8643939393939395,0.8704545454545455,0.0060606060606060806,0.0
R1,0,PhysionetMI,13,0.803030303030303,0.8037121212121212,0.0006818181818182203,0.0
R1,0,PhysionetMI,14,0.7734848484848486,0.8001515151515152,0.0266666666666666,0.0
R1,0,PhysionetMI,15,0.9284615384615386,0.9743076923076923,0.04584615384615378,0.0
R1,0,PhysionetMI,16,0.6053030303030302,0.631439393939394,0.02613636363636368,0.0
R1,0,PhysionetMI,17,0.803030303030303,0.8385606060606061,0.035530303030303086,0.0
R1,0,PhysionetMI,18,1.0,1.0,0.0,0.0
R1,0,PhysionetMI,19,0.9106060606060605,0.8969696969696971,-0.013636363636363603,0.0
R1,0,PhysionetMI,20,0.9045454545454547,0.8844696969696969,-0.020075757575757563,0.0
R1,0,PhysionetMI,21,0.759090909090909,0.7753030303030303,0.0162121212121212,0.0
R1,0,PhysionetMI,22,0.9636363636363636,0.9543181818181818,-0.009318181818181778,0.0
R1,0,PhysionetMI,23,0.7838461538461539,0.7891538461538461,0.0053076923076923,0.0
R1,0,PhysionetMI,24,0.7863636363636364,0.82,0.03363636363636362,0.0
R1,0,PhysionetMI,25,0.5954545454545455,0.5721969696969698,-0.02325757575757568,0.0
R1,0,PhysionetMI,26,0.6407692307692308,0.6257692307692307,-0.015000000000000045,0.0
R1,0,PhysionetMI,27,0.8696969696969697,0.8681060606060607,-0.0015909090909090782,0.0
R1,0,PhysionetMI,28,0.7984848484848485,0.8115151515151515,0.013030303030303,0.0
R1,0,PhysionetMI,29,0.7386363636363636,0.7478030303030303,0.00916666666666666,0.0
R1,0,PhysionetMI,30,0.8583333333333334,0.8768939393939394,0.018560606060606,0.0
R1,0,PhysionetMI,31,0.7416666666666667,0.7416666666666667,-3.9898639947466563e-17,0.0
R1,0,PhysionetMI,32,0.9323076923076924,0.9218461538461538,-0.010461538461538501,0.0
R1,0,PhysionetMI,33,0.9295454545454545,0.9345454545454546,0.005000000000000021,0.0
R1,0,PhysionetMI,34,0.8215384615384614,0.8043846153846154,-0.017153846153846162,0.0
R1,0,PhysionetMI,35,0.8143939393939394,0.7931818181818182,-0.02121212121212116,0.0
R1,0,PhysionetMI,36,0.9113636363636364,0.8840909090909091,-0.02727272727272716,0.0
R1,0,PhysionetMI,37,0.6795454545454545,0.6788636363636364,-0.000681818181818139,0.0
R1,0,PhysionetMI,38,0.49469696969696975,0.4608333333333333,-0.03386363636363632,0.0
R1,0,PhysionetMI,39,0.7454545454545455,0.7328787878787879,-0.012575757575757563,0.0
R1,0,PhysionetMI,40,0.9818181818181818,0.9809090909090911,-0.0009090909090908779,0.0
R1,0,PhysionetMI,41,0.9692307692307693,0.9723076923076924,0.0030769230769230353,0.0
R1,0,PhysionetMI,42,0.8916666666666668,0.8933333333333333,0.001666666666666638,0.0
R1,0,PhysionetMI,43,0.8212121212121211,0.8477272727272727,0.026515151515151457,0.0
R1,0,PhysionetMI,44,0.8606060606060606,0.8824242424242424,0.021818181818181764,0.0
R1,0,PhysionetMI,45,0.7984848484848485,0.7840909090909091,-0.01439393939393934,0.0
R1,0,PhysionetMI,46,0.7424242424242424,0.7538636363636364,0.0114393939393939,0.0
R1,0,PhysionetMI,47,0.7348484848484849,0.7410606060606061,0.00621212121212122,0.0
R1,0,PhysionetMI,48,0.990909090909091,0.9946969696969697,0.00378787878787878,0.0
R1,0,PhysionetMI,49,0.7628787878787879,0.7572727272727273,-0.00560606060606062,0.0
R1,0,PhysionetMI,50,0.7803030303030303,0.8122727272727273,0.031969696969696905,0.0
R1,0,PhysionetMI,51,0.8242424242424242,0.8392424242424242,0.015000000000000022,0.0
R1,0,PhysionetMI,52,0.8661538461538463,0.860923076923077,-0.005230769230769242,0.0
R1,0,PhysionetMI,53,0.9015151515151516,0.9174242424242426,0.015909090909091005,0.0
R1,0,PhysionetMI,54,0.8909090909090909,0.8765909090909091,-0.014318181818181739,0.0
R1,0,PhysionetMI,55,0.8462121212121213,0.8698484848484849,0.02363636363636356,0.0
R1,0,PhysionetMI,56,0.8356060606060606,0.8562878787878787,0.0206818181818182,0.0
R1,0,PhysionetMI,57,0.949242424242424,0.9509090909090908,0.0016666666666667021,0.0
R1,0,PhysionetMI,58,0.8161538461538462,0.8242307692307692,0.00807692307692302,0.0
R1,0,PhysionetMI,59,0.6659090909090909,0.6554545454545455,-0.010454545454545482,0.0
R1,0,PhysionetMI,60,0.8884615384615385,0.8819230769230769,-0.00653846153846156,0.0
R1,0,PhysionetMI,61,0.9545454545454547,0.9545454545454548,1.1102230246251563e-16,0.0
R1,0,PhysionetMI,62,0.9583333333333333,0.9400000000000001,-0.01833333333333324,0.0
R1,0,PhysionetMI,63,0.7287878787878788,0.7421212121212122,0.013333333333333364,0.0
R1,0,PhysionetMI,64,0.7621212121212122,0.7623484848484849,0.00022727272727272041,0.0
R1,0,PhysionetMI,65,0.9242424242424242,0.9030303030303031,-0.02121212121212116,0.0
R1,0,PhysionetMI,66,0.7704545454545455,0.8109848484848484,0.040530303030303014,0.0
R1,0,PhysionetMI,67,0.7916666666666666,0.7847727272727273,-0.006893939393939399,0.0
R1,0,PhysionetMI,68,0.6727272727272727,0.7052272727272728,0.03249999999999999,0.0
R1,0,PhysionetMI,69,0.8284615384615386,0.8202307692307691,-0.008230769230769281,0.0
R1,0,PhysionetMI,70,0.9659090909090908,0.9799242424242424,0.014015151515151581,0.0
R1,0,PhysionetMI,71,0.9143939393939393,0.8997727272727273,-0.014621212121212122,0.0
R1,0,PhysionetMI,72,1.0,0.9937878787878788,-0.00621212121212122,0.0
R1,0,PhysionetMI,73,0.7568181818181818,0.7757575757575758,0.01893939393939396,0.0
R1,0,PhysionetMI,74,0.7575757575757576,0.7558333333333334,-0.0017424242424242595,0.0
R1,0,PhysionetMI,75,0.6606060606060606,0.6754545454545455,0.01484848484848482,0.0
R1,0,PhysionetMI,76,0.5515151515151515,0.555530303030303,0.004015151515151539,0.0
R1,0,PhysionetMI,77,0.6037878787878788,0.6146212121212121,0.010833333333333379,0.0
R1,0,PhysionetMI,78,0.5621212121212121,0.586969696969697,0.024848484848484842,0.0
R1,0,PhysionetMI,79,0.7515151515151516,0.7607575757575757,0.009242424242424243,0.0
R1,0,PhysionetMI,80,0.7907692307692308,0.8226153846153845,0.03184615384615386,0.0
R1,0,PhysionetMI,81,0.8704545454545455,0.8706818181818182,0.00022727272727279777,0.0
R1,0,PhysionetMI,82,0.8113636363636363,0.8572727272727272,0.04590909090909082,0.0
R1,0,PhysionetMI,83,0.7215384615384616,0.7281538461538462,0.006615384615384659,0.0
R1,0,PhysionetMI,84,0.8825757575757576,0.8652272727272727,-0.01734848484848488,0.0
R1,0,PhysionetMI,85,0.8878787878787879,0.8883333333333333,0.00045454545454536033,0.0
R1,0,PhysionetMI,86,0.9846153846153847,0.9854615384615386,0.0008461538461538596,0.0
R1,0,PhysionetMI,87,0.6386363636363636,0.6280303030303029,-0.010606060606060619,0.0
R1,0,PhysionetMI,90,0.8727272727272727,0.8762121212121212,0.00348484848484846,0.0
R1,0,PhysionetMI,91,0.9166666666666666,0.8908333333333334,-0.02583333333333334,0.0
R1,0,PhysionetMI,93,0.7886363636363637,0.781439393939394,-0.0071969696969697,0.0
R1,0,PhysionetMI,94,0.7954545454545455,0.8102272727272727,0.01477272727272726,0.0
R1,0,PhysionetMI,95,0.6515384615384615,0.6785384615384615,0.02699999999999994,0.0
R1,0,PhysionetMI,96,0.8583333333333332,0.86,0.00166666666666666,0.0
R1,0,PhysionetMI,97,0.7696969696969697,0.8043181818181818,0.034621212121212094,0.0
R1,0,PhysionetMI,98,0.4621212121212121,0.47553030303030297,0.013409090909090898,0.0
R1,0,PhysionetMI,99,0.6151515151515151,0.6277272727272727,0.012575757575757579,0.0
R1,0,PhysionetMI,101,0.8976923076923077,0.9165384615384615,0.01884615384615384,0.0
R1,0,PhysionetMI,102,0.7416666666666667,0.7292424242424242,-0.012424242424242418,0.0
R1,0,PhysionetMI,103,0.8575757575757577,0.8463636363636364,-0.01121212121212114,0.0
R1,0,PhysionetMI,105,0.9068181818181819,0.9311363636363638,0.02431818181818186,0.0
R1,0,PhysionetMI,107,0.5553030303030303,0.5381818181818182,-0.01712121212121212,0.0
R1,0,PhysionetMI,108,0.8537878787878788,0.8450757575757576,-0.008712121212121197,0.0
R1,0,PhysionetMI,109,0.6537878787878788,0.6738636363636363,0.020075757575757542,0.0
R1,5,Cho2017,1,0.642,0.606,-0.03599999999999994,-0.0030000000000000027
R1,5,Cho2017,2,0.524,0.5332000000000001,0.0092,-0.006199999999999872
R1,5,Cho2017,3,0.6719999999999999,0.751,0.07899999999999992,0.014800000000000035
R1,5,Cho2017,4,0.64,0.6654,0.0254,-0.0033999999999999586
R1,5,Cho2017,5,1.0,0.9958,-0.00419999999999996,-0.0012000000000000899
R1,5,Cho2017,6,0.8140000000000001,0.8093999999999999,-0.004600000000000061,0.0039999999999998925
R1,5,Cho2017,7,0.5033333333333333,0.5081666666666667,0.004833333333333301,-0.012166666666666659
R1,5,Cho2017,8,0.54,0.5318,-0.00819999999999996,-0.01759999999999995
R1,5,Cho2017,9,0.5433333333333333,0.5476666666666666,0.00433333333333338,-0.013666666666666716
R1,5,Cho2017,10,0.5820000000000001,0.5422,-0.03979999999999998,-0.0045999999999999375
R1,5,Cho2017,11,0.604,0.6315999999999999,0.027600000000000003,0.009000000000000008
R1,5,Cho2017,12,0.514,0.5434,0.02940000000000002,0.0
R1,5,Cho2017,13,0.8460000000000001,0.8568,0.0108,-0.017800000000000038
R1,5,Cho2017,14,0.7220000000000001,0.7678,0.04579999999999997,0.012600000000000056
R1,5,Cho2017,15,0.52,0.5406000000000001,0.0206,0.008400000000000074
R1,5,Cho2017,16,0.626,0.6477999999999999,0.021799999999999996,0.0047999999999999154
R1,5,Cho2017,17,0.55,0.6199999999999999,0.0699999999999999,0.026799999999999824
R1,5,Cho2017,18,0.6140000000000001,0.5626,-0.05140000000000002,-0.04999999999999993
R1,5,Cho2017,19,0.522,0.532,0.00999999999999998,0.0018000000000000238
R1,5,Cho2017,20,0.5660000000000001,0.5972,0.03119999999999994,-0.009400000000000075
R1,5,Cho2017,21,0.546,0.5748,0.028799999999999937,0.024599999999999955
R1,5,Cho2017,22,0.592,0.5978000000000001,0.005800000000000043,0.02660000000000018
R1,5,Cho2017,23,0.562,0.572,0.009999999999999959,0.008799999999999919
R1,5,Cho2017,24,0.49399999999999994,0.5474,0.053400000000000024,0.030399999999999983
R1,5,Cho2017,25,0.554,0.5794,0.025399999999999978,-0.007399999999999962
R1,5,Cho2017,26,0.99,0.9954000000000001,0.00540000000000002,0.0
R1,5,Cho2017,27,0.5660000000000001,0.5681999999999999,0.0021999999999999407,0.0050000000000000044
R1,5,Cho2017,28,0.5820000000000001,0.7002,0.11819999999999994,0.12380000000000002
R1,5,Cho2017,29,0.502,0.479,-0.022999999999999958,-0.006999999999999951
R1,5,Cho2017,30,0.638,0.6940000000000001,0.05600000000000003,-0.022599999999999953
R1,5,Cho2017,31,0.548,0.5652,0.017200000000000038,0.019199999999999995
R1,5,Cho2017,32,0.534,0.5648000000000001,0.0308,0.000200000000000089
R1,5,Cho2017,33,0.5860000000000001,0.5582,-0.027799999999999957,-0.0023999999999999577
R1,5,Cho2017,34,0.548,0.5650000000000001,0.01699999999999998,0.007399999999999962
R1,5,Cho2017,35,0.396,0.33399999999999996,-0.062,-0.03540000000000004
R1,5,Cho2017,36,0.534,0.5444000000000001,0.01040000000000002,-0.005999999999999894
R1,5,Cho2017,37,0.874,0.8814,0.007400000000000022,0.00039999999999995595
R1,5,Cho2017,38,0.5780000000000001,0.567,-0.010999999999999979,-0.022600000000000064
R1,5,Cho2017,39,0.528,0.5248,-0.00319999999999996,-0.005799999999999916
R1,5,Cho2017,40,0.528,0.5246,-0.00340000000000002,0.017800000000000038
R1,5,Cho2017,41,0.616,0.5828,-0.03319999999999998,-0.027800000000000047
R1,5,Cho2017,42,0.542,0.543,0.0010000000000000397,-0.00660000000000005
R1,5,Cho2017,43,1.0,1.0,0.0,0.0
R1,5,Cho2017,44,0.9359999999999999,0.945,0.008999999999999942,0.0038000000000000256
R1,5,Cho2017,45,0.538,0.5284000000000001,-0.00959999999999996,-0.010999999999999899
R1,5,Cho2017,46,0.5483333333333333,0.5904999999999999,0.042166666666666575,0.0071666666666666545
R1,5,Cho2017,47,0.8380000000000001,0.8348000000000001,-0.0031999999999999993,-0.006199999999999872
R1,5,Cho2017,48,0.662,0.6866,0.024600000000000018,0.009800000000000031
R1,5,Cho2017,49,0.994,0.9992000000000001,0.00520000000000002,0.001000000000000112
R1,5,Cho2017,50,0.95,0.9878,0.03780000000000008,0.016800000000000148
R1,5,Cho2017,51,0.56,0.6122000000000001,0.0522,0.023600000000000065
R1,5,Cho2017,52,0.604,0.6275999999999999,0.02359999999999994,-0.0052000000000000934
R1,5,Dreyer2023,1,0.8850000000000001,0.8945000000000001,0.00949999999999988,-0.0023333333333332984
R1,5,Dreyer2023,2,0.6833333333333333,0.6835,0.00016666666666661985,-0.0033333333333332993
R1,5,Dreyer2023,3,0.8183333333333334,0.6849999999999999,-0.13333333333333336,-0.15266666666666673
R1,5,Dreyer2023,5,0.8766666666666667,0.8796666666666667,0.00300000000000008,-0.012666666666666715
R1,5,Dreyer2023,6,0.7716666666666667,0.8241666666666667,0.052499999999999956,0.014833333333333365
R1,5,Dreyer2023,7,0.9766666666666666,0.9709999999999999,-0.005666666666666599,0.00316666666666654
R1,5,Dreyer2023,8,0.8266666666666665,0.8361666666666666,0.009499999999999958,0.003166666666666762
R1,5,Dreyer2023,10,0.9116666666666667,0.8686666666666667,-0.04299999999999996,-0.04383333333333328
R1,5,Dreyer2023,11,0.6316666666666666,0.6143333333333333,-0.01733333333333334,-0.019500000000000073
R1,5,Dreyer2023,12,0.8949999999999999,0.9063333333333334,0.011333333333333358,0.00033333333333340764
R1,5,Dreyer2023,13,0.7566666666666666,0.7408333333333333,-0.01583333333333328,-0.019499999999999962
R1,5,Dreyer2023,14,0.6916666666666667,0.6901666666666667,-0.0015,-0.023166666666666558
R1,5,Dreyer2023,15,0.9266666666666665,0.9358333333333334,0.009166666666666639,0.0001666666666666483
R1,5,Dreyer2023,16,0.8266666666666668,0.827,0.00033333333333330215,0.01750000000000007
R1,5,Dreyer2023,18,0.9066666666666666,0.9423333333333332,0.03566666666666658,0.009333333333333194
R1,5,Dreyer2023,19,0.8949999999999999,0.8758333333333332,-0.01916666666666666,-0.006000000000000116
R1,5,Dreyer2023,20,0.8966666666666667,0.9203333333333333,0.02366666666666662,0.012333333333333307
R1,5,Dreyer2023,21,0.9116666666666665,0.9201666666666666,0.008500000000000039,0.0008333333333332416
R1,5,Dreyer2023,22,0.9283333333333333,0.8494999999999999,-0.07883333333333332,-0.07583333333333342
R1,5,Dreyer2023,23,0.7366666666666667,0.7551666666666665,0.018499999999999957,0.014999999999999791
R1,5,Dreyer2023,24,0.9399999999999998,0.9433333333333334,0.00333333333333332,-0.0071666666666665435
R1,5,Dreyer2023,25,0.67,0.6968333333333333,0.026833333333333244,-0.0008333333333333526
R1,5,Dreyer2023,26,0.7783333333333333,0.762,-0.016333333333333356,-0.022666666666666613
R1,5,Dreyer2023,27,0.8066666666666666,0.806,-0.000666666666666682,-0.016666666666666607
R1,5,Dreyer2023,28,0.7716666666666667,0.8243333333333334,0.05266666666666666,0.017166666666666663
R1,5,Dreyer2023,30,0.7116666666666667,0.7355,0.0238333333333333,0.0001666666666666483
R1,5,Dreyer2023,31,0.8733333333333333,0.8953333333333333,0.02199999999999998,-0.0018333333333334645
R1,5,Dreyer2023,32,0.845,0.8678333333333332,0.0228333333333333,0.011333333333333084
R1,5,Dreyer2023,33,0.795,0.7700000000000001,-0.0249999999999999,-0.02066666666666661
R1,5,Dreyer2023,34,0.7933333333333333,0.8135,0.02016666666666662,0.005166666666666764
R1,5,Dreyer2023,35,0.7499999999999999,0.7264999999999999,-0.023499999999999924,-0.030000000000000027
R1,5,Dreyer2023,36,0.7983333333333332,0.7381666666666666,-0.06016666666666663,-0.06433333333333335
R1,5,Dreyer2023,37,0.735,0.7156666666666667,-0.01933333333333328,0.014999999999999902
R1,5,Dreyer2023,38,0.8533333333333333,0.8508333333333333,-0.0025000000000000204,-0.02533333333333332
R1,5,Dreyer2023,39,0.9183333333333333,0.9381666666666668,0.019833333333333376,-0.004666666666666597
R1,5,Dreyer2023,40,0.8534482758620691,0.8601724137931035,0.00672413793103446,0.002068965517241339
R1,5,Dreyer2023,42,0.74,0.7344999999999999,-0.00550000000000006,0.00216666666666665
R1,5,Dreyer2023,43,0.8816666666666666,0.8953333333333333,0.01366666666666658,0.0013333333333334085
R1,5,Dreyer2023,44,0.6466666666666667,0.6811666666666667,0.03449999999999994,0.011666666666666714
R1,5,Dreyer2023,45,0.7466666666666667,0.8033333333333333,0.056666666666666664,0.007833333333333359
R1,5,Dreyer2023,46,0.7366666666666667,0.7375,0.0008333333333333193,0.0015000000000000568
R1,5,Dreyer2023,47,0.8949999999999999,0.8866666666666667,-0.00833333333333324,-0.011333333333333306
R1,5,Dreyer2023,48,0.6683333333333333,0.6783333333333333,0.01000000000000002,-0.0033333333333332993
R1,5,Dreyer2023,49,0.7833333333333333,0.8085000000000001,0.025166666666666636,0.01333333333333353
R1,5,Dreyer2023,50,0.6166666666666666,0.5806666666666667,-0.03599999999999998,-0.04200000000000004
R1,5,Dreyer2023,51,0.7466666666666667,0.7718333333333333,0.025166666666666598,0.009999999999999898
R1,5,Dreyer2023,52,0.7966666666666666,0.766,-0.030666666666666675,-0.04383333333333328
R1,5,Dreyer2023,53,0.7866666666666667,0.8109999999999999,0.02433333333333326,0.0025000000000000577
R1,5,Dreyer2023,54,0.7016666666666667,0.744,0.04233333333333336,0.02833333333333332
R1,5,Dreyer2023,55,0.9366666666666668,0.9323333333333335,-0.004333333333333319,-0.010999999999999899
R1,5,Dreyer2023,56,0.9200000000000002,0.8758333333333332,-0.04416666666666662,-0.0641666666666666
R1,5,Dreyer2023,57,0.635,0.6836666666666666,0.04866666666666664,0.03166666666666662
R1,5,Dreyer2023,58,0.9233333333333332,0.9183333333333333,-0.00500000000000002,-0.0004999999999999449
R1,5,Dreyer2023,59,0.78,0.8185,0.038499999999999965,0.0485000000000001
R1,5,Dreyer2023,60,0.8066666666666666,0.8536666666666667,0.04700000000000002,0.016833333333333256
R1,5,Dreyer2023,61,0.8633333333333333,0.8628333333333332,-0.0005000000000001004,-0.02216666666666678
R1,5,Dreyer2023,62,0.7416666666666667,0.7213333333333333,-0.02033333333333332,-0.040000000000000036
R1,5,Dreyer2023,63,0.8133333333333332,0.8153333333333332,0.00199999999999998,-0.02416666666666667
R1,5,Dreyer2023,64,0.765,0.7961666666666667,0.03116666666666664,0.008166666666666655
R1,5,Dreyer2023,65,0.835,0.8195,-0.015499999999999962,-0.01766666666666661
R1,5,Dreyer2023,66,0.7583333333333334,0.7583333333333333,-3.95516952522712e-17,0.0011666666666666492
R1,5,Dreyer2023,67,0.7916666666666666,0.7968333333333334,0.0051666666666667,0.000500000000000056
R1,5,Dreyer2023,68,0.7383333333333334,0.7226666666666667,-0.01566666666666672,-0.016166666666666663
R1,5,Dreyer2023,69,0.8516666666666666,0.8133333333333332,-0.03833333333333328,-0.03716666666666668
R1,5,Dreyer2023,70,0.6716666666666666,0.6593333333333333,-0.012333333333333382,-0.015666666666666718
R1,5,Dreyer2023,71,0.8550000000000001,0.8474999999999999,-0.0075000000000000995,0.014833333333333143
R1,5,Dreyer2023,72,0.8099999999999999,0.8493333333333333,0.03933333333333328,0.00649999999999995
R1,5,Dreyer2023,73,0.7466666666666667,0.7796666666666667,0.03299999999999996,0.03383333333333338
R1,5,Dreyer2023,74,0.735,0.7756666666666667,0.040666666666666615,0.03083333333333338
R1,5,Dreyer2023,75,0.7583333333333334,0.7679999999999999,0.0096666666666665,-0.014833333333333365
R1,5,Dreyer2023,76,0.8216666666666667,0.8648333333333333,0.043166666666666645,0.016833333333333256
R1,5,Dreyer2023,77,0.8233333333333333,0.8391666666666666,0.0158333333333333,-0.0013333333333332975
R1,5,Dreyer2023,80,0.7116666666666667,0.7130000000000001,0.0013333333333333606,-0.0020000000000000018
R1,5,Dreyer2023,81,0.8299999999999998,0.8151666666666667,-0.01483333333333336,-0.027666666666666728
R1,5,Dreyer2023,82,0.795,0.7696666666666666,-0.02533333333333332,-0.022500000000000075
R1,5,Dreyer2023,83,0.6883333333333334,0.6835,-0.0048333333333333605,-0.0043333333333333
R1,5,Dreyer2023,84,0.8333333333333334,0.8178333333333333,-0.01549999999999998,-0.014166666666666772
R1,5,Dreyer2023,85,0.735,0.7596666666666667,0.02466666666666664,-0.0006666666666665932
R1,5,Dreyer2023,86,0.8383333333333333,0.8201666666666668,-0.018166666666666578,-0.003666666666666485
R1,5,Dreyer2023,87,0.7833333333333334,0.7751666666666667,-0.008166666666666638,-0.007499999999999951
R1,5,PhysionetMI,1,0.8356060606060606,0.8395454545454546,0.00393939393939398,0.0037121212121211666
R1,5,PhysionetMI,2,0.8946153846153846,0.8971538461538462,0.00253846153846148,0.001307692307692343
R1,5,PhysionetMI,3,0.9484848484848485,0.9543939393939395,0.005909090909091,-0.002803030303030307
R1,5,PhysionetMI,4,0.9196969696969697,0.9202272727272728,0.0005303030303030587,0.0019696969696970656
R1,5,PhysionetMI,5,0.7204545454545455,0.7331060606060606,0.012651515151515117,0.01810606060606057
R1,5,PhysionetMI,6,0.8825757575757576,0.8666666666666668,-0.015909090909090918,0.0006818181818183389
R1,5,PhysionetMI,7,0.9825757575757577,0.988560606060606,0.00598484848484848,-0.0009848484848484773
R1,5,PhysionetMI,8,0.8325757575757574,0.8646212121212121,0.03204545454545458,-0.0018939393939393367
R1,5,PhysionetMI,9,0.9076923076923077,0.9116153846153846,0.003923076923076899,0.0003076923076923421
R1,5,PhysionetMI,10,0.7276923076923077,0.7276153846153847,-7.692307692309941e-05,0.00576923076923086
R1,5,PhysionetMI,11,0.725,0.7224242424242424,-0.0025757575757576223,-0.011439393939393971
R1,5,PhysionetMI,12,0.8643939393939395,0.8678787878787879,0.003484848484848482,-0.0025757575757575646
R1,5,PhysionetMI,13,0.803030303030303,0.793409090909091,-0.009621212121212022,-0.010303030303030258
R1,5,PhysionetMI,14,0.7734848484848486,0.7874242424242424,0.01393939393939384,-0.01272727272727281
R1,5,PhysionetMI,15,0.9284615384615386,0.985923076923077,0.05746153846153842,0.011615384615384694
R1,5,PhysionetMI,16,0.6053030303030302,0.6399242424242424,0.03462121212121216,0.008484848484848428
R1,5,PhysionetMI,17,0.803030303030303,0.8479545454545454,0.04492424242424242,0.009393939393939288
R1,5,PhysionetMI,18,1.0,1.0,0.0,0.0
R1,5,PhysionetMI,19,0.9106060606060605,0.8997727272727273,-0.01083333333333326,0.002803030303030196
R1,5,PhysionetMI,20,0.9045454545454547,0.8945454545454545,-0.00999999999999998,0.010075757575757627
R1,5,PhysionetMI,21,0.759090909090909,0.6973484848484849,-0.061742424242424224,-0.07795454545454539
R1,5,PhysionetMI,22,0.9636363636363636,0.9551515151515153,-0.008484848484848437,0.0008333333333334636
R1,5,PhysionetMI,23,0.7838461538461539,0.7921538461538462,0.008307692307692299,0.0030000000000001137
R1,5,PhysionetMI,24,0.7863636363636364,0.7411363636363636,-0.04522727272727276,-0.07886363636363636
R1,5,PhysionetMI,25,0.5954545454545455,0.5753030303030303,-0.0201515151515151,0.0031060606060605567
R1,5,PhysionetMI,26,0.6407692307692308,0.5986923076923076,-0.04207692307692305,-0.02707692307692311
R1,5,PhysionetMI,27,0.8696969696969697,0.8612878787878788,-0.008409090909090918,-0.006818181818181834
R1,5,PhysionetMI,28,0.7984848484848485,0.8187121212121212,0.020227272727272722,0.007196969696969702
R1,5,PhysionetMI,29,0.7386363636363636,0.7718181818181817,0.03318181818181818,0.024015151515151434
R1,5,PhysionetMI,30,0.8583333333333334,0.8774242424242423,0.01909090909090906,0.0005303030303028811
R1,5,PhysionetMI,31,0.7416666666666667,0.7715151515151515,0.0298484848484848,0.02984848484848479
R1,5,PhysionetMI,32,0.9323076923076924,0.9349230769230769,0.002615384615384598,0.013076923076923097
R1,5,PhysionetMI,33,0.9295454545454545,0.9305303030303032,0.0009848484848485823,-0.004015151515151416
R1,5,PhysionetMI,34,0.8215384615384614,0.844153846153846,0.022615384615384558,0.03976923076923067
R1,5,PhysionetMI,35,0.8143939393939394,0.7978030303030303,-0.01659090909090908,0.004621212121212137
R1,5,PhysionetMI,36,0.9113636363636364,0.8865151515151515,-0.02484848484848484,0.002424242424242329
R1,5,PhysionetMI,37,0.6795454545454545,0.7383333333333333,0.05878787878787878,0.05946969696969684
R1,5,PhysionetMI,38,0.49469696969696975,0.451060606060606,-0.04363636363636364,-0.009772727272727322
R1,5,PhysionetMI,39,0.7454545454545455,0.7526515151515152,0.007196969696969702,0.019772727272727275
R1,5,PhysionetMI,40,0.9818181818181818,0.9383333333333332,-0.04348484848484846,-0.04257575757575782
R1,5,PhysionetMI,41,0.9692307692307693,0.9564615384615385,-0.0127692307692308,-0.015846153846153954
R1,5,PhysionetMI,42,0.8916666666666668,0.9121969696969698,0.02053030303030302,0.018863636363636527
R1,5,PhysionetMI,43,0.8212121212121211,0.8477272727272727,0.026515151515151457,0.0
R1,5,PhysionetMI,44,0.8606060606060606,0.876969696969697,0.016363636363636365,-0.00545454545454549
R1,5,PhysionetMI,45,0.7984848484848485,0.79,-0.008484848484848501,0.005909090909090975
R1,5,PhysionetMI,46,0.7424242424242424,0.7575757575757576,0.0151515151515151,0.0037121212121211666
R1,5,PhysionetMI,47,0.7348484848484849,0.7755303030303031,0.040681818181818194,0.03446969696969704
R1,5,PhysionetMI,48,0.990909090909091,0.9963636363636363,0.00545454545454546,0.0016666666666665941
R1,5,PhysionetMI,49,0.7628787878787879,0.7570454545454546,-0.00583333333333336,-0.00022727272727274261
R1,5,PhysionetMI,50,0.7803030303030303,0.8503787878787878,0.07007575757575749,0.03810606060606059
R1,5,PhysionetMI,51,0.8242424242424242,0.8541666666666666,0.02992424242424242,0.014924242424242395
R1,5,PhysionetMI,52,0.8661538461538463,0.8720000000000001,0.00584615384615378,0.011076923076923095
R1,5,PhysionetMI,53,0.9015151515151516,0.9145454545454547,0.013030303030303145,-0.002878787878787925
R1,5,PhysionetMI,54,0.8909090909090909,0.883939393939394,-0.006969696969696938,0.0073484848484849374
R1,5,PhysionetMI,55,0.8462121212121213,0.8793939393939395,0.03318181818181818,0.009545454545454635
R1,5,PhysionetMI,56,0.8356060606060606,0.8551515151515151,0.01954545454545452,-0.001136363636363602
R1,5,PhysionetMI,57,0.949242424242424,0.9509090909090908,0.0016666666666667021,0.0
R1,5,PhysionetMI,58,0.8161538461538462,0.8470769230769232,0.03092307692307692,0.02284615384615396
R1,5,PhysionetMI,59,0.6659090909090909,0.6470454545454545,-0.018863636363636402,-0.008409090909091033
R1,5,PhysionetMI,60,0.8884615384615385,0.8286153846153846,-0.05984615384615388,-0.05330769230769228
R1,5,PhysionetMI,61,0.9545454545454547,0.9545454545454548,1.1102230246251563e-16,0.0
R1,5,PhysionetMI,62,0.9583333333333333,0.9441666666666666,-0.01416666666666656,0.004166666666666541
R1,5,PhysionetMI,63,0.7287878787878788,0.7365909090909091,0.0078030303030302796,-0.0055303030303031075
R1,5,PhysionetMI,64,0.7621212121212122,0.7587121212121213,-0.0034090909090908976,-0.0036363636363636598
R1,5,PhysionetMI,65,0.9242424242424242,0.9153030303030303,-0.00893939393939394,0.012272727272727213
R1,5,PhysionetMI,66,0.7704545454545455,0.7962121212121213,0.0257575757575757,-0.01477272727272716
R1,5,PhysionetMI,67,0.7916666666666666,0.7746969696969697,-0.01696969696969694,-0.010075757575757627
R1,5,PhysionetMI,68,0.6727272727272727,0.7069696969696969,0.0342424242424242,0.001742424242424101
R1,5,PhysionetMI,69,0.8284615384615386,0.8226153846153845,-0.005846153846153961,0.0023846153846154294
R1,5,PhysionetMI,70,0.9659090909090908,0.9862878787878788,0.02037878787878794,0.00636363636363646
R1,5,PhysionetMI,71,0.9143939393939393,0.9175757575757576,0.00318181818181818,0.01780303030303032
R1,5,PhysionetMI,72,1.0,0.9871212121212121,-0.012878787878787861,-0.00666666666666671
R1,5,PhysionetMI,73,0.7568181818181818,0.778409090909091,0.021590909090909098,0.0026515151515152935
R1,5,PhysionetMI,74,0.7575757575757576,0.7378787878787879,-0.019696969696969758,-0.017954545454545445
R1,5,PhysionetMI,75,0.6606060606060606,0.6996212121212121,0.03901515151515146,0.02416666666666656
R1,5,PhysionetMI,76,0.5515151515151515,0.521060606060606,-0.030454545454545446,-0.03446969696969704
R1,5,PhysionetMI,77,0.6037878787878788,0.6174999999999999,0.01371212121212122,0.002878787878787814
R1,5,PhysionetMI,78,0.5621212121212121,0.5909090909090909,0.02878787878787874,0.003939393939393909
R1,5,PhysionetMI,79,0.7515151515151516,0.7549242424242424,0.0034090909090908604,-0.005833333333333357
R1,5,PhysionetMI,80,0.7907692307692308,0.8559230769230769,0.06515384615384609,0.03330769230769237
R1,5,PhysionetMI,81,0.8704545454545455,0.8755303030303031,0.005075757575757558,0.00484848484848488
R1,5,PhysionetMI,82,0.8113636363636363,0.8863636363636364,0.07499999999999987,0.029090909090909167
R1,5,PhysionetMI,83,0.7215384615384616,0.7432307692307693,0.02169230769230766,0.015076923076923099
R1,5,PhysionetMI,84,0.8825757575757576,0.8677272727272728,-0.01484848484848482,0.0025000000000000577
R1,5,PhysionetMI,85,0.8878787878787879,0.8475757575757574,-0.04030303030303042,-0.04075757575757588
R1,5,PhysionetMI,86,0.9846153846153847,0.9854615384615386,0.0008461538461538596,0.0
R1,5,PhysionetMI,87,0.6386363636363636,0.6223484848484848,-0.01628787878787874,-0.005681818181818121
R1,5,PhysionetMI,90,0.8727272727272727,0.8722727272727273,-0.00045454545454546024,-0.003939393939393909
R1,5,PhysionetMI,91,0.9166666666666666,0.9008333333333333,-0.015833333333333338,0.009999999999999898
R1,5,PhysionetMI,93,0.7886363636363637,0.765530303030303,-0.02310606060606062,-0.015909090909090984
R1,5,PhysionetMI,94,0.7954545454545455,0.8112121212121213,0.015757575757575783,0.0009848484848485883
R1,5,PhysionetMI,95,0.6515384615384615,0.675076923076923,0.02353846153846148,-0.003461538461538516
R1,5,PhysionetMI,96,0.8583333333333332,0.8706818181818182,0.012348484848484841,0.010681818181818237
R1,5,PhysionetMI,97,0.7696969696969697,0.8050757575757576,0.03537878787878792,0.0007575757575757347
R1,5,PhysionetMI,98,0.4621212121212121,0.47636363636363627,0.01424242424242422,0.0008333333333332971
R1,5,PhysionetMI,99,0.6151515151515151,0.6338636363636365,0.018712121212121242,0.0061363636363638285
R1,5,PhysionetMI,101,0.8976923076923077,0.944076923076923,0.04638461538461536,0.02753846153846151
R1,5,PhysionetMI,102,0.7416666666666667,0.7906818181818183,0.04901515151515148,0.061439393939394016
R1,5,PhysionetMI,103,0.8575757575757577,0.8475757575757576,-0.01000000000000004,0.00121212121212122
R1,5,PhysionetMI,105,0.9068181818181819,0.9311363636363638,0.02431818181818186,0.0
R1,5,PhysionetMI,107,0.5553030303030303,0.5337121212121212,-0.021590909090909077,-0.004469696969697012
R1,5,PhysionetMI,108,0.8537878787878788,0.8384090909090908,-0.01537878787878788,-0.006666666666666821
R1,5,PhysionetMI,109,0.6537878787878788,0.686060606060606,0.032272727272727265,0.012196969696969706
R1,10,Cho2017,1,0.642,0.6234,-0.018599999999999922,0.014399999999999968
R1,10,Cho2017,2,0.524,0.5292,0.005199999999999941,-0.010199999999999987
R1,10,Cho2017,3,0.6719999999999999,0.7556,0.08359999999999997,0.019400000000000084
R1,10,Cho2017,4,0.64,0.6646000000000001,0.02460000000000002,-0.0041999999999998705
R1,10,Cho2017,5,1.0,0.9996,-0.0004,0.0025999999999999357
R1,10,Cho2017,6,0.8140000000000001,0.8178000000000001,0.0037999999999999796,0.012400000000000078
R1,10,Cho2017,7,0.5033333333333333,0.5218333333333333,0.01849999999999994,0.0014999999999999458
R1,10,Cho2017,8,0.54,0.5476,0.007600000000000019,-0.0018000000000000238
R1,10,Cho2017,9,0.5433333333333333,0.5718333333333334,0.02849999999999998,0.010500000000000065
R1,10,Cho2017,10,0.5820000000000001,0.528,-0.05399999999999994,-0.018799999999999928
R1,10,Cho2017,11,0.604,0.6194,0.015399999999999959,-0.0031999999999999806
R1,10,Cho2017,12,0.514,0.5592,0.04519999999999996,0.015800000000000036
R1,10,Cho2017,13,0.8460000000000001,0.8874000000000001,0.04139999999999994,0.012800000000000034
R1,10,Cho2017,14,0.7220000000000001,0.8102,0.08819999999999997,0.05500000000000005
R1,10,Cho2017,15,0.52,0.5428,0.022799999999999977,0.010599999999999943
R1,10,Cho2017,16,0.626,0.6536000000000001,0.027600000000000024,0.010600000000000054
R1,10,Cho2017,17,0.55,0.5828,0.03279999999999996,-0.010400000000000076
R1,10,Cho2017,18,0.6140000000000001,0.6012,-0.012800000000000039,-0.011399999999999966
R1,10,Cho2017,19,0.522,0.5246000000000001,0.0025999999999999795,-0.005599999999999938
R1,10,Cho2017,20,0.5660000000000001,0.6204,0.054399999999999935,0.013799999999999923
R1,10,Cho2017,21,0.546,0.5666,0.0206,0.01639999999999997
R1,10,Cho2017,22,0.592,0.6154,0.02339999999999992,0.04420000000000002
R1,10,Cho2017,23,0.562,0.5748,0.012799999999999982,0.011599999999999944
R1,10,Cho2017,24,0.49399999999999994,0.5744,0.08040000000000001,0.05740000000000001
R1,10,Cho2017,25,0.554,0.5984,0.04439999999999992,0.011600000000000055
R1,10,Cho2017,26,0.99,0.9955999999999999,0.0056,0.00019999999999986695
R1,10,Cho2017,27,0.5660000000000001,0.5498,-0.01620000000000004,-0.013399999999999967
R1,10,Cho2017,28,0.5820000000000001,0.6974,0.11539999999999992,0.121
R1,10,Cho2017,29,0.502,0.48819999999999997,-0.013799999999999969,0.0022000000000000353
R1,10,Cho2017,30,0.638,0.682,0.044000000000000025,-0.034599999999999964
R1,10,Cho2017,31,0.548,0.5652,0.017199999999999983,0.019199999999999995
R1,10,Cho2017,32,0.534,0.5418000000000001,0.007800000000000001,-0.02279999999999993
R1,10,Cho2017,33,0.5860000000000001,0.5636,-0.02239999999999994,0.0030000000000000027
R1,10,Cho2017,34,0.548,0.5578000000000001,0.00980000000000004,0.00019999999999997797
R1,10,Cho2017,35,0.396,0.35819999999999996,-0.037800000000000056,-0.011200000000000043
R1,10,Cho2017,36,0.534,0.5436,0.009600000000000043,-0.006800000000000028
R1,10,Cho2017,37,0.874,0.8842000000000001,0.010200000000000065,0.0032000000000000917
R1,10,Cho2017,38,0.5780000000000001,0.6024,0.02439999999999994,0.012800000000000034
R1,10,Cho2017,39,0.528,0.5184,-0.009600000000000001,-0.012199999999999989
R1,10,Cho2017,40,0.528,0.5052,-0.022800000000000004,-0.0015999999999999348
R1,10,Cho2017,41,0.616,0.5902000000000001,-0.0258,-0.020399999999999974
R1,10,Cho2017,42,0.542,0.5604,0.01839999999999996,0.01079999999999992
R1,10,Cho2017,43,1.0,1.0,0.0,0.0
R1,10,Cho2017,44,0.9359999999999999,0.9478,0.0118,0.00660000000000005
R1,10,Cho2017,45,0.538,0.5324,-0.005600000000000041,-0.007000000000000006
R1,10,Cho2017,46,0.5483333333333333,0.6024999999999999,0.054166666666666544,0.019166666666666665
R1,10,Cho2017,47,0.8380000000000001,0.8503999999999999,0.01239999999999998,0.009399999999999964
R1,10,Cho2017,48,0.662,0.6839999999999999,0.021999999999999957,0.007199999999999984
R1,10,Cho2017,49,0.994,1.0,0.006,0.0018000000000000238
R1,10,Cho2017,50,0.95,0.9902,0.0402,0.019200000000000106
R1,10,Cho2017,51,0.56,0.6204,0.06039999999999992,0.03179999999999994
R1,10,Cho2017,52,0.604,0.6577999999999999,0.05379999999999989,0.02499999999999991
R1,10,Dreyer2023,1,0.8850000000000001,0.9028333333333333,0.017833333333333194,0.005999999999999894
R1,10,Dreyer2023,2,0.6833333333333333,0.6788333333333333,-0.004500000000000001,-0.008000000000000007
R1,10,Dreyer2023,3,0.8183333333333334,0.8035,-0.01483333333333336,-0.03416666666666668
R1,10,Dreyer2023,5,0.8766666666666667,0.8878333333333334,0.011166666666666662,-0.0045000000000000595
R1,10,Dreyer2023,6,0.7716666666666667,0.8111666666666668,0.03950000000000004,0.0018333333333334645
R1,10,Dreyer2023,7,0.9766666666666666,0.9728333333333332,-0.0038333333333332997,0.004999999999999893
R1,10,Dreyer2023,8,0.8266666666666665,0.8379999999999999,0.01133333333333332,0.0050000000000000044
R1,10,Dreyer2023,10,0.9116666666666667,0.8955,-0.01616666666666666,-0.017000000000000015
R1,10,Dreyer2023,11,0.6316666666666666,0.6343333333333333,0.0026666666666666197,0.0004999999999999449
R1,10,Dreyer2023,12,0.8949999999999999,0.9061666666666668,0.01116666666666664,0.00016666666666675933
R1,10,Dreyer2023,13,0.7566666666666666,0.758,0.0013333333333333593,-0.0023333333333332984
R1,10,Dreyer2023,14,0.6916666666666667,0.7106666666666668,0.01900000000000002,-0.002666666666666484
R1,10,Dreyer2023,15,0.9266666666666665,0.9203333333333333,-0.00633333333333336,-0.015333333333333421
R1,10,Dreyer2023,16,0.8266666666666668,0.8385,0.01183333333333334,0.029000000000000137
R1,10,Dreyer2023,18,0.9066666666666666,0.9398333333333333,0.03316666666666655,0.006833333333333247
R1,10,Dreyer2023,19,0.8949999999999999,0.9115,0.0165,0.02966666666666662
R1,10,Dreyer2023,20,0.8966666666666667,0.9213333333333333,0.02466666666666656,0.013333333333333308
R1,10,Dreyer2023,21,0.9116666666666665,0.9291666666666666,0.01749999999999998,0.00983333333333325
R1,10,Dreyer2023,22,0.9283333333333333,0.8236666666666667,-0.10466666666666657,-0.10166666666666668
R1,10,Dreyer2023,23,0.7366666666666667,0.7403333333333333,0.0036666666666666627,0.0001666666666665373
R1,10,Dreyer2023,24,0.9399999999999998,0.946,0.006,-0.0044999999999999485
R1,10,Dreyer2023,25,0.67,0.6966666666666667,0.02666666666666658,-0.0010000000000000009
R1,10,Dreyer2023,26,0.7783333333333333,0.7916666666666666,0.01333333333333328,0.007000000000000006
R1,10,Dreyer2023,27,0.8066666666666666,0.8188333333333333,0.01216666666666662,-0.0038333333333333552
R1,10,Dreyer2023,28,0.7716666666666667,0.8225,0.05083333333333334,0.01533333333333331
R1,10,Dreyer2023,30,0.7116666666666667,0.703,-0.008666666666666739,-0.032333333333333436
R1,10,Dreyer2023,31,0.8733333333333333,0.9031666666666667,0.02983333333333334,0.005999999999999894
R1,10,Dreyer2023,32,0.845,0.8688333333333332,0.02383333333333328,0.012333333333333085
R1,10,Dreyer2023,33,0.795,0.7755,-0.0195,-0.015166666666666773
R1,10,Dreyer2023,34,0.7933333333333333,0.8033333333333333,0.01,-0.004999999999999893
R1,10,Dreyer2023,35,0.7499999999999999,0.7413333333333333,-0.00866666666666662,-0.015166666666666662
R1,10,Dreyer2023,36,0.7983333333333332,0.7961666666666666,-0.0021666666666667,-0.006333333333333413
R1,10,Dreyer2023,37,0.735,0.6988333333333333,-0.03616666666666664,-0.0018333333333334645
R1,10,Dreyer2023,38,0.8533333333333333,0.8168333333333333,-0.036499999999999984,-0.05933333333333335
R1,10,Dreyer2023,39,0.9183333333333333,0.9388333333333334,0.02050000000000004,-0.0040000000000000036
R1,10,Dreyer2023,40,0.8534482758620691,0.8582758620689654,0.0048275862068965,0.00017241379310328764
R1,10,Dreyer2023,42,0.74,0.7533333333333333,0.013333333333333242,0.02100000000000002
R1,10,Dreyer2023,43,0.8816666666666666,0.8923333333333334,0.010666666666666678,-0.0016666666666664831
R1,10,Dreyer2023,44,0.6466666666666667,0.6693333333333333,0.02266666666666664,-0.0001666666666666483
R1,10,Dreyer2023,45,0.7466666666666667,0.8175000000000001,0.07083333333333336,0.02200000000000013
R1,10,Dreyer2023,46,0.7366666666666667,0.7358333333333333,-0.0008333333333333404,-0.0001666666666666483
R1,10,Dreyer2023,47,0.8949999999999999,0.8775000000000001,-0.01749999999999996,-0.020499999999999963
R1,10,Dreyer2023,48,0.6683333333333333,0.672,0.003666666666666701,-0.009666666666666601
R1,10,Dreyer2023,49,0.7833333333333333,0.7931666666666667,0.00983333333333326,-0.0019999999999998908
R1,10,Dreyer2023,50,0.6166666666666666,0.6261666666666666,0.00950000000000006,0.0034999999999999476
R1,10,Dreyer2023,51,0.7466666666666667,0.7296666666666667,-0.017000000000000022,-0.03216666666666668
R1,10,Dreyer2023,52,0.7966666666666666,0.8005000000000001,0.003833333333333361,-0.009333333333333194
R1,10,Dreyer2023,53,0.7866666666666667,0.7745,-0.01216666666666664,-0.03399999999999992
R1,10,Dreyer2023,54,0.7016666666666667,0.73,0.02833333333333334,0.014333333333333309
R1,10,Dreyer2023,55,0.9366666666666668,0.9349999999999999,-0.0016666666666666798,-0.008333333333333415
R1,10,Dreyer2023,56,0.9200000000000002,0.9006666666666666,-0.01933333333333334,-0.03933333333333322
R1,10,Dreyer2023,57,0.635,0.6775,0.04249999999999991,0.025499999999999967
R1,10,Dreyer2023,58,0.9233333333333332,0.9311666666666666,0.0078333333333333,0.012333333333333307
R1,10,Dreyer2023,59,0.78,0.78225,0.00224999999999992,0.012250000000000094
R1,10,Dreyer2023,60,0.8066666666666666,0.8531666666666666,0.0465,0.0163333333333332
R1,10,Dreyer2023,61,0.8633333333333333,0.8585,-0.00483333333333334,-0.026499999999999968
R1,10,Dreyer2023,62,0.7416666666666667,0.7220000000000001,-0.019666666666666638,-0.03933333333333322
R1,10,Dreyer2023,63,0.8133333333333332,0.826,0.01266666666666666,-0.013499999999999956
R1,10,Dreyer2023,64,0.765,0.8035,0.03850000000000005,0.015499999999999958
R1,10,Dreyer2023,65,0.835,0.8400000000000001,0.00500000000000006,0.0028333333333334654
R1,10,Dreyer2023,66,0.7583333333333334,0.7383333333333333,-0.02,-0.01883333333333337
R1,10,Dreyer2023,67,0.7916666666666666,0.7838333333333334,-0.007833333333333319,-0.012499999999999956
R1,10,Dreyer2023,68,0.7383333333333334,0.7528333333333334,0.01449999999999992,0.014000000000000012
R1,10,Dreyer2023,69,0.8516666666666666,0.836,-0.015666666666666683,-0.014499999999999957
R1,10,Dreyer2023,70,0.6716666666666666,0.6678333333333333,-0.0038333333333333804,-0.0071666666666667656
R1,10,Dreyer2023,71,0.8550000000000001,0.8469999999999999,-0.00800000000000004,0.014333333333333087
R1,10,Dreyer2023,72,0.8099999999999999,0.8553333333333335,0.04533333333333338,0.012500000000000178
R1,10,Dreyer2023,73,0.7466666666666667,0.7985,0.05183333333333334,0.05266666666666664
R1,10,Dreyer2023,74,0.735,0.756,0.02099999999999996,0.011166666666666658
R1,10,Dreyer2023,75,0.7583333333333334,0.7761666666666667,0.01783333333333334,-0.006666666666666599
R1,10,Dreyer2023,76,0.8216666666666667,0.8473333333333333,0.025666666666666643,-0.0006666666666668153
R1,10,Dreyer2023,77,0.8233333333333333,0.8341666666666667,0.01083333333333336,-0.006333333333333191
R1,10,Dreyer2023,80,0.7116666666666667,0.7438333333333333,0.03216666666666666,0.028833333333333266
R1,10,Dreyer2023,81,0.8299999999999998,0.8396666666666667,0.009666666666666721,-0.003166666666666762
R1,10,Dreyer2023,82,0.795,0.7835,-0.011500000000000002,-0.008666666666666711
R1,10,Dreyer2023,83,0.6883333333333334,0.6896666666666667,0.0013333333333333398,0.0018333333333333535
R1,10,Dreyer2023,84,0.8333333333333334,0.8366666666666667,0.00333333333333338,0.004666666666666597
R1,10,Dreyer2023,85,0.735,0.7533333333333333,0.01833333333333324,-0.007000000000000006
R1,10,Dreyer2023,86,0.8383333333333333,0.8378333333333334,-0.0004999999999999577,0.014000000000000123
R1,10,Dreyer2023,87,0.7833333333333334,0.752,-0.031333333333333366,-0.03066666666666662
R1,10,PhysionetMI,1,0.8356060606060606,0.8478030303030304,0.01219696969696962,0.011969696969696964
R1,10,PhysionetMI,2,0.8946153846153846,0.8985384615384616,0.003923076923076881,0.0026923076923077716
R1,10,PhysionetMI,3,0.9484848484848485,0.9561363636363639,0.007651515151515259,-0.0010606060606058731
R1,10,PhysionetMI,4,0.9196969696969697,0.9104545454545455,-0.00924242424242422,-0.007803030303030201
R1,10,PhysionetMI,5,0.7204545454545455,0.7296212121212122,0.009166666666666719,0.014621212121212146
R1,10,PhysionetMI,6,0.8825757575757576,0.8468939393939394,-0.03568181818181818,-0.019090909090909047
R1,10,PhysionetMI,7,0.9825757575757577,0.9893939393939395,0.0068181818181818205,-0.0001515151515150137
R1,10,PhysionetMI,8,0.8325757575757574,0.8710606060606061,0.03848484848484854,0.00454545454545463
R1,10,PhysionetMI,9,0.9076923076923077,0.9189999999999999,0.011307692307692241,0.007692307692307665
R1,10,PhysionetMI,10,0.7276923076923077,0.7106153846153846,-0.01707692307692312,-0.011230769230769155
R1,10,PhysionetMI,11,0.725,0.7095454545454545,-0.01545454545454546,-0.024318181818181905
R1,10,PhysionetMI,12,0.8643939393939395,0.8581060606060605,-0.006287878787878817,-0.012348484848484942
R1,10,PhysionetMI,13,0.803030303030303,0.8077272727272728,0.0046969696969697,0.004015151515151638
R1,10,PhysionetMI,14,0.7734848484848486,0.8007575757575758,0.027272727272727282,0.00060606060606061
R1,10,PhysionetMI,15,0.9284615384615386,0.9874615384615385,0.05899999999999996,0.013153846153846183
R1,10,PhysionetMI,16,0.6053030303030302,0.6428030303030303,0.03750000000000004,0.011363636363636354
R1,10,PhysionetMI,17,0.803030303030303,0.8264393939393939,0.02340909090909096,-0.0121212121212122
R1,10,PhysionetMI,18,1.0,1.0,0.0,0.0
R1,10,PhysionetMI,19,0.9106060606060605,0.8977272727272728,-0.012878787878787778,0.0007575757575757347
R1,10,PhysionetMI,20,0.9045454545454547,0.907348484848485,0.0028030303030303003,0.022878787878788054
R1,10,PhysionetMI,21,0.759090909090909,0.7712878787878787,0.012196969696969675,-0.004015151515151527
R1,10,PhysionetMI,22,0.9636363636363636,0.956969696969697,-0.006666666666666636,0.0026515151515151825
R1,10,PhysionetMI,23,0.7838461538461539,0.7846153846153846,0.0007692307692307402,-0.004538461538461491
R1,10,PhysionetMI,24,0.7863636363636364,0.7531060606060607,-0.03325757575757572,-0.06689393939393928
R1,10,PhysionetMI,25,0.5954545454545455,0.5658333333333333,-0.029621212121212104,-0.00636363636363646
R1,10,PhysionetMI,26,0.6407692307692308,0.6016153846153846,-0.039153846153846164,-0.024153846153846192
R1,10,PhysionetMI,27,0.8696969696969697,0.8587878787878788,-0.010909090909090858,-0.009318181818181892
R1,10,PhysionetMI,28,0.7984848484848485,0.8300757575757576,0.031590909090909156,0.018560606060606055
R1,10,PhysionetMI,29,0.7386363636363636,0.8140151515151516,0.07537878787878788,0.06621212121212128
R1,10,PhysionetMI,30,0.8583333333333334,0.8748484848484848,0.016515151515151462,-0.0020454545454546835
R1,10,PhysionetMI,31,0.7416666666666667,0.7262878787878788,-0.015378787878787898,-0.01537878787878788
R1,10,PhysionetMI,32,0.9323076923076924,0.9293076923076923,-0.0030000000000000825,0.007461538461538519
R1,10,PhysionetMI,33,0.9295454545454545,0.9225,-0.007045454545454499,-0.012045454545454581
R1,10,PhysionetMI,34,0.8215384615384614,0.8653076923076923,0.04376923076923076,0.06092307692307697
R1,10,PhysionetMI,35,0.8143939393939394,0.8187121212121212,0.004318181818181881,0.025530303030303014
R1,10,PhysionetMI,36,0.9113636363636364,0.8456060606060605,-0.06575757575757574,-0.03848484848484868
R1,10,PhysionetMI,37,0.6795454545454545,0.7468181818181818,0.06727272727272729,0.06795454545454538
R1,10,PhysionetMI,38,0.49469696969696975,0.48560606060606054,-0.00909090909090906,0.024772727272727224
R1,10,PhysionetMI,39,0.7454545454545455,0.7298484848484849,-0.015606060606060582,-0.00303030303030305
R1,10,PhysionetMI,40,0.9818181818181818,0.9562121212121213,-0.025606060606060577,-0.024696969696969773
R1,10,PhysionetMI,41,0.9692307692307693,0.9508461538461539,-0.018384615384615357,-0.021461538461538532
R1,10,PhysionetMI,42,0.8916666666666668,0.9273484848484849,0.03568181818181812,0.034015151515151554
R1,10,PhysionetMI,43,0.8212121212121211,0.8513636363636363,0.030151515151515186,0.0036363636363636598
R1,10,PhysionetMI,44,0.8606060606060606,0.8731060606060606,0.012499999999999942,-0.009318181818181892
R1,10,PhysionetMI,45,0.7984848484848485,0.8023484848484849,0.0038636363636364,0.018257575757575806
R1,10,PhysionetMI,46,0.7424242424242424,0.7736363636363637,0.03121212121212122,0.019772727272727275
R1,10,PhysionetMI,47,0.7348484848484849,0.775909090909091,0.04106060606060606,0.034848484848484906
R1,10,PhysionetMI,48,0.990909090909091,0.9972727272727273,0.0063636363636364,0.0025757575757575646
R1,10,PhysionetMI,49,0.7628787878787879,0.743560606060606,-0.01931818181818182,-0.013712121212121287
R1,10,PhysionetMI,50,0.7803030303030303,0.8384848484848485,0.058181818181818154,0.026212121212121242
R1,10,PhysionetMI,51,0.8242424242424242,0.781969696969697,-0.04227272727272726,-0.05727272727272725
R1,10,PhysionetMI,52,0.8661538461538463,0.8735384615384614,0.0073846153846153185,0.012615384615384362
R1,10,PhysionetMI,53,0.9015151515151516,0.9108333333333334,0.009318181818181923,-0.006590909090909203
R1,10,PhysionetMI,54,0.8909090909090909,0.8863636363636364,-0.004545454545454521,0.009772727272727266
R1,10,PhysionetMI,55,0.8462121212121213,0.8833333333333334,0.0371212121212121,0.013484848484848544
R1,10,PhysionetMI,56,0.8356060606060606,0.8575757575757577,0.02196969696969698,0.0012878787878789488
R1,10,PhysionetMI,57,0.949242424242424,0.9467424242424242,-0.002499999999999998,-0.004166666666666652
R1,10,PhysionetMI,58,0.8161538461538462,0.8486923076923076,0.032538461538461495,0.024461538461538423
R1,10,PhysionetMI,59,0.6659090909090909,0.656590909090909,-0.009318181818181842,0.001136363636363491
R1,10,PhysionetMI,60,0.8884615384615385,0.8576923076923076,-0.03076923076923078,-0.024230769230769278
R1,10,PhysionetMI,61,0.9545454545454547,0.9545454545454548,1.1102230246251563e-16,0.0
R1,10,PhysionetMI,62,0.9583333333333333,0.9377272727272727,-0.0206060606060605,-0.002272727272727315
R1,10,PhysionetMI,63,0.7287878787878788,0.7368939393939394,0.008106060606060641,-0.005227272727272747
R1,10,PhysionetMI,64,0.7621212121212122,0.7768939393939395,0.01477272727272722,0.014545454545454528
R1,10,PhysionetMI,65,0.9242424242424242,0.9396212121212122,0.015378787878787922,0.03659090909090912
R1,10,PhysionetMI,66,0.7704545454545455,0.8001515151515152,0.029696969696969677,-0.01083333333333325
R1,10,PhysionetMI,67,0.7916666666666666,0.8532575757575758,0.06159090909090907,0.06848484848484848
R1,10,PhysionetMI,68,0.6727272727272727,0.7115909090909092,0.038863636363636336,0.006363636363636349
R1,10,PhysionetMI,69,0.8284615384615386,0.8315384615384616,0.0030769230769230596,0.011307692307692463
R1,10,PhysionetMI,70,0.9659090909090908,0.983030303030303,0.01712121212121214,0.0031060606060606677
R1,10,PhysionetMI,71,0.9143939393939393,0.9209848484848484,0.006590909090909059,0.021212121212121127
R1,10,PhysionetMI,72,1.0,0.9921212121212122,-0.00787878787878786,-0.0016666666666665941
R1,10,PhysionetMI,73,0.7568181818181818,0.7803030303030303,0.02348484848484844,0.004545454545454519
R1,10,PhysionetMI,74,0.7575757575757576,0.7509848484848485,-0.006590909090909122,-0.00484848484848488
R1,10,PhysionetMI,75,0.6606060606060606,0.6975757575757575,0.03696969696969688,0.022121212121211986
R1,10,PhysionetMI,76,0.5515151515151515,0.5321212121212121,-0.01939393939393938,-0.023409090909090935
R1,10,PhysionetMI,77,0.6037878787878788,0.6248484848484849,0.02106060606060612,0.010227272727272751
R1,10,PhysionetMI,78,0.5621212121212121,0.5471969696969697,-0.01492424242424232,-0.03977272727272729
R1,10,PhysionetMI,79,0.7515151515151516,0.7533333333333333,0.0018181818181817993,-0.007424242424242444
R1,10,PhysionetMI,80,0.7907692307692308,0.8479230769230769,0.0571538461538461,0.025307692307692364
R1,10,PhysionetMI,81,0.8704545454545455,0.8797727272727274,0.009318181818181817,0.00909090909090915
R1,10,PhysionetMI,82,0.8113636363636363,0.8706060606060607,0.059242424242424194,0.01333333333333353
R1,10,PhysionetMI,83,0.7215384615384616,0.7141538461538461,-0.007384615384615381,-0.014000000000000012
R1,10,PhysionetMI,84,0.8825757575757576,0.847878787878788,-0.034696969696969636,-0.017348484848484724
R1,10,PhysionetMI,85,0.8878787878787879,0.8668181818181818,-0.0210606060606061,-0.021515151515151487
R1,10,PhysionetMI,86,0.9846153846153847,0.9854615384615386,0.0008461538461538596,0.0
R1,10,PhysionetMI,87,0.6386363636363636,0.619090909090909,-0.01954545454545452,-0.008939393939393914
R1,10,PhysionetMI,90,0.8727272727272727,0.8806060606060606,0.00787878787878788,0.0043939393939393945
R1,10,PhysionetMI,91,0.9166666666666666,0.9190151515151517,0.0023484848484848996,0.028181818181818308
R1,10,PhysionetMI,93,0.7886363636363637,0.7806060606060606,-0.00803030303030302,-0.0008333333333333526
R1,10,PhysionetMI,94,0.7954545454545455,0.8316666666666667,0.0362121212121212,0.02143939393939398
R1,10,PhysionetMI,95,0.6515384615384615,0.6956153846153846,0.04407692307692302,0.0170769230769231
R1,10,PhysionetMI,96,0.8583333333333332,0.8675757575757576,0.009242424242424302,0.007575757575757569
R1,10,PhysionetMI,97,0.7696969696969697,0.798939393939394,0.029242424242424257,-0.005378787878787872
R1,10,PhysionetMI,98,0.4621212121212121,0.46530303030303033,0.0031818181818182,-0.01022727272727264
R1,10,PhysionetMI,99,0.6151515151515151,0.6496212121212122,0.0344696969696969,0.021893939393939466
R1,10,PhysionetMI,101,0.8976923076923077,0.9385384615384617,0.040846153846153796,0.02200000000000013
R1,10,PhysionetMI,102,0.7416666666666667,0.7817424242424242,0.040075757575757556,0.05249999999999999
R1,10,PhysionetMI,103,0.8575757575757577,0.8307575757575758,-0.02681818181818176,-0.015606060606060623
R1,10,PhysionetMI,105,0.9068181818181819,0.9311363636363638,0.02431818181818186,0.0
R1,10,PhysionetMI,107,0.5553030303030303,0.5448484848484847,-0.01045454545454548,0.0066666666666664876
R1,10,PhysionetMI,108,0.8537878787878788,0.8367424242424242,-0.01704545454545448,-0.008333333333333415
R1,10,PhysionetMI,109,0.6537878787878788,0.6829545454545455,0.029166666666666695,0.00909090909090915
R1,20,Cho2017,1,0.642,0.6516,0.009600000000000039,0.04259999999999997
R1,20,Cho2017,2,0.524,0.532,0.00799999999999998,-0.007399999999999962
R1,20,Cho2017,3,0.6719999999999999,0.7565999999999999,0.08459999999999997,0.020399999999999974
R1,20,Cho2017,4,0.64,0.7003999999999999,0.06039999999999992,0.03159999999999996
R1,20,Cho2017,5,1.0,0.999,-0.00099999999999996,0.0019999999999998908
R1,20,Cho2017,6,0.8140000000000001,0.804,-0.009999999999999998,-0.0013999999999999568
R1,20,Cho2017,7,0.5033333333333333,0.5303333333333333,0.027000000000000017,0.010000000000000009
R1,20,Cho2017,8,0.54,0.558,0.01800000000000004,0.008600000000000052
R1,20,Cho2017,9,0.5433333333333333,0.5921666666666667,0.04883333333333332,0.03083333333333338
R1,20,Cho2017,10,0.5820000000000001,0.5334,-0.04859999999999996,-0.013399999999999967
R1,20,Cho2017,11,0.604,0.619,0.015,-0.0035999999999999366
R1,20,Cho2017,12,0.514,0.5522,0.0382,0.00880000000000003
R1,20,Cho2017,13,0.8460000000000001,0.8934,0.047399999999999984,0.018799999999999928
R1,20,Cho2017,14,0.7220000000000001,0.8353999999999999,0.11339999999999995,0.08019999999999994
R1,20,Cho2017,15,0.52,0.5494000000000001,0.029400000000000003,0.017200000000000104
R1,20,Cho2017,16,0.626,0.6364,0.01040000000000002,-0.00660000000000005
R1,20,Cho2017,17,0.55,0.5724,0.022399999999999958,-0.02080000000000004
R1,20,Cho2017,18,0.6140000000000001,0.6138,-0.0002000000000000189,0.0012000000000000899
R1,20,Cho2017,19,0.522,0.5306,0.008600000000000019,0.00039999999999995595
R1,20,Cho2017,20,0.5660000000000001,0.5920000000000001,0.02600000000000004,-0.014599999999999946
R1,20,Cho2017,21,0.546,0.5648,0.01879999999999998,0.014599999999999946
R1,20,Cho2017,22,0.592,0.5940000000000001,0.0020000000000000213,0.022800000000000153
R1,20,Cho2017,23,0.562,0.5662,0.00420000000000004,0.0030000000000000027
R1,20,Cho2017,24,0.49399999999999994,0.5642,0.07020000000000001,0.04720000000000002
R1,20,Cho2017,25,0.554,0.608,0.053999999999999895,0.021199999999999997
R1,20,Cho2017,26,0.99,0.9955999999999999,0.0056,0.00019999999999986695
R1,20,Cho2017,27,0.5660000000000001,0.5708,0.004799999999999959,0.007600000000000051
R1,20,Cho2017,28,0.5820000000000001,0.7546,0.17259999999999995,0.17820000000000003
R1,20,Cho2017,29,0.502,0.48679999999999995,-0.015200000000000042,0.0008000000000000229
R1,20,Cho2017,30,0.638,0.6828,0.04479999999999994,-0.03380000000000005
R1,20,Cho2017,31,0.548,0.5722,0.02420000000000004,0.0262
R1,20,Cho2017,32,0.534,0.5514,0.017399999999999978,-0.01319999999999999
R1,20,Cho2017,33,0.5860000000000001,0.5686,-0.01739999999999996,0.008000000000000007
R1,20,Cho2017,34,0.548,0.5549999999999999,0.006999999999999981,-0.0026000000000001577
R1,20,Cho2017,35,0.396,0.36719999999999997,-0.028800000000000027,-0.0022000000000000353
R1,20,Cho2017,36,0.534,0.5636,0.02959999999999998,0.01319999999999999
R1,20,Cho2017,37,0.874,0.8812000000000001,0.007200000000000062,0.000200000000000089
R1,20,Cho2017,38,0.5780000000000001,0.5833999999999999,0.005399999999999959,-0.006200000000000094
R1,20,Cho2017,39,0.528,0.546,0.01799999999999996,0.01540000000000008
R1,20,Cho2017,40,0.528,0.5025999999999999,-0.025399999999999978,-0.0041999999999999815
R1,20,Cho2017,41,0.616,0.6072,-0.00880000000000002,-0.0034000000000000696
R1,20,Cho2017,42,0.542,0.5556000000000001,0.013600000000000001,0.006000000000000005
R1,20,Cho2017,43,1.0,1.0,0.0,0.0
R1,20,Cho2017,44,0.9359999999999999,0.9492,0.01320000000000004,0.008000000000000118
R1,20,Cho2017,45,0.538,0.5288,-0.009200000000000038,-0.010599999999999943
R1,20,Cho2017,46,0.5483333333333333,0.6161666666666666,0.06783333333333326,0.03283333333333338
R1,20,Cho2017,47,0.8380000000000001,0.857,0.018999999999999923,0.016000000000000014
R1,20,Cho2017,48,0.662,0.6779999999999999,0.01599999999999998,0.0011999999999999789
R1,20,Cho2017,49,0.994,0.998,0.004,-0.00019999999999997797
R1,20,Cho2017,50,0.95,0.991,0.04099999999999994,0.02000000000000013
R1,20,Cho2017,51,0.56,0.6152,0.05519999999999994,0.026599999999999957
R1,20,Cho2017,52,0.604,0.6618,0.057800000000000004,0.029000000000000026
R1,20,Dreyer2023,1,0.8850000000000001,0.9008333333333333,0.015833333333333217,0.0039999999999998925
R1,20,Dreyer2023,2,0.6833333333333333,0.6805,-0.0028333333333333596,-0.006333333333333302
R1,20,Dreyer2023,3,0.8183333333333334,0.8286666666666667,0.01033333333333324,-0.009000000000000008
R1,20,Dreyer2023,5,0.8766666666666667,0.8971666666666666,0.020499999999999942,0.004833333333333134
R1,20,Dreyer2023,6,0.7716666666666667,0.8266666666666668,0.055000000000000014,0.017333333333333423
R1,20,Dreyer2023,7,0.9766666666666666,0.9734999999999999,-0.00316666666666668,0.005666666666666598
R1,20,Dreyer2023,8,0.8266666666666665,0.8525,0.025833333333333357,0.019500000000000184
R1,20,Dreyer2023,10,0.9116666666666667,0.9176666666666666,0.00599999999999998,0.005166666666666653
R1,20,Dreyer2023,11,0.6316666666666666,0.6541666666666666,0.022499999999999982,0.020333333333333203
R1,20,Dreyer2023,12,0.8949999999999999,0.8975,0.0024999999999999805,-0.008500000000000063
R1,20,Dreyer2023,13,0.7566666666666666,0.7553333333333334,-0.0013333333333333,-0.004999999999999893
R1,20,Dreyer2023,14,0.6916666666666667,0.7166666666666667,0.02499999999999998,0.0033333333333334103
R1,20,Dreyer2023,15,0.9266666666666665,0.9339999999999999,0.007333333333333279,-0.0016666666666668162
R1,20,Dreyer2023,16,0.8266666666666668,0.8471666666666666,0.02049999999999996,0.03766666666666674
R1,20,Dreyer2023,18,0.9066666666666666,0.942,0.03533333333333324,0.008999999999999897
R1,20,Dreyer2023,19,0.8949999999999999,0.9021666666666667,0.007166666666666601,0.020333333333333314
R1,20,Dreyer2023,20,0.8966666666666667,0.9271666666666665,0.0304999999999999,0.019166666666666443
R1,20,Dreyer2023,21,0.9116666666666665,0.9269999999999999,0.0153333333333333,0.0076666666666665995
R1,20,Dreyer2023,22,0.9283333333333333,0.8763333333333332,-0.052000000000000005,-0.049000000000000155
R1,20,Dreyer2023,23,0.7366666666666667,0.8003333333333333,0.06366666666666664,0.06016666666666659
R1,20,Dreyer2023,24,0.9399999999999998,0.9503333333333334,0.0103333333333333,-0.0001666666666665373
R1,20,Dreyer2023,25,0.67,0.6963333333333332,0.026333333333333257,-0.0013333333333334085
R1,20,Dreyer2023,26,0.7783333333333333,0.794,0.01566666666666668,0.009333333333333416
R1,20,Dreyer2023,27,0.8066666666666666,0.8261666666666667,0.01949999999999992,0.0035000000000000586
R1,20,Dreyer2023,28,0.7716666666666667,0.7463333333333333,-0.02533333333333334,-0.060833333333333406
R1,20,Dreyer2023,30,0.7116666666666667,0.7223333333333334,0.01066666666666664,-0.013000000000000012
R1,20,Dreyer2023,31,0.8733333333333333,0.9073333333333334,0.03399999999999998,0.010166666666666657
R1,20,Dreyer2023,32,0.845,0.8724999999999999,0.02749999999999994,0.015999999999999792
R1,20,Dreyer2023,33,0.795,0.7201666666666666,-0.07483333333333335,-0.07050000000000012
R1,20,Dreyer2023,34,0.7933333333333333,0.7976666666666666,0.004333333333333281,-0.010666666666666602
R1,20,Dreyer2023,35,0.7499999999999999,0.7588333333333332,0.008833333333333401,0.0023333333333332984
R1,20,Dreyer2023,36,0.7983333333333332,0.8074999999999999,0.00916666666666672,0.004999999999999893
R1,20,Dreyer2023,37,0.735,0.7224999999999999,-0.01249999999999994,0.02183333333333315
R1,20,Dreyer2023,38,0.8533333333333333,0.8766666666666666,0.023333333333333282,0.0004999999999999449
R1,20,Dreyer2023,39,0.9183333333333333,0.9268333333333334,0.00850000000000006,-0.016000000000000014
R1,20,Dreyer2023,40,0.8534482758620691,0.8553448275862069,0.001896551724138,-0.0027586206896552667
R1,20,Dreyer2023,42,0.74,0.7583333333333334,0.01833333333333326,0.026000000000000134
R1,20,Dreyer2023,43,0.8816666666666666,0.8913333333333334,0.00966666666666664,-0.002666666666666484
R1,20,Dreyer2023,44,0.6466666666666667,0.6626666666666667,0.01599999999999996,-0.006833333333333247
R1,20,Dreyer2023,45,0.7466666666666667,0.8171666666666667,0.07049999999999998,0.021666666666666723
R1,20,Dreyer2023,46,0.7366666666666667,0.7371666666666666,0.0004999999999999609,0.0011666666666666492
R1,20,Dreyer2023,47,0.8949999999999999,0.9028333333333333,0.0078333333333333,0.004833333333333245
R1,20,Dreyer2023,48,0.6683333333333333,0.6783333333333333,0.009999999999999981,-0.0033333333333332993
R1,20,Dreyer2023,49,0.7833333333333333,0.7858333333333334,0.0025000000000000603,-0.009333333333333194
R1,20,Dreyer2023,50,0.6166666666666666,0.6053333333333333,-0.0113333333333333,-0.017333333333333423
R1,20,Dreyer2023,51,0.7466666666666667,0.7515,0.0048333333333332815,-0.010333333333333417
R1,20,Dreyer2023,52,0.7966666666666666,0.7916666666666667,-0.005000000000000023,-0.018166666666666553
R1,20,Dreyer2023,53,0.7866666666666667,0.7955000000000001,0.008833333333333419,-0.01299999999999979
R1,20,Dreyer2023,54,0.7016666666666667,0.7603333333333333,0.058666666666666645,0.04466666666666663
R1,20,Dreyer2023,55,0.9366666666666668,0.9331666666666667,-0.0035000000000000005,-0.010166666666666657
R1,20,Dreyer2023,56,0.9200000000000002,0.9,-0.01999999999999998,-0.039999999999999813
R1,20,Dreyer2023,57,0.635,0.6926666666666667,0.057666666666666665,0.04066666666666663
R1,20,Dreyer2023,58,0.9233333333333332,0.9336666666666666,0.010333333333333219,0.014833333333333365
R1,20,Dreyer2023,59,0.78,0.741,-0.03899999999999998,-0.028999999999999915
R1,20,Dreyer2023,60,0.8066666666666666,0.8621666666666666,0.05549999999999998,0.025333333333333208
R1,20,Dreyer2023,61,0.8633333333333333,0.8628333333333332,-0.0005000000000000438,-0.02216666666666678
R1,20,Dreyer2023,62,0.7416666666666667,0.7456666666666666,0.003999999999999939,-0.015666666666666718
R1,20,Dreyer2023,63,0.8133333333333332,0.8476666666666667,0.034333333333333285,0.008166666666666766
R1,20,Dreyer2023,64,0.765,0.8146666666666667,0.049666666666666706,0.026666666666666616
R1,20,Dreyer2023,65,0.835,0.8378333333333334,0.0028333333333333604,0.0006666666666668153
R1,20,Dreyer2023,66,0.7583333333333334,0.7318333333333333,-0.02649999999999998,-0.02533333333333332
R1,20,Dreyer2023,67,0.7916666666666666,0.8006666666666666,0.00899999999999998,0.0043333333333333
R1,20,Dreyer2023,68,0.7383333333333334,0.7793333333333334,0.041,0.04050000000000009
R1,20,Dreyer2023,69,0.8516666666666666,0.842,-0.009666666666666579,-0.008499999999999952
R1,20,Dreyer2023,70,0.6716666666666666,0.6736666666666666,0.0019999999999999593,-0.0013333333333334085
R1,20,Dreyer2023,71,0.8550000000000001,0.8416666666666668,-0.01333333333333328,0.009000000000000008
R1,20,Dreyer2023,72,0.8099999999999999,0.8526666666666667,0.04266666666666672,0.00983333333333336
R1,20,Dreyer2023,73,0.7466666666666667,0.7771666666666667,0.030499999999999982,0.031333333333333324
R1,20,Dreyer2023,74,0.735,0.7291666666666667,-0.005833333333333262,-0.015666666666666607
R1,20,Dreyer2023,75,0.7583333333333334,0.7223333333333334,-0.036,-0.06049999999999989
R1,20,Dreyer2023,76,0.8216666666666667,0.868,0.04633333333333326,0.019999999999999907
R1,20,Dreyer2023,77,0.8233333333333333,0.8474999999999999,0.024166666666666663,0.007000000000000006
R1,20,Dreyer2023,80,0.7116666666666667,0.7414999999999999,0.02983333333333326,0.026499999999999857
R1,20,Dreyer2023,81,0.8299999999999998,0.841,0.011000000000000041,-0.0018333333333334645
R1,20,Dreyer2023,82,0.795,0.8241666666666667,0.02916666666666664,0.03200000000000003
R1,20,Dreyer2023,83,0.6883333333333334,0.6873333333333334,-0.0010000000000000796,-0.0004999999999999449
R1,20,Dreyer2023,84,0.8333333333333334,0.8366666666666667,0.003333333333333341,0.004666666666666597
R1,20,Dreyer2023,85,0.735,0.7569999999999999,0.02199999999999992,-0.0033333333333334103
R1,20,Dreyer2023,86,0.8383333333333333,0.8368333333333332,-0.0015000000000000198,0.0129999999999999
R1,20,Dreyer2023,87,0.7833333333333334,0.7748333333333333,-0.00850000000000002,-0.007833333333333359
R1,20,PhysionetMI,1,0.8356060606060606,0.8348484848484847,-0.0007575757575757812,-0.0009848484848486994
R1,20,PhysionetMI,2,0.8946153846153846,0.9047692307692309,0.0101538461538461,0.008923076923077033
R1,20,PhysionetMI,3,0.9484848484848485,0.9600757575757577,0.011590909090909141,0.002878787878787925
R1,20,PhysionetMI,4,0.9196969696969697,0.9222727272727272,0.0025757575757575798,0.004015151515151527
R1,20,PhysionetMI,5,0.7204545454545455,0.7118181818181818,-0.00863636363636362,-0.0031818181818182856
R1,20,PhysionetMI,6,0.8825757575757576,0.8723484848484849,-0.010227272727272701,0.00636363636363646
R1,20,PhysionetMI,7,0.9825757575757577,0.9820454545454546,-0.0005303030303030212,-0.007499999999999951
R1,20,PhysionetMI,8,0.8325757575757574,0.8284848484848485,-0.004090909090909041,-0.03803030303030297
R1,20,PhysionetMI,9,0.9076923076923077,0.9184615384615384,0.010769230769230698,0.007153846153846177
R1,20,PhysionetMI,10,0.7276923076923077,0.6917692307692308,-0.03592307692307692,-0.030076923076923
R1,20,PhysionetMI,11,0.725,0.7145454545454545,-0.010454545454545442,-0.0193181818181819
R1,20,PhysionetMI,12,0.8643939393939395,0.8677272727272728,0.0033333333333333396,-0.0027272727272726893
R1,20,PhysionetMI,13,0.803030303030303,0.8460606060606061,0.043030303030303016,0.04234848484848486
R1,20,PhysionetMI,14,0.7734848484848486,0.8328030303030303,0.05931818181818186,0.0326515151515151
R1,20,PhysionetMI,15,0.9284615384615386,0.9853846153846154,0.05692307692307687,0.011076923076923095
R1,20,PhysionetMI,16,0.6053030303030302,0.6215909090909092,0.01628787878787888,-0.009848484848484773
R1,20,PhysionetMI,17,0.803030303030303,0.8755303030303031,0.07250000000000004,0.036969696969696986
R1,20,PhysionetMI,18,1.0,1.0,0.0,0.0
R1,20,PhysionetMI,19,0.9106060606060605,0.9022727272727273,-0.0083333333333333,0.005303030303030254
R1,20,PhysionetMI,20,0.9045454545454547,0.9139393939393938,0.009393939393939298,0.029469696969696924
R1,20,PhysionetMI,21,0.759090909090909,0.7937878787878787,0.0346969696969697,0.018484848484848437
R1,20,PhysionetMI,22,0.9636363636363636,0.9568939393939395,-0.006742424242424196,0.0025757575757576756
R1,20,PhysionetMI,23,0.7838461538461539,0.7938461538461539,0.01,0.004692307692307773
R1,20,PhysionetMI,24,0.7863636363636364,0.8036363636363635,0.01727272727272722,-0.01636363636363647
R1,20,PhysionetMI,25,0.5954545454545455,0.5568939393939394,-0.03856060606060604,-0.015303030303030374
R1,20,PhysionetMI,26,0.6407692307692308,0.6074615384615384,-0.03330769230769236,-0.018307692307692358
R1,20,PhysionetMI,27,0.8696969696969697,0.8671212121212122,-0.0025757575757575403,-0.0009848484848484773
R1,20,PhysionetMI,28,0.7984848484848485,0.8199242424242424,0.021439393939393984,0.008409090909090922
R1,20,PhysionetMI,29,0.7386363636363636,0.7840909090909091,0.04545454545454538,0.03628787878787876
R1,20,PhysionetMI,30,0.8583333333333334,0.8759090909090907,0.01757575757575746,-0.0009848484848486994
R1,20,PhysionetMI,31,0.7416666666666667,0.7484848484848484,0.0068181818181818,0.006818181818181723
R1,20,PhysionetMI,32,0.9323076923076924,0.9327692307692306,0.0004615384615383777,0.010923076923076813
R1,20,PhysionetMI,33,0.9295454545454545,0.942878787878788,0.013333333333333457,0.008333333333333415
R1,20,PhysionetMI,34,0.8215384615384614,0.8638461538461538,0.04230769230769228,0.059461538461538455
R1,20,PhysionetMI,35,0.8143939393939394,0.8114393939393938,-0.0029545454545454597,0.018257575757575584
R1,20,PhysionetMI,36,0.9113636363636364,0.8874242424242424,-0.023939393939393976,0.0033333333333332993
R1,20,PhysionetMI,37,0.6795454545454545,0.758030303030303,0.07848484848484852,0.07916666666666661
R1,20,PhysionetMI,38,0.49469696969696975,0.47371212121212114,-0.0209848484848485,0.012878787878787823
R1,20,PhysionetMI,39,0.7454545454545455,0.7526515151515152,0.007196969696969679,0.019772727272727275
R1,20,PhysionetMI,40,0.9818181818181818,0.9712121212121211,-0.01060606060606066,-0.009696969696969981
R1,20,PhysionetMI,41,0.9692307692307693,0.9471538461538463,-0.022076923076923043,-0.025153846153846082
R1,20,PhysionetMI,42,0.8916666666666668,0.9158333333333333,0.024166666666666604,0.022499999999999964
R1,20,PhysionetMI,43,0.8212121212121211,0.8563636363636362,0.035151515151515156,0.008636363636363553
R1,20,PhysionetMI,44,0.8606060606060606,0.8793181818181818,0.01871212121212118,-0.0031060606060606677
R1,20,PhysionetMI,45,0.7984848484848485,0.808939393939394,0.0104545454545454,0.024848484848484897
R1,20,PhysionetMI,46,0.7424242424242424,0.7529545454545455,0.010530303030303039,-0.0009090909090908594
R1,20,PhysionetMI,47,0.7348484848484849,0.7888636363636363,0.054015151515151516,0.047803030303030236
R1,20,PhysionetMI,48,0.990909090909091,0.9954545454545455,0.00454545454545456,0.0007575757575757347
R1,20,PhysionetMI,49,0.7628787878787879,0.7607575757575757,-0.0021212121212121197,0.003484848484848424
R1,20,PhysionetMI,50,0.7803030303030303,0.8598484848484848,0.0795454545454545,0.047575757575757494
R1,20,PhysionetMI,51,0.8242424242424242,0.8762121212121212,0.051969696969696944,0.036969696969696986
R1,20,PhysionetMI,52,0.8661538461538463,0.8723846153846153,0.006230769230769155,0.011461538461538301
R1,20,PhysionetMI,53,0.9015151515151516,0.9525000000000002,0.05098484848484854,0.03507575757575765
R1,20,PhysionetMI,54,0.8909090909090909,0.8884848484848484,-0.002424242424242418,0.011893939393939346
R1,20,PhysionetMI,55,0.8462121212121213,0.8768939393939394,0.030681818181818154,0.007045454545454577
R1,20,PhysionetMI,56,0.8356060606060606,0.856969696969697,0.02136363636363636,0.0006818181818183389
R1,20,PhysionetMI,57,0.949242424242424,0.9546212121212122,0.005378787878787964,0.0037121212121213887
R1,20,PhysionetMI,58,0.8161538461538462,0.8555384615384615,0.039384615384615365,0.03130769230769226
R1,20,PhysionetMI,59,0.6659090909090909,0.6949242424242423,0.029015151515151417,0.03946969696969682
R1,20,PhysionetMI,60,0.8884615384615385,0.8965384615384616,0.008076923076923056,0.014615384615384697
R1,20,PhysionetMI,61,0.9545454545454547,0.9545454545454548,1.1102230246251563e-16,0.0
R1,20,PhysionetMI,62,0.9583333333333333,0.9416666666666668,-0.01666666666666658,0.0016666666666667052
R1,20,PhysionetMI,63,0.7287878787878788,0.7874242424242425,0.05863636363636369,0.04530303030303029
R1,20,PhysionetMI,64,0.7621212121212122,0.7911363636363637,0.02901515151515146,0.028787878787878807
R1,20,PhysionetMI,65,0.9242424242424242,0.9231818181818182,-0.001060606060606038,0.020151515151515142
R1,20,PhysionetMI,66,0.7704545454545455,0.8070454545454547,0.03659090909090916,-0.003939393939393687
R1,20,PhysionetMI,67,0.7916666666666666,0.8598484848484848,0.06818181818181815,0.07507575757575746
R1,20,PhysionetMI,68,0.6727272727272727,0.708939393939394,0.03621212121212114,0.0037121212121211666
R1,20,PhysionetMI,69,0.8284615384615386,0.8404615384615385,0.011999999999999959,0.020230769230769385
R1,20,PhysionetMI,70,0.9659090909090908,0.9832575757575757,0.017348484848484856,0.0033333333333332993
R1,20,PhysionetMI,71,0.9143939393939393,0.916060606060606,0.0016666666666666171,0.01628787878787874
R1,20,PhysionetMI,72,1.0,0.9912878787878787,-0.00871212121212118,-0.0025000000000000577
R1,20,PhysionetMI,73,0.7568181818181818,0.7703787878787879,0.013560606060606079,-0.005378787878787872
R1,20,PhysionetMI,74,0.7575757575757576,0.7550757575757576,-0.0024999999999999996,-0.0007575757575757347
R1,20,PhysionetMI,75,0.6606060606060606,0.7222727272727273,0.06166666666666658,0.04681818181818176
R1,20,PhysionetMI,76,0.5515151515151515,0.51,-0.041515151515151484,-0.04553030303030303
R1,20,PhysionetMI,77,0.6037878787878788,0.641060606060606,0.03727272727272724,0.026439393939393874
R1,20,PhysionetMI,78,0.5621212121212121,0.49363636363636365,-0.06848484848484851,-0.09333333333333338
R1,20,PhysionetMI,79,0.7515151515151516,0.7547727272727274,0.0032575757575757985,-0.005984848484848371
R1,20,PhysionetMI,80,0.7907692307692308,0.8556923076923078,0.06492307692307689,0.033076923076923226
R1,20,PhysionetMI,81,0.8704545454545455,0.8707575757575757,0.00030303030303025814,7.575757575750686e-05
R1,20,PhysionetMI,82,0.8113636363636363,0.9031818181818183,0.09181818181818185,0.04590909090909112
R1,20,PhysionetMI,83,0.7215384615384616,0.7437692307692307,0.022230769230769158,0.015615384615384587
R1,20,PhysionetMI,84,0.8825757575757576,0.8331060606060607,-0.0494696969696969,-0.032121212121211995
R1,20,PhysionetMI,85,0.8878787878787879,0.918030303030303,0.030151515151515058,0.029696969696969666
R1,20,PhysionetMI,86,0.9846153846153847,0.9854615384615386,0.0008461538461538596,0.0
R1,20,PhysionetMI,87,0.6386363636363636,0.6175757575757576,-0.021060606060606057,-0.010454545454545383
R1,20,PhysionetMI,90,0.8727272727272727,0.8796969696969696,0.006969696969696961,0.003484848484848424
R1,20,PhysionetMI,91,0.9166666666666666,0.8675,-0.04916666666666662,-0.023333333333333317
R1,20,PhysionetMI,93,0.7886363636363637,0.7761363636363636,-0.01249999999999998,-0.005303030303030365
R1,20,PhysionetMI,94,0.7954545454545455,0.8318939393939395,0.036439393939393945,0.021666666666666834
R1,20,PhysionetMI,95,0.6515384615384615,0.6868461538461539,0.035307692307692255,0.00830769230769235
R1,20,PhysionetMI,96,0.8583333333333332,0.8754545454545454,0.01712121212121214,0.015454545454545388
R1,20,PhysionetMI,97,0.7696969696969697,0.8421969696969697,0.07249999999999998,0.037878787878787845
R1,20,PhysionetMI,98,0.4621212121212121,0.4666666666666666,0.004545454545454579,-0.008863636363636351
R1,20,PhysionetMI,99,0.6151515151515151,0.6212121212121212,0.00606060606060598,-0.006515151515151474
R1,20,PhysionetMI,101,0.8976923076923077,0.9393846153846154,0.04169230769230762,0.02284615384615385
R1,20,PhysionetMI,102,0.7416666666666667,0.7678787878787878,0.02621212121212112,0.03863636363636358
R1,20,PhysionetMI,103,0.8575757575757577,0.8317424242424243,-0.02583333333333334,-0.014621212121212146
R1,20,PhysionetMI,105,0.9068181818181819,0.9328030303030304,0.02598484848484846,0.0016666666666665941
R1,20,PhysionetMI,107,0.5553030303030303,0.5558333333333334,0.0005303030303030421,0.017651515151515196
R1,20,PhysionetMI,108,0.8537878787878788,0.8592424242424244,0.005454545454545481,0.014166666666666772
R1,20,PhysionetMI,109,0.6537878787878788,0.6927272727272727,0.03893939393939394,0.018863636363636416
R1,40,Cho2017,1,0.642,0.6372,-0.004800000000000021,0.028200000000000003
R1,40,Cho2017,2,0.524,0.5449999999999999,0.02099999999999994,0.005599999999999938
R1,40,Cho2017,3,0.6719999999999999,0.8164,0.14439999999999992,0.08020000000000005
R1,40,Cho2017,4,0.64,0.6819999999999999,0.04199999999999994,0.01319999999999999
R1,40,Cho2017,5,1.0,0.9987999999999999,-0.0012000000000000001,0.0017999999999998018
R1,40,Cho2017,6,0.8140000000000001,0.8263999999999999,0.012399999999999961,0.020999999999999908
R1,40,Cho2017,7,0.5033333333333333,0.5406666666666666,0.037333333333333316,0.020333333333333314
R1,40,Cho2017,8,0.54,0.5578000000000001,0.017800000000000017,0.008400000000000074
R1,40,Cho2017,9,0.5433333333333333,0.5888333333333333,0.04550000000000002,0.02749999999999997
R1,40,Cho2017,10,0.5820000000000001,0.5589999999999999,-0.022999999999999975,0.012199999999999989
R1,40,Cho2017,11,0.604,0.6334,0.029399999999999937,0.010800000000000032
R1,40,Cho2017,12,0.514,0.5646,0.05059999999999996,0.021199999999999997
R1,40,Cho2017,13,0.8460000000000001,0.905,0.05899999999999998,0.030399999999999983
R1,40,Cho2017,14,0.7220000000000001,0.8204,0.09839999999999995,0.06520000000000004
R1,40,Cho2017,15,0.52,0.5514,0.031399999999999983,0.019199999999999995
R1,40,Cho2017,16,0.626,0.642,0.01599999999999996,-0.0010000000000000009
R1,40,Cho2017,17,0.55,0.5816000000000001,0.03159999999999998,-0.011599999999999944
R1,40,Cho2017,18,0.6140000000000001,0.609,-0.004999999999999979,-0.0035999999999999366
R1,40,Cho2017,19,0.522,0.5254000000000001,0.003400000000000021,-0.0047999999999999154
R1,40,Cho2017,20,0.5660000000000001,0.6256,0.059599999999999945,0.019000000000000017
R1,40,Cho2017,21,0.546,0.5836,0.03759999999999998,0.033399999999999985
R1,40,Cho2017,22,0.592,0.6058,0.01379999999999994,0.034600000000000075
R1,40,Cho2017,23,0.562,0.5686000000000001,0.006600000000000039,0.005400000000000071
R1,40,Cho2017,24,0.49399999999999994,0.5439999999999999,0.04999999999999996,0.026999999999999913
R1,40,Cho2017,25,0.554,0.5873999999999999,0.033399999999999944,0.0005999999999999339
R1,40,Cho2017,26,0.99,0.9955999999999999,0.0056,0.00019999999999986695
R1,40,Cho2017,27,0.5660000000000001,0.5522,-0.013800000000000034,-0.010999999999999899
R1,40,Cho2017,28,0.5820000000000001,0.6759999999999999,0.09399999999999993,0.09959999999999991
R1,40,Cho2017,29,0.502,0.4774,-0.0246,-0.008599999999999941
R1,40,Cho2017,30,0.638,0.7003999999999999,0.06239999999999999,-0.016200000000000103
R1,40,Cho2017,31,0.548,0.5730000000000001,0.024999999999999977,0.027000000000000024
R1,40,Cho2017,32,0.534,0.5690000000000001,0.035,0.0044000000000000705
R1,40,Cho2017,33,0.5860000000000001,0.5562,-0.029799999999999983,-0.0043999999999999595
R1,40,Cho2017,34,0.548,0.5336000000000001,-0.014399999999999979,-0.02400000000000002
R1,40,Cho2017,35,0.396,0.319,-0.07699999999999996,-0.0504
R1,40,Cho2017,36,0.534,0.5534,0.01939999999999996,0.0030000000000000027
R1,40,Cho2017,37,0.874,0.8798,0.0058,-0.0011999999999999789
R1,40,Cho2017,38,0.5780000000000001,0.5982000000000001,0.02019999999999996,0.008600000000000052
R1,40,Cho2017,39,0.528,0.5258,-0.0021999999999999997,-0.0047999999999999154
R1,40,Cho2017,40,0.528,0.48199999999999993,-0.046,-0.02479999999999999
R1,40,Cho2017,41,0.616,0.6372,0.021199999999999938,0.026599999999999957
R1,40,Cho2017,42,0.542,0.556,0.01399999999999998,0.006399999999999961
R1,40,Cho2017,43,1.0,1.0,0.0,0.0
R1,40,Cho2017,44,0.9359999999999999,0.9451999999999998,0.009199999999999937,0.0039999999999998925
R1,40,Cho2017,45,0.538,0.542,0.004000000000000059,0.0026000000000000467
R1,40,Cho2017,46,0.5483333333333333,0.6231666666666668,0.07483333333333328,0.0398333333333335
R1,40,Cho2017,47,0.8380000000000001,0.8687999999999999,0.0307999999999999,0.027799999999999936
R1,40,Cho2017,48,0.662,0.6824,0.02039999999999994,0.005600000000000049
R1,40,Cho2017,49,0.994,0.9996,0.0056,0.0014000000000000679
R1,40,Cho2017,50,0.95,0.9852000000000001,0.03519999999999996,0.014200000000000212
R1,40,Cho2017,51,0.56,0.632,0.07199999999999995,0.043399999999999994
R1,40,Cho2017,52,0.604,0.6739999999999999,0.06999999999999991,0.0411999999999999
R1,40,Dreyer2023,1,0.8850000000000001,0.9073333333333332,0.02233333333333322,0.010499999999999843
R1,40,Dreyer2023,2,0.6833333333333333,0.7046666666666667,0.02133333333333326,0.017833333333333368
R1,40,Dreyer2023,3,0.8183333333333334,0.8195,0.0011666666666666394,-0.018166666666666664
R1,40,Dreyer2023,5,0.8766666666666667,0.9014999999999999,0.024833333333333298,0.009166666666666434
R1,40,Dreyer2023,6,0.7716666666666667,0.8366666666666667,0.06499999999999993,0.02733333333333332
R1,40,Dreyer2023,7,0.9766666666666666,0.9744999999999997,-0.0021666666666667,0.0066666666666663765
R1,40,Dreyer2023,8,0.8266666666666665,0.8361666666666666,0.009499999999999979,0.003166666666666762
R1,40,Dreyer2023,10,0.9116666666666667,0.9088333333333333,-0.0028333333333333396,-0.003666666666666707
R1,40,Dreyer2023,11,0.6316666666666666,0.6675,0.03583333333333326,0.03366666666666662
R1,40,Dreyer2023,12,0.8949999999999999,0.9055,0.01049999999999994,-0.000500000000000056
R1,40,Dreyer2023,13,0.7566666666666666,0.7558333333333334,-0.000833333333333338,-0.0044999999999999485
R1,40,Dreyer2023,14,0.6916666666666667,0.7196666666666667,0.02799999999999998,0.006333333333333413
R1,40,Dreyer2023,15,0.9266666666666665,0.9398333333333333,0.01316666666666664,0.004166666666666541
R1,40,Dreyer2023,16,0.8266666666666668,0.8446666666666667,0.01799999999999998,0.03516666666666679
R1,40,Dreyer2023,18,0.9066666666666666,0.9446666666666665,0.03799999999999996,0.011666666666666492
R1,40,Dreyer2023,19,0.8949999999999999,0.9246666666666666,0.02966666666666664,0.04283333333333328
R1,40,Dreyer2023,20,0.8966666666666667,0.9288333333333332,0.03216666666666666,0.02083333333333315
R1,40,Dreyer2023,21,0.9116666666666665,0.9361666666666666,0.0245,0.016833333333333256
R1,40,Dreyer2023,22,0.9283333333333333,0.9093333333333333,-0.01899999999999996,-0.016000000000000014
R1,40,Dreyer2023,23,0.7366666666666667,0.7521666666666667,0.015499999999999958,0.0119999999999999
R1,40,Dreyer2023,24,0.9399999999999998,0.9493333333333333,0.00933333333333332,-0.0011666666666666492
R1,40,Dreyer2023,25,0.67,0.7116666666666667,0.041666666666666616,0.014000000000000012
R1,40,Dreyer2023,26,0.7783333333333333,0.8331666666666667,0.0548333333333333,0.0485000000000001
R1,40,Dreyer2023,27,0.8066666666666666,0.8198333333333334,0.013166666666666698,-0.0028333333333332433
R1,40,Dreyer2023,28,0.7716666666666667,0.8161666666666665,0.044499999999999915,0.008999999999999786
R1,40,Dreyer2023,30,0.7116666666666667,0.738,0.026333333333333257,0.002666666666666595
R1,40,Dreyer2023,31,0.8733333333333333,0.8893333333333334,0.01599999999999998,-0.007833333333333359
R1,40,Dreyer2023,32,0.845,0.8879999999999999,0.0429999999999999,0.03149999999999975
R1,40,Dreyer2023,33,0.795,0.7906666666666667,-0.0043333333333332984,0.0
R1,40,Dreyer2023,34,0.7933333333333333,0.8345,0.04116666666666664,0.026166666666666782
R1,40,Dreyer2023,35,0.7499999999999999,0.783,0.033000000000000064,0.02650000000000008
R1,40,Dreyer2023,36,0.7983333333333332,0.8113333333333334,0.013000000000000001,0.00883333333333336
R1,40,Dreyer2023,37,0.735,0.7386666666666667,0.00366666666666664,0.03799999999999992
R1,40,Dreyer2023,38,0.8533333333333333,0.8785000000000001,0.025166666666666636,0.0023333333333334094
R1,40,Dreyer2023,39,0.9183333333333333,0.9359999999999999,0.01766666666666666,-0.006833333333333469
R1,40,Dreyer2023,40,0.8534482758620691,0.853103448275862,-0.00034482758620683966,-0.0050000000000001155
R1,40,Dreyer2023,42,0.74,0.7703333333333333,0.030333333333333302,0.038000000000000034
R1,40,Dreyer2023,43,0.8816666666666666,0.8946666666666665,0.012999999999999939,0.0006666666666665932
R1,40,Dreyer2023,44,0.6466666666666667,0.6591666666666667,0.01250000000000002,-0.010333333333333306
R1,40,Dreyer2023,45,0.7466666666666667,0.8161666666666667,0.06949999999999999,0.020666666666666722
R1,40,Dreyer2023,46,0.7366666666666667,0.7193333333333334,-0.017333333333333336,-0.016666666666666607
R1,40,Dreyer2023,47,0.8949999999999999,0.9136666666666666,0.01866666666666658,0.015666666666666607
R1,40,Dreyer2023,48,0.6683333333333333,0.6893333333333332,0.02099999999999998,0.0076666666666665995
R1,40,Dreyer2023,49,0.7833333333333333,0.7986666666666666,0.015333333333333338,0.0035000000000000586
R1,40,Dreyer2023,50,0.6166666666666666,0.6268333333333334,0.01016666666666664,0.004166666666666652
R1,40,Dreyer2023,51,0.7466666666666667,0.7645000000000001,0.01783333333333336,0.002666666666666706
R1,40,Dreyer2023,52,0.7966666666666666,0.795,-0.0016666666666666802,-0.014833333333333254
R1,40,Dreyer2023,53,0.7866666666666667,0.8131666666666668,0.02649999999999998,0.00466666666666693
R1,40,Dreyer2023,54,0.7016666666666667,0.7583333333333334,0.056666666666666685,0.04266666666666674
R1,40,Dreyer2023,55,0.9366666666666668,0.9248333333333333,-0.0118333333333333,-0.018500000000000072
R1,40,Dreyer2023,56,0.9200000000000002,0.9183333333333333,-0.0016666666666666995,-0.0216666666666665
R1,40,Dreyer2023,57,0.635,0.6799999999999999,0.044999999999999964,0.027999999999999914
R1,40,Dreyer2023,58,0.9233333333333332,0.9261666666666667,0.00283333333333338,0.007333333333333414
R1,40,Dreyer2023,59,0.78,0.7575,-0.022500000000000058,-0.012499999999999956
R1,40,Dreyer2023,60,0.8066666666666666,0.8596666666666666,0.0529999999999999,0.02283333333333315
R1,40,Dreyer2023,61,0.8633333333333333,0.8718333333333333,0.008499999999999999,-0.01316666666666666
R1,40,Dreyer2023,62,0.7416666666666667,0.7503333333333334,0.00866666666666668,-0.010999999999999899
R1,40,Dreyer2023,63,0.8133333333333332,0.8411666666666667,0.02783333333333332,0.0016666666666668162
R1,40,Dreyer2023,64,0.765,0.8193333333333334,0.05433333333333336,0.031333333333333324
R1,40,Dreyer2023,65,0.835,0.8401666666666667,0.00516666666666666,0.0030000000000001137
R1,40,Dreyer2023,66,0.7583333333333334,0.74,-0.01833333333333332,-0.017166666666666663
R1,40,Dreyer2023,67,0.7916666666666666,0.8113333333333334,0.01966666666666666,0.015000000000000013
R1,40,Dreyer2023,68,0.7383333333333334,0.7806666666666667,0.04233333333333334,0.04183333333333339
R1,40,Dreyer2023,69,0.8516666666666666,0.8433333333333334,-0.008333333333333321,-0.0071666666666665435
R1,40,Dreyer2023,70,0.6716666666666666,0.6733333333333333,0.001666666666666579,-0.0016666666666667052
R1,40,Dreyer2023,71,0.8550000000000001,0.8400000000000001,-0.01499999999999998,0.007333333333333303
R1,40,Dreyer2023,72,0.8099999999999999,0.8673333333333334,0.057333333333333306,0.024500000000000077
R1,40,Dreyer2023,73,0.7466666666666667,0.7898333333333334,0.043166666666666596,0.04400000000000004
R1,40,Dreyer2023,74,0.735,0.7523333333333333,0.01733333333333336,0.007499999999999951
R1,40,Dreyer2023,75,0.7583333333333334,0.7691666666666667,0.01083333333333328,-0.013666666666666605
R1,40,Dreyer2023,76,0.8216666666666667,0.8699999999999999,0.04833333333333326,0.021999999999999797
R1,40,Dreyer2023,77,0.8233333333333333,0.8364999999999998,0.013166666666666601,-0.004000000000000115
R1,40,Dreyer2023,80,0.7116666666666667,0.7553333333333334,0.043666666666666666,0.04033333333333333
R1,40,Dreyer2023,81,0.8299999999999998,0.8515,0.0215,0.0086666666666666
R1,40,Dreyer2023,82,0.795,0.8793333333333333,0.08433333333333336,0.08716666666666661
R1,40,Dreyer2023,83,0.6883333333333334,0.7055,0.01716666666666656,0.01766666666666672
R1,40,Dreyer2023,84,0.8333333333333334,0.8491666666666667,0.01583333333333336,0.017166666666666663
R1,40,Dreyer2023,85,0.735,0.7576666666666666,0.02266666666666662,-0.002666666666666706
R1,40,Dreyer2023,86,0.8383333333333333,0.8406666666666667,0.00233333333333334,0.016833333333333367
R1,40,Dreyer2023,87,0.7833333333333334,0.7625,-0.020833333333333322,-0.020166666666666666
R2,0,Cho2017,1,0.642,0.616,-0.02599999999999994,0.0
R2,0,Cho2017,2,0.524,0.534,0.009999999999999998,0.0
R2,0,Cho2017,3,0.6719999999999999,0.774,0.10200000000000002,0.0
R2,0,Cho2017,4,0.64,0.666,0.025999999999999957,0.0
R2,0,Cho2017,5,1.0,1.0,0.0,0.0
R2,0,Cho2017,6,0.8140000000000001,0.812,-0.0019999999999999797,0.0
R2,0,Cho2017,7,0.5033333333333333,0.54,0.03666666666666664,0.0
R2,0,Cho2017,8,0.54,0.544,0.004000000000000023,0.0
R2,0,Cho2017,9,0.5433333333333333,0.5650000000000001,0.021666666666666702,0.0
R2,0,Cho2017,10,0.5820000000000001,0.602,0.01999999999999998,0.0
R2,0,Cho2017,11,0.604,0.616,0.012,0.0
R2,0,Cho2017,12,0.514,0.564,0.04999999999999994,0.0
R2,0,Cho2017,13,0.8460000000000001,0.9460000000000001,0.09999999999999991,0.0
R2,0,Cho2017,14,0.7220000000000001,0.834,0.11199999999999999,0.0
R2,0,Cho2017,15,0.52,0.534,0.014000000000000002,0.0
R2,0,Cho2017,16,0.626,0.6779999999999999,0.051999999999999914,0.0
R2,0,Cho2017,17,0.55,0.5640000000000001,0.013999999999999999,0.0
R2,0,Cho2017,18,0.6140000000000001,0.63,0.015999999999999914,0.0
R2,0,Cho2017,19,0.522,0.558,0.035999999999999976,0.0
R2,0,Cho2017,20,0.5660000000000001,0.6,0.03399999999999992,0.0
R2,0,Cho2017,21,0.546,0.602,0.05599999999999994,0.0
R2,0,Cho2017,22,0.592,0.628,0.03599999999999996,0.0
R2,0,Cho2017,23,0.562,0.618,0.05599999999999994,0.0
R2,0,Cho2017,24,0.49399999999999994,0.55,0.05599999999999996,0.0
R2,0,Cho2017,25,0.554,0.5820000000000001,0.02799999999999996,0.0
R2,0,Cho2017,26,0.99,0.992,0.002,0.0
R2,0,Cho2017,27,0.5660000000000001,0.5599999999999999,-0.006000000000000019,0.0
R2,0,Cho2017,28,0.5820000000000001,0.5820000000000001,-1.9428902930940238e-17,0.0
R2,0,Cho2017,29,0.502,0.522,0.019999999999999997,0.0
R2,0,Cho2017,30,0.638,0.748,0.11000000000000001,0.0
R2,0,Cho2017,31,0.548,0.558,0.010000000000000061,0.0
R2,0,Cho2017,32,0.534,0.562,0.02799999999999998,0.0
R2,0,Cho2017,33,0.5860000000000001,0.556,-0.02999999999999998,0.0
R2,0,Cho2017,34,0.548,0.568,0.01999999999999998,0.0
R2,0,Cho2017,35,0.396,0.358,-0.03799999999999996,0.0
R2,0,Cho2017,36,0.534,0.5660000000000001,0.032,0.0
R2,0,Cho2017,37,0.874,0.874,-6.938893903907229e-19,0.0
R2,0,Cho2017,38,0.5780000000000001,0.5880000000000001,0.010000000000000021,0.0
R2,0,Cho2017,39,0.528,0.54,0.012000000000000021,0.0
R2,0,Cho2017,40,0.528,0.48200000000000004,-0.045999999999999965,0.0
R2,0,Cho2017,41,0.616,0.62,0.003999999999999998,0.0
R2,0,Cho2017,42,0.542,0.554,0.011999999999999959,0.0
R2,0,Cho2017,43,1.0,1.0,0.0,0.0
R2,0,Cho2017,44,0.9359999999999999,0.9359999999999999,0.0,0.0
R2,0,Cho2017,45,0.538,0.538,-1.97758476261356e-17,0.0
R2,0,Cho2017,46,0.5483333333333333,0.5650000000000001,0.016666666666666642,0.0
R2,0,Cho2017,47,0.8380000000000001,0.8300000000000001,-0.00800000000000002,0.0
R2,0,Cho2017,48,0.662,0.71,0.047999999999999966,0.0
R2,0,Cho2017,49,0.994,1.0,0.006,0.0
R2,0,Cho2017,50,0.95,0.9720000000000001,0.021999999999999978,0.0
R2,0,Cho2017,51,0.56,0.6140000000000001,0.05399999999999994,0.0
R2,0,Cho2017,52,0.604,0.558,-0.046000000000000006,0.0
R2,0,Dreyer2023,1,0.8850000000000001,0.9083333333333332,0.023333333333333258,0.0
R2,0,Dreyer2023,2,0.6833333333333333,0.6983333333333334,0.015000000000000019,0.0
R2,0,Dreyer2023,3,0.8183333333333334,0.8550000000000001,0.03666666666666662,0.0
R2,0,Dreyer2023,5,0.8766666666666667,0.8983333333333334,0.02166666666666664,0.0
R2,0,Dreyer2023,6,0.7716666666666667,0.82,0.04833333333333332,0.0
R2,0,Dreyer2023,7,0.9766666666666666,0.9650000000000001,-0.01166666666666666,0.0
R2,0,Dreyer2023,8,0.8266666666666665,0.8400000000000001,0.01333333333333334,0.0
R2,0,Dreyer2023,10,0.9116666666666667,0.9366666666666668,0.02499999999999998,0.0
R2,0,Dreyer2023,11,0.6316666666666666,0.605,-0.026666666666666644,0.0
R2,0,Dreyer2023,12,0.8949999999999999,0.93,0.03499999999999994,0.0
R2,0,Dreyer2023,13,0.7566666666666666,0.7616666666666666,0.00499999999999998,0.0
R2,0,Dreyer2023,14,0.6916666666666667,0.6933333333333334,0.0016666666666666995,0.0
R2,0,Dreyer2023,15,0.9266666666666665,0.9316666666666666,0.005,0.0
R2,0,Dreyer2023,16,0.8266666666666668,0.8300000000000001,0.0033333333333332993,0.0
R2,0,Dreyer2023,18,0.9066666666666666,0.9166666666666666,0.00999999999999998,0.0
R2,0,Dreyer2023,19,0.8949999999999999,0.9266666666666665,0.031666666666666635,0.0
R2,0,Dreyer2023,20,0.8966666666666667,0.9200000000000002,0.02333333333333334,0.0
R2,0,Dreyer2023,21,0.9116666666666665,0.9283333333333333,0.01666666666666666,0.0
R2,0,Dreyer2023,22,0.9283333333333333,0.9183333333333332,-0.01000000000000002,0.0
R2,0,Dreyer2023,23,0.7366666666666667,0.77,0.033333333333333305,0.0
R2,0,Dreyer2023,24,0.9399999999999998,0.97,0.029999999999999905,0.0
R2,0,Dreyer2023,25,0.67,0.7133333333333333,0.04333333333333328,0.0
R2,0,Dreyer2023,26,0.7783333333333333,0.8366666666666667,0.05833333333333328,0.0
R2,0,Dreyer2023,27,0.8066666666666666,0.8216666666666667,0.014999999999999982,0.0
R2,0,Dreyer2023,28,0.7716666666666667,0.79,0.01833333333333334,0.0
R2,0,Dreyer2023,30,0.7116666666666667,0.7433333333333334,0.031666666666666635,0.0
R2,0,Dreyer2023,31,0.8733333333333333,0.9083333333333334,0.03499999999999998,0.0
R2,0,Dreyer2023,32,0.845,0.875,0.02999999999999998,0.0
R2,0,Dreyer2023,33,0.795,0.805,0.009999999999999981,0.0
R2,0,Dreyer2023,34,0.7933333333333333,0.8400000000000001,0.0466666666666666,0.0
R2,0,Dreyer2023,35,0.7499999999999999,0.7849999999999999,0.035000000000000045,0.0
R2,0,Dreyer2023,36,0.7983333333333332,0.8383333333333333,0.04,0.0
R2,0,Dreyer2023,37,0.735,0.6950000000000001,-0.03999999999999994,0.0
R2,0,Dreyer2023,38,0.8533333333333333,0.8883333333333333,0.03499999999999994,0.0
R2,0,Dreyer2023,39,0.9183333333333333,0.9516666666666665,0.0333333333333333,0.0
R2,0,Dreyer2023,40,0.8534482758620691,0.8775862068965518,0.02413793103448278,0.0
R2,0,Dreyer2023,42,0.74,0.7849999999999999,0.044999999999999915,0.0
R2,0,Dreyer2023,43,0.8816666666666666,0.8966666666666667,0.014999999999999982,0.0
R2,0,Dreyer2023,44,0.6466666666666667,0.6516666666666666,0.005000000000000021,0.0
R2,0,Dreyer2023,45,0.7466666666666667,0.8150000000000001,0.0683333333333333,0.0
R2,0,Dreyer2023,46,0.7366666666666667,0.765,0.0283333333333333,0.0
R2,0,Dreyer2023,47,0.8949999999999999,0.9016666666666666,0.00666666666666664,0.0
R2,0,Dreyer2023,48,0.6683333333333333,0.6533333333333333,-0.014999999999999939,0.0
R2,0,Dreyer2023,49,0.7833333333333333,0.8333333333333333,0.04999999999999996,0.0
R2,0,Dreyer2023,50,0.6166666666666666,0.6383333333333333,0.02166666666666662,0.0
R2,0,Dreyer2023,51,0.7466666666666667,0.765,0.01833333333333334,0.0
R2,0,Dreyer2023,52,0.7966666666666666,0.8233333333333335,0.02666666666666666,0.0
R2,0,Dreyer2023,53,0.7866666666666667,0.8183333333333334,0.03166666666666666,0.0
R2,0,Dreyer2023,54,0.7016666666666667,0.7466666666666667,0.04500000000000004,0.0
R2,0,Dreyer2023,55,0.9366666666666668,0.9299999999999999,-0.006666666666666679,0.0
R2,0,Dreyer2023,56,0.9200000000000002,0.95,0.029999999999999936,0.0
R2,0,Dreyer2023,57,0.635,0.6716666666666666,0.03666666666666666,0.0
R2,0,Dreyer2023,58,0.9233333333333332,0.9466666666666665,0.0233333333333333,0.0
R2,0,Dreyer2023,59,0.78,0.7975,0.01749999999999996,0.0
R2,0,Dreyer2023,60,0.8066666666666666,0.8483333333333334,0.04166666666666666,0.0
R2,0,Dreyer2023,61,0.8633333333333333,0.8933333333333333,0.02999999999999996,0.0
R2,0,Dreyer2023,62,0.7416666666666667,0.7816666666666666,0.039999999999999966,0.0
R2,0,Dreyer2023,63,0.8133333333333332,0.8666666666666666,0.053333333333333253,0.0
R2,0,Dreyer2023,64,0.765,0.7733333333333332,0.008333333333333299,0.0
R2,0,Dreyer2023,65,0.835,0.8483333333333334,0.013333333333333319,0.0
R2,0,Dreyer2023,66,0.7583333333333334,0.7183333333333334,-0.04,0.0
R2,0,Dreyer2023,67,0.7916666666666666,0.7916666666666666,1.0408340855860842e-18,0.0
R2,0,Dreyer2023,68,0.7383333333333334,0.735,-0.0033333333333333604,0.0
R2,0,Dreyer2023,69,0.8516666666666666,0.845,-0.00666666666666664,0.0
R2,0,Dreyer2023,70,0.6716666666666666,0.665,-0.0066666666666667,0.0
R2,0,Dreyer2023,71,0.8550000000000001,0.8266666666666665,-0.028333333333333342,0.0
R2,0,Dreyer2023,72,0.8099999999999999,0.8216666666666667,0.011666666666666678,0.0
R2,0,Dreyer2023,73,0.7466666666666667,0.775,0.0283333333333333,0.0
R2,0,Dreyer2023,74,0.735,0.7483333333333333,0.013333333333333319,0.0
R2,0,Dreyer2023,75,0.7583333333333334,0.775,0.01666666666666666,0.0
R2,0,Dreyer2023,76,0.8216666666666667,0.8533333333333333,0.031666666666666635,0.0
R2,0,Dreyer2023,77,0.8233333333333333,0.8516666666666666,0.02833333333333332,0.0
R2,0,Dreyer2023,80,0.7116666666666667,0.7383333333333333,0.026666666666666637,0.0
R2,0,Dreyer2023,81,0.8299999999999998,0.8550000000000001,0.025,0.0
R2,0,Dreyer2023,82,0.795,0.7716666666666667,-0.0233333333333333,0.0
R2,0,Dreyer2023,83,0.6883333333333334,0.6950000000000001,0.006666666666666659,0.0
R2,0,Dreyer2023,84,0.8333333333333334,0.86,0.026666666666666637,0.0
R2,0,Dreyer2023,85,0.735,0.7766666666666666,0.041666666666666616,0.0
R2,0,Dreyer2023,86,0.8383333333333333,0.8533333333333333,0.01499999999999998,0.0
R2,0,Dreyer2023,87,0.7833333333333334,0.8266666666666665,0.04333333333333326,0.0
R2,0,PhysionetMI,1,0.8356060606060606,0.8371212121212122,0.0015151515151514802,0.0
R2,0,PhysionetMI,2,0.8946153846153846,0.9123076923076923,0.01769230769230764,0.0
R2,0,PhysionetMI,3,0.9484848484848485,0.9568181818181817,0.0083333333333333,0.0
R2,0,PhysionetMI,4,0.9196969696969697,0.8734848484848484,-0.04621212121212118,0.0
R2,0,PhysionetMI,5,0.7204545454545455,0.7113636363636363,-0.009090909090909061,0.0
R2,0,PhysionetMI,6,0.8825757575757576,0.8825757575757576,0.0,0.0
R2,0,PhysionetMI,7,0.9825757575757577,0.990909090909091,0.00833333333333334,0.0
R2,0,PhysionetMI,8,0.8325757575757574,0.8393939393939395,0.0068181818181818595,0.0
R2,0,PhysionetMI,9,0.9076923076923077,0.9,-0.007692307692307679,0.0
R2,0,PhysionetMI,10,0.7276923076923077,0.7330769230769232,0.005384615384615381,0.0
R2,0,PhysionetMI,11,0.725,0.7348484848484849,0.00984848484848488,0.0
R2,0,PhysionetMI,12,0.8643939393939395,0.8560606060606061,-0.00833333333333334,0.0
R2,0,PhysionetMI,13,0.803030303030303,0.7666666666666667,-0.0363636363636363,0.0
R2,0,PhysionetMI,14,0.7734848484848486,0.8166666666666667,0.04318181818181814,0.0
R2,0,PhysionetMI,15,0.9284615384615386,0.9307692307692308,0.0023076923076923404,0.0
R2,0,PhysionetMI,16,0.6053030303030302,0.6946969696969697,0.08939393939393939,0.0
R2,0,PhysionetMI,17,0.803030303030303,0.7765151515151516,-0.026515151515151464,0.0
R2,0,PhysionetMI,18,1.0,1.0,0.0,0.0
R2,0,PhysionetMI,19,0.9106060606060605,0.8939393939393939,-0.01666666666666668,0.0
R2,0,PhysionetMI,20,0.9045454545454547,0.8939393939393939,-0.010606060606060619,0.0
R2,0,PhysionetMI,21,0.759090909090909,0.7780303030303031,0.01893939393939392,0.0
R2,0,PhysionetMI,22,0.9636363636363636,0.9545454545454547,-0.00909090909090908,0.0
R2,0,PhysionetMI,23,0.7838461538461539,0.8092307692307692,0.02538461538461536,0.0
R2,0,PhysionetMI,24,0.7863636363636364,0.793939393939394,0.00757575757575762,0.0
R2,0,PhysionetMI,25,0.5954545454545455,0.5348484848484848,-0.06060606060606057,0.0
R2,0,PhysionetMI,26,0.6407692307692308,0.6107692307692307,-0.030000000000000037,0.0
R2,0,PhysionetMI,27,0.8696969696969697,0.8515151515151516,-0.01818181818181816,0.0
R2,0,PhysionetMI,28,0.7984848484848485,0.8424242424242424,0.04393939393939394,0.0
R2,0,PhysionetMI,29,0.7386363636363636,0.7287878787878788,-0.00984848484848482,0.0
R2,0,PhysionetMI,30,0.8583333333333334,0.9015151515151516,0.04318181818181816,0.0
R2,0,PhysionetMI,31,0.7416666666666667,0.7833333333333334,0.041666666666666616,0.0
R2,0,PhysionetMI,32,0.9323076923076924,0.95,0.01769230769230766,0.0
R2,0,PhysionetMI,33,0.9295454545454545,0.9121212121212121,-0.01742424242424242,0.0
R2,0,PhysionetMI,34,0.8215384615384614,0.8038461538461539,-0.0176923076923077,0.0
R2,0,PhysionetMI,35,0.8143939393939394,0.8227272727272726,0.00833333333333334,0.0
R2,0,PhysionetMI,36,0.9113636363636364,0.9386363636363637,0.02727272727272726,0.0
R2,0,PhysionetMI,37,0.6795454545454545,0.6045454545454546,-0.07499999999999998,0.0
R2,0,PhysionetMI,38,0.49469696969696975,0.48863636363636365,-0.0060606060606060806,0.0
R2,0,PhysionetMI,39,0.7454545454545455,0.7515151515151516,0.006060606060606102,0.0
R2,0,PhysionetMI,40,0.9818181818181818,0.9818181818181818,0.0,0.0
R2,0,PhysionetMI,41,0.9692307692307693,0.9923076923076923,0.02307692307692304,0.0
R2,0,PhysionetMI,42,0.8916666666666668,0.8583333333333334,-0.03333333333333332,0.0
R2,0,PhysionetMI,43,0.8212121212121211,0.8378787878787879,0.01666666666666668,0.0
R2,0,PhysionetMI,44,0.8606060606060606,0.9053030303030303,0.04469696969696966,0.0
R2,0,PhysionetMI,45,0.7984848484848485,0.8151515151515152,0.016666666666666642,0.0
R2,0,PhysionetMI,46,0.7424242424242424,0.7416666666666667,-0.0007575757575757594,0.0
R2,0,PhysionetMI,47,0.7348484848484849,0.7583333333333334,0.023484848484848518,0.0
R2,0,PhysionetMI,48,0.990909090909091,1.0,0.00909090909090908,0.0
R2,0,PhysionetMI,49,0.7628787878787879,0.7712121212121212,0.008333333333333321,0.0
R2,0,PhysionetMI,50,0.7803030303030303,0.7886363636363636,0.0083333333333333,0.0
R2,0,PhysionetMI,51,0.8242424242424242,0.8575757575757577,0.03333333333333334,0.0
R2,0,PhysionetMI,52,0.8661538461538463,0.883846153846154,0.0176923076923077,0.0
R2,0,PhysionetMI,53,0.9015151515151516,0.8833333333333334,-0.0181818181818182,0.0
R2,0,PhysionetMI,54,0.8909090909090909,0.9000000000000001,0.009090909090909139,0.0
R2,0,PhysionetMI,55,0.8462121212121213,0.8712121212121211,0.024999999999999963,0.0
R2,0,PhysionetMI,56,0.8356060606060606,0.8590909090909091,0.023484848484848497,0.0
R2,0,PhysionetMI,57,0.949242424242424,0.9583333333333333,0.00909090909090908,0.0
R2,0,PhysionetMI,58,0.8161538461538462,0.8292307692307693,0.013076923076923075,0.0
R2,0,PhysionetMI,59,0.6659090909090909,0.675,0.0090909090909091,0.0
R2,0,PhysionetMI,60,0.8884615384615385,0.8584615384615384,-0.030000000000000006,0.0
R2,0,PhysionetMI,61,0.9545454545454547,0.9545454545454547,0.0,0.0
R2,0,PhysionetMI,62,0.9583333333333333,0.9416666666666667,-0.016666666666666642,0.0
R2,0,PhysionetMI,63,0.7287878787878788,0.8090909090909092,0.08030303030303028,0.0
R2,0,PhysionetMI,64,0.7621212121212122,0.7621212121212121,-7.771561172376095e-17,0.0
R2,0,PhysionetMI,65,0.9242424242424242,0.9083333333333334,-0.0159090909090909,0.0
R2,0,PhysionetMI,66,0.7704545454545455,0.7704545454545455,0.0,0.0
R2,0,PhysionetMI,67,0.7916666666666666,0.7492424242424243,-0.04242424242424236,0.0
R2,0,PhysionetMI,68,0.6727272727272727,0.7242424242424244,0.0515151515151515,0.0
R2,0,PhysionetMI,69,0.8284615384615386,0.8392307692307692,0.01076923076923076,0.0
R2,0,PhysionetMI,70,0.9659090909090908,0.9651515151515151,-0.0007575757575757402,0.0
R2,0,PhysionetMI,71,0.9143939393939393,0.8969696969696971,-0.01742424242424238,0.0
R2,0,PhysionetMI,72,1.0,0.9818181818181818,-0.01818181818181816,0.0
R2,0,PhysionetMI,73,0.7568181818181818,0.7583333333333334,0.0015151515151515388,0.0
R2,0,PhysionetMI,74,0.7575757575757576,0.7916666666666667,0.03409090909090904,0.0
R2,0,PhysionetMI,75,0.6606060606060606,0.6628787878787878,0.00227272727272716,0.0
R2,0,PhysionetMI,76,0.5515151515151515,0.6053030303030302,0.05378787878787874,0.0
R2,0,PhysionetMI,77,0.6037878787878788,0.593939393939394,-0.0098484848484848,0.0
R2,0,PhysionetMI,78,0.5621212121212121,0.5803030303030303,0.018181818181818202,0.0
R2,0,PhysionetMI,79,0.7515151515151516,0.7507575757575757,-0.0007575757575757402,0.0
R2,0,PhysionetMI,80,0.7907692307692308,0.8038461538461539,0.01307692307692308,0.0
R2,0,PhysionetMI,81,0.8704545454545455,0.8803030303030305,0.009848484848484839,0.0
R2,0,PhysionetMI,82,0.8113636363636363,0.8371212121212122,0.02575757575757574,0.0
R2,0,PhysionetMI,83,0.7215384615384616,0.7615384615384616,0.03999999999999996,0.0
R2,0,PhysionetMI,84,0.8825757575757576,0.8462121212121213,-0.03636363636363634,0.0
R2,0,PhysionetMI,85,0.8878787878787879,0.8795454545454545,-0.00833333333333334,0.0
R2,0,PhysionetMI,86,0.9846153846153847,0.9846153846153847,0.0,0.0
R2,0,PhysionetMI,87,0.6386363636363636,0.646969696969697,0.00833333333333336,0.0
R2,0,PhysionetMI,90,0.8727272727272727,0.8742424242424243,0.00151515151515154,0.0
R2,0,PhysionetMI,91,0.9166666666666666,0.8916666666666666,-0.025000000000000022,0.0
R2,0,PhysionetMI,93,0.7886363636363637,0.7787878787878788,-0.009848484848484801,0.0
R2,0,PhysionetMI,94,0.7954545454545455,0.8030303030303031,0.00757575757575758,0.0
R2,0,PhysionetMI,95,0.6515384615384615,0.6238461538461538,-0.027692307692307683,0.0
R2,0,PhysionetMI,96,0.8583333333333332,0.8666666666666666,0.00833333333333334,0.0
R2,0,PhysionetMI,97,0.7696969696969697,0.7704545454545454,0.0007575757575757792,0.0
R2,0,PhysionetMI,98,0.4621212121212121,0.4712121212121212,0.00909090909090908,0.0
R2,0,PhysionetMI,99,0.6151515151515151,0.6212121212121212,0.006060606060606061,0.0
R2,0,PhysionetMI,101,0.8976923076923077,0.8976923076923077,0.0,0.0
R2,0,PhysionetMI,102,0.7416666666666667,0.7886363636363637,0.04696969696969692,0.0
R2,0,PhysionetMI,103,0.8575757575757577,0.8568181818181818,-0.0007575757575757792,0.0
R2,0,PhysionetMI,105,0.9068181818181819,0.8992424242424244,-0.0075757575757575,0.0
R2,0,PhysionetMI,107,0.5553030303030303,0.5742424242424242,0.018939393939393978,0.0
R2,0,PhysionetMI,108,0.8537878787878788,0.8204545454545455,-0.033333333333333236,0.0
R2,0,PhysionetMI,109,0.6537878787878788,0.6787878787878788,0.025000000000000022,0.0
R2,5,Cho2017,1,0.642,0.624,-0.017999999999999957,0.008000000000000007
R2,5,Cho2017,2,0.524,0.514,-0.01,-0.020000000000000018
R2,5,Cho2017,3,0.6719999999999999,0.714,0.041999999999999975,-0.06000000000000005
R2,5,Cho2017,4,0.64,0.7,0.0599999999999999,0.03399999999999992
R2,5,Cho2017,5,1.0,0.998,-0.002,-0.0020000000000000018
R2,5,Cho2017,6,0.8140000000000001,0.806,-0.00799999999999996,-0.006000000000000005
R2,5,Cho2017,7,0.5033333333333333,0.5216666666666667,0.01833333333333334,-0.018333333333333313
R2,5,Cho2017,8,0.54,0.528,-0.011999999999999959,-0.016000000000000014
R2,5,Cho2017,9,0.5433333333333333,0.5933333333333334,0.04999999999999996,0.02833333333333332
R2,5,Cho2017,10,0.5820000000000001,0.594,0.01199999999999996,-0.008000000000000007
R2,5,Cho2017,11,0.604,0.6020000000000001,-0.0019999999999999797,-0.013999999999999901
R2,5,Cho2017,12,0.514,0.5720000000000001,0.05799999999999998,0.008000000000000118
R2,5,Cho2017,13,0.8460000000000001,0.916,0.06999999999999994,-0.030000000000000027
R2,5,Cho2017,14,0.7220000000000001,0.796,0.07399999999999995,-0.03799999999999992
R2,5,Cho2017,15,0.52,0.54,0.02,0.006000000000000005
R2,5,Cho2017,16,0.626,0.654,0.02799999999999996,-0.02399999999999991
R2,5,Cho2017,17,0.55,0.5800000000000001,0.02999999999999998,0.016000000000000014
R2,5,Cho2017,18,0.6140000000000001,0.5640000000000001,-0.049999999999999975,-0.06599999999999995
R2,5,Cho2017,19,0.522,0.5660000000000001,0.04399999999999998,0.008000000000000007
R2,5,Cho2017,20,0.5660000000000001,0.616,0.04999999999999996,0.016000000000000014
R2,5,Cho2017,21,0.546,0.5900000000000001,0.043999999999999956,-0.0119999999999999
R2,5,Cho2017,22,0.592,0.636,0.04399999999999994,0.008000000000000007
R2,5,Cho2017,23,0.562,0.594,0.03199999999999996,-0.02400000000000002
R2,5,Cho2017,24,0.49399999999999994,0.548,0.05399999999999998,-0.0020000000000000018
R2,5,Cho2017,25,0.554,0.572,0.01799999999999996,-0.01000000000000012
R2,5,Cho2017,26,0.99,0.992,0.002,0.0
R2,5,Cho2017,27,0.5660000000000001,0.6060000000000001,0.03999999999999998,0.04600000000000015
R2,5,Cho2017,28,0.5820000000000001,0.622,0.03999999999999994,0.039999999999999925
R2,5,Cho2017,29,0.502,0.518,0.01599999999999996,-0.0040000000000000036
R2,5,Cho2017,30,0.638,0.736,0.098,-0.01200000000000001
R2,5,Cho2017,31,0.548,0.5940000000000001,0.046,0.03600000000000003
R2,5,Cho2017,32,0.534,0.558,0.02399999999999996,-0.0040000000000000036
R2,5,Cho2017,33,0.5860000000000001,0.556,-0.029999999999999936,0.0
R2,5,Cho2017,34,0.548,0.592,0.04399999999999994,0.02400000000000002
R2,5,Cho2017,35,0.396,0.368,-0.028000000000000004,0.010000000000000009
R2,5,Cho2017,36,0.534,0.5660000000000001,0.03199999999999998,0.0
R2,5,Cho2017,37,0.874,0.876,0.001999999999999999,0.0020000000000000018
R2,5,Cho2017,38,0.5780000000000001,0.558,-0.01999999999999998,-0.030000000000000027
R2,5,Cho2017,39,0.528,0.546,0.018000000000000023,0.006000000000000005
R2,5,Cho2017,40,0.528,0.504,-0.023999999999999983,0.021999999999999964
R2,5,Cho2017,41,0.616,0.614,-0.0020000000000000213,-0.006000000000000005
R2,5,Cho2017,42,0.542,0.544,0.0019999999999999797,-0.010000000000000009
R2,5,Cho2017,43,1.0,1.0,0.0,0.0
R2,5,Cho2017,44,0.9359999999999999,0.95,0.014000000000000002,0.014000000000000012
R2,5,Cho2017,45,0.538,0.536,-0.00200000000000002,-0.0020000000000000018
R2,5,Cho2017,46,0.5483333333333333,0.5766666666666667,0.0283333333333333,0.011666666666666603
R2,5,Cho2017,47,0.8380000000000001,0.784,-0.053999999999999916,-0.04600000000000004
R2,5,Cho2017,48,0.662,0.682,0.019999999999999983,-0.027999999999999914
R2,5,Cho2017,49,0.994,1.0,0.006,0.0
R2,5,Cho2017,50,0.95,0.9719999999999999,0.02199999999999998,-2.220446049250313e-16
R2,5,Cho2017,51,0.56,0.656,0.09599999999999993,0.041999999999999926
R2,5,Cho2017,52,0.604,0.604,1.8388068845354155e-17,0.04599999999999993
R2,5,Dreyer2023,1,0.8850000000000001,0.8983333333333332,0.01333333333333328,-0.010000000000000009
R2,5,Dreyer2023,2,0.6833333333333333,0.6383333333333333,-0.04499999999999998,-0.06000000000000005
R2,5,Dreyer2023,3,0.8183333333333334,0.7783333333333333,-0.04,-0.07666666666666677
R2,5,Dreyer2023,5,0.8766666666666667,0.8916666666666666,0.014999999999999958,-0.006666666666666821
R2,5,Dreyer2023,6,0.7716666666666667,0.8300000000000001,0.05833333333333331,0.01000000000000012
R2,5,Dreyer2023,7,0.9766666666666666,0.9816666666666667,0.00500000000000002,0.016666666666666607
R2,5,Dreyer2023,8,0.8266666666666665,0.8733333333333333,0.04666666666666662,0.033333333333333215
R2,5,Dreyer2023,10,0.9116666666666667,0.9016666666666666,-0.009999999999999998,-0.03500000000000014
R2,5,Dreyer2023,11,0.6316666666666666,0.5866666666666667,-0.04499999999999998,-0.018333333333333313
R2,5,Dreyer2023,12,0.8949999999999999,0.9283333333333333,0.033333333333333284,-0.0016666666666667052
R2,5,Dreyer2023,13,0.7566666666666666,0.7516666666666667,-0.005,-0.009999999999999898
R2,5,Dreyer2023,14,0.6916666666666667,0.6733333333333333,-0.018333333333333302,-0.020000000000000018
R2,5,Dreyer2023,15,0.9266666666666665,0.9316666666666666,0.005,0.0
R2,5,Dreyer2023,16,0.8266666666666668,0.845,0.01833333333333328,0.014999999999999902
R2,5,Dreyer2023,18,0.9066666666666666,0.9349999999999999,0.028333333333333283,0.018333333333333313
R2,5,Dreyer2023,19,0.8949999999999999,0.9149999999999998,0.01999999999999994,-0.011666666666666714
R2,5,Dreyer2023,20,0.8966666666666667,0.925,0.02833333333333332,0.004999999999999893
R2,5,Dreyer2023,21,0.9116666666666665,0.9233333333333335,0.011666666666666681,-0.004999999999999893
R2,5,Dreyer2023,22,0.9283333333333333,0.865,-0.06333333333333332,-0.05333333333333323
R2,5,Dreyer2023,23,0.7366666666666667,0.79,0.053333333333333274,0.020000000000000018
R2,5,Dreyer2023,24,0.9399999999999998,0.9650000000000001,0.024999999999999942,-0.004999999999999893
R2,5,Dreyer2023,25,0.67,0.7050000000000001,0.034999999999999976,-0.008333333333333193
R2,5,Dreyer2023,26,0.7783333333333333,0.8366666666666667,0.05833333333333324,0.0
R2,5,Dreyer2023,27,0.8066666666666666,0.8016666666666665,-0.005000000000000042,-0.02000000000000013
R2,5,Dreyer2023,28,0.7716666666666667,0.7983333333333333,0.02666666666666668,0.008333333333333304
R2,5,Dreyer2023,30,0.7116666666666667,0.7533333333333333,0.04166666666666658,0.009999999999999898
R2,5,Dreyer2023,31,0.8733333333333333,0.9099999999999999,0.03666666666666666,0.0016666666666664831
R2,5,Dreyer2023,32,0.845,0.905,0.05999999999999994,0.030000000000000027
R2,5,Dreyer2023,33,0.795,0.7883333333333333,-0.006666666666666719,-0.01666666666666672
R2,5,Dreyer2023,34,0.7933333333333333,0.8483333333333334,0.05499999999999996,0.008333333333333304
R2,5,Dreyer2023,35,0.7499999999999999,0.805,0.05500000000000003,0.02000000000000013
R2,5,Dreyer2023,36,0.7983333333333332,0.775,-0.023333333333333282,-0.06333333333333324
R2,5,Dreyer2023,37,0.735,0.7316666666666667,-0.0033333333333332993,0.036666666666666625
R2,5,Dreyer2023,38,0.8533333333333333,0.8633333333333333,0.00999999999999998,-0.025000000000000022
R2,5,Dreyer2023,39,0.9183333333333333,0.9433333333333334,0.02499999999999998,-0.008333333333333193
R2,5,Dreyer2023,40,0.8534482758620691,0.8741379310344828,0.0206896551724138,-0.0034482758620689724
R2,5,Dreyer2023,42,0.74,0.7949999999999999,0.0549999999999999,0.010000000000000009
R2,5,Dreyer2023,43,0.8816666666666666,0.8966666666666667,0.014999999999999982,0.0
R2,5,Dreyer2023,44,0.6466666666666667,0.6666666666666667,0.02,0.015000000000000124
R2,5,Dreyer2023,45,0.7466666666666667,0.8300000000000001,0.0833333333333333,0.015000000000000013
R2,5,Dreyer2023,46,0.7366666666666667,0.7716666666666667,0.03499999999999994,0.00666666666666671
R2,5,Dreyer2023,47,0.8949999999999999,0.8866666666666667,-0.008333333333333321,-0.014999999999999902
R2,5,Dreyer2023,48,0.6683333333333333,0.6483333333333333,-0.01999999999999998,-0.0050000000000000044
R2,5,Dreyer2023,49,0.7833333333333333,0.8366666666666667,0.053333333333333274,0.0033333333333334103
R2,5,Dreyer2023,50,0.6166666666666666,0.6233333333333333,0.006666666666666659,-0.015000000000000013
R2,5,Dreyer2023,51,0.7466666666666667,0.7583333333333333,0.011666666666666662,-0.00666666666666671
R2,5,Dreyer2023,52,0.7966666666666666,0.8166666666666667,0.01999999999999998,-0.006666666666666821
R2,5,Dreyer2023,53,0.7866666666666667,0.8266666666666665,0.03999999999999996,0.008333333333333193
R2,5,Dreyer2023,54,0.7016666666666667,0.7816666666666666,0.08000000000000004,0.03499999999999992
R2,5,Dreyer2023,55,0.9366666666666668,0.925,-0.01166666666666668,-0.004999999999999893
R2,5,Dreyer2023,56,0.9200000000000002,0.8833333333333334,-0.03666666666666662,-0.06666666666666654
R2,5,Dreyer2023,57,0.635,0.7083333333333333,0.07333333333333328,0.036666666666666625
R2,5,Dreyer2023,58,0.9233333333333332,0.9516666666666665,0.0283333333333333,0.0050000000000000044
R2,5,Dreyer2023,59,0.78,0.8324999999999999,0.052499999999999936,0.03499999999999992
R2,5,Dreyer2023,60,0.8066666666666666,0.8550000000000001,0.048333333333333305,0.00666666666666671
R2,5,Dreyer2023,61,0.8633333333333333,0.8400000000000001,-0.023333333333333338,-0.05333333333333323
R2,5,Dreyer2023,62,0.7416666666666667,0.7483333333333333,0.006666666666666643,-0.033333333333333326
R2,5,Dreyer2023,63,0.8133333333333332,0.8233333333333335,0.01,-0.04333333333333311
R2,5,Dreyer2023,64,0.765,0.79,0.025,0.01666666666666683
R2,5,Dreyer2023,65,0.835,0.8216666666666667,-0.013333333333333319,-0.026666666666666727
R2,5,Dreyer2023,66,0.7583333333333334,0.7166666666666666,-0.041666666666666664,-0.0016666666666668162
R2,5,Dreyer2023,67,0.7916666666666666,0.7883333333333333,-0.003333333333333319,-0.0033333333333332993
R2,5,Dreyer2023,68,0.7383333333333334,0.7683333333333333,0.02999999999999996,0.033333333333333326
R2,5,Dreyer2023,69,0.8516666666666666,0.8366666666666667,-0.015,-0.008333333333333304
R2,5,Dreyer2023,70,0.6716666666666666,0.6533333333333333,-0.01833333333333334,-0.011666666666666714
R2,5,Dreyer2023,71,0.8550000000000001,0.86,0.00499999999999998,0.03333333333333344
R2,5,Dreyer2023,72,0.8099999999999999,0.8183333333333334,0.008333333333333321,-0.0033333333333332993
R2,5,Dreyer2023,73,0.7466666666666667,0.8083333333333332,0.061666666666666606,0.033333333333333215
R2,5,Dreyer2023,74,0.735,0.77,0.034999999999999996,0.021666666666666723
R2,5,Dreyer2023,75,0.7583333333333334,0.775,0.01666666666666668,0.0
R2,5,Dreyer2023,76,0.8216666666666667,0.8766666666666666,0.05499999999999996,0.023333333333333317
R2,5,Dreyer2023,77,0.8233333333333333,0.8416666666666668,0.01833333333333336,-0.009999999999999787
R2,5,Dreyer2023,80,0.7116666666666667,0.7583333333333334,0.04666666666666664,0.02000000000000013
R2,5,Dreyer2023,81,0.8299999999999998,0.8266666666666665,-0.0033333333333333192,-0.028333333333333544
R2,5,Dreyer2023,82,0.795,0.765,-0.02999999999999996,-0.00666666666666671
R2,5,Dreyer2023,83,0.6883333333333334,0.6883333333333334,0.0,-0.00666666666666671
R2,5,Dreyer2023,84,0.8333333333333334,0.8283333333333334,-0.004999999999999999,-0.03166666666666662
R2,5,Dreyer2023,85,0.735,0.7716666666666667,0.03666666666666664,-0.004999999999999893
R2,5,Dreyer2023,86,0.8383333333333333,0.8550000000000001,0.01666666666666666,0.0016666666666668162
R2,5,Dreyer2023,87,0.7833333333333334,0.82,0.036666666666666584,-0.006666666666666599
R2,5,PhysionetMI,1,0.8356060606060606,0.8265151515151515,-0.009090909090909061,-0.010606060606060619
R2,5,PhysionetMI,2,0.8946153846153846,0.9123076923076923,0.01769230769230764,0.0
R2,5,PhysionetMI,3,0.9484848484848485,0.9568181818181817,0.0083333333333333,0.0
R2,5,PhysionetMI,4,0.9196969696969697,0.9121212121212121,-0.00757575757575758,0.03863636363636369
R2,5,PhysionetMI,5,0.7204545454545455,0.7227272727272728,0.002272727272727304,0.011363636363636465
R2,5,PhysionetMI,6,0.8825757575757576,0.9242424242424242,0.0416666666666666,0.04166666666666663
R2,5,PhysionetMI,7,0.9825757575757577,0.990909090909091,0.00833333333333334,0.0
R2,5,PhysionetMI,8,0.8325757575757574,0.843939393939394,0.01136363636363642,0.004545454545454519
R2,5,PhysionetMI,9,0.9076923076923077,0.9230769230769231,0.015384615384615403,0.023076923076923106
R2,5,PhysionetMI,10,0.7276923076923077,0.7407692307692308,0.01307692307692306,0.007692307692307665
R2,5,PhysionetMI,11,0.725,0.7075757575757576,-0.01742424242424236,-0.027272727272727226
R2,5,PhysionetMI,12,0.8643939393939395,0.8477272727272727,-0.01666666666666666,-0.008333333333333415
R2,5,PhysionetMI,13,0.803030303030303,0.8113636363636363,0.00833333333333336,0.04469696969696957
R2,5,PhysionetMI,14,0.7734848484848486,0.7977272727272726,0.02424242424242422,-0.018939393939394034
R2,5,PhysionetMI,15,0.9284615384615386,0.9669230769230769,0.03846153846153846,0.03615384615384609
R2,5,PhysionetMI,16,0.6053030303030302,0.6613636363636364,0.05606060606060603,-0.033333333333333326
R2,5,PhysionetMI,17,0.803030303030303,0.8696969696969697,0.06666666666666672,0.09318181818181814
R2,5,PhysionetMI,18,1.0,1.0,0.0,0.0
R2,5,PhysionetMI,19,0.9106060606060605,0.8939393939393939,-0.01666666666666668,0.0
R2,5,PhysionetMI,20,0.9045454545454547,0.903030303030303,-0.0015151515151515388,0.009090909090909038
R2,5,PhysionetMI,21,0.759090909090909,0.7568181818181818,-0.002272727272727261,-0.021212121212121238
R2,5,PhysionetMI,22,0.9636363636363636,0.9545454545454547,-0.00909090909090908,0.0
R2,5,PhysionetMI,23,0.7838461538461539,0.8092307692307692,0.02538461538461536,0.0
R2,5,PhysionetMI,24,0.7863636363636364,0.8106060606060606,0.02424242424242422,0.016666666666666607
R2,5,PhysionetMI,25,0.5954545454545455,0.5621212121212121,-0.033333333333333284,0.027272727272727337
R2,5,PhysionetMI,26,0.6407692307692308,0.5746153846153846,-0.06615384615384613,-0.03615384615384609
R2,5,PhysionetMI,27,0.8696969696969697,0.8348484848484847,-0.03484848484848484,-0.01666666666666683
R2,5,PhysionetMI,28,0.7984848484848485,0.8340909090909092,0.03560606060606062,-0.008333333333333193
R2,5,PhysionetMI,29,0.7386363636363636,0.746969696969697,0.00833333333333334,0.018181818181818188
R2,5,PhysionetMI,30,0.8583333333333334,0.8606060606060606,0.0022727272727272596,-0.040909090909091006
R2,5,PhysionetMI,31,0.7416666666666667,0.7636363636363637,0.02196969696969686,-0.01969696969696977
R2,5,PhysionetMI,32,0.9323076923076924,0.9446153846153846,0.01230769230769228,-0.005384615384615321
R2,5,PhysionetMI,33,0.9295454545454545,0.9272727272727274,-0.00227272727272724,0.015151515151515249
R2,5,PhysionetMI,34,0.8215384615384614,0.8384615384615385,0.01692307692307688,0.0346153846153846
R2,5,PhysionetMI,35,0.8143939393939394,0.840909090909091,0.02651515151515152,0.01818181818181841
R2,5,PhysionetMI,36,0.9113636363636364,0.8795454545454545,-0.03181818181818182,-0.059090909090909194
R2,5,PhysionetMI,37,0.6795454545454545,0.7037878787878789,0.024242424242424242,0.09924242424242424
R2,5,PhysionetMI,38,0.49469696969696975,0.49848484848484853,0.00378787878787884,0.009848484848484884
R2,5,PhysionetMI,39,0.7454545454545455,0.7515151515151516,0.006060606060606102,0.0
R2,5,PhysionetMI,40,0.9818181818181818,0.9916666666666666,0.00984848484848482,0.009848484848484773
R2,5,PhysionetMI,41,0.9692307692307693,0.9669230769230769,-0.0023076923076923187,-0.02538461538461545
R2,5,PhysionetMI,42,0.8916666666666668,0.8810606060606061,-0.01060606060606064,0.022727272727272707
R2,5,PhysionetMI,43,0.8212121212121211,0.8378787878787879,0.01666666666666668,0.0
R2,5,PhysionetMI,44,0.8606060606060606,0.9053030303030303,0.04469696969696966,0.0
R2,5,PhysionetMI,45,0.7984848484848485,0.7886363636363637,-0.009848484848484797,-0.02651515151515149
R2,5,PhysionetMI,46,0.7424242424242424,0.7454545454545455,0.0030303030303030208,0.0037878787878787845
R2,5,PhysionetMI,47,0.7348484848484849,0.7765151515151516,0.041666666666666644,0.018181818181818188
R2,5,PhysionetMI,48,0.990909090909091,1.0,0.00909090909090908,0.0
R2,5,PhysionetMI,49,0.7628787878787879,0.7568181818181818,-0.00606060606060616,-0.014393939393939403
R2,5,PhysionetMI,50,0.7803030303030303,0.815909090909091,0.03560606060606058,0.02727272727272745
R2,5,PhysionetMI,51,0.8242424242424242,0.865909090909091,0.04166666666666668,0.008333333333333304
R2,5,PhysionetMI,52,0.8661538461538463,0.8992307692307693,0.03307692307692308,0.01538461538461533
R2,5,PhysionetMI,53,0.9015151515151516,0.8916666666666668,-0.00984848484848482,0.008333333333333415
R2,5,PhysionetMI,54,0.8909090909090909,0.8621212121212121,-0.02878787878787874,-0.03787878787878807
R2,5,PhysionetMI,55,0.8462121212121213,0.8712121212121213,0.024999999999999977,2.220446049250313e-16
R2,5,PhysionetMI,56,0.8356060606060606,0.843939393939394,0.008333333333333361,-0.015151515151515138
R2,5,PhysionetMI,57,0.949242424242424,0.9583333333333333,0.00909090909090908,0.0
R2,5,PhysionetMI,58,0.8161538461538462,0.8461538461538461,0.02999999999999998,0.01692307692307682
R2,5,PhysionetMI,59,0.6659090909090909,0.6704545454545454,0.00454545454545454,-0.00454545454545463
R2,5,PhysionetMI,60,0.8884615384615385,0.8538461538461538,-0.03461538461538458,-0.004615384615384577
R2,5,PhysionetMI,61,0.9545454545454547,0.9545454545454547,0.0,0.0
R2,5,PhysionetMI,62,0.9583333333333333,0.9416666666666667,-0.016666666666666642,0.0
R2,5,PhysionetMI,63,0.7287878787878788,0.8106060606060606,0.0818181818181818,0.0015151515151513584
R2,5,PhysionetMI,64,0.7621212121212122,0.7803030303030303,0.018181818181818122,0.018181818181818188
R2,5,PhysionetMI,65,0.9242424242424242,0.915909090909091,-0.008333333333333321,0.007575757575757569
R2,5,PhysionetMI,66,0.7704545454545455,0.7962121212121211,0.02575757575757572,0.025757575757575646
R2,5,PhysionetMI,67,0.7916666666666666,0.7901515151515153,-0.0015151515151514805,0.040909090909091006
R2,5,PhysionetMI,68,0.6727272727272727,0.7227272727272728,0.049999999999999975,-0.0015151515151515804
R2,5,PhysionetMI,69,0.8284615384615386,0.8638461538461538,0.03538461538461536,0.024615384615384595
R2,5,PhysionetMI,70,0.9659090909090908,0.9742424242424242,0.00833333333333334,0.00909090909090915
R2,5,PhysionetMI,71,0.9143939393939393,0.8780303030303032,-0.03636363636363632,-0.018939393939393923
R2,5,PhysionetMI,72,1.0,0.9734848484848484,-0.026515151515151502,-0.008333333333333415
R2,5,PhysionetMI,73,0.7568181818181818,0.7590909090909091,0.0022727272727272986,0.0007575757575757347
R2,5,PhysionetMI,74,0.7575757575757576,0.7598484848484849,0.0022727272727272375,-0.03181818181818186
R2,5,PhysionetMI,75,0.6606060606060606,0.6712121212121211,0.01060606060606052,0.008333333333333304
R2,5,PhysionetMI,76,0.5515151515151515,0.5659090909090909,0.014393939393939398,-0.039393939393939315
R2,5,PhysionetMI,77,0.6037878787878788,0.5969696969696969,-0.006818181818181762,0.003030303030302939
R2,5,PhysionetMI,78,0.5621212121212121,0.5954545454545455,0.03333333333333336,0.015151515151515138
R2,5,PhysionetMI,79,0.7515151515151516,0.7439393939393939,-0.0075757575757575595,-0.006818181818181834
R2,5,PhysionetMI,80,0.7907692307692308,0.8476923076923077,0.056923076923076896,0.04384615384615387
R2,5,PhysionetMI,81,0.8704545454545455,0.8810606060606061,0.01060606060606058,0.0007575757575756237
R2,5,PhysionetMI,82,0.8113636363636363,0.8704545454545455,0.05909090909090904,0.033333333333333326
R2,5,PhysionetMI,83,0.7215384615384616,0.7338461538461539,0.012307692307692278,-0.027692307692307683
R2,5,PhysionetMI,84,0.8825757575757576,0.8530303030303031,-0.029545454545454503,0.006818181818181834
R2,5,PhysionetMI,85,0.8878787878787879,0.8325757575757576,-0.0553030303030303,-0.046969696969696884
R2,5,PhysionetMI,86,0.9846153846153847,0.9846153846153847,0.0,0.0
R2,5,PhysionetMI,87,0.6386363636363636,0.6575757575757575,0.018939393939393985,0.010606060606060508
R2,5,PhysionetMI,90,0.8727272727272727,0.8825757575757576,0.009848484848484839,0.008333333333333304
R2,5,PhysionetMI,91,0.9166666666666666,0.9,-0.01666666666666668,0.008333333333333415
R2,5,PhysionetMI,93,0.7886363636363637,0.7803030303030304,-0.008333333333333281,0.0015151515151515804
R2,5,PhysionetMI,94,0.7954545454545455,0.8037878787878789,0.00833333333333336,0.0007575757575758457
R2,5,PhysionetMI,95,0.6515384615384615,0.6415384615384616,-0.01000000000000002,0.017692307692307785
R2,5,PhysionetMI,96,0.8583333333333332,0.8393939393939395,-0.018939393939393877,-0.027272727272727115
R2,5,PhysionetMI,97,0.7696969696969697,0.7878787878787878,0.018181818181818236,0.017424242424242453
R2,5,PhysionetMI,98,0.4621212121212121,0.4803030303030303,0.01818181818181816,0.009090909090909094
R2,5,PhysionetMI,99,0.6151515151515151,0.6037878787878788,-0.01136363636363638,-0.017424242424242453
R2,5,PhysionetMI,101,0.8976923076923077,0.9315384615384616,0.03384615384615384,0.03384615384615397
R2,5,PhysionetMI,102,0.7416666666666667,0.7833333333333334,0.041666666666666644,-0.005303030303030254
R2,5,PhysionetMI,103,0.8575757575757577,0.840909090909091,-0.01666666666666666,-0.01590909090909076
R2,5,PhysionetMI,105,0.9068181818181819,0.8992424242424244,-0.0075757575757575,0.0
R2,5,PhysionetMI,107,0.5553030303030303,0.5545454545454545,-0.0007575757575757402,-0.01969696969696977
R2,5,PhysionetMI,108,0.8537878787878788,0.8121212121212121,-0.0416666666666666,-0.008333333333333415
R2,5,PhysionetMI,109,0.6537878787878788,0.7022727272727273,0.04848484848484848,0.023484848484848442
R2,10,Cho2017,1,0.642,0.65,0.008,0.03400000000000003
R2,10,Cho2017,2,0.524,0.516,-0.008,-0.018000000000000016
R2,10,Cho2017,3,0.6719999999999999,0.766,0.094,-0.008000000000000007
R2,10,Cho2017,4,0.64,0.722,0.08199999999999992,0.05599999999999994
R2,10,Cho2017,5,1.0,0.998,-0.002,-0.0020000000000000018
R2,10,Cho2017,6,0.8140000000000001,0.806,-0.008,-0.006000000000000005
R2,10,Cho2017,7,0.5033333333333333,0.5233333333333333,0.019999999999999983,-0.01666666666666672
R2,10,Cho2017,8,0.54,0.538,-0.0019999999999999575,-0.006000000000000005
R2,10,Cho2017,9,0.5433333333333333,0.575,0.03166666666666664,0.009999999999999898
R2,10,Cho2017,10,0.5820000000000001,0.576,-0.00600000000000004,-0.026000000000000023
R2,10,Cho2017,11,0.604,0.616,0.012000000000000042,0.0
R2,10,Cho2017,12,0.514,0.588,0.07399999999999993,0.02400000000000002
R2,10,Cho2017,13,0.8460000000000001,0.942,0.0959999999999999,-0.004000000000000115
R2,10,Cho2017,14,0.7220000000000001,0.812,0.08999999999999998,-0.02199999999999991
R2,10,Cho2017,15,0.52,0.534,0.01399999999999998,0.0
R2,10,Cho2017,16,0.626,0.664,0.037999999999999985,-0.013999999999999901
R2,10,Cho2017,17,0.55,0.558,0.008,-0.006000000000000005
R2,10,Cho2017,18,0.6140000000000001,0.62,0.00599999999999998,-0.010000000000000009
R2,10,Cho2017,19,0.522,0.552,0.02999999999999998,-0.006000000000000005
R2,10,Cho2017,20,0.5660000000000001,0.634,0.06799999999999994,0.03400000000000003
R2,10,Cho2017,21,0.546,0.618,0.07199999999999997,0.016000000000000014
R2,10,Cho2017,22,0.592,0.626,0.03399999999999996,-0.0020000000000000018
R2,10,Cho2017,23,0.562,0.6,0.037999999999999985,-0.018000000000000016
R2,10,Cho2017,24,0.49399999999999994,0.5599999999999999,0.06599999999999998,0.009999999999999898
R2,10,Cho2017,25,0.554,0.58,0.02599999999999996,-0.002000000000000113
R2,10,Cho2017,26,0.99,0.992,0.002,0.0
R2,10,Cho2017,27,0.5660000000000001,0.564,-0.00200000000000006,0.0040000000000000036
R2,10,Cho2017,28,0.5820000000000001,0.6439999999999999,0.06199999999999996,0.06199999999999983
R2,10,Cho2017,29,0.502,0.534,0.031999999999999994,0.01200000000000001
R2,10,Cho2017,30,0.638,0.714,0.07599999999999998,-0.03400000000000003
R2,10,Cho2017,31,0.548,0.604,0.05599999999999996,0.04599999999999993
R2,10,Cho2017,32,0.534,0.538,0.004000000000000022,-0.02400000000000002
R2,10,Cho2017,33,0.5860000000000001,0.546,-0.03999999999999996,-0.010000000000000009
R2,10,Cho2017,34,0.548,0.5820000000000001,0.033999999999999975,0.014000000000000123
R2,10,Cho2017,35,0.396,0.348,-0.04799999999999997,-0.010000000000000009
R2,10,Cho2017,36,0.534,0.584,0.049999999999999975,0.017999999999999905
R2,10,Cho2017,37,0.874,0.882,0.00799999999999998,0.008000000000000007
R2,10,Cho2017,38,0.5780000000000001,0.5820000000000001,0.003999999999999959,-0.006000000000000005
R2,10,Cho2017,39,0.528,0.544,0.016000000000000004,0.0040000000000000036
R2,10,Cho2017,40,0.528,0.49400000000000005,-0.03399999999999996,0.01200000000000001
R2,10,Cho2017,41,0.616,0.624,0.007999999999999998,0.0040000000000000036
R2,10,Cho2017,42,0.542,0.5599999999999999,0.01799999999999996,0.005999999999999894
R2,10,Cho2017,43,1.0,1.0,0.0,0.0
R2,10,Cho2017,44,0.9359999999999999,0.954,0.018,0.018000000000000016
R2,10,Cho2017,45,0.538,0.554,0.01599999999999998,0.016000000000000014
R2,10,Cho2017,46,0.5483333333333333,0.5833333333333334,0.034999999999999996,0.018333333333333313
R2,10,Cho2017,47,0.8380000000000001,0.8380000000000001,3.8857805861880476e-17,0.008000000000000007
R2,10,Cho2017,48,0.662,0.736,0.07399999999999998,0.026000000000000023
R2,10,Cho2017,49,0.994,1.0,0.006,0.0
R2,10,Cho2017,50,0.95,0.9800000000000001,0.02999999999999998,0.008000000000000007
R2,10,Cho2017,51,0.56,0.634,0.0739999999999999,0.019999999999999907
R2,10,Cho2017,52,0.604,0.626,0.021999999999999964,0.06799999999999995
R2,10,Dreyer2023,1,0.8850000000000001,0.9150000000000003,0.03,0.006666666666667043
R2,10,Dreyer2023,2,0.6833333333333333,0.6483333333333333,-0.03499999999999994,-0.050000000000000044
R2,10,Dreyer2023,3,0.8183333333333334,0.8266666666666668,0.008333333333333321,-0.02833333333333332
R2,10,Dreyer2023,5,0.8766666666666667,0.8899999999999999,0.013333333333333258,-0.008333333333333526
R2,10,Dreyer2023,6,0.7716666666666667,0.7849999999999999,0.01333333333333334,-0.03500000000000003
R2,10,Dreyer2023,7,0.9766666666666666,0.9799999999999999,0.0033333333333333396,0.014999999999999791
R2,10,Dreyer2023,8,0.8266666666666665,0.8533333333333333,0.02666666666666666,0.013333333333333197
R2,10,Dreyer2023,10,0.9116666666666667,0.9233333333333335,0.011666666666666662,-0.013333333333333308
R2,10,Dreyer2023,11,0.6316666666666666,0.6133333333333333,-0.01833333333333334,0.008333333333333304
R2,10,Dreyer2023,12,0.8949999999999999,0.9216666666666666,0.026666666666666623,-0.008333333333333415
R2,10,Dreyer2023,13,0.7566666666666666,0.75,-0.006666666666666659,-0.011666666666666603
R2,10,Dreyer2023,14,0.6916666666666667,0.6933333333333334,0.0016666666666666594,0.0
R2,10,Dreyer2023,15,0.9266666666666665,0.9483333333333333,0.02166666666666662,0.016666666666666607
R2,10,Dreyer2023,16,0.8266666666666668,0.8466666666666667,0.01999999999999994,0.016666666666666607
R2,10,Dreyer2023,18,0.9066666666666666,0.9383333333333332,0.03166666666666662,0.021666666666666612
R2,10,Dreyer2023,19,0.8949999999999999,0.9133333333333333,0.018333333333333278,-0.013333333333333197
R2,10,Dreyer2023,20,0.8966666666666667,0.9199999999999999,0.023333333333333324,-2.220446049250313e-16
R2,10,Dreyer2023,21,0.9116666666666665,0.9349999999999999,0.023333333333333338,0.006666666666666599
R2,10,Dreyer2023,22,0.9283333333333333,0.85,-0.07833333333333334,-0.06833333333333325
R2,10,Dreyer2023,23,0.7366666666666667,0.79,0.05333333333333332,0.020000000000000018
R2,10,Dreyer2023,24,0.9399999999999998,0.9633333333333333,0.02333333333333328,-0.00666666666666671
R2,10,Dreyer2023,25,0.67,0.7133333333333333,0.04333333333333328,0.0
R2,10,Dreyer2023,26,0.7783333333333333,0.8316666666666667,0.053333333333333253,-0.0050000000000000044
R2,10,Dreyer2023,27,0.8066666666666666,0.8116666666666668,0.004999999999999961,-0.009999999999999898
R2,10,Dreyer2023,28,0.7716666666666667,0.7816666666666666,0.010000000000000037,-0.008333333333333415
R2,10,Dreyer2023,30,0.7116666666666667,0.7333333333333333,0.02166666666666662,-0.01000000000000012
R2,10,Dreyer2023,31,0.8733333333333333,0.9133333333333333,0.03999999999999998,0.004999999999999893
R2,10,Dreyer2023,32,0.845,0.89,0.04499999999999994,0.015000000000000013
R2,10,Dreyer2023,33,0.795,0.7899999999999999,-0.005000000000000039,-0.015000000000000124
R2,10,Dreyer2023,34,0.7933333333333333,0.835,0.0416666666666666,-0.0050000000000001155
R2,10,Dreyer2023,35,0.7499999999999999,0.8033333333333333,0.053333333333333365,0.018333333333333424
R2,10,Dreyer2023,36,0.7983333333333332,0.8183333333333334,0.02,-0.019999999999999907
R2,10,Dreyer2023,37,0.735,0.74,0.005000000000000001,0.04499999999999993
R2,10,Dreyer2023,38,0.8533333333333333,0.8400000000000001,-0.0133333333333333,-0.04833333333333323
R2,10,Dreyer2023,39,0.9183333333333333,0.9466666666666667,0.02833333333333332,-0.004999999999999893
R2,10,Dreyer2023,40,0.8534482758620691,0.8758620689655172,0.0224137931034483,-0.0017241379310345417
R2,10,Dreyer2023,42,0.74,0.8133333333333332,0.07333333333333324,0.02833333333333332
R2,10,Dreyer2023,43,0.8816666666666666,0.8883333333333333,0.006666666666666659,-0.008333333333333415
R2,10,Dreyer2023,44,0.6466666666666667,0.6683333333333333,0.02166666666666666,0.01666666666666672
R2,10,Dreyer2023,45,0.7466666666666667,0.835,0.08833333333333329,0.019999999999999907
R2,10,Dreyer2023,46,0.7366666666666667,0.765,0.028333333333333283,0.0
R2,10,Dreyer2023,47,0.8949999999999999,0.8916666666666666,-0.00333333333333334,-0.010000000000000009
R2,10,Dreyer2023,48,0.6683333333333333,0.6383333333333333,-0.02999999999999996,-0.015000000000000013
R2,10,Dreyer2023,49,0.7833333333333333,0.82,0.03666666666666664,-0.013333333333333308
R2,10,Dreyer2023,50,0.6166666666666666,0.6516666666666666,0.03499999999999996,0.013333333333333308
R2,10,Dreyer2023,51,0.7466666666666667,0.7483333333333333,0.0016666666666666607,-0.01666666666666672
R2,10,Dreyer2023,52,0.7966666666666666,0.8283333333333334,0.03166666666666658,0.004999999999999893
R2,10,Dreyer2023,53,0.7866666666666667,0.8,0.013333333333333319,-0.018333333333333313
R2,10,Dreyer2023,54,0.7016666666666667,0.7516666666666667,0.05,0.0050000000000000044
R2,10,Dreyer2023,55,0.9366666666666668,0.9383333333333332,0.0016666666666666614,0.008333333333333304
R2,10,Dreyer2023,56,0.9200000000000002,0.9233333333333335,0.003333333333333319,-0.026666666666666505
R2,10,Dreyer2023,57,0.635,0.7116666666666667,0.07666666666666662,0.040000000000000036
R2,10,Dreyer2023,58,0.9233333333333332,0.9533333333333334,0.02999999999999998,0.006666666666666821
R2,10,Dreyer2023,59,0.78,0.7675,-0.0125,-0.030000000000000027
R2,10,Dreyer2023,60,0.8066666666666666,0.8699999999999999,0.0633333333333333,0.0216666666666665
R2,10,Dreyer2023,61,0.8633333333333333,0.8483333333333334,-0.014999999999999996,-0.04499999999999993
R2,10,Dreyer2023,62,0.7416666666666667,0.7516666666666667,0.00999999999999996,-0.029999999999999916
R2,10,Dreyer2023,63,0.8133333333333332,0.8450000000000001,0.03166666666666666,-0.0216666666666665
R2,10,Dreyer2023,64,0.765,0.8033333333333333,0.038333333333333316,0.030000000000000138
R2,10,Dreyer2023,65,0.835,0.8416666666666666,0.006666666666666638,-0.006666666666666821
R2,10,Dreyer2023,66,0.7583333333333334,0.7216666666666667,-0.03666666666666668,0.0033333333333332993
R2,10,Dreyer2023,67,0.7916666666666666,0.79,-0.0016666666666666607,-0.0016666666666665941
R2,10,Dreyer2023,68,0.7383333333333334,0.7833333333333334,0.045,0.04833333333333345
R2,10,Dreyer2023,69,0.8516666666666666,0.8300000000000001,-0.02166666666666664,-0.014999999999999902
R2,10,Dreyer2023,70,0.6716666666666666,0.67,-0.0016666666666667004,0.0050000000000000044
R2,10,Dreyer2023,71,0.8550000000000001,0.8400000000000001,-0.015,0.01333333333333353
R2,10,Dreyer2023,72,0.8099999999999999,0.8300000000000001,0.020000000000000025,0.008333333333333415
R2,10,Dreyer2023,73,0.7466666666666667,0.8333333333333334,0.08666666666666664,0.05833333333333335
R2,10,Dreyer2023,74,0.735,0.755,0.01999999999999998,0.00666666666666671
R2,10,Dreyer2023,75,0.7583333333333334,0.7516666666666667,-0.006666666666666679,-0.023333333333333317
R2,10,Dreyer2023,76,0.8216666666666667,0.8766666666666666,0.05499999999999996,0.023333333333333317
R2,10,Dreyer2023,77,0.8233333333333333,0.8383333333333333,0.014999999999999996,-0.013333333333333308
R2,10,Dreyer2023,80,0.7116666666666667,0.7633333333333333,0.05166666666666662,0.025000000000000022
R2,10,Dreyer2023,81,0.8299999999999998,0.8583333333333334,0.02833333333333336,0.0033333333333332993
R2,10,Dreyer2023,82,0.795,0.765,-0.02999999999999996,-0.00666666666666671
R2,10,Dreyer2023,83,0.6883333333333334,0.6816666666666666,-0.006666666666666659,-0.01333333333333342
R2,10,Dreyer2023,84,0.8333333333333334,0.86,0.02666666666666666,0.0
R2,10,Dreyer2023,85,0.735,0.7783333333333333,0.0433333333333333,0.0016666666666667052
R2,10,Dreyer2023,86,0.8383333333333333,0.8416666666666666,0.00333333333333332,-0.011666666666666714
R2,10,Dreyer2023,87,0.7833333333333334,0.795,0.01166666666666664,-0.03166666666666651
R2,10,PhysionetMI,1,0.8356060606060606,0.8181818181818181,-0.01742424242424238,-0.018939393939394034
R2,10,PhysionetMI,2,0.8946153846153846,0.9,0.00538461538461536,-0.012307692307692242
R2,10,PhysionetMI,3,0.9484848484848485,0.9568181818181817,0.0083333333333333,0.0
R2,10,PhysionetMI,4,0.9196969696969697,0.9204545454545455,0.0007575757575757402,0.046969696969697106
R2,10,PhysionetMI,5,0.7204545454545455,0.7068181818181818,-0.013636363636363577,-0.004545454545454519
R2,10,PhysionetMI,6,0.8825757575757576,0.8704545454545455,-0.01212121212121206,-0.012121212121212088
R2,10,PhysionetMI,7,0.9825757575757577,0.990909090909091,0.00833333333333334,0.0
R2,10,PhysionetMI,8,0.8325757575757574,0.8424242424242424,0.00984848484848494,0.003030303030302939
R2,10,PhysionetMI,9,0.9076923076923077,0.9284615384615386,0.020769230769230762,0.028461538461538538
R2,10,PhysionetMI,10,0.7276923076923077,0.7284615384615385,0.0007692307692307606,-0.004615384615384688
R2,10,PhysionetMI,11,0.725,0.7242424242424242,-0.0007575757575758,-0.010606060606060619
R2,10,PhysionetMI,12,0.8643939393939395,0.8810606060606061,0.01666666666666666,0.025000000000000022
R2,10,PhysionetMI,13,0.803030303030303,0.775,-0.028030303030303023,0.008333333333333304
R2,10,PhysionetMI,14,0.7734848484848486,0.8151515151515152,0.041666666666666644,-0.0015151515151514694
R2,10,PhysionetMI,15,0.9284615384615386,0.9823076923076923,0.0538461538461538,0.05153846153846153
R2,10,PhysionetMI,16,0.6053030303030302,0.678030303030303,0.07272727272727272,-0.01666666666666672
R2,10,PhysionetMI,17,0.803030303030303,0.8939393939393939,0.09090909090909097,0.11742424242424232
R2,10,PhysionetMI,18,1.0,1.0,0.0,0.0
R2,10,PhysionetMI,19,0.9106060606060605,0.8939393939393939,-0.01666666666666668,0.0
R2,10,PhysionetMI,20,0.9045454545454547,0.9212121212121211,0.016666666666666618,0.027272727272727226
R2,10,PhysionetMI,21,0.759090909090909,0.8007575757575758,0.0416666666666667,0.022727272727272707
R2,10,PhysionetMI,22,0.9636363636363636,0.9545454545454547,-0.00909090909090908,0.0
R2,10,PhysionetMI,23,0.7838461538461539,0.8092307692307692,0.02538461538461536,0.0
R2,10,PhysionetMI,24,0.7863636363636364,0.7621212121212121,-0.024242424242424197,-0.03181818181818186
R2,10,PhysionetMI,25,0.5954545454545455,0.5287878787878788,-0.0666666666666666,-0.006060606060605989
R2,10,PhysionetMI,26,0.6407692307692308,0.5876923076923076,-0.05307692307692308,-0.023076923076923106
R2,10,PhysionetMI,27,0.8696969696969697,0.8424242424242424,-0.02727272727272726,-0.00909090909090915
R2,10,PhysionetMI,28,0.7984848484848485,0.8242424242424242,0.025757575757575722,-0.018181818181818188
R2,10,PhysionetMI,29,0.7386363636363636,0.8045454545454545,0.06590909090909092,0.07575757575757569
R2,10,PhysionetMI,30,0.8583333333333334,0.875,0.016666666666666618,-0.026515151515151603
R2,10,PhysionetMI,31,0.7416666666666667,0.7560606060606061,0.01439393939393938,-0.027272727272727337
R2,10,PhysionetMI,32,0.9323076923076924,0.9023076923076923,-0.02999999999999996,-0.0476923076923077
R2,10,PhysionetMI,33,0.9295454545454545,0.9280303030303031,-0.0015151515151515,0.015909090909090984
R2,10,PhysionetMI,34,0.8215384615384614,0.8461538461538461,0.024615384615384622,0.04230769230769227
R2,10,PhysionetMI,35,0.8143939393939394,0.85,0.0356060606060606,0.027272727272727337
R2,10,PhysionetMI,36,0.9113636363636364,0.884090909090909,-0.027272727272727237,-0.054545454545454675
R2,10,PhysionetMI,37,0.6795454545454545,0.7128787878787879,0.03333333333333332,0.10833333333333328
R2,10,PhysionetMI,38,0.49469696969696975,0.4924242424242424,-0.0022727272727272804,0.003787878787878729
R2,10,PhysionetMI,39,0.7454545454545455,0.753030303030303,0.0075757575757576055,0.0015151515151514694
R2,10,PhysionetMI,40,0.9818181818181818,0.9833333333333332,0.0015151515151514805,0.0015151515151513584
R2,10,PhysionetMI,41,0.9692307692307693,0.9592307692307692,-0.00999999999999998,-0.033076923076923115
R2,10,PhysionetMI,42,0.8916666666666668,0.9325757575757576,0.04090909090909086,0.07424242424242422
R2,10,PhysionetMI,43,0.8212121212121211,0.8621212121212121,0.04090909090909094,0.024242424242424176
R2,10,PhysionetMI,44,0.8606060606060606,0.9053030303030303,0.04469696969696966,0.0
R2,10,PhysionetMI,45,0.7984848484848485,0.7848484848484849,-0.013636363636363596,-0.030303030303030276
R2,10,PhysionetMI,46,0.7424242424242424,0.7954545454545455,0.053030303030303004,0.05378787878787883
R2,10,PhysionetMI,47,0.7348484848484849,0.746969696969697,0.012121212121212099,-0.011363636363636465
R2,10,PhysionetMI,48,0.990909090909091,1.0,0.00909090909090908,0.0
R2,10,PhysionetMI,49,0.7628787878787879,0.7386363636363636,-0.02424242424242424,-0.03257575757575759
R2,10,PhysionetMI,50,0.7803030303030303,0.8303030303030303,0.049999999999999975,0.04166666666666674
R2,10,PhysionetMI,51,0.8242424242424242,0.7916666666666666,-0.03257575757575756,-0.06590909090909103
R2,10,PhysionetMI,52,0.8661538461538463,0.8992307692307693,0.03307692307692308,0.01538461538461533
R2,10,PhysionetMI,53,0.9015151515151516,0.9015151515151516,-1.3877787807814458e-18,0.018181818181818188
R2,10,PhysionetMI,54,0.8909090909090909,0.8893939393939394,-0.0015151515151515193,-0.01060606060606073
R2,10,PhysionetMI,55,0.8462121212121213,0.8704545454545455,0.02424242424242422,-0.0007575757575756237
R2,10,PhysionetMI,56,0.8356060606060606,0.8431818181818181,0.007575757575757599,-0.015909090909090984
R2,10,PhysionetMI,57,0.949242424242424,0.9499999999999998,0.0007575757575757805,-0.008333333333333415
R2,10,PhysionetMI,58,0.8161538461538462,0.8538461538461538,0.03769230769230766,0.024615384615384484
R2,10,PhysionetMI,59,0.6659090909090909,0.6712121212121211,0.005303030303030339,-0.0037878787878788955
R2,10,PhysionetMI,60,0.8884615384615385,0.8561538461538462,-0.03230769230769228,-0.002307692307692233
R2,10,PhysionetMI,61,0.9545454545454547,0.9545454545454547,0.0,0.0
R2,10,PhysionetMI,62,0.9583333333333333,0.9416666666666667,-0.016666666666666642,0.0
R2,10,PhysionetMI,63,0.7287878787878788,0.7992424242424242,0.07045454545454544,-0.009848484848484995
R2,10,PhysionetMI,64,0.7621212121212122,0.7787878787878787,0.01666666666666658,0.016666666666666607
R2,10,PhysionetMI,65,0.9242424242424242,0.940909090909091,0.016666666666666642,0.03257575757575759
R2,10,PhysionetMI,66,0.7704545454545455,0.7946969696969697,0.024242424242424218,0.024242424242424176
R2,10,PhysionetMI,67,0.7916666666666666,0.8136363636363637,0.02196969696969698,0.06439393939393945
R2,10,PhysionetMI,68,0.6727272727272727,0.7068181818181818,0.03409090909090908,-0.017424242424242564
R2,10,PhysionetMI,69,0.8284615384615386,0.8569230769230769,0.02846153846153842,0.017692307692307674
R2,10,PhysionetMI,70,0.9659090909090908,0.9499999999999998,-0.01590909090909092,-0.015151515151515249
R2,10,PhysionetMI,71,0.9143939393939393,0.9053030303030303,-0.00909090909090902,0.008333333333333193
R2,10,PhysionetMI,72,1.0,0.9825757575757577,-0.01742424242424242,0.0007575757575758457
R2,10,PhysionetMI,73,0.7568181818181818,0.7522727272727273,-0.004545454545454521,-0.0060606060606061
R2,10,PhysionetMI,74,0.7575757575757576,0.7734848484848484,0.015909090909090862,-0.0181818181818183
R2,10,PhysionetMI,75,0.6606060606060606,0.6712121212121211,0.01060606060606052,0.008333333333333304
R2,10,PhysionetMI,76,0.5515151515151515,0.49318181818181817,-0.058333333333333307,-0.11212121212121207
R2,10,PhysionetMI,77,0.6037878787878788,0.5946969696969697,-0.009090909090909061,0.0007575757575757347
R2,10,PhysionetMI,78,0.5621212121212121,0.593939393939394,0.031818181818181863,0.013636363636363669
R2,10,PhysionetMI,79,0.7515151515151516,0.7606060606060606,0.00909090909090908,0.009848484848484884
R2,10,PhysionetMI,80,0.7907692307692308,0.86,0.06923076923076918,0.05615384615384611
R2,10,PhysionetMI,81,0.8704545454545455,0.8901515151515152,0.019696969696969678,0.009848484848484773
R2,10,PhysionetMI,82,0.8113636363636363,0.8621212121212121,0.050757575757575724,0.02499999999999991
R2,10,PhysionetMI,83,0.7215384615384616,0.7046153846153846,-0.01692307692307696,-0.056923076923076965
R2,10,PhysionetMI,84,0.8825757575757576,0.8583333333333334,-0.02424242424242426,0.012121212121212088
R2,10,PhysionetMI,85,0.8878787878787879,0.8568181818181818,-0.0310606060606061,-0.022727272727272707
R2,10,PhysionetMI,86,0.9846153846153847,0.9846153846153847,0.0,0.0
R2,10,PhysionetMI,87,0.6386363636363636,0.6522727272727272,0.013636363636363679,0.005303030303030254
R2,10,PhysionetMI,90,0.8727272727272727,0.8742424242424243,0.0015151515151515,0.0
R2,10,PhysionetMI,91,0.9166666666666666,0.9166666666666666,0.0,0.025000000000000022
R2,10,PhysionetMI,93,0.7886363636363637,0.7977272727272727,0.00909090909090912,0.018939393939393923
R2,10,PhysionetMI,94,0.7954545454545455,0.8204545454545455,0.02499999999999996,0.017424242424242453
R2,10,PhysionetMI,95,0.6515384615384615,0.6253846153846154,-0.026153846153846184,0.0015384615384615996
R2,10,PhysionetMI,96,0.8583333333333332,0.8212121212121213,-0.03712121212121204,-0.0454545454545453
R2,10,PhysionetMI,97,0.7696969696969697,0.7780303030303031,0.008333333333333397,0.00757575757575768
R2,10,PhysionetMI,98,0.4621212121212121,0.4431818181818182,-0.01893939393939392,-0.028030303030303017
R2,10,PhysionetMI,99,0.6151515151515151,0.6424242424242423,0.027272727272727237,0.021212121212121127
R2,10,PhysionetMI,101,0.8976923076923077,0.9338461538461539,0.03615384615384614,0.0361538461538462
R2,10,PhysionetMI,102,0.7416666666666667,0.8181818181818181,0.07651515151515145,0.02954545454545443
R2,10,PhysionetMI,103,0.8575757575757577,0.8507575757575758,-0.0068181818181818595,-0.006060606060605989
R2,10,PhysionetMI,105,0.9068181818181819,0.8992424242424244,-0.0075757575757575,0.0
R2,10,PhysionetMI,107,0.5553030303030303,0.5856060606060607,0.03030303030303032,0.011363636363636465
R2,10,PhysionetMI,108,0.8537878787878788,0.8204545454545455,-0.033333333333333236,0.0
R2,10,PhysionetMI,109,0.6537878787878788,0.7098484848484848,0.056060606060606054,0.03106060606060601
R2,20,Cho2017,1,0.642,0.6439999999999999,0.0020000000000000213,0.027999999999999914
R2,20,Cho2017,2,0.524,0.516,-0.008,-0.018000000000000016
R2,20,Cho2017,3,0.6719999999999999,0.78,0.10799999999999996,0.006000000000000005
R2,20,Cho2017,4,0.64,0.712,0.07199999999999993,0.04599999999999993
R2,20,Cho2017,5,1.0,1.0,0.0,0.0
R2,20,Cho2017,6,0.8140000000000001,0.8160000000000001,0.00199999999999998,0.0040000000000000036
R2,20,Cho2017,7,0.5033333333333333,0.5383333333333333,0.03499999999999996,-0.0016666666666667052
R2,20,Cho2017,8,0.54,0.55,0.010000000000000018,0.006000000000000005
R2,20,Cho2017,9,0.5433333333333333,0.6116666666666667,0.06833333333333332,0.046666666666666634
R2,20,Cho2017,10,0.5820000000000001,0.59,0.007999999999999959,-0.01200000000000001
R2,20,Cho2017,11,0.604,0.6060000000000001,0.0020000000000000018,-0.009999999999999898
R2,20,Cho2017,12,0.514,0.586,0.07199999999999994,0.02200000000000002
R2,20,Cho2017,13,0.8460000000000001,0.95,0.1039999999999999,0.0039999999999998925
R2,20,Cho2017,14,0.7220000000000001,0.852,0.13,0.018000000000000016
R2,20,Cho2017,15,0.52,0.56,0.04,0.026000000000000023
R2,20,Cho2017,16,0.626,0.6479999999999999,0.02199999999999994,-0.030000000000000027
R2,20,Cho2017,17,0.55,0.556,0.005999999999999979,-0.008000000000000007
R2,20,Cho2017,18,0.6140000000000001,0.63,0.015999999999999938,0.0
R2,20,Cho2017,19,0.522,0.55,0.028000000000000004,-0.008000000000000007
R2,20,Cho2017,20,0.5660000000000001,0.6140000000000001,0.04799999999999996,0.014000000000000123
R2,20,Cho2017,21,0.546,0.596,0.049999999999999975,-0.006000000000000005
R2,20,Cho2017,22,0.592,0.626,0.033999999999999905,-0.0020000000000000018
R2,20,Cho2017,23,0.562,0.608,0.045999999999999965,-0.010000000000000009
R2,20,Cho2017,24,0.49399999999999994,0.5660000000000001,0.072,0.016000000000000014
R2,20,Cho2017,25,0.554,0.5880000000000001,0.033999999999999975,0.006000000000000005
R2,20,Cho2017,26,0.99,0.992,0.002,0.0
R2,20,Cho2017,27,0.5660000000000001,0.5980000000000001,0.032,0.038000000000000145
R2,20,Cho2017,28,0.5820000000000001,0.666,0.08399999999999994,0.08399999999999996
R2,20,Cho2017,29,0.502,0.52,0.01799999999999998,-0.0020000000000000018
R2,20,Cho2017,30,0.638,0.724,0.086,-0.02400000000000002
R2,20,Cho2017,31,0.548,0.5900000000000001,0.04199999999999998,0.03200000000000003
R2,20,Cho2017,32,0.534,0.552,0.018,-0.010000000000000009
R2,20,Cho2017,33,0.5860000000000001,0.55,-0.035999999999999935,-0.006000000000000005
R2,20,Cho2017,34,0.548,0.584,0.03599999999999998,0.016000000000000014
R2,20,Cho2017,35,0.396,0.36,-0.03600000000000001,0.0020000000000000018
R2,20,Cho2017,36,0.534,0.5980000000000001,0.06399999999999997,0.03200000000000003
R2,20,Cho2017,37,0.874,0.876,0.0020000000000000213,0.0020000000000000018
R2,20,Cho2017,38,0.5780000000000001,0.568,-0.010000000000000002,-0.02000000000000013
R2,20,Cho2017,39,0.528,0.544,0.01600000000000002,0.0040000000000000036
R2,20,Cho2017,40,0.528,0.49399999999999994,-0.03399999999999996,0.0119999999999999
R2,20,Cho2017,41,0.616,0.63,0.013999999999999962,0.010000000000000009
R2,20,Cho2017,42,0.542,0.576,0.03399999999999996,0.02199999999999991
R2,20,Cho2017,43,1.0,1.0,0.0,0.0
R2,20,Cho2017,44,0.9359999999999999,0.952,0.016,0.016000000000000014
R2,20,Cho2017,45,0.538,0.56,0.02199999999999998,0.02200000000000002
R2,20,Cho2017,46,0.5483333333333333,0.62,0.0716666666666666,0.05499999999999994
R2,20,Cho2017,47,0.8380000000000001,0.866,0.02799999999999998,0.03599999999999992
R2,20,Cho2017,48,0.662,0.704,0.04199999999999994,-0.006000000000000005
R2,20,Cho2017,49,0.994,1.0,0.006,0.0
R2,20,Cho2017,50,0.95,0.986,0.03599999999999998,0.013999999999999901
R2,20,Cho2017,51,0.56,0.634,0.07399999999999993,0.019999999999999907
R2,20,Cho2017,52,0.604,0.6519999999999999,0.047999999999999945,0.09399999999999986
R2,20,Dreyer2023,1,0.8850000000000001,0.9133333333333333,0.0283333333333333,0.0050000000000001155
R2,20,Dreyer2023,2,0.6833333333333333,0.6666666666666667,-0.016666666666666642,-0.03166666666666662
R2,20,Dreyer2023,3,0.8183333333333334,0.7983333333333335,-0.01999999999999998,-0.05666666666666664
R2,20,Dreyer2023,5,0.8766666666666667,0.9033333333333333,0.0266666666666666,0.004999999999999893
R2,20,Dreyer2023,6,0.7716666666666667,0.835,0.0633333333333333,0.015000000000000013
R2,20,Dreyer2023,7,0.9766666666666666,0.985,0.00833333333333338,0.019999999999999907
R2,20,Dreyer2023,8,0.8266666666666665,0.875,0.0483333333333333,0.03499999999999992
R2,20,Dreyer2023,10,0.9116666666666667,0.9383333333333332,0.026666666666666623,0.0016666666666664831
R2,20,Dreyer2023,11,0.6316666666666666,0.625,-0.0066666666666666385,0.020000000000000018
R2,20,Dreyer2023,12,0.8949999999999999,0.925,0.02999999999999996,-0.0050000000000000044
R2,20,Dreyer2023,13,0.7566666666666666,0.75,-0.006666666666666659,-0.011666666666666603
R2,20,Dreyer2023,14,0.6916666666666667,0.7183333333333334,0.02666666666666668,0.025000000000000022
R2,20,Dreyer2023,15,0.9266666666666665,0.9383333333333332,0.01166666666666666,0.006666666666666599
R2,20,Dreyer2023,16,0.8266666666666668,0.8633333333333333,0.03666666666666664,0.033333333333333215
R2,20,Dreyer2023,18,0.9066666666666666,0.9533333333333334,0.04666666666666662,0.036666666666666736
R2,20,Dreyer2023,19,0.8949999999999999,0.905,0.009999999999999981,-0.0216666666666665
R2,20,Dreyer2023,20,0.8966666666666667,0.9233333333333332,0.02666666666666666,0.0033333333333330772
R2,20,Dreyer2023,21,0.9116666666666665,0.93,0.01833333333333332,0.0016666666666667052
R2,20,Dreyer2023,22,0.9283333333333333,0.8816666666666666,-0.04666666666666665,-0.036666666666666625
R2,20,Dreyer2023,23,0.7366666666666667,0.7483333333333333,0.011666666666666681,-0.021666666666666723
R2,20,Dreyer2023,24,0.9399999999999998,0.9649999999999999,0.024999999999999918,-0.0050000000000001155
R2,20,Dreyer2023,25,0.67,0.7083333333333333,0.03833333333333328,-0.0050000000000000044
R2,20,Dreyer2023,26,0.7783333333333333,0.845,0.06666666666666657,0.008333333333333304
R2,20,Dreyer2023,27,0.8066666666666666,0.8183333333333334,0.011666666666666641,-0.0033333333333332993
R2,20,Dreyer2023,28,0.7716666666666667,0.7483333333333333,-0.02333333333333326,-0.04166666666666674
R2,20,Dreyer2023,30,0.7116666666666667,0.7433333333333334,0.031666666666666635,0.0
R2,20,Dreyer2023,31,0.8733333333333333,0.9283333333333333,0.05499999999999998,0.019999999999999907
R2,20,Dreyer2023,32,0.845,0.9033333333333333,0.05833333333333328,0.02833333333333332
R2,20,Dreyer2023,33,0.795,0.74,-0.05500000000000001,-0.06500000000000006
R2,20,Dreyer2023,34,0.7933333333333333,0.8383333333333333,0.0449999999999999,-0.0016666666666668162
R2,20,Dreyer2023,35,0.7499999999999999,0.7233333333333333,-0.026666666666666637,-0.06166666666666665
R2,20,Dreyer2023,36,0.7983333333333332,0.8283333333333334,0.03000000000000002,-0.009999999999999898
R2,20,Dreyer2023,37,0.735,0.6933333333333334,-0.04166666666666666,-0.0016666666666667052
R2,20,Dreyer2023,38,0.8533333333333333,0.8983333333333334,0.044999999999999964,0.01000000000000012
R2,20,Dreyer2023,39,0.9183333333333333,0.9383333333333332,0.020000000000000025,-0.013333333333333308
R2,20,Dreyer2023,40,0.8534482758620691,0.8775862068965518,0.0241379310344828,0.0
R2,20,Dreyer2023,42,0.74,0.7816666666666666,0.041666666666666616,-0.0033333333333332993
R2,20,Dreyer2023,43,0.8816666666666666,0.8933333333333333,0.011666666666666641,-0.0033333333333334103
R2,20,Dreyer2023,44,0.6466666666666667,0.6533333333333333,0.006666666666666659,0.0016666666666667052
R2,20,Dreyer2023,45,0.7466666666666667,0.82,0.07333333333333329,0.004999999999999893
R2,20,Dreyer2023,46,0.7366666666666667,0.7716666666666667,0.03499999999999996,0.00666666666666671
R2,20,Dreyer2023,47,0.8949999999999999,0.9016666666666666,0.00666666666666664,0.0
R2,20,Dreyer2023,48,0.6683333333333333,0.6466666666666667,-0.02166666666666664,-0.006666666666666599
R2,20,Dreyer2023,49,0.7833333333333333,0.8033333333333333,0.020000000000000018,-0.029999999999999916
R2,20,Dreyer2023,50,0.6166666666666666,0.6333333333333333,0.01666666666666666,-0.0050000000000000044
R2,20,Dreyer2023,51,0.7466666666666667,0.7699999999999999,0.0233333333333333,0.004999999999999893
R2,20,Dreyer2023,52,0.7966666666666666,0.8116666666666668,0.015000000000000003,-0.011666666666666714
R2,20,Dreyer2023,53,0.7866666666666667,0.7916666666666666,0.004999999999999982,-0.026666666666666727
R2,20,Dreyer2023,54,0.7016666666666667,0.78,0.07833333333333334,0.033333333333333326
R2,20,Dreyer2023,55,0.9366666666666668,0.9316666666666666,-0.00500000000000002,0.0016666666666667052
R2,20,Dreyer2023,56,0.9200000000000002,0.9199999999999999,-1.9428902930940238e-17,-0.030000000000000027
R2,20,Dreyer2023,57,0.635,0.6849999999999999,0.04999999999999996,0.013333333333333308
R2,20,Dreyer2023,58,0.9233333333333332,0.9516666666666665,0.0283333333333333,0.0050000000000000044
R2,20,Dreyer2023,59,0.78,0.7775000000000001,-0.002500000000000001,-0.019999999999999907
R2,20,Dreyer2023,60,0.8066666666666666,0.875,0.0683333333333333,0.026666666666666616
R2,20,Dreyer2023,61,0.8633333333333333,0.8316666666666667,-0.031666666666666676,-0.06166666666666665
R2,20,Dreyer2023,62,0.7416666666666667,0.7666666666666666,0.02499999999999996,-0.015000000000000013
R2,20,Dreyer2023,63,0.8133333333333332,0.8583333333333334,0.04499999999999996,-0.008333333333333193
R2,20,Dreyer2023,64,0.765,0.8116666666666668,0.04666666666666664,0.03833333333333355
R2,20,Dreyer2023,65,0.835,0.8483333333333334,0.013333333333333319,0.0
R2,20,Dreyer2023,66,0.7583333333333334,0.7183333333333334,-0.03999999999999998,0.0
R2,20,Dreyer2023,67,0.7916666666666666,0.7933333333333333,0.0016666666666666837,0.0016666666666667052
R2,20,Dreyer2023,68,0.7383333333333334,0.7716666666666667,0.03333333333333326,0.036666666666666736
R2,20,Dreyer2023,69,0.8516666666666666,0.8466666666666667,-0.00499999999999998,0.0016666666666667052
R2,20,Dreyer2023,70,0.6716666666666666,0.6783333333333333,0.00666666666666664,0.013333333333333308
R2,20,Dreyer2023,71,0.8550000000000001,0.835,-0.02,0.008333333333333415
R2,20,Dreyer2023,72,0.8099999999999999,0.8316666666666667,0.021666666666666678,0.010000000000000009
R2,20,Dreyer2023,73,0.7466666666666667,0.8166666666666667,0.06999999999999997,0.04166666666666663
R2,20,Dreyer2023,74,0.735,0.7483333333333333,0.013333333333333319,0.0
R2,20,Dreyer2023,75,0.7583333333333334,0.7366666666666667,-0.02166666666666666,-0.03833333333333333
R2,20,Dreyer2023,76,0.8216666666666667,0.8783333333333333,0.05666666666666662,0.025000000000000022
R2,20,Dreyer2023,77,0.8233333333333333,0.845,0.021666666666666678,-0.006666666666666599
R2,20,Dreyer2023,80,0.7116666666666667,0.78,0.0683333333333333,0.04166666666666674
R2,20,Dreyer2023,81,0.8299999999999998,0.8583333333333334,0.02833333333333334,0.0033333333333332993
R2,20,Dreyer2023,82,0.795,0.8166666666666667,0.02166666666666664,0.04499999999999993
R2,20,Dreyer2023,83,0.6883333333333334,0.6783333333333333,-0.01,-0.01666666666666672
R2,20,Dreyer2023,84,0.8333333333333334,0.865,0.03166666666666664,0.0050000000000000044
R2,20,Dreyer2023,85,0.735,0.7699999999999999,0.03499999999999994,-0.00666666666666671
R2,20,Dreyer2023,86,0.8383333333333333,0.8466666666666667,0.008333333333333321,-0.006666666666666599
R2,20,Dreyer2023,87,0.7833333333333334,0.78,-0.003333333333333361,-0.04666666666666652
R2,20,PhysionetMI,1,0.8356060606060606,0.8272727272727274,-0.008333333333333321,-0.009848484848484773
R2,20,PhysionetMI,2,0.8946153846153846,0.9099999999999999,0.01538461538461534,-0.002307692307692344
R2,20,PhysionetMI,3,0.9484848484848485,0.9568181818181817,0.0083333333333333,0.0
R2,20,PhysionetMI,4,0.9196969696969697,0.918939393939394,-0.0007575757575757402,0.045454545454545525
R2,20,PhysionetMI,5,0.7204545454545455,0.6984848484848485,-0.02196969696969694,-0.012878787878787823
R2,20,PhysionetMI,6,0.8825757575757576,0.9128787878787878,0.030303030303030283,0.030303030303030276
R2,20,PhysionetMI,7,0.9825757575757577,0.9825757575757574,0.0,-0.008333333333333526
R2,20,PhysionetMI,8,0.8325757575757574,0.8196969696969697,-0.012878787878787818,-0.01969696969696977
R2,20,PhysionetMI,9,0.9076923076923077,0.9184615384615386,0.010769230769230758,0.01846153846153853
R2,20,PhysionetMI,10,0.7276923076923077,0.71,-0.01769230769230768,-0.023076923076923217
R2,20,PhysionetMI,11,0.725,0.706060606060606,-0.018939393939393902,-0.028787878787878807
R2,20,PhysionetMI,12,0.8643939393939395,0.8621212121212121,-0.0022727272727272596,0.006060606060605989
R2,20,PhysionetMI,13,0.803030303030303,0.8196969696969697,0.01666666666666672,0.05303030303030298
R2,20,PhysionetMI,14,0.7734848484848486,0.825,0.05151515151515148,0.008333333333333304
R2,20,PhysionetMI,15,0.9284615384615386,0.9823076923076923,0.05384615384615382,0.05153846153846153
R2,20,PhysionetMI,16,0.6053030303030302,0.6212121212121213,0.015909090909090977,-0.07348484848484838
R2,20,PhysionetMI,17,0.803030303030303,0.815909090909091,0.012878787878787944,0.039393939393939426
R2,20,PhysionetMI,18,1.0,1.0,0.0,0.0
R2,20,PhysionetMI,19,0.9106060606060605,0.8954545454545455,-0.01515151515151516,0.0015151515151515804
R2,20,PhysionetMI,20,0.9045454545454547,0.9386363636363637,0.03409090909090904,0.04469696969696979
R2,20,PhysionetMI,21,0.759090909090909,0.775,0.015909090909090963,-0.00303030303030305
R2,20,PhysionetMI,22,0.9636363636363636,0.9545454545454547,-0.00909090909090908,0.0
R2,20,PhysionetMI,23,0.7838461538461539,0.8007692307692308,0.016923076923076923,-0.00846153846153841
R2,20,PhysionetMI,24,0.7863636363636364,0.8015151515151515,0.01515151515151516,0.007575757575757569
R2,20,PhysionetMI,25,0.5954545454545455,0.5189393939393939,-0.07651515151515148,-0.015909090909090873
R2,20,PhysionetMI,26,0.6407692307692308,0.6015384615384616,-0.03923076923076922,-0.009230769230769154
R2,20,PhysionetMI,27,0.8696969696969697,0.8613636363636363,-0.00833333333333334,0.009848484848484773
R2,20,PhysionetMI,28,0.7984848484848485,0.8530303030303031,0.05454545454545452,0.01060606060606073
R2,20,PhysionetMI,29,0.7386363636363636,0.7954545454545455,0.05681818181818182,0.06666666666666676
R2,20,PhysionetMI,30,0.8583333333333334,0.8757575757575757,0.01742424242424244,-0.025757575757575868
R2,20,PhysionetMI,31,0.7416666666666667,0.7681818181818182,0.02651515151515148,-0.015151515151515249
R2,20,PhysionetMI,32,0.9323076923076924,0.9046153846153846,-0.027692307692307662,-0.04538461538461536
R2,20,PhysionetMI,33,0.9295454545454545,0.9204545454545455,-0.00909090909090908,0.008333333333333415
R2,20,PhysionetMI,34,0.8215384615384614,0.8692307692307694,0.047692307692307694,0.06538461538461549
R2,20,PhysionetMI,35,0.8143939393939394,0.831060606060606,0.01666666666666668,0.008333333333333415
R2,20,PhysionetMI,36,0.9113636363636364,0.9045454545454545,-0.006818181818181823,-0.03409090909090917
R2,20,PhysionetMI,37,0.6795454545454545,0.7689393939393939,0.08939393939393941,0.16439393939393931
R2,20,PhysionetMI,38,0.49469696969696975,0.49090909090909085,-0.003787878787878779,0.002272727272727204
R2,20,PhysionetMI,39,0.7454545454545455,0.7522727272727273,0.006818181818181843,0.0007575757575757347
R2,20,PhysionetMI,40,0.9818181818181818,1.0,0.01818181818181816,0.018181818181818188
R2,20,PhysionetMI,41,0.9692307692307693,0.9492307692307692,-0.01999999999999998,-0.043076923076923124
R2,20,PhysionetMI,42,0.8916666666666668,0.8916666666666668,1.8041124150158794e-17,0.03333333333333344
R2,20,PhysionetMI,43,0.8212121212121211,0.8704545454545455,0.04924242424242426,0.03257575757575759
R2,20,PhysionetMI,44,0.8606060606060606,0.8598484848484848,-0.00075757575757574,-0.045454545454545525
R2,20,PhysionetMI,45,0.7984848484848485,0.8121212121212121,0.013636363636363658,-0.00303030303030305
R2,20,PhysionetMI,46,0.7424242424242424,0.753030303030303,0.01060606060606052,0.011363636363636354
R2,20,PhysionetMI,47,0.7348484848484849,0.7840909090909092,0.04924242424242426,0.025757575757575757
R2,20,PhysionetMI,48,0.990909090909091,1.0,0.00909090909090908,0.0
R2,20,PhysionetMI,49,0.7628787878787879,0.746969696969697,-0.015909090909090963,-0.024242424242424288
R2,20,PhysionetMI,50,0.7803030303030303,0.8234848484848485,0.043181818181818155,0.034848484848484906
R2,20,PhysionetMI,51,0.8242424242424242,0.8765151515151516,0.05227272727272729,0.018939393939393923
R2,20,PhysionetMI,52,0.8661538461538463,0.9115384615384616,0.045384615384615426,0.027692307692307683
R2,20,PhysionetMI,53,0.9015151515151516,0.946969696969697,0.04545454545454542,0.0636363636363636
R2,20,PhysionetMI,54,0.8909090909090909,0.8893939393939394,-0.0015151515151515193,-0.01060606060606073
R2,20,PhysionetMI,55,0.8462121212121213,0.8712121212121213,0.025,2.220446049250313e-16
R2,20,PhysionetMI,56,0.8356060606060606,0.8613636363636363,0.025757575757575757,0.002272727272727204
R2,20,PhysionetMI,57,0.949242424242424,0.9583333333333333,0.00909090909090908,0.0
R2,20,PhysionetMI,58,0.8161538461538462,0.8761538461538463,0.06,0.046923076923076956
R2,20,PhysionetMI,59,0.6659090909090909,0.7,0.03409090909090908,0.02499999999999991
R2,20,PhysionetMI,60,0.8884615384615385,0.8738461538461539,-0.01461538461538458,0.015384615384615552
R2,20,PhysionetMI,61,0.9545454545454547,0.9545454545454547,0.0,0.0
R2,20,PhysionetMI,62,0.9583333333333333,0.9583333333333333,0.0,0.016666666666666607
R2,20,PhysionetMI,63,0.7287878787878788,0.718939393939394,-0.009848484848484823,-0.0901515151515152
R2,20,PhysionetMI,64,0.7621212121212122,0.7704545454545454,0.008333333333333241,0.008333333333333304
R2,20,PhysionetMI,65,0.9242424242424242,0.9242424242424242,-2.0816681711721685e-17,0.01590909090909076
R2,20,PhysionetMI,66,0.7704545454545455,0.7643939393939394,-0.006060606060606079,-0.0060606060606061
R2,20,PhysionetMI,67,0.7916666666666666,0.8469696969696969,0.05530303030303032,0.09772727272727266
R2,20,PhysionetMI,68,0.6727272727272727,0.7068181818181818,0.03409090909090906,-0.017424242424242564
R2,20,PhysionetMI,69,0.8284615384615386,0.8546153846153846,0.02615384615384614,0.01538461538461533
R2,20,PhysionetMI,70,0.9659090909090908,0.9499999999999998,-0.01590909090909092,-0.015151515151515249
R2,20,PhysionetMI,71,0.9143939393939393,0.8969696969696971,-0.01742424242424238,0.0
R2,20,PhysionetMI,72,1.0,0.990909090909091,-0.00909090909090908,0.00909090909090915
R2,20,PhysionetMI,73,0.7568181818181818,0.75,-0.006818181818181801,-0.008333333333333415
R2,20,PhysionetMI,74,0.7575757575757576,0.781060606060606,0.023484848484848463,-0.01060606060606073
R2,20,PhysionetMI,75,0.6606060606060606,0.671969696969697,0.01136363636363626,0.00909090909090915
R2,20,PhysionetMI,76,0.5515151515151515,0.5303030303030303,-0.02121212121212116,-0.07499999999999996
R2,20,PhysionetMI,77,0.6037878787878788,0.6492424242424242,0.045454545454545456,0.05530303030303019
R2,20,PhysionetMI,78,0.5621212121212121,0.5113636363636364,-0.05075757575757574,-0.06893939393939397
R2,20,PhysionetMI,79,0.7515151515151516,0.7348484848484849,-0.016666666666666642,-0.015909090909090873
R2,20,PhysionetMI,80,0.7907692307692308,0.8669230769230769,0.07615384615384609,0.06307692307692303
R2,20,PhysionetMI,81,0.8704545454545455,0.8901515151515152,0.019696969696969678,0.009848484848484773
R2,20,PhysionetMI,82,0.8113636363636363,0.8765151515151516,0.0651515151515151,0.039393939393939426
R2,20,PhysionetMI,83,0.7215384615384616,0.7423076923076923,0.0207692307692308,-0.019230769230769273
R2,20,PhysionetMI,84,0.8825757575757576,0.875,-0.0075757575757575395,0.028787878787878696
R2,20,PhysionetMI,85,0.8878787878787879,0.9401515151515152,0.05227272727272726,0.06060606060606066
R2,20,PhysionetMI,86,0.9846153846153847,0.9846153846153847,0.0,0.0
R2,20,PhysionetMI,87,0.6386363636363636,0.6386363636363637,5.828670879282072e-17,-0.008333333333333304
R2,20,PhysionetMI,90,0.8727272727272727,0.8825757575757576,0.009848484848484839,0.008333333333333304
R2,20,PhysionetMI,91,0.9166666666666666,0.8416666666666666,-0.07499999999999996,-0.050000000000000044
R2,20,PhysionetMI,93,0.7886363636363637,0.7886363636363637,1.9428902930940238e-17,0.009848484848484884
R2,20,PhysionetMI,94,0.7954545454545455,0.8106060606060606,0.01515151515151516,0.007575757575757458
R2,20,PhysionetMI,95,0.6515384615384615,0.6538461538461539,0.0023076923076922815,0.030000000000000027
R2,20,PhysionetMI,96,0.8583333333333332,0.8666666666666666,0.00833333333333334,0.0
R2,20,PhysionetMI,97,0.7696969696969697,0.8113636363636363,0.0416666666666667,0.040909090909090895
R2,20,PhysionetMI,98,0.4621212121212121,0.4704545454545454,0.008333333333333321,-0.0007575757575757902
R2,20,PhysionetMI,99,0.6151515151515151,0.6196969696969697,0.004545454545454519,-0.0015151515151514694
R2,20,PhysionetMI,101,0.8976923076923077,0.9261538461538462,0.028461538461538483,0.028461538461538538
R2,20,PhysionetMI,102,0.7416666666666667,0.7818181818181819,0.04015151515151512,-0.006818181818181834
R2,20,PhysionetMI,103,0.8575757575757577,0.840909090909091,-0.01666666666666666,-0.01590909090909076
R2,20,PhysionetMI,105,0.9068181818181819,0.9333333333333333,0.02651515151515152,0.03409090909090895
R2,20,PhysionetMI,107,0.5553030303030303,0.5840909090909091,0.02878787878787878,0.009848484848484884
R2,20,PhysionetMI,108,0.8537878787878788,0.8545454545454545,0.0007575757575757596,0.03409090909090895
R2,20,PhysionetMI,109,0.6537878787878788,0.6878787878787879,0.0340909090909091,0.009090909090909038
R2,40,Cho2017,1,0.642,0.642,4.0592529337857284e-17,0.026000000000000023
R2,40,Cho2017,2,0.524,0.52,-0.003999999999999981,-0.014000000000000012
R2,40,Cho2017,3,0.6719999999999999,0.8620000000000001,0.18999999999999995,0.08800000000000008
R2,40,Cho2017,4,0.64,0.714,0.07399999999999993,0.04799999999999993
R2,40,Cho2017,5,1.0,0.998,-0.002,-0.0020000000000000018
R2,40,Cho2017,6,0.8140000000000001,0.812,-0.00199999999999998,0.0
R2,40,Cho2017,7,0.5033333333333333,0.545,0.041666666666666664,0.0050000000000000044
R2,40,Cho2017,8,0.54,0.55,0.01000000000000002,0.006000000000000005
R2,40,Cho2017,9,0.5433333333333333,0.6100000000000001,0.06666666666666668,0.04500000000000004
R2,40,Cho2017,10,0.5820000000000001,0.624,0.042,0.02200000000000002
R2,40,Cho2017,11,0.604,0.604,1.9428902930940238e-17,-0.01200000000000001
R2,40,Cho2017,12,0.514,0.592,0.07799999999999999,0.028000000000000025
R2,40,Cho2017,13,0.8460000000000001,0.9480000000000001,0.10199999999999991,0.0020000000000000018
R2,40,Cho2017,14,0.7220000000000001,0.8440000000000001,0.122,0.01000000000000012
R2,40,Cho2017,15,0.52,0.54,0.02,0.006000000000000005
R2,40,Cho2017,16,0.626,0.6639999999999999,0.03799999999999994,-0.014000000000000012
R2,40,Cho2017,17,0.55,0.5720000000000001,0.02199999999999998,0.008000000000000007
R2,40,Cho2017,18,0.6140000000000001,0.6359999999999999,0.02199999999999996,0.005999999999999894
R2,40,Cho2017,19,0.522,0.528,0.006,-0.030000000000000027
R2,40,Cho2017,20,0.5660000000000001,0.5980000000000001,0.03199999999999996,-0.0019999999999998908
R2,40,Cho2017,21,0.546,0.594,0.04799999999999994,-0.008000000000000007
R2,40,Cho2017,22,0.592,0.64,0.04799999999999994,0.01200000000000001
R2,40,Cho2017,23,0.562,0.5960000000000001,0.033999999999999996,-0.02199999999999991
R2,40,Cho2017,24,0.49399999999999994,0.5680000000000001,0.07400000000000002,0.018000000000000016
R2,40,Cho2017,25,0.554,0.594,0.03999999999999992,0.0119999999999999
R2,40,Cho2017,26,0.99,0.992,0.002,0.0
R2,40,Cho2017,27,0.5660000000000001,0.5720000000000001,0.005999999999999983,0.012000000000000122
R2,40,Cho2017,28,0.5820000000000001,0.71,0.1279999999999999,0.1279999999999999
R2,40,Cho2017,29,0.502,0.512,0.009999999999999978,-0.010000000000000009
R2,40,Cho2017,30,0.638,0.72,0.08199999999999993,-0.028000000000000025
R2,40,Cho2017,31,0.548,0.634,0.08599999999999997,0.07599999999999996
R2,40,Cho2017,32,0.534,0.5660000000000001,0.03200000000000001,0.0040000000000000036
R2,40,Cho2017,33,0.5860000000000001,0.548,-0.03799999999999992,-0.008000000000000007
R2,40,Cho2017,34,0.548,0.5660000000000001,0.01799999999999998,-0.0019999999999998908
R2,40,Cho2017,35,0.396,0.30599999999999994,-0.09000000000000001,-0.052000000000000046
R2,40,Cho2017,36,0.534,0.5660000000000001,0.03199999999999998,0.0
R2,40,Cho2017,37,0.874,0.8720000000000001,-0.00199999999999996,-0.0019999999999998908
R2,40,Cho2017,38,0.5780000000000001,0.584,0.005999999999999982,-0.004000000000000115
R2,40,Cho2017,39,0.528,0.52,-0.00799999999999998,-0.020000000000000018
R2,40,Cho2017,40,0.528,0.4699999999999999,-0.05799999999999998,-0.012000000000000122
R2,40,Cho2017,41,0.616,0.6839999999999999,0.06799999999999995,0.06399999999999995
R2,40,Cho2017,42,0.542,0.556,0.014000000000000002,0.0020000000000000018
R2,40,Cho2017,43,1.0,1.0,0.0,0.0
R2,40,Cho2017,44,0.9359999999999999,0.9400000000000001,0.004,0.004000000000000115
R2,40,Cho2017,45,0.538,0.55,0.011999999999999959,0.01200000000000001
R2,40,Cho2017,46,0.5483333333333333,0.5966666666666667,0.04833333333333328,0.03166666666666662
R2,40,Cho2017,47,0.8380000000000001,0.85,0.01200000000000002,0.019999999999999907
R2,40,Cho2017,48,0.662,0.704,0.04199999999999996,-0.006000000000000005
R2,40,Cho2017,49,0.994,1.0,0.006,0.0
R2,40,Cho2017,50,0.95,0.982,0.03199999999999998,0.009999999999999898
R2,40,Cho2017,51,0.56,0.646,0.0859999999999999,0.03199999999999992
R2,40,Cho2017,52,0.604,0.636,0.03199999999999994,0.07799999999999996
R2,40,Dreyer2023,1,0.8850000000000001,0.9183333333333333,0.033333333333333284,0.01000000000000012
R2,40,Dreyer2023,2,0.6833333333333333,0.6849999999999999,0.0016666666666666809,-0.01333333333333342
R2,40,Dreyer2023,3,0.8183333333333334,0.8316666666666667,0.013333333333333319,-0.023333333333333428
R2,40,Dreyer2023,5,0.8766666666666667,0.8983333333333332,0.02166666666666662,-2.220446049250313e-16
R2,40,Dreyer2023,6,0.7716666666666667,0.8283333333333334,0.05666666666666664,0.008333333333333415
R2,40,Dreyer2023,7,0.9766666666666666,0.975,-0.0016666666666666399,0.009999999999999898
R2,40,Dreyer2023,8,0.8266666666666665,0.8716666666666667,0.04499999999999998,0.03166666666666662
R2,40,Dreyer2023,10,0.9116666666666667,0.9366666666666668,0.02499999999999998,0.0
R2,40,Dreyer2023,11,0.6316666666666666,0.6316666666666666,-2.0816681711721685e-17,0.026666666666666616
R2,40,Dreyer2023,12,0.8949999999999999,0.9216666666666666,0.026666666666666637,-0.008333333333333415
R2,40,Dreyer2023,13,0.7566666666666666,0.7466666666666667,-0.01,-0.014999999999999902
R2,40,Dreyer2023,14,0.6916666666666667,0.7133333333333333,0.02166666666666666,0.019999999999999907
R2,40,Dreyer2023,15,0.9266666666666665,0.9383333333333332,0.01166666666666666,0.006666666666666599
R2,40,Dreyer2023,16,0.8266666666666668,0.8566666666666667,0.02999999999999996,0.026666666666666616
R2,40,Dreyer2023,18,0.9066666666666666,0.9549999999999998,0.04833333333333326,0.03833333333333322
R2,40,Dreyer2023,19,0.8949999999999999,0.9349999999999999,0.03999999999999992,0.008333333333333415
R2,40,Dreyer2023,20,0.8966666666666667,0.925,0.02833333333333332,0.004999999999999893
R2,40,Dreyer2023,21,0.9116666666666665,0.9316666666666666,0.019999999999999983,0.0033333333333332993
R2,40,Dreyer2023,22,0.9283333333333333,0.9116666666666665,-0.01666666666666668,-0.00666666666666671
R2,40,Dreyer2023,23,0.7366666666666667,0.775,0.038333333333333316,0.0050000000000000044
R2,40,Dreyer2023,24,0.9399999999999998,0.9716666666666665,0.03166666666666658,0.0016666666666664831
R2,40,Dreyer2023,25,0.67,0.7133333333333333,0.043333333333333265,0.0
R2,40,Dreyer2023,26,0.7783333333333333,0.8133333333333332,0.034999999999999906,-0.023333333333333428
R2,40,Dreyer2023,27,0.8066666666666666,0.8116666666666668,0.005000000000000001,-0.009999999999999898
R2,40,Dreyer2023,28,0.7716666666666667,0.7966666666666666,0.025000000000000022,0.006666666666666599
R2,40,Dreyer2023,30,0.7116666666666667,0.75,0.03833333333333328,0.006666666666666599
R2,40,Dreyer2023,31,0.8733333333333333,0.915,0.041666666666666644,0.006666666666666599
R2,40,Dreyer2023,32,0.845,0.9099999999999999,0.06499999999999992,0.03499999999999992
R2,40,Dreyer2023,33,0.795,0.7483333333333333,-0.04666666666666668,-0.056666666666666754
R2,40,Dreyer2023,34,0.7933333333333333,0.8433333333333334,0.04999999999999996,0.0033333333333332993
R2,40,Dreyer2023,35,0.7499999999999999,0.8116666666666668,0.0616666666666667,0.02666666666666684
R2,40,Dreyer2023,36,0.7983333333333332,0.8316666666666667,0.03333333333333332,-0.006666666666666599
R2,40,Dreyer2023,37,0.735,0.7266666666666667,-0.008333333333333338,0.03166666666666662
R2,40,Dreyer2023,38,0.8533333333333333,0.9,0.04666666666666662,0.011666666666666714
R2,40,Dreyer2023,39,0.9183333333333333,0.945,0.02666666666666666,-0.006666666666666599
R2,40,Dreyer2023,40,0.8534482758620691,0.8827586206896552,0.02931034482758622,0.005172413793103403
R2,40,Dreyer2023,42,0.74,0.8133333333333332,0.07333333333333324,0.02833333333333332
R2,40,Dreyer2023,43,0.8816666666666666,0.8916666666666666,0.01,-0.0050000000000001155
R2,40,Dreyer2023,44,0.6466666666666667,0.6616666666666667,0.015000000000000019,0.01000000000000012
R2,40,Dreyer2023,45,0.7466666666666667,0.8066666666666666,0.06,-0.008333333333333415
R2,40,Dreyer2023,46,0.7366666666666667,0.7433333333333334,0.006666666666666619,-0.021666666666666612
R2,40,Dreyer2023,47,0.8949999999999999,0.8983333333333334,0.00333333333333332,-0.0033333333333331883
R2,40,Dreyer2023,48,0.6683333333333333,0.675,0.006666666666666659,0.021666666666666723
R2,40,Dreyer2023,49,0.7833333333333333,0.8366666666666667,0.053333333333333344,0.0033333333333334103
R2,40,Dreyer2023,50,0.6166666666666666,0.6133333333333334,-0.0033333333333333,-0.02499999999999991
R2,40,Dreyer2023,51,0.7466666666666667,0.7533333333333333,0.00666666666666664,-0.011666666666666714
R2,40,Dreyer2023,52,0.7966666666666666,0.8183333333333334,0.02166666666666664,-0.0050000000000001155
R2,40,Dreyer2023,53,0.7866666666666667,0.8300000000000001,0.04333333333333332,0.011666666666666714
R2,40,Dreyer2023,54,0.7016666666666667,0.7766666666666666,0.075,0.029999999999999916
R2,40,Dreyer2023,55,0.9366666666666668,0.93,-0.006666666666666659,1.1102230246251565e-16
R2,40,Dreyer2023,56,0.9200000000000002,0.9349999999999999,0.014999999999999961,-0.015000000000000013
R2,40,Dreyer2023,57,0.635,0.705,0.06999999999999997,0.033333333333333326
R2,40,Dreyer2023,58,0.9233333333333332,0.9516666666666665,0.0283333333333333,0.0050000000000000044
R2,40,Dreyer2023,59,0.78,0.775,-0.005000000000000039,-0.022499999999999964
R2,40,Dreyer2023,60,0.8066666666666666,0.8683333333333334,0.061666666666666634,0.020000000000000018
R2,40,Dreyer2023,61,0.8633333333333333,0.8733333333333334,0.009999999999999978,-0.019999999999999907
R2,40,Dreyer2023,62,0.7416666666666667,0.76,0.018333333333333302,-0.021666666666666612
R2,40,Dreyer2023,63,0.8133333333333332,0.8550000000000001,0.041666666666666644,-0.011666666666666492
R2,40,Dreyer2023,64,0.765,0.8150000000000001,0.049999999999999975,0.04166666666666685
R2,40,Dreyer2023,65,0.835,0.8400000000000001,0.004999999999999978,-0.008333333333333304
R2,40,Dreyer2023,66,0.7583333333333334,0.7383333333333333,-0.020000000000000025,0.019999999999999907
R2,40,Dreyer2023,67,0.7916666666666666,0.7933333333333333,0.001666666666666703,0.0016666666666667052
R2,40,Dreyer2023,68,0.7383333333333334,0.7683333333333333,0.029999999999999936,0.033333333333333326
R2,40,Dreyer2023,69,0.8516666666666666,0.8533333333333333,0.0016666666666666804,0.008333333333333304
R2,40,Dreyer2023,70,0.6716666666666666,0.6866666666666668,0.01499999999999994,0.021666666666666723
R2,40,Dreyer2023,71,0.8550000000000001,0.8316666666666667,-0.023333333333333362,0.0050000000000001155
R2,40,Dreyer2023,72,0.8099999999999999,0.8099999999999999,0.0,-0.011666666666666714
R2,40,Dreyer2023,73,0.7466666666666667,0.8083333333333333,0.06166666666666665,0.033333333333333326
R2,40,Dreyer2023,74,0.735,0.7733333333333333,0.038333333333333316,0.025000000000000022
R2,40,Dreyer2023,75,0.7583333333333334,0.735,-0.023333333333333362,-0.040000000000000036
R2,40,Dreyer2023,76,0.8216666666666667,0.8683333333333334,0.04666666666666664,0.015000000000000124
R2,40,Dreyer2023,77,0.8233333333333333,0.8083333333333333,-0.015,-0.043333333333333224
R2,40,Dreyer2023,80,0.7116666666666667,0.7699999999999999,0.05833333333333328,0.03166666666666662
R2,40,Dreyer2023,81,0.8299999999999998,0.8483333333333334,0.01833333333333334,-0.00666666666666671
R2,40,Dreyer2023,82,0.795,0.8899999999999999,0.09499999999999995,0.11833333333333318
R2,40,Dreyer2023,83,0.6883333333333334,0.725,0.03666666666666664,0.029999999999999916
R2,40,Dreyer2023,84,0.8333333333333334,0.8699999999999999,0.03666666666666666,0.009999999999999898
R2,40,Dreyer2023,85,0.735,0.7416666666666666,0.006666666666666621,-0.03500000000000003
R2,40,Dreyer2023,86,0.8383333333333333,0.8566666666666667,0.01833333333333334,0.0033333333333334103
R2,40,Dreyer2023,87,0.7833333333333334,0.7583333333333333,-0.025,-0.06833333333333325
