method,additional_step,total_step,role,dataset,subject_mean_ce,subject_mean_accuracy,subject_mean_ba,fold,seed
m_film,0,3000,train,BNCI2014_001,5.800310646009167e-06,1.0,1.0,0,11
m_film,0,3000,train,pooled,5.800310646009167e-06,1.0,1.0,0,11
m_film,0,3000,validation,BNCI2014_001,3.3839501804775662,0.5833333333333334,0.5833333333333334,0,11
m_film,0,3000,validation,pooled,3.3839501804775662,0.5833333333333334,0.5833333333333334,0,11
m_film,250,3250,train,BNCI2014_001,0.0058945541386008,0.9976851851851852,0.9976851851851852,0,11
m_film,250,3250,train,pooled,0.0058945541386008,0.9976851851851852,0.9976851851851852,0,11
m_film,250,3250,validation,BNCI2014_001,3.7508423593309193,0.6111111111111112,0.6111111111111112,0,11
m_film,250,3250,validation,pooled,3.7508423593309193,0.6111111111111112,0.6111111111111112,0,11
m_film,500,3500,train,BNCI2014_001,5.071729719587749e-06,1.0,1.0,0,11
m_film,500,3500,train,pooled,5.071729719587749e-06,1.0,1.0,0,11
m_film,500,3500,validation,BNCI2014_001,3.659083737267388,0.6388888888888888,0.6388888888888888,0,11
m_film,500,3500,validation,pooled,3.659083737267388,0.6388888888888888,0.6388888888888888,0,11
m_film,750,3750,train,BNCI2014_001,1.5302903240621142e-05,1.0,1.0,0,11
m_film,750,3750,train,pooled,1.5302903240621142e-05,1.0,1.0,0,11
m_film,750,3750,validation,BNCI2014_001,3.613450633154975,0.5833333333333334,0.5833333333333334,0,11
m_film,750,3750,validation,pooled,3.613450633154975,0.5833333333333334,0.5833333333333334,0,11
m_film,1000,4000,train,BNCI2014_001,2.575820923403874e-06,1.0,1.0,0,11
m_film,1000,4000,train,pooled,2.575820923403874e-06,1.0,1.0,0,11
m_film,1000,4000,validation,BNCI2014_001,3.6620897716946073,0.5833333333333334,0.5833333333333334,0,11
m_film,1000,4000,validation,pooled,3.6620897716946073,0.5833333333333334,0.5833333333333334,0,11
m_film,1250,4250,train,BNCI2014_001,1.941083073469045e-06,1.0,1.0,0,11
m_film,1250,4250,train,pooled,1.941083073469045e-06,1.0,1.0,0,11
m_film,1250,4250,validation,BNCI2014_001,3.675574567582872,0.5833333333333334,0.5833333333333334,0,11
m_film,1250,4250,validation,pooled,3.675574567582872,0.5833333333333334,0.5833333333333334,0,11
m_film,1500,4500,train,BNCI2014_001,1.5213994330197946e-06,1.0,1.0,0,11
m_film,1500,4500,train,pooled,1.5213994330197946e-06,1.0,1.0,0,11
m_film,1500,4500,validation,BNCI2014_001,3.6841714117262097,0.5833333333333334,0.5833333333333334,0,11
m_film,1500,4500,validation,pooled,3.6841714117262097,0.5833333333333334,0.5833333333333334,0,11
m_film,1750,4750,train,BNCI2014_001,1.1498570317631302e-06,1.0,1.0,0,11
m_film,1750,4750,train,pooled,1.1498570317631302e-06,1.0,1.0,0,11
m_film,1750,4750,validation,BNCI2014_001,3.6939699384901257,0.5833333333333334,0.5833333333333334,0,11
m_film,1750,4750,validation,pooled,3.6939699384901257,0.5833333333333334,0.5833333333333334,0,11
m_film,2000,5000,train,BNCI2014_001,1.0234765943886414e-06,1.0,1.0,0,11
m_film,2000,5000,train,pooled,1.0234765943886414e-06,1.0,1.0,0,11
m_film,2000,5000,validation,BNCI2014_001,3.697412119971381,0.5833333333333334,0.5833333333333334,0,11
m_film,2000,5000,validation,pooled,3.697412119971381,0.5833333333333334,0.5833333333333334,0,11
m_lora,0,3000,train,BNCI2014_001,4.459965844540016e-06,1.0,1.0,0,11
m_lora,0,3000,train,pooled,4.459965844540016e-06,1.0,1.0,0,11
m_lora,0,3000,validation,BNCI2014_001,2.7718372874789767,0.5277777777777778,0.5277777777777778,0,11
m_lora,0,3000,validation,pooled,2.7718372874789767,0.5277777777777778,0.5277777777777778,0,11
m_lora,250,3250,train,BNCI2014_001,0.0202783169684826,0.9930555555555556,0.9930555555555556,0,11
m_lora,250,3250,train,pooled,0.0202783169684826,0.9930555555555556,0.9930555555555556,0,11
m_lora,250,3250,validation,BNCI2014_001,3.947797563340929,0.5416666666666666,0.5416666666666667,0,11
m_lora,250,3250,validation,pooled,3.947797563340929,0.5416666666666666,0.5416666666666667,0,11
m_lora,500,3500,train,BNCI2014_001,9.9430103391969e-05,1.0,1.0,0,11
m_lora,500,3500,train,pooled,9.9430103391969e-05,1.0,1.0,0,11
m_lora,500,3500,validation,BNCI2014_001,4.184702025519477,0.5972222222222222,0.5972222222222223,0,11
m_lora,500,3500,validation,pooled,4.184702025519477,0.5972222222222222,0.5972222222222223,0,11
m_lora,750,3750,train,BNCI2014_001,5.244349699330121e-06,1.0,1.0,0,11
m_lora,750,3750,train,pooled,5.244349699330121e-06,1.0,1.0,0,11
m_lora,750,3750,validation,BNCI2014_001,4.140152719285753,0.5972222222222222,0.5972222222222222,0,11
m_lora,750,3750,validation,pooled,4.140152719285753,0.5972222222222222,0.5972222222222222,0,11
m_lora,1000,4000,train,BNCI2014_001,2.742304891019861e-06,1.0,1.0,0,11
m_lora,1000,4000,train,pooled,2.742304891019861e-06,1.0,1.0,0,11
m_lora,1000,4000,validation,BNCI2014_001,4.0962713029649525,0.5972222222222222,0.5972222222222222,0,11
m_lora,1000,4000,validation,pooled,4.0962713029649525,0.5972222222222222,0.5972222222222222,0,11
m_lora,1250,4250,train,BNCI2014_001,1.9500919208326195e-06,1.0,1.0,0,11
m_lora,1250,4250,train,pooled,1.9500919208326195e-06,1.0,1.0,0,11
m_lora,1250,4250,validation,BNCI2014_001,4.063333617316352,0.5833333333333334,0.5833333333333334,0,11
m_lora,1250,4250,validation,pooled,4.063333617316352,0.5833333333333334,0.5833333333333334,0,11
m_lora,1500,4500,train,BNCI2014_001,1.54929026026425e-06,1.0,1.0,0,11
m_lora,1500,4500,train,pooled,1.54929026026425e-06,1.0,1.0,0,11
m_lora,1500,4500,validation,BNCI2014_001,4.035314559936523,0.5833333333333334,0.5833333333333334,0,11
m_lora,1500,4500,validation,pooled,4.035314559936523,0.5833333333333334,0.5833333333333334,0,11
m_lora,1750,4750,train,BNCI2014_001,1.2807997372811369e-06,1.0,1.0,0,11
m_lora,1750,4750,train,pooled,1.2807997372811369e-06,1.0,1.0,0,11
m_lora,1750,4750,validation,BNCI2014_001,4.007870992024739,0.5833333333333334,0.5833333333333334,0,11
m_lora,1750,4750,validation,pooled,4.007870992024739,0.5833333333333334,0.5833333333333334,0,11
m_lora,2000,5000,train,BNCI2014_001,1.102264995196307e-06,1.0,1.0,0,11
m_lora,2000,5000,train,pooled,1.102264995196307e-06,1.0,1.0,0,11
m_lora,2000,5000,validation,BNCI2014_001,3.983816464742025,0.5833333333333334,0.5833333333333334,0,11
m_lora,2000,5000,validation,pooled,3.983816464742025,0.5833333333333334,0.5833333333333334,0,11
m_film,0,3000,train,BNCI2014_001,2.6965309153318365e-06,1.0,1.0,0,23
m_film,0,3000,train,pooled,2.6965309153318365e-06,1.0,1.0,0,23
m_film,0,3000,validation,BNCI2014_001,3.456928624047173,0.5694444444444444,0.5694444444444444,0,23
m_film,0,3000,validation,pooled,3.456928624047173,0.5694444444444444,0.5694444444444444,0,23
m_film,250,3250,train,BNCI2014_001,0.0025586143678636,0.9988425925925926,0.9988425925925926,0,23
m_film,250,3250,train,pooled,0.0025586143678636,0.9988425925925926,0.9988425925925926,0,23
m_film,250,3250,validation,BNCI2014_001,4.044222301907009,0.5694444444444444,0.5694444444444444,0,23
m_film,250,3250,validation,pooled,4.044222301907009,0.5694444444444444,0.5694444444444444,0,23
m_film,500,3500,train,BNCI2014_001,0.0009496349456295,1.0,1.0,0,23
m_film,500,3500,train,pooled,0.0009496349456295,1.0,1.0,0,23
m_film,500,3500,validation,BNCI2014_001,4.31144544813368,0.5555555555555556,0.5555555555555556,0,23
m_film,500,3500,validation,pooled,4.31144544813368,0.5555555555555556,0.5555555555555556,0,23
m_film,750,3750,train,BNCI2014_001,7.204161913136556e-06,1.0,1.0,0,23
m_film,750,3750,train,pooled,7.204161913136556e-06,1.0,1.0,0,23
m_film,750,3750,validation,BNCI2014_001,5.635945955912272,0.5277777777777778,0.5277777777777778,0,23
m_film,750,3750,validation,pooled,5.635945955912272,0.5277777777777778,0.5277777777777778,0,23
m_film,1000,4000,train,BNCI2014_001,5.2713264757148825e-06,1.0,1.0,0,23
m_film,1000,4000,train,pooled,5.2713264757148825e-06,1.0,1.0,0,23
m_film,1000,4000,validation,BNCI2014_001,5.302069664001465,0.5,0.5,0,23
m_film,1000,4000,validation,pooled,5.302069664001465,0.5,0.5,0,23
m_film,1250,4250,train,BNCI2014_001,2.521232580010991e-06,1.0,1.0,0,23
m_film,1250,4250,train,pooled,2.521232580010991e-06,1.0,1.0,0,23
m_film,1250,4250,validation,BNCI2014_001,5.2719268798828125,0.5,0.5,0,23
m_film,1250,4250,validation,pooled,5.2719268798828125,0.5,0.5,0,23
m_film,1500,4500,train,BNCI2014_001,2.062160558971673e-06,1.0,1.0,0,23
m_film,1500,4500,train,pooled,2.062160558971673e-06,1.0,1.0,0,23
m_film,1500,4500,validation,BNCI2014_001,5.245616383022732,0.5,0.5,0,23
m_film,1500,4500,validation,pooled,5.245616383022732,0.5,0.5,0,23
m_film,1750,4750,train,BNCI2014_001,1.4559730916463565e-06,1.0,1.0,0,23
m_film,1750,4750,train,pooled,1.4559730916463565e-06,1.0,1.0,0,23
m_film,1750,4750,validation,BNCI2014_001,5.208445866902669,0.5,0.5,0,23
m_film,1750,4750,validation,pooled,5.208445866902669,0.5,0.5,0,23
m_film,2000,5000,train,BNCI2014_001,1.2494477475936089e-06,1.0,1.0,0,23
m_film,2000,5000,train,pooled,1.2494477475936089e-06,1.0,1.0,0,23
m_film,2000,5000,validation,BNCI2014_001,5.197652498881022,0.5138888888888888,0.5138888888888888,0,23
m_film,2000,5000,validation,pooled,5.197652498881022,0.5138888888888888,0.5138888888888888,0,23
m_lora,0,3000,train,BNCI2014_001,3.3116174083463397e-06,1.0,1.0,0,23
m_lora,0,3000,train,pooled,3.3116174083463397e-06,1.0,1.0,0,23
m_lora,0,3000,validation,BNCI2014_001,3.371056980556912,0.5972222222222222,0.5972222222222223,0,23
m_lora,0,3000,validation,pooled,3.371056980556912,0.5972222222222222,0.5972222222222223,0,23
m_lora,250,3250,train,BNCI2014_001,0.0004487099970418,1.0,1.0,0,23
m_lora,250,3250,train,pooled,0.0004487099970418,1.0,1.0,0,23
m_lora,250,3250,validation,BNCI2014_001,4.40666029188368,0.5833333333333334,0.5833333333333333,0,23
m_lora,250,3250,validation,pooled,4.40666029188368,0.5833333333333334,0.5833333333333333,0,23
m_lora,500,3500,train,BNCI2014_001,5.310222515141226e-06,1.0,1.0,0,23
m_lora,500,3500,train,pooled,5.310222515141226e-06,1.0,1.0,0,23
m_lora,500,3500,validation,BNCI2014_001,4.453653653462728,0.5555555555555556,0.5555555555555556,0,23
m_lora,500,3500,validation,pooled,4.453653653462728,0.5555555555555556,0.5555555555555556,0,23
m_lora,750,3750,train,BNCI2014_001,3.3641074837765507e-06,1.0,1.0,0,23
m_lora,750,3750,train,pooled,3.3641074837765507e-06,1.0,1.0,0,23
m_lora,750,3750,validation,BNCI2014_001,4.4182652367485895,0.5416666666666666,0.5416666666666667,0,23
m_lora,750,3750,validation,pooled,4.4182652367485895,0.5416666666666666,0.5416666666666667,0,23
m_lora,1000,4000,train,BNCI2014_001,2.6247546172415758e-06,1.0,1.0,0,23
m_lora,1000,4000,train,pooled,2.6247546172415758e-06,1.0,1.0,0,23
m_lora,1000,4000,validation,BNCI2014_001,4.401234520806207,0.5416666666666666,0.5416666666666667,0,23
m_lora,1000,4000,validation,pooled,4.401234520806207,0.5416666666666666,0.5416666666666667,0,23
m_lora,1250,4250,train,BNCI2014_001,1.998798180664536e-06,1.0,1.0,0,23
m_lora,1250,4250,train,pooled,1.998798180664536e-06,1.0,1.0,0,23
m_lora,1250,4250,validation,BNCI2014_001,4.378805584377712,0.5277777777777778,0.5277777777777778,0,23
m_lora,1250,4250,validation,pooled,4.378805584377712,0.5277777777777778,0.5277777777777778,0,23
m_lora,1500,4500,train,BNCI2014_001,1.6465613190274765e-06,1.0,1.0,0,23
m_lora,1500,4500,train,pooled,1.6465613190274765e-06,1.0,1.0,0,23
m_lora,1500,4500,validation,BNCI2014_001,4.3628884421454535,0.5277777777777778,0.5277777777777778,0,23
m_lora,1500,4500,validation,pooled,4.3628884421454535,0.5277777777777778,0.5277777777777778,0,23
m_lora,1750,4750,train,BNCI2014_001,1.3878659289795688e-06,1.0,1.0,0,23
m_lora,1750,4750,train,pooled,1.3878659289795688e-06,1.0,1.0,0,23
m_lora,1750,4750,validation,BNCI2014_001,4.342147509256999,0.5277777777777778,0.5277777777777778,0,23
m_lora,1750,4750,validation,pooled,4.342147509256999,0.5277777777777778,0.5277777777777778,0,23
m_lora,2000,5000,train,BNCI2014_001,1.199811348676597e-06,1.0,1.0,0,23
m_lora,2000,5000,train,pooled,1.199811348676597e-06,1.0,1.0,0,23
m_lora,2000,5000,validation,BNCI2014_001,4.32568719651964,0.5277777777777778,0.5277777777777778,0,23
m_lora,2000,5000,validation,pooled,4.32568719651964,0.5277777777777778,0.5277777777777778,0,23
m_film,0,3000,train,BNCI2014_001,0.0220888534909286,0.9942129629629632,0.9942129629629632,0,37
m_film,0,3000,train,pooled,0.0220888534909286,0.9942129629629632,0.9942129629629632,0,37
m_film,0,3000,validation,BNCI2014_001,3.1719427638583717,0.5416666666666666,0.5416666666666667,0,37
m_film,0,3000,validation,pooled,3.1719427638583717,0.5416666666666666,0.5416666666666667,0,37
m_film,250,3250,train,BNCI2014_001,0.0430821215179548,0.9872685185185184,0.9872685185185184,0,37
m_film,250,3250,train,pooled,0.0430821215179548,0.9872685185185184,0.9872685185185184,0,37
m_film,250,3250,validation,BNCI2014_001,2.922727425893148,0.6111111111111112,0.6111111111111112,0,37
m_film,250,3250,validation,pooled,2.922727425893148,0.6111111111111112,0.6111111111111112,0,37
m_film,500,3500,train,BNCI2014_001,0.0431261383506117,0.9918981481481484,0.9918981481481484,0,37
m_film,500,3500,train,pooled,0.0431261383506117,0.9918981481481484,0.9918981481481484,0,37
m_film,500,3500,validation,BNCI2014_001,3.6002717547946506,0.5833333333333334,0.5833333333333333,0,37
m_film,500,3500,validation,pooled,3.6002717547946506,0.5833333333333334,0.5833333333333333,0,37
m_film,750,3750,train,BNCI2014_001,0.010567899864562,0.9953703703703703,0.9953703703703703,0,37
m_film,750,3750,train,pooled,0.010567899864562,0.9953703703703703,0.9953703703703703,0,37
m_film,750,3750,validation,BNCI2014_001,4.295548280080159,0.5694444444444444,0.5694444444444444,0,37
m_film,750,3750,validation,pooled,4.295548280080159,0.5694444444444444,0.5694444444444444,0,37
m_film,1000,4000,train,BNCI2014_001,0.0804190531643758,0.9895833333333334,0.9895833333333334,0,37
m_film,1000,4000,train,pooled,0.0804190531643758,0.9895833333333334,0.9895833333333334,0,37
m_film,1000,4000,validation,BNCI2014_001,5.269883155822754,0.5277777777777778,0.5277777777777778,0,37
m_film,1000,4000,validation,pooled,5.269883155822754,0.5277777777777778,0.5277777777777778,0,37
m_film,1250,4250,train,BNCI2014_001,0.0119371384890882,0.9953703703703703,0.9953703703703703,0,37
m_film,1250,4250,train,pooled,0.0119371384890882,0.9953703703703703,0.9953703703703703,0,37
m_film,1250,4250,validation,BNCI2014_001,3.050967322455512,0.5833333333333334,0.5833333333333334,0,37
m_film,1250,4250,validation,pooled,3.050967322455512,0.5833333333333334,0.5833333333333334,0,37
m_film,1500,4500,train,BNCI2014_001,0.4314096044572348,0.925925925925926,0.925925925925926,0,37
m_film,1500,4500,train,pooled,0.4314096044572348,0.925925925925926,0.925925925925926,0,37
m_film,1500,4500,validation,BNCI2014_001,5.033426814609104,0.5833333333333334,0.5833333333333334,0,37
m_film,1500,4500,validation,pooled,5.033426814609104,0.5833333333333334,0.5833333333333334,0,37
m_film,1750,4750,train,BNCI2014_001,0.0152772706266693,0.9953703703703703,0.9953703703703703,0,37
m_film,1750,4750,train,pooled,0.0152772706266693,0.9953703703703703,0.9953703703703703,0,37
m_film,1750,4750,validation,BNCI2014_001,3.366771486070421,0.4861111111111111,0.486111111111111,0,37
m_film,1750,4750,validation,pooled,3.366771486070421,0.4861111111111111,0.486111111111111,0,37
m_film,2000,5000,train,BNCI2014_001,0.0114262240312396,0.9976851851851852,0.9976851851851852,0,37
m_film,2000,5000,train,pooled,0.0114262240312396,0.9976851851851852,0.9976851851851852,0,37
m_film,2000,5000,validation,BNCI2014_001,3.779605335659451,0.5833333333333334,0.5833333333333333,0,37
m_film,2000,5000,validation,pooled,3.779605335659451,0.5833333333333334,0.5833333333333333,0,37
m_film,2250,5250,train,BNCI2014_001,0.006341303276728,0.9988425925925926,0.9988425925925926,0,37
m_film,2250,5250,train,pooled,0.006341303276728,0.9988425925925926,0.9988425925925926,0,37
m_film,2250,5250,validation,BNCI2014_001,3.940551492902968,0.625,0.625,0,37
m_film,2250,5250,validation,pooled,3.940551492902968,0.625,0.625,0,37
m_lora,0,3000,train,BNCI2014_001,0.0101507226424907,0.9953703703703703,0.9953703703703703,0,37
m_lora,0,3000,train,pooled,0.0101507226424907,0.9953703703703703,0.9953703703703703,0,37
m_lora,0,3000,validation,BNCI2014_001,3.5707180235120983,0.5277777777777778,0.5277777777777778,0,37
m_lora,0,3000,validation,pooled,3.5707180235120983,0.5277777777777778,0.5277777777777778,0,37
m_lora,250,3250,train,BNCI2014_001,0.032690057528757,0.9942129629629628,0.9942129629629628,0,37
m_lora,250,3250,train,pooled,0.032690057528757,0.9942129629629628,0.9942129629629628,0,37
m_lora,250,3250,validation,BNCI2014_001,4.130108939276801,0.5,0.5,0,37
m_lora,250,3250,validation,pooled,4.130108939276801,0.5,0.5,0,37
m_lora,500,3500,train,BNCI2014_001,0.0876380550271257,0.9814814814814816,0.9814814814814816,0,37
m_lora,500,3500,train,pooled,0.0876380550271257,0.9814814814814816,0.9814814814814816,0,37
m_lora,500,3500,validation,BNCI2014_001,4.183886104159885,0.4861111111111111,0.486111111111111,0,37
m_lora,500,3500,validation,pooled,4.183886104159885,0.4861111111111111,0.486111111111111,0,37
m_lora,750,3750,train,BNCI2014_001,0.0398415165290662,0.9953703703703703,0.9953703703703703,0,37
m_lora,750,3750,train,pooled,0.0398415165290662,0.9953703703703703,0.9953703703703703,0,37
m_lora,750,3750,validation,BNCI2014_001,4.549484464857313,0.5277777777777778,0.5277777777777778,0,37
m_lora,750,3750,validation,pooled,4.549484464857313,0.5277777777777778,0.5277777777777778,0,37
m_lora,1000,4000,train,BNCI2014_001,0.1059911344406272,0.986111111111111,0.986111111111111,0,37
m_lora,1000,4000,train,pooled,0.1059911344406272,0.986111111111111,0.986111111111111,0,37
m_lora,1000,4000,validation,BNCI2014_001,4.923454390631782,0.4722222222222222,0.4722222222222222,0,37
m_lora,1000,4000,validation,pooled,4.923454390631782,0.4722222222222222,0.4722222222222222,0,37
m_lora,1250,4250,train,BNCI2014_001,0.170374104212922,0.9780092592592592,0.9780092592592592,0,37
m_lora,1250,4250,train,pooled,0.170374104212922,0.9780092592592592,0.9780092592592592,0,37
m_lora,1250,4250,validation,BNCI2014_001,4.027773274315728,0.4861111111111111,0.4861111111111111,0,37
m_lora,1250,4250,validation,pooled,4.027773274315728,0.4861111111111111,0.4861111111111111,0,37
m_lora,1500,4500,train,BNCI2014_001,0.0456673912289549,0.9953703703703703,0.9953703703703703,0,37
m_lora,1500,4500,train,pooled,0.0456673912289549,0.9953703703703703,0.9953703703703703,0,37
m_lora,1500,4500,validation,BNCI2014_001,4.373806476593018,0.5277777777777778,0.5277777777777778,0,37
m_lora,1500,4500,validation,pooled,4.373806476593018,0.5277777777777778,0.5277777777777778,0,37
m_lora,1750,4750,train,BNCI2014_001,0.0271071233492461,0.9918981481481484,0.9918981481481484,0,37
m_lora,1750,4750,train,pooled,0.0271071233492461,0.9918981481481484,0.9918981481481484,0,37
m_lora,1750,4750,validation,BNCI2014_001,4.98558235168457,0.5277777777777778,0.5277777777777778,0,37
m_lora,1750,4750,validation,pooled,4.98558235168457,0.5277777777777778,0.5277777777777778,0,37
m_lora,2000,5000,train,BNCI2014_001,0.0297499301381807,0.9930555555555556,0.9930555555555556,0,37
m_lora,2000,5000,train,pooled,0.0297499301381807,0.9930555555555556,0.9930555555555556,0,37
m_lora,2000,5000,validation,BNCI2014_001,4.485453340742323,0.5277777777777778,0.5277777777777778,0,37
m_lora,2000,5000,validation,pooled,4.485453340742323,0.5277777777777778,0.5277777777777778,0,37
m_film,0,3000,train,BNCI2014_001,7.758802229107931e-06,1.0,1.0,0,53
m_film,0,3000,train,pooled,7.758802229107931e-06,1.0,1.0,0,53
m_film,0,3000,validation,BNCI2014_001,2.845874892340766,0.5833333333333334,0.5833333333333334,0,53
m_film,0,3000,validation,pooled,2.845874892340766,0.5833333333333334,0.5833333333333334,0,53
m_film,250,3250,train,BNCI2014_001,0.0004797062970325,1.0,1.0,0,53
m_film,250,3250,train,pooled,0.0004797062970325,1.0,1.0,0,53
m_film,250,3250,validation,BNCI2014_001,3.0090230305989585,0.5555555555555556,0.5555555555555556,0,53
m_film,250,3250,validation,pooled,3.0090230305989585,0.5555555555555556,0.5555555555555556,0,53
m_film,500,3500,train,BNCI2014_001,0.0007498139201284,1.0,1.0,0,53
m_film,500,3500,train,pooled,0.0007498139201284,1.0,1.0,0,53
m_film,500,3500,validation,BNCI2014_001,2.7275405989752874,0.5972222222222222,0.5972222222222222,0,53
m_film,500,3500,validation,pooled,2.7275405989752874,0.5972222222222222,0.5972222222222222,0,53
m_film,750,3750,train,BNCI2014_001,0.02274680059739,0.991898148148148,0.991898148148148,0,53
m_film,750,3750,train,pooled,0.02274680059739,0.991898148148148,0.991898148148148,0,53
m_film,750,3750,validation,BNCI2014_001,3.3072515063815646,0.5555555555555556,0.5555555555555556,0,53
m_film,750,3750,validation,pooled,3.3072515063815646,0.5555555555555556,0.5555555555555556,0,53
m_film,1000,4000,train,BNCI2014_001,9.902236090389942e-06,1.0,1.0,0,53
m_film,1000,4000,train,pooled,9.902236090389942e-06,1.0,1.0,0,53
m_film,1000,4000,validation,BNCI2014_001,3.431874328189426,0.5972222222222222,0.5972222222222222,0,53
m_film,1000,4000,validation,pooled,3.431874328189426,0.5972222222222222,0.5972222222222222,0,53
m_film,1250,4250,train,BNCI2014_001,5.601912243841307e-06,1.0,1.0,0,53
m_film,1250,4250,train,pooled,5.601912243841307e-06,1.0,1.0,0,53
m_film,1250,4250,validation,BNCI2014_001,3.4394774436950684,0.5833333333333334,0.5833333333333333,0,53
m_film,1250,4250,validation,pooled,3.4394774436950684,0.5833333333333334,0.5833333333333333,0,53
m_film,1500,4500,train,BNCI2014_001,4.35368577824504e-06,1.0,1.0,0,53
m_film,1500,4500,train,pooled,4.35368577824504e-06,1.0,1.0,0,53
m_film,1500,4500,validation,BNCI2014_001,3.452422406938341,0.5833333333333334,0.5833333333333333,0,53
m_film,1500,4500,validation,pooled,3.452422406938341,0.5833333333333334,0.5833333333333333,0,53
m_film,1750,4750,train,BNCI2014_001,3.4939243858934368e-06,1.0,1.0,0,53
m_film,1750,4750,train,pooled,3.4939243858934368e-06,1.0,1.0,0,53
m_film,1750,4750,validation,BNCI2014_001,3.4503464698791504,0.5694444444444444,0.5694444444444444,0,53
m_film,1750,4750,validation,pooled,3.4503464698791504,0.5694444444444444,0.5694444444444444,0,53
m_film,2000,5000,train,BNCI2014_001,2.813491215410598e-06,1.0,1.0,0,53
m_film,2000,5000,train,pooled,2.813491215410598e-06,1.0,1.0,0,53
m_film,2000,5000,validation,BNCI2014_001,3.455330636766222,0.5694444444444444,0.5694444444444444,0,53
m_film,2000,5000,validation,pooled,3.455330636766222,0.5694444444444444,0.5694444444444444,0,53
m_film,2250,5250,train,BNCI2014_001,2.345648212685479e-06,1.0,1.0,0,53
m_film,2250,5250,train,pooled,2.345648212685479e-06,1.0,1.0,0,53
m_film,2250,5250,validation,BNCI2014_001,3.4548064867655435,0.5694444444444444,0.5694444444444444,0,53
m_film,2250,5250,validation,pooled,3.4548064867655435,0.5694444444444444,0.5694444444444444,0,53
m_film,2500,5500,train,BNCI2014_001,2.0270789496668875e-06,1.0,1.0,0,53
m_film,2500,5500,train,pooled,2.0270789496668875e-06,1.0,1.0,0,53
m_film,2500,5500,validation,BNCI2014_001,3.461283259921604,0.5694444444444444,0.5694444444444444,0,53
m_film,2500,5500,validation,pooled,3.461283259921604,0.5694444444444444,0.5694444444444444,0,53
m_lora,0,3000,train,BNCI2014_001,5.625003159029465e-06,1.0,1.0,0,53
m_lora,0,3000,train,pooled,5.625003159029465e-06,1.0,1.0,0,53
m_lora,0,3000,validation,BNCI2014_001,2.6385223070780435,0.5555555555555556,0.5555555555555556,0,53
m_lora,0,3000,validation,pooled,2.6385223070780435,0.5555555555555556,0.5555555555555556,0,53
m_lora,250,3250,train,BNCI2014_001,0.0017931935716785,0.9988425925925926,0.9988425925925926,0,53
m_lora,250,3250,train,pooled,0.0017931935716785,0.9988425925925926,0.9988425925925926,0,53
m_lora,250,3250,validation,BNCI2014_001,3.797289901309543,0.5416666666666666,0.5416666666666667,0,53
m_lora,250,3250,validation,pooled,3.797289901309543,0.5416666666666666,0.5416666666666667,0,53
m_lora,500,3500,train,BNCI2014_001,0.0390709597138487,0.9942129629629628,0.9942129629629628,0,53
m_lora,500,3500,train,pooled,0.0390709597138487,0.9942129629629628,0.9942129629629628,0,53
m_lora,500,3500,validation,BNCI2014_001,4.619169659084744,0.5,0.5,0,53
m_lora,500,3500,validation,pooled,4.619169659084744,0.5,0.5,0,53
m_lora,750,3750,train,BNCI2014_001,1.3630424865701338e-05,1.0,1.0,0,53
m_lora,750,3750,train,pooled,1.3630424865701338e-05,1.0,1.0,0,53
m_lora,750,3750,validation,BNCI2014_001,4.414390034145779,0.5833333333333334,0.5833333333333334,0,53
m_lora,750,3750,validation,pooled,4.414390034145779,0.5833333333333334,0.5833333333333334,0,53
m_lora,1000,4000,train,BNCI2014_001,3.387107304951718e-06,1.0,1.0,0,53
m_lora,1000,4000,train,pooled,3.387107304951718e-06,1.0,1.0,0,53
m_lora,1000,4000,validation,BNCI2014_001,4.379060639275445,0.5833333333333334,0.5833333333333334,0,53
m_lora,1000,4000,validation,pooled,4.379060639275445,0.5833333333333334,0.5833333333333334,0,53
m_lora,1250,4250,train,BNCI2014_001,2.199531202506932e-06,1.0,1.0,0,53
m_lora,1250,4250,train,pooled,2.199531202506932e-06,1.0,1.0,0,53
m_lora,1250,4250,validation,BNCI2014_001,4.358512242635091,0.5833333333333334,0.5833333333333334,0,53
m_lora,1250,4250,validation,pooled,4.358512242635091,0.5833333333333334,0.5833333333333334,0,53
m_lora,1500,4500,train,BNCI2014_001,1.7659000759122304e-06,1.0,1.0,0,53
m_lora,1500,4500,train,pooled,1.7659000759122304e-06,1.0,1.0,0,53
m_lora,1500,4500,validation,BNCI2014_001,4.337925699022081,0.5972222222222222,0.5972222222222223,0,53
m_lora,1500,4500,validation,pooled,4.337925699022081,0.5972222222222222,0.5972222222222223,0,53
m_lora,1750,4750,train,BNCI2014_001,1.4838910076335834e-06,1.0,1.0,0,53
m_lora,1750,4750,train,pooled,1.4838910076335834e-06,1.0,1.0,0,53
m_lora,1750,4750,validation,BNCI2014_001,4.320430013868544,0.5972222222222222,0.5972222222222223,0,53
m_lora,1750,4750,validation,pooled,4.320430013868544,0.5972222222222222,0.5972222222222223,0,53
m_lora,2000,5000,train,BNCI2014_001,1.2794192622217684e-06,1.0,1.0,0,53
m_lora,2000,5000,train,pooled,1.2794192622217684e-06,1.0,1.0,0,53
m_lora,2000,5000,validation,BNCI2014_001,4.301009813944499,0.5972222222222222,0.5972222222222223,0,53
m_lora,2000,5000,validation,pooled,4.301009813944499,0.5972222222222222,0.5972222222222223,0,53
m_film,0,3000,train,BNCI2014_001,3.392867921495171e-06,1.0,1.0,0,71
m_film,0,3000,train,pooled,3.392867921495171e-06,1.0,1.0,0,71
m_film,0,3000,validation,BNCI2014_001,2.954781108432346,0.5833333333333334,0.5833333333333334,0,71
m_film,0,3000,validation,pooled,2.954781108432346,0.5833333333333334,0.5833333333333334,0,71
m_film,250,3250,train,BNCI2014_001,0.0036680978896139,0.9988425925925926,0.9988425925925926,0,71
m_film,250,3250,train,pooled,0.0036680978896139,0.9988425925925926,0.9988425925925926,0,71
m_film,250,3250,validation,BNCI2014_001,4.350587632921007,0.5555555555555556,0.5555555555555556,0,71
m_film,250,3250,validation,pooled,4.350587632921007,0.5555555555555556,0.5555555555555556,0,71
m_film,500,3500,train,BNCI2014_001,1.434413274802603e-05,1.0,1.0,0,71
m_film,500,3500,train,pooled,1.434413274802603e-05,1.0,1.0,0,71
m_film,500,3500,validation,BNCI2014_001,4.107168621487087,0.5833333333333334,0.5833333333333333,0,71
m_film,500,3500,validation,pooled,4.107168621487087,0.5833333333333334,0.5833333333333333,0,71
m_film,750,3750,train,BNCI2014_001,5.720734189177771e-06,1.0,1.0,0,71
m_film,750,3750,train,pooled,5.720734189177771e-06,1.0,1.0,0,71
m_film,750,3750,validation,BNCI2014_001,4.094362046983507,0.5833333333333334,0.5833333333333333,0,71
m_film,750,3750,validation,pooled,4.094362046983507,0.5833333333333334,0.5833333333333333,0,71
m_film,1000,4000,train,BNCI2014_001,4.106364262352397e-06,1.0,1.0,0,71
m_film,1000,4000,train,pooled,4.106364262352397e-06,1.0,1.0,0,71
m_film,1000,4000,validation,BNCI2014_001,4.08367125193278,0.5694444444444444,0.5694444444444444,0,71
m_film,1000,4000,validation,pooled,4.08367125193278,0.5694444444444444,0.5694444444444444,0,71
m_film,1250,4250,train,BNCI2014_001,3.1157879618604056e-06,1.0,1.0,0,71
m_film,1250,4250,train,pooled,3.1157879618604056e-06,1.0,1.0,0,71
m_film,1250,4250,validation,BNCI2014_001,4.073270320892334,0.5833333333333334,0.5833333333333333,0,71
m_film,1250,4250,validation,pooled,4.073270320892334,0.5833333333333334,0.5833333333333333,0,71
m_film,1500,4500,train,BNCI2014_001,2.510252350084051e-06,1.0,1.0,0,71
m_film,1500,4500,train,pooled,2.510252350084051e-06,1.0,1.0,0,71
m_film,1500,4500,validation,BNCI2014_001,4.073107984330919,0.5833333333333334,0.5833333333333333,0,71
m_film,1500,4500,validation,pooled,4.073107984330919,0.5833333333333334,0.5833333333333333,0,71
m_film,1750,4750,train,BNCI2014_001,2.153600394510452e-06,1.0,1.0,0,71
m_film,1750,4750,train,pooled,2.153600394510452e-06,1.0,1.0,0,71
m_film,1750,4750,validation,BNCI2014_001,4.055702792273627,0.5833333333333334,0.5833333333333333,0,71
m_film,1750,4750,validation,pooled,4.055702792273627,0.5833333333333334,0.5833333333333333,0,71
m_film,2000,5000,train,BNCI2014_001,1.8089526370004104e-06,1.0,1.0,0,71
m_film,2000,5000,train,pooled,1.8089526370004104e-06,1.0,1.0,0,71
m_film,2000,5000,validation,BNCI2014_001,4.04984098010593,0.5972222222222222,0.5972222222222222,0,71
m_film,2000,5000,validation,pooled,4.04984098010593,0.5972222222222222,0.5972222222222222,0,71
m_lora,0,3000,train,BNCI2014_001,3.7812780870235983e-06,1.0,1.0,0,71
m_lora,0,3000,train,pooled,3.7812780870235983e-06,1.0,1.0,0,71
m_lora,0,3000,validation,BNCI2014_001,3.31520938873291,0.5138888888888888,0.513888888888889,0,71
m_lora,0,3000,validation,pooled,3.31520938873291,0.5138888888888888,0.513888888888889,0,71
m_lora,250,3250,train,BNCI2014_001,0.0002631336438222,1.0,1.0,0,71
m_lora,250,3250,train,pooled,0.0002631336438222,1.0,1.0,0,71
m_lora,250,3250,validation,BNCI2014_001,4.2539501720004615,0.5416666666666666,0.5416666666666666,0,71
m_lora,250,3250,validation,pooled,4.2539501720004615,0.5416666666666666,0.5416666666666666,0,71
m_lora,500,3500,train,BNCI2014_001,0.0003866091093445,1.0,1.0,0,71
m_lora,500,3500,train,pooled,0.0003866091093445,1.0,1.0,0,71
m_lora,500,3500,validation,BNCI2014_001,4.7515524758232965,0.5694444444444444,0.5694444444444444,0,71
m_lora,500,3500,validation,pooled,4.7515524758232965,0.5694444444444444,0.5694444444444444,0,71
m_lora,750,3750,train,BNCI2014_001,4.710437805703576e-06,1.0,1.0,0,71
m_lora,750,3750,train,pooled,4.710437805703576e-06,1.0,1.0,0,71
m_lora,750,3750,validation,BNCI2014_001,4.614948378668891,0.5694444444444444,0.5694444444444444,0,71
m_lora,750,3750,validation,pooled,4.614948378668891,0.5694444444444444,0.5694444444444444,0,71
m_lora,1000,4000,train,BNCI2014_001,3.245449097778998e-06,1.0,1.0,0,71
m_lora,1000,4000,train,pooled,3.245449097778998e-06,1.0,1.0,0,71
m_lora,1000,4000,validation,BNCI2014_001,4.580080138312446,0.5694444444444444,0.5694444444444444,0,71
m_lora,1000,4000,validation,pooled,4.580080138312446,0.5694444444444444,0.5694444444444444,0,71
m_lora,1250,4250,train,BNCI2014_001,2.399176393585589e-06,1.0,1.0,0,71
m_lora,1250,4250,train,pooled,2.399176393585589e-06,1.0,1.0,0,71
m_lora,1250,4250,validation,BNCI2014_001,4.552234967549642,0.5694444444444444,0.5694444444444444,0,71
m_lora,1250,4250,validation,pooled,4.552234967549642,0.5694444444444444,0.5694444444444444,0,71
m_lora,1500,4500,train,BNCI2014_001,2.011210283055694e-06,1.0,1.0,0,71
m_lora,1500,4500,train,pooled,2.011210283055694e-06,1.0,1.0,0,71
m_lora,1500,4500,validation,BNCI2014_001,4.527729564242893,0.5694444444444444,0.5694444444444444,0,71
m_lora,1500,4500,validation,pooled,4.527729564242893,0.5694444444444444,0.5694444444444444,0,71
m_lora,1750,4750,train,BNCI2014_001,1.6650461035288903e-06,1.0,1.0,0,71
m_lora,1750,4750,train,pooled,1.6650461035288903e-06,1.0,1.0,0,71
m_lora,1750,4750,validation,BNCI2014_001,4.49670754538642,0.5694444444444444,0.5694444444444444,0,71
m_lora,1750,4750,validation,pooled,4.49670754538642,0.5694444444444444,0.5694444444444444,0,71
m_lora,2000,5000,train,BNCI2014_001,1.3835883022000278e-06,1.0,1.0,0,71
m_lora,2000,5000,train,pooled,1.3835883022000278e-06,1.0,1.0,0,71
m_lora,2000,5000,validation,BNCI2014_001,4.475561459859212,0.5694444444444444,0.5694444444444444,0,71
m_lora,2000,5000,validation,pooled,4.475561459859212,0.5694444444444444,0.5694444444444444,0,71
m_film,0,3000,train,BNCI2014_001,0.0226551357297837,0.9965277777777776,0.9965277777777776,1,11
m_film,0,3000,train,pooled,0.0226551357297837,0.9965277777777776,0.9965277777777776,1,11
m_film,0,3000,validation,BNCI2014_001,1.1255073017544217,0.7777777777777778,0.7777777777777778,1,11
m_film,0,3000,validation,pooled,1.1255073017544217,0.7777777777777778,0.7777777777777778,1,11
m_film,250,3250,train,BNCI2014_001,0.034195954042338,0.991898148148148,0.9918981481481484,1,11
m_film,250,3250,train,pooled,0.034195954042338,0.991898148148148,0.9918981481481484,1,11
m_film,250,3250,validation,BNCI2014_001,1.6180760860443115,0.7777777777777778,0.7777777777777777,1,11
m_film,250,3250,validation,pooled,1.6180760860443115,0.7777777777777778,0.7777777777777777,1,11
m_film,500,3500,train,BNCI2014_001,0.038149208643871,0.9918981481481484,0.9918981481481484,1,11
m_film,500,3500,train,pooled,0.038149208643871,0.9918981481481484,0.9918981481481484,1,11
m_film,500,3500,validation,BNCI2014_001,1.2736983829074435,0.7916666666666666,0.7916666666666667,1,11
m_film,500,3500,validation,pooled,1.2736983829074435,0.7916666666666666,0.7916666666666667,1,11
m_film,750,3750,train,BNCI2014_001,0.0817811004356338,0.9780092592592594,0.9780092592592594,1,11
m_film,750,3750,train,pooled,0.0817811004356338,0.9780092592592594,0.9780092592592594,1,11
m_film,750,3750,validation,BNCI2014_001,1.8033274014790848,0.6944444444444444,0.6944444444444444,1,11
m_film,750,3750,validation,pooled,1.8033274014790848,0.6944444444444444,0.6944444444444444,1,11
m_film,1000,4000,train,BNCI2014_001,0.0314491534633008,0.9918981481481484,0.9918981481481484,1,11
m_film,1000,4000,train,pooled,0.0314491534633008,0.9918981481481484,0.9918981481481484,1,11
m_film,1000,4000,validation,BNCI2014_001,1.2158435980478923,0.7916666666666666,0.7916666666666666,1,11
m_film,1000,4000,validation,pooled,1.2158435980478923,0.7916666666666666,0.7916666666666666,1,11
m_film,1250,4250,train,BNCI2014_001,0.0930329714662202,0.9745370370370372,0.9745370370370372,1,11
m_film,1250,4250,train,pooled,0.0930329714662202,0.9745370370370372,0.9745370370370372,1,11
m_film,1250,4250,validation,BNCI2014_001,1.7153400712543063,0.7916666666666666,0.7916666666666666,1,11
m_film,1250,4250,validation,pooled,1.7153400712543063,0.7916666666666666,0.7916666666666666,1,11
m_film,1500,4500,train,BNCI2014_001,0.0626028830087627,0.9872685185185184,0.9872685185185184,1,11
m_film,1500,4500,train,pooled,0.0626028830087627,0.9872685185185184,0.9872685185185184,1,11
m_film,1500,4500,validation,BNCI2014_001,1.01329129603174,0.7777777777777778,0.7777777777777778,1,11
m_film,1500,4500,validation,pooled,1.01329129603174,0.7777777777777778,0.7777777777777778,1,11
m_film,1750,4750,train,BNCI2014_001,0.0564726869288784,0.9872685185185184,0.9872685185185184,1,11
m_film,1750,4750,train,pooled,0.0564726869288784,0.9872685185185184,0.9872685185185184,1,11
m_film,1750,4750,validation,BNCI2014_001,1.0746616058879428,0.7777777777777778,0.7777777777777778,1,11
m_film,1750,4750,validation,pooled,1.0746616058879428,0.7777777777777778,0.7777777777777778,1,11
m_film,2000,5000,train,BNCI2014_001,0.0115323453399603,0.9953703703703703,0.9953703703703703,1,11
m_film,2000,5000,train,pooled,0.0115323453399603,0.9953703703703703,0.9953703703703703,1,11
m_film,2000,5000,validation,BNCI2014_001,1.063650369644165,0.8472222222222222,0.8472222222222222,1,11
m_film,2000,5000,validation,pooled,1.063650369644165,0.8472222222222222,0.8472222222222222,1,11
m_film,2250,5250,train,BNCI2014_001,0.0483571729100499,0.988425925925926,0.988425925925926,1,11
m_film,2250,5250,train,pooled,0.0483571729100499,0.988425925925926,0.988425925925926,1,11
m_film,2250,5250,validation,BNCI2014_001,1.3851927916208904,0.8194444444444444,0.8194444444444444,1,11
m_film,2250,5250,validation,pooled,1.3851927916208904,0.8194444444444444,0.8194444444444444,1,11
m_film,2500,5500,train,BNCI2014_001,0.0061617893462021,0.9965277777777776,0.9965277777777776,1,11
m_film,2500,5500,train,pooled,0.0061617893462021,0.9965277777777776,0.9965277777777776,1,11
m_film,2500,5500,validation,BNCI2014_001,1.0272539390458002,0.8194444444444444,0.8194444444444444,1,11
m_film,2500,5500,validation,pooled,1.0272539390458002,0.8194444444444444,0.8194444444444444,1,11
m_film,2750,5750,train,BNCI2014_001,0.0169527150612698,0.9976851851851852,0.9976851851851852,1,11
m_film,2750,5750,train,pooled,0.0169527150612698,0.9976851851851852,0.9976851851851852,1,11
m_film,2750,5750,validation,BNCI2014_001,1.8149921629163956,0.7777777777777778,0.7777777777777778,1,11
m_film,2750,5750,validation,pooled,1.8149921629163956,0.7777777777777778,0.7777777777777778,1,11
m_film,3000,6000,train,BNCI2014_001,0.0185756331893108,0.9930555555555556,0.9930555555555556,1,11
m_film,3000,6000,train,pooled,0.0185756331893108,0.9930555555555556,0.9930555555555556,1,11
m_film,3000,6000,validation,BNCI2014_001,1.781233999464247,0.7638888888888888,0.7638888888888888,1,11
m_film,3000,6000,validation,pooled,1.781233999464247,0.7638888888888888,0.7638888888888888,1,11
m_film,3250,6250,train,BNCI2014_001,0.005919597292897,0.9988425925925926,0.9988425925925926,1,11
m_film,3250,6250,train,pooled,0.005919597292897,0.9988425925925926,0.9988425925925926,1,11
m_film,3250,6250,validation,BNCI2014_001,1.1273387273152669,0.8333333333333334,0.8333333333333334,1,11
m_film,3250,6250,validation,pooled,1.1273387273152669,0.8333333333333334,0.8333333333333334,1,11
m_film,3500,6500,train,BNCI2014_001,0.0465153169506637,0.9965277777777778,0.9965277777777778,1,11
m_film,3500,6500,train,pooled,0.0465153169506637,0.9965277777777778,0.9965277777777778,1,11
m_film,3500,6500,validation,BNCI2014_001,2.0925198660956488,0.7916666666666666,0.7916666666666667,1,11
m_film,3500,6500,validation,pooled,2.0925198660956488,0.7916666666666666,0.7916666666666667,1,11
m_lora,0,3000,train,BNCI2014_001,0.0606057251300655,0.988425925925926,0.988425925925926,1,11
m_lora,0,3000,train,pooled,0.0606057251300655,0.988425925925926,0.988425925925926,1,11
m_lora,0,3000,validation,BNCI2014_001,0.933744298087226,0.7777777777777778,0.7777777777777778,1,11
m_lora,0,3000,validation,pooled,0.933744298087226,0.7777777777777778,0.7777777777777778,1,11
m_lora,250,3250,train,BNCI2014_001,0.1285878398580238,0.980324074074074,0.980324074074074,1,11
m_lora,250,3250,train,pooled,0.1285878398580238,0.980324074074074,0.980324074074074,1,11
m_lora,250,3250,validation,BNCI2014_001,1.9796695974138048,0.7361111111111112,0.7361111111111112,1,11
m_lora,250,3250,validation,pooled,1.9796695974138048,0.7361111111111112,0.7361111111111112,1,11
m_lora,500,3500,train,BNCI2014_001,0.0673295146844557,0.988425925925926,0.988425925925926,1,11
m_lora,500,3500,train,pooled,0.0673295146844557,0.988425925925926,0.988425925925926,1,11
m_lora,500,3500,validation,BNCI2014_001,2.273676077524821,0.7222222222222222,0.7222222222222223,1,11
m_lora,500,3500,validation,pooled,2.273676077524821,0.7222222222222222,0.7222222222222223,1,11
m_lora,750,3750,train,BNCI2014_001,0.1364135629815724,0.9710648148148148,0.9710648148148148,1,11
m_lora,750,3750,train,pooled,0.1364135629815724,0.9710648148148148,0.9710648148148148,1,11
m_lora,750,3750,validation,BNCI2014_001,2.095006412929959,0.6111111111111112,0.6111111111111112,1,11
m_lora,750,3750,validation,pooled,2.095006412929959,0.6111111111111112,0.6111111111111112,1,11
m_lora,1000,4000,train,BNCI2014_001,0.0765302374442166,0.9861111111111112,0.9861111111111112,1,11
m_lora,1000,4000,train,pooled,0.0765302374442166,0.9861111111111112,0.9861111111111112,1,11
m_lora,1000,4000,validation,BNCI2014_001,2.0268547005123563,0.7083333333333334,0.7083333333333333,1,11
m_lora,1000,4000,validation,pooled,2.0268547005123563,0.7083333333333334,0.7083333333333333,1,11
m_lora,1250,4250,train,BNCI2014_001,0.0429992503122481,0.9872685185185184,0.9872685185185184,1,11
m_lora,1250,4250,train,pooled,0.0429992503122481,0.9872685185185184,0.9872685185185184,1,11
m_lora,1250,4250,validation,BNCI2014_001,1.928172826766968,0.7222222222222222,0.7222222222222222,1,11
m_lora,1250,4250,validation,pooled,1.928172826766968,0.7222222222222222,0.7222222222222222,1,11
m_lora,1500,4500,train,BNCI2014_001,0.0417519780281273,0.9895833333333334,0.9895833333333334,1,11
m_lora,1500,4500,train,pooled,0.0417519780281273,0.9895833333333334,0.9895833333333334,1,11
m_lora,1500,4500,validation,BNCI2014_001,1.3544750875896878,0.7361111111111112,0.7361111111111112,1,11
m_lora,1500,4500,validation,pooled,1.3544750875896878,0.7361111111111112,0.7361111111111112,1,11
m_lora,1750,4750,train,BNCI2014_001,0.0376105821814976,0.9942129629629628,0.9942129629629628,1,11
m_lora,1750,4750,train,pooled,0.0376105821814976,0.9942129629629628,0.9942129629629628,1,11
m_lora,1750,4750,validation,BNCI2014_001,1.1951413022147284,0.7638888888888888,0.7638888888888888,1,11
m_lora,1750,4750,validation,pooled,1.1951413022147284,0.7638888888888888,0.7638888888888888,1,11
m_lora,2000,5000,train,BNCI2014_001,0.0453291928150873,0.9907407407407406,0.9907407407407408,1,11
m_lora,2000,5000,train,pooled,0.0453291928150873,0.9907407407407406,0.9907407407407408,1,11
m_lora,2000,5000,validation,BNCI2014_001,1.4135330120722454,0.7361111111111112,0.7361111111111112,1,11
m_lora,2000,5000,validation,pooled,1.4135330120722454,0.7361111111111112,0.7361111111111112,1,11
m_film,0,3000,train,BNCI2014_001,0.0265968457365383,0.9942129629629628,0.9942129629629628,1,23
m_film,0,3000,train,pooled,0.0265968457365383,0.9942129629629628,0.9942129629629628,1,23
m_film,0,3000,validation,BNCI2014_001,1.346894277466668,0.7083333333333334,0.7083333333333333,1,23
m_film,0,3000,validation,pooled,1.346894277466668,0.7083333333333334,0.7083333333333333,1,23
m_film,250,3250,train,BNCI2014_001,0.0351491466643103,0.9907407407407408,0.9907407407407408,1,23
m_film,250,3250,train,pooled,0.0351491466643103,0.9907407407407408,0.9907407407407408,1,23
m_film,250,3250,validation,BNCI2014_001,1.7649241818322077,0.8055555555555556,0.8055555555555556,1,23
m_film,250,3250,validation,pooled,1.7649241818322077,0.8055555555555556,0.8055555555555556,1,23
m_film,500,3500,train,BNCI2014_001,0.0467492524946456,0.9942129629629632,0.9942129629629632,1,23
m_film,500,3500,train,pooled,0.0467492524946456,0.9942129629629632,0.9942129629629632,1,23
m_film,500,3500,validation,BNCI2014_001,2.129470772213406,0.8055555555555556,0.8055555555555556,1,23
m_film,500,3500,validation,pooled,2.129470772213406,0.8055555555555556,0.8055555555555556,1,23
m_film,750,3750,train,BNCI2014_001,0.0003145985745934,1.0,1.0,1,23
m_film,750,3750,train,pooled,0.0003145985745934,1.0,1.0,1,23
m_film,750,3750,validation,BNCI2014_001,1.552233590020074,0.7638888888888888,0.7638888888888888,1,23
m_film,750,3750,validation,pooled,1.552233590020074,0.7638888888888888,0.7638888888888888,1,23
m_film,1000,4000,train,BNCI2014_001,0.0179701217280478,0.9976851851851852,0.9976851851851852,1,23
m_film,1000,4000,train,pooled,0.0179701217280478,0.9976851851851852,0.9976851851851852,1,23
m_film,1000,4000,validation,BNCI2014_001,1.380997657775879,0.7777777777777778,0.7777777777777778,1,23
m_film,1000,4000,validation,pooled,1.380997657775879,0.7777777777777778,0.7777777777777778,1,23
m_film,1250,4250,train,BNCI2014_001,0.0421184063277656,0.9930555555555556,0.9930555555555556,1,23
m_film,1250,4250,train,pooled,0.0421184063277656,0.9930555555555556,0.9930555555555556,1,23
m_film,1250,4250,validation,BNCI2014_001,2.128148529264662,0.75,0.75,1,23
m_film,1250,4250,validation,pooled,2.128148529264662,0.75,0.75,1,23
m_film,1500,4500,train,BNCI2014_001,0.0196838158589542,0.9965277777777776,0.9965277777777776,1,23
m_film,1500,4500,train,pooled,0.0196838158589542,0.9965277777777776,0.9965277777777776,1,23
m_film,1500,4500,validation,BNCI2014_001,2.130920834011502,0.7222222222222222,0.7222222222222223,1,23
m_film,1500,4500,validation,pooled,2.130920834011502,0.7222222222222222,0.7222222222222223,1,23
m_film,1750,4750,train,BNCI2014_001,0.0269728758439147,0.9942129629629628,0.9942129629629628,1,23
m_film,1750,4750,train,pooled,0.0269728758439147,0.9942129629629628,0.9942129629629628,1,23
m_film,1750,4750,validation,BNCI2014_001,1.8122977945539689,0.75,0.75,1,23
m_film,1750,4750,validation,pooled,1.8122977945539689,0.75,0.75,1,23
m_film,2000,5000,train,BNCI2014_001,0.0063811372042274,0.9988425925925926,0.9988425925925926,1,23
m_film,2000,5000,train,pooled,0.0063811372042274,0.9988425925925926,0.9988425925925926,1,23
m_film,2000,5000,validation,BNCI2014_001,2.029810481601291,0.7222222222222222,0.7222222222222223,1,23
m_film,2000,5000,validation,pooled,2.029810481601291,0.7222222222222222,0.7222222222222223,1,23
m_lora,0,3000,train,BNCI2014_001,5.558766258883662e-06,1.0,1.0,1,23
m_lora,0,3000,train,pooled,5.558766258883662e-06,1.0,1.0,1,23
m_lora,0,3000,validation,BNCI2014_001,1.9708014329274492,0.7222222222222222,0.7222222222222222,1,23
m_lora,0,3000,validation,pooled,1.9708014329274492,0.7222222222222222,0.7222222222222222,1,23
m_lora,250,3250,train,BNCI2014_001,0.0006332741276413,1.0,1.0,1,23
m_lora,250,3250,train,pooled,0.0006332741276413,1.0,1.0,1,23
m_lora,250,3250,validation,BNCI2014_001,2.297315173678928,0.6805555555555556,0.6805555555555556,1,23
m_lora,250,3250,validation,pooled,2.297315173678928,0.6805555555555556,0.6805555555555556,1,23
m_lora,500,3500,train,BNCI2014_001,0.0402908233874881,0.9872685185185184,0.9872685185185184,1,23
m_lora,500,3500,train,pooled,0.0402908233874881,0.9872685185185184,0.9872685185185184,1,23
m_lora,500,3500,validation,BNCI2014_001,2.189849853515625,0.75,0.75,1,23
m_lora,500,3500,validation,pooled,2.189849853515625,0.75,0.75,1,23
m_lora,750,3750,train,BNCI2014_001,0.0067940455038134,0.9988425925925926,0.9988425925925926,1,23
m_lora,750,3750,train,pooled,0.0067940455038134,0.9988425925925926,0.9988425925925926,1,23
m_lora,750,3750,validation,BNCI2014_001,1.8441250854068327,0.7777777777777778,0.7777777777777777,1,23
m_lora,750,3750,validation,pooled,1.8441250854068327,0.7777777777777778,0.7777777777777777,1,23
m_lora,1000,4000,train,BNCI2014_001,1.1261159612174366e-05,1.0,1.0,1,23
m_lora,1000,4000,train,pooled,1.1261159612174366e-05,1.0,1.0,1,23
m_lora,1000,4000,validation,BNCI2014_001,2.234254386689928,0.75,0.75,1,23
m_lora,1000,4000,validation,pooled,2.234254386689928,0.75,0.75,1,23
m_lora,1250,4250,train,BNCI2014_001,2.8673494880506577e-06,1.0,1.0,1,23
m_lora,1250,4250,train,pooled,2.8673494880506577e-06,1.0,1.0,1,23
m_lora,1250,4250,validation,BNCI2014_001,2.4008336067199707,0.75,0.75,1,23
m_lora,1250,4250,validation,pooled,2.4008336067199707,0.75,0.75,1,23
m_lora,1500,4500,train,BNCI2014_001,1.95461170238576e-06,1.0,1.0,1,23
m_lora,1500,4500,train,pooled,1.95461170238576e-06,1.0,1.0,1,23
m_lora,1500,4500,validation,BNCI2014_001,2.433608955807156,0.75,0.75,1,23
m_lora,1500,4500,validation,pooled,2.433608955807156,0.75,0.75,1,23
m_lora,1750,4750,train,BNCI2014_001,1.3643985919347615e-06,1.0,1.0,1,23
m_lora,1750,4750,train,pooled,1.3643985919347615e-06,1.0,1.0,1,23
m_lora,1750,4750,validation,BNCI2014_001,2.479001628028022,0.75,0.75,1,23
m_lora,1750,4750,validation,pooled,2.479001628028022,0.75,0.75,1,23
m_lora,2000,5000,train,BNCI2014_001,1.1556515127240265e-06,1.0,1.0,1,23
m_lora,2000,5000,train,pooled,1.1556515127240265e-06,1.0,1.0,1,23
m_lora,2000,5000,validation,BNCI2014_001,2.486586040920681,0.7361111111111112,0.7361111111111112,1,23
m_lora,2000,5000,validation,pooled,2.486586040920681,0.7361111111111112,0.7361111111111112,1,23
m_lora,2250,5250,train,BNCI2014_001,9.689789341522154e-07,1.0,1.0,1,23
m_lora,2250,5250,train,pooled,9.689789341522154e-07,1.0,1.0,1,23
m_lora,2250,5250,validation,BNCI2014_001,2.5084837277730307,0.75,0.75,1,23
m_lora,2250,5250,validation,pooled,2.5084837277730307,0.75,0.75,1,23
m_lora,2500,5500,train,BNCI2014_001,8.034146110120271e-07,1.0,1.0,1,23
m_lora,2500,5500,train,pooled,8.034146110120271e-07,1.0,1.0,1,23
m_lora,2500,5500,validation,BNCI2014_001,2.537959098815918,0.75,0.75,1,23
m_lora,2500,5500,validation,pooled,2.537959098815918,0.75,0.75,1,23
m_lora,2750,5750,train,BNCI2014_001,7.214596973664162e-07,1.0,1.0,1,23
m_lora,2750,5750,train,pooled,7.214596973664162e-07,1.0,1.0,1,23
m_lora,2750,5750,validation,BNCI2014_001,2.5421909756130643,0.75,0.75,1,23
m_lora,2750,5750,validation,pooled,2.5421909756130643,0.75,0.75,1,23
m_film,0,3000,train,BNCI2014_001,0.0218676125203366,0.9942129629629628,0.9942129629629628,1,37
m_film,0,3000,train,pooled,0.0218676125203366,0.9942129629629628,0.9942129629629628,1,37
m_film,0,3000,validation,BNCI2014_001,1.4145023425420125,0.75,0.75,1,37
m_film,0,3000,validation,pooled,1.4145023425420125,0.75,0.75,1,37
m_film,250,3250,train,BNCI2014_001,0.0798022133264432,0.9791666666666666,0.9791666666666666,1,37
m_film,250,3250,train,pooled,0.0798022133264432,0.9791666666666666,0.9791666666666666,1,37
m_film,250,3250,validation,BNCI2014_001,1.2412690718968709,0.7916666666666666,0.7916666666666667,1,37
m_film,250,3250,validation,pooled,1.2412690718968709,0.7916666666666666,0.7916666666666667,1,37
m_film,500,3500,train,BNCI2014_001,0.1155868621165239,0.9837962962962962,0.9837962962962964,1,37
m_film,500,3500,train,pooled,0.1155868621165239,0.9837962962962962,0.9837962962962964,1,37
m_film,500,3500,validation,BNCI2014_001,2.732343355814616,0.6805555555555556,0.6805555555555556,1,37
m_film,500,3500,validation,pooled,2.732343355814616,0.6805555555555556,0.6805555555555556,1,37
m_film,750,3750,train,BNCI2014_001,0.0291804963989121,0.9930555555555556,0.9930555555555556,1,37
m_film,750,3750,train,pooled,0.0291804963989121,0.9930555555555556,0.9930555555555556,1,37
m_film,750,3750,validation,BNCI2014_001,1.331661489274767,0.7638888888888888,0.7638888888888888,1,37
m_film,750,3750,validation,pooled,1.331661489274767,0.7638888888888888,0.7638888888888888,1,37
m_film,1000,4000,train,BNCI2014_001,0.0697849044587723,0.982638888888889,0.982638888888889,1,37
m_film,1000,4000,train,pooled,0.0697849044587723,0.982638888888889,0.982638888888889,1,37
m_film,1000,4000,validation,BNCI2014_001,1.3645970556471083,0.7222222222222222,0.7222222222222222,1,37
m_film,1000,4000,validation,pooled,1.3645970556471083,0.7222222222222222,0.7222222222222222,1,37
m_film,1250,4250,train,BNCI2014_001,0.025705308457597,0.9965277777777778,0.9965277777777778,1,37
m_film,1250,4250,train,pooled,0.025705308457597,0.9965277777777778,0.9965277777777778,1,37
m_film,1250,4250,validation,BNCI2014_001,1.3439731068081326,0.7361111111111112,0.7361111111111112,1,37
m_film,1250,4250,validation,pooled,1.3439731068081326,0.7361111111111112,0.7361111111111112,1,37
m_film,1500,4500,train,BNCI2014_001,0.0201470588702216,0.9942129629629628,0.9942129629629628,1,37
m_film,1500,4500,train,pooled,0.0201470588702216,0.9942129629629628,0.9942129629629628,1,37
m_film,1500,4500,validation,BNCI2014_001,1.7959536976284451,0.7222222222222222,0.7222222222222222,1,37
m_film,1500,4500,validation,pooled,1.7959536976284451,0.7222222222222222,0.7222222222222222,1,37
m_film,1750,4750,train,BNCI2014_001,0.0100814135308237,0.9976851851851852,0.9976851851851852,1,37
m_film,1750,4750,train,pooled,0.0100814135308237,0.9976851851851852,0.9976851851851852,1,37
m_film,1750,4750,validation,BNCI2014_001,1.6122842099931505,0.7777777777777778,0.7777777777777778,1,37
m_film,1750,4750,validation,pooled,1.6122842099931505,0.7777777777777778,0.7777777777777778,1,37
m_film,2000,5000,train,BNCI2014_001,0.0018355803681084,0.9988425925925926,0.9988425925925926,1,37
m_film,2000,5000,train,pooled,0.0018355803681084,0.9988425925925926,0.9988425925925926,1,37
m_film,2000,5000,validation,BNCI2014_001,1.6424223317040338,0.75,0.75,1,37
m_film,2000,5000,validation,pooled,1.6424223317040338,0.75,0.75,1,37
m_film,2250,5250,train,BNCI2014_001,0.0036421036447474,0.9976851851851852,0.9976851851851852,1,37
m_film,2250,5250,train,pooled,0.0036421036447474,0.9976851851851852,0.9976851851851852,1,37
m_film,2250,5250,validation,BNCI2014_001,1.4463870127995808,0.75,0.75,1,37
m_film,2250,5250,validation,pooled,1.4463870127995808,0.75,0.75,1,37
m_lora,0,3000,train,BNCI2014_001,0.1434945804615263,0.9780092592592594,0.9780092592592594,1,37
m_lora,0,3000,train,pooled,0.1434945804615263,0.9780092592592594,0.9780092592592594,1,37
m_lora,0,3000,validation,BNCI2014_001,2.1598451932271323,0.7361111111111112,0.7361111111111112,1,37
m_lora,0,3000,validation,pooled,2.1598451932271323,0.7361111111111112,0.7361111111111112,1,37
m_lora,250,3250,train,BNCI2014_001,0.310529557922025,0.9525462962962964,0.9525462962962964,1,37
m_lora,250,3250,train,pooled,0.310529557922025,0.9525462962962964,0.9525462962962964,1,37
m_lora,250,3250,validation,BNCI2014_001,2.270691606733534,0.7083333333333334,0.7083333333333333,1,37
m_lora,250,3250,validation,pooled,2.270691606733534,0.7083333333333334,0.7083333333333333,1,37
m_lora,500,3500,train,BNCI2014_001,0.1096639684055507,0.9710648148148148,0.9710648148148148,1,37
m_lora,500,3500,train,pooled,0.1096639684055507,0.9710648148148148,0.9710648148148148,1,37
m_lora,500,3500,validation,BNCI2014_001,1.7772868474324544,0.7222222222222222,0.7222222222222223,1,37
m_lora,500,3500,validation,pooled,1.7772868474324544,0.7222222222222222,0.7222222222222223,1,37
m_lora,750,3750,train,BNCI2014_001,0.1772628736716165,0.9768518518518516,0.976851851851852,1,37
m_lora,750,3750,train,pooled,0.1772628736716165,0.9768518518518516,0.976851851851852,1,37
m_lora,750,3750,validation,BNCI2014_001,1.9847558869255917,0.75,0.75,1,37
m_lora,750,3750,validation,pooled,1.9847558869255917,0.75,0.75,1,37
m_lora,1000,4000,train,BNCI2014_001,0.1745458128340629,0.9733796296296297,0.9733796296296297,1,37
m_lora,1000,4000,train,pooled,0.1745458128340629,0.9733796296296297,0.9733796296296297,1,37
m_lora,1000,4000,validation,BNCI2014_001,1.9268969429863825,0.7638888888888888,0.7638888888888888,1,37
m_lora,1000,4000,validation,pooled,1.9268969429863825,0.7638888888888888,0.7638888888888888,1,37
m_lora,1250,4250,train,BNCI2014_001,0.0623666490187638,0.9837962962962964,0.9837962962962964,1,37
m_lora,1250,4250,train,pooled,0.0623666490187638,0.9837962962962964,0.9837962962962964,1,37
m_lora,1250,4250,validation,BNCI2014_001,1.5272858672671847,0.75,0.75,1,37
m_lora,1250,4250,validation,pooled,1.5272858672671847,0.75,0.75,1,37
m_lora,1500,4500,train,BNCI2014_001,0.577697922136765,0.8796296296296297,0.8796296296296297,1,37
m_lora,1500,4500,train,pooled,0.577697922136765,0.8796296296296297,0.8796296296296297,1,37
m_lora,1500,4500,validation,BNCI2014_001,2.957442306809955,0.7222222222222222,0.7222222222222222,1,37
m_lora,1500,4500,validation,pooled,2.957442306809955,0.7222222222222222,0.7222222222222222,1,37
m_lora,1750,4750,train,BNCI2014_001,0.214012071003416,0.96875,0.96875,1,37
m_lora,1750,4750,train,pooled,0.214012071003416,0.96875,0.96875,1,37
m_lora,1750,4750,validation,BNCI2014_001,4.353292147318522,0.75,0.75,1,37
m_lora,1750,4750,validation,pooled,4.353292147318522,0.75,0.75,1,37
m_lora,2000,5000,train,BNCI2014_001,0.1054891034010295,0.9837962962962964,0.9837962962962964,1,37
m_lora,2000,5000,train,pooled,0.1054891034010295,0.9837962962962964,0.9837962962962964,1,37
m_lora,2000,5000,validation,BNCI2014_001,1.629235241148207,0.8194444444444444,0.8194444444444444,1,37
m_lora,2000,5000,validation,pooled,1.629235241148207,0.8194444444444444,0.8194444444444444,1,37
m_lora,2250,5250,train,BNCI2014_001,0.0318748341304393,0.9976851851851852,0.9976851851851852,1,37
m_lora,2250,5250,train,pooled,0.0318748341304393,0.9976851851851852,0.9976851851851852,1,37
m_lora,2250,5250,validation,BNCI2014_001,0.911620881822374,0.8194444444444444,0.8194444444444444,1,37
m_lora,2250,5250,validation,pooled,0.911620881822374,0.8194444444444444,0.8194444444444444,1,37
m_lora,2500,5500,train,BNCI2014_001,0.0274527324877251,0.9953703703703703,0.9953703703703703,1,37
m_lora,2500,5500,train,pooled,0.0274527324877251,0.9953703703703703,0.9953703703703703,1,37
m_lora,2500,5500,validation,BNCI2014_001,1.3364624977111816,0.8472222222222222,0.8472222222222222,1,37
m_lora,2500,5500,validation,pooled,1.3364624977111816,0.8472222222222222,0.8472222222222222,1,37
m_lora,2750,5750,train,BNCI2014_001,0.0867211863509706,0.9837962962962964,0.9837962962962964,1,37
m_lora,2750,5750,train,pooled,0.0867211863509706,0.9837962962962964,0.9837962962962964,1,37
m_lora,2750,5750,validation,BNCI2014_001,1.984723197089301,0.7638888888888888,0.7638888888888888,1,37
m_lora,2750,5750,validation,pooled,1.984723197089301,0.7638888888888888,0.7638888888888888,1,37
m_lora,3000,6000,train,BNCI2014_001,0.1072460395105274,0.9849537037037036,0.9849537037037036,1,37
m_lora,3000,6000,train,pooled,0.1072460395105274,0.9849537037037036,0.9849537037037036,1,37
m_lora,3000,6000,validation,BNCI2014_001,2.81405242284139,0.7638888888888888,0.7638888888888888,1,37
m_lora,3000,6000,validation,pooled,2.81405242284139,0.7638888888888888,0.7638888888888888,1,37
m_lora,3250,6250,train,BNCI2014_001,0.0166215763524059,0.9930555555555556,0.9930555555555556,1,37
m_lora,3250,6250,train,pooled,0.0166215763524059,0.9930555555555556,0.9930555555555556,1,37
m_lora,3250,6250,validation,BNCI2014_001,0.9117385480138992,0.8055555555555556,0.8055555555555556,1,37
m_lora,3250,6250,validation,pooled,0.9117385480138992,0.8055555555555556,0.8055555555555556,1,37
m_lora,3500,6500,train,BNCI2014_001,0.0071569485961837,0.9976851851851852,0.9976851851851852,1,37
m_lora,3500,6500,train,pooled,0.0071569485961837,0.9976851851851852,0.9976851851851852,1,37
m_lora,3500,6500,validation,BNCI2014_001,2.6167233255174427,0.7638888888888888,0.7638888888888888,1,37
m_lora,3500,6500,validation,pooled,2.6167233255174427,0.7638888888888888,0.7638888888888888,1,37
m_lora,3750,6750,train,BNCI2014_001,0.0505424629795759,0.9953703703703703,0.9953703703703703,1,37
m_lora,3750,6750,train,pooled,0.0505424629795759,0.9953703703703703,0.9953703703703703,1,37
m_lora,3750,6750,validation,BNCI2014_001,3.645135031806098,0.7222222222222222,0.7222222222222222,1,37
m_lora,3750,6750,validation,pooled,3.645135031806098,0.7222222222222222,0.7222222222222222,1,37
m_lora,4000,7000,train,BNCI2014_001,0.008588222986055,0.9953703703703703,0.9953703703703703,1,37
m_lora,4000,7000,train,pooled,0.008588222986055,0.9953703703703703,0.9953703703703703,1,37
m_lora,4000,7000,validation,BNCI2014_001,1.218567709128062,0.8055555555555556,0.8055555555555556,1,37
m_lora,4000,7000,validation,pooled,1.218567709128062,0.8055555555555556,0.8055555555555556,1,37
m_lora,4250,7250,train,BNCI2014_001,0.001026771052659,1.0,1.0,1,37
m_lora,4250,7250,train,pooled,0.001026771052659,1.0,1.0,1,37
m_lora,4250,7250,validation,BNCI2014_001,2.593003908793132,0.7916666666666666,0.7916666666666666,1,37
m_lora,4250,7250,validation,pooled,2.593003908793132,0.7916666666666666,0.7916666666666666,1,37
m_film,0,3000,train,BNCI2014_001,0.0706428939004884,0.9895833333333334,0.9895833333333334,1,53
m_film,0,3000,train,pooled,0.0706428939004884,0.9895833333333334,0.9895833333333334,1,53
m_film,0,3000,validation,BNCI2014_001,1.6128185855017767,0.6944444444444444,0.6944444444444444,1,53
m_film,0,3000,validation,pooled,1.6128185855017767,0.6944444444444444,0.6944444444444444,1,53
m_film,250,3250,train,BNCI2014_001,0.1271440449503395,0.9791666666666666,0.9791666666666666,1,53
m_film,250,3250,train,pooled,0.1271440449503395,0.9791666666666666,0.9791666666666666,1,53
m_film,250,3250,validation,BNCI2014_001,1.992996162838406,0.7361111111111112,0.7361111111111112,1,53
m_film,250,3250,validation,pooled,1.992996162838406,0.7361111111111112,0.7361111111111112,1,53
m_film,500,3500,train,BNCI2014_001,0.1329206608114941,0.9780092592592592,0.9780092592592592,1,53
m_film,500,3500,train,pooled,0.1329206608114941,0.9780092592592592,0.9780092592592592,1,53
m_film,500,3500,validation,BNCI2014_001,2.487521171569824,0.6666666666666666,0.6666666666666666,1,53
m_film,500,3500,validation,pooled,2.487521171569824,0.6666666666666666,0.6666666666666666,1,53
m_film,750,3750,train,BNCI2014_001,0.0524710274318017,0.9837962962962964,0.9837962962962964,1,53
m_film,750,3750,train,pooled,0.0524710274318017,0.9837962962962964,0.9837962962962964,1,53
m_film,750,3750,validation,BNCI2014_001,1.5287312136756048,0.75,0.75,1,53
m_film,750,3750,validation,pooled,1.5287312136756048,0.75,0.75,1,53
m_film,1000,4000,train,BNCI2014_001,0.0907727899736877,0.9872685185185184,0.9872685185185184,1,53
m_film,1000,4000,train,pooled,0.0907727899736877,0.9872685185185184,0.9872685185185184,1,53
m_film,1000,4000,validation,BNCI2014_001,2.141798655192057,0.7083333333333334,0.7083333333333334,1,53
m_film,1000,4000,validation,pooled,2.141798655192057,0.7083333333333334,0.7083333333333334,1,53
m_film,1250,4250,train,BNCI2014_001,0.0474739236402704,0.9930555555555556,0.9930555555555556,1,53
m_film,1250,4250,train,pooled,0.0474739236402704,0.9930555555555556,0.9930555555555556,1,53
m_film,1250,4250,validation,BNCI2014_001,1.6045328511132135,0.7083333333333334,0.7083333333333334,1,53
m_film,1250,4250,validation,pooled,1.6045328511132135,0.7083333333333334,0.7083333333333334,1,53
m_film,1500,4500,train,BNCI2014_001,0.0221973322100489,0.9918981481481484,0.9918981481481484,1,53
m_film,1500,4500,train,pooled,0.0221973322100489,0.9918981481481484,0.9918981481481484,1,53
m_film,1500,4500,validation,BNCI2014_001,1.6740094953113132,0.75,0.75,1,53
m_film,1500,4500,validation,pooled,1.6740094953113132,0.75,0.75,1,53
m_film,1750,4750,train,BNCI2014_001,0.0644237697185077,0.9872685185185184,0.9872685185185184,1,53
m_film,1750,4750,train,pooled,0.0644237697185077,0.9872685185185184,0.9872685185185184,1,53
m_film,1750,4750,validation,BNCI2014_001,1.6269655227661133,0.7777777777777778,0.7777777777777778,1,53
m_film,1750,4750,validation,pooled,1.6269655227661133,0.7777777777777778,0.7777777777777778,1,53
m_film,2000,5000,train,BNCI2014_001,0.0228686832866089,0.9895833333333334,0.9895833333333336,1,53
m_film,2000,5000,train,pooled,0.0228686832866089,0.9895833333333334,0.9895833333333336,1,53
m_film,2000,5000,validation,BNCI2014_001,1.5352032317055595,0.7638888888888888,0.7638888888888888,1,53
m_film,2000,5000,validation,pooled,1.5352032317055595,0.7638888888888888,0.7638888888888888,1,53
m_film,2250,5250,train,BNCI2014_001,0.0206001660297822,0.9976851851851852,0.9976851851851852,1,53
m_film,2250,5250,train,pooled,0.0206001660297822,0.9976851851851852,0.9976851851851852,1,53
m_film,2250,5250,validation,BNCI2014_001,1.6699574523501926,0.7916666666666666,0.7916666666666667,1,53
m_film,2250,5250,validation,pooled,1.6699574523501926,0.7916666666666666,0.7916666666666667,1,53
m_film,2500,5500,train,BNCI2014_001,0.0053856167095547,0.9988425925925926,0.9988425925925926,1,53
m_film,2500,5500,train,pooled,0.0053856167095547,0.9988425925925926,0.9988425925925926,1,53
m_film,2500,5500,validation,BNCI2014_001,1.717373463842604,0.7777777777777778,0.7777777777777778,1,53
m_film,2500,5500,validation,pooled,1.717373463842604,0.7777777777777778,0.7777777777777778,1,53
m_film,2750,5750,train,BNCI2014_001,0.0962041846325639,0.982638888888889,0.982638888888889,1,53
m_film,2750,5750,train,pooled,0.0962041846325639,0.982638888888889,0.982638888888889,1,53
m_film,2750,5750,validation,BNCI2014_001,2.5334703657362194,0.6805555555555556,0.6805555555555556,1,53
m_film,2750,5750,validation,pooled,2.5334703657362194,0.6805555555555556,0.6805555555555556,1,53
m_lora,0,3000,train,BNCI2014_001,0.092260710778496,0.986111111111111,0.986111111111111,1,53
m_lora,0,3000,train,pooled,0.092260710778496,0.986111111111111,0.986111111111111,1,53
m_lora,0,3000,validation,BNCI2014_001,2.435310310787625,0.7361111111111112,0.7361111111111112,1,53
m_lora,0,3000,validation,pooled,2.435310310787625,0.7361111111111112,0.7361111111111112,1,53
m_lora,250,3250,train,BNCI2014_001,0.136166187945424,0.9791666666666666,0.9791666666666666,1,53
m_lora,250,3250,train,pooled,0.136166187945424,0.9791666666666666,0.9791666666666666,1,53
m_lora,250,3250,validation,BNCI2014_001,3.0676863458421497,0.7361111111111112,0.7361111111111112,1,53
m_lora,250,3250,validation,pooled,3.0676863458421497,0.7361111111111112,0.7361111111111112,1,53
m_lora,500,3500,train,BNCI2014_001,0.3852081000950588,0.9560185185185184,0.9560185185185184,1,53
m_lora,500,3500,train,pooled,0.3852081000950588,0.9560185185185184,0.9560185185185184,1,53
m_lora,500,3500,validation,BNCI2014_001,3.3898311720954046,0.7083333333333334,0.7083333333333333,1,53
m_lora,500,3500,validation,pooled,3.3898311720954046,0.7083333333333334,0.7083333333333333,1,53
m_lora,750,3750,train,BNCI2014_001,0.1936244406203547,0.9780092592592592,0.9780092592592592,1,53
m_lora,750,3750,train,pooled,0.1936244406203547,0.9780092592592592,0.9780092592592592,1,53
m_lora,750,3750,validation,BNCI2014_001,2.959585348765055,0.7222222222222222,0.7222222222222223,1,53
m_lora,750,3750,validation,pooled,2.959585348765055,0.7222222222222222,0.7222222222222223,1,53
m_lora,1000,4000,train,BNCI2014_001,0.1435007711382544,0.9780092592592592,0.9780092592592592,1,53
m_lora,1000,4000,train,pooled,0.1435007711382544,0.9780092592592592,0.9780092592592592,1,53
m_lora,1000,4000,validation,BNCI2014_001,2.667748557196723,0.75,0.75,1,53
m_lora,1000,4000,validation,pooled,2.667748557196723,0.75,0.75,1,53
m_lora,1250,4250,train,BNCI2014_001,0.1474155717583037,0.9814814814814814,0.9814814814814814,1,53
m_lora,1250,4250,train,pooled,0.1474155717583037,0.9814814814814814,0.9814814814814814,1,53
m_lora,1250,4250,validation,BNCI2014_001,1.9272746509975855,0.7361111111111112,0.7361111111111112,1,53
m_lora,1250,4250,validation,pooled,1.9272746509975855,0.7361111111111112,0.7361111111111112,1,53
m_lora,1500,4500,train,BNCI2014_001,0.1576976880367675,0.9814814814814816,0.9814814814814816,1,53
m_lora,1500,4500,train,pooled,0.1576976880367675,0.9814814814814816,0.9814814814814816,1,53
m_lora,1500,4500,validation,BNCI2014_001,1.7563843462202284,0.7083333333333334,0.7083333333333333,1,53
m_lora,1500,4500,validation,pooled,1.7563843462202284,0.7083333333333334,0.7083333333333333,1,53
m_lora,1750,4750,train,BNCI2014_001,0.1718005402404158,0.9768518518518516,0.9768518518518516,1,53
m_lora,1750,4750,train,pooled,0.1718005402404158,0.9768518518518516,0.9768518518518516,1,53
m_lora,1750,4750,validation,BNCI2014_001,3.605593734317356,0.6944444444444444,0.6944444444444444,1,53
m_lora,1750,4750,validation,pooled,3.605593734317356,0.6944444444444444,0.6944444444444444,1,53
m_lora,2000,5000,train,BNCI2014_001,0.1313332726921948,0.980324074074074,0.980324074074074,1,53
m_lora,2000,5000,train,pooled,0.1313332726921948,0.980324074074074,0.980324074074074,1,53
m_lora,2000,5000,validation,BNCI2014_001,2.8755035400390625,0.7777777777777778,0.7777777777777777,1,53
m_lora,2000,5000,validation,pooled,2.8755035400390625,0.7777777777777778,0.7777777777777777,1,53
m_lora,2250,5250,train,BNCI2014_001,0.0165376377707978,0.9965277777777776,0.9965277777777776,1,53
m_lora,2250,5250,train,pooled,0.0165376377707978,0.9965277777777776,0.9965277777777776,1,53
m_lora,2250,5250,validation,BNCI2014_001,1.4984572463565402,0.6944444444444444,0.6944444444444444,1,53
m_lora,2250,5250,validation,pooled,1.4984572463565402,0.6944444444444444,0.6944444444444444,1,53
m_lora,2500,5500,train,BNCI2014_001,0.0222450109003452,0.9942129629629628,0.9942129629629628,1,53
m_lora,2500,5500,train,pooled,0.0222450109003452,0.9942129629629628,0.9942129629629628,1,53
m_lora,2500,5500,validation,BNCI2014_001,2.0977054172092013,0.7083333333333334,0.7083333333333334,1,53
m_lora,2500,5500,validation,pooled,2.0977054172092013,0.7083333333333334,0.7083333333333334,1,53
m_lora,2750,5750,train,BNCI2014_001,0.0333639576047325,0.991898148148148,0.9918981481481484,1,53
m_lora,2750,5750,train,pooled,0.0333639576047325,0.991898148148148,0.9918981481481484,1,53
m_lora,2750,5750,validation,BNCI2014_001,2.166846169365777,0.6666666666666666,0.6666666666666667,1,53
m_lora,2750,5750,validation,pooled,2.166846169365777,0.6666666666666666,0.6666666666666667,1,53
m_lora,3000,6000,train,BNCI2014_001,0.0183095900939844,0.9930555555555556,0.9930555555555556,1,53
m_lora,3000,6000,train,pooled,0.0183095900939844,0.9930555555555556,0.9930555555555556,1,53
m_lora,3000,6000,validation,BNCI2014_001,1.006893237431844,0.7222222222222222,0.7222222222222223,1,53
m_lora,3000,6000,validation,pooled,1.006893237431844,0.7222222222222222,0.7222222222222223,1,53
m_lora,3250,6250,train,BNCI2014_001,0.0089804230786756,0.9976851851851852,0.9976851851851852,1,53
m_lora,3250,6250,train,pooled,0.0089804230786756,0.9976851851851852,0.9976851851851852,1,53
m_lora,3250,6250,validation,BNCI2014_001,1.740382194519043,0.6944444444444444,0.6944444444444444,1,53
m_lora,3250,6250,validation,pooled,1.740382194519043,0.6944444444444444,0.6944444444444444,1,53
m_lora,3500,6500,train,BNCI2014_001,0.0193225649472626,0.9965277777777776,0.9965277777777776,1,53
m_lora,3500,6500,train,pooled,0.0193225649472626,0.9965277777777776,0.9965277777777776,1,53
m_lora,3500,6500,validation,BNCI2014_001,1.6080043315887451,0.7083333333333334,0.7083333333333334,1,53
m_lora,3500,6500,validation,pooled,1.6080043315887451,0.7083333333333334,0.7083333333333334,1,53
m_lora,3750,6750,train,BNCI2014_001,0.0005712119806297,1.0,1.0,1,53
m_lora,3750,6750,train,pooled,0.0005712119806297,1.0,1.0,1,53
m_lora,3750,6750,validation,BNCI2014_001,0.9714216921064588,0.75,0.75,1,53
m_lora,3750,6750,validation,pooled,0.9714216921064588,0.75,0.75,1,53
m_lora,4000,7000,train,BNCI2014_001,0.0026604732898763,0.9988425925925926,0.9988425925925926,1,53
m_lora,4000,7000,train,pooled,0.0026604732898763,0.9988425925925926,0.9988425925925926,1,53
m_lora,4000,7000,validation,BNCI2014_001,1.2204950915442572,0.7916666666666666,0.7916666666666667,1,53
m_lora,4000,7000,validation,pooled,1.2204950915442572,0.7916666666666666,0.7916666666666667,1,53
m_lora,4250,7250,train,BNCI2014_001,0.2996571847655944,0.9675925925925926,0.9675925925925926,1,53
m_lora,4250,7250,train,pooled,0.2996571847655944,0.9675925925925926,0.9675925925925926,1,53
m_lora,4250,7250,validation,BNCI2014_001,4.025035858154297,0.625,0.625,1,53
m_lora,4250,7250,validation,pooled,4.025035858154297,0.625,0.625,1,53
m_lora,4500,7500,train,BNCI2014_001,0.0257332174376882,0.9965277777777776,0.9965277777777776,1,53
m_lora,4500,7500,train,pooled,0.0257332174376882,0.9965277777777776,0.9965277777777776,1,53
m_lora,4500,7500,validation,BNCI2014_001,1.7771634525722928,0.7222222222222222,0.7222222222222223,1,53
m_lora,4500,7500,validation,pooled,1.7771634525722928,0.7222222222222222,0.7222222222222223,1,53
m_lora,4750,7750,train,BNCI2014_001,0.0058385636371838,0.9965277777777776,0.9965277777777776,1,53
m_lora,4750,7750,train,pooled,0.0058385636371838,0.9965277777777776,0.9965277777777776,1,53
m_lora,4750,7750,validation,BNCI2014_001,1.7192907068464491,0.7361111111111112,0.7361111111111112,1,53
m_lora,4750,7750,validation,pooled,1.7192907068464491,0.7361111111111112,0.7361111111111112,1,53
m_lora,5000,8000,train,BNCI2014_001,0.7451175514243146,0.9409722222222222,0.9409722222222222,1,53
m_lora,5000,8000,train,pooled,0.7451175514243146,0.9409722222222222,0.9409722222222222,1,53
m_lora,5000,8000,validation,BNCI2014_001,3.3484701580471463,0.7222222222222222,0.7222222222222222,1,53
m_lora,5000,8000,validation,pooled,3.3484701580471463,0.7222222222222222,0.7222222222222222,1,53
m_lora,5250,8250,train,BNCI2014_001,0.1080728721860063,0.988425925925926,0.988425925925926,1,53
m_lora,5250,8250,train,pooled,0.1080728721860063,0.988425925925926,0.988425925925926,1,53
m_lora,5250,8250,validation,BNCI2014_001,1.3649504449632432,0.7361111111111112,0.7361111111111112,1,53
m_lora,5250,8250,validation,pooled,1.3649504449632432,0.7361111111111112,0.7361111111111112,1,53
m_lora,5500,8500,train,BNCI2014_001,0.13251127799028,0.9780092592592592,0.9780092592592592,1,53
m_lora,5500,8500,train,pooled,0.13251127799028,0.9780092592592592,0.9780092592592592,1,53
m_lora,5500,8500,validation,BNCI2014_001,1.993755234612359,0.7083333333333334,0.7083333333333333,1,53
m_lora,5500,8500,validation,pooled,1.993755234612359,0.7083333333333334,0.7083333333333333,1,53
m_lora,5750,8750,train,BNCI2014_001,0.0001907468011321,1.0,1.0,1,53
m_lora,5750,8750,train,pooled,0.0001907468011321,1.0,1.0,1,53
m_lora,5750,8750,validation,BNCI2014_001,1.9367593394385445,0.75,0.75,1,53
m_lora,5750,8750,validation,pooled,1.9367593394385445,0.75,0.75,1,53
m_film,0,3000,train,BNCI2014_001,5.251749673231256e-06,1.0,1.0,1,71
m_film,0,3000,train,pooled,5.251749673231256e-06,1.0,1.0,1,71
m_film,0,3000,validation,BNCI2014_001,1.402912974357605,0.7361111111111112,0.7361111111111112,1,71
m_film,0,3000,validation,pooled,1.402912974357605,0.7361111111111112,0.7361111111111112,1,71
m_film,250,3250,train,BNCI2014_001,0.0065380637010853,0.9965277777777776,0.9965277777777776,1,71
m_film,250,3250,train,pooled,0.0065380637010853,0.9965277777777776,0.9965277777777776,1,71
m_film,250,3250,validation,BNCI2014_001,1.7592971192465887,0.7361111111111112,0.7361111111111112,1,71
m_film,250,3250,validation,pooled,1.7592971192465887,0.7361111111111112,0.7361111111111112,1,71
m_film,500,3500,train,BNCI2014_001,0.0040504650201327,0.9988425925925926,0.9988425925925926,1,71
m_film,500,3500,train,pooled,0.0040504650201327,0.9988425925925926,0.9988425925925926,1,71
m_film,500,3500,validation,BNCI2014_001,1.7356274392869735,0.7222222222222222,0.7222222222222223,1,71
m_film,500,3500,validation,pooled,1.7356274392869735,0.7222222222222222,0.7222222222222223,1,71
m_film,750,3750,train,BNCI2014_001,2.22570681445649e-06,1.0,1.0,1,71
m_film,750,3750,train,pooled,2.22570681445649e-06,1.0,1.0,1,71
m_film,750,3750,validation,BNCI2014_001,1.727939261330499,0.7777777777777778,0.7777777777777778,1,71
m_film,750,3750,validation,pooled,1.727939261330499,0.7777777777777778,0.7777777777777778,1,71
m_film,1000,4000,train,BNCI2014_001,5.659551106199193e-07,1.0,1.0,1,71
m_film,1000,4000,train,pooled,5.659551106199193e-07,1.0,1.0,1,71
m_film,1000,4000,validation,BNCI2014_001,1.7146274248758953,0.7916666666666666,0.7916666666666667,1,71
m_film,1000,4000,validation,pooled,1.7146274248758953,0.7916666666666666,0.7916666666666667,1,71
m_film,1250,4250,train,BNCI2014_001,3.974972636723429e-07,1.0,1.0,1,71
m_film,1250,4250,train,pooled,3.974972636723429e-07,1.0,1.0,1,71
m_film,1250,4250,validation,BNCI2014_001,1.707800997628106,0.7916666666666666,0.7916666666666667,1,71
m_film,1250,4250,validation,pooled,1.707800997628106,0.7916666666666666,0.7916666666666667,1,71
m_film,1500,4500,train,BNCI2014_001,3.472762543952099e-07,1.0,1.0,1,71
m_film,1500,4500,train,pooled,3.472762543952099e-07,1.0,1.0,1,71
m_film,1500,4500,validation,BNCI2014_001,1.7018788390689426,0.7916666666666666,0.7916666666666667,1,71
m_film,1500,4500,validation,pooled,1.7018788390689426,0.7916666666666666,0.7916666666666667,1,71
m_film,1750,4750,train,BNCI2014_001,3.2409712250561735e-07,1.0,1.0,1,71
m_film,1750,4750,train,pooled,3.2409712250561735e-07,1.0,1.0,1,71
m_film,1750,4750,validation,BNCI2014_001,1.696366998884413,0.7916666666666666,0.7916666666666667,1,71
m_film,1750,4750,validation,pooled,1.696366998884413,0.7916666666666666,0.7916666666666667,1,71
m_film,2000,5000,train,BNCI2014_001,3.082304517300195e-07,1.0,1.0,1,71
m_film,2000,5000,train,pooled,3.082304517300195e-07,1.0,1.0,1,71
m_film,2000,5000,validation,BNCI2014_001,1.690453423394097,0.7916666666666666,0.7916666666666667,1,71
m_film,2000,5000,validation,pooled,1.690453423394097,0.7916666666666666,0.7916666666666667,1,71
m_lora,0,3000,train,BNCI2014_001,0.0070242593606058,0.9965277777777778,0.9965277777777778,1,71
m_lora,0,3000,train,pooled,0.0070242593606058,0.9965277777777778,0.9965277777777778,1,71
m_lora,0,3000,validation,BNCI2014_001,1.1957939465840657,0.8194444444444444,0.8194444444444444,1,71
m_lora,0,3000,validation,pooled,1.1957939465840657,0.8194444444444444,0.8194444444444444,1,71
m_lora,250,3250,train,BNCI2014_001,0.035088040504138,0.9907407407407408,0.9907407407407408,1,71
m_lora,250,3250,train,pooled,0.035088040504138,0.9907407407407408,0.9907407407407408,1,71
m_lora,250,3250,validation,BNCI2014_001,1.311419341299269,0.7777777777777778,0.7777777777777777,1,71
m_lora,250,3250,validation,pooled,1.311419341299269,0.7777777777777778,0.7777777777777777,1,71
m_lora,500,3500,train,BNCI2014_001,0.050868835903741,0.9837962962962964,0.9837962962962964,1,71
m_lora,500,3500,train,pooled,0.050868835903741,0.9837962962962964,0.9837962962962964,1,71
m_lora,500,3500,validation,BNCI2014_001,3.360723548465305,0.7361111111111112,0.7361111111111112,1,71
m_lora,500,3500,validation,pooled,3.360723548465305,0.7361111111111112,0.7361111111111112,1,71
m_lora,750,3750,train,BNCI2014_001,0.0164597317533213,0.9953703703703703,0.9953703703703703,1,71
m_lora,750,3750,train,pooled,0.0164597317533213,0.9953703703703703,0.9953703703703703,1,71
m_lora,750,3750,validation,BNCI2014_001,1.8509385850694444,0.75,0.75,1,71
m_lora,750,3750,validation,pooled,1.8509385850694444,0.75,0.75,1,71
m_lora,1000,4000,train,BNCI2014_001,0.1464414173363827,0.9768518518518516,0.976851851851852,1,71
m_lora,1000,4000,train,pooled,0.1464414173363827,0.9768518518518516,0.976851851851852,1,71
m_lora,1000,4000,validation,BNCI2014_001,1.3948806126912434,0.7777777777777778,0.7777777777777778,1,71
m_lora,1000,4000,validation,pooled,1.3948806126912434,0.7777777777777778,0.7777777777777778,1,71
m_lora,1250,4250,train,BNCI2014_001,0.0775215573132327,0.9814814814814814,0.9814814814814814,1,71
m_lora,1250,4250,train,pooled,0.0775215573132327,0.9814814814814814,0.9814814814814814,1,71
m_lora,1250,4250,validation,BNCI2014_001,1.8209033674663968,0.7777777777777778,0.7777777777777778,1,71
m_lora,1250,4250,validation,pooled,1.8209033674663968,0.7777777777777778,0.7777777777777778,1,71
m_lora,1500,4500,train,BNCI2014_001,0.0547061468691725,0.9826388888888888,0.9826388888888888,1,71
m_lora,1500,4500,train,pooled,0.0547061468691725,0.9826388888888888,0.9826388888888888,1,71
m_lora,1500,4500,validation,BNCI2014_001,1.2391998767852783,0.7777777777777778,0.7777777777777778,1,71
m_lora,1500,4500,validation,pooled,1.2391998767852783,0.7777777777777778,0.7777777777777778,1,71
m_lora,1750,4750,train,BNCI2014_001,0.0668860233656771,0.988425925925926,0.988425925925926,1,71
m_lora,1750,4750,train,pooled,0.0668860233656771,0.988425925925926,0.988425925925926,1,71
m_lora,1750,4750,validation,BNCI2014_001,1.2714337507883708,0.7916666666666666,0.7916666666666666,1,71
m_lora,1750,4750,validation,pooled,1.2714337507883708,0.7916666666666666,0.7916666666666666,1,71
m_lora,2000,5000,train,BNCI2014_001,0.0906439931807451,0.9710648148148148,0.9710648148148148,1,71
m_lora,2000,5000,train,pooled,0.0906439931807451,0.9710648148148148,0.9710648148148148,1,71
m_lora,2000,5000,validation,BNCI2014_001,1.0132295555538602,0.7916666666666666,0.7916666666666667,1,71
m_lora,2000,5000,validation,pooled,1.0132295555538602,0.7916666666666666,0.7916666666666667,1,71
m_lora,2250,5250,train,BNCI2014_001,0.0909950158682096,0.988425925925926,0.988425925925926,1,71
m_lora,2250,5250,train,pooled,0.0909950158682096,0.988425925925926,0.988425925925926,1,71
m_lora,2250,5250,validation,BNCI2014_001,1.4781746334499783,0.7222222222222222,0.7222222222222223,1,71
m_lora,2250,5250,validation,pooled,1.4781746334499783,0.7222222222222222,0.7222222222222223,1,71
m_lora,2500,5500,train,BNCI2014_001,0.1384127665273828,0.982638888888889,0.982638888888889,1,71
m_lora,2500,5500,train,pooled,0.1384127665273828,0.982638888888889,0.982638888888889,1,71
m_lora,2500,5500,validation,BNCI2014_001,1.888949261771308,0.7361111111111112,0.7361111111111112,1,71
m_lora,2500,5500,validation,pooled,1.888949261771308,0.7361111111111112,0.7361111111111112,1,71
m_lora,2750,5750,train,BNCI2014_001,0.0020168962493973,0.9988425925925926,0.9988425925925926,1,71
m_lora,2750,5750,train,pooled,0.0020168962493973,0.9988425925925926,0.9988425925925926,1,71
m_lora,2750,5750,validation,BNCI2014_001,1.216634644402398,0.7222222222222222,0.7222222222222223,1,71
m_lora,2750,5750,validation,pooled,1.216634644402398,0.7222222222222222,0.7222222222222223,1,71
m_lora,3000,6000,train,BNCI2014_001,0.0462057501460351,0.9942129629629628,0.9942129629629628,1,71
m_lora,3000,6000,train,pooled,0.0462057501460351,0.9942129629629628,0.9942129629629628,1,71
m_lora,3000,6000,validation,BNCI2014_001,1.5101221137576633,0.7916666666666666,0.7916666666666666,1,71
m_lora,3000,6000,validation,pooled,1.5101221137576633,0.7916666666666666,0.7916666666666666,1,71
m_lora,3250,6250,train,BNCI2014_001,0.0688911844869484,0.9814814814814816,0.9814814814814816,1,71
m_lora,3250,6250,train,pooled,0.0688911844869484,0.9814814814814816,0.9814814814814816,1,71
m_lora,3250,6250,validation,BNCI2014_001,3.149895773993598,0.7638888888888888,0.7638888888888888,1,71
m_lora,3250,6250,validation,pooled,3.149895773993598,0.7638888888888888,0.7638888888888888,1,71
m_lora,3500,6500,train,BNCI2014_001,0.0423180780126256,0.9942129629629628,0.9942129629629628,1,71
m_lora,3500,6500,train,pooled,0.0423180780126256,0.9942129629629628,0.9942129629629628,1,71
m_lora,3500,6500,validation,BNCI2014_001,2.321877267625597,0.7777777777777778,0.7777777777777778,1,71
m_lora,3500,6500,validation,pooled,2.321877267625597,0.7777777777777778,0.7777777777777778,1,71
m_lora,3750,6750,train,BNCI2014_001,0.0719713152123728,0.9861111111111112,0.9861111111111112,1,71
m_lora,3750,6750,train,pooled,0.0719713152123728,0.9861111111111112,0.9861111111111112,1,71
m_lora,3750,6750,validation,BNCI2014_001,2.380974769592285,0.75,0.75,1,71
m_lora,3750,6750,validation,pooled,2.380974769592285,0.75,0.75,1,71
m_lora,4000,7000,train,BNCI2014_001,0.0379852134356049,0.991898148148148,0.991898148148148,1,71
m_lora,4000,7000,train,pooled,0.0379852134356049,0.991898148148148,0.991898148148148,1,71
m_lora,4000,7000,validation,BNCI2014_001,1.243950261010064,0.8194444444444444,0.8194444444444444,1,71
m_lora,4000,7000,validation,pooled,1.243950261010064,0.8194444444444444,0.8194444444444444,1,71
m_film,0,3000,train,BNCI2014_001,0.0242825005217228,0.9895833333333334,0.9895833333333334,2,11
m_film,0,3000,train,pooled,0.0242825005217228,0.9895833333333334,0.9895833333333334,2,11
m_film,0,3000,validation,BNCI2014_001,5.393203947279188,0.5138888888888888,0.5138888888888888,2,11
m_film,0,3000,validation,pooled,5.393203947279188,0.5138888888888888,0.5138888888888888,2,11
m_film,250,3250,train,BNCI2014_001,0.034941481214008,0.9849537037037036,0.9849537037037036,2,11
m_film,250,3250,train,pooled,0.034941481214008,0.9849537037037036,0.9849537037037036,2,11
m_film,250,3250,validation,BNCI2014_001,5.1186388863457575,0.5,0.5,2,11
m_film,250,3250,validation,pooled,5.1186388863457575,0.5,0.5,2,11
m_film,500,3500,train,BNCI2014_001,0.0122612605900266,0.9930555555555556,0.9930555555555556,2,11
m_film,500,3500,train,pooled,0.0122612605900266,0.9930555555555556,0.9930555555555556,2,11
m_film,500,3500,validation,BNCI2014_001,5.221565352545844,0.5138888888888888,0.5138888888888888,2,11
m_film,500,3500,validation,pooled,5.221565352545844,0.5138888888888888,0.5138888888888888,2,11
m_film,750,3750,train,BNCI2014_001,0.0137835434395046,0.9930555555555556,0.9930555555555556,2,11
m_film,750,3750,train,pooled,0.0137835434395046,0.9930555555555556,0.9930555555555556,2,11
m_film,750,3750,validation,BNCI2014_001,5.048601256476508,0.5,0.5,2,11
m_film,750,3750,validation,pooled,5.048601256476508,0.5,0.5,2,11
m_film,1000,4000,train,BNCI2014_001,0.0063214434927953,0.9965277777777776,0.9965277777777776,2,11
m_film,1000,4000,train,pooled,0.0063214434927953,0.9965277777777776,0.9965277777777776,2,11
m_film,1000,4000,validation,BNCI2014_001,6.00154251522488,0.5,0.5,2,11
m_film,1000,4000,validation,pooled,6.00154251522488,0.5,0.5,2,11
m_film,1250,4250,train,BNCI2014_001,0.0185785676446728,0.9942129629629632,0.9942129629629632,2,11
m_film,1250,4250,train,pooled,0.0185785676446728,0.9942129629629632,0.9942129629629632,2,11
m_film,1250,4250,validation,BNCI2014_001,5.751599841647678,0.5138888888888888,0.5138888888888888,2,11
m_film,1250,4250,validation,pooled,5.751599841647678,0.5138888888888888,0.5138888888888888,2,11
m_film,1500,4500,train,BNCI2014_001,0.0024784285059914,1.0,1.0,2,11
m_film,1500,4500,train,pooled,0.0024784285059914,1.0,1.0,2,11
m_film,1500,4500,validation,BNCI2014_001,5.492235077752008,0.4583333333333333,0.4583333333333333,2,11
m_film,1500,4500,validation,pooled,5.492235077752008,0.4583333333333333,0.4583333333333333,2,11
m_film,1750,4750,train,BNCI2014_001,0.0240131440720016,0.9872685185185186,0.9872685185185186,2,11
m_film,1750,4750,train,pooled,0.0240131440720016,0.9872685185185186,0.9872685185185186,2,11
m_film,1750,4750,validation,BNCI2014_001,6.417671786414252,0.4722222222222222,0.4722222222222222,2,11
m_film,1750,4750,validation,pooled,6.417671786414252,0.4722222222222222,0.4722222222222222,2,11
m_film,2000,5000,train,BNCI2014_001,0.0041782907633352,0.9976851851851852,0.9976851851851852,2,11
m_film,2000,5000,train,pooled,0.0041782907633352,0.9976851851851852,0.9976851851851852,2,11
m_film,2000,5000,validation,BNCI2014_001,5.724026997884114,0.4722222222222222,0.4722222222222222,2,11
m_film,2000,5000,validation,pooled,5.724026997884114,0.4722222222222222,0.4722222222222222,2,11
m_film,2250,5250,train,BNCI2014_001,0.0087373828955595,0.9965277777777778,0.9965277777777778,2,11
m_film,2250,5250,train,pooled,0.0087373828955595,0.9965277777777778,0.9965277777777778,2,11
m_film,2250,5250,validation,BNCI2014_001,6.304866472880046,0.4583333333333333,0.4583333333333333,2,11
m_film,2250,5250,validation,pooled,6.304866472880046,0.4583333333333333,0.4583333333333333,2,11
m_film,2500,5500,train,BNCI2014_001,0.052723438061784,0.9849537037037036,0.9849537037037038,2,11
m_film,2500,5500,train,pooled,0.052723438061784,0.9849537037037036,0.9849537037037038,2,11
m_film,2500,5500,validation,BNCI2014_001,6.250023418002659,0.5,0.5,2,11
m_film,2500,5500,validation,pooled,6.250023418002659,0.5,0.5,2,11
m_film,2750,5750,train,BNCI2014_001,0.0372220038403523,0.9918981481481484,0.9918981481481484,2,11
m_film,2750,5750,train,pooled,0.0372220038403523,0.9918981481481484,0.9918981481481484,2,11
m_film,2750,5750,validation,BNCI2014_001,6.522205352783203,0.4444444444444444,0.4444444444444444,2,11
m_film,2750,5750,validation,pooled,6.522205352783203,0.4444444444444444,0.4444444444444444,2,11
m_lora,0,3000,train,BNCI2014_001,0.006346034608079,0.9965277777777776,0.9965277777777776,2,11
m_lora,0,3000,train,pooled,0.006346034608079,0.9965277777777776,0.9965277777777776,2,11
m_lora,0,3000,validation,BNCI2014_001,2.684870031144884,0.625,0.625,2,11
m_lora,0,3000,validation,pooled,2.684870031144884,0.625,0.625,2,11
m_lora,250,3250,train,BNCI2014_001,0.0005998933352455,1.0,1.0,2,11
m_lora,250,3250,train,pooled,0.0005998933352455,1.0,1.0,2,11
m_lora,250,3250,validation,BNCI2014_001,2.579644309149848,0.5416666666666666,0.5416666666666666,2,11
m_lora,250,3250,validation,pooled,2.579644309149848,0.5416666666666666,0.5416666666666666,2,11
m_lora,500,3500,train,BNCI2014_001,0.0060330561496407,0.9976851851851852,0.9976851851851852,2,11
m_lora,500,3500,train,pooled,0.0060330561496407,0.9976851851851852,0.9976851851851852,2,11
m_lora,500,3500,validation,BNCI2014_001,2.669610712263319,0.5972222222222222,0.5972222222222222,2,11
m_lora,500,3500,validation,pooled,2.669610712263319,0.5972222222222222,0.5972222222222222,2,11
m_lora,750,3750,train,BNCI2014_001,0.0014244669412922,1.0,1.0,2,11
m_lora,750,3750,train,pooled,0.0014244669412922,1.0,1.0,2,11
m_lora,750,3750,validation,BNCI2014_001,2.8692480193244085,0.5277777777777778,0.5277777777777778,2,11
m_lora,750,3750,validation,pooled,2.8692480193244085,0.5277777777777778,0.5277777777777778,2,11
m_lora,1000,4000,train,BNCI2014_001,0.0104618225732169,0.9976851851851852,0.9976851851851852,2,11
m_lora,1000,4000,train,pooled,0.0104618225732169,0.9976851851851852,0.9976851851851852,2,11
m_lora,1000,4000,validation,BNCI2014_001,2.831942081451416,0.6111111111111112,0.6111111111111112,2,11
m_lora,1000,4000,validation,pooled,2.831942081451416,0.6111111111111112,0.6111111111111112,2,11
m_lora,1250,4250,train,BNCI2014_001,0.0042673420106085,0.9976851851851852,0.9976851851851852,2,11
m_lora,1250,4250,train,pooled,0.0042673420106085,0.9976851851851852,0.9976851851851852,2,11
m_lora,1250,4250,validation,BNCI2014_001,2.345528655582004,0.6805555555555556,0.6805555555555556,2,11
m_lora,1250,4250,validation,pooled,2.345528655582004,0.6805555555555556,0.6805555555555556,2,11
m_lora,1500,4500,train,BNCI2014_001,0.0014566825385137,0.9988425925925926,0.9988425925925926,2,11
m_lora,1500,4500,train,pooled,0.0014566825385137,0.9988425925925926,0.9988425925925926,2,11
m_lora,1500,4500,validation,BNCI2014_001,2.368800242741903,0.5972222222222222,0.5972222222222223,2,11
m_lora,1500,4500,validation,pooled,2.368800242741903,0.5972222222222222,0.5972222222222223,2,11
m_lora,1750,4750,train,BNCI2014_001,0.0056939373132609,0.9988425925925926,0.9988425925925926,2,11
m_lora,1750,4750,train,pooled,0.0056939373132609,0.9988425925925926,0.9988425925925926,2,11
m_lora,1750,4750,validation,BNCI2014_001,2.7448145548502603,0.6527777777777778,0.6527777777777778,2,11
m_lora,1750,4750,validation,pooled,2.7448145548502603,0.6527777777777778,0.6527777777777778,2,11
m_lora,2000,5000,train,BNCI2014_001,0.0060420911987859,0.9988425925925926,0.9988425925925926,2,11
m_lora,2000,5000,train,pooled,0.0060420911987859,0.9988425925925926,0.9988425925925926,2,11
m_lora,2000,5000,validation,BNCI2014_001,2.5254624684651694,0.625,0.625,2,11
m_lora,2000,5000,validation,pooled,2.5254624684651694,0.625,0.625,2,11
m_lora,2250,5250,train,BNCI2014_001,0.0039088185512009,0.9988425925925926,0.9988425925925926,2,11
m_lora,2250,5250,train,pooled,0.0039088185512009,0.9988425925925926,0.9988425925925926,2,11
m_lora,2250,5250,validation,BNCI2014_001,2.788980431026882,0.6111111111111112,0.6111111111111112,2,11
m_lora,2250,5250,validation,pooled,2.788980431026882,0.6111111111111112,0.6111111111111112,2,11
m_lora,2500,5500,train,BNCI2014_001,0.0065953946457179,0.9988425925925926,0.9988425925925926,2,11
m_lora,2500,5500,train,pooled,0.0065953946457179,0.9988425925925926,0.9988425925925926,2,11
m_lora,2500,5500,validation,BNCI2014_001,3.174345122443305,0.5555555555555556,0.5555555555555556,2,11
m_lora,2500,5500,validation,pooled,3.174345122443305,0.5555555555555556,0.5555555555555556,2,11
m_lora,2750,5750,train,BNCI2014_001,6.646332646882743e-05,1.0,1.0,2,11
m_lora,2750,5750,train,pooled,6.646332646882743e-05,1.0,1.0,2,11
m_lora,2750,5750,validation,BNCI2014_001,2.847978327009413,0.5972222222222222,0.5972222222222223,2,11
m_lora,2750,5750,validation,pooled,2.847978327009413,0.5972222222222222,0.5972222222222223,2,11
m_lora,3000,6000,train,BNCI2014_001,0.0248922359917034,0.9988425925925926,0.9988425925925926,2,11
m_lora,3000,6000,train,pooled,0.0248922359917034,0.9988425925925926,0.9988425925925926,2,11
m_lora,3000,6000,validation,BNCI2014_001,3.730746375189887,0.5833333333333334,0.5833333333333333,2,11
m_lora,3000,6000,validation,pooled,3.730746375189887,0.5833333333333334,0.5833333333333333,2,11
m_lora,3250,6250,train,BNCI2014_001,0.0178581018812343,0.9988425925925926,0.9988425925925926,2,11
m_lora,3250,6250,train,pooled,0.0178581018812343,0.9988425925925926,0.9988425925925926,2,11
m_lora,3250,6250,validation,BNCI2014_001,2.842831399705675,0.5555555555555556,0.5555555555555556,2,11
m_lora,3250,6250,validation,pooled,2.842831399705675,0.5555555555555556,0.5555555555555556,2,11
m_film,0,3000,train,BNCI2014_001,0.0019874977284686,1.0,1.0,2,23
m_film,0,3000,train,pooled,0.0019874977284686,1.0,1.0,2,23
m_film,0,3000,validation,BNCI2014_001,4.268225140041775,0.5,0.5,2,23
m_film,0,3000,validation,pooled,4.268225140041775,0.5,0.5,2,23
m_film,250,3250,train,BNCI2014_001,0.0221691372805918,0.9907407407407406,0.9907407407407406,2,23
m_film,250,3250,train,pooled,0.0221691372805918,0.9907407407407406,0.9907407407407406,2,23
m_film,250,3250,validation,BNCI2014_001,4.528962029351129,0.5,0.5,2,23
m_film,250,3250,validation,pooled,4.528962029351129,0.5,0.5,2,23
m_film,500,3500,train,BNCI2014_001,0.0094777200849244,0.9953703703703702,0.9953703703703702,2,23
m_film,500,3500,train,pooled,0.0094777200849244,0.9953703703703702,0.9953703703703702,2,23
m_film,500,3500,validation,BNCI2014_001,5.24442187945048,0.5277777777777778,0.5277777777777778,2,23
m_film,500,3500,validation,pooled,5.24442187945048,0.5277777777777778,0.5277777777777778,2,23
m_film,750,3750,train,BNCI2014_001,0.0316829628022619,0.9895833333333334,0.9895833333333334,2,23
m_film,750,3750,train,pooled,0.0316829628022619,0.9895833333333334,0.9895833333333334,2,23
m_film,750,3750,validation,BNCI2014_001,5.669654846191406,0.5555555555555556,0.5555555555555556,2,23
m_film,750,3750,validation,pooled,5.669654846191406,0.5555555555555556,0.5555555555555556,2,23
m_film,1000,4000,train,BNCI2014_001,0.0097852669001257,0.9953703703703703,0.9953703703703703,2,23
m_film,1000,4000,train,pooled,0.0097852669001257,0.9953703703703703,0.9953703703703703,2,23
m_film,1000,4000,validation,BNCI2014_001,5.599345260196262,0.5277777777777778,0.5277777777777778,2,23
m_film,1000,4000,validation,pooled,5.599345260196262,0.5277777777777778,0.5277777777777778,2,23
m_film,1250,4250,train,BNCI2014_001,0.0003524489322304,1.0,1.0,2,23
m_film,1250,4250,train,pooled,0.0003524489322304,1.0,1.0,2,23
m_film,1250,4250,validation,BNCI2014_001,5.3034790886773004,0.4861111111111111,0.4861111111111111,2,23
m_film,1250,4250,validation,pooled,5.3034790886773004,0.4861111111111111,0.4861111111111111,2,23
m_film,1500,4500,train,BNCI2014_001,0.0114627399293399,0.9942129629629632,0.9942129629629632,2,23
m_film,1500,4500,train,pooled,0.0114627399293399,0.9942129629629632,0.9942129629629632,2,23
m_film,1500,4500,validation,BNCI2014_001,5.374193880293104,0.5277777777777778,0.5277777777777778,2,23
m_film,1500,4500,validation,pooled,5.374193880293104,0.5277777777777778,0.5277777777777778,2,23
m_film,1750,4750,train,BNCI2014_001,0.0089682830243473,0.9953703703703703,0.9953703703703703,2,23
m_film,1750,4750,train,pooled,0.0089682830243473,0.9953703703703703,0.9953703703703703,2,23
m_film,1750,4750,validation,BNCI2014_001,5.946927388509114,0.5138888888888888,0.5138888888888888,2,23
m_film,1750,4750,validation,pooled,5.946927388509114,0.5138888888888888,0.5138888888888888,2,23
m_film,2000,5000,train,BNCI2014_001,0.0070046749452775,0.9976851851851852,0.9976851851851852,2,23
m_film,2000,5000,train,pooled,0.0070046749452775,0.9976851851851852,0.9976851851851852,2,23
m_film,2000,5000,validation,BNCI2014_001,6.034180217319065,0.5416666666666666,0.5416666666666667,2,23
m_film,2000,5000,validation,pooled,6.034180217319065,0.5416666666666666,0.5416666666666667,2,23
m_lora,0,3000,train,BNCI2014_001,0.0055878796403695,0.9988425925925926,0.9988425925925926,2,23
m_lora,0,3000,train,pooled,0.0055878796403695,0.9988425925925926,0.9988425925925926,2,23
m_lora,0,3000,validation,BNCI2014_001,2.056050459543864,0.6111111111111112,0.6111111111111112,2,23
m_lora,0,3000,validation,pooled,2.056050459543864,0.6111111111111112,0.6111111111111112,2,23
m_lora,250,3250,train,BNCI2014_001,0.0647566976180381,0.9768518518518516,0.9768518518518516,2,23
m_lora,250,3250,train,pooled,0.0647566976180381,0.9768518518518516,0.9768518518518516,2,23
m_lora,250,3250,validation,BNCI2014_001,3.3659559885660806,0.5138888888888888,0.513888888888889,2,23
m_lora,250,3250,validation,pooled,3.3659559885660806,0.5138888888888888,0.513888888888889,2,23
m_lora,500,3500,train,BNCI2014_001,0.0046519277293134,0.9988425925925926,0.9988425925925926,2,23
m_lora,500,3500,train,pooled,0.0046519277293134,0.9988425925925926,0.9988425925925926,2,23
m_lora,500,3500,validation,BNCI2014_001,2.729340288374159,0.5694444444444444,0.5694444444444444,2,23
m_lora,500,3500,validation,pooled,2.729340288374159,0.5694444444444444,0.5694444444444444,2,23
m_lora,750,3750,train,BNCI2014_001,0.0130302841555642,0.9976851851851852,0.9976851851851852,2,23
m_lora,750,3750,train,pooled,0.0130302841555642,0.9976851851851852,0.9976851851851852,2,23
m_lora,750,3750,validation,BNCI2014_001,3.16237465540568,0.5,0.5,2,23
m_lora,750,3750,validation,pooled,3.16237465540568,0.5,0.5,2,23
m_lora,1000,4000,train,BNCI2014_001,0.0126175465668523,0.9976851851851852,0.9976851851851852,2,23
m_lora,1000,4000,train,pooled,0.0126175465668523,0.9976851851851852,0.9976851851851852,2,23
m_lora,1000,4000,validation,BNCI2014_001,3.2618169254726834,0.5694444444444444,0.5694444444444444,2,23
m_lora,1000,4000,validation,pooled,3.2618169254726834,0.5694444444444444,0.5694444444444444,2,23
m_lora,1250,4250,train,BNCI2014_001,0.0128211081179777,0.9988425925925926,0.9988425925925926,2,23
m_lora,1250,4250,train,pooled,0.0128211081179777,0.9988425925925926,0.9988425925925926,2,23
m_lora,1250,4250,validation,BNCI2014_001,3.175006866455078,0.5416666666666666,0.5416666666666667,2,23
m_lora,1250,4250,validation,pooled,3.175006866455078,0.5416666666666666,0.5416666666666667,2,23
m_lora,1500,4500,train,BNCI2014_001,0.0103767722008253,0.9965277777777776,0.9965277777777776,2,23
m_lora,1500,4500,train,pooled,0.0103767722008253,0.9965277777777776,0.9965277777777776,2,23
m_lora,1500,4500,validation,BNCI2014_001,3.202693144480387,0.4861111111111111,0.4861111111111111,2,23
m_lora,1500,4500,validation,pooled,3.202693144480387,0.4861111111111111,0.4861111111111111,2,23
m_lora,1750,4750,train,BNCI2014_001,0.0065356813606782,0.9988425925925926,0.9988425925925926,2,23
m_lora,1750,4750,train,pooled,0.0065356813606782,0.9988425925925926,0.9988425925925926,2,23
m_lora,1750,4750,validation,BNCI2014_001,2.9842366642422147,0.5555555555555556,0.5555555555555556,2,23
m_lora,1750,4750,validation,pooled,2.9842366642422147,0.5555555555555556,0.5555555555555556,2,23
m_lora,2000,5000,train,BNCI2014_001,0.0001113327720931,1.0,1.0,2,23
m_lora,2000,5000,train,pooled,0.0001113327720931,1.0,1.0,2,23
m_lora,2000,5000,validation,BNCI2014_001,3.2119759453667536,0.5694444444444444,0.5694444444444444,2,23
m_lora,2000,5000,validation,pooled,3.2119759453667536,0.5694444444444444,0.5694444444444444,2,23
m_film,0,3000,train,BNCI2014_001,0.0122350164446524,0.9953703703703703,0.9953703703703703,2,37
m_film,0,3000,train,pooled,0.0122350164446524,0.9953703703703703,0.9953703703703703,2,37
m_film,0,3000,validation,BNCI2014_001,4.371613396538629,0.4305555555555556,0.4305555555555556,2,37
m_film,0,3000,validation,pooled,4.371613396538629,0.4305555555555556,0.4305555555555556,2,37
m_film,250,3250,train,BNCI2014_001,0.0187272535233912,0.9965277777777778,0.9965277777777778,2,37
m_film,250,3250,train,pooled,0.0187272535233912,0.9965277777777778,0.9965277777777778,2,37
m_film,250,3250,validation,BNCI2014_001,4.343650552961561,0.4861111111111111,0.4861111111111111,2,37
m_film,250,3250,validation,pooled,4.343650552961561,0.4861111111111111,0.4861111111111111,2,37
m_film,500,3500,train,BNCI2014_001,0.0115219336707586,0.9953703703703703,0.9953703703703703,2,37
m_film,500,3500,train,pooled,0.0115219336707586,0.9953703703703703,0.9953703703703703,2,37
m_film,500,3500,validation,BNCI2014_001,5.463763236999512,0.4583333333333333,0.4583333333333333,2,37
m_film,500,3500,validation,pooled,5.463763236999512,0.4583333333333333,0.4583333333333333,2,37
m_film,750,3750,train,BNCI2014_001,0.0182284204885631,0.9918981481481484,0.9918981481481484,2,37
m_film,750,3750,train,pooled,0.0182284204885631,0.9918981481481484,0.9918981481481484,2,37
m_film,750,3750,validation,BNCI2014_001,4.715255631340875,0.5,0.5,2,37
m_film,750,3750,validation,pooled,4.715255631340875,0.5,0.5,2,37
m_film,1000,4000,train,BNCI2014_001,0.0001834173100474,1.0,1.0,2,37
m_film,1000,4000,train,pooled,0.0001834173100474,1.0,1.0,2,37
m_film,1000,4000,validation,BNCI2014_001,4.77877860599094,0.4583333333333333,0.4583333333333333,2,37
m_film,1000,4000,validation,pooled,4.77877860599094,0.4583333333333333,0.4583333333333333,2,37
m_film,1250,4250,train,BNCI2014_001,0.0101774931590815,0.9942129629629628,0.9942129629629628,2,37
m_film,1250,4250,train,pooled,0.0101774931590815,0.9942129629629628,0.9942129629629628,2,37
m_film,1250,4250,validation,BNCI2014_001,5.049979262881809,0.5,0.5,2,37
m_film,1250,4250,validation,pooled,5.049979262881809,0.5,0.5,2,37
m_film,1500,4500,train,BNCI2014_001,0.0015612929606616,1.0,1.0,2,37
m_film,1500,4500,train,pooled,0.0015612929606616,1.0,1.0,2,37
m_film,1500,4500,validation,BNCI2014_001,5.463610543145074,0.4861111111111111,0.4861111111111111,2,37
m_film,1500,4500,validation,pooled,5.463610543145074,0.4861111111111111,0.4861111111111111,2,37
m_film,1750,4750,train,BNCI2014_001,0.0005941780115561,1.0,1.0,2,37
m_film,1750,4750,train,pooled,0.0005941780115561,1.0,1.0,2,37
m_film,1750,4750,validation,BNCI2014_001,5.228399329715305,0.5,0.5,2,37
m_film,1750,4750,validation,pooled,5.228399329715305,0.5,0.5,2,37
m_film,2000,5000,train,BNCI2014_001,0.0257854204426692,0.9942129629629628,0.9942129629629628,2,37
m_film,2000,5000,train,pooled,0.0257854204426692,0.9942129629629628,0.9942129629629628,2,37
m_film,2000,5000,validation,BNCI2014_001,5.848663330078125,0.5138888888888888,0.5138888888888888,2,37
m_film,2000,5000,validation,pooled,5.848663330078125,0.5138888888888888,0.5138888888888888,2,37
m_film,2250,5250,train,BNCI2014_001,0.0316910219222538,0.9930555555555556,0.9930555555555556,2,37
m_film,2250,5250,train,pooled,0.0316910219222538,0.9930555555555556,0.9930555555555556,2,37
m_film,2250,5250,validation,BNCI2014_001,5.439867337544759,0.5416666666666666,0.5416666666666667,2,37
m_film,2250,5250,validation,pooled,5.439867337544759,0.5416666666666666,0.5416666666666667,2,37
m_lora,0,3000,train,BNCI2014_001,0.0019370694978904,1.0,1.0,2,37
m_lora,0,3000,train,pooled,0.0019370694978904,1.0,1.0,2,37
m_lora,0,3000,validation,BNCI2014_001,2.302821636199951,0.5694444444444444,0.5694444444444444,2,37
m_lora,0,3000,validation,pooled,2.302821636199951,0.5694444444444444,0.5694444444444444,2,37
m_lora,250,3250,train,BNCI2014_001,0.0171172708817013,0.9953703703703703,0.9953703703703703,2,37
m_lora,250,3250,train,pooled,0.0171172708817013,0.9953703703703703,0.9953703703703703,2,37
m_lora,250,3250,validation,BNCI2014_001,2.400197082095676,0.5,0.5,2,37
m_lora,250,3250,validation,pooled,2.400197082095676,0.5,0.5,2,37
m_lora,500,3500,train,BNCI2014_001,0.0095109410105443,0.9988425925925926,0.9988425925925926,2,37
m_lora,500,3500,train,pooled,0.0095109410105443,0.9988425925925926,0.9988425925925926,2,37
m_lora,500,3500,validation,BNCI2014_001,2.658798217773437,0.5,0.5,2,37
m_lora,500,3500,validation,pooled,2.658798217773437,0.5,0.5,2,37
m_lora,750,3750,train,BNCI2014_001,0.0058712436278727,0.9976851851851852,0.9976851851851852,2,37
m_lora,750,3750,train,pooled,0.0058712436278727,0.9976851851851852,0.9976851851851852,2,37
m_lora,750,3750,validation,BNCI2014_001,2.462516678704156,0.5833333333333334,0.5833333333333333,2,37
m_lora,750,3750,validation,pooled,2.462516678704156,0.5833333333333334,0.5833333333333333,2,37
m_lora,1000,4000,train,BNCI2014_001,0.0122486857744661,0.9976851851851852,0.9976851851851852,2,37
m_lora,1000,4000,train,pooled,0.0122486857744661,0.9976851851851852,0.9976851851851852,2,37
m_lora,1000,4000,validation,BNCI2014_001,2.806618001725939,0.5416666666666666,0.5416666666666667,2,37
m_lora,1000,4000,validation,pooled,2.806618001725939,0.5416666666666666,0.5416666666666667,2,37
m_lora,1250,4250,train,BNCI2014_001,0.0011948174542339,0.9988425925925926,0.9988425925925926,2,37
m_lora,1250,4250,train,pooled,0.0011948174542339,0.9988425925925926,0.9988425925925926,2,37
m_lora,1250,4250,validation,BNCI2014_001,2.781917995876736,0.5972222222222222,0.5972222222222222,2,37
m_lora,1250,4250,validation,pooled,2.781917995876736,0.5972222222222222,0.5972222222222222,2,37
m_lora,1500,4500,train,BNCI2014_001,0.0004745510624178,1.0,1.0,2,37
m_lora,1500,4500,train,pooled,0.0004745510624178,1.0,1.0,2,37
m_lora,1500,4500,validation,BNCI2014_001,2.468727376725939,0.6111111111111112,0.6111111111111112,2,37
m_lora,1500,4500,validation,pooled,2.468727376725939,0.6111111111111112,0.6111111111111112,2,37
m_lora,1750,4750,train,BNCI2014_001,0.0174538321450233,0.9942129629629628,0.9942129629629628,2,37
m_lora,1750,4750,train,pooled,0.0174538321450233,0.9942129629629628,0.9942129629629628,2,37
m_lora,1750,4750,validation,BNCI2014_001,2.9086296293470597,0.5694444444444444,0.5694444444444444,2,37
m_lora,1750,4750,validation,pooled,2.9086296293470597,0.5694444444444444,0.5694444444444444,2,37
m_lora,2000,5000,train,BNCI2014_001,0.0008527514020763,1.0,1.0,2,37
m_lora,2000,5000,train,pooled,0.0008527514020763,1.0,1.0,2,37
m_lora,2000,5000,validation,BNCI2014_001,2.531846894158257,0.5972222222222222,0.5972222222222222,2,37
m_lora,2000,5000,validation,pooled,2.531846894158257,0.5972222222222222,0.5972222222222222,2,37
m_film,0,3000,train,BNCI2014_001,0.0254895099227791,0.9953703703703703,0.9953703703703703,2,53
m_film,0,3000,train,pooled,0.0254895099227791,0.9953703703703703,0.9953703703703703,2,53
m_film,0,3000,validation,BNCI2014_001,3.836263497670492,0.5138888888888888,0.5138888888888888,2,53
m_film,0,3000,validation,pooled,3.836263497670492,0.5138888888888888,0.5138888888888888,2,53
m_film,250,3250,train,BNCI2014_001,0.1078128316752958,0.9710648148148148,0.9710648148148148,2,53
m_film,250,3250,train,pooled,0.1078128316752958,0.9710648148148148,0.9710648148148148,2,53
m_film,250,3250,validation,BNCI2014_001,5.450250837537977,0.5138888888888888,0.5138888888888888,2,53
m_film,250,3250,validation,pooled,5.450250837537977,0.5138888888888888,0.5138888888888888,2,53
m_film,500,3500,train,BNCI2014_001,0.038487405110842,0.9918981481481484,0.9918981481481484,2,53
m_film,500,3500,train,pooled,0.038487405110842,0.9918981481481484,0.9918981481481484,2,53
m_film,500,3500,validation,BNCI2014_001,4.426301161448161,0.4861111111111111,0.4861111111111111,2,53
m_film,500,3500,validation,pooled,4.426301161448161,0.4861111111111111,0.4861111111111111,2,53
m_film,750,3750,train,BNCI2014_001,0.0196951342827392,0.9930555555555556,0.9930555555555556,2,53
m_film,750,3750,train,pooled,0.0196951342827392,0.9930555555555556,0.9930555555555556,2,53
m_film,750,3750,validation,BNCI2014_001,4.362655109829372,0.4583333333333333,0.4583333333333333,2,53
m_film,750,3750,validation,pooled,4.362655109829372,0.4583333333333333,0.4583333333333333,2,53
m_film,1000,4000,train,BNCI2014_001,0.014599646153967,0.9930555555555556,0.9930555555555556,2,53
m_film,1000,4000,train,pooled,0.014599646153967,0.9930555555555556,0.9930555555555556,2,53
m_film,1000,4000,validation,BNCI2014_001,4.720161861843533,0.4722222222222222,0.4722222222222222,2,53
m_film,1000,4000,validation,pooled,4.720161861843533,0.4722222222222222,0.4722222222222222,2,53
m_film,1250,4250,train,BNCI2014_001,0.006965586694945,0.9976851851851852,0.9976851851851852,2,53
m_film,1250,4250,train,pooled,0.006965586694945,0.9976851851851852,0.9976851851851852,2,53
m_film,1250,4250,validation,BNCI2014_001,4.949894163343641,0.5,0.5,2,53
m_film,1250,4250,validation,pooled,4.949894163343641,0.5,0.5,2,53
m_film,1500,4500,train,BNCI2014_001,0.0167547795262468,0.9907407407407408,0.9907407407407408,2,53
m_film,1500,4500,train,pooled,0.0167547795262468,0.9907407407407408,0.9907407407407408,2,53
m_film,1500,4500,validation,BNCI2014_001,4.745277086893718,0.4861111111111111,0.4861111111111111,2,53
m_film,1500,4500,validation,pooled,4.745277086893718,0.4861111111111111,0.4861111111111111,2,53
m_film,1750,4750,train,BNCI2014_001,0.0100219493901647,0.9953703703703703,0.9953703703703703,2,53
m_film,1750,4750,train,pooled,0.0100219493901647,0.9953703703703703,0.9953703703703703,2,53
m_film,1750,4750,validation,BNCI2014_001,5.666875627305773,0.4722222222222222,0.4722222222222222,2,53
m_film,1750,4750,validation,pooled,5.666875627305773,0.4722222222222222,0.4722222222222222,2,53
m_film,2000,5000,train,BNCI2014_001,0.0081556091534983,0.9965277777777776,0.9965277777777776,2,53
m_film,2000,5000,train,pooled,0.0081556091534983,0.9965277777777776,0.9965277777777776,2,53
m_film,2000,5000,validation,BNCI2014_001,4.942649099561903,0.4861111111111111,0.4861111111111111,2,53
m_film,2000,5000,validation,pooled,4.942649099561903,0.4861111111111111,0.4861111111111111,2,53
m_lora,0,3000,train,BNCI2014_001,0.0348047603783251,0.9895833333333334,0.9895833333333334,2,53
m_lora,0,3000,train,pooled,0.0348047603783251,0.9895833333333334,0.9895833333333334,2,53
m_lora,0,3000,validation,BNCI2014_001,3.556733343336317,0.5277777777777778,0.5277777777777778,2,53
m_lora,0,3000,validation,pooled,3.556733343336317,0.5277777777777778,0.5277777777777778,2,53
m_lora,250,3250,train,BNCI2014_001,0.021662293986891,0.9953703703703702,0.9953703703703702,2,53
m_lora,250,3250,train,pooled,0.021662293986891,0.9953703703703702,0.9953703703703702,2,53
m_lora,250,3250,validation,BNCI2014_001,2.8325617578294544,0.5833333333333334,0.5833333333333334,2,53
m_lora,250,3250,validation,pooled,2.8325617578294544,0.5833333333333334,0.5833333333333334,2,53
m_lora,500,3500,train,BNCI2014_001,0.0048694203023168,0.9988425925925926,0.9988425925925926,2,53
m_lora,500,3500,train,pooled,0.0048694203023168,0.9988425925925926,0.9988425925925926,2,53
m_lora,500,3500,validation,BNCI2014_001,2.583766301472982,0.6111111111111112,0.6111111111111112,2,53
m_lora,500,3500,validation,pooled,2.583766301472982,0.6111111111111112,0.6111111111111112,2,53
m_lora,750,3750,train,BNCI2014_001,0.0049339373752833,0.9976851851851852,0.9976851851851852,2,53
m_lora,750,3750,train,pooled,0.0049339373752833,0.9976851851851852,0.9976851851851852,2,53
m_lora,750,3750,validation,BNCI2014_001,2.763069841596815,0.5833333333333334,0.5833333333333334,2,53
m_lora,750,3750,validation,pooled,2.763069841596815,0.5833333333333334,0.5833333333333334,2,53
m_lora,1000,4000,train,BNCI2014_001,0.0019045800305253,0.9988425925925926,0.9988425925925926,2,53
m_lora,1000,4000,train,pooled,0.0019045800305253,0.9988425925925926,0.9988425925925926,2,53
m_lora,1000,4000,validation,BNCI2014_001,2.447519408331977,0.5833333333333334,0.5833333333333334,2,53
m_lora,1000,4000,validation,pooled,2.447519408331977,0.5833333333333334,0.5833333333333334,2,53
m_lora,1250,4250,train,BNCI2014_001,0.0063676436110511,0.9976851851851852,0.9976851851851852,2,53
m_lora,1250,4250,train,pooled,0.0063676436110511,0.9976851851851852,0.9976851851851852,2,53
m_lora,1250,4250,validation,BNCI2014_001,2.732847743564182,0.6666666666666666,0.6666666666666667,2,53
m_lora,1250,4250,validation,pooled,2.732847743564182,0.6666666666666666,0.6666666666666667,2,53
m_lora,1500,4500,train,BNCI2014_001,0.0252602460820728,0.9953703703703703,0.9953703703703703,2,53
m_lora,1500,4500,train,pooled,0.0252602460820728,0.9953703703703703,0.9953703703703703,2,53
m_lora,1500,4500,validation,BNCI2014_001,3.052686002519396,0.5694444444444444,0.5694444444444444,2,53
m_lora,1500,4500,validation,pooled,3.052686002519396,0.5694444444444444,0.5694444444444444,2,53
m_lora,1750,4750,train,BNCI2014_001,0.0476201644779495,0.9872685185185184,0.9872685185185184,2,53
m_lora,1750,4750,train,pooled,0.0476201644779495,0.9872685185185184,0.9872685185185184,2,53
m_lora,1750,4750,validation,BNCI2014_001,3.3473642667134604,0.5555555555555556,0.5555555555555556,2,53
m_lora,1750,4750,validation,pooled,3.3473642667134604,0.5555555555555556,0.5555555555555556,2,53
m_lora,2000,5000,train,BNCI2014_001,0.0104265890416475,0.9988425925925926,0.9988425925925926,2,53
m_lora,2000,5000,train,pooled,0.0104265890416475,0.9988425925925926,0.9988425925925926,2,53
m_lora,2000,5000,validation,BNCI2014_001,2.805028279622396,0.5694444444444444,0.5694444444444444,2,53
m_lora,2000,5000,validation,pooled,2.805028279622396,0.5694444444444444,0.5694444444444444,2,53
m_lora,2250,5250,train,BNCI2014_001,0.0020645396934418,0.9988425925925926,0.9988425925925926,2,53
m_lora,2250,5250,train,pooled,0.0020645396934418,0.9988425925925926,0.9988425925925926,2,53
m_lora,2250,5250,validation,BNCI2014_001,2.717949019538032,0.5694444444444444,0.5694444444444444,2,53
m_lora,2250,5250,validation,pooled,2.717949019538032,0.5694444444444444,0.5694444444444444,2,53
m_lora,2500,5500,train,BNCI2014_001,0.0012024632669778,1.0,1.0,2,53
m_lora,2500,5500,train,pooled,0.0012024632669778,1.0,1.0,2,53
m_lora,2500,5500,validation,BNCI2014_001,3.22723748948839,0.5416666666666666,0.5416666666666666,2,53
m_lora,2500,5500,validation,pooled,3.22723748948839,0.5416666666666666,0.5416666666666666,2,53
m_lora,2750,5750,train,BNCI2014_001,0.0079718446154444,0.9965277777777776,0.9965277777777776,2,53
m_lora,2750,5750,train,pooled,0.0079718446154444,0.9965277777777776,0.9965277777777776,2,53
m_lora,2750,5750,validation,BNCI2014_001,2.864720768398709,0.5833333333333334,0.5833333333333333,2,53
m_lora,2750,5750,validation,pooled,2.864720768398709,0.5833333333333334,0.5833333333333333,2,53
m_lora,3000,6000,train,BNCI2014_001,0.0022968179535504,0.9988425925925926,0.9988425925925926,2,53
m_lora,3000,6000,train,pooled,0.0022968179535504,0.9988425925925926,0.9988425925925926,2,53
m_lora,3000,6000,validation,BNCI2014_001,2.6555812093946667,0.5555555555555556,0.5555555555555556,2,53
m_lora,3000,6000,validation,pooled,2.6555812093946667,0.5555555555555556,0.5555555555555556,2,53
m_film,0,3000,train,BNCI2014_001,0.019595625691366,0.9965277777777778,0.9965277777777778,2,71
m_film,0,3000,train,pooled,0.019595625691366,0.9965277777777778,0.9965277777777778,2,71
m_film,0,3000,validation,BNCI2014_001,5.069448418087429,0.5,0.5,2,71
m_film,0,3000,validation,pooled,5.069448418087429,0.5,0.5,2,71
m_film,250,3250,train,BNCI2014_001,0.0153739763632887,0.9942129629629628,0.9942129629629628,2,71
m_film,250,3250,train,pooled,0.0153739763632887,0.9942129629629628,0.9942129629629628,2,71
m_film,250,3250,validation,BNCI2014_001,5.222493171691895,0.4722222222222222,0.4722222222222222,2,71
m_film,250,3250,validation,pooled,5.222493171691895,0.4722222222222222,0.4722222222222222,2,71
m_film,500,3500,train,BNCI2014_001,0.1104178358622515,0.9780092592592592,0.9780092592592592,2,71
m_film,500,3500,train,pooled,0.1104178358622515,0.9780092592592592,0.9780092592592592,2,71
m_film,500,3500,validation,BNCI2014_001,5.014512697855632,0.4444444444444444,0.4444444444444444,2,71
m_film,500,3500,validation,pooled,5.014512697855632,0.4444444444444444,0.4444444444444444,2,71
m_film,750,3750,train,BNCI2014_001,0.0461248462338359,0.9861111111111112,0.9861111111111112,2,71
m_film,750,3750,train,pooled,0.0461248462338359,0.9861111111111112,0.9861111111111112,2,71
m_film,750,3750,validation,BNCI2014_001,6.52672364976671,0.4861111111111111,0.486111111111111,2,71
m_film,750,3750,validation,pooled,6.52672364976671,0.4861111111111111,0.486111111111111,2,71
m_film,1000,4000,train,BNCI2014_001,0.0268973813645493,0.9872685185185186,0.9872685185185186,2,71
m_film,1000,4000,train,pooled,0.0268973813645493,0.9872685185185186,0.9872685185185186,2,71
m_film,1000,4000,validation,BNCI2014_001,5.829887443118626,0.4583333333333333,0.4583333333333333,2,71
m_film,1000,4000,validation,pooled,5.829887443118626,0.4583333333333333,0.4583333333333333,2,71
m_film,1250,4250,train,BNCI2014_001,0.0298666894833945,0.9930555555555556,0.9930555555555556,2,71
m_film,1250,4250,train,pooled,0.0298666894833945,0.9930555555555556,0.9930555555555556,2,71
m_film,1250,4250,validation,BNCI2014_001,5.948108673095703,0.4583333333333333,0.4583333333333333,2,71
m_film,1250,4250,validation,pooled,5.948108673095703,0.4583333333333333,0.4583333333333333,2,71
m_film,1500,4500,train,BNCI2014_001,0.0281524976443452,0.9930555555555556,0.9930555555555556,2,71
m_film,1500,4500,train,pooled,0.0281524976443452,0.9930555555555556,0.9930555555555556,2,71
m_film,1500,4500,validation,BNCI2014_001,6.099448521931966,0.5,0.5,2,71
m_film,1500,4500,validation,pooled,6.099448521931966,0.5,0.5,2,71
m_film,1750,4750,train,BNCI2014_001,0.0344960712046713,0.9907407407407408,0.9907407407407408,2,71
m_film,1750,4750,train,pooled,0.0344960712046713,0.9907407407407408,0.9907407407407408,2,71
m_film,1750,4750,validation,BNCI2014_001,5.971293131510417,0.4722222222222222,0.4722222222222222,2,71
m_film,1750,4750,validation,pooled,5.971293131510417,0.4722222222222222,0.4722222222222222,2,71
m_film,2000,5000,train,BNCI2014_001,0.0056439453880822,0.9976851851851852,0.9976851851851852,2,71
m_film,2000,5000,train,pooled,0.0056439453880822,0.9976851851851852,0.9976851851851852,2,71
m_film,2000,5000,validation,BNCI2014_001,6.583207236395942,0.4583333333333333,0.4583333333333333,2,71
m_film,2000,5000,validation,pooled,6.583207236395942,0.4583333333333333,0.4583333333333333,2,71
m_film,2250,5250,train,BNCI2014_001,0.0029190978933726,0.9988425925925926,0.9988425925925926,2,71
m_film,2250,5250,train,pooled,0.0029190978933726,0.9988425925925926,0.9988425925925926,2,71
m_film,2250,5250,validation,BNCI2014_001,6.094299740261501,0.4861111111111111,0.4861111111111111,2,71
m_film,2250,5250,validation,pooled,6.094299740261501,0.4861111111111111,0.4861111111111111,2,71
m_film,2500,5500,train,BNCI2014_001,0.0086497495240015,0.9988425925925926,0.9988425925925926,2,71
m_film,2500,5500,train,pooled,0.0086497495240015,0.9988425925925926,0.9988425925925926,2,71
m_film,2500,5500,validation,BNCI2014_001,5.912396219041613,0.5416666666666666,0.5416666666666666,2,71
m_film,2500,5500,validation,pooled,5.912396219041613,0.5416666666666666,0.5416666666666666,2,71
m_lora,0,3000,train,BNCI2014_001,0.0194326803230743,0.9942129629629628,0.9942129629629628,2,71
m_lora,0,3000,train,pooled,0.0194326803230743,0.9942129629629628,0.9942129629629628,2,71
m_lora,0,3000,validation,BNCI2014_001,2.8812002076043024,0.5555555555555556,0.5555555555555556,2,71
m_lora,0,3000,validation,pooled,2.8812002076043024,0.5555555555555556,0.5555555555555556,2,71
m_lora,250,3250,train,BNCI2014_001,0.0138871615116234,0.9976851851851852,0.9976851851851852,2,71
m_lora,250,3250,train,pooled,0.0138871615116234,0.9976851851851852,0.9976851851851852,2,71
m_lora,250,3250,validation,BNCI2014_001,2.745654741923014,0.5972222222222222,0.5972222222222222,2,71
m_lora,250,3250,validation,pooled,2.745654741923014,0.5972222222222222,0.5972222222222222,2,71
m_lora,500,3500,train,BNCI2014_001,0.0198695462856482,0.9965277777777776,0.9965277777777778,2,71
m_lora,500,3500,train,pooled,0.0198695462856482,0.9965277777777776,0.9965277777777778,2,71
m_lora,500,3500,validation,BNCI2014_001,2.7769374317593045,0.5833333333333334,0.5833333333333334,2,71
m_lora,500,3500,validation,pooled,2.7769374317593045,0.5833333333333334,0.5833333333333334,2,71
m_lora,750,3750,train,BNCI2014_001,0.035778856255742,0.9918981481481484,0.9918981481481484,2,71
m_lora,750,3750,train,pooled,0.035778856255742,0.9918981481481484,0.9918981481481484,2,71
m_lora,750,3750,validation,BNCI2014_001,2.764604409535726,0.6111111111111112,0.6111111111111112,2,71
m_lora,750,3750,validation,pooled,2.764604409535726,0.6111111111111112,0.6111111111111112,2,71
m_lora,1000,4000,train,BNCI2014_001,0.0052694412443846,0.9976851851851852,0.9976851851851852,2,71
m_lora,1000,4000,train,pooled,0.0052694412443846,0.9976851851851852,0.9976851851851852,2,71
m_lora,1000,4000,validation,BNCI2014_001,3.2342148886786566,0.5555555555555556,0.5555555555555556,2,71
m_lora,1000,4000,validation,pooled,3.2342148886786566,0.5555555555555556,0.5555555555555556,2,71
m_lora,1250,4250,train,BNCI2014_001,0.0039742783321462,0.9976851851851852,0.9976851851851852,2,71
m_lora,1250,4250,train,pooled,0.0039742783321462,0.9976851851851852,0.9976851851851852,2,71
m_lora,1250,4250,validation,BNCI2014_001,2.8628729714287653,0.6111111111111112,0.6111111111111112,2,71
m_lora,1250,4250,validation,pooled,2.8628729714287653,0.6111111111111112,0.6111111111111112,2,71
m_lora,1500,4500,train,BNCI2014_001,0.0038353715994945,0.9988425925925926,0.9988425925925926,2,71
m_lora,1500,4500,train,pooled,0.0038353715994945,0.9988425925925926,0.9988425925925926,2,71
m_lora,1500,4500,validation,BNCI2014_001,2.6606101989746094,0.6111111111111112,0.6111111111111112,2,71
m_lora,1500,4500,validation,pooled,2.6606101989746094,0.6111111111111112,0.6111111111111112,2,71
m_lora,1750,4750,train,BNCI2014_001,0.0002760463706231,1.0,1.0,2,71
m_lora,1750,4750,train,pooled,0.0002760463706231,1.0,1.0,2,71
m_lora,1750,4750,validation,BNCI2014_001,2.686792638566759,0.5694444444444444,0.5694444444444444,2,71
m_lora,1750,4750,validation,pooled,2.686792638566759,0.5694444444444444,0.5694444444444444,2,71
m_lora,2000,5000,train,BNCI2014_001,0.0666794881965668,0.9907407407407408,0.9907407407407408,2,71
m_lora,2000,5000,train,pooled,0.0666794881965668,0.9907407407407408,0.9907407407407408,2,71
m_lora,2000,5000,validation,BNCI2014_001,3.319900353749593,0.5555555555555556,0.5555555555555556,2,71
m_lora,2000,5000,validation,pooled,3.319900353749593,0.5555555555555556,0.5555555555555556,2,71
m_lora,2250,5250,train,BNCI2014_001,0.0100152880479516,0.9976851851851852,0.9976851851851852,2,71
m_lora,2250,5250,train,pooled,0.0100152880479516,0.9976851851851852,0.9976851851851852,2,71
m_lora,2250,5250,validation,BNCI2014_001,3.0016296174791126,0.5833333333333334,0.5833333333333333,2,71
m_lora,2250,5250,validation,pooled,3.0016296174791126,0.5833333333333334,0.5833333333333333,2,71
m_lora,2500,5500,train,BNCI2014_001,0.0096363776215247,0.9988425925925926,0.9988425925925926,2,71
m_lora,2500,5500,train,pooled,0.0096363776215247,0.9988425925925926,0.9988425925925926,2,71
m_lora,2500,5500,validation,BNCI2014_001,3.6990227699279785,0.5555555555555556,0.5555555555555556,2,71
m_lora,2500,5500,validation,pooled,3.6990227699279785,0.5555555555555556,0.5555555555555556,2,71
m_lora,2750,5750,train,BNCI2014_001,0.0003267342101564,1.0,1.0,2,71
m_lora,2750,5750,train,pooled,0.0003267342101564,1.0,1.0,2,71
m_lora,2750,5750,validation,BNCI2014_001,3.237507449256049,0.5,0.5,2,71
m_lora,2750,5750,validation,pooled,3.237507449256049,0.5,0.5,2,71
m_lora,3000,6000,train,BNCI2014_001,0.0036077237183673,0.9976851851851852,0.9976851851851852,2,71
m_lora,3000,6000,train,pooled,0.0036077237183673,0.9976851851851852,0.9976851851851852,2,71
m_lora,3000,6000,validation,BNCI2014_001,3.29703426361084,0.5277777777777778,0.5277777777777778,2,71
m_lora,3000,6000,validation,pooled,3.29703426361084,0.5277777777777778,0.5277777777777778,2,71
m_lora,3250,6250,train,BNCI2014_001,0.0037307970538454,0.9976851851851852,0.9976851851851852,2,71
m_lora,3250,6250,train,pooled,0.0037307970538454,0.9976851851851852,0.9976851851851852,2,71
m_lora,3250,6250,validation,BNCI2014_001,2.937230851915148,0.625,0.625,2,71
m_lora,3250,6250,validation,pooled,2.937230851915148,0.625,0.625,2,71
m_lora,3500,6500,train,BNCI2014_001,2.1470470671745176e-05,1.0,1.0,2,71
m_lora,3500,6500,train,pooled,2.1470470671745176e-05,1.0,1.0,2,71
m_lora,3500,6500,validation,BNCI2014_001,3.005856566958957,0.5972222222222222,0.5972222222222222,2,71
m_lora,3500,6500,validation,pooled,3.005856566958957,0.5972222222222222,0.5972222222222222,2,71
m_film,0,3000,train,BNCI2014_001,0.0233113865162935,0.9942129629629628,0.9942129629629628,3,11
m_film,0,3000,train,pooled,0.0233113865162935,0.9942129629629628,0.9942129629629628,3,11
m_film,0,3000,validation,BNCI2014_001,2.378218796518114,0.5555555555555556,0.5555555555555556,3,11
m_film,0,3000,validation,pooled,2.378218796518114,0.5555555555555556,0.5555555555555556,3,11
m_film,250,3250,train,BNCI2014_001,0.0304358328598431,0.9953703703703702,0.9953703703703702,3,11
m_film,250,3250,train,pooled,0.0304358328598431,0.9953703703703702,0.9953703703703702,3,11
m_film,250,3250,validation,BNCI2014_001,3.039531310399373,0.4722222222222222,0.4722222222222222,3,11
m_film,250,3250,validation,pooled,3.039531310399373,0.4722222222222222,0.4722222222222222,3,11
m_film,500,3500,train,BNCI2014_001,0.0263713537274775,0.9930555555555556,0.9930555555555556,3,11
m_film,500,3500,train,pooled,0.0263713537274775,0.9930555555555556,0.9930555555555556,3,11
m_film,500,3500,validation,BNCI2014_001,2.783408244450887,0.5555555555555556,0.5555555555555556,3,11
m_film,500,3500,validation,pooled,2.783408244450887,0.5555555555555556,0.5555555555555556,3,11
m_film,750,3750,train,BNCI2014_001,0.0635399976751227,0.9930555555555556,0.9930555555555556,3,11
m_film,750,3750,train,pooled,0.0635399976751227,0.9930555555555556,0.9930555555555556,3,11
m_film,750,3750,validation,BNCI2014_001,3.626900699403551,0.5972222222222222,0.5972222222222222,3,11
m_film,750,3750,validation,pooled,3.626900699403551,0.5972222222222222,0.5972222222222222,3,11
m_film,1000,4000,train,BNCI2014_001,0.0052147097169023,0.9965277777777776,0.9965277777777776,3,11
m_film,1000,4000,train,pooled,0.0052147097169023,0.9965277777777776,0.9965277777777776,3,11
m_film,1000,4000,validation,BNCI2014_001,3.510394811630249,0.5,0.5,3,11
m_film,1000,4000,validation,pooled,3.510394811630249,0.5,0.5,3,11
m_film,1250,4250,train,BNCI2014_001,0.0173206826422679,0.9965277777777778,0.9965277777777778,3,11
m_film,1250,4250,train,pooled,0.0173206826422679,0.9965277777777778,0.9965277777777778,3,11
m_film,1250,4250,validation,BNCI2014_001,3.436318688922458,0.5694444444444444,0.5694444444444444,3,11
m_film,1250,4250,validation,pooled,3.436318688922458,0.5694444444444444,0.5694444444444444,3,11
m_film,1500,4500,train,BNCI2014_001,0.0182015661033279,0.9965277777777776,0.9965277777777776,3,11
m_film,1500,4500,train,pooled,0.0182015661033279,0.9965277777777776,0.9965277777777776,3,11
m_film,1500,4500,validation,BNCI2014_001,3.2911048200395374,0.5833333333333334,0.5833333333333333,3,11
m_film,1500,4500,validation,pooled,3.2911048200395374,0.5833333333333334,0.5833333333333333,3,11
m_film,1750,4750,train,BNCI2014_001,0.032751584563718,0.9930555555555556,0.9930555555555556,3,11
m_film,1750,4750,train,pooled,0.032751584563718,0.9930555555555556,0.9930555555555556,3,11
m_film,1750,4750,validation,BNCI2014_001,3.124399979909261,0.5277777777777778,0.5277777777777778,3,11
m_film,1750,4750,validation,pooled,3.124399979909261,0.5277777777777778,0.5277777777777778,3,11
m_film,2000,5000,train,BNCI2014_001,0.043133372211253,0.991898148148148,0.991898148148148,3,11
m_film,2000,5000,train,pooled,0.043133372211253,0.991898148148148,0.991898148148148,3,11
m_film,2000,5000,validation,BNCI2014_001,2.631655799018012,0.5277777777777778,0.5277777777777778,3,11
m_film,2000,5000,validation,pooled,2.631655799018012,0.5277777777777778,0.5277777777777778,3,11
m_lora,0,3000,train,BNCI2014_001,0.6427978607567234,0.9074074074074074,0.9074074074074074,3,11
m_lora,0,3000,train,pooled,0.6427978607567234,0.9074074074074074,0.9074074074074074,3,11
m_lora,0,3000,validation,BNCI2014_001,6.494719505310059,0.5972222222222222,0.5972222222222222,3,11
m_lora,0,3000,validation,pooled,6.494719505310059,0.5972222222222222,0.5972222222222222,3,11
m_lora,250,3250,train,BNCI2014_001,0.1547354431937551,0.9745370370370372,0.9745370370370372,3,11
m_lora,250,3250,train,pooled,0.1547354431937551,0.9745370370370372,0.9745370370370372,3,11
m_lora,250,3250,validation,BNCI2014_001,6.750204722086589,0.5416666666666666,0.5416666666666667,3,11
m_lora,250,3250,validation,pooled,6.750204722086589,0.5416666666666666,0.5416666666666667,3,11
m_lora,500,3500,train,BNCI2014_001,0.1400376297039156,0.9733796296296297,0.9733796296296297,3,11
m_lora,500,3500,train,pooled,0.1400376297039156,0.9733796296296297,0.9733796296296297,3,11
m_lora,500,3500,validation,BNCI2014_001,4.62291971842448,0.5833333333333334,0.5833333333333333,3,11
m_lora,500,3500,validation,pooled,4.62291971842448,0.5833333333333334,0.5833333333333333,3,11
m_lora,750,3750,train,BNCI2014_001,0.1087916763007452,0.986111111111111,0.986111111111111,3,11
m_lora,750,3750,train,pooled,0.1087916763007452,0.986111111111111,0.986111111111111,3,11
m_lora,750,3750,validation,BNCI2014_001,5.254250102572971,0.5138888888888888,0.5138888888888888,3,11
m_lora,750,3750,validation,pooled,5.254250102572971,0.5138888888888888,0.5138888888888888,3,11
m_lora,1000,4000,train,BNCI2014_001,0.0732739905029331,0.988425925925926,0.988425925925926,3,11
m_lora,1000,4000,train,pooled,0.0732739905029331,0.988425925925926,0.988425925925926,3,11
m_lora,1000,4000,validation,BNCI2014_001,4.909435484144423,0.5138888888888888,0.5138888888888888,3,11
m_lora,1000,4000,validation,pooled,4.909435484144423,0.5138888888888888,0.5138888888888888,3,11
m_lora,1250,4250,train,BNCI2014_001,0.0554182877827587,0.9930555555555556,0.9930555555555556,3,11
m_lora,1250,4250,train,pooled,0.0554182877827587,0.9930555555555556,0.9930555555555556,3,11
m_lora,1250,4250,validation,BNCI2014_001,5.072121991051568,0.5277777777777778,0.5277777777777778,3,11
m_lora,1250,4250,validation,pooled,5.072121991051568,0.5277777777777778,0.5277777777777778,3,11
m_lora,1500,4500,train,BNCI2014_001,0.0561697515089841,0.9930555555555556,0.9930555555555556,3,11
m_lora,1500,4500,train,pooled,0.0561697515089841,0.9930555555555556,0.9930555555555556,3,11
m_lora,1500,4500,validation,BNCI2014_001,5.211866696675618,0.5277777777777778,0.5277777777777778,3,11
m_lora,1500,4500,validation,pooled,5.211866696675618,0.5277777777777778,0.5277777777777778,3,11
m_lora,1750,4750,train,BNCI2014_001,0.0991938597742063,0.980324074074074,0.980324074074074,3,11
m_lora,1750,4750,train,pooled,0.0991938597742063,0.980324074074074,0.980324074074074,3,11
m_lora,1750,4750,validation,BNCI2014_001,7.1545388963487415,0.5416666666666666,0.5416666666666666,3,11
m_lora,1750,4750,validation,pooled,7.1545388963487415,0.5416666666666666,0.5416666666666666,3,11
m_lora,2000,5000,train,BNCI2014_001,0.0237630460831428,0.9965277777777776,0.9965277777777778,3,11
m_lora,2000,5000,train,pooled,0.0237630460831428,0.9965277777777776,0.9965277777777778,3,11
m_lora,2000,5000,validation,BNCI2014_001,5.506011168162028,0.5555555555555556,0.5555555555555556,3,11
m_lora,2000,5000,validation,pooled,5.506011168162028,0.5555555555555556,0.5555555555555556,3,11
m_lora,2250,5250,train,BNCI2014_001,0.1700224939271514,0.9756944444444444,0.9756944444444444,3,11
m_lora,2250,5250,train,pooled,0.1700224939271514,0.9756944444444444,0.9756944444444444,3,11
m_lora,2250,5250,validation,BNCI2014_001,5.977818489074707,0.5555555555555556,0.5555555555555556,3,11
m_lora,2250,5250,validation,pooled,5.977818489074707,0.5555555555555556,0.5555555555555556,3,11
m_lora,2500,5500,train,BNCI2014_001,0.1106651247657835,0.9745370370370372,0.9745370370370372,3,11
m_lora,2500,5500,train,pooled,0.1106651247657835,0.9745370370370372,0.9745370370370372,3,11
m_lora,2500,5500,validation,BNCI2014_001,5.733748330010308,0.5277777777777778,0.5277777777777778,3,11
m_lora,2500,5500,validation,pooled,5.733748330010308,0.5277777777777778,0.5277777777777778,3,11
m_film,0,3000,train,BNCI2014_001,5.024768837655654e-06,1.0,1.0,3,23
m_film,0,3000,train,pooled,5.024768837655654e-06,1.0,1.0,3,23
m_film,0,3000,validation,BNCI2014_001,4.146556880739,0.5555555555555556,0.5555555555555556,3,23
m_film,0,3000,validation,pooled,4.146556880739,0.5555555555555556,0.5555555555555556,3,23
m_film,250,3250,train,BNCI2014_001,0.0210048607920085,0.9953703703703702,0.9953703703703702,3,23
m_film,250,3250,train,pooled,0.0210048607920085,0.9953703703703702,0.9953703703703702,3,23
m_film,250,3250,validation,BNCI2014_001,4.78720129860772,0.5138888888888888,0.5138888888888888,3,23
m_film,250,3250,validation,pooled,4.78720129860772,0.5138888888888888,0.5138888888888888,3,23
m_film,500,3500,train,BNCI2014_001,3.920371006854922e-05,1.0,1.0,3,23
m_film,500,3500,train,pooled,3.920371006854922e-05,1.0,1.0,3,23
m_film,500,3500,validation,BNCI2014_001,4.53499616516961,0.5416666666666666,0.5416666666666667,3,23
m_film,500,3500,validation,pooled,4.53499616516961,0.5416666666666666,0.5416666666666667,3,23
m_film,750,3750,train,BNCI2014_001,8.425035889874582e-06,1.0,1.0,3,23
m_film,750,3750,train,pooled,8.425035889874582e-06,1.0,1.0,3,23
m_film,750,3750,validation,BNCI2014_001,4.563717948065864,0.5416666666666666,0.5416666666666667,3,23
m_film,750,3750,validation,pooled,4.563717948065864,0.5416666666666666,0.5416666666666667,3,23
m_film,1000,4000,train,BNCI2014_001,4.935769799919433e-06,1.0,1.0,3,23
m_film,1000,4000,train,pooled,4.935769799919433e-06,1.0,1.0,3,23
m_film,1000,4000,validation,BNCI2014_001,4.578354570600721,0.5416666666666666,0.5416666666666667,3,23
m_film,1000,4000,validation,pooled,4.578354570600721,0.5416666666666666,0.5416666666666667,3,23
m_film,1250,4250,train,BNCI2014_001,3.358462680369956e-06,1.0,1.0,3,23
m_film,1250,4250,train,pooled,3.358462680369956e-06,1.0,1.0,3,23
m_film,1250,4250,validation,BNCI2014_001,4.585671265920003,0.5416666666666666,0.5416666666666667,3,23
m_film,1250,4250,validation,pooled,4.585671265920003,0.5416666666666666,0.5416666666666667,3,23
m_film,1500,4500,train,BNCI2014_001,2.6501438138961086e-06,1.0,1.0,3,23
m_film,1500,4500,train,pooled,2.6501438138961086e-06,1.0,1.0,3,23
m_film,1500,4500,validation,BNCI2014_001,4.588694413503011,0.5416666666666666,0.5416666666666667,3,23
m_film,1500,4500,validation,pooled,4.588694413503011,0.5416666666666666,0.5416666666666667,3,23
m_film,1750,4750,train,BNCI2014_001,2.1752585123774934e-06,1.0,1.0,3,23
m_film,1750,4750,train,pooled,2.1752585123774934e-06,1.0,1.0,3,23
m_film,1750,4750,validation,BNCI2014_001,4.586193614535862,0.5555555555555556,0.5555555555555556,3,23
m_film,1750,4750,validation,pooled,4.586193614535862,0.5555555555555556,0.5555555555555556,3,23
m_film,2000,5000,train,BNCI2014_001,1.806881834277697e-06,1.0,1.0,3,23
m_film,2000,5000,train,pooled,1.806881834277697e-06,1.0,1.0,3,23
m_film,2000,5000,validation,BNCI2014_001,4.5881829261779785,0.5555555555555556,0.5555555555555556,3,23
m_film,2000,5000,validation,pooled,4.5881829261779785,0.5555555555555556,0.5555555555555556,3,23
m_lora,0,3000,train,BNCI2014_001,5.841195683455293e-06,1.0,1.0,3,23
m_lora,0,3000,train,pooled,5.841195683455293e-06,1.0,1.0,3,23
m_lora,0,3000,validation,BNCI2014_001,3.0954225858052573,0.5555555555555556,0.5555555555555556,3,23
m_lora,0,3000,validation,pooled,3.0954225858052573,0.5555555555555556,0.5555555555555556,3,23
m_lora,250,3250,train,BNCI2014_001,0.0511446804907707,0.991898148148148,0.991898148148148,3,23
m_lora,250,3250,train,pooled,0.0511446804907707,0.991898148148148,0.991898148148148,3,23
m_lora,250,3250,validation,BNCI2014_001,4.7469868659973145,0.5694444444444444,0.5694444444444444,3,23
m_lora,250,3250,validation,pooled,4.7469868659973145,0.5694444444444444,0.5694444444444444,3,23
m_lora,500,3500,train,BNCI2014_001,1.8229612345811157e-05,1.0,1.0,3,23
m_lora,500,3500,train,pooled,1.8229612345811157e-05,1.0,1.0,3,23
m_lora,500,3500,validation,BNCI2014_001,4.638455126020643,0.5694444444444444,0.5694444444444444,3,23
m_lora,500,3500,validation,pooled,4.638455126020643,0.5694444444444444,0.5694444444444444,3,23
m_lora,750,3750,train,BNCI2014_001,6.523404956297967e-06,1.0,1.0,3,23
m_lora,750,3750,train,pooled,6.523404956297967e-06,1.0,1.0,3,23
m_lora,750,3750,validation,BNCI2014_001,4.674344009823269,0.5694444444444444,0.5694444444444444,3,23
m_lora,750,3750,validation,pooled,4.674344009823269,0.5694444444444444,0.5694444444444444,3,23
m_lora,1000,4000,train,BNCI2014_001,4.65354871726765e-06,1.0,1.0,3,23
m_lora,1000,4000,train,pooled,4.65354871726765e-06,1.0,1.0,3,23
m_lora,1000,4000,validation,BNCI2014_001,4.667764133877224,0.5833333333333334,0.5833333333333333,3,23
m_lora,1000,4000,validation,pooled,4.667764133877224,0.5833333333333334,0.5833333333333333,3,23
m_lora,1250,4250,train,BNCI2014_001,3.5233547411244677e-06,1.0,1.0,3,23
m_lora,1250,4250,train,pooled,3.5233547411244677e-06,1.0,1.0,3,23
m_lora,1250,4250,validation,BNCI2014_001,4.653111828698052,0.5833333333333334,0.5833333333333333,3,23
m_lora,1250,4250,validation,pooled,4.653111828698052,0.5833333333333334,0.5833333333333333,3,23
m_lora,1500,4500,train,BNCI2014_001,2.856423136334253e-06,1.0,1.0,3,23
m_lora,1500,4500,train,pooled,2.856423136334253e-06,1.0,1.0,3,23
m_lora,1500,4500,validation,BNCI2014_001,4.6450736787584095,0.5833333333333334,0.5833333333333333,3,23
m_lora,1500,4500,validation,pooled,4.6450736787584095,0.5833333333333334,0.5833333333333333,3,23
m_lora,1750,4750,train,BNCI2014_001,2.4557611205718907e-06,1.0,1.0,3,23
m_lora,1750,4750,train,pooled,2.4557611205718907e-06,1.0,1.0,3,23
m_lora,1750,4750,validation,BNCI2014_001,4.63411447736952,0.5833333333333334,0.5833333333333333,3,23
m_lora,1750,4750,validation,pooled,4.63411447736952,0.5833333333333334,0.5833333333333333,3,23
m_lora,2000,5000,train,BNCI2014_001,2.068618980135797e-06,1.0,1.0,3,23
m_lora,2000,5000,train,pooled,2.068618980135797e-06,1.0,1.0,3,23
m_lora,2000,5000,validation,BNCI2014_001,4.620161030027601,0.5833333333333334,0.5833333333333333,3,23
m_lora,2000,5000,validation,pooled,4.620161030027601,0.5833333333333334,0.5833333333333333,3,23
m_film,0,3000,train,BNCI2014_001,3.5786319436681424e-06,1.0,1.0,3,37
m_film,0,3000,train,pooled,3.5786319436681424e-06,1.0,1.0,3,37
m_film,0,3000,validation,BNCI2014_001,4.203127993477716,0.5416666666666666,0.5416666666666666,3,37
m_film,0,3000,validation,pooled,4.203127993477716,0.5416666666666666,0.5416666666666666,3,37
m_film,250,3250,train,BNCI2014_001,0.0240962523023903,0.9918981481481484,0.9918981481481484,3,37
m_film,250,3250,train,pooled,0.0240962523023903,0.9918981481481484,0.9918981481481484,3,37
m_film,250,3250,validation,BNCI2014_001,6.4280105166965065,0.5833333333333334,0.5833333333333333,3,37
m_film,250,3250,validation,pooled,6.4280105166965065,0.5833333333333334,0.5833333333333333,3,37
m_film,500,3500,train,BNCI2014_001,2.1251063653578205e-06,1.0,1.0,3,37
m_film,500,3500,train,pooled,2.1251063653578205e-06,1.0,1.0,3,37
m_film,500,3500,validation,BNCI2014_001,6.186104615529378,0.5972222222222222,0.5972222222222223,3,37
m_film,500,3500,validation,pooled,6.186104615529378,0.5972222222222222,0.5972222222222223,3,37
m_film,750,3750,train,BNCI2014_001,1.0968361836478564e-06,1.0,1.0,3,37
m_film,750,3750,train,pooled,1.0968361836478564e-06,1.0,1.0,3,37
m_film,750,3750,validation,BNCI2014_001,6.154612912072076,0.5972222222222222,0.5972222222222223,3,37
m_film,750,3750,validation,pooled,6.154612912072076,0.5972222222222222,0.5972222222222223,3,37
m_film,1000,4000,train,BNCI2014_001,7.509719521051988e-07,1.0,1.0,3,37
m_film,1000,4000,train,pooled,7.509719521051988e-07,1.0,1.0,3,37
m_film,1000,4000,validation,BNCI2014_001,6.126710361904568,0.5972222222222222,0.5972222222222223,3,37
m_film,1000,4000,validation,pooled,6.126710361904568,0.5972222222222222,0.5972222222222223,3,37
m_film,1250,4250,train,BNCI2014_001,6.044509827231161e-07,1.0,1.0,3,37
m_film,1250,4250,train,pooled,6.044509827231161e-07,1.0,1.0,3,37
m_film,1250,4250,validation,BNCI2014_001,6.09986670811971,0.5833333333333334,0.5833333333333334,3,37
m_film,1250,4250,validation,pooled,6.09986670811971,0.5833333333333334,0.5833333333333334,3,37
m_film,1500,4500,train,BNCI2014_001,4.445464369539775e-07,1.0,1.0,3,37
m_film,1500,4500,train,pooled,4.445464369539775e-07,1.0,1.0,3,37
m_film,1500,4500,validation,BNCI2014_001,6.070777469211155,0.5833333333333334,0.5833333333333334,3,37
m_film,1500,4500,validation,pooled,6.070777469211155,0.5833333333333334,0.5833333333333334,3,37
m_film,1750,4750,train,BNCI2014_001,3.803900754548893e-07,1.0,1.0,3,37
m_film,1750,4750,train,pooled,3.803900754548893e-07,1.0,1.0,3,37
m_film,1750,4750,validation,BNCI2014_001,6.040124893188477,0.5833333333333334,0.5833333333333334,3,37
m_film,1750,4750,validation,pooled,6.040124893188477,0.5833333333333334,0.5833333333333334,3,37
m_film,2000,5000,train,BNCI2014_001,3.227182234366166e-07,1.0,1.0,3,37
m_film,2000,5000,train,pooled,3.227182234366166e-07,1.0,1.0,3,37
m_film,2000,5000,validation,BNCI2014_001,6.010939757029216,0.5833333333333334,0.5833333333333334,3,37
m_film,2000,5000,validation,pooled,6.010939757029216,0.5833333333333334,0.5833333333333334,3,37
m_lora,0,3000,train,BNCI2014_001,0.0383790423594897,0.9872685185185184,0.9872685185185184,3,37
m_lora,0,3000,train,pooled,0.0383790423594897,0.9872685185185184,0.9872685185185184,3,37
m_lora,0,3000,validation,BNCI2014_001,2.571918805440267,0.5416666666666666,0.5416666666666667,3,37
m_lora,0,3000,validation,pooled,2.571918805440267,0.5416666666666666,0.5416666666666667,3,37
m_lora,250,3250,train,BNCI2014_001,0.0013649485328507,1.0,1.0,3,37
m_lora,250,3250,train,pooled,0.0013649485328507,1.0,1.0,3,37
m_lora,250,3250,validation,BNCI2014_001,3.1474377314249677,0.5277777777777778,0.5277777777777778,3,37
m_lora,250,3250,validation,pooled,3.1474377314249677,0.5277777777777778,0.5277777777777778,3,37
m_lora,500,3500,train,BNCI2014_001,0.0056161980899694,0.9976851851851852,0.9976851851851852,3,37
m_lora,500,3500,train,pooled,0.0056161980899694,0.9976851851851852,0.9976851851851852,3,37
m_lora,500,3500,validation,BNCI2014_001,3.3364519013298883,0.5416666666666666,0.5416666666666667,3,37
m_lora,500,3500,validation,pooled,3.3364519013298883,0.5416666666666666,0.5416666666666667,3,37
m_lora,750,3750,train,BNCI2014_001,0.0803901313544623,0.9872685185185184,0.9872685185185184,3,37
m_lora,750,3750,train,pooled,0.0803901313544623,0.9872685185185184,0.9872685185185184,3,37
m_lora,750,3750,validation,BNCI2014_001,3.150226778454251,0.5833333333333334,0.5833333333333333,3,37
m_lora,750,3750,validation,pooled,3.150226778454251,0.5833333333333334,0.5833333333333333,3,37
m_lora,1000,4000,train,BNCI2014_001,0.0005676073261098,1.0,1.0,3,37
m_lora,1000,4000,train,pooled,0.0005676073261098,1.0,1.0,3,37
m_lora,1000,4000,validation,BNCI2014_001,3.811307271321615,0.5694444444444444,0.5694444444444444,3,37
m_lora,1000,4000,validation,pooled,3.811307271321615,0.5694444444444444,0.5694444444444444,3,37
m_lora,1250,4250,train,BNCI2014_001,0.0163421351179501,0.9988425925925926,0.9988425925925926,3,37
m_lora,1250,4250,train,pooled,0.0163421351179501,0.9988425925925926,0.9988425925925926,3,37
m_lora,1250,4250,validation,BNCI2014_001,3.614223692152235,0.5138888888888888,0.5138888888888888,3,37
m_lora,1250,4250,validation,pooled,3.614223692152235,0.5138888888888888,0.5138888888888888,3,37
m_lora,1500,4500,train,BNCI2014_001,0.0102665446409528,0.9976851851851852,0.9976851851851852,3,37
m_lora,1500,4500,train,pooled,0.0102665446409528,0.9976851851851852,0.9976851851851852,3,37
m_lora,1500,4500,validation,BNCI2014_001,4.023272116978963,0.5694444444444444,0.5694444444444444,3,37
m_lora,1500,4500,validation,pooled,4.023272116978963,0.5694444444444444,0.5694444444444444,3,37
m_lora,1750,4750,train,BNCI2014_001,2.1329281610833392e-05,1.0,1.0,3,37
m_lora,1750,4750,train,pooled,2.1329281610833392e-05,1.0,1.0,3,37
m_lora,1750,4750,validation,BNCI2014_001,3.9948727554745145,0.5972222222222222,0.5972222222222222,3,37
m_lora,1750,4750,validation,pooled,3.9948727554745145,0.5972222222222222,0.5972222222222222,3,37
m_lora,2000,5000,train,BNCI2014_001,4.5196409242325644e-06,1.0,1.0,3,37
m_lora,2000,5000,train,pooled,4.5196409242325644e-06,1.0,1.0,3,37
m_lora,2000,5000,validation,BNCI2014_001,3.9965432749854193,0.5833333333333334,0.5833333333333334,3,37
m_lora,2000,5000,validation,pooled,3.9965432749854193,0.5833333333333334,0.5833333333333334,3,37
m_film,0,3000,train,BNCI2014_001,0.0016327237583734,1.0,1.0,3,53
m_film,0,3000,train,pooled,0.0016327237583734,1.0,1.0,3,53
m_film,0,3000,validation,BNCI2014_001,2.611652665668064,0.5416666666666666,0.5416666666666666,3,53
m_film,0,3000,validation,pooled,2.611652665668064,0.5416666666666666,0.5416666666666666,3,53
m_film,250,3250,train,BNCI2014_001,0.0004210778237755,1.0,1.0,3,53
m_film,250,3250,train,pooled,0.0004210778237755,1.0,1.0,3,53
m_film,250,3250,validation,BNCI2014_001,3.197298420800103,0.5833333333333334,0.5833333333333334,3,53
m_film,250,3250,validation,pooled,3.197298420800103,0.5833333333333334,0.5833333333333334,3,53
m_film,500,3500,train,BNCI2014_001,0.0097210806237668,0.9988425925925926,0.9988425925925926,3,53
m_film,500,3500,train,pooled,0.0097210806237668,0.9988425925925926,0.9988425925925926,3,53
m_film,500,3500,validation,BNCI2014_001,3.2243531015184197,0.5555555555555556,0.5555555555555556,3,53
m_film,500,3500,validation,pooled,3.2243531015184197,0.5555555555555556,0.5555555555555556,3,53
m_film,750,3750,train,BNCI2014_001,0.0228172084870392,0.991898148148148,0.991898148148148,3,53
m_film,750,3750,train,pooled,0.0228172084870392,0.991898148148148,0.991898148148148,3,53
m_film,750,3750,validation,BNCI2014_001,3.3689548704359265,0.5694444444444444,0.5694444444444444,3,53
m_film,750,3750,validation,pooled,3.3689548704359265,0.5694444444444444,0.5694444444444444,3,53
m_film,1000,4000,train,BNCI2014_001,0.0220970496996255,0.9930555555555556,0.9930555555555556,3,53
m_film,1000,4000,train,pooled,0.0220970496996255,0.9930555555555556,0.9930555555555556,3,53
m_film,1000,4000,validation,BNCI2014_001,4.519756423102485,0.5277777777777778,0.5277777777777778,3,53
m_film,1000,4000,validation,pooled,4.519756423102485,0.5277777777777778,0.5277777777777778,3,53
m_film,1250,4250,train,BNCI2014_001,0.0030271574865107,0.9988425925925926,0.9988425925925926,3,53
m_film,1250,4250,train,pooled,0.0030271574865107,0.9988425925925926,0.9988425925925926,3,53
m_film,1250,4250,validation,BNCI2014_001,4.218900256686741,0.5555555555555556,0.5555555555555556,3,53
m_film,1250,4250,validation,pooled,4.218900256686741,0.5555555555555556,0.5555555555555556,3,53
m_film,1500,4500,train,BNCI2014_001,0.0334134514300448,0.9849537037037036,0.9849537037037036,3,53
m_film,1500,4500,train,pooled,0.0334134514300448,0.9849537037037036,0.9849537037037036,3,53
m_film,1500,4500,validation,BNCI2014_001,4.665472984313965,0.5138888888888888,0.5138888888888888,3,53
m_film,1500,4500,validation,pooled,4.665472984313965,0.5138888888888888,0.5138888888888888,3,53
m_film,1750,4750,train,BNCI2014_001,0.0007283242206439,1.0,1.0,3,53
m_film,1750,4750,train,pooled,0.0007283242206439,1.0,1.0,3,53
m_film,1750,4750,validation,BNCI2014_001,4.105833636389838,0.5555555555555556,0.5555555555555556,3,53
m_film,1750,4750,validation,pooled,4.105833636389838,0.5555555555555556,0.5555555555555556,3,53
m_film,2000,5000,train,BNCI2014_001,0.0067350980114126,0.9976851851851852,0.9976851851851852,3,53
m_film,2000,5000,train,pooled,0.0067350980114126,0.9976851851851852,0.9976851851851852,3,53
m_film,2000,5000,validation,BNCI2014_001,4.290074931250678,0.5277777777777778,0.5277777777777778,3,53
m_film,2000,5000,validation,pooled,4.290074931250678,0.5277777777777778,0.5277777777777778,3,53
m_lora,0,3000,train,BNCI2014_001,0.2004726204858706,0.986111111111111,0.9861111111111112,3,53
m_lora,0,3000,train,pooled,0.2004726204858706,0.986111111111111,0.9861111111111112,3,53
m_lora,0,3000,validation,BNCI2014_001,6.926745096842448,0.5416666666666666,0.5416666666666667,3,53
m_lora,0,3000,validation,pooled,6.926745096842448,0.5416666666666666,0.5416666666666667,3,53
m_lora,250,3250,train,BNCI2014_001,0.0004659633953997,1.0,1.0,3,53
m_lora,250,3250,train,pooled,0.0004659633953997,1.0,1.0,3,53
m_lora,250,3250,validation,BNCI2014_001,5.553574509090847,0.5694444444444444,0.5694444444444444,3,53
m_lora,250,3250,validation,pooled,5.553574509090847,0.5694444444444444,0.5694444444444444,3,53
m_lora,500,3500,train,BNCI2014_001,0.3552900204068818,0.9791666666666666,0.9791666666666666,3,53
m_lora,500,3500,train,pooled,0.3552900204068818,0.9791666666666666,0.9791666666666666,3,53
m_lora,500,3500,validation,BNCI2014_001,6.262689590454102,0.5416666666666666,0.5416666666666667,3,53
m_lora,500,3500,validation,pooled,6.262689590454102,0.5416666666666666,0.5416666666666667,3,53
m_lora,750,3750,train,BNCI2014_001,0.0428289351400975,0.9942129629629628,0.9942129629629628,3,53
m_lora,750,3750,train,pooled,0.0428289351400975,0.9942129629629628,0.9942129629629628,3,53
m_lora,750,3750,validation,BNCI2014_001,8.803330739339193,0.4861111111111111,0.4861111111111111,3,53
m_lora,750,3750,validation,pooled,8.803330739339193,0.4861111111111111,0.4861111111111111,3,53
m_lora,1000,4000,train,BNCI2014_001,0.0660786934890506,0.9965277777777776,0.9965277777777778,3,53
m_lora,1000,4000,train,pooled,0.0660786934890506,0.9965277777777776,0.9965277777777778,3,53
m_lora,1000,4000,validation,BNCI2014_001,6.79892995622423,0.5,0.5,3,53
m_lora,1000,4000,validation,pooled,6.79892995622423,0.5,0.5,3,53
m_lora,1250,4250,train,BNCI2014_001,0.0708420894464774,0.9942129629629628,0.9942129629629628,3,53
m_lora,1250,4250,train,pooled,0.0708420894464774,0.9942129629629628,0.9942129629629628,3,53
m_lora,1250,4250,validation,BNCI2014_001,7.233569569057888,0.5416666666666666,0.5416666666666667,3,53
m_lora,1250,4250,validation,pooled,7.233569569057888,0.5416666666666666,0.5416666666666667,3,53
m_lora,1500,4500,train,BNCI2014_001,0.0913476618973282,0.9918981481481484,0.9918981481481484,3,53
m_lora,1500,4500,train,pooled,0.0913476618973282,0.9918981481481484,0.9918981481481484,3,53
m_lora,1500,4500,validation,BNCI2014_001,8.849408202701145,0.5277777777777778,0.5277777777777778,3,53
m_lora,1500,4500,validation,pooled,8.849408202701145,0.5277777777777778,0.5277777777777778,3,53
m_lora,1750,4750,train,BNCI2014_001,0.1477674007551444,0.9849537037037036,0.9849537037037036,3,53
m_lora,1750,4750,train,pooled,0.1477674007551444,0.9849537037037036,0.9849537037037036,3,53
m_lora,1750,4750,validation,BNCI2014_001,7.986001438564724,0.5416666666666666,0.5416666666666667,3,53
m_lora,1750,4750,validation,pooled,7.986001438564724,0.5416666666666666,0.5416666666666667,3,53
m_lora,2000,5000,train,BNCI2014_001,0.0607205817922148,0.9930555555555556,0.9930555555555556,3,53
m_lora,2000,5000,train,pooled,0.0607205817922148,0.9930555555555556,0.9930555555555556,3,53
m_lora,2000,5000,validation,BNCI2014_001,8.332626660664877,0.5277777777777778,0.5277777777777778,3,53
m_lora,2000,5000,validation,pooled,8.332626660664877,0.5277777777777778,0.5277777777777778,3,53
m_lora,2250,5250,train,BNCI2014_001,0.1702805250622811,0.9837962962962964,0.9837962962962964,3,53
m_lora,2250,5250,train,pooled,0.1702805250622811,0.9837962962962964,0.9837962962962964,3,53
m_lora,2250,5250,validation,BNCI2014_001,9.294798427157932,0.5555555555555556,0.5555555555555556,3,53
m_lora,2250,5250,validation,pooled,9.294798427157932,0.5555555555555556,0.5555555555555556,3,53
m_film,0,1000,train,BNCI2014_001,3.0089828863277004e-05,1.0,1.0,3,71
m_film,0,1000,train,pooled,3.0089828863277004e-05,1.0,1.0,3,71
m_film,0,1000,validation,BNCI2014_001,3.0658235020107694,0.5694444444444444,0.5694444444444444,3,71
m_film,0,1000,validation,pooled,3.0658235020107694,0.5694444444444444,0.5694444444444444,3,71
m_film,250,1250,train,BNCI2014_001,0.0025221541739702,0.9988425925925926,0.9988425925925926,3,71
m_film,250,1250,train,pooled,0.0025221541739702,0.9988425925925926,0.9988425925925926,3,71
m_film,250,1250,validation,BNCI2014_001,3.904087013668484,0.5694444444444444,0.5694444444444444,3,71
m_film,250,1250,validation,pooled,3.904087013668484,0.5694444444444444,0.5694444444444444,3,71
m_film,500,1500,train,BNCI2014_001,0.0008739523431531,1.0,1.0,3,71
m_film,500,1500,train,pooled,0.0008739523431531,1.0,1.0,3,71
m_film,500,1500,validation,BNCI2014_001,3.5623349613613557,0.5416666666666666,0.5416666666666667,3,71
m_film,500,1500,validation,pooled,3.5623349613613557,0.5416666666666666,0.5416666666666667,3,71
m_film,750,1750,train,BNCI2014_001,1.929747878460909e-05,1.0,1.0,3,71
m_film,750,1750,train,pooled,1.929747878460909e-05,1.0,1.0,3,71
m_film,750,1750,validation,BNCI2014_001,4.273812188042535,0.5833333333333334,0.5833333333333333,3,71
m_film,750,1750,validation,pooled,4.273812188042535,0.5833333333333334,0.5833333333333333,3,71
m_film,1000,2000,train,BNCI2014_001,4.753534644393916e-06,1.0,1.0,3,71
m_film,1000,2000,train,pooled,4.753534644393916e-06,1.0,1.0,3,71
m_film,1000,2000,validation,BNCI2014_001,4.311869303385417,0.5833333333333334,0.5833333333333333,3,71
m_film,1000,2000,validation,pooled,4.311869303385417,0.5833333333333334,0.5833333333333333,3,71
m_film,1250,2250,train,BNCI2014_001,3.829531933637516e-06,1.0,1.0,3,71
m_film,1250,2250,train,pooled,3.829531933637516e-06,1.0,1.0,3,71
m_film,1250,2250,validation,BNCI2014_001,4.312453905741374,0.5555555555555556,0.5555555555555556,3,71
m_film,1250,2250,validation,pooled,4.312453905741374,0.5555555555555556,0.5555555555555556,3,71
m_film,1500,2500,train,BNCI2014_001,2.943298704941548e-06,1.0,1.0,3,71
m_film,1500,2500,train,pooled,2.943298704941548e-06,1.0,1.0,3,71
m_film,1500,2500,validation,BNCI2014_001,4.3196665445963545,0.5555555555555556,0.5555555555555556,3,71
m_film,1500,2500,validation,pooled,4.3196665445963545,0.5555555555555556,0.5555555555555556,3,71
m_film,1750,2750,train,BNCI2014_001,2.464979247352306e-06,1.0,1.0,3,71
m_film,1750,2750,train,pooled,2.464979247352306e-06,1.0,1.0,3,71
m_film,1750,2750,validation,BNCI2014_001,4.32057433658176,0.5694444444444444,0.5694444444444444,3,71
m_film,1750,2750,validation,pooled,4.32057433658176,0.5694444444444444,0.5694444444444444,3,71
m_film,2000,3000,train,BNCI2014_001,2.171110245133382e-06,1.0,1.0,3,71
m_film,2000,3000,train,pooled,2.171110245133382e-06,1.0,1.0,3,71
m_film,2000,3000,validation,BNCI2014_001,4.3239913781483965,0.5694444444444444,0.5694444444444444,3,71
m_film,2000,3000,validation,pooled,4.3239913781483965,0.5694444444444444,0.5694444444444444,3,71
m_lora,0,3000,train,BNCI2014_001,6.154949995073332e-06,1.0,1.0,3,71
m_lora,0,3000,train,pooled,6.154949995073332e-06,1.0,1.0,3,71
m_lora,0,3000,validation,BNCI2014_001,3.365450832578871,0.5416666666666666,0.5416666666666667,3,71
m_lora,0,3000,validation,pooled,3.365450832578871,0.5416666666666666,0.5416666666666667,3,71
m_lora,250,3250,train,BNCI2014_001,0.0269791455251122,0.9907407407407408,0.9907407407407408,3,71
m_lora,250,3250,train,pooled,0.0269791455251122,0.9907407407407408,0.9907407407407408,3,71
m_lora,250,3250,validation,BNCI2014_001,5.861719237433539,0.5138888888888888,0.5138888888888888,3,71
m_lora,250,3250,validation,pooled,5.861719237433539,0.5138888888888888,0.5138888888888888,3,71
m_lora,500,3500,train,BNCI2014_001,0.0975488050023193,0.9722222222222222,0.9722222222222222,3,71
m_lora,500,3500,train,pooled,0.0975488050023193,0.9722222222222222,0.9722222222222222,3,71
m_lora,500,3500,validation,BNCI2014_001,7.283071094089085,0.4583333333333333,0.4583333333333333,3,71
m_lora,500,3500,validation,pooled,7.283071094089085,0.4583333333333333,0.4583333333333333,3,71
m_lora,750,3750,train,BNCI2014_001,0.0001027295943996,1.0,1.0,3,71
m_lora,750,3750,train,pooled,0.0001027295943996,1.0,1.0,3,71
m_lora,750,3750,validation,BNCI2014_001,6.286234378814697,0.5,0.5,3,71
m_lora,750,3750,validation,pooled,6.286234378814697,0.5,0.5,3,71
m_lora,1000,4000,train,BNCI2014_001,5.432810841462562e-06,1.0,1.0,3,71
m_lora,1000,4000,train,pooled,5.432810841462562e-06,1.0,1.0,3,71
m_lora,1000,4000,validation,BNCI2014_001,6.097004943423801,0.5,0.5,3,71
m_lora,1000,4000,validation,pooled,6.097004943423801,0.5,0.5,3,71
m_lora,1250,4250,train,BNCI2014_001,3.4170871359151533e-06,1.0,1.0,3,71
m_lora,1250,4250,train,pooled,3.4170871359151533e-06,1.0,1.0,3,71
m_lora,1250,4250,validation,BNCI2014_001,6.043335967593723,0.5138888888888888,0.5138888888888888,3,71
m_lora,1250,4250,validation,pooled,6.043335967593723,0.5138888888888888,0.5138888888888888,3,71
m_lora,1500,4500,train,BNCI2014_001,2.5639120768201137e-06,1.0,1.0,3,71
m_lora,1500,4500,train,pooled,2.5639120768201137e-06,1.0,1.0,3,71
m_lora,1500,4500,validation,BNCI2014_001,6.000824133555095,0.5138888888888888,0.5138888888888888,3,71
m_lora,1500,4500,validation,pooled,6.000824133555095,0.5138888888888888,0.5138888888888888,3,71
m_lora,1750,4750,train,BNCI2014_001,2.0386693742211634e-06,1.0,1.0,3,71
m_lora,1750,4750,train,pooled,2.0386693742211634e-06,1.0,1.0,3,71
m_lora,1750,4750,validation,BNCI2014_001,5.969006697336833,0.5416666666666666,0.5416666666666667,3,71
m_lora,1750,4750,validation,pooled,5.969006697336833,0.5416666666666666,0.5416666666666667,3,71
m_lora,2000,5000,train,BNCI2014_001,1.668773680360455e-06,1.0,1.0,3,71
m_lora,2000,5000,train,pooled,1.668773680360455e-06,1.0,1.0,3,71
m_lora,2000,5000,validation,BNCI2014_001,5.92816178003947,0.5416666666666666,0.5416666666666667,3,71
m_lora,2000,5000,validation,pooled,5.92816178003947,0.5416666666666666,0.5416666666666667,3,71
m_film,0,3000,train,BNCI2014_001,0.0656320348304891,0.9910714285714286,0.9910714285714286,4,11
m_film,0,3000,train,pooled,0.0656320348304891,0.9910714285714286,0.9910714285714286,4,11
m_film,0,3000,validation,BNCI2014_001,2.0217844744523368,0.6666666666666666,0.6666666666666667,4,11
m_film,0,3000,validation,pooled,2.0217844744523368,0.6666666666666666,0.6666666666666667,4,11
m_film,250,3250,train,BNCI2014_001,0.1011566048849971,0.9851190476190476,0.9851190476190476,4,11
m_film,250,3250,train,pooled,0.1011566048849971,0.9851190476190476,0.9851190476190476,4,11
m_film,250,3250,validation,BNCI2014_001,1.8257029619481828,0.6388888888888888,0.6388888888888888,4,11
m_film,250,3250,validation,pooled,1.8257029619481828,0.6388888888888888,0.6388888888888888,4,11
m_film,500,3500,train,BNCI2014_001,0.1293225102671718,0.9771825396825398,0.9771825396825398,4,11
m_film,500,3500,train,pooled,0.1293225102671718,0.9771825396825398,0.9771825396825398,4,11
m_film,500,3500,validation,BNCI2014_001,1.8631527970234556,0.6527777777777778,0.6527777777777778,4,11
m_film,500,3500,validation,pooled,1.8631527970234556,0.6527777777777778,0.6527777777777778,4,11
m_film,750,3750,train,BNCI2014_001,0.0732185984092309,0.988095238095238,0.988095238095238,4,11
m_film,750,3750,train,pooled,0.0732185984092309,0.988095238095238,0.988095238095238,4,11
m_film,750,3750,validation,BNCI2014_001,2.072884711954329,0.6388888888888888,0.6388888888888888,4,11
m_film,750,3750,validation,pooled,2.072884711954329,0.6388888888888888,0.6388888888888888,4,11
m_film,1000,4000,train,BNCI2014_001,0.0325022735193799,0.9930555555555556,0.9930555555555556,4,11
m_film,1000,4000,train,pooled,0.0325022735193799,0.9930555555555556,0.9930555555555556,4,11
m_film,1000,4000,validation,BNCI2014_001,2.4274020741383238,0.6666666666666666,0.6666666666666667,4,11
m_film,1000,4000,validation,pooled,2.4274020741383238,0.6666666666666666,0.6666666666666667,4,11
m_film,1250,4250,train,BNCI2014_001,0.0668510555417491,0.9910714285714286,0.9910714285714286,4,11
m_film,1250,4250,train,pooled,0.0668510555417491,0.9910714285714286,0.9910714285714286,4,11
m_film,1250,4250,validation,BNCI2014_001,2.7387215273661747,0.6527777777777778,0.6527777777777778,4,11
m_film,1250,4250,validation,pooled,2.7387215273661747,0.6527777777777778,0.6527777777777778,4,11
m_film,1500,4500,train,BNCI2014_001,0.0773895164375495,0.9851190476190476,0.9851190476190476,4,11
m_film,1500,4500,train,pooled,0.0773895164375495,0.9851190476190476,0.9851190476190476,4,11
m_film,1500,4500,validation,BNCI2014_001,1.847793420155843,0.625,0.625,4,11
m_film,1500,4500,validation,pooled,1.847793420155843,0.625,0.625,4,11
m_film,1750,4750,train,BNCI2014_001,0.080440113715754,0.9771825396825397,0.9771825396825397,4,11
m_film,1750,4750,train,pooled,0.080440113715754,0.9771825396825397,0.9771825396825397,4,11
m_film,1750,4750,validation,BNCI2014_001,2.424741506576538,0.5833333333333334,0.5833333333333333,4,11
m_film,1750,4750,validation,pooled,2.424741506576538,0.5833333333333334,0.5833333333333333,4,11
m_film,2000,5000,train,BNCI2014_001,0.1158746563541539,0.9751984126984128,0.9751984126984128,4,11
m_film,2000,5000,train,pooled,0.1158746563541539,0.9751984126984128,0.9751984126984128,4,11
m_film,2000,5000,validation,BNCI2014_001,3.659734030564626,0.5972222222222222,0.5972222222222222,4,11
m_film,2000,5000,validation,pooled,3.659734030564626,0.5972222222222222,0.5972222222222222,4,11
m_film,2250,5250,train,BNCI2014_001,0.0524070159785842,0.9851190476190476,0.9851190476190476,4,11
m_film,2250,5250,train,pooled,0.0524070159785842,0.9851190476190476,0.9851190476190476,4,11
m_film,2250,5250,validation,BNCI2014_001,3.343911811709404,0.5833333333333334,0.5833333333333333,4,11
m_film,2250,5250,validation,pooled,3.343911811709404,0.5833333333333334,0.5833333333333333,4,11
m_lora,0,3000,train,BNCI2014_001,2.081546611385593e-05,1.0,1.0,4,11
m_lora,0,3000,train,pooled,2.081546611385593e-05,1.0,1.0,4,11
m_lora,0,3000,validation,BNCI2014_001,2.125406735473209,0.6111111111111112,0.6111111111111112,4,11
m_lora,0,3000,validation,pooled,2.125406735473209,0.6111111111111112,0.6111111111111112,4,11
m_lora,250,3250,train,BNCI2014_001,9.32373444313617e-06,1.0,1.0,4,11
m_lora,250,3250,train,pooled,9.32373444313617e-06,1.0,1.0,4,11
m_lora,250,3250,validation,BNCI2014_001,2.465754118230608,0.5694444444444444,0.5694444444444444,4,11
m_lora,250,3250,validation,pooled,2.465754118230608,0.5694444444444444,0.5694444444444444,4,11
m_lora,500,3500,train,BNCI2014_001,3.7499519519784255e-06,1.0,1.0,4,11
m_lora,500,3500,train,pooled,3.7499519519784255e-06,1.0,1.0,4,11
m_lora,500,3500,validation,BNCI2014_001,2.5149991512298584,0.5694444444444444,0.5694444444444444,4,11
m_lora,500,3500,validation,pooled,2.5149991512298584,0.5694444444444444,0.5694444444444444,4,11
m_lora,750,3750,train,BNCI2014_001,2.357319906373447e-06,1.0,1.0,4,11
m_lora,750,3750,train,pooled,2.357319906373447e-06,1.0,1.0,4,11
m_lora,750,3750,validation,BNCI2014_001,2.5172057814068265,0.5555555555555556,0.5555555555555556,4,11
m_lora,750,3750,validation,pooled,2.5172057814068265,0.5555555555555556,0.5555555555555556,4,11
m_lora,1000,4000,train,BNCI2014_001,1.6586310284169704e-06,1.0,1.0,4,11
m_lora,1000,4000,train,pooled,1.6586310284169704e-06,1.0,1.0,4,11
m_lora,1000,4000,validation,BNCI2014_001,2.504087242815229,0.5416666666666666,0.5416666666666666,4,11
m_lora,1000,4000,validation,pooled,2.504087242815229,0.5416666666666666,0.5416666666666666,4,11
m_lora,1250,4250,train,BNCI2014_001,1.203086744584064e-06,1.0,1.0,4,11
m_lora,1250,4250,train,pooled,1.203086744584064e-06,1.0,1.0,4,11
m_lora,1250,4250,validation,BNCI2014_001,2.531063689125909,0.5277777777777778,0.5277777777777778,4,11
m_lora,1250,4250,validation,pooled,2.531063689125909,0.5277777777777778,0.5277777777777778,4,11
m_lora,1500,4500,train,BNCI2014_001,9.223319739000712e-07,1.0,1.0,4,11
m_lora,1500,4500,train,pooled,9.223319739000712e-07,1.0,1.0,4,11
m_lora,1500,4500,validation,BNCI2014_001,2.543188836839464,0.5277777777777778,0.5277777777777778,4,11
m_lora,1500,4500,validation,pooled,2.543188836839464,0.5277777777777778,0.5277777777777778,4,11
m_lora,1750,4750,train,BNCI2014_001,7.188021904252786e-07,1.0,1.0,4,11
m_lora,1750,4750,train,pooled,7.188021904252786e-07,1.0,1.0,4,11
m_lora,1750,4750,validation,BNCI2014_001,2.5607689883973865,0.5277777777777778,0.5277777777777778,4,11
m_lora,1750,4750,validation,pooled,2.5607689883973865,0.5277777777777778,0.5277777777777778,4,11
m_lora,2000,5000,train,BNCI2014_001,5.872940749309382e-07,1.0,1.0,4,11
m_lora,2000,5000,train,pooled,5.872940749309382e-07,1.0,1.0,4,11
m_lora,2000,5000,validation,BNCI2014_001,2.584338777595096,0.5277777777777778,0.5277777777777778,4,11
m_lora,2000,5000,validation,pooled,2.584338777595096,0.5277777777777778,0.5277777777777778,4,11
m_film,0,3000,train,BNCI2014_001,0.0265435584042387,0.9900793650793652,0.9900793650793652,4,23
m_film,0,3000,train,pooled,0.0265435584042387,0.9900793650793652,0.9900793650793652,4,23
m_film,0,3000,validation,BNCI2014_001,2.3717957039674125,0.5833333333333334,0.5833333333333334,4,23
m_film,0,3000,validation,pooled,2.3717957039674125,0.5833333333333334,0.5833333333333334,4,23
m_film,250,3250,train,BNCI2014_001,0.034299158420125,0.9950396825396826,0.9950396825396826,4,23
m_film,250,3250,train,pooled,0.034299158420125,0.9950396825396826,0.9950396825396826,4,23
m_film,250,3250,validation,BNCI2014_001,1.944225033124288,0.625,0.625,4,23
m_film,250,3250,validation,pooled,1.944225033124288,0.625,0.625,4,23
m_film,500,3500,train,BNCI2014_001,0.0526910546224884,0.994047619047619,0.994047619047619,4,23
m_film,500,3500,train,pooled,0.0526910546224884,0.994047619047619,0.994047619047619,4,23
m_film,500,3500,validation,BNCI2014_001,3.031820075379477,0.5694444444444444,0.5694444444444444,4,23
m_film,500,3500,validation,pooled,3.031820075379477,0.5694444444444444,0.5694444444444444,4,23
m_film,750,3750,train,BNCI2014_001,0.0480197858670732,0.9950396825396826,0.9950396825396826,4,23
m_film,750,3750,train,pooled,0.0480197858670732,0.9950396825396826,0.9950396825396826,4,23
m_film,750,3750,validation,BNCI2014_001,2.729441669252184,0.625,0.625,4,23
m_film,750,3750,validation,pooled,2.729441669252184,0.625,0.625,4,23
m_film,1000,4000,train,BNCI2014_001,0.0337971460679592,0.9950396825396826,0.9950396825396826,4,23
m_film,1000,4000,train,pooled,0.0337971460679592,0.9950396825396826,0.9950396825396826,4,23
m_film,1000,4000,validation,BNCI2014_001,2.2923787236213684,0.625,0.625,4,23
m_film,1000,4000,validation,pooled,2.2923787236213684,0.625,0.625,4,23
m_film,1250,4250,train,BNCI2014_001,0.0403366928832088,0.9910714285714286,0.9910714285714286,4,23
m_film,1250,4250,train,pooled,0.0403366928832088,0.9910714285714286,0.9910714285714286,4,23
m_film,1250,4250,validation,BNCI2014_001,2.3092590272426605,0.6111111111111112,0.6111111111111112,4,23
m_film,1250,4250,validation,pooled,2.3092590272426605,0.6111111111111112,0.6111111111111112,4,23
m_film,1500,4500,train,BNCI2014_001,0.0171582518917757,0.996031746031746,0.996031746031746,4,23
m_film,1500,4500,train,pooled,0.0171582518917757,0.996031746031746,0.996031746031746,4,23
m_film,1500,4500,validation,BNCI2014_001,2.7955005650098124,0.6388888888888888,0.6388888888888888,4,23
m_film,1500,4500,validation,pooled,2.7955005650098124,0.6388888888888888,0.6388888888888888,4,23
m_film,1750,4750,train,BNCI2014_001,0.0589786422653058,0.9861111111111112,0.9861111111111112,4,23
m_film,1750,4750,train,pooled,0.0589786422653058,0.9861111111111112,0.9861111111111112,4,23
m_film,1750,4750,validation,BNCI2014_001,2.602335254351298,0.625,0.625,4,23
m_film,1750,4750,validation,pooled,2.602335254351298,0.625,0.625,4,23
m_film,2000,5000,train,BNCI2014_001,0.0288129798158125,0.9940476190476192,0.9940476190476192,4,23
m_film,2000,5000,train,pooled,0.0288129798158125,0.9940476190476192,0.9940476190476192,4,23
m_film,2000,5000,validation,BNCI2014_001,1.9699565039740667,0.625,0.625,4,23
m_film,2000,5000,validation,pooled,1.9699565039740667,0.625,0.625,4,23
m_film,2250,5250,train,BNCI2014_001,0.0284023530844407,0.996031746031746,0.996031746031746,4,23
m_film,2250,5250,train,pooled,0.0284023530844407,0.996031746031746,0.996031746031746,4,23
m_film,2250,5250,validation,BNCI2014_001,2.756991740885294,0.625,0.625,4,23
m_film,2250,5250,validation,pooled,2.756991740885294,0.625,0.625,4,23
m_lora,0,3000,train,BNCI2014_001,6.558682372766299e-06,1.0,1.0,4,23
m_lora,0,3000,train,pooled,6.558682372766299e-06,1.0,1.0,4,23
m_lora,0,3000,validation,BNCI2014_001,2.466671440336439,0.625,0.625,4,23
m_lora,0,3000,validation,pooled,2.466671440336439,0.625,0.625,4,23
m_lora,250,3250,train,BNCI2014_001,0.0062115316482162,0.9970238095238094,0.9970238095238094,4,23
m_lora,250,3250,train,pooled,0.0062115316482162,0.9970238095238094,0.9970238095238094,4,23
m_lora,250,3250,validation,BNCI2014_001,3.5898331536187067,0.5972222222222222,0.5972222222222222,4,23
m_lora,250,3250,validation,pooled,3.5898331536187067,0.5972222222222222,0.5972222222222222,4,23
m_lora,500,3500,train,BNCI2014_001,1.4924776340623996e-05,1.0,1.0,4,23
m_lora,500,3500,train,pooled,1.4924776340623996e-05,1.0,1.0,4,23
m_lora,500,3500,validation,BNCI2014_001,3.2215244505140515,0.5555555555555556,0.5555555555555556,4,23
m_lora,500,3500,validation,pooled,3.2215244505140515,0.5555555555555556,0.5555555555555556,4,23
m_lora,750,3750,train,BNCI2014_001,8.18766095436432e-06,1.0,1.0,4,23
m_lora,750,3750,train,pooled,8.18766095436432e-06,1.0,1.0,4,23
m_lora,750,3750,validation,BNCI2014_001,3.329313668939802,0.5694444444444444,0.5694444444444444,4,23
m_lora,750,3750,validation,pooled,3.329313668939802,0.5694444444444444,0.5694444444444444,4,23
m_lora,1000,4000,train,BNCI2014_001,5.765631445658275e-06,1.0,1.0,4,23
m_lora,1000,4000,train,pooled,5.765631445658275e-06,1.0,1.0,4,23
m_lora,1000,4000,validation,BNCI2014_001,3.3736599153942533,0.5555555555555556,0.5555555555555556,4,23
m_lora,1000,4000,validation,pooled,3.3736599153942533,0.5555555555555556,0.5555555555555556,4,23
m_lora,1250,4250,train,BNCI2014_001,4.420231896852379e-06,1.0,1.0,4,23
m_lora,1250,4250,train,pooled,4.420231896852379e-06,1.0,1.0,4,23
m_lora,1250,4250,validation,BNCI2014_001,3.4005312588479786,0.5555555555555556,0.5555555555555556,4,23
m_lora,1250,4250,validation,pooled,3.4005312588479786,0.5555555555555556,0.5555555555555556,4,23
m_lora,1500,4500,train,BNCI2014_001,3.638781479475299e-06,1.0,1.0,4,23
m_lora,1500,4500,train,pooled,3.638781479475299e-06,1.0,1.0,4,23
m_lora,1500,4500,validation,BNCI2014_001,3.4180222749710083,0.5555555555555556,0.5555555555555556,4,23
m_lora,1500,4500,validation,pooled,3.4180222749710083,0.5555555555555556,0.5555555555555556,4,23
m_lora,1750,4750,train,BNCI2014_001,3.024661929257057e-06,1.0,1.0,4,23
m_lora,1750,4750,train,pooled,3.024661929257057e-06,1.0,1.0,4,23
m_lora,1750,4750,validation,BNCI2014_001,3.4338508513238697,0.5694444444444444,0.5694444444444444,4,23
m_lora,1750,4750,validation,pooled,3.4338508513238697,0.5694444444444444,0.5694444444444444,4,23
m_lora,2000,5000,train,BNCI2014_001,2.5665220900485847e-06,1.0,1.0,4,23
m_lora,2000,5000,train,pooled,2.5665220900485847e-06,1.0,1.0,4,23
m_lora,2000,5000,validation,BNCI2014_001,3.461940738889906,0.5833333333333334,0.5833333333333334,4,23
m_lora,2000,5000,validation,pooled,3.461940738889906,0.5833333333333334,0.5833333333333334,4,23
m_film,0,3000,train,BNCI2014_001,5.113754133119419e-06,1.0,1.0,4,37
m_film,0,3000,train,pooled,5.113754133119419e-06,1.0,1.0,4,37
m_film,0,3000,validation,BNCI2014_001,2.007190600865417,0.6666666666666666,0.6666666666666667,4,37
m_film,0,3000,validation,pooled,2.007190600865417,0.6666666666666666,0.6666666666666667,4,37
m_film,250,3250,train,BNCI2014_001,0.0018533707793221,0.9990079365079364,0.9990079365079364,4,37
m_film,250,3250,train,pooled,0.0018533707793221,0.9990079365079364,0.9990079365079364,4,37
m_film,250,3250,validation,BNCI2014_001,2.973130116860072,0.5833333333333334,0.5833333333333333,4,37
m_film,250,3250,validation,pooled,2.973130116860072,0.5833333333333334,0.5833333333333333,4,37
m_film,500,3500,train,BNCI2014_001,0.0055330341586463,0.9970238095238094,0.9970238095238094,4,37
m_film,500,3500,train,pooled,0.0055330341586463,0.9970238095238094,0.9970238095238094,4,37
m_film,500,3500,validation,BNCI2014_001,2.4653533266650305,0.6111111111111112,0.6111111111111112,4,37
m_film,500,3500,validation,pooled,2.4653533266650305,0.6111111111111112,0.6111111111111112,4,37
m_film,750,3750,train,BNCI2014_001,0.0081330270596022,0.9970238095238094,0.9970238095238094,4,37
m_film,750,3750,train,pooled,0.0081330270596022,0.9970238095238094,0.9970238095238094,4,37
m_film,750,3750,validation,BNCI2014_001,3.8153328365749775,0.5555555555555556,0.5555555555555556,4,37
m_film,750,3750,validation,pooled,3.8153328365749775,0.5555555555555556,0.5555555555555556,4,37
m_film,1000,4000,train,BNCI2014_001,0.0648803843183804,0.9801587301587302,0.9801587301587302,4,37
m_film,1000,4000,train,pooled,0.0648803843183804,0.9801587301587302,0.9801587301587302,4,37
m_film,1000,4000,validation,BNCI2014_001,3.252425299750434,0.5555555555555556,0.5555555555555556,4,37
m_film,1000,4000,validation,pooled,3.252425299750434,0.5555555555555556,0.5555555555555556,4,37
m_film,1250,4250,train,BNCI2014_001,0.0005833976222525,1.0,1.0,4,37
m_film,1250,4250,train,pooled,0.0005833976222525,1.0,1.0,4,37
m_film,1250,4250,validation,BNCI2014_001,3.8329031931029434,0.6527777777777778,0.6527777777777778,4,37
m_film,1250,4250,validation,pooled,3.8329031931029434,0.6527777777777778,0.6527777777777778,4,37
m_film,1500,4500,train,BNCI2014_001,1.1975027453669015e-06,1.0,1.0,4,37
m_film,1500,4500,train,pooled,1.1975027453669015e-06,1.0,1.0,4,37
m_film,1500,4500,validation,BNCI2014_001,3.4250292248196077,0.6805555555555556,0.6805555555555556,4,37
m_film,1500,4500,validation,pooled,3.4250292248196077,0.6805555555555556,0.6805555555555556,4,37
m_film,1750,4750,train,BNCI2014_001,9.729343075320124e-07,1.0,1.0,4,37
m_film,1750,4750,train,pooled,9.729343075320124e-07,1.0,1.0,4,37
m_film,1750,4750,validation,BNCI2014_001,3.3985442188051014,0.6805555555555556,0.6805555555555556,4,37
m_film,1750,4750,validation,pooled,3.3985442188051014,0.6805555555555556,0.6805555555555556,4,37
m_film,2000,5000,train,BNCI2014_001,8.391844619627334e-07,1.0,1.0,4,37
m_film,2000,5000,train,pooled,8.391844619627334e-07,1.0,1.0,4,37
m_film,2000,5000,validation,BNCI2014_001,3.382087296909756,0.6805555555555556,0.6805555555555556,4,37
m_film,2000,5000,validation,pooled,3.382087296909756,0.6805555555555556,0.6805555555555556,4,37
m_lora,0,3000,train,BNCI2014_001,0.0723923724646248,0.9841269841269842,0.9841269841269842,4,37
m_lora,0,3000,train,pooled,0.0723923724646248,0.9841269841269842,0.9841269841269842,4,37
m_lora,0,3000,validation,BNCI2014_001,2.509793606069353,0.625,0.625,4,37
m_lora,0,3000,validation,pooled,2.509793606069353,0.625,0.625,4,37
m_lora,250,3250,train,BNCI2014_001,0.1529954090206528,0.9732142857142856,0.9732142857142856,4,37
m_lora,250,3250,train,pooled,0.1529954090206528,0.9732142857142856,0.9732142857142856,4,37
m_lora,250,3250,validation,BNCI2014_001,3.100002961440219,0.625,0.625,4,37
m_lora,250,3250,validation,pooled,3.100002961440219,0.625,0.625,4,37
m_lora,500,3500,train,BNCI2014_001,0.1072921860631851,0.984126984126984,0.984126984126984,4,37
m_lora,500,3500,train,pooled,0.1072921860631851,0.984126984126984,0.984126984126984,4,37
m_lora,500,3500,validation,BNCI2014_001,1.9530079629686143,0.6944444444444444,0.6944444444444444,4,37
m_lora,500,3500,validation,pooled,1.9530079629686143,0.6944444444444444,0.6944444444444444,4,37
m_lora,750,3750,train,BNCI2014_001,0.3888622745723498,0.9553571428571428,0.9553571428571428,4,37
m_lora,750,3750,train,pooled,0.3888622745723498,0.9553571428571428,0.9553571428571428,4,37
m_lora,750,3750,validation,BNCI2014_001,3.2847441302405462,0.6527777777777778,0.6527777777777778,4,37
m_lora,750,3750,validation,pooled,3.2847441302405462,0.6527777777777778,0.6527777777777778,4,37
m_lora,1000,4000,train,BNCI2014_001,0.2813209539000661,0.9603174603174603,0.9603174603174603,4,37
m_lora,1000,4000,train,pooled,0.2813209539000661,0.9603174603174603,0.9603174603174603,4,37
m_lora,1000,4000,validation,BNCI2014_001,4.593877007563909,0.625,0.625,4,37
m_lora,1000,4000,validation,pooled,4.593877007563909,0.625,0.625,4,37
m_lora,1250,4250,train,BNCI2014_001,0.0786296032022341,0.984126984126984,0.984126984126984,4,37
m_lora,1250,4250,train,pooled,0.0786296032022341,0.984126984126984,0.984126984126984,4,37
m_lora,1250,4250,validation,BNCI2014_001,2.4140387574831643,0.6666666666666666,0.6666666666666667,4,37
m_lora,1250,4250,validation,pooled,2.4140387574831643,0.6666666666666666,0.6666666666666667,4,37
m_lora,1500,4500,train,BNCI2014_001,0.082454541440973,0.9831349206349208,0.9831349206349208,4,37
m_lora,1500,4500,train,pooled,0.082454541440973,0.9831349206349208,0.9831349206349208,4,37
m_lora,1500,4500,validation,BNCI2014_001,3.5073536237080893,0.5833333333333334,0.5833333333333334,4,37
m_lora,1500,4500,validation,pooled,3.5073536237080893,0.5833333333333334,0.5833333333333334,4,37
m_lora,1750,4750,train,BNCI2014_001,0.1577891477350597,0.9851190476190476,0.9851190476190476,4,37
m_lora,1750,4750,train,pooled,0.1577891477350597,0.9851190476190476,0.9851190476190476,4,37
m_lora,1750,4750,validation,BNCI2014_001,4.271320005257924,0.5694444444444444,0.5694444444444444,4,37
m_lora,1750,4750,validation,pooled,4.271320005257924,0.5694444444444444,0.5694444444444444,4,37
m_lora,2000,5000,train,BNCI2014_001,0.0394080860272108,0.9910714285714286,0.9910714285714286,4,37
m_lora,2000,5000,train,pooled,0.0394080860272108,0.9910714285714286,0.9910714285714286,4,37
m_lora,2000,5000,validation,BNCI2014_001,4.205156968699561,0.5138888888888888,0.5138888888888888,4,37
m_lora,2000,5000,validation,pooled,4.205156968699561,0.5138888888888888,0.5138888888888888,4,37
m_lora,2250,5250,train,BNCI2014_001,0.0100488243878466,0.9950396825396826,0.9950396825396826,4,37
m_lora,2250,5250,train,pooled,0.0100488243878466,0.9950396825396826,0.9950396825396826,4,37
m_lora,2250,5250,validation,BNCI2014_001,3.785865823427836,0.5138888888888888,0.5138888888888888,4,37
m_lora,2250,5250,validation,pooled,3.785865823427836,0.5138888888888888,0.5138888888888888,4,37
m_lora,2500,5500,train,BNCI2014_001,0.0235798494516548,0.9930555555555556,0.9930555555555556,4,37
m_lora,2500,5500,train,pooled,0.0235798494516548,0.9930555555555556,0.9930555555555556,4,37
m_lora,2500,5500,validation,BNCI2014_001,2.9061822063393064,0.5972222222222222,0.5972222222222222,4,37
m_lora,2500,5500,validation,pooled,2.9061822063393064,0.5972222222222222,0.5972222222222222,4,37
m_film,0,3000,train,BNCI2014_001,0.0469401378247153,0.9890873015873016,0.9890873015873016,4,53
m_film,0,3000,train,pooled,0.0469401378247153,0.9890873015873016,0.9890873015873016,4,53
m_film,0,3000,validation,BNCI2014_001,2.6390606429841785,0.6111111111111112,0.6111111111111112,4,53
m_film,0,3000,validation,pooled,2.6390606429841785,0.6111111111111112,0.6111111111111112,4,53
m_film,250,3250,train,BNCI2014_001,0.0274653461762234,0.9900793650793652,0.9900793650793652,4,53
m_film,250,3250,train,pooled,0.0274653461762234,0.9900793650793652,0.9900793650793652,4,53
m_film,250,3250,validation,BNCI2014_001,1.9271093871858385,0.625,0.625,4,53
m_film,250,3250,validation,pooled,1.9271093871858385,0.625,0.625,4,53
m_film,500,3500,train,BNCI2014_001,0.0554647361218305,0.9871031746031746,0.9871031746031746,4,53
m_film,500,3500,train,pooled,0.0554647361218305,0.9871031746031746,0.9871031746031746,4,53
m_film,500,3500,validation,BNCI2014_001,4.048465900950962,0.5972222222222222,0.5972222222222222,4,53
m_film,500,3500,validation,pooled,4.048465900950962,0.5972222222222222,0.5972222222222222,4,53
m_film,750,3750,train,BNCI2014_001,0.0721363944224047,0.9811507936507936,0.9811507936507936,4,53
m_film,750,3750,train,pooled,0.0721363944224047,0.9811507936507936,0.9811507936507936,4,53
m_film,750,3750,validation,BNCI2014_001,3.286232180065579,0.6527777777777778,0.6527777777777778,4,53
m_film,750,3750,validation,pooled,3.286232180065579,0.6527777777777778,0.6527777777777778,4,53
m_film,1000,4000,train,BNCI2014_001,0.060958401600703,0.9841269841269842,0.9841269841269842,4,53
m_film,1000,4000,train,pooled,0.060958401600703,0.9841269841269842,0.9841269841269842,4,53
m_film,1000,4000,validation,BNCI2014_001,2.7333363162146678,0.6527777777777778,0.6527777777777778,4,53
m_film,1000,4000,validation,pooled,2.7333363162146678,0.6527777777777778,0.6527777777777778,4,53
m_film,1250,4250,train,BNCI2014_001,0.1145772756596223,0.978174603174603,0.978174603174603,4,53
m_film,1250,4250,train,pooled,0.1145772756596223,0.978174603174603,0.978174603174603,4,53
m_film,1250,4250,validation,BNCI2014_001,2.415825386842092,0.6805555555555556,0.6805555555555556,4,53
m_film,1250,4250,validation,pooled,2.415825386842092,0.6805555555555556,0.6805555555555556,4,53
m_film,1500,4500,train,BNCI2014_001,0.0251676482391453,0.9940476190476192,0.9940476190476192,4,53
m_film,1500,4500,train,pooled,0.0251676482391453,0.9940476190476192,0.9940476190476192,4,53
m_film,1500,4500,validation,BNCI2014_001,3.015929182370504,0.5972222222222222,0.5972222222222222,4,53
m_film,1500,4500,validation,pooled,3.015929182370504,0.5972222222222222,0.5972222222222222,4,53
m_film,1750,4750,train,BNCI2014_001,0.0159828003716498,0.994047619047619,0.994047619047619,4,53
m_film,1750,4750,train,pooled,0.0159828003716498,0.994047619047619,0.994047619047619,4,53
m_film,1750,4750,validation,BNCI2014_001,2.727422383096483,0.6388888888888888,0.6388888888888888,4,53
m_film,1750,4750,validation,pooled,2.727422383096483,0.6388888888888888,0.6388888888888888,4,53
m_film,2000,5000,train,BNCI2014_001,0.0184476613820824,0.9940476190476188,0.9940476190476188,4,53
m_film,2000,5000,train,pooled,0.0184476613820824,0.9940476190476188,0.9940476190476188,4,53
m_film,2000,5000,validation,BNCI2014_001,4.248124308056301,0.625,0.625,4,53
m_film,2000,5000,validation,pooled,4.248124308056301,0.625,0.625,4,53
m_film,2250,5250,train,BNCI2014_001,0.058769173882314,0.9871031746031744,0.9871031746031744,4,53
m_film,2250,5250,train,pooled,0.058769173882314,0.9871031746031744,0.9871031746031744,4,53
m_film,2250,5250,validation,BNCI2014_001,3.841162416670057,0.5694444444444444,0.5694444444444444,4,53
m_film,2250,5250,validation,pooled,3.841162416670057,0.5694444444444444,0.5694444444444444,4,53
m_lora,0,3000,train,BNCI2014_001,6.550058285953012e-06,1.0,1.0,4,53
m_lora,0,3000,train,pooled,6.550058285953012e-06,1.0,1.0,4,53
m_lora,0,3000,validation,BNCI2014_001,2.7305790964100094,0.5833333333333334,0.5833333333333333,4,53
m_lora,0,3000,validation,pooled,2.7305790964100094,0.5833333333333334,0.5833333333333333,4,53
m_lora,250,3250,train,BNCI2014_001,0.0102594338382252,0.9970238095238094,0.9970238095238094,4,53
m_lora,250,3250,train,pooled,0.0102594338382252,0.9970238095238094,0.9970238095238094,4,53
m_lora,250,3250,validation,BNCI2014_001,4.033861488103867,0.5555555555555556,0.5555555555555556,4,53
m_lora,250,3250,validation,pooled,4.033861488103867,0.5555555555555556,0.5555555555555556,4,53
m_lora,500,3500,train,BNCI2014_001,0.0009275227141893,1.0,1.0,4,53
m_lora,500,3500,train,pooled,0.0009275227141893,1.0,1.0,4,53
m_lora,500,3500,validation,BNCI2014_001,4.222545703252156,0.5555555555555556,0.5555555555555556,4,53
m_lora,500,3500,validation,pooled,4.222545703252156,0.5555555555555556,0.5555555555555556,4,53
m_lora,750,3750,train,BNCI2014_001,6.800972987377017e-05,1.0,1.0,4,53
m_lora,750,3750,train,pooled,6.800972987377017e-05,1.0,1.0,4,53
m_lora,750,3750,validation,BNCI2014_001,3.946271710925632,0.5972222222222222,0.5972222222222222,4,53
m_lora,750,3750,validation,pooled,3.946271710925632,0.5972222222222222,0.5972222222222222,4,53
m_lora,1000,4000,train,BNCI2014_001,0.0319043609084827,0.9930555555555556,0.9930555555555556,4,53
m_lora,1000,4000,train,pooled,0.0319043609084827,0.9930555555555556,0.9930555555555556,4,53
m_lora,1000,4000,validation,BNCI2014_001,5.384644388557515,0.5416666666666666,0.5416666666666666,4,53
m_lora,1000,4000,validation,pooled,5.384644388557515,0.5416666666666666,0.5416666666666666,4,53
m_lora,1250,4250,train,BNCI2014_001,0.0005350561127703,1.0,1.0,4,53
m_lora,1250,4250,train,pooled,0.0005350561127703,1.0,1.0,4,53
m_lora,1250,4250,validation,BNCI2014_001,3.731433974372016,0.6111111111111112,0.6111111111111112,4,53
m_lora,1250,4250,validation,pooled,3.731433974372016,0.6111111111111112,0.6111111111111112,4,53
m_lora,1500,4500,train,BNCI2014_001,1.1183843603593651e-06,1.0,1.0,4,53
m_lora,1500,4500,train,pooled,1.1183843603593651e-06,1.0,1.0,4,53
m_lora,1500,4500,validation,BNCI2014_001,3.642087406582303,0.5972222222222222,0.5972222222222222,4,53
m_lora,1500,4500,validation,pooled,3.642087406582303,0.5972222222222222,0.5972222222222222,4,53
m_lora,1750,4750,train,BNCI2014_001,8.306685180409135e-07,1.0,1.0,4,53
m_lora,1750,4750,train,pooled,8.306685180409135e-07,1.0,1.0,4,53
m_lora,1750,4750,validation,BNCI2014_001,3.63039959801568,0.5972222222222222,0.5972222222222222,4,53
m_lora,1750,4750,validation,pooled,3.63039959801568,0.5972222222222222,0.5972222222222222,4,53
m_lora,2000,5000,train,BNCI2014_001,7.145383295700582e-07,1.0,1.0,4,53
m_lora,2000,5000,train,pooled,7.145383295700582e-07,1.0,1.0,4,53
m_lora,2000,5000,validation,BNCI2014_001,3.623106691572401,0.5972222222222222,0.5972222222222222,4,53
m_lora,2000,5000,validation,pooled,3.623106691572401,0.5972222222222222,0.5972222222222222,4,53
m_film,0,3000,train,BNCI2014_001,1.6802474062517702e-05,1.0,1.0,4,71
m_film,0,3000,train,pooled,1.6802474062517702e-05,1.0,1.0,4,71
m_film,0,3000,validation,BNCI2014_001,1.8215322324799168,0.6388888888888888,0.638888888888889,4,71
m_film,0,3000,validation,pooled,1.8215322324799168,0.6388888888888888,0.638888888888889,4,71
m_film,250,3250,train,BNCI2014_001,6.54302604729425e-05,1.0,1.0,4,71
m_film,250,3250,train,pooled,6.54302604729425e-05,1.0,1.0,4,71
m_film,250,3250,validation,BNCI2014_001,2.162262983620167,0.5972222222222222,0.5972222222222222,4,71
m_film,250,3250,validation,pooled,2.162262983620167,0.5972222222222222,0.5972222222222222,4,71
m_film,500,3500,train,BNCI2014_001,2.8513809295887656e-05,1.0,1.0,4,71
m_film,500,3500,train,pooled,2.8513809295887656e-05,1.0,1.0,4,71
m_film,500,3500,validation,BNCI2014_001,2.2244363222271204,0.5972222222222222,0.5972222222222222,4,71
m_film,500,3500,validation,pooled,2.2244363222271204,0.5972222222222222,0.5972222222222222,4,71
m_film,750,3750,train,BNCI2014_001,2.4322184175154747e-05,1.0,1.0,4,71
m_film,750,3750,train,pooled,2.4322184175154747e-05,1.0,1.0,4,71
m_film,750,3750,validation,BNCI2014_001,2.1891139657754035,0.625,0.625,4,71
m_film,750,3750,validation,pooled,2.1891139657754035,0.625,0.625,4,71
m_film,1000,4000,train,BNCI2014_001,1.3791425772069488e-05,1.0,1.0,4,71
m_film,1000,4000,train,pooled,1.3791425772069488e-05,1.0,1.0,4,71
m_film,1000,4000,validation,BNCI2014_001,2.2420478930903807,0.625,0.625,4,71
m_film,1000,4000,validation,pooled,2.2420478930903807,0.625,0.625,4,71
m_film,1250,4250,train,BNCI2014_001,9.947028559956435e-06,1.0,1.0,4,71
m_film,1250,4250,train,pooled,9.947028559956435e-06,1.0,1.0,4,71
m_film,1250,4250,validation,BNCI2014_001,2.2948391657943525,0.6111111111111112,0.6111111111111112,4,71
m_film,1250,4250,validation,pooled,2.2948391657943525,0.6111111111111112,0.6111111111111112,4,71
m_film,1500,4500,train,BNCI2014_001,0.0001110416687662,1.0,1.0,4,71
m_film,1500,4500,train,pooled,0.0001110416687662,1.0,1.0,4,71
m_film,1500,4500,validation,BNCI2014_001,2.345993014414691,0.625,0.625,4,71
m_film,1500,4500,validation,pooled,2.345993014414691,0.625,0.625,4,71
m_film,1750,4750,train,BNCI2014_001,0.0152812304350802,0.9930555555555556,0.9930555555555556,4,71
m_film,1750,4750,train,pooled,0.0152812304350802,0.9930555555555556,0.9930555555555556,4,71
m_film,1750,4750,validation,BNCI2014_001,2.659355668558015,0.5555555555555556,0.5555555555555556,4,71
m_film,1750,4750,validation,pooled,2.659355668558015,0.5555555555555556,0.5555555555555556,4,71
m_film,2000,5000,train,BNCI2014_001,0.000145411943293,1.0,1.0,4,71
m_film,2000,5000,train,pooled,0.000145411943293,1.0,1.0,4,71
m_film,2000,5000,validation,BNCI2014_001,2.602962773707178,0.6527777777777778,0.6527777777777778,4,71
m_film,2000,5000,validation,pooled,2.602962773707178,0.6527777777777778,0.6527777777777778,4,71
m_lora,0,3000,train,BNCI2014_001,4.777418274400026e-06,1.0,1.0,4,71
m_lora,0,3000,train,pooled,4.777418274400026e-06,1.0,1.0,4,71
m_lora,0,3000,validation,BNCI2014_001,2.960228966342078,0.5694444444444444,0.5694444444444444,4,71
m_lora,0,3000,validation,pooled,2.960228966342078,0.5694444444444444,0.5694444444444444,4,71
m_lora,250,3250,train,BNCI2014_001,0.0065996207332455,0.9990079365079364,0.9990079365079364,4,71
m_lora,250,3250,train,pooled,0.0065996207332455,0.9990079365079364,0.9990079365079364,4,71
m_lora,250,3250,validation,BNCI2014_001,5.149199273851183,0.4722222222222222,0.4722222222222222,4,71
m_lora,250,3250,validation,pooled,5.149199273851183,0.4722222222222222,0.4722222222222222,4,71
m_lora,500,3500,train,BNCI2014_001,0.0723585287600296,0.9940476190476192,0.9940476190476192,4,71
m_lora,500,3500,train,pooled,0.0723585287600296,0.9940476190476192,0.9940476190476192,4,71
m_lora,500,3500,validation,BNCI2014_001,4.990572065114975,0.5555555555555556,0.5555555555555556,4,71
m_lora,500,3500,validation,pooled,4.990572065114975,0.5555555555555556,0.5555555555555556,4,71
m_lora,750,3750,train,BNCI2014_001,0.0230701417989759,0.9930555555555556,0.9930555555555556,4,71
m_lora,750,3750,train,pooled,0.0230701417989759,0.9930555555555556,0.9930555555555556,4,71
m_lora,750,3750,validation,BNCI2014_001,7.171707961294386,0.5277777777777778,0.5277777777777778,4,71
m_lora,750,3750,validation,pooled,7.171707961294386,0.5277777777777778,0.5277777777777778,4,71
m_lora,1000,4000,train,BNCI2014_001,0.0053727262649541,0.9990079365079364,0.9990079365079364,4,71
m_lora,1000,4000,train,pooled,0.0053727262649541,0.9990079365079364,0.9990079365079364,4,71
m_lora,1000,4000,validation,BNCI2014_001,5.286972251203325,0.5277777777777778,0.5277777777777778,4,71
m_lora,1000,4000,validation,pooled,5.286972251203325,0.5277777777777778,0.5277777777777778,4,71
m_lora,1250,4250,train,BNCI2014_001,0.0047148874011736,0.9990079365079364,0.9990079365079364,4,71
m_lora,1250,4250,train,pooled,0.0047148874011736,0.9990079365079364,0.9990079365079364,4,71
m_lora,1250,4250,validation,BNCI2014_001,6.161306805080837,0.5833333333333334,0.5833333333333334,4,71
m_lora,1250,4250,validation,pooled,6.161306805080837,0.5833333333333334,0.5833333333333334,4,71
m_lora,1500,4500,train,BNCI2014_001,1.8540184052134075e-06,1.0,1.0,4,71
m_lora,1500,4500,train,pooled,1.8540184052134075e-06,1.0,1.0,4,71
m_lora,1500,4500,validation,BNCI2014_001,4.915971000989278,0.5833333333333334,0.5833333333333334,4,71
m_lora,1500,4500,validation,pooled,4.915971000989278,0.5833333333333334,0.5833333333333334,4,71
m_lora,1750,4750,train,BNCI2014_001,1.2633663104026702e-06,1.0,1.0,4,71
m_lora,1750,4750,train,pooled,1.2633663104026702e-06,1.0,1.0,4,71
m_lora,1750,4750,validation,BNCI2014_001,4.898639255099827,0.5972222222222222,0.5972222222222222,4,71
m_lora,1750,4750,validation,pooled,4.898639255099827,0.5972222222222222,0.5972222222222222,4,71
m_lora,2000,5000,train,BNCI2014_001,1.079827437188381e-06,1.0,1.0,4,71
m_lora,2000,5000,train,pooled,1.079827437188381e-06,1.0,1.0,4,71
m_lora,2000,5000,validation,BNCI2014_001,4.892628735966152,0.5972222222222222,0.5972222222222222,4,71
m_lora,2000,5000,validation,pooled,4.892628735966152,0.5972222222222222,0.5972222222222222,4,71
