variant,dataset,subject,b3_ba,own_ba,swap_ba,upper_bound,own_gain,swap_gain,start
film_offset,Cho2017,1,0.5820000000000001,0.658,0.5676,0.0903999999999999,0.0759999999999999,-0.0143999999999999,B3
film_offset,Cho2017,2,0.5,0.49,0.5071999999999999,-0.0171999999999999,-0.01,0.0071999999999999,B3
film_offset,Cho2017,3,0.5700000000000001,0.736,0.5942000000000001,0.1418,0.166,0.0241999999999999,B3
film_offset,Cho2017,4,0.588,0.7,0.6411999999999999,0.0587999999999999,0.1119999999999999,0.0531999999999999,B3
film_offset,Cho2017,5,0.996,0.99,0.92,0.0699999999999999,-0.006,-0.0759999999999999,B3
film_offset,Cho2017,6,0.8160000000000001,0.842,0.772,0.07,0.0259999999999999,-0.044,B3
film_offset,Cho2017,7,0.475,0.5083333333333333,0.5081666666666667,0.0001666666666666,0.0333333333333333,0.0331666666666666,B3
film_offset,Cho2017,8,0.544,0.516,0.5124,0.0036,-0.0279999999999999,-0.0315999999999999,B3
film_offset,Cho2017,9,0.495,0.5933333333333334,0.5413333333333333,0.0519999999999999,0.0983333333333333,0.0463333333333332,B3
film_offset,Cho2017,10,0.528,0.5780000000000001,0.5353999999999999,0.0426,0.0499999999999999,0.0073999999999999,B3
film_offset,Cho2017,11,0.5660000000000001,0.526,0.5412000000000001,-0.0152,-0.04,-0.0247999999999999,B3
film_offset,Cho2017,12,0.4639999999999999,0.5940000000000001,0.4462,0.1478,0.13,-0.0178,B3
film_offset,Cho2017,13,0.608,0.93,0.6668,0.2632,0.3219999999999999,0.0587999999999999,B3
film_offset,Cho2017,14,0.63,0.8560000000000001,0.6148,0.2412,0.2259999999999999,-0.0152,B3
film_offset,Cho2017,15,0.512,0.55,0.507,0.0429999999999999,0.0379999999999999,-0.0049999999999999,B3
film_offset,Cho2017,16,0.5740000000000001,0.5640000000000001,0.5508,0.0131999999999999,-0.01,-0.0231999999999999,B3
film_offset,Cho2017,17,0.496,0.542,0.5292000000000001,0.0127999999999999,0.0459999999999999,0.0332,B3
film_offset,Cho2017,18,0.548,0.618,0.557,0.061,0.0699999999999999,0.0089999999999999,B3
film_offset,Cho2017,19,0.496,0.526,0.5176000000000001,0.0084,0.0299999999999999,0.0215999999999999,B3
film_offset,Cho2017,20,0.5740000000000001,0.6,0.5742,0.0257999999999999,0.026,0.0002,B3
film_offset,Cho2017,21,0.52,0.6,0.55,0.05,0.0799999999999999,0.0299999999999999,B3
film_offset,Cho2017,22,0.5660000000000001,0.526,0.5317999999999999,-0.0057999999999999,-0.0399999999999999,-0.0341999999999999,B3
film_offset,Cho2017,23,0.508,0.516,0.5032,0.0128,0.0079999999999999,-0.0048,B3
film_offset,Cho2017,24,0.492,0.544,0.5168,0.0271999999999999,0.052,0.0248,B3
film_offset,Cho2017,25,0.526,0.512,0.5312,-0.0192,-0.014,0.0051999999999999,B3
film_offset,Cho2017,26,0.988,0.998,0.9584,0.0395999999999999,0.01,-0.0295999999999999,B3
film_offset,Cho2017,27,0.5,0.526,0.5187999999999999,0.0071999999999999,0.0259999999999999,0.0187999999999999,B3
film_offset,Cho2017,28,0.514,0.7939999999999999,0.5471999999999999,0.2467999999999999,0.2799999999999999,0.0331999999999999,B3
film_offset,Cho2017,29,0.448,0.51,0.4603999999999999,0.0495999999999999,0.062,0.0123999999999999,B3
film_offset,Cho2017,30,0.5439999999999999,0.622,0.586,0.0359999999999999,0.0779999999999999,0.0419999999999999,B3
film_offset,Cho2017,31,0.526,0.604,0.531,0.0729999999999999,0.0779999999999999,0.005,B3
film_offset,Cho2017,32,0.512,0.506,0.5157999999999999,-0.0097999999999999,-0.0059999999999999,0.0037999999999999,B3
film_offset,Cho2017,33,0.506,0.52,0.5122,0.0078,0.0139999999999999,0.0061999999999999,B3
film_offset,Cho2017,34,0.536,0.552,0.5338,0.0182,0.016,-0.0022,B3
film_offset,Cho2017,35,0.448,0.8220000000000001,0.5454000000000001,0.2766,0.374,0.0973999999999999,B3
film_offset,Cho2017,36,0.5,0.556,0.5382,0.0177999999999999,0.0559999999999999,0.0381999999999999,B3
film_offset,Cho2017,37,0.852,0.876,0.85,0.026,0.0239999999999999,-0.0020000000000001,B3
film_offset,Cho2017,38,0.536,0.544,0.5156000000000001,0.0283999999999999,0.008,-0.0203999999999999,B3
film_offset,Cho2017,39,0.506,0.536,0.5128,0.0232,0.03,0.0068,B3
film_offset,Cho2017,40,0.488,0.4639999999999999,0.4835999999999999,-0.0195999999999999,-0.0239999999999999,-0.0044,B3
film_offset,Cho2017,41,0.512,0.5820000000000001,0.5352,0.0467999999999999,0.0699999999999999,0.0231999999999999,B3
film_offset,Cho2017,42,0.538,0.52,0.5105999999999999,0.0094,-0.018,-0.0274,B3
film_offset,Cho2017,43,0.998,0.998,0.979,0.0189999999999999,0.0,-0.0189999999999999,B3
film_offset,Cho2017,44,0.902,0.958,0.8556000000000001,0.1023999999999999,0.0559999999999999,-0.0463999999999998,B3
film_offset,Cho2017,45,0.524,0.514,0.5267999999999999,-0.0127999999999999,-0.0099999999999999,0.0027999999999999,B3
film_offset,Cho2017,46,0.5433333333333333,0.55,0.5305,0.0194999999999999,0.0066666666666666,-0.0128333333333332,B3
film_offset,Cho2017,47,0.702,0.8879999999999999,0.7448,0.1431999999999999,0.1859999999999999,0.0427999999999999,B3
film_offset,Cho2017,48,0.58,0.6180000000000001,0.5758,0.0422,0.038,-0.0042,B3
film_offset,Cho2017,49,0.942,1.0,0.8635999999999999,0.1364,0.0579999999999999,-0.0784,B3
film_offset,Cho2017,50,0.8140000000000001,1.0,0.7634,0.2366,0.186,-0.0506,B3
film_offset,Cho2017,51,0.6140000000000001,0.5599999999999999,0.5424,0.0175999999999999,-0.054,-0.0716,B3
film_offset,Cho2017,52,0.55,0.5860000000000001,0.5494,0.0365999999999999,0.036,-0.0005999999999999,B3
film_offset,Dreyer2023,1,0.8533333333333333,0.86,0.8095000000000001,0.0504999999999998,0.0066666666666666,-0.0438333333333332,B3
film_offset,Dreyer2023,2,0.5983333333333334,0.615,0.6013333333333333,0.0136666666666666,0.0166666666666666,0.0029999999999999,B3
film_offset,Dreyer2023,3,0.7816666666666667,0.7916666666666667,0.7515000000000001,0.0401666666666666,0.0099999999999999,-0.0301666666666666,B3
film_offset,Dreyer2023,5,0.8,0.8066666666666666,0.7736666666666667,0.0329999999999999,0.0066666666666666,-0.0263333333333332,B3
film_offset,Dreyer2023,6,0.7433333333333334,0.7616666666666667,0.716,0.0456666666666666,0.0183333333333333,-0.0273333333333333,B3
film_offset,Dreyer2023,7,0.94,0.945,0.884,0.061,0.0049999999999999,-0.056,B3
film_offset,Dreyer2023,8,0.7616666666666667,0.7833333333333333,0.7448333333333335,0.0384999999999999,0.0216666666666666,-0.0168333333333332,B3
film_offset,Dreyer2023,10,0.825,0.8566666666666667,0.7836666666666667,0.0729999999999999,0.0316666666666666,-0.0413333333333332,B3
film_offset,Dreyer2023,11,0.6050000000000001,0.6833333333333333,0.5911666666666666,0.0921666666666666,0.0783333333333332,-0.0138333333333333,B3
film_offset,Dreyer2023,12,0.8616666666666667,0.8699999999999999,0.7948333333333334,0.0751666666666665,0.0083333333333333,-0.0668333333333332,B3
film_offset,Dreyer2023,13,0.7016666666666667,0.7233333333333334,0.6901666666666667,0.0331666666666666,0.0216666666666666,-0.0114999999999999,B3
film_offset,Dreyer2023,14,0.6466666666666667,0.7066666666666667,0.6401666666666668,0.0664999999999999,0.0599999999999999,-0.0064999999999999,B3
film_offset,Dreyer2023,15,0.865,0.8983333333333332,0.8558333333333333,0.0424999999999999,0.0333333333333333,-0.0091666666666665,B3
film_offset,Dreyer2023,16,0.8066666666666666,0.8166666666666667,0.761,0.0556666666666666,0.01,-0.0456666666666666,B3
film_offset,Dreyer2023,18,0.845,0.8800000000000001,0.8055,0.0744999999999999,0.0349999999999999,-0.0394999999999999,B3
film_offset,Dreyer2023,19,0.825,0.925,0.8191666666666666,0.1058333333333332,0.0999999999999999,-0.0058333333333333,B3
film_offset,Dreyer2023,20,0.79,0.8433333333333334,0.7785,0.0648333333333332,0.0533333333333333,-0.0115,B3
film_offset,Dreyer2023,21,0.9200000000000002,0.9266666666666667,0.8806666666666667,0.0459999999999999,0.0066666666666666,-0.0393333333333333,B3
film_offset,Dreyer2023,22,0.8566666666666667,0.8816666666666666,0.8085000000000001,0.0731666666666666,0.0249999999999999,-0.0481666666666666,B3
film_offset,Dreyer2023,23,0.7550000000000001,0.7633333333333334,0.7213333333333333,0.0419999999999999,0.0083333333333333,-0.0336666666666666,B3
film_offset,Dreyer2023,24,0.8916666666666666,0.8966666666666665,0.8168333333333333,0.0798333333333332,0.0049999999999999,-0.0748333333333332,B3
film_offset,Dreyer2023,25,0.6050000000000001,0.7,0.6014999999999999,0.0985,0.0949999999999999,-0.0035000000000001,B3
film_offset,Dreyer2023,26,0.6900000000000001,0.745,0.6756666666666666,0.0693333333333332,0.0549999999999999,-0.0143333333333333,B3
film_offset,Dreyer2023,27,0.7333333333333334,0.7833333333333334,0.6986666666666667,0.0846666666666666,0.0499999999999999,-0.0346666666666666,B3
film_offset,Dreyer2023,28,0.705,0.74,0.7501666666666666,-0.0101666666666666,0.0349999999999999,0.0451666666666666,B3
film_offset,Dreyer2023,30,0.7033333333333334,0.6933333333333334,0.6751666666666667,0.0181666666666667,-0.0099999999999999,-0.0281666666666666,B3
film_offset,Dreyer2023,31,0.8033333333333333,0.8300000000000001,0.7626666666666667,0.0673333333333332,0.0266666666666666,-0.0406666666666666,B3
film_offset,Dreyer2023,32,0.765,0.835,0.7246666666666667,0.1103333333333332,0.0699999999999999,-0.0403333333333332,B3
film_offset,Dreyer2023,33,0.6900000000000001,0.72,0.675,0.0449999999999998,0.0299999999999999,-0.0149999999999999,B3
film_offset,Dreyer2023,34,0.79,0.7933333333333333,0.7476666666666667,0.0456666666666665,0.0033333333333332,-0.0423333333333332,B3
film_offset,Dreyer2023,35,0.7416666666666667,0.8116666666666668,0.7065,0.1051666666666665,0.0699999999999999,-0.0351666666666666,B3
film_offset,Dreyer2023,36,0.7133333333333333,0.7283333333333333,0.7105,0.0178333333333333,0.0149999999999999,-0.0028333333333332,B3
film_offset,Dreyer2023,37,0.665,0.705,0.6355000000000001,0.0694999999999999,0.0399999999999999,-0.0294999999999999,B3
film_offset,Dreyer2023,38,0.8066666666666666,0.8566666666666667,0.76,0.0966666666666666,0.0499999999999999,-0.0466666666666666,B3
film_offset,Dreyer2023,39,0.91,0.9366666666666664,0.9015,0.0351666666666666,0.0266666666666666,-0.0085,B3
film_offset,Dreyer2023,40,0.7862068965517242,0.8051724137931033,0.7605172413793104,0.044655172413793,0.0189655172413793,-0.0256896551724137,B3
film_offset,Dreyer2023,42,0.675,0.7266666666666667,0.6263333333333333,0.1003333333333333,0.0516666666666666,-0.0486666666666666,B3
film_offset,Dreyer2023,43,0.8633333333333333,0.8633333333333333,0.8308333333333333,0.0324999999999999,0.0,-0.0324999999999999,B3
film_offset,Dreyer2023,44,0.6533333333333333,0.6266666666666667,0.6156666666666666,0.011,-0.0266666666666666,-0.0376666666666666,B3
film_offset,Dreyer2023,45,0.71,0.7350000000000001,0.7115,0.0235,0.025,0.0014999999999999,B3
film_offset,Dreyer2023,46,0.7,0.675,0.6576666666666666,0.0173333333333332,-0.025,-0.0423333333333333,B3
film_offset,Dreyer2023,47,0.8516666666666666,0.8516666666666666,0.8338333333333333,0.0178333333333333,1.942890293094024e-17,-0.0178333333333333,B3
film_offset,Dreyer2023,48,0.6483333333333333,0.6283333333333333,0.6335000000000001,-0.0051666666666666,-0.0199999999999999,-0.0148333333333333,B3
film_offset,Dreyer2023,49,0.7533333333333333,0.7716666666666667,0.7264999999999999,0.0451666666666667,0.0183333333333333,-0.0268333333333333,B3
film_offset,Dreyer2023,50,0.6016666666666667,0.6333333333333333,0.5991666666666667,0.0341666666666665,0.0316666666666666,-0.0025,B3
film_offset,Dreyer2023,51,0.7483333333333333,0.7716666666666667,0.705,0.0666666666666666,0.0233333333333333,-0.0433333333333333,B3
film_offset,Dreyer2023,52,0.7483333333333333,0.775,0.7221666666666666,0.0528333333333332,0.0266666666666666,-0.0261666666666666,B3
film_offset,Dreyer2023,53,0.7516666666666667,0.7816666666666666,0.7345,0.0471666666666666,0.0299999999999999,-0.0171666666666666,B3
film_offset,Dreyer2023,54,0.7366666666666666,0.74,0.688,0.0519999999999999,0.0033333333333333,-0.0486666666666665,B3
film_offset,Dreyer2023,55,0.8899999999999999,0.9216666666666666,0.8711666666666666,0.0504999999999999,0.0316666666666666,-0.0188333333333332,B3
film_offset,Dreyer2023,56,0.925,0.975,0.8734999999999999,0.1014999999999999,0.0499999999999999,-0.0515,B3
film_offset,Dreyer2023,57,0.6333333333333334,0.6533333333333333,0.6058333333333332,0.0475,0.0199999999999999,-0.0275,B3
film_offset,Dreyer2023,58,0.9016666666666666,0.9016666666666666,0.8716666666666667,0.0299999999999998,-1.942890293094024e-17,-0.0299999999999999,B3
film_offset,Dreyer2023,59,0.7625,0.7525000000000001,0.747,0.0055,-0.0099999999999999,-0.0154999999999999,B3
film_offset,Dreyer2023,60,0.7649999999999999,0.7766666666666666,0.7216666666666666,0.055,0.0116666666666666,-0.0433333333333333,B3
film_offset,Dreyer2023,61,0.8266666666666665,0.8550000000000001,0.778,0.0769999999999999,0.0283333333333333,-0.0486666666666666,B3
film_offset,Dreyer2023,62,0.6799999999999999,0.79,0.6715,0.1184999999999999,0.11,-0.0084999999999999,B3
film_offset,Dreyer2023,63,0.7283333333333333,0.7233333333333334,0.6805,0.0428333333333333,-0.0049999999999999,-0.0478333333333333,B3
film_offset,Dreyer2023,64,0.7066666666666667,0.7633333333333333,0.6958333333333334,0.0674999999999999,0.0566666666666666,-0.0108333333333332,B3
film_offset,Dreyer2023,65,0.8083333333333332,0.8450000000000001,0.7688333333333335,0.0761666666666666,0.0366666666666667,-0.0394999999999998,B3
film_offset,Dreyer2023,66,0.72,0.7266666666666667,0.6916666666666667,0.0349999999999999,0.0066666666666666,-0.0283333333333333,B3
film_offset,Dreyer2023,67,0.7483333333333333,0.8433333333333334,0.7325,0.1108333333333333,0.0949999999999999,-0.0158333333333333,B3
film_offset,Dreyer2023,68,0.6416666666666666,0.67,0.6625,0.0074999999999999,0.0283333333333333,0.0208333333333333,B3
film_offset,Dreyer2023,69,0.8216666666666667,0.845,0.7741666666666667,0.0708333333333332,0.0233333333333332,-0.0474999999999999,B3
film_offset,Dreyer2023,70,0.595,0.6733333333333333,0.5941666666666667,0.0791666666666666,0.0783333333333332,-0.0008333333333332,B3
film_offset,Dreyer2023,71,0.8099999999999999,0.7966666666666666,0.7505,0.0461666666666666,-0.0133333333333333,-0.0594999999999999,B3
film_offset,Dreyer2023,72,0.6599999999999999,0.7833333333333334,0.6791666666666666,0.1041666666666666,0.1233333333333332,0.0191666666666666,B3
film_offset,Dreyer2023,73,0.6833333333333333,0.8233333333333333,0.6695,0.1538333333333332,0.1399999999999999,-0.0138333333333332,B3
film_offset,Dreyer2023,74,0.7283333333333333,0.7316666666666667,0.6788333333333333,0.0528333333333333,0.0033333333333332,-0.0495,B3
film_offset,Dreyer2023,75,0.7383333333333333,0.7766666666666666,0.7213333333333333,0.0553333333333333,0.0383333333333332,-0.017,B3
film_offset,Dreyer2023,76,0.7666666666666667,0.875,0.7633333333333334,0.1116666666666665,0.1083333333333332,-0.0033333333333333,B3
film_offset,Dreyer2023,77,0.7616666666666667,0.7716666666666667,0.736,0.0356666666666667,0.01,-0.0256666666666667,B3
film_offset,Dreyer2023,80,0.665,0.6866666666666666,0.6043333333333333,0.0823333333333332,0.0216666666666666,-0.0606666666666666,B3
film_offset,Dreyer2023,81,0.7733333333333333,0.775,0.7251666666666667,0.0498333333333332,0.0016666666666666,-0.0481666666666666,B3
film_offset,Dreyer2023,82,0.7583333333333333,0.8366666666666667,0.7424999999999999,0.0941666666666666,0.0783333333333332,-0.0158333333333333,B3
film_offset,Dreyer2023,83,0.6366666666666667,0.67,0.6133333333333333,0.0566666666666667,0.0333333333333333,-0.0233333333333333,B3
film_offset,Dreyer2023,84,0.7633333333333333,0.785,0.7153333333333334,0.0696666666666666,0.0216666666666666,-0.0479999999999999,B3
film_offset,Dreyer2023,85,0.7,0.7583333333333333,0.6651666666666667,0.0931666666666665,0.0583333333333332,-0.0348333333333332,B3
film_offset,Dreyer2023,86,0.7583333333333333,0.7816666666666666,0.7198333333333333,0.0618333333333332,0.0233333333333333,-0.0384999999999999,B3
film_offset,Dreyer2023,87,0.7866666666666666,0.8400000000000001,0.7575,0.0825,0.0533333333333333,-0.0291666666666666,B3
film_offset,PhysionetMI,1,0.8515151515151516,0.8287878787878789,0.8152272727272727,0.013560606060606,-0.0227272727272726,-0.0362878787878787,B3
film_offset,PhysionetMI,2,0.9138461538461538,0.9392307692307692,0.8915384615384616,0.0476923076923076,0.0253846153846153,-0.0223076923076922,B3
film_offset,PhysionetMI,3,0.9492424242424242,0.9916666666666666,0.8574242424242424,0.1342424242424241,0.0424242424242424,-0.0918181818181817,B3
film_offset,PhysionetMI,4,0.9196969696969696,0.9151515151515152,0.9230303030303032,-0.0078787878787878,-0.0045454545454546,0.0033333333333332,B3
film_offset,PhysionetMI,5,0.7136363636363636,0.5765151515151515,0.663939393939394,-0.0874242424242424,-0.1371212121212121,-0.0496969696969695,B3
film_offset,PhysionetMI,6,0.8651515151515152,0.9212121212121211,0.8243181818181817,0.0968939393939394,0.056060606060606,-0.0408333333333334,B3
film_offset,PhysionetMI,7,0.9575757575757576,0.975,0.9450757575757576,0.0299242424242424,0.0174242424242424,-0.0125,B3
film_offset,PhysionetMI,8,0.8401515151515152,0.8651515151515152,0.7834090909090909,0.0817424242424242,0.0249999999999999,-0.0567424242424242,B3
film_offset,PhysionetMI,9,0.8699999999999999,0.8800000000000001,0.8460000000000001,0.0339999999999999,0.01,-0.0239999999999999,B3
film_offset,PhysionetMI,10,0.6053846153846154,0.6507692307692308,0.6306923076923077,0.020076923076923,0.0453846153846153,0.0253076923076922,B3
film_offset,PhysionetMI,11,0.7015151515151515,0.5909090909090909,0.6900757575757577,-0.0991666666666666,-0.1106060606060605,-0.0114393939393939,B3
film_offset,PhysionetMI,12,0.890909090909091,0.9075757575757576,0.8296969696969697,0.0778787878787878,0.0166666666666667,-0.0612121212121211,B3
film_offset,PhysionetMI,13,0.7583333333333334,0.793939393939394,0.7741666666666667,0.0197727272727272,0.0356060606060606,0.0158333333333333,B3
film_offset,PhysionetMI,14,0.7007575757575758,0.7681818181818182,0.701590909090909,0.066590909090909,0.0674242424242424,0.0008333333333333,B3
film_offset,PhysionetMI,15,0.9053846153846156,0.9623076923076924,0.8656923076923076,0.0966153846153845,0.0569230769230768,-0.0396923076923077,B3
film_offset,PhysionetMI,16,0.6303030303030303,0.5757575757575758,0.6034090909090909,-0.0276515151515151,-0.0545454545454544,-0.0268939393939393,B3
film_offset,PhysionetMI,17,0.8704545454545455,0.8212121212121213,0.7761363636363636,0.0450757575757575,-0.0492424242424242,-0.0943181818181818,B3
film_offset,PhysionetMI,18,0.9462121212121212,0.9454545454545455,0.9209090909090912,0.0245454545454544,-0.0007575757575757,-0.0253030303030302,B3
film_offset,PhysionetMI,19,0.8583333333333334,0.8931818181818182,0.7856060606060606,0.1075757575757575,0.0348484848484848,-0.0727272727272727,B3
film_offset,PhysionetMI,20,0.8431818181818181,0.9575757575757574,0.8309848484848485,0.1265909090909091,0.1143939393939393,-0.0121969696969696,B3
film_offset,PhysionetMI,21,0.6946969696969697,0.7659090909090909,0.6878787878787879,0.0780303030303029,0.0712121212121211,-0.0068181818181818,B3
film_offset,PhysionetMI,22,0.9386363636363636,0.9727272727272728,0.897878787878788,0.0748484848484847,0.034090909090909,-0.0407575757575756,B3
film_offset,PhysionetMI,23,0.7646153846153847,0.7530769230769231,0.7178461538461539,0.0352307692307692,-0.0115384615384615,-0.0467692307692307,B3
film_offset,PhysionetMI,24,0.7386363636363636,0.7143939393939395,0.6853030303030303,0.0290909090909091,-0.0242424242424242,-0.0533333333333333,B3
film_offset,PhysionetMI,25,0.6053030303030302,0.6310606060606061,0.5874242424242424,0.0436363636363636,0.0257575757575757,-0.0178787878787878,B3
film_offset,PhysionetMI,26,0.6076923076923076,0.5015384615384615,0.5738461538461539,-0.0723076923076922,-0.1061538461538461,-0.0338461538461538,B3
film_offset,PhysionetMI,27,0.8348484848484847,0.8363636363636363,0.8034848484848485,0.0328787878787879,0.0015151515151515,-0.0313636363636363,B3
film_offset,PhysionetMI,28,0.7560606060606061,0.8431818181818181,0.746969696969697,0.0962121212121211,0.0871212121212121,-0.0090909090909091,B3
film_offset,PhysionetMI,29,0.7909090909090909,0.8454545454545455,0.803030303030303,0.0424242424242424,0.0545454545454545,0.012121212121212,B3
film_offset,PhysionetMI,30,0.8757575757575757,0.8492424242424242,0.8487121212121211,0.000530303030303,-0.0265151515151515,-0.0270454545454545,B3
film_offset,PhysionetMI,31,0.7303030303030302,0.7507575757575757,0.7233333333333334,0.0274242424242424,0.0204545454545454,-0.0069696969696969,B3
film_offset,PhysionetMI,32,0.9646153846153844,0.97,0.8801538461538462,0.0898461538461538,0.0053846153846153,-0.0844615384615384,B3
film_offset,PhysionetMI,33,0.9037878787878788,0.9015151515151516,0.8767424242424242,0.0247727272727273,-0.0022727272727272,-0.0270454545454545,B3
film_offset,PhysionetMI,34,0.7961538461538462,0.8215384615384617,0.7349230769230768,0.0866153846153846,0.0253846153846154,-0.0612307692307692,B3
film_offset,PhysionetMI,35,0.7871212121212121,0.8212121212121213,0.7406060606060606,0.0806060606060606,0.034090909090909,-0.0465151515151514,B3
film_offset,PhysionetMI,36,0.8537878787878788,0.7962121212121211,0.8298484848484848,-0.0336363636363636,-0.0575757575757575,-0.0239393939393938,B3
film_offset,PhysionetMI,37,0.6704545454545455,0.8265151515151515,0.6984848484848485,0.128030303030303,0.156060606060606,0.028030303030303,B3
film_offset,PhysionetMI,38,0.4068181818181817,0.4045454545454545,0.4159090909090908,-0.0113636363636363,-0.0022727272727272,0.009090909090909,B3
film_offset,PhysionetMI,39,0.6863636363636364,0.7234848484848484,0.6802272727272728,0.0432575757575756,0.037121212121212,-0.0061363636363636,B3
film_offset,PhysionetMI,40,0.8643939393939395,0.937878787878788,0.8622727272727273,0.0756060606060606,0.0734848484848484,-0.0021212121212121,B3
film_offset,PhysionetMI,41,0.9615384615384616,0.876923076923077,0.9026923076923078,-0.0257692307692307,-0.0846153846153846,-0.0588461538461538,B3
film_offset,PhysionetMI,42,0.8818181818181818,0.9242424242424242,0.864469696969697,0.0597727272727272,0.0424242424242424,-0.0173484848484848,B3
film_offset,PhysionetMI,43,0.7787878787878788,0.8628787878787879,0.7803787878787879,0.0824999999999999,0.084090909090909,0.001590909090909,B3
film_offset,PhysionetMI,44,0.9128787878787878,0.8757575757575757,0.8693939393939394,0.0063636363636364,-0.037121212121212,-0.0434848484848484,B3
film_offset,PhysionetMI,45,0.7265151515151516,0.7356060606060606,0.7231818181818183,0.0124242424242424,0.0090909090909091,-0.0033333333333332,B3
film_offset,PhysionetMI,46,0.7681818181818183,0.7598484848484849,0.7497727272727273,0.0100757575757575,-0.0083333333333333,-0.0184090909090909,B3
film_offset,PhysionetMI,47,0.7143939393939395,0.7568181818181818,0.6912121212121212,0.0656060606060606,0.0424242424242423,-0.0231818181818181,B3
film_offset,PhysionetMI,48,0.9916666666666666,0.9825757575757575,0.9565151515151514,0.026060606060606,-0.009090909090909,-0.035151515151515,B3
film_offset,PhysionetMI,49,0.7340909090909091,0.7606060606060606,0.7376515151515152,0.0229545454545454,0.0265151515151515,0.003560606060606,B3
film_offset,PhysionetMI,50,0.7075757575757576,0.8333333333333334,0.761439393939394,0.0718939393939393,0.1257575757575756,0.0538636363636363,B3
film_offset,PhysionetMI,51,0.8030303030303031,0.8954545454545455,0.7854545454545454,0.1099999999999999,0.0924242424242424,-0.0175757575757575,B3
film_offset,PhysionetMI,52,0.8461538461538461,0.8476923076923077,0.772923076923077,0.0747692307692307,0.0015384615384615,-0.0732307692307691,B3
film_offset,PhysionetMI,53,0.8128787878787879,0.9234848484848484,0.8122727272727273,0.1112121212121211,0.1106060606060604,-0.0006060606060606,B3
film_offset,PhysionetMI,54,0.8696969696969697,0.8772727272727273,0.863181818181818,0.0140909090909091,0.0075757575757575,-0.0065151515151515,B3
film_offset,PhysionetMI,55,0.8712121212121213,0.834848484848485,0.8467424242424242,-0.0118939393939393,-0.0363636363636363,-0.024469696969697,B3
film_offset,PhysionetMI,56,0.8530303030303031,0.8681818181818182,0.7982575757575758,0.0699242424242423,0.0151515151515151,-0.0547727272727271,B3
film_offset,PhysionetMI,57,0.9416666666666664,0.9333333333333332,0.9392424242424242,-0.0059090909090909,-0.0083333333333332,-0.0024242424242422,B3
film_offset,PhysionetMI,58,0.7753846153846153,0.8515384615384616,0.7839230769230768,0.0676153846153845,0.0761538461538461,0.0085384615384615,B3
film_offset,PhysionetMI,59,0.6227272727272728,0.6424242424242423,0.5893181818181817,0.0531060606060605,0.0196969696969696,-0.0334090909090909,B3
film_offset,PhysionetMI,60,0.8138461538461538,0.8676923076923078,0.8180769230769231,0.0496153846153845,0.0538461538461538,0.0042307692307692,B3
film_offset,PhysionetMI,61,0.9363636363636364,0.9545454545454548,0.9296212121212122,0.0249242424242424,0.0181818181818181,-0.0067424242424242,B3
film_offset,PhysionetMI,62,0.9416666666666668,0.9499999999999998,0.9179545454545456,0.0320454545454544,0.0083333333333333,-0.0237121212121211,B3
film_offset,PhysionetMI,63,0.7742424242424242,0.7696969696969698,0.7191666666666666,0.050530303030303,-0.0045454545454545,-0.0550757575757576,B3
film_offset,PhysionetMI,64,0.6871212121212121,0.7643939393939394,0.7122727272727273,0.0521212121212121,0.0772727272727272,0.0251515151515151,B3
film_offset,PhysionetMI,65,0.8568181818181818,0.931060606060606,0.8677272727272728,0.0633333333333332,0.0742424242424242,0.0109090909090908,B3
film_offset,PhysionetMI,66,0.8083333333333333,0.703030303030303,0.7565151515151515,-0.0534848484848484,-0.1053030303030302,-0.0518181818181818,B3
film_offset,PhysionetMI,67,0.8083333333333332,0.8719696969696971,0.8303787878787878,0.0415909090909091,0.0636363636363636,0.0220454545454545,B3
film_offset,PhysionetMI,68,0.7484848484848485,0.718939393939394,0.6780303030303031,0.0409090909090908,-0.0295454545454545,-0.0704545454545453,B3
film_offset,PhysionetMI,69,0.7046153846153846,0.8307692307692308,0.6986153846153846,0.1321538461538461,0.1261538461538461,-0.0059999999999999,B3
film_offset,PhysionetMI,70,0.9386363636363636,0.9393939393939392,0.8871212121212121,0.0522727272727272,0.0007575757575757,-0.0515151515151515,B3
film_offset,PhysionetMI,71,0.9234848484848484,0.9234848484848484,0.8792424242424243,0.0442424242424242,-1.942890293094024e-17,-0.0442424242424242,B3
film_offset,PhysionetMI,72,0.9636363636363636,0.9818181818181818,0.9596969696969696,0.0221212121212121,0.0181818181818181,-0.0039393939393939,B3
film_offset,PhysionetMI,73,0.7121212121212122,0.7212121212121213,0.7470454545454546,-0.0258333333333333,0.009090909090909,0.0349242424242424,B3
film_offset,PhysionetMI,74,0.818939393939394,0.806060606060606,0.6977272727272726,0.1083333333333333,-0.0128787878787879,-0.1212121212121212,B3
film_offset,PhysionetMI,75,0.771969696969697,0.7227272727272728,0.7518939393939394,-0.0291666666666667,-0.0492424242424242,-0.0200757575757575,B3
film_offset,PhysionetMI,76,0.6128787878787879,0.4863636363636363,0.6038636363636364,-0.1174999999999999,-0.1265151515151514,-0.0090151515151515,B3
film_offset,PhysionetMI,77,0.6037878787878788,0.6310606060606061,0.6084848484848484,0.0225757575757576,0.0272727272727273,0.0046969696969697,B3
film_offset,PhysionetMI,78,0.4946969696969696,0.5060606060606061,0.4940151515151514,0.0120454545454545,0.0113636363636363,-0.0006818181818181,B3
film_offset,PhysionetMI,79,0.7848484848484849,0.7431818181818182,0.7196212121212121,0.023560606060606,-0.0416666666666666,-0.0652272727272727,B3
film_offset,PhysionetMI,80,0.8292307692307693,0.7961538461538462,0.8283846153846154,-0.0322307692307691,-0.033076923076923,-0.0008461538461539,B3
film_offset,PhysionetMI,81,0.843939393939394,0.875,0.8076515151515151,0.0673484848484847,0.0310606060606059,-0.0362878787878787,B3
film_offset,PhysionetMI,82,0.8083333333333333,0.8560606060606061,0.7945454545454546,0.0615151515151515,0.0477272727272727,-0.0137878787878788,B3
film_offset,PhysionetMI,83,0.6915384615384615,0.8315384615384616,0.6737692307692308,0.1577692307692307,0.1399999999999999,-0.0177692307692307,B3
film_offset,PhysionetMI,84,0.8583333333333332,0.8431818181818181,0.8527272727272728,-0.0095454545454546,-0.015151515151515,-0.0056060606060605,B3
film_offset,PhysionetMI,85,0.8878787878787879,0.9083333333333334,0.8464393939393939,0.0618939393939393,0.0204545454545454,-0.0414393939393939,B3
film_offset,PhysionetMI,86,0.9692307692307692,0.966923076923077,0.9224615384615384,0.0444615384615384,-0.0023076923076923,-0.0467692307692307,B3
film_offset,PhysionetMI,87,0.556060606060606,0.553030303030303,0.5343181818181818,0.0187121212121211,-0.003030303030303,-0.0217424242424242,B3
film_offset,PhysionetMI,90,0.8674242424242424,0.8757575757575757,0.7768939393939394,0.0988636363636363,0.0083333333333333,-0.090530303030303,B3
film_offset,PhysionetMI,91,0.8810606060606062,0.9,0.7426515151515151,0.1573484848484848,0.0189393939393938,-0.1384090909090909,B3
film_offset,PhysionetMI,93,0.7196969696969697,0.8030303030303031,0.7482575757575758,0.0547727272727271,0.0833333333333332,0.028560606060606,B3
film_offset,PhysionetMI,94,0.7886363636363637,0.8818181818181821,0.7496212121212121,0.1321969696969697,0.0931818181818182,-0.0390151515151514,B3
film_offset,PhysionetMI,95,0.6815384615384616,0.6546153846153846,0.6406153846153847,0.0139999999999999,-0.0269230769230769,-0.0409230769230768,B3
film_offset,PhysionetMI,96,0.8159090909090908,0.8613636363636363,0.7951515151515152,0.0662121212121212,0.0454545454545454,-0.0207575757575757,B3
film_offset,PhysionetMI,97,0.8007575757575758,0.8393939393939395,0.7947727272727272,0.0446212121212121,0.0386363636363636,-0.0059848484848484,B3
film_offset,PhysionetMI,98,0.4666666666666666,0.5022727272727272,0.4679545454545454,0.0343181818181817,0.0356060606060605,0.0012878787878787,B3
film_offset,PhysionetMI,99,0.6037878787878788,0.5393939393939393,0.5859090909090909,-0.0465151515151515,-0.0643939393939393,-0.0178787878787877,B3
film_offset,PhysionetMI,101,0.8615384615384615,0.9392307692307692,0.868,0.0712307692307692,0.0776923076923077,0.0064615384615384,B3
film_offset,PhysionetMI,102,0.6242424242424243,0.8,0.6667424242424242,0.1332575757575757,0.1757575757575757,0.0424999999999999,B3
film_offset,PhysionetMI,103,0.8212121212121213,0.7977272727272727,0.7683333333333333,0.0293939393939394,-0.0234848484848484,-0.0528787878787878,B3
film_offset,PhysionetMI,105,0.9250000000000002,0.9499999999999998,0.8859848484848485,0.0640151515151515,0.0249999999999999,-0.0390151515151516,B3
film_offset,PhysionetMI,107,0.5628787878787879,0.5522727272727272,0.5462878787878788,0.0059848484848484,-0.0106060606060605,-0.0165909090909091,B3
film_offset,PhysionetMI,108,0.8045454545454545,0.9212121212121211,0.8141666666666666,0.1070454545454545,0.1166666666666666,0.009621212121212,B3
film_offset,PhysionetMI,109,0.5401515151515152,0.6189393939393939,0.5611363636363637,0.0578030303030302,0.0787878787878787,0.0209848484848485,B3
lora8,Cho2017,1,0.642,0.73,0.5774,0.1525999999999999,0.0879999999999999,-0.0645999999999999,B3
lora8,Cho2017,2,0.524,0.514,0.5194,-0.0053999999999999,-0.01,-0.0046,B3
lora8,Cho2017,3,0.6719999999999999,0.8620000000000001,0.7304,0.1315999999999999,0.19,0.0583999999999999,B3
lora8,Cho2017,4,0.64,0.702,0.6268,0.0752,0.0619999999999999,-0.0132,B3
lora8,Cho2017,5,1.0,0.992,0.9668,0.0251999999999999,-0.008,-0.0331999999999999,B3
lora8,Cho2017,6,0.8140000000000001,0.8280000000000001,0.7832,0.0448,0.014,-0.0308,B3
lora8,Cho2017,7,0.5033333333333333,0.5266666666666666,0.5223333333333333,0.0043333333333333,0.0233333333333333,0.0189999999999999,B3
lora8,Cho2017,8,0.54,0.53,0.5222,0.0078,-0.0099999999999999,-0.0177999999999999,B3
lora8,Cho2017,9,0.5433333333333333,0.5900000000000001,0.5598333333333333,0.0301666666666667,0.0466666666666666,0.0164999999999999,B3
lora8,Cho2017,10,0.5820000000000001,0.6060000000000001,0.5428,0.0631999999999999,0.024,-0.0391999999999999,B3
lora8,Cho2017,11,0.604,0.6,0.5860000000000001,0.0139999999999999,-0.004,-0.0179999999999999,B3
lora8,Cho2017,12,0.514,0.692,0.5454000000000001,0.1465999999999999,0.178,0.0314,B3
lora8,Cho2017,13,0.8460000000000001,0.974,0.7886,0.1853999999999999,0.1279999999999999,-0.0573999999999999,B3
lora8,Cho2017,14,0.7220000000000001,0.882,0.692,0.19,0.1599999999999999,-0.03,B3
lora8,Cho2017,15,0.52,0.6519999999999999,0.5334,0.1186,0.1319999999999999,0.0133999999999999,B3
lora8,Cho2017,16,0.626,0.6519999999999999,0.596,0.0559999999999999,0.0259999999999999,-0.0299999999999999,B3
lora8,Cho2017,17,0.55,0.5880000000000001,0.5712,0.0167999999999999,0.0379999999999999,0.0212,B3
lora8,Cho2017,18,0.6140000000000001,0.666,0.5794,0.0865999999999999,0.0519999999999999,-0.0345999999999999,B3
lora8,Cho2017,19,0.522,0.544,0.5208,0.0231999999999999,0.0219999999999999,-0.0011999999999999,B3
lora8,Cho2017,20,0.5660000000000001,0.6679999999999999,0.5913999999999999,0.0765999999999999,0.1019999999999999,0.0254,B3
lora8,Cho2017,21,0.546,0.65,0.5598,0.0901999999999999,0.1039999999999999,0.0137999999999999,B3
lora8,Cho2017,22,0.592,0.632,0.5752,0.0567999999999999,0.0399999999999999,-0.0167999999999999,B3
lora8,Cho2017,23,0.562,0.618,0.5504,0.0675999999999999,0.0559999999999999,-0.0115999999999999,B3
lora8,Cho2017,24,0.4939999999999999,0.6,0.5312,0.0687999999999999,0.106,0.0372,B3
lora8,Cho2017,25,0.554,0.5900000000000001,0.5768,0.0132,0.036,0.0227999999999999,B3
lora8,Cho2017,26,0.99,0.998,0.9902,0.0078,0.008,0.0001999999999999,B3
lora8,Cho2017,27,0.5660000000000001,0.534,0.5418000000000001,-0.0077999999999999,-0.0319999999999999,-0.0242,B3
lora8,Cho2017,28,0.5820000000000001,0.812,0.5804,0.2315999999999999,0.2299999999999999,-0.0016,B3
lora8,Cho2017,29,0.502,0.514,0.4628,0.0511999999999999,0.012,-0.0391999999999999,B3
lora8,Cho2017,30,0.638,0.712,0.6628,0.0492,0.074,0.0247999999999999,B3
lora8,Cho2017,31,0.548,0.648,0.528,0.1199999999999999,0.0999999999999999,-0.0199999999999999,B3
lora8,Cho2017,32,0.534,0.5660000000000001,0.5436000000000001,0.0223999999999999,0.032,0.0096,B3
lora8,Cho2017,33,0.5860000000000001,0.512,0.5456,-0.0335999999999999,-0.0739999999999999,-0.0404,B3
lora8,Cho2017,34,0.548,0.558,0.536,0.022,0.01,-0.012,B3
lora8,Cho2017,35,0.396,0.842,0.4104,0.4316,0.446,0.0144,B3
lora8,Cho2017,36,0.534,0.5740000000000001,0.5686,0.0053999999999999,0.0399999999999999,0.0346,B3
lora8,Cho2017,37,0.874,0.876,0.8702,0.0057999999999999,0.0019999999999999,-0.0037999999999999,B3
lora8,Cho2017,38,0.5780000000000001,0.61,0.5646,0.0453999999999999,0.0319999999999999,-0.0134,B3
lora8,Cho2017,39,0.528,0.556,0.5388,0.0172,0.028,0.0108,B3
lora8,Cho2017,40,0.528,0.532,0.511,0.021,0.004,-0.0169999999999999,B3
lora8,Cho2017,41,0.616,0.694,0.5776,0.1163999999999999,0.0779999999999999,-0.0384,B3
lora8,Cho2017,42,0.542,0.528,0.5322,-0.0041999999999999,-0.0139999999999999,-0.0098,B3
lora8,Cho2017,43,1.0,1.0,1.0,0.0,0.0,0.0,B3
lora8,Cho2017,44,0.936,0.958,0.919,0.0389999999999999,0.022,-0.0169999999999998,B3
lora8,Cho2017,45,0.538,0.532,0.5302,0.0018,-0.006,-0.0078,B3
lora8,Cho2017,46,0.5483333333333333,0.675,0.594,0.0809999999999999,0.1266666666666666,0.0456666666666666,B3
lora8,Cho2017,47,0.8380000000000001,0.8640000000000001,0.7889999999999999,0.075,0.026,-0.049,B3
lora8,Cho2017,48,0.662,0.6759999999999999,0.6355999999999999,0.0403999999999999,0.0139999999999999,-0.0263999999999999,B3
lora8,Cho2017,49,0.994,0.994,0.9874,0.0065999999999999,0.0,-0.0065999999999999,B3
lora8,Cho2017,50,0.95,1.0,0.8937999999999999,0.1061999999999999,0.0499999999999999,-0.0561999999999999,B3
lora8,Cho2017,51,0.56,0.6000000000000001,0.5791999999999999,0.0208,0.04,0.0191999999999999,B3
lora8,Cho2017,52,0.604,0.67,0.589,0.0809999999999999,0.0659999999999999,-0.015,B3
lora8,Dreyer2023,1,0.8850000000000001,0.905,0.8671666666666666,0.0378333333333332,0.0199999999999999,-0.0178333333333333,B3
lora8,Dreyer2023,2,0.6816666666666666,0.6916666666666667,0.6735,0.0181666666666666,0.0099999999999999,-0.0081666666666666,B3
lora8,Dreyer2023,3,0.8183333333333334,0.8150000000000001,0.7816666666666666,0.0333333333333333,-0.0033333333333333,-0.0366666666666666,B3
lora8,Dreyer2023,5,0.8766666666666667,0.9,0.8583333333333332,0.0416666666666667,0.0233333333333332,-0.0183333333333334,B3
lora8,Dreyer2023,6,0.7716666666666667,0.8133333333333332,0.7908333333333333,0.0225,0.0416666666666666,0.0191666666666665,B3
lora8,Dreyer2023,7,0.9766666666666666,0.975,0.9421666666666668,0.0328333333333332,-0.0016666666666666,-0.0344999999999999,B3
lora8,Dreyer2023,8,0.8266666666666665,0.8533333333333333,0.8236666666666667,0.0296666666666666,0.0266666666666666,-0.003,B3
lora8,Dreyer2023,10,0.9116666666666668,0.9166666666666666,0.8955,0.0211666666666665,0.005,-0.0161666666666666,B3
lora8,Dreyer2023,11,0.6316666666666666,0.7283333333333333,0.6096666666666667,0.1186666666666665,0.0966666666666666,-0.0219999999999999,B3
lora8,Dreyer2023,12,0.8949999999999999,0.9266666666666667,0.8850000000000001,0.0416666666666665,0.0316666666666666,-0.0099999999999999,B3
lora8,Dreyer2023,13,0.7566666666666666,0.7583333333333333,0.7466666666666666,0.0116666666666666,0.0016666666666666,-0.01,B3
lora8,Dreyer2023,14,0.6916666666666667,0.7649999999999999,0.6925,0.0724999999999999,0.0733333333333332,0.0008333333333333,B3
lora8,Dreyer2023,15,0.9266666666666664,0.915,0.9155,-0.0004999999999999,-0.0116666666666666,-0.0111666666666666,B3
lora8,Dreyer2023,16,0.8266666666666668,0.85,0.7838333333333333,0.0661666666666666,0.0233333333333333,-0.0428333333333333,B3
lora8,Dreyer2023,18,0.9066666666666666,0.9549999999999998,0.904,0.0509999999999998,0.0483333333333332,-0.0026666666666666,B3
lora8,Dreyer2023,19,0.8949999999999999,0.945,0.8696666666666667,0.0753333333333332,0.0499999999999999,-0.0253333333333332,B3
lora8,Dreyer2023,20,0.8966666666666667,0.91,0.8743333333333334,0.0356666666666666,0.0133333333333333,-0.0223333333333332,B3
lora8,Dreyer2023,21,0.9116666666666664,0.9333333333333332,0.9033333333333332,0.0299999999999999,0.0216666666666666,-0.0083333333333332,B3
lora8,Dreyer2023,22,0.9283333333333332,0.935,0.8631666666666666,0.0718333333333332,0.0066666666666666,-0.0651666666666666,B3
lora8,Dreyer2023,23,0.7366666666666667,0.7983333333333333,0.7178333333333333,0.0804999999999999,0.0616666666666666,-0.0188333333333333,B3
lora8,Dreyer2023,24,0.9399999999999998,0.9549999999999998,0.917,0.0379999999999999,0.0149999999999999,-0.0229999999999999,B3
lora8,Dreyer2023,25,0.67,0.7300000000000001,0.6885,0.0415,0.0599999999999999,0.0184999999999999,B3
lora8,Dreyer2023,26,0.7783333333333333,0.8483333333333334,0.7618333333333334,0.0864999999999999,0.0699999999999999,-0.0164999999999999,B3
lora8,Dreyer2023,27,0.8066666666666666,0.8333333333333333,0.7668333333333333,0.0664999999999999,0.0266666666666666,-0.0398333333333333,B3
lora8,Dreyer2023,28,0.7716666666666667,0.8116666666666668,0.7883333333333333,0.0233333333333333,0.04,0.0166666666666666,B3
lora8,Dreyer2023,30,0.7116666666666667,0.7983333333333333,0.714,0.0843333333333333,0.0866666666666665,0.0023333333333332,B3
lora8,Dreyer2023,31,0.8733333333333333,0.9033333333333332,0.8414999999999999,0.0618333333333332,0.0299999999999999,-0.0318333333333332,B3
lora8,Dreyer2023,32,0.845,0.9116666666666664,0.8273333333333334,0.0843333333333332,0.0666666666666665,-0.0176666666666666,B3
lora8,Dreyer2023,33,0.795,0.7966666666666666,0.7571666666666667,0.0394999999999999,0.0016666666666666,-0.0378333333333333,B3
lora8,Dreyer2023,34,0.7933333333333333,0.8583333333333334,0.8140000000000001,0.0443333333333332,0.0649999999999999,0.0206666666666666,B3
lora8,Dreyer2023,35,0.7499999999999999,0.7833333333333333,0.7201666666666666,0.0631666666666666,0.0333333333333333,-0.0298333333333333,B3
lora8,Dreyer2023,36,0.7983333333333332,0.8116666666666668,0.7933333333333333,0.0183333333333332,0.0133333333333333,-0.0049999999999998,B3
lora8,Dreyer2023,37,0.735,0.7616666666666666,0.6765,0.0851666666666666,0.0266666666666666,-0.0584999999999999,B3
lora8,Dreyer2023,38,0.8533333333333333,0.9033333333333332,0.8088333333333335,0.0944999999999998,0.0499999999999999,-0.0444999999999999,B3
lora8,Dreyer2023,39,0.9183333333333332,0.9549999999999998,0.9358333333333332,0.0191666666666666,0.0366666666666666,0.0174999999999999,B3
lora8,Dreyer2023,40,0.8534482758620691,0.8672413793103448,0.8289655172413793,0.0382758620689654,0.0137931034482758,-0.0244827586206895,B3
lora8,Dreyer2023,42,0.74,0.8316666666666667,0.6851666666666667,0.1464999999999999,0.0916666666666665,-0.0548333333333332,B3
lora8,Dreyer2023,43,0.8816666666666666,0.8949999999999999,0.8775000000000001,0.0174999999999999,0.0133333333333333,-0.0041666666666666,B3
lora8,Dreyer2023,44,0.6466666666666667,0.655,0.6618333333333333,-0.0068333333333333,0.0083333333333333,0.0151666666666666,B3
lora8,Dreyer2023,45,0.7466666666666667,0.8150000000000001,0.764,0.0509999999999999,0.0683333333333333,0.0173333333333333,B3
lora8,Dreyer2023,46,0.7366666666666667,0.7133333333333333,0.7165,-0.0031666666666666,-0.0233333333333333,-0.0201666666666666,B3
lora8,Dreyer2023,47,0.8933333333333333,0.9149999999999998,0.8633333333333333,0.0516666666666665,0.0216666666666666,-0.0299999999999999,B3
lora8,Dreyer2023,48,0.6683333333333333,0.6783333333333333,0.6526666666666667,0.0256666666666665,0.01,-0.0156666666666665,B3
lora8,Dreyer2023,49,0.7833333333333333,0.8316666666666667,0.7466666666666667,0.0849999999999999,0.0483333333333333,-0.0366666666666666,B3
lora8,Dreyer2023,50,0.6166666666666666,0.6216666666666667,0.6118333333333333,0.0098333333333333,0.005,-0.0048333333333333,B3
lora8,Dreyer2023,51,0.7466666666666667,0.7833333333333333,0.7348333333333332,0.0484999999999999,0.0366666666666666,-0.0118333333333333,B3
lora8,Dreyer2023,52,0.7966666666666666,0.805,0.7775000000000001,0.0274999999999999,0.0083333333333333,-0.0191666666666666,B3
lora8,Dreyer2023,53,0.7866666666666667,0.8300000000000001,0.7683333333333333,0.0616666666666666,0.0433333333333332,-0.0183333333333333,B3
lora8,Dreyer2023,54,0.7016666666666667,0.735,0.69,0.045,0.0333333333333333,-0.0116666666666666,B3
lora8,Dreyer2023,55,0.9366666666666668,0.9399999999999998,0.9215,0.0184999999999999,0.0033333333333333,-0.0151666666666666,B3
lora8,Dreyer2023,56,0.9200000000000002,0.9916666666666668,0.8948333333333334,0.0968333333333333,0.0716666666666666,-0.0251666666666666,B3
lora8,Dreyer2023,57,0.635,0.6649999999999999,0.6431666666666667,0.0218333333333332,0.0299999999999999,0.0081666666666667,B3
lora8,Dreyer2023,58,0.9233333333333332,0.9466666666666668,0.9106666666666664,0.036,0.0233333333333333,-0.0126666666666666,B3
lora8,Dreyer2023,59,0.78,0.8200000000000001,0.748,0.072,0.04,-0.032,B3
lora8,Dreyer2023,60,0.8066666666666666,0.8766666666666667,0.7878333333333333,0.0888333333333333,0.0699999999999999,-0.0188333333333333,B3
lora8,Dreyer2023,61,0.8633333333333333,0.8933333333333333,0.8470000000000001,0.0463333333333332,0.0299999999999999,-0.0163333333333333,B3
lora8,Dreyer2023,62,0.7416666666666667,0.8300000000000001,0.7341666666666667,0.0958333333333332,0.0883333333333332,-0.0074999999999999,B3
lora8,Dreyer2023,63,0.8133333333333332,0.85,0.7985,0.0514999999999999,0.0366666666666666,-0.0148333333333333,B3
lora8,Dreyer2023,64,0.765,0.8550000000000001,0.7788333333333334,0.0761666666666665,0.0899999999999999,0.0138333333333333,B3
lora8,Dreyer2023,65,0.835,0.8766666666666666,0.8096666666666665,0.0669999999999999,0.0416666666666666,-0.0253333333333333,B3
lora8,Dreyer2023,66,0.7583333333333334,0.7333333333333334,0.724,0.0093333333333332,-0.0249999999999999,-0.0343333333333332,B3
lora8,Dreyer2023,67,0.7916666666666666,0.82,0.7838333333333333,0.0361666666666666,0.0283333333333333,-0.0078333333333332,B3
lora8,Dreyer2023,68,0.7366666666666667,0.7666666666666667,0.7164999999999999,0.0501666666666667,0.0299999999999999,-0.0201666666666667,B3
lora8,Dreyer2023,69,0.8516666666666666,0.8633333333333333,0.8203333333333334,0.0429999999999998,0.0116666666666666,-0.0313333333333332,B3
lora8,Dreyer2023,70,0.6716666666666666,0.6849999999999999,0.6506666666666667,0.0343333333333333,0.0133333333333332,-0.021,B3
lora8,Dreyer2023,71,0.8550000000000001,0.8616666666666667,0.799,0.0626666666666665,0.0066666666666666,-0.0559999999999999,B3
lora8,Dreyer2023,72,0.8099999999999999,0.9066666666666666,0.8073333333333335,0.0993333333333332,0.0966666666666666,-0.0026666666666666,B3
lora8,Dreyer2023,73,0.7466666666666667,0.8533333333333333,0.724,0.1293333333333333,0.1066666666666666,-0.0226666666666666,B3
lora8,Dreyer2023,74,0.735,0.7833333333333334,0.7236666666666667,0.0596666666666666,0.0483333333333333,-0.0113333333333333,B3
lora8,Dreyer2023,75,0.7583333333333334,0.8166666666666667,0.7505,0.0661666666666666,0.0583333333333332,-0.0078333333333333,B3
lora8,Dreyer2023,76,0.8216666666666667,0.9166666666666666,0.818,0.0986666666666667,0.0949999999999999,-0.0036666666666666,B3
lora8,Dreyer2023,77,0.8233333333333333,0.835,0.8078333333333333,0.0271666666666666,0.0116666666666666,-0.0154999999999999,B3
lora8,Dreyer2023,80,0.7116666666666667,0.78,0.6788333333333334,0.1011666666666665,0.0683333333333332,-0.0328333333333332,B3
lora8,Dreyer2023,81,0.8299999999999998,0.8300000000000001,0.7931666666666667,0.0368333333333333,2.0816681711721685e-17,-0.0368333333333333,B3
lora8,Dreyer2023,82,0.795,0.8933333333333333,0.7781666666666667,0.1151666666666666,0.0983333333333333,-0.0168333333333333,B3
lora8,Dreyer2023,83,0.6883333333333334,0.7483333333333333,0.6686666666666667,0.0796666666666666,0.0599999999999999,-0.0196666666666666,B3
lora8,Dreyer2023,84,0.8333333333333334,0.8616666666666667,0.7903333333333332,0.0713333333333333,0.0283333333333333,-0.043,B3
lora8,Dreyer2023,85,0.735,0.7766666666666666,0.7236666666666667,0.0529999999999999,0.0416666666666665,-0.0113333333333333,B3
lora8,Dreyer2023,86,0.8383333333333333,0.8133333333333332,0.798,0.0153333333333332,-0.0249999999999999,-0.0403333333333332,B3
lora8,Dreyer2023,87,0.7833333333333334,0.8183333333333334,0.7723333333333333,0.0459999999999998,0.0349999999999999,-0.0109999999999999,B3
lora8,PhysionetMI,1,0.8356060606060606,0.8106060606060606,0.8270454545454546,-0.0164393939393939,-0.025,-0.008560606060606,B3
lora8,PhysionetMI,2,0.8946153846153846,0.926923076923077,0.8804615384615385,0.0464615384615385,0.0323076923076922,-0.0141538461538461,B3
lora8,PhysionetMI,3,0.9484848484848484,0.946969696969697,0.9329545454545456,0.0140151515151515,-0.0015151515151514,-0.015530303030303,B3
lora8,PhysionetMI,4,0.9196969696969696,0.9204545454545456,0.9012121212121212,0.0192424242424241,0.0007575757575757,-0.0184848484848484,B3
lora8,PhysionetMI,5,0.7204545454545455,0.6962121212121212,0.7105303030303031,-0.0143181818181818,-0.0242424242424242,-0.0099242424242423,B3
lora8,PhysionetMI,6,0.8825757575757576,0.9037878787878788,0.8308333333333333,0.0729545454545454,0.0212121212121212,-0.0517424242424242,B3
lora8,PhysionetMI,7,0.9825757575757575,0.9833333333333332,0.9753787878787878,0.0079545454545453,0.0007575757575757,-0.0071969696969696,B3
lora8,PhysionetMI,8,0.8325757575757574,0.9196969696969696,0.8202272727272728,0.0994696969696969,0.0871212121212122,-0.0123484848484847,B3
lora8,PhysionetMI,9,0.9076923076923076,0.9138461538461538,0.8820769230769232,0.0317692307692308,0.0061538461538461,-0.0256153846153846,B3
lora8,PhysionetMI,10,0.7276923076923077,0.7,0.708923076923077,-0.0089230769230769,-0.0276923076923077,-0.0187692307692307,B3
lora8,PhysionetMI,11,0.725,0.675,0.7296969696969697,-0.0546969696969696,-0.05,0.0046969696969696,B3
lora8,PhysionetMI,12,0.8643939393939395,0.8795454545454546,0.8497727272727273,0.0297727272727272,0.0151515151515151,-0.014621212121212,B3
lora8,PhysionetMI,13,0.803030303030303,0.8181818181818181,0.7923484848484849,0.0258333333333333,0.0151515151515151,-0.0106818181818181,B3
lora8,PhysionetMI,14,0.7734848484848486,0.8803030303030305,0.7783333333333334,0.1019696969696969,0.1068181818181817,0.0048484848484848,B3
lora8,PhysionetMI,15,0.9284615384615386,0.99,0.9585384615384616,0.0314615384615383,0.0615384615384614,0.030076923076923,B3
lora8,PhysionetMI,16,0.6053030303030302,0.5878787878787879,0.6089393939393939,-0.021060606060606,-0.0174242424242423,0.0036363636363636,B3
lora8,PhysionetMI,17,0.803030303030303,0.9030303030303032,0.8262878787878789,0.0767424242424242,0.1,0.0232575757575758,B3
lora8,PhysionetMI,18,1.0,0.990909090909091,0.9875,0.0034090909090908,-0.009090909090909,-0.0124999999999999,B3
lora8,PhysionetMI,19,0.9106060606060604,0.8689393939393939,0.8527272727272728,0.0162121212121211,-0.0416666666666666,-0.0578787878787877,B3
lora8,PhysionetMI,20,0.9045454545454548,0.9401515151515152,0.8952272727272728,0.0449242424242422,0.0356060606060605,-0.0093181818181817,B3
lora8,PhysionetMI,21,0.759090909090909,0.818939393939394,0.7570454545454546,0.0618939393939393,0.0598484848484848,-0.0020454545454545,B3
lora8,PhysionetMI,22,0.9636363636363636,0.9545454545454548,0.9337878787878788,0.0207575757575758,-0.009090909090909,-0.0298484848484848,B3
lora8,PhysionetMI,23,0.7838461538461539,0.7984615384615384,0.7758461538461539,0.0226153846153844,0.0146153846153845,-0.0079999999999998,B3
lora8,PhysionetMI,24,0.7863636363636364,0.740909090909091,0.7728030303030302,-0.0318939393939393,-0.0454545454545454,-0.013560606060606,B3
lora8,PhysionetMI,25,0.5954545454545455,0.5636363636363637,0.5796969696969697,-0.0160606060606059,-0.0318181818181817,-0.0157575757575757,B3
lora8,PhysionetMI,26,0.6407692307692308,0.5438461538461538,0.6176923076923078,-0.0738461538461538,-0.0969230769230769,-0.023076923076923,B3
lora8,PhysionetMI,27,0.8696969696969697,0.8712121212121213,0.8568181818181818,0.0143939393939393,0.0015151515151515,-0.0128787878787878,B3
lora8,PhysionetMI,28,0.7984848484848485,0.8242424242424242,0.7953030303030303,0.0289393939393939,0.0257575757575757,-0.0031818181818181,B3
lora8,PhysionetMI,29,0.7386363636363636,0.8924242424242423,0.7570454545454546,0.1353787878787878,0.1537878787878787,0.0184090909090909,B3
lora8,PhysionetMI,30,0.8583333333333334,0.8916666666666668,0.8724242424242424,0.0192424242424242,0.0333333333333333,0.014090909090909,B3
lora8,PhysionetMI,31,0.7416666666666667,0.7424242424242424,0.7190151515151515,0.0234090909090908,0.0007575757575757,-0.0226515151515151,B3
lora8,PhysionetMI,32,0.9323076923076924,0.9523076923076924,0.9138461538461538,0.0384615384615384,0.0199999999999999,-0.0184615384615384,B3
lora8,PhysionetMI,33,0.9295454545454545,0.931060606060606,0.925681818181818,0.0053787878787878,0.0015151515151515,-0.0038636363636364,B3
lora8,PhysionetMI,34,0.8215384615384614,0.8507692307692307,0.7823846153846155,0.0683846153846153,0.0292307692307691,-0.0391538461538461,B3
lora8,PhysionetMI,35,0.8143939393939394,0.8128787878787879,0.7809090909090909,0.0319696969696969,-0.0015151515151514,-0.0334848484848484,B3
lora8,PhysionetMI,36,0.9113636363636364,0.9151515151515152,0.8462878787878788,0.0688636363636363,0.0037878787878787,-0.0650757575757575,B3
lora8,PhysionetMI,37,0.6795454545454545,0.7689393939393939,0.6890909090909092,0.0798484848484847,0.0893939393939393,0.0095454545454545,B3
lora8,PhysionetMI,38,0.4946969696969697,0.5333333333333333,0.4437121212121211,0.089621212121212,0.0386363636363636,-0.0509848484848484,B3
lora8,PhysionetMI,39,0.7454545454545455,0.7537878787878788,0.7190909090909091,0.0346969696969697,0.0083333333333333,-0.0263636363636363,B3
lora8,PhysionetMI,40,0.9818181818181818,0.990909090909091,0.9603030303030304,0.0306060606060606,0.009090909090909,-0.0215151515151515,B3
lora8,PhysionetMI,41,0.9692307692307692,0.923846153846154,0.959,-0.0351538461538461,-0.0453846153846153,-0.0102307692307692,B3
lora8,PhysionetMI,42,0.8916666666666668,0.8712121212121213,0.8937121212121213,-0.0224999999999999,-0.0204545454545454,0.0020454545454545,B3
lora8,PhysionetMI,43,0.8212121212121211,0.8462121212121213,0.8255303030303031,0.0206818181818181,0.025,0.0043181818181818,B3
lora8,PhysionetMI,44,0.8606060606060606,0.8681818181818182,0.8915151515151516,-0.0233333333333332,0.0075757575757575,0.0309090909090908,B3
lora8,PhysionetMI,45,0.7984848484848485,0.8053030303030303,0.781969696969697,0.0233333333333333,0.0068181818181818,-0.0165151515151514,B3
lora8,PhysionetMI,46,0.7424242424242424,0.7007575757575758,0.7461363636363636,-0.0453787878787877,-0.0416666666666667,0.0037121212121211,B3
lora8,PhysionetMI,47,0.7348484848484849,0.7492424242424243,0.7231818181818183,0.026060606060606,0.0143939393939393,-0.0116666666666666,B3
lora8,PhysionetMI,48,0.990909090909091,0.990909090909091,0.9868939393939394,0.0040151515151515,0.0,-0.0040151515151515,B3
lora8,PhysionetMI,49,0.7628787878787879,0.7742424242424242,0.7582575757575758,0.0159848484848484,0.0113636363636362,-0.0046212121212121,B3
lora8,PhysionetMI,50,0.7803030303030303,0.8825757575757576,0.8050757575757576,0.0774999999999998,0.1022727272727272,0.0247727272727272,B3
lora8,PhysionetMI,51,0.8242424242424242,0.8833333333333334,0.8251515151515152,0.0581818181818182,0.059090909090909,0.0009090909090909,B3
lora8,PhysionetMI,52,0.8661538461538463,0.8338461538461539,0.8366153846153846,-0.0027692307692307,-0.0323076923076922,-0.0295384615384615,B3
lora8,PhysionetMI,53,0.9015151515151516,0.9825757575757575,0.879469696969697,0.1031060606060605,0.081060606060606,-0.0220454545454545,B3
lora8,PhysionetMI,54,0.8909090909090909,0.9143939393939394,0.8737121212121213,0.0406818181818181,0.0234848484848485,-0.0171969696969696,B3
lora8,PhysionetMI,55,0.8462121212121213,0.8901515151515152,0.8609848484848485,0.0291666666666666,0.0439393939393939,0.0147727272727271,B3
lora8,PhysionetMI,56,0.8356060606060606,0.8333333333333334,0.8207575757575757,0.0125757575757576,-0.0022727272727272,-0.0148484848484848,B3
lora8,PhysionetMI,57,0.949242424242424,0.9583333333333331,0.9452272727272728,0.0131060606060605,0.009090909090909,-0.0040151515151514,B3
lora8,PhysionetMI,58,0.8161538461538462,0.8538461538461538,0.8182307692307692,0.0356153846153845,0.0376923076923076,0.002076923076923,B3
lora8,PhysionetMI,59,0.6659090909090909,0.7613636363636364,0.654469696969697,0.1068939393939393,0.0954545454545454,-0.0114393939393939,B3
lora8,PhysionetMI,60,0.8884615384615385,0.923846153846154,0.8604615384615386,0.0633846153846153,0.0353846153846153,-0.0279999999999999,B3
lora8,PhysionetMI,61,0.9545454545454548,0.9545454545454548,0.950075757575758,0.0044696969696968,0.0,-0.0044696969696968,B3
lora8,PhysionetMI,62,0.9583333333333331,0.9666666666666665,0.9240909090909092,0.0425757575757574,0.0083333333333333,-0.0342424242424241,B3
lora8,PhysionetMI,63,0.7287878787878788,0.793939393939394,0.7193181818181819,0.074621212121212,0.0651515151515151,-0.0094696969696969,B3
lora8,PhysionetMI,64,0.7621212121212122,0.7871212121212121,0.7531818181818183,0.0339393939393938,0.0249999999999999,-0.0089393939393938,B3
lora8,PhysionetMI,65,0.9242424242424242,0.9037878787878788,0.8933333333333333,0.0104545454545453,-0.0204545454545454,-0.0309090909090908,B3
lora8,PhysionetMI,66,0.7704545454545455,0.7492424242424243,0.8125757575757575,-0.0633333333333333,-0.0212121212121212,0.0421212121212121,B3
lora8,PhysionetMI,67,0.7916666666666666,0.8401515151515152,0.7975,0.0426515151515151,0.0484848484848485,0.0058333333333333,B3
lora8,PhysionetMI,68,0.6727272727272727,0.7159090909090909,0.6985606060606061,0.0173484848484848,0.0431818181818181,0.0258333333333333,B3
lora8,PhysionetMI,69,0.8284615384615386,0.8784615384615385,0.8254615384615385,0.053,0.0499999999999999,-0.003,B3
lora8,PhysionetMI,70,0.9659090909090908,0.9583333333333331,0.9625757575757576,-0.0042424242424242,-0.0075757575757575,-0.0033333333333333,B3
lora8,PhysionetMI,71,0.9143939393939392,0.9409090909090908,0.9029545454545456,0.0379545454545453,0.0265151515151515,-0.0114393939393939,B3
lora8,PhysionetMI,72,1.0,0.990909090909091,0.9806818181818184,0.0102272727272726,-0.009090909090909,-0.0193181818181817,B3
lora8,PhysionetMI,73,0.7568181818181818,0.8128787878787879,0.7571212121212122,0.0557575757575756,0.0560606060606059,0.0003030303030303,B3
lora8,PhysionetMI,74,0.7575757575757576,0.7431818181818182,0.7448484848484849,-0.0016666666666666,-0.0143939393939394,-0.0127272727272727,B3
lora8,PhysionetMI,75,0.6606060606060606,0.7068181818181818,0.6903030303030304,0.0165151515151514,0.0462121212121211,0.0296969696969696,B3
lora8,PhysionetMI,76,0.5515151515151515,0.4962121212121212,0.5587878787878788,-0.0625757575757575,-0.0553030303030302,0.0072727272727272,B3
lora8,PhysionetMI,77,0.6037878787878788,0.6416666666666666,0.6272727272727272,0.0143939393939393,0.0378787878787878,0.0234848484848485,B3
lora8,PhysionetMI,78,0.5621212121212121,0.4984848484848484,0.5416666666666666,-0.0431818181818181,-0.0636363636363636,-0.0204545454545454,B3
lora8,PhysionetMI,79,0.7515151515151516,0.7151515151515152,0.7438636363636364,-0.0287121212121212,-0.0363636363636363,-0.0076515151515151,B3
lora8,PhysionetMI,80,0.7907692307692308,0.8515384615384616,0.8075384615384615,0.0439999999999999,0.0607692307692306,0.0167692307692307,B3
lora8,PhysionetMI,81,0.8704545454545455,0.8643939393939395,0.8438636363636363,0.020530303030303,-0.006060606060606,-0.0265909090909091,B3
lora8,PhysionetMI,82,0.8113636363636363,0.8856060606060605,0.8603787878787879,0.0252272727272726,0.0742424242424242,0.0490151515151515,B3
lora8,PhysionetMI,83,0.7215384615384616,0.7284615384615385,0.7035384615384616,0.0249230769230768,0.0069230769230769,-0.0179999999999999,B3
lora8,PhysionetMI,84,0.8825757575757576,0.834848484848485,0.8534090909090908,-0.0185606060606059,-0.0477272727272727,-0.0291666666666666,B3
lora8,PhysionetMI,85,0.8878787878787879,0.9492424242424242,0.8780303030303032,0.071212121212121,0.0613636363636362,-0.0098484848484848,B3
lora8,PhysionetMI,86,0.9846153846153848,1.0,0.9810769230769232,0.0189230769230768,0.0153846153846153,-0.0035384615384614,B3
lora8,PhysionetMI,87,0.6303030303030303,0.509090909090909,0.5689393939393941,-0.0598484848484848,-0.121212121212121,-0.0613636363636361,B3
lora8,PhysionetMI,90,0.8727272727272727,0.8674242424242424,0.8406060606060606,0.0268181818181816,-0.0053030303030303,-0.032121212121212,B3
lora8,PhysionetMI,91,0.9166666666666666,0.8492424242424242,0.8445454545454545,0.0046969696969696,-0.0674242424242423,-0.072121212121212,B3
lora8,PhysionetMI,93,0.7886363636363637,0.8242424242424242,0.7866666666666666,0.0375757575757576,0.0356060606060606,-0.0019696969696969,B3
lora8,PhysionetMI,94,0.7954545454545455,0.8454545454545455,0.8187121212121212,0.0267424242424241,0.0499999999999999,0.0232575757575757,B3
lora8,PhysionetMI,95,0.6515384615384615,0.6730769230769231,0.6717692307692309,0.0013076923076922,0.0215384615384615,0.0202307692307692,B3
lora8,PhysionetMI,96,0.8583333333333332,0.85,0.8498484848484849,0.000151515151515,-0.0083333333333333,-0.0084848484848484,B3
lora8,PhysionetMI,97,0.7696969696969697,0.8977272727272728,0.8042424242424243,0.0934848484848484,0.128030303030303,0.0345454545454545,B3
lora8,PhysionetMI,98,0.4621212121212121,0.4871212121212121,0.4796969696969696,0.0074242424242424,0.0249999999999999,0.0175757575757575,B3
lora8,PhysionetMI,99,0.6151515151515151,0.5674242424242424,0.6403030303030303,-0.0728787878787877,-0.0477272727272727,0.025151515151515,B3
lora8,PhysionetMI,101,0.8976923076923077,0.9592307692307692,0.8976923076923079,0.0615384615384614,0.0615384615384615,4.163336342344337e-17,B3
lora8,PhysionetMI,102,0.7416666666666667,0.8265151515151515,0.7109848484848486,0.1155303030303029,0.0848484848484848,-0.0306818181818181,B3
lora8,PhysionetMI,103,0.8575757575757577,0.771969696969697,0.8387878787878789,-0.0668181818181818,-0.0856060606060605,-0.0187878787878787,B3
lora8,PhysionetMI,105,0.906818181818182,0.9583333333333331,0.9278030303030302,0.0305303030303029,0.0515151515151514,0.0209848484848484,B3
lora8,PhysionetMI,107,0.5553030303030303,0.5348484848484849,0.5349242424242424,-7.575757575750027e-05,-0.0204545454545454,-0.0203787878787878,B3
lora8,PhysionetMI,108,0.8537878787878788,0.8356060606060606,0.8256060606060606,0.0099999999999999,-0.0181818181818181,-0.028181818181818,B3
lora8,PhysionetMI,109,0.6537878787878788,0.6909090909090908,0.6601515151515152,0.0307575757575757,0.037121212121212,0.0063636363636363,B3
film_offset,Cho2017,1,0.5980000000000001,0.6539999999999999,0.5614000000000001,0.0925999999999998,0.0559999999999999,-0.0365999999999999,G
film_offset,Cho2017,2,0.5,0.496,0.508,-0.0119999999999999,-0.004,0.0079999999999999,G
film_offset,Cho2017,3,0.608,0.746,0.6048,0.1411999999999999,0.1379999999999999,-0.0032,G
film_offset,Cho2017,4,0.6719999999999999,0.706,0.6325999999999999,0.0733999999999999,0.0339999999999999,-0.0394,G
film_offset,Cho2017,5,0.99,0.99,0.8892,0.1007999999999999,0.0,-0.1007999999999999,G
film_offset,Cho2017,6,0.8100000000000002,0.8380000000000001,0.7624000000000001,0.0755999999999999,0.0279999999999999,-0.0476,G
film_offset,Cho2017,7,0.5083333333333334,0.4916666666666666,0.4991666666666667,-0.0075,-0.0166666666666666,-0.0091666666666666,G
film_offset,Cho2017,8,0.512,0.53,0.513,0.017,0.0179999999999999,0.001,G
film_offset,Cho2017,9,0.5,0.5983333333333334,0.5393333333333333,0.0589999999999999,0.0983333333333333,0.0393333333333332,G
film_offset,Cho2017,10,0.542,0.5599999999999999,0.5322,0.0277999999999999,0.0179999999999999,-0.0097999999999999,G
film_offset,Cho2017,11,0.55,0.538,0.5376000000000001,0.0004,-0.012,-0.0123999999999999,G
film_offset,Cho2017,12,0.454,0.61,0.4612,0.1488,0.1559999999999999,0.0071999999999999,G
film_offset,Cho2017,13,0.618,0.938,0.6476,0.2903999999999999,0.3199999999999999,0.0295999999999999,G
film_offset,Cho2017,14,0.622,0.8640000000000001,0.6104,0.2535999999999999,0.2419999999999999,-0.0115999999999999,G
film_offset,Cho2017,15,0.524,0.522,0.5086,0.0133999999999999,-0.0019999999999999,-0.0154,G
film_offset,Cho2017,16,0.556,0.5599999999999999,0.5484,0.0115999999999999,0.0039999999999999,-0.0075999999999999,G
film_offset,Cho2017,17,0.4939999999999999,0.532,0.5236000000000001,0.0083999999999999,0.0379999999999999,0.0295999999999999,G
film_offset,Cho2017,18,0.542,0.614,0.5523999999999999,0.0616,0.0719999999999999,0.0103999999999999,G
film_offset,Cho2017,19,0.532,0.512,0.5084,0.0036,-0.02,-0.0236,G
film_offset,Cho2017,20,0.5740000000000001,0.608,0.5682,0.0397999999999999,0.0339999999999999,-0.0057999999999999,G
film_offset,Cho2017,21,0.522,0.6,0.5471999999999999,0.0528,0.0779999999999999,0.0251999999999999,G
film_offset,Cho2017,22,0.5439999999999999,0.506,0.5224,-0.0163999999999999,-0.0379999999999999,-0.0216,G
film_offset,Cho2017,23,0.514,0.512,0.5062,0.0057999999999999,-0.002,-0.0077999999999999,G
film_offset,Cho2017,24,0.5,0.554,0.522,0.0319999999999999,0.0539999999999999,0.022,G
film_offset,Cho2017,25,0.526,0.534,0.5198,0.0141999999999999,0.0079999999999999,-0.0062,G
film_offset,Cho2017,26,0.98,0.998,0.9448,0.0531999999999999,0.018,-0.0351999999999999,G
film_offset,Cho2017,27,0.512,0.524,0.5147999999999999,0.0092,0.0119999999999999,0.0027999999999999,G
film_offset,Cho2017,28,0.532,0.782,0.5574,0.2245999999999999,0.25,0.0254,G
film_offset,Cho2017,29,0.466,0.496,0.4639999999999999,0.0319999999999999,0.03,-0.0019999999999999,G
film_offset,Cho2017,30,0.5760000000000001,0.6619999999999999,0.5936,0.0683999999999999,0.0859999999999998,0.0175999999999999,G
film_offset,Cho2017,31,0.548,0.65,0.538,0.1119999999999999,0.1019999999999999,-0.01,G
film_offset,Cho2017,32,0.514,0.506,0.5142,-0.0081999999999999,-0.0079999999999999,0.0001999999999999,G
film_offset,Cho2017,33,0.518,0.52,0.5128,0.0072,0.0019999999999999,-0.0052,G
film_offset,Cho2017,34,0.554,0.558,0.5386,0.0194,0.004,-0.0154,G
film_offset,Cho2017,35,0.494,0.818,0.5614,0.2566,0.3239999999999999,0.0673999999999999,G
film_offset,Cho2017,36,0.53,0.558,0.537,0.0209999999999999,0.028,0.007,G
film_offset,Cho2017,37,0.86,0.876,0.8412,0.0347999999999999,0.0159999999999999,-0.0188,G
film_offset,Cho2017,38,0.548,0.532,0.5142,0.0177999999999999,-0.0159999999999999,-0.0337999999999999,G
film_offset,Cho2017,39,0.498,0.538,0.5088,0.0291999999999999,0.04,0.0108,G
film_offset,Cho2017,40,0.484,0.472,0.4808,-0.0087999999999999,-0.012,-0.0032,G
film_offset,Cho2017,41,0.526,0.584,0.5488,0.0351999999999999,0.0579999999999999,0.0227999999999999,G
film_offset,Cho2017,42,0.538,0.514,0.5062,0.0077999999999999,-0.024,-0.0318,G
film_offset,Cho2017,43,0.996,0.998,0.951,0.0469999999999999,0.002,-0.0449999999999999,G
film_offset,Cho2017,44,0.868,0.958,0.8160000000000001,0.1419999999999999,0.0899999999999999,-0.0519999999999999,G
film_offset,Cho2017,45,0.522,0.514,0.5212,-0.0071999999999999,-0.0079999999999999,-0.0008,G
film_offset,Cho2017,46,0.5466666666666666,0.5333333333333333,0.5305,0.0028333333333333,-0.0133333333333333,-0.0161666666666666,G
film_offset,Cho2017,47,0.714,0.8859999999999999,0.7512000000000001,0.1347999999999999,0.172,0.0372,G
film_offset,Cho2017,48,0.592,0.604,0.5751999999999999,0.0288,0.012,-0.0168,G
film_offset,Cho2017,49,0.8960000000000001,1.0,0.8984,0.1016,0.104,0.0023999999999999,G
film_offset,Cho2017,50,0.8219999999999998,1.0,0.7804,0.2196,0.178,-0.0416,G
film_offset,Cho2017,51,0.604,0.562,0.5368,0.0251999999999999,-0.0419999999999999,-0.0671999999999999,G
film_offset,Cho2017,52,0.51,0.5720000000000001,0.538,0.0339999999999999,0.0619999999999999,0.0279999999999999,G
film_offset,Dreyer2023,1,0.8683333333333334,0.8583333333333334,0.8263333333333334,0.0319999999999999,-0.01,-0.0419999999999999,G
film_offset,Dreyer2023,2,0.6133333333333333,0.6083333333333334,0.5981666666666666,0.0101666666666667,-0.0049999999999999,-0.0151666666666666,G
film_offset,Dreyer2023,3,0.785,0.8,0.7436666666666667,0.0563333333333333,0.0149999999999999,-0.0413333333333333,G
film_offset,Dreyer2023,5,0.7966666666666666,0.8116666666666668,0.7736666666666666,0.038,0.015,-0.023,G
film_offset,Dreyer2023,6,0.7533333333333333,0.7583333333333333,0.7141666666666666,0.0441666666666666,0.005,-0.0391666666666666,G
film_offset,Dreyer2023,7,0.9266666666666664,0.9433333333333334,0.8779999999999999,0.0653333333333333,0.0166666666666666,-0.0486666666666667,G
film_offset,Dreyer2023,8,0.7783333333333333,0.7783333333333333,0.7536666666666667,0.0246666666666665,-4.232725281383409e-17,-0.0246666666666666,G
film_offset,Dreyer2023,10,0.825,0.85,0.774,0.076,0.025,-0.051,G
film_offset,Dreyer2023,11,0.5966666666666667,0.6566666666666666,0.5966666666666667,0.0599999999999999,0.0599999999999999,-2.0816681711721685e-17,G
film_offset,Dreyer2023,12,0.8783333333333333,0.8883333333333333,0.8108333333333334,0.0774999999999999,0.0099999999999999,-0.0674999999999999,G
film_offset,Dreyer2023,13,0.7266666666666667,0.7316666666666667,0.707,0.0246666666666666,0.005,-0.0196666666666666,G
film_offset,Dreyer2023,14,0.6383333333333333,0.7133333333333333,0.639,0.0743333333333332,0.0749999999999999,0.0006666666666666,G
film_offset,Dreyer2023,15,0.8716666666666667,0.8833333333333332,0.8535,0.0298333333333332,0.0116666666666666,-0.0181666666666665,G
film_offset,Dreyer2023,16,0.8116666666666668,0.8150000000000001,0.7565000000000001,0.0584999999999999,0.0033333333333333,-0.0551666666666666,G
film_offset,Dreyer2023,18,0.8616666666666667,0.8800000000000001,0.8026666666666668,0.0773333333333333,0.0183333333333333,-0.0589999999999999,G
film_offset,Dreyer2023,19,0.8366666666666667,0.925,0.8089999999999999,0.1159999999999999,0.0883333333333332,-0.0276666666666666,G
film_offset,Dreyer2023,20,0.8066666666666666,0.8316666666666667,0.7868333333333333,0.0448333333333332,0.025,-0.0198333333333333,G
film_offset,Dreyer2023,21,0.9133333333333332,0.925,0.8976666666666666,0.0273333333333333,0.0116666666666666,-0.0156666666666666,G
film_offset,Dreyer2023,22,0.8216666666666667,0.8783333333333333,0.806,0.0723333333333332,0.0566666666666665,-0.0156666666666666,G
film_offset,Dreyer2023,23,0.7666666666666667,0.76,0.712,0.048,-0.0066666666666666,-0.0546666666666666,G
film_offset,Dreyer2023,24,0.8949999999999999,0.9033333333333332,0.8281666666666666,0.0751666666666666,0.0083333333333332,-0.0668333333333332,G
film_offset,Dreyer2023,25,0.6083333333333334,0.71,0.5988333333333333,0.1111666666666666,0.1016666666666665,-0.0095,G
film_offset,Dreyer2023,26,0.7183333333333334,0.755,0.6908333333333333,0.0641666666666666,0.0366666666666666,-0.0274999999999999,G
film_offset,Dreyer2023,27,0.7383333333333334,0.7866666666666667,0.6983333333333334,0.0883333333333333,0.0483333333333332,-0.0399999999999999,G
film_offset,Dreyer2023,28,0.715,0.7316666666666667,0.7528333333333334,-0.0211666666666666,0.0166666666666666,0.0378333333333333,G
film_offset,Dreyer2023,30,0.6900000000000001,0.71,0.6741666666666667,0.0358333333333333,0.0199999999999999,-0.0158333333333333,G
film_offset,Dreyer2023,31,0.805,0.8433333333333334,0.7595,0.0838333333333332,0.0383333333333333,-0.0454999999999999,G
film_offset,Dreyer2023,32,0.7866666666666667,0.8333333333333334,0.7300000000000001,0.1033333333333332,0.0466666666666666,-0.0566666666666665,G
film_offset,Dreyer2023,33,0.6950000000000001,0.7416666666666667,0.6771666666666667,0.0644999999999999,0.0466666666666666,-0.0178333333333333,G
film_offset,Dreyer2023,34,0.77,0.8,0.7551666666666667,0.0448333333333333,0.0299999999999999,-0.0148333333333333,G
film_offset,Dreyer2023,35,0.7366666666666667,0.8233333333333333,0.6986666666666668,0.1246666666666665,0.0866666666666665,-0.038,G
film_offset,Dreyer2023,36,0.7133333333333334,0.7649999999999999,0.7031666666666666,0.0618333333333332,0.0516666666666665,-0.0101666666666666,G
film_offset,Dreyer2023,37,0.6683333333333333,0.7016666666666667,0.6368333333333334,0.0648333333333332,0.0333333333333332,-0.0314999999999999,G
film_offset,Dreyer2023,38,0.7849999999999999,0.8616666666666667,0.7609999999999999,0.1006666666666667,0.0766666666666666,-0.024,G
film_offset,Dreyer2023,39,0.9133333333333332,0.9366666666666664,0.9031666666666668,0.0334999999999999,0.0233333333333332,-0.0101666666666667,G
film_offset,Dreyer2023,40,0.8017241379310345,0.8172413793103448,0.7603448275862069,0.0568965517241378,0.0155172413793103,-0.0413793103448275,G
film_offset,Dreyer2023,42,0.665,0.7283333333333333,0.6236666666666666,0.1046666666666666,0.0633333333333333,-0.0413333333333333,G
film_offset,Dreyer2023,43,0.8550000000000001,0.8800000000000001,0.8303333333333333,0.0496666666666665,0.0249999999999999,-0.0246666666666666,G
film_offset,Dreyer2023,44,0.6566666666666666,0.6316666666666666,0.6148333333333332,0.0168333333333333,-0.0249999999999999,-0.0418333333333333,G
film_offset,Dreyer2023,45,0.7166666666666667,0.7350000000000001,0.7088333333333334,0.0261666666666666,0.0183333333333333,-0.0078333333333333,G
film_offset,Dreyer2023,46,0.6933333333333334,0.6716666666666666,0.6515,0.0201666666666666,-0.0216666666666667,-0.0418333333333333,G
film_offset,Dreyer2023,47,0.8416666666666666,0.8633333333333333,0.8271666666666666,0.0361666666666666,0.0216666666666666,-0.0144999999999999,G
film_offset,Dreyer2023,48,0.6516666666666666,0.6183333333333334,0.6263333333333334,-0.008,-0.0333333333333333,-0.0253333333333333,G
film_offset,Dreyer2023,49,0.7449999999999999,0.7766666666666666,0.7183333333333334,0.0583333333333333,0.0316666666666666,-0.0266666666666666,G
film_offset,Dreyer2023,50,0.605,0.6316666666666666,0.6111666666666666,0.0204999999999999,0.0266666666666666,0.0061666666666666,G
film_offset,Dreyer2023,51,0.73,0.7616666666666667,0.7033333333333334,0.0583333333333332,0.0316666666666666,-0.0266666666666666,G
film_offset,Dreyer2023,52,0.7516666666666667,0.755,0.7216666666666667,0.0333333333333333,0.0033333333333333,-0.0299999999999999,G
film_offset,Dreyer2023,53,0.7533333333333333,0.79,0.7336666666666666,0.0563333333333333,0.0366666666666666,-0.0196666666666667,G
film_offset,Dreyer2023,54,0.73,0.7316666666666667,0.6825,0.0491666666666665,0.0016666666666666,-0.0474999999999999,G
film_offset,Dreyer2023,55,0.8866666666666667,0.9149999999999998,0.8731666666666665,0.0418333333333332,0.0283333333333332,-0.0134999999999999,G
film_offset,Dreyer2023,56,0.9183333333333332,0.9633333333333332,0.8699999999999999,0.0933333333333333,0.0449999999999999,-0.0483333333333333,G
film_offset,Dreyer2023,57,0.635,0.645,0.6039999999999999,0.041,0.01,-0.031,G
film_offset,Dreyer2023,58,0.9083333333333334,0.905,0.8708333333333333,0.0341666666666665,-0.0033333333333333,-0.0374999999999999,G
film_offset,Dreyer2023,59,0.75,0.7849999999999999,0.75025,0.0347499999999999,0.0349999999999999,0.00025,G
film_offset,Dreyer2023,60,0.7616666666666666,0.77,0.7251666666666666,0.0448333333333333,0.0083333333333333,-0.0364999999999999,G
film_offset,Dreyer2023,61,0.8150000000000001,0.8533333333333333,0.7735000000000001,0.0798333333333332,0.0383333333333333,-0.0414999999999999,G
film_offset,Dreyer2023,62,0.6649999999999999,0.7849999999999999,0.6663333333333333,0.1186666666666666,0.12,0.0013333333333333,G
film_offset,Dreyer2023,63,0.73,0.7266666666666667,0.6940000000000001,0.0326666666666666,-0.0033333333333333,-0.0359999999999999,G
film_offset,Dreyer2023,64,0.705,0.7633333333333333,0.6990000000000001,0.0643333333333332,0.0583333333333332,-0.0059999999999999,G
film_offset,Dreyer2023,65,0.7866666666666667,0.8533333333333333,0.7676666666666667,0.0856666666666666,0.0666666666666666,-0.0189999999999999,G
film_offset,Dreyer2023,66,0.7216666666666667,0.7516666666666667,0.6923333333333332,0.0593333333333333,0.0299999999999999,-0.0293333333333333,G
film_offset,Dreyer2023,67,0.7783333333333333,0.8383333333333333,0.7303333333333334,0.1079999999999999,0.0599999999999999,-0.0479999999999999,G
film_offset,Dreyer2023,68,0.6466666666666667,0.6566666666666666,0.6599999999999999,-0.0033333333333333,0.01,0.0133333333333333,G
film_offset,Dreyer2023,69,0.8216666666666667,0.8283333333333334,0.7831666666666667,0.0451666666666666,0.0066666666666666,-0.0385,G
film_offset,Dreyer2023,70,0.605,0.67,0.5980000000000001,0.0719999999999999,0.065,-0.0069999999999999,G
film_offset,Dreyer2023,71,0.8016666666666665,0.7983333333333333,0.7503333333333334,0.0479999999999999,-0.0033333333333333,-0.0513333333333332,G
film_offset,Dreyer2023,72,0.67,0.7783333333333333,0.6785,0.0998333333333333,0.1083333333333333,0.0084999999999999,G
film_offset,Dreyer2023,73,0.6666666666666666,0.8033333333333333,0.6741666666666667,0.1291666666666666,0.1366666666666667,0.0075,G
film_offset,Dreyer2023,74,0.7366666666666667,0.7216666666666667,0.6933333333333334,0.0283333333333333,-0.015,-0.0433333333333333,G
film_offset,Dreyer2023,75,0.7350000000000001,0.7616666666666666,0.7193333333333334,0.0423333333333332,0.0266666666666666,-0.0156666666666666,G
film_offset,Dreyer2023,76,0.77,0.8366666666666667,0.7486666666666666,0.0879999999999999,0.0666666666666666,-0.0213333333333332,G
film_offset,Dreyer2023,77,0.7466666666666667,0.77,0.7326666666666667,0.0373333333333333,0.0233333333333333,-0.0139999999999999,G
film_offset,Dreyer2023,80,0.6950000000000001,0.65,0.6221666666666668,0.0278333333333332,-0.0449999999999999,-0.0728333333333332,G
film_offset,Dreyer2023,81,0.7833333333333334,0.77,0.7206666666666667,0.0493333333333332,-0.0133333333333333,-0.0626666666666666,G
film_offset,Dreyer2023,82,0.7383333333333334,0.825,0.7453333333333333,0.0796666666666666,0.0866666666666665,0.0069999999999999,G
film_offset,Dreyer2023,83,0.6466666666666667,0.6983333333333334,0.6293333333333333,0.069,0.0516666666666666,-0.0173333333333333,G
film_offset,Dreyer2023,84,0.7566666666666666,0.79,0.7148333333333333,0.0751666666666666,0.0333333333333333,-0.0418333333333332,G
film_offset,Dreyer2023,85,0.705,0.7633333333333333,0.6625,0.1008333333333332,0.0583333333333333,-0.0424999999999999,G
film_offset,Dreyer2023,86,0.775,0.7733333333333333,0.7478333333333333,0.0254999999999999,-0.0016666666666666,-0.0271666666666665,G
film_offset,Dreyer2023,87,0.7649999999999999,0.8150000000000001,0.7541666666666667,0.0608333333333332,0.0499999999999999,-0.0108333333333333,G
film_offset,PhysionetMI,1,0.8901515151515152,0.8477272727272729,0.830530303030303,0.0171969696969696,-0.0424242424242424,-0.059621212121212,G
film_offset,PhysionetMI,2,0.8915384615384616,0.9192307692307692,0.8950000000000001,0.0242307692307691,0.0276923076923076,0.0034615384615384,G
film_offset,PhysionetMI,3,0.9416666666666668,0.9825757575757575,0.8528787878787879,0.1296969696969696,0.0409090909090908,-0.0887878787878787,G
film_offset,PhysionetMI,4,0.9196969696969696,0.931818181818182,0.9087121212121212,0.0231060606060606,0.012121212121212,-0.0109848484848485,G
film_offset,PhysionetMI,5,0.7219696969696969,0.6371212121212121,0.6699242424242424,-0.0328030303030303,-0.0848484848484848,-0.0520454545454544,G
film_offset,PhysionetMI,6,0.8734848484848484,0.9212121212121211,0.8227272727272726,0.0984848484848485,0.0477272727272727,-0.0507575757575758,G
film_offset,PhysionetMI,7,0.9575757575757576,0.975,0.9411363636363635,0.0338636363636363,0.0174242424242424,-0.0164393939393939,G
film_offset,PhysionetMI,8,0.8393939393939395,0.8833333333333334,0.7847727272727273,0.098560606060606,0.0439393939393938,-0.0546212121212121,G
film_offset,PhysionetMI,9,0.94,0.8800000000000001,0.8641538461538462,0.0158461538461539,-0.0599999999999999,-0.0758461538461538,G
film_offset,PhysionetMI,10,0.6476923076923077,0.67,0.6426153846153846,0.0273846153846153,0.0223076923076922,-0.005076923076923,G
film_offset,PhysionetMI,11,0.7015151515151515,0.5901515151515151,0.6866666666666668,-0.0965151515151515,-0.1113636363636363,-0.0148484848484847,G
film_offset,PhysionetMI,12,0.8818181818181818,0.8742424242424243,0.8192424242424243,0.0549999999999998,-0.0075757575757575,-0.0625757575757574,G
film_offset,PhysionetMI,13,0.8325757575757576,0.7621212121212121,0.7642424242424243,-0.002121212121212,-0.0704545454545454,-0.0683333333333333,G
film_offset,PhysionetMI,14,0.6643939393939393,0.7522727272727273,0.6968181818181819,0.0554545454545454,0.0878787878787879,0.0324242424242424,G
film_offset,PhysionetMI,15,0.8746153846153847,0.9546153846153846,0.8591538461538463,0.0954615384615384,0.0799999999999999,-0.0154615384615384,G
film_offset,PhysionetMI,16,0.671969696969697,0.5621212121212121,0.6029545454545455,-0.0408333333333333,-0.1098484848484847,-0.0690151515151514,G
film_offset,PhysionetMI,17,0.8242424242424242,0.8272727272727274,0.7611363636363636,0.0661363636363635,0.003030303030303,-0.0631060606060605,G
film_offset,PhysionetMI,18,0.9643939393939396,0.9545454545454548,0.931439393939394,0.0231060606060605,-0.0098484848484848,-0.0329545454545453,G
film_offset,PhysionetMI,19,0.8734848484848484,0.8931818181818182,0.7917424242424242,0.1014393939393939,0.0196969696969696,-0.0817424242424242,G
film_offset,PhysionetMI,20,0.8136363636363637,0.9643939393939396,0.8307575757575758,0.1336363636363636,0.1507575757575757,0.0171212121212121,G
film_offset,PhysionetMI,21,0.7174242424242425,0.7840909090909091,0.6918181818181818,0.0922727272727272,0.0666666666666666,-0.0256060606060606,G
film_offset,PhysionetMI,22,0.9386363636363636,0.9727272727272728,0.9077272727272728,0.0649999999999998,0.0340909090909091,-0.0309090909090907,G
film_offset,PhysionetMI,23,0.7615384615384615,0.7469230769230769,0.7215384615384616,0.0253846153846153,-0.0146153846153845,-0.0399999999999999,G
film_offset,PhysionetMI,24,0.7507575757575757,0.740909090909091,0.6615151515151515,0.0793939393939394,-0.0098484848484848,-0.0892424242424242,G
film_offset,PhysionetMI,25,0.5878787878787879,0.6553030303030303,0.5950757575757576,0.0602272727272726,0.0674242424242424,0.0071969696969697,G
film_offset,PhysionetMI,26,0.5884615384615384,0.4815384615384615,0.5611538461538462,-0.0796153846153846,-0.1069230769230769,-0.0273076923076922,G
film_offset,PhysionetMI,27,0.843939393939394,0.8454545454545455,0.8076515151515151,0.0378030303030302,0.0015151515151515,-0.0362878787878787,G
film_offset,PhysionetMI,28,0.7833333333333334,0.843939393939394,0.7512878787878788,0.0926515151515151,0.0606060606060605,-0.0320454545454545,G
film_offset,PhysionetMI,29,0.8272727272727274,0.8712121212121213,0.785530303030303,0.0856818181818181,0.0439393939393939,-0.0417424242424242,G
film_offset,PhysionetMI,30,0.8568181818181818,0.865909090909091,0.8440151515151516,0.0218939393939393,0.0090909090909091,-0.0128030303030302,G
film_offset,PhysionetMI,31,0.7318181818181818,0.7325757575757577,0.7145454545454546,0.0180303030303029,0.0007575757575757,-0.0172727272727271,G
film_offset,PhysionetMI,32,0.9423076923076924,0.9346153846153846,0.8435384615384616,0.0910769230769231,-0.0076923076923076,-0.0987692307692307,G
film_offset,PhysionetMI,33,0.8772727272727273,0.875,0.8606060606060606,0.0143939393939394,-0.0022727272727272,-0.0166666666666666,G
film_offset,PhysionetMI,34,0.7861538461538461,0.8138461538461538,0.7506153846153846,0.0632307692307692,0.0276923076923077,-0.0355384615384614,G
film_offset,PhysionetMI,35,0.8151515151515152,0.8401515151515152,0.7644696969696969,0.0756818181818181,0.0249999999999999,-0.0506818181818181,G
film_offset,PhysionetMI,36,0.8696969696969697,0.8507575757575758,0.8262121212121212,0.0245454545454545,-0.0189393939393938,-0.0434848484848484,G
film_offset,PhysionetMI,37,0.6143939393939395,0.843939393939394,0.6631818181818183,0.1807575757575757,0.2295454545454545,0.0487878787878788,G
film_offset,PhysionetMI,38,0.356060606060606,0.4227272727272727,0.409621212121212,0.0131060606060606,0.0666666666666666,0.0535606060606059,G
film_offset,PhysionetMI,39,0.6651515151515152,0.7553030303030303,0.6681060606060607,0.0871969696969695,0.0901515151515151,0.0029545454545454,G
film_offset,PhysionetMI,40,0.9106060606060608,0.9469696969696968,0.8765909090909092,0.0703787878787877,0.0363636363636363,-0.0340151515151514,G
film_offset,PhysionetMI,41,0.9669230769230768,0.8992307692307693,0.902153846153846,-0.0029230769230768,-0.0676923076923076,-0.0647692307692307,G
film_offset,PhysionetMI,42,0.8810606060606061,0.8901515151515152,0.847121212121212,0.043030303030303,0.0090909090909091,-0.0339393939393939,G
film_offset,PhysionetMI,43,0.8121212121212121,0.8636363636363636,0.798939393939394,0.0646969696969697,0.0515151515151515,-0.0131818181818181,G
film_offset,PhysionetMI,44,0.8962121212121211,0.8757575757575757,0.8703030303030304,0.0054545454545455,-0.0204545454545454,-0.0259090909090909,G
film_offset,PhysionetMI,45,0.7439393939393939,0.7522727272727273,0.7265909090909092,0.0256818181818181,0.0083333333333333,-0.0173484848484848,G
film_offset,PhysionetMI,46,0.7666666666666667,0.8037878787878789,0.7606060606060606,0.0431818181818181,0.037121212121212,-0.0060606060606061,G
film_offset,PhysionetMI,47,0.7136363636363636,0.7484848484848485,0.6822727272727273,0.0662121212121212,0.0348484848484848,-0.0313636363636363,G
film_offset,PhysionetMI,48,0.975,0.9833333333333332,0.9519696969696968,0.0313636363636363,0.0083333333333333,-0.023030303030303,G
film_offset,PhysionetMI,49,0.7196969696969697,0.7696969696969698,0.7075,0.0621969696969697,0.05,-0.0121969696969697,G
film_offset,PhysionetMI,50,0.7166666666666666,0.8416666666666666,0.7516666666666667,0.0899999999999999,0.1249999999999999,0.035,G
film_offset,PhysionetMI,51,0.8295454545454547,0.9212121212121211,0.7778030303030303,0.1434090909090908,0.0916666666666666,-0.0517424242424242,G
film_offset,PhysionetMI,52,0.8392307692307692,0.8323076923076924,0.7653076923076924,0.0669999999999999,-0.0069230769230768,-0.0739230769230768,G
film_offset,PhysionetMI,53,0.8090909090909092,0.9333333333333332,0.8165909090909091,0.116742424242424,0.124242424242424,0.0074999999999999,G
film_offset,PhysionetMI,54,0.8878787878787879,0.8954545454545453,0.8693181818181819,0.0261363636363635,0.0075757575757575,-0.018560606060606,G
film_offset,PhysionetMI,55,0.8340909090909092,0.8515151515151516,0.8450757575757576,0.0064393939393939,0.0174242424242424,0.0109848484848484,G
film_offset,PhysionetMI,56,0.8537878787878789,0.8590909090909091,0.7843181818181819,0.0747727272727271,0.0053030303030303,-0.0694696969696968,G
film_offset,PhysionetMI,57,0.9666666666666665,0.95,0.9471969696969698,0.0028030303030302,-0.0166666666666666,-0.0194696969696968,G
film_offset,PhysionetMI,58,0.7807692307692308,0.8592307692307692,0.7853846153846153,0.0738461538461538,0.0784615384615384,0.0046153846153845,G
film_offset,PhysionetMI,59,0.6371212121212121,0.6575757575757575,0.5978030303030304,0.0597727272727271,0.0204545454545454,-0.0393181818181817,G
film_offset,PhysionetMI,60,0.8246153846153847,0.8807692307692309,0.8236923076923077,0.057076923076923,0.056153846153846,-0.0009230769230769,G
film_offset,PhysionetMI,61,0.9636363636363636,0.9545454545454548,0.9353030303030304,0.0192424242424242,-0.009090909090909,-0.0283333333333333,G
film_offset,PhysionetMI,62,0.9416666666666668,0.9416666666666668,0.9220454545454546,0.019621212121212,0.0,-0.019621212121212,G
film_offset,PhysionetMI,63,0.7742424242424242,0.7621212121212121,0.7375757575757576,0.0245454545454545,-0.0121212121212121,-0.0366666666666666,G
film_offset,PhysionetMI,64,0.7363636363636364,0.7477272727272728,0.7103787878787878,0.0373484848484848,0.0113636363636363,-0.0259848484848484,G
film_offset,PhysionetMI,65,0.8893939393939394,0.9484848484848484,0.8701515151515151,0.0783333333333333,0.059090909090909,-0.0192424242424242,G
film_offset,PhysionetMI,66,0.8,0.7196969696969697,0.7423484848484848,-0.022651515151515,-0.0803030303030302,-0.0576515151515152,G
film_offset,PhysionetMI,67,0.8242424242424242,0.8545454545454547,0.8434090909090909,0.0111363636363637,0.0303030303030303,0.0191666666666666,G
film_offset,PhysionetMI,68,0.706060606060606,0.693939393939394,0.690530303030303,0.0034090909090909,-0.0121212121212121,-0.015530303030303,G
film_offset,PhysionetMI,69,0.6876923076923077,0.8407692307692308,0.6907692307692308,0.1499999999999999,0.153076923076923,0.0030769230769231,G
film_offset,PhysionetMI,70,0.9484848484848484,0.956060606060606,0.8801515151515151,0.0759090909090908,0.0075757575757575,-0.0683333333333333,G
film_offset,PhysionetMI,71,0.9242424242424242,0.9333333333333332,0.8878787878787879,0.0454545454545454,0.0090909090909091,-0.0363636363636363,G
film_offset,PhysionetMI,72,0.9636363636363636,0.990909090909091,0.9523484848484848,0.0385606060606059,0.0272727272727272,-0.0112878787878787,G
film_offset,PhysionetMI,73,0.7121212121212122,0.7128787878787879,0.7512121212121212,-0.0383333333333333,0.0007575757575757,0.039090909090909,G
film_offset,PhysionetMI,74,0.7583333333333334,0.815909090909091,0.6986363636363636,0.1172727272727272,0.0575757575757575,-0.0596969696969697,G
film_offset,PhysionetMI,75,0.7742424242424242,0.6863636363636363,0.7456818181818182,-0.0593181818181817,-0.0878787878787878,-0.028560606060606,G
film_offset,PhysionetMI,76,0.5719696969696969,0.4863636363636363,0.6007575757575758,-0.1143939393939393,-0.0856060606060605,0.0287878787878787,G
film_offset,PhysionetMI,77,0.6060606060606061,0.6310606060606061,0.6184848484848484,0.0125757575757575,0.025,0.0124242424242424,G
film_offset,PhysionetMI,78,0.4757575757575757,0.4893939393939394,0.4929545454545453,-0.003560606060606,0.0136363636363636,0.0171969696969697,G
film_offset,PhysionetMI,79,0.7704545454545455,0.6962121212121212,0.7221969696969698,-0.0259848484848485,-0.0742424242424242,-0.0482575757575756,G
film_offset,PhysionetMI,80,0.8576923076923076,0.7838461538461539,0.8332307692307692,-0.0493846153846152,-0.0738461538461538,-0.0244615384615385,G
film_offset,PhysionetMI,81,0.8242424242424242,0.8151515151515152,0.7688636363636364,0.0462878787878787,-0.009090909090909,-0.0553787878787878,G
film_offset,PhysionetMI,82,0.8681818181818182,0.8651515151515152,0.8100757575757574,0.0550757575757576,-0.003030303030303,-0.0581060606060606,G
film_offset,PhysionetMI,83,0.7284615384615385,0.8292307692307693,0.6758461538461539,0.1533846153846153,0.1007692307692307,-0.0526153846153845,G
film_offset,PhysionetMI,84,0.8643939393939395,0.8530303030303031,0.8558333333333333,-0.0028030303030303,-0.0113636363636363,-0.008560606060606,G
film_offset,PhysionetMI,85,0.9030303030303032,0.9242424242424242,0.8591666666666666,0.0650757575757575,0.0212121212121212,-0.0438636363636363,G
film_offset,PhysionetMI,86,0.9615384615384616,0.9692307692307692,0.9330769230769228,0.0361538461538461,0.0076923076923076,-0.0284615384615385,G
film_offset,PhysionetMI,87,0.5787878787878789,0.5606060606060606,0.5333333333333333,0.0272727272727273,-0.0181818181818181,-0.0454545454545454,G
film_offset,PhysionetMI,90,0.8492424242424242,0.8848484848484848,0.7746212121212122,0.1102272727272726,0.0356060606060605,-0.0746212121212121,G
film_offset,PhysionetMI,91,0.8568181818181818,0.9083333333333334,0.7493939393939394,0.1589393939393939,0.0515151515151514,-0.1074242424242424,G
film_offset,PhysionetMI,93,0.7818181818181819,0.7916666666666667,0.7712878787878787,0.0203787878787879,0.0098484848484848,-0.010530303030303,G
film_offset,PhysionetMI,94,0.8575757575757577,0.8977272727272728,0.7807575757575758,0.1169696969696969,0.0401515151515151,-0.0768181818181818,G
film_offset,PhysionetMI,95,0.6607692307692308,0.67,0.6348461538461538,0.0351538461538461,0.0092307692307692,-0.0259230769230769,G
film_offset,PhysionetMI,96,0.8318181818181818,0.8371212121212122,0.7828030303030303,0.0543181818181817,0.0053030303030303,-0.0490151515151514,G
film_offset,PhysionetMI,97,0.7946969696969697,0.8393939393939395,0.7841666666666667,0.0552272727272726,0.0446969696969696,-0.0105303030303029,G
film_offset,PhysionetMI,98,0.4409090909090909,0.5265151515151515,0.4796212121212121,0.0468939393939393,0.0856060606060605,0.0387121212121211,G
film_offset,PhysionetMI,99,0.6128787878787879,0.5234848484848484,0.5876515151515151,-0.0641666666666666,-0.0893939393939393,-0.0252272727272726,G
film_offset,PhysionetMI,101,0.8469230769230769,0.9392307692307692,0.8698461538461538,0.0693846153846153,0.0923076923076923,0.0229230769230769,G
film_offset,PhysionetMI,102,0.6348484848484849,0.8,0.6634090909090908,0.1365909090909091,0.1651515151515151,0.028560606060606,G
film_offset,PhysionetMI,103,0.8280303030303029,0.7568181818181818,0.7515909090909091,0.0052272727272726,-0.0712121212121211,-0.0764393939393938,G
film_offset,PhysionetMI,105,0.9416666666666668,0.9416666666666668,0.8865151515151515,0.0551515151515151,0.0,-0.0551515151515151,G
film_offset,PhysionetMI,107,0.5840909090909091,0.5696969696969697,0.5250757575757576,0.0446212121212121,-0.0143939393939393,-0.0590151515151514,G
film_offset,PhysionetMI,108,0.8045454545454545,0.9128787878787878,0.7853030303030303,0.1275757575757576,0.1083333333333333,-0.0192424242424242,G
film_offset,PhysionetMI,109,0.556060606060606,0.6431818181818182,0.5575,0.0856818181818181,0.087121212121212,0.0014393939393939,G
lora8,Cho2017,1,0.634,0.712,0.5728,0.1392,0.0779999999999999,-0.0612,G
lora8,Cho2017,2,0.528,0.496,0.5246000000000001,-0.0285999999999999,-0.032,-0.0034,G
lora8,Cho2017,3,0.6599999999999999,0.868,0.7071999999999999,0.1608,0.208,0.0471999999999999,G
lora8,Cho2017,4,0.6599999999999999,0.724,0.6166,0.1073999999999999,0.0639999999999999,-0.0433999999999999,G
lora8,Cho2017,5,1.0,0.994,0.9834,0.0105999999999999,-0.006,-0.0165999999999999,G
lora8,Cho2017,6,0.8160000000000001,0.8360000000000001,0.792,0.044,0.02,-0.024,G
lora8,Cho2017,7,0.515,0.525,0.5198333333333334,0.0051666666666666,0.01,0.0048333333333333,G
lora8,Cho2017,8,0.542,0.532,0.5272,0.0048,-0.0099999999999999,-0.0147999999999999,G
lora8,Cho2017,9,0.5533333333333333,0.5983333333333334,0.5650000000000001,0.0333333333333333,0.045,0.0116666666666666,G
lora8,Cho2017,10,0.5800000000000001,0.632,0.5438000000000001,0.0881999999999999,0.0519999999999999,-0.0361999999999999,G
lora8,Cho2017,11,0.616,0.594,0.5856,0.0083999999999999,-0.022,-0.0303999999999999,G
lora8,Cho2017,12,0.556,0.732,0.5358,0.1961999999999999,0.1759999999999999,-0.0201999999999999,G
lora8,Cho2017,13,0.834,0.976,0.783,0.1929999999999999,0.1419999999999999,-0.0509999999999999,G
lora8,Cho2017,14,0.696,0.8800000000000001,0.6961999999999999,0.1838,0.184,0.0001999999999999,G
lora8,Cho2017,15,0.524,0.6639999999999999,0.5347999999999999,0.1292,0.1399999999999999,0.0107999999999999,G
lora8,Cho2017,16,0.634,0.642,0.614,0.028,0.008,-0.02,G
lora8,Cho2017,17,0.584,0.592,0.5696000000000001,0.0223999999999999,0.0079999999999999,-0.0143999999999999,G
lora8,Cho2017,18,0.6140000000000001,0.65,0.584,0.0659999999999999,0.0359999999999999,-0.0299999999999999,G
lora8,Cho2017,19,0.518,0.534,0.5254000000000001,0.0085999999999999,0.0159999999999999,0.0074,G
lora8,Cho2017,20,0.626,0.702,0.5790000000000001,0.1229999999999998,0.0759999999999999,-0.0469999999999998,G
lora8,Cho2017,21,0.542,0.6199999999999999,0.5554,0.0645999999999999,0.0779999999999999,0.0134,G
lora8,Cho2017,22,0.592,0.64,0.571,0.0689999999999999,0.0479999999999999,-0.0209999999999999,G
lora8,Cho2017,23,0.562,0.6,0.5446000000000001,0.0553999999999999,0.0379999999999999,-0.0173999999999999,G
lora8,Cho2017,24,0.528,0.608,0.5364,0.0715999999999999,0.0799999999999999,0.0084,G
lora8,Cho2017,25,0.548,0.5720000000000001,0.5714,0.0006,0.024,0.0234,G
lora8,Cho2017,26,0.992,0.998,0.992,0.006,0.006,0.0,G
lora8,Cho2017,27,0.5980000000000001,0.558,0.5782,-0.0201999999999999,-0.0399999999999999,-0.0198,G
lora8,Cho2017,28,0.5980000000000001,0.85,0.5795999999999999,0.2704,0.2519999999999999,-0.0184,G
lora8,Cho2017,29,0.476,0.524,0.4676,0.0563999999999999,0.0479999999999999,-0.0083999999999999,G
lora8,Cho2017,30,0.716,0.74,0.6446000000000001,0.0953999999999999,0.024,-0.0713999999999999,G
lora8,Cho2017,31,0.58,0.64,0.5174000000000001,0.1225999999999999,0.0599999999999999,-0.0625999999999999,G
lora8,Cho2017,32,0.552,0.5640000000000001,0.5534000000000001,0.0105999999999999,0.012,0.0014,G
lora8,Cho2017,33,0.5700000000000001,0.514,0.5452,-0.0311999999999999,-0.0559999999999999,-0.0248,G
lora8,Cho2017,34,0.55,0.544,0.5464,-0.0023999999999999,-0.0059999999999999,-0.0036,G
lora8,Cho2017,35,0.4639999999999999,0.8779999999999999,0.4324,0.4455999999999999,0.414,-0.0315999999999999,G
lora8,Cho2017,36,0.54,0.5599999999999999,0.5728000000000001,-0.0128,0.0199999999999999,0.0328,G
lora8,Cho2017,37,0.8800000000000001,0.8800000000000001,0.8720000000000001,0.0079999999999999,0.0,-0.0079999999999999,G
lora8,Cho2017,38,0.592,0.584,0.5666,0.0173999999999999,-0.0079999999999999,-0.0253999999999999,G
lora8,Cho2017,39,0.528,0.576,0.5446,0.0314,0.0479999999999999,0.0165999999999999,G
lora8,Cho2017,40,0.508,0.534,0.5134000000000001,0.0205999999999999,0.026,0.0054,G
lora8,Cho2017,41,0.616,0.694,0.5812,0.1127999999999998,0.0779999999999999,-0.0347999999999999,G
lora8,Cho2017,42,0.552,0.51,0.5439999999999999,-0.0339999999999999,-0.042,-0.008,G
lora8,Cho2017,43,1.0,1.0,0.9996,0.0004,0.0,-0.0004,G
lora8,Cho2017,44,0.934,0.964,0.922,0.0419999999999999,0.03,-0.0119999999999999,G
lora8,Cho2017,45,0.524,0.528,0.5307999999999999,-0.0027999999999999,0.0039999999999999,0.0067999999999999,G
lora8,Cho2017,46,0.5533333333333333,0.6716666666666666,0.5926666666666667,0.0789999999999999,0.1183333333333332,0.0393333333333332,G
lora8,Cho2017,47,0.808,0.8620000000000001,0.7896,0.0723999999999999,0.0539999999999999,-0.0183999999999999,G
lora8,Cho2017,48,0.644,0.6799999999999999,0.6154,0.0645999999999999,0.0359999999999999,-0.0285999999999999,G
lora8,Cho2017,49,0.996,0.996,0.9872,0.0087999999999999,0.0,-0.0087999999999999,G
lora8,Cho2017,50,0.96,1.0,0.8943999999999999,0.1055999999999999,0.0399999999999999,-0.0655999999999999,G
lora8,Cho2017,51,0.5700000000000001,0.6040000000000001,0.5782,0.0258,0.0339999999999999,0.0081999999999999,G
lora8,Cho2017,52,0.6,0.654,0.5886,0.0653999999999999,0.0539999999999999,-0.0114,G
lora8,Dreyer2023,1,0.8766666666666667,0.9116666666666668,0.8663333333333334,0.0453333333333332,0.0349999999999999,-0.0103333333333332,G
lora8,Dreyer2023,2,0.6933333333333334,0.725,0.6773333333333333,0.0476666666666666,0.0316666666666666,-0.0159999999999999,G
lora8,Dreyer2023,3,0.8316666666666667,0.8150000000000001,0.7889999999999999,0.026,-0.0166666666666666,-0.0426666666666666,G
lora8,Dreyer2023,5,0.8816666666666666,0.885,0.861,0.0239999999999999,0.0033333333333332,-0.0206666666666667,G
lora8,Dreyer2023,6,0.7849999999999999,0.8183333333333334,0.7953333333333333,0.023,0.0333333333333333,0.0103333333333332,G
lora8,Dreyer2023,7,0.9683333333333332,0.9766666666666666,0.9435,0.0331666666666666,0.0083333333333333,-0.0248333333333333,G
lora8,Dreyer2023,8,0.82,0.8816666666666666,0.8418333333333333,0.0398333333333332,0.0616666666666666,0.0218333333333333,G
lora8,Dreyer2023,10,0.9283333333333332,0.9266666666666664,0.9135,0.0131666666666666,-0.0016666666666666,-0.0148333333333332,G
lora8,Dreyer2023,11,0.6266666666666667,0.7283333333333333,0.6134999999999999,0.1148333333333333,0.1016666666666666,-0.0131666666666667,G
lora8,Dreyer2023,12,0.8916666666666666,0.9266666666666667,0.8851666666666667,0.0414999999999999,0.0349999999999999,-0.0064999999999999,G
lora8,Dreyer2023,13,0.7416666666666666,0.76,0.7446666666666666,0.0153333333333334,0.0183333333333333,0.0029999999999999,G
lora8,Dreyer2023,14,0.6983333333333333,0.7566666666666666,0.6905,0.0661666666666666,0.0583333333333333,-0.0078333333333332,G
lora8,Dreyer2023,15,0.925,0.9183333333333332,0.9176666666666669,0.0006666666666666,-0.0066666666666666,-0.0073333333333332,G
lora8,Dreyer2023,16,0.8266666666666668,0.8616666666666667,0.7941666666666667,0.0674999999999999,0.0349999999999999,-0.0325,G
lora8,Dreyer2023,18,0.92,0.9466666666666664,0.9123333333333332,0.0343333333333332,0.0266666666666666,-0.0076666666666665,G
lora8,Dreyer2023,19,0.9066666666666666,0.9566666666666668,0.8779999999999999,0.0786666666666666,0.0499999999999999,-0.0286666666666666,G
lora8,Dreyer2023,20,0.9166666666666666,0.9216666666666666,0.8923333333333334,0.0293333333333333,0.005,-0.0243333333333332,G
lora8,Dreyer2023,21,0.9233333333333332,0.935,0.9046666666666668,0.0303333333333333,0.0116666666666666,-0.0186666666666666,G
lora8,Dreyer2023,22,0.9216666666666666,0.9399999999999998,0.8678333333333332,0.0721666666666666,0.0183333333333333,-0.0538333333333333,G
lora8,Dreyer2023,23,0.74,0.7966666666666666,0.72,0.0766666666666666,0.0566666666666666,-0.0199999999999999,G
lora8,Dreyer2023,24,0.9483333333333333,0.9483333333333336,0.9195,0.0288333333333333,0.0,-0.0288333333333333,G
lora8,Dreyer2023,25,0.6766666666666667,0.7366666666666667,0.6885,0.0481666666666666,0.0599999999999999,0.0118333333333332,G
lora8,Dreyer2023,26,0.805,0.8716666666666667,0.7708333333333333,0.1008333333333333,0.0666666666666666,-0.0341666666666666,G
lora8,Dreyer2023,27,0.8016666666666667,0.8266666666666665,0.7745,0.0521666666666666,0.0249999999999999,-0.0271666666666666,G
lora8,Dreyer2023,28,0.7866666666666666,0.82,0.7943333333333333,0.0256666666666666,0.0333333333333333,0.0076666666666666,G
lora8,Dreyer2023,30,0.7033333333333334,0.7933333333333333,0.7116666666666667,0.0816666666666666,0.0899999999999999,0.0083333333333333,G
lora8,Dreyer2023,31,0.8949999999999999,0.9133333333333332,0.8578333333333333,0.0554999999999999,0.0183333333333333,-0.0371666666666665,G
lora8,Dreyer2023,32,0.845,0.9083333333333332,0.8310000000000001,0.0773333333333333,0.0633333333333332,-0.014,G
lora8,Dreyer2023,33,0.7883333333333333,0.8083333333333333,0.765,0.0433333333333333,0.02,-0.0233333333333333,G
lora8,Dreyer2023,34,0.8183333333333334,0.85,0.8300000000000001,0.0199999999999999,0.0316666666666666,0.0116666666666666,G
lora8,Dreyer2023,35,0.7616666666666666,0.7883333333333333,0.7274999999999999,0.0608333333333333,0.0266666666666667,-0.0341666666666666,G
lora8,Dreyer2023,36,0.8150000000000001,0.8233333333333333,0.8006666666666666,0.0226666666666666,0.0083333333333332,-0.0143333333333333,G
lora8,Dreyer2023,37,0.7366666666666667,0.7616666666666666,0.6966666666666667,0.065,0.0249999999999999,-0.04,G
lora8,Dreyer2023,38,0.8550000000000001,0.91,0.8133333333333332,0.0966666666666665,0.0549999999999999,-0.0416666666666665,G
lora8,Dreyer2023,39,0.925,0.9583333333333334,0.941,0.0173333333333332,0.0333333333333333,0.0159999999999999,G
lora8,Dreyer2023,40,0.8672413793103448,0.8586206896551725,0.8291379310344829,0.0294827586206895,-0.0086206896551724,-0.0381034482758619,G
lora8,Dreyer2023,42,0.7733333333333334,0.8333333333333334,0.7043333333333334,0.1289999999999999,0.0599999999999999,-0.0689999999999999,G
lora8,Dreyer2023,43,0.8833333333333334,0.9033333333333332,0.8765000000000001,0.0268333333333332,0.0199999999999999,-0.0068333333333332,G
lora8,Dreyer2023,44,0.6566666666666666,0.6733333333333333,0.662,0.0113333333333333,0.0166666666666666,0.0053333333333333,G
lora8,Dreyer2023,45,0.7416666666666666,0.8083333333333333,0.7683333333333333,0.0399999999999999,0.0666666666666666,0.0266666666666666,G
lora8,Dreyer2023,46,0.7366666666666667,0.7183333333333333,0.7121666666666667,0.0061666666666666,-0.0183333333333333,-0.0244999999999999,G
lora8,Dreyer2023,47,0.9,0.9183333333333332,0.868,0.0503333333333332,0.0183333333333333,-0.0319999999999999,G
lora8,Dreyer2023,48,0.6616666666666666,0.6833333333333333,0.6475,0.0358333333333333,0.0216666666666666,-0.0141666666666666,G
lora8,Dreyer2023,49,0.775,0.8233333333333335,0.7478333333333333,0.0754999999999999,0.0483333333333333,-0.0271666666666666,G
lora8,Dreyer2023,50,0.64,0.6199999999999999,0.612,0.0079999999999999,-0.02,-0.0279999999999999,G
lora8,Dreyer2023,51,0.7466666666666667,0.7883333333333333,0.74,0.0483333333333332,0.0416666666666666,-0.0066666666666666,G
lora8,Dreyer2023,52,0.7966666666666666,0.8150000000000001,0.7821666666666667,0.0328333333333332,0.0183333333333332,-0.0145,G
lora8,Dreyer2023,53,0.7883333333333333,0.8383333333333333,0.7786666666666666,0.0596666666666666,0.0499999999999999,-0.0096666666666666,G
lora8,Dreyer2023,54,0.7116666666666667,0.755,0.6921666666666667,0.0628333333333333,0.0433333333333333,-0.0194999999999999,G
lora8,Dreyer2023,55,0.94,0.9399999999999998,0.9226666666666666,0.0173333333333332,-1.942890293094024e-17,-0.0173333333333332,G
lora8,Dreyer2023,56,0.9216666666666666,0.98,0.8943333333333333,0.0856666666666666,0.0583333333333333,-0.0273333333333332,G
lora8,Dreyer2023,57,0.6433333333333333,0.6666666666666666,0.6556666666666666,0.0109999999999999,0.0233333333333332,0.0123333333333333,G
lora8,Dreyer2023,58,0.9333333333333332,0.955,0.921,0.0339999999999999,0.0216666666666666,-0.0123333333333332,G
lora8,Dreyer2023,59,0.795,0.8275,0.7585,0.0689999999999999,0.0324999999999999,-0.0365,G
lora8,Dreyer2023,60,0.8333333333333334,0.8783333333333333,0.8068333333333333,0.0715,0.0449999999999999,-0.0265,G
lora8,Dreyer2023,61,0.86,0.8983333333333332,0.8563333333333334,0.0419999999999999,0.0383333333333332,-0.0036666666666665,G
lora8,Dreyer2023,62,0.7466666666666667,0.8333333333333333,0.7446666666666667,0.0886666666666665,0.0866666666666666,-0.0019999999999999,G
lora8,Dreyer2023,63,0.8,0.8366666666666667,0.7816666666666666,0.0549999999999999,0.0366666666666666,-0.0183333333333333,G
lora8,Dreyer2023,64,0.7583333333333334,0.8566666666666667,0.7811666666666668,0.0754999999999999,0.0983333333333332,0.0228333333333333,G
lora8,Dreyer2023,65,0.8400000000000001,0.8816666666666666,0.8151666666666667,0.0664999999999999,0.0416666666666666,-0.0248333333333333,G
lora8,Dreyer2023,66,0.7350000000000001,0.7616666666666666,0.7143333333333334,0.0473333333333332,0.0266666666666665,-0.0206666666666667,G
lora8,Dreyer2023,67,0.8033333333333333,0.825,0.7863333333333333,0.0386666666666666,0.0216666666666666,-0.0169999999999999,G
lora8,Dreyer2023,68,0.75,0.7766666666666666,0.7176666666666666,0.059,0.0266666666666666,-0.0323333333333333,G
lora8,Dreyer2023,69,0.835,0.875,0.8173333333333334,0.0576666666666665,0.0399999999999999,-0.0176666666666666,G
lora8,Dreyer2023,70,0.6816666666666666,0.7150000000000001,0.6543333333333334,0.0606666666666666,0.0333333333333333,-0.0273333333333332,G
lora8,Dreyer2023,71,0.8550000000000001,0.8533333333333333,0.8038333333333334,0.0494999999999999,-0.0016666666666667,-0.0511666666666666,G
lora8,Dreyer2023,72,0.8283333333333334,0.9033333333333332,0.8154999999999999,0.0878333333333332,0.0749999999999999,-0.0128333333333334,G
lora8,Dreyer2023,73,0.7150000000000001,0.85,0.705,0.1449999999999999,0.1349999999999999,-0.0099999999999999,G
lora8,Dreyer2023,74,0.7383333333333333,0.7766666666666666,0.7171666666666667,0.0595,0.0383333333333333,-0.0211666666666666,G
lora8,Dreyer2023,75,0.7733333333333333,0.8166666666666667,0.7551666666666667,0.0614999999999999,0.0433333333333332,-0.0181666666666666,G
lora8,Dreyer2023,76,0.8216666666666667,0.9133333333333332,0.8198333333333332,0.0935,0.0916666666666666,-0.0018333333333333,G
lora8,Dreyer2023,77,0.8316666666666667,0.8416666666666666,0.8063333333333332,0.0353333333333333,0.01,-0.0253333333333333,G
lora8,Dreyer2023,80,0.7116666666666667,0.7733333333333333,0.6805000000000001,0.0928333333333332,0.0616666666666666,-0.0311666666666666,G
lora8,Dreyer2023,81,0.845,0.8416666666666666,0.7983333333333332,0.0433333333333333,-0.0033333333333333,-0.0466666666666666,G
lora8,Dreyer2023,82,0.8233333333333333,0.8899999999999999,0.7838333333333333,0.1061666666666666,0.0666666666666666,-0.0394999999999999,G
lora8,Dreyer2023,83,0.6583333333333334,0.7516666666666667,0.6540000000000001,0.0976666666666665,0.0933333333333332,-0.0043333333333332,G
lora8,Dreyer2023,84,0.8466666666666667,0.8766666666666666,0.8106666666666668,0.0659999999999999,0.03,-0.0359999999999999,G
lora8,Dreyer2023,85,0.745,0.7766666666666666,0.7348333333333332,0.0418333333333332,0.0316666666666666,-0.0101666666666666,G
lora8,Dreyer2023,86,0.8166666666666667,0.8233333333333335,0.8045,0.0188333333333332,0.0066666666666666,-0.0121666666666666,G
lora8,Dreyer2023,87,0.7483333333333333,0.8233333333333333,0.7725000000000001,0.0508333333333332,0.0749999999999999,0.0241666666666667,G
lora8,PhysionetMI,1,0.8530303030303031,0.8098484848484848,0.8270454545454546,-0.0171969696969697,-0.0431818181818181,-0.0259848484848484,G
lora8,PhysionetMI,2,0.9046153846153846,0.9246153846153848,0.8864615384615384,0.0381538461538462,0.0199999999999999,-0.0181538461538462,G
lora8,PhysionetMI,3,0.9651515151515152,0.9651515151515152,0.9465909090909091,0.018560606060606,4.0245584642661923e-17,-0.018560606060606,G
lora8,PhysionetMI,4,0.8924242424242423,0.9113636363636364,0.8918181818181818,0.0195454545454544,0.0189393939393938,-0.0006060606060606,G
lora8,PhysionetMI,5,0.7174242424242424,0.6712121212121211,0.7093181818181818,-0.0381060606060606,-0.0462121212121211,-0.0081060606060605,G
lora8,PhysionetMI,6,0.8651515151515152,0.8962121212121211,0.8308333333333333,0.0653787878787878,0.031060606060606,-0.0343181818181818,G
lora8,PhysionetMI,7,0.9734848484848484,0.975,0.9784848484848484,-0.0034848484848485,0.0015151515151515,0.005,G
lora8,PhysionetMI,8,0.8568181818181818,0.9015151515151516,0.8472727272727273,0.0542424242424242,0.0446969696969697,-0.0095454545454545,G
lora8,PhysionetMI,9,0.9030769230769232,0.9523076923076924,0.86,0.0923076923076923,0.0492307692307692,-0.0430769230769231,G
lora8,PhysionetMI,10,0.67,0.6946153846153846,0.6793076923076924,0.0153076923076923,0.0246153846153846,0.0093076923076923,G
lora8,PhysionetMI,11,0.7181818181818181,0.6742424242424242,0.7234848484848484,-0.0492424242424242,-0.0439393939393939,0.0053030303030302,G
lora8,PhysionetMI,12,0.8810606060606061,0.8704545454545455,0.8632575757575758,0.0071969696969697,-0.0106060606060605,-0.0178030303030302,G
lora8,PhysionetMI,13,0.7946969696969697,0.8174242424242424,0.7588636363636363,0.0585606060606061,0.0227272727272727,-0.0358333333333333,G
lora8,PhysionetMI,14,0.8181818181818181,0.8704545454545455,0.7906818181818183,0.0797727272727272,0.0522727272727272,-0.0274999999999999,G
lora8,PhysionetMI,15,0.9230769230769232,0.9923076923076924,0.9436153846153846,0.0486923076923076,0.0692307692307691,0.0205384615384615,G
lora8,PhysionetMI,16,0.6416666666666666,0.6037878787878788,0.635681818181818,-0.0318939393939393,-0.0378787878787878,-0.0059848484848485,G
lora8,PhysionetMI,17,0.7856060606060605,0.8939393939393939,0.8190909090909091,0.0748484848484848,0.1083333333333333,0.0334848484848485,G
lora8,PhysionetMI,18,1.0,1.0,0.9893181818181818,0.0106818181818181,0.0,-0.0106818181818181,G
lora8,PhysionetMI,19,0.912121212121212,0.8613636363636363,0.8622727272727273,-0.0009090909090909,-0.0507575757575757,-0.0498484848484848,G
lora8,PhysionetMI,20,0.8674242424242424,0.9651515151515152,0.8647727272727274,0.1003787878787878,0.0977272727272726,-0.0026515151515151,G
lora8,PhysionetMI,21,0.7598484848484849,0.821969696969697,0.7616666666666667,0.0603030303030302,0.0621212121212121,0.0018181818181818,G
lora8,PhysionetMI,22,0.9636363636363636,0.9636363636363636,0.9407575757575758,0.0228787878787878,0.0,-0.0228787878787878,G
lora8,PhysionetMI,23,0.7992307692307692,0.8038461538461539,0.7873076923076925,0.0165384615384613,0.0046153846153845,-0.0119230769230768,G
lora8,PhysionetMI,24,0.7946969696969697,0.7598484848484849,0.7750757575757576,-0.0152272727272727,-0.0348484848484848,-0.0196212121212121,G
lora8,PhysionetMI,25,0.603030303030303,0.5545454545454546,0.5737121212121212,-0.0191666666666665,-0.0484848484848484,-0.0293181818181817,G
lora8,PhysionetMI,26,0.6230769230769231,0.5984615384615385,0.6033076923076923,-0.0048461538461538,-0.0246153846153846,-0.0197692307692307,G
lora8,PhysionetMI,27,0.8696969696969697,0.8530303030303031,0.8559848484848486,-0.0029545454545454,-0.0166666666666666,-0.0137121212121211,G
lora8,PhysionetMI,28,0.7977272727272727,0.8333333333333334,0.7994696969696969,0.0338636363636363,0.0356060606060605,0.0017424242424242,G
lora8,PhysionetMI,29,0.7734848484848484,0.9106060606060604,0.7659848484848485,0.1446212121212121,0.1371212121212121,-0.0074999999999999,G
lora8,PhysionetMI,30,0.8681818181818182,0.8924242424242423,0.8825757575757575,0.0098484848484848,0.0242424242424242,0.0143939393939393,G
lora8,PhysionetMI,31,0.7401515151515152,0.7696969696969698,0.7320454545454546,0.0376515151515151,0.0295454545454544,-0.0081060606060607,G
lora8,PhysionetMI,32,0.93,0.9323076923076924,0.9166153846153844,0.0156923076923077,0.0023076923076923,-0.0133846153846153,G
lora8,PhysionetMI,33,0.9204545454545456,0.9303030303030304,0.9236363636363636,0.0066666666666666,0.0098484848484848,0.0031818181818181,G
lora8,PhysionetMI,34,0.8215384615384614,0.8607692307692307,0.7796153846153846,0.0811538461538461,0.0392307692307691,-0.0419230769230768,G
lora8,PhysionetMI,35,0.7962121212121211,0.8037878787878789,0.7745454545454545,0.0292424242424242,0.0075757575757575,-0.0216666666666666,G
lora8,PhysionetMI,36,0.8651515151515152,0.8962121212121212,0.8421212121212122,0.0540909090909091,0.031060606060606,-0.023030303030303,G
lora8,PhysionetMI,37,0.6454545454545455,0.7681818181818182,0.6746969696969697,0.0934848484848484,0.1227272727272727,0.0292424242424242,G
lora8,PhysionetMI,38,0.4878787878787879,0.5333333333333333,0.4431060606060605,0.0902272727272727,0.0454545454545454,-0.0447727272727272,G
lora8,PhysionetMI,39,0.7174242424242425,0.7886363636363637,0.7114393939393939,0.0771969696969697,0.0712121212121211,-0.0059848484848484,G
lora8,PhysionetMI,40,0.990909090909091,0.9568181818181818,0.9396969696969696,0.0171212121212121,-0.034090909090909,-0.0512121212121211,G
lora8,PhysionetMI,41,0.976923076923077,0.9161538461538464,0.9546153846153846,-0.0384615384615384,-0.0607692307692307,-0.0223076923076923,G
lora8,PhysionetMI,42,0.9075757575757576,0.8969696969696969,0.895530303030303,0.001439393939394,-0.0106060606060605,-0.0120454545454545,G
lora8,PhysionetMI,43,0.8628787878787879,0.8621212121212121,0.8457575757575759,0.0163636363636363,-0.0007575757575757,-0.017121212121212,G
lora8,PhysionetMI,44,0.8333333333333334,0.8674242424242425,0.8675,-7.575757575755821e-05,0.0340909090909091,0.0341666666666666,G
lora8,PhysionetMI,45,0.7886363636363637,0.7795454545454545,0.7849242424242424,-0.0053787878787879,-0.0090909090909091,-0.0037121212121211,G
lora8,PhysionetMI,46,0.7143939393939395,0.6909090909090909,0.724090909090909,-0.0331818181818181,-0.0234848484848485,0.0096969696969696,G
lora8,PhysionetMI,47,0.7431818181818182,0.75,0.7424242424242424,0.0075757575757575,0.0068181818181818,-0.0007575757575756,G
lora8,PhysionetMI,48,0.990909090909091,0.990909090909091,0.985,0.0059090909090909,0.0,-0.0059090909090908,G
lora8,PhysionetMI,49,0.746969696969697,0.7401515151515152,0.749469696969697,-0.0093181818181818,-0.0068181818181818,0.0025,G
lora8,PhysionetMI,50,0.7893939393939393,0.8742424242424243,0.7978030303030303,0.0764393939393938,0.0848484848484847,0.0084090909090909,G
lora8,PhysionetMI,51,0.8575757575757577,0.8734848484848484,0.8342424242424242,0.0392424242424242,0.0159090909090908,-0.0233333333333333,G
lora8,PhysionetMI,52,0.8815384615384616,0.8515384615384616,0.8553846153846154,-0.0038461538461538,-0.03,-0.0261538461538462,G
lora8,PhysionetMI,53,0.912121212121212,0.9833333333333334,0.8902272727272729,0.0931060606060605,0.0712121212121212,-0.0218939393939393,G
lora8,PhysionetMI,54,0.8825757575757575,0.9227272727272726,0.8743181818181819,0.0484090909090908,0.0401515151515151,-0.0082575757575757,G
lora8,PhysionetMI,55,0.8727272727272728,0.8893939393939394,0.858939393939394,0.0304545454545455,0.0166666666666666,-0.0137878787878788,G
lora8,PhysionetMI,56,0.8424242424242424,0.8424242424242424,0.8247727272727273,0.0176515151515152,0.0,-0.0176515151515151,G
lora8,PhysionetMI,57,0.9499999999999998,0.9583333333333331,0.943257575757576,0.0150757575757574,0.0083333333333333,-0.0067424242424241,G
lora8,PhysionetMI,58,0.8084615384615385,0.8815384615384616,0.7997692307692308,0.0817692307692306,0.073076923076923,-0.0086923076923076,G
lora8,PhysionetMI,59,0.6742424242424242,0.8068181818181819,0.6304545454545455,0.1763636363636363,0.1325757575757575,-0.0437878787878787,G
lora8,PhysionetMI,60,0.8984615384615384,0.8876923076923078,0.8670769230769231,0.0206153846153846,-0.0107692307692308,-0.0313846153846153,G
lora8,PhysionetMI,61,0.9545454545454548,0.9462121212121212,0.9495454545454546,-0.0033333333333334,-0.0083333333333333,-0.0049999999999999,G
lora8,PhysionetMI,62,0.9583333333333331,0.9666666666666665,0.9249242424242424,0.0417424242424241,0.0083333333333333,-0.0334090909090908,G
lora8,PhysionetMI,63,0.7371212121212121,0.7856060606060605,0.7155303030303031,0.0700757575757575,0.0484848484848484,-0.021590909090909,G
lora8,PhysionetMI,64,0.728030303030303,0.7621212121212121,0.7462121212121213,0.0159090909090908,0.034090909090909,0.0181818181818182,G
lora8,PhysionetMI,65,0.9242424242424242,0.9212121212121211,0.9025,0.0187121212121211,-0.003030303030303,-0.0217424242424242,G
lora8,PhysionetMI,66,0.7871212121212121,0.7477272727272728,0.8203030303030303,-0.0725757575757575,-0.0393939393939393,0.0331818181818181,G
lora8,PhysionetMI,67,0.7909090909090909,0.8560606060606061,0.7866666666666667,0.0693939393939393,0.0651515151515151,-0.0042424242424242,G
lora8,PhysionetMI,68,0.7325757575757577,0.7219696969696969,0.6984848484848485,0.0234848484848484,-0.0106060606060606,-0.034090909090909,G
lora8,PhysionetMI,69,0.8207692307692307,0.8761538461538463,0.8282307692307693,0.0479230769230768,0.0553846153846153,0.0074615384615385,G
lora8,PhysionetMI,70,0.9742424242424242,0.9583333333333331,0.9786363636363636,-0.0203030303030303,-0.0159090909090909,0.0043939393939394,G
lora8,PhysionetMI,71,0.8787878787878787,0.9318181818181815,0.8902272727272728,0.041590909090909,0.0530303030303029,0.0114393939393939,G
lora8,PhysionetMI,72,0.990909090909091,0.990909090909091,0.9768939393939394,0.0140151515151514,0.0,-0.0140151515151514,G
lora8,PhysionetMI,73,0.793939393939394,0.8053030303030303,0.773939393939394,0.0313636363636362,0.0113636363636363,-0.0199999999999999,G
lora8,PhysionetMI,74,0.7674242424242425,0.7522727272727272,0.7512121212121212,0.001060606060606,-0.0151515151515151,-0.0162121212121212,G
lora8,PhysionetMI,75,0.6787878787878788,0.6977272727272728,0.6777272727272727,0.0199999999999999,0.0189393939393938,-0.001060606060606,G
lora8,PhysionetMI,76,0.5522727272727272,0.521969696969697,0.5787878787878787,-0.0568181818181817,-0.0303030303030302,0.0265151515151514,G
lora8,PhysionetMI,77,0.5946969696969697,0.6234848484848484,0.6131818181818182,0.0103030303030303,0.0287878787878788,0.0184848484848484,G
lora8,PhysionetMI,78,0.5946969696969697,0.5242424242424242,0.5557575757575758,-0.0315151515151514,-0.0704545454545454,-0.0389393939393939,G
lora8,PhysionetMI,79,0.7340909090909091,0.7507575757575757,0.7398484848484849,0.0109090909090909,0.0166666666666666,0.0057575757575757,G
lora8,PhysionetMI,80,0.7961538461538462,0.8415384615384616,0.8154615384615385,0.026076923076923,0.0453846153846153,0.0193076923076923,G
lora8,PhysionetMI,81,0.8810606060606062,0.890909090909091,0.866060606060606,0.0248484848484848,0.0098484848484848,-0.015,G
lora8,PhysionetMI,82,0.8280303030303031,0.8939393939393939,0.8602272727272728,0.0337121212121211,0.0659090909090909,0.0321969696969697,G
lora8,PhysionetMI,83,0.6992307692307692,0.7430769230769231,0.6911538461538462,0.0519230769230768,0.0438461538461538,-0.008076923076923,G
lora8,PhysionetMI,84,0.8234848484848485,0.8242424242424242,0.8231818181818182,0.001060606060606,0.0007575757575757,-0.0003030303030302,G
lora8,PhysionetMI,85,0.8613636363636363,0.9583333333333331,0.8596212121212122,0.0987121212121211,0.0969696969696968,-0.0017424242424241,G
lora8,PhysionetMI,86,0.9846153846153848,0.99,0.9719230769230768,0.0180769230769229,0.0053846153846153,-0.0126923076923076,G
lora8,PhysionetMI,87,0.6287878787878787,0.5522727272727274,0.5965909090909092,-0.0443181818181818,-0.0765151515151514,-0.0321969696969695,G
lora8,PhysionetMI,90,0.8742424242424243,0.8765151515151516,0.8555303030303032,0.0209848484848484,0.0022727272727272,-0.0187121212121212,G
lora8,PhysionetMI,91,0.9318181818181815,0.865909090909091,0.8900757575757575,-0.0241666666666666,-0.0659090909090908,-0.0417424242424241,G
lora8,PhysionetMI,93,0.7696969696969698,0.825,0.7874242424242424,0.0375757575757575,0.0553030303030303,0.0177272727272727,G
lora8,PhysionetMI,94,0.7863636363636364,0.8545454545454547,0.8016666666666667,0.0528787878787878,0.0681818181818181,0.0153030303030302,G
lora8,PhysionetMI,95,0.6838461538461539,0.6653846153846155,0.687076923076923,-0.0216923076923076,-0.0184615384615384,0.0032307692307692,G
lora8,PhysionetMI,96,0.8583333333333332,0.8318181818181818,0.8458333333333334,-0.0140151515151515,-0.0265151515151515,-0.0124999999999999,G
lora8,PhysionetMI,97,0.7893939393939393,0.9,0.8181060606060606,0.0818939393939393,0.1106060606060606,0.0287121212121212,G
lora8,PhysionetMI,98,0.4621212121212121,0.4977272727272727,0.4766666666666665,0.021060606060606,0.0356060606060605,0.0145454545454544,G
lora8,PhysionetMI,99,0.6234848484848484,0.5840909090909091,0.6368181818181818,-0.0527272727272726,-0.0393939393939394,0.0133333333333333,G
lora8,PhysionetMI,101,0.9307692307692308,0.976923076923077,0.9027692307692308,0.0741538461538461,0.0461538461538461,-0.0279999999999999,G
lora8,PhysionetMI,102,0.7333333333333334,0.8075757575757576,0.698560606060606,0.1090151515151515,0.0742424242424241,-0.0347727272727273,G
lora8,PhysionetMI,103,0.8242424242424242,0.7803030303030303,0.8172727272727274,-0.0369696969696969,-0.0439393939393939,-0.0069696969696969,G
lora8,PhysionetMI,105,0.906818181818182,0.949242424242424,0.927878787878788,0.0213636363636363,0.0424242424242423,0.021060606060606,G
lora8,PhysionetMI,107,0.5772727272727273,0.5280303030303031,0.5233333333333332,0.0046969696969697,-0.0492424242424242,-0.0539393939393939,G
lora8,PhysionetMI,108,0.8121212121212121,0.8871212121212121,0.8181818181818181,0.0689393939393938,0.075,0.0060606060606061,G
lora8,PhysionetMI,109,0.7106060606060606,0.6916666666666667,0.6774242424242424,0.0142424242424242,-0.0189393939393939,-0.0331818181818182,G
film_offset,Cho2017,1,0.616,0.6799999999999999,0.5966,0.08339999999999995,0.06399999999999996,-0.01939999999999998,R2
film_offset,Cho2017,2,0.534,0.512,0.5154,-0.0034000000000000198,-0.022,-0.01859999999999998,R2
film_offset,Cho2017,3,0.774,0.844,0.7380000000000001,0.10599999999999994,0.06999999999999994,-0.03599999999999996,R2
film_offset,Cho2017,4,0.666,0.696,0.6205999999999999,0.07539999999999998,0.02999999999999998,-0.04539999999999998,R2
film_offset,Cho2017,5,1.0,0.99,0.9488,0.04119999999999994,-0.01,-0.051199999999999954,R2
film_offset,Cho2017,6,0.812,0.8140000000000001,0.7804,0.03360000000000002,0.001999999999999979,-0.03160000000000004,R2
film_offset,Cho2017,7,0.54,0.5533333333333333,0.5376666666666666,0.0156666666666667,0.013333333333333341,-0.00233333333333338,R2
film_offset,Cho2017,8,0.544,0.584,0.5282,0.05579999999999992,0.03999999999999994,-0.01579999999999996,R2
film_offset,Cho2017,9,0.5650000000000001,0.63,0.5583333333333333,0.07166666666666663,0.06499999999999993,-0.006666666666666679,R2
film_offset,Cho2017,10,0.602,0.5780000000000001,0.5588,0.01920000000000002,-0.02399999999999996,-0.043199999999999995,R2
film_offset,Cho2017,11,0.616,0.5820000000000001,0.591,-0.00900000000000004,-0.034000000000000016,-0.02499999999999996,R2
film_offset,Cho2017,12,0.564,0.714,0.5356000000000001,0.17839999999999984,0.14999999999999997,-0.028399999999999904,R2
film_offset,Cho2017,13,0.9460000000000001,0.9800000000000001,0.7736000000000001,0.20639999999999997,0.034,-0.1723999999999999,R2
film_offset,Cho2017,14,0.834,0.8799999999999999,0.7062,0.17379999999999993,0.045999999999999895,-0.12779999999999997,R2
film_offset,Cho2017,15,0.534,0.616,0.5129999999999999,0.10300000000000002,0.08199999999999999,-0.02100000000000004,R2
film_offset,Cho2017,16,0.6779999999999999,0.5740000000000001,0.5856000000000001,-0.011600000000000039,-0.10399999999999991,-0.09239999999999984,R2
film_offset,Cho2017,17,0.5640000000000001,0.5940000000000001,0.5631999999999999,0.03080000000000004,0.02999999999999996,-0.0008000000000000812,R2
film_offset,Cho2017,18,0.63,0.6479999999999999,0.5778000000000001,0.07019999999999994,0.018,-0.05219999999999993,R2
film_offset,Cho2017,19,0.558,0.542,0.5296000000000001,0.0124,-0.016,-0.0284,R2
film_offset,Cho2017,20,0.6,0.614,0.5656,0.04839999999999996,0.014000000000000002,-0.03439999999999996,R2
film_offset,Cho2017,21,0.602,0.5780000000000001,0.5596,0.018399999999999937,-0.02399999999999996,-0.0423999999999999,R2
film_offset,Cho2017,22,0.628,0.5740000000000001,0.5753999999999999,-0.0013999999999999614,-0.05399999999999999,-0.05260000000000005,R2
film_offset,Cho2017,23,0.618,0.626,0.539,0.08699999999999983,0.00799999999999998,-0.07899999999999986,R2
film_offset,Cho2017,24,0.55,0.5980000000000001,0.5374000000000001,0.060599999999999966,0.04799999999999998,-0.012599999999999981,R2
film_offset,Cho2017,25,0.5820000000000001,0.526,0.5524,-0.0264,-0.05599999999999994,-0.02959999999999996,R2
film_offset,Cho2017,26,0.992,0.998,0.9916,0.0063999999999999795,0.006,-0.00039999999999996,R2
film_offset,Cho2017,27,0.5599999999999999,0.592,0.554,0.03800000000000002,0.03199999999999998,-0.006000000000000019,R2
film_offset,Cho2017,28,0.5820000000000001,0.858,0.5574,0.3006,0.27599999999999997,-0.02459999999999998,R2
film_offset,Cho2017,29,0.522,0.516,0.4816,0.03440000000000002,-0.005999999999999998,-0.04039999999999998,R2
film_offset,Cho2017,30,0.748,0.752,0.6282,0.12379999999999994,0.003999999999999979,-0.11979999999999995,R2
film_offset,Cho2017,31,0.558,0.6359999999999999,0.5434,0.0925999999999999,0.07799999999999986,-0.014600000000000021,R2
film_offset,Cho2017,32,0.562,0.546,0.5364000000000001,0.009600000000000003,-0.01599999999999996,-0.02559999999999994,R2
film_offset,Cho2017,33,0.556,0.552,0.5334,0.01860000000000006,-0.003999999999999939,-0.02260000000000002,R2
film_offset,Cho2017,34,0.568,0.532,0.557,-0.02499999999999996,-0.03599999999999996,-0.01099999999999998,R2
film_offset,Cho2017,35,0.358,0.858,0.4258,0.4321999999999999,0.5,0.06779999999999996,R2
film_offset,Cho2017,36,0.5660000000000001,0.552,0.5748,-0.022799999999999963,-0.01399999999999998,0.00879999999999994,R2
film_offset,Cho2017,37,0.874,0.8560000000000001,0.8714000000000001,-0.01539999999999996,-0.01799999999999996,-0.0026,R2
film_offset,Cho2017,38,0.5880000000000001,0.6359999999999999,0.5672,0.0687999999999999,0.047999999999999876,-0.02080000000000002,R2
film_offset,Cho2017,39,0.54,0.556,0.5244,0.03160000000000002,0.016,-0.015600000000000041,R2
film_offset,Cho2017,40,0.48200000000000004,0.488,0.5025999999999999,-0.01460000000000003,0.005999999999999961,0.020600000000000018,R2
film_offset,Cho2017,41,0.62,0.722,0.5732,0.1487999999999999,0.10199999999999995,-0.04679999999999994,R2
film_offset,Cho2017,42,0.554,0.542,0.5317999999999999,0.01020000000000004,-0.01199999999999998,-0.02220000000000002,R2
film_offset,Cho2017,43,1.0,1.0,1.0,0.0,0.0,0.0,R2
film_offset,Cho2017,44,0.9359999999999999,0.954,0.8872,0.06679999999999994,0.018,-0.04879999999999994,R2
film_offset,Cho2017,45,0.538,0.532,0.5256000000000001,0.00639999999999998,-0.006000000000000022,-0.0124,R2
film_offset,Cho2017,46,0.5650000000000001,0.6866666666666668,0.5485,0.13816666666666658,0.12166666666666663,-0.01649999999999992,R2
film_offset,Cho2017,47,0.8300000000000001,0.882,0.8221999999999999,0.059799999999999964,0.05199999999999998,-0.007799999999999999,R2
film_offset,Cho2017,48,0.71,0.6900000000000001,0.6284,0.061599999999999946,-0.019999999999999983,-0.08159999999999994,R2
film_offset,Cho2017,49,1.0,1.0,0.9948,0.00519999999999994,0.0,-0.00519999999999994,R2
film_offset,Cho2017,50,0.9720000000000001,1.0,0.8969999999999999,0.10299999999999995,0.028000000000000004,-0.07499999999999996,R2
film_offset,Cho2017,51,0.6140000000000001,0.594,0.5674,0.02659999999999994,-0.02000000000000002,-0.04659999999999994,R2
film_offset,Cho2017,52,0.558,0.6519999999999999,0.5698,0.0822,0.09399999999999994,0.011799999999999958,R2
film_offset,Dreyer2023,1,0.9083333333333332,0.9049999999999999,0.8801666666666665,0.02483333333333332,-0.00333333333333334,-0.028166666666666618,R2
film_offset,Dreyer2023,2,0.6983333333333334,0.6566666666666666,0.6453333333333333,0.01133333333333328,-0.04166666666666668,-0.05299999999999996,R2
film_offset,Dreyer2023,3,0.8550000000000001,0.8416666666666666,0.8019999999999999,0.0396666666666666,-0.01333333333333336,-0.053000000000000005,R2
film_offset,Dreyer2023,5,0.8983333333333334,0.905,0.8598333333333332,0.04516666666666665,0.0066666666666666385,-0.03849999999999998,R2
film_offset,Dreyer2023,6,0.82,0.8150000000000001,0.7838333333333333,0.031166666666666676,-0.0049999999999999975,-0.03616666666666668,R2
film_offset,Dreyer2023,7,0.9650000000000001,0.9733333333333333,0.9541666666666666,0.01916666666666662,0.00833333333333334,-0.010833333333333299,R2
film_offset,Dreyer2023,8,0.8400000000000001,0.8733333333333333,0.8386666666666667,0.034666666666666617,0.033333333333333284,-0.00133333333333332,R2
film_offset,Dreyer2023,10,0.9366666666666668,0.9433333333333334,0.9041666666666666,0.039166666666666586,0.00666666666666664,-0.032499999999999925,R2
film_offset,Dreyer2023,11,0.605,0.7266666666666667,0.604,0.12266666666666662,0.12166666666666663,-0.0009999999999999996,R2
film_offset,Dreyer2023,12,0.93,0.9283333333333333,0.8800000000000001,0.04833333333333326,-0.0016666666666666607,-0.04999999999999992,R2
film_offset,Dreyer2023,13,0.7616666666666666,0.7616666666666667,0.744,0.01766666666666666,2.0122792321330962e-17,-0.017666666666666643,R2
film_offset,Dreyer2023,14,0.6933333333333334,0.725,0.7076666666666667,0.01733333333333334,0.03166666666666662,0.014333333333333259,R2
film_offset,Dreyer2023,15,0.9316666666666666,0.9400000000000001,0.9175000000000001,0.0225,0.008333333333333321,-0.01416666666666666,R2
film_offset,Dreyer2023,16,0.8300000000000001,0.8666666666666666,0.8036666666666668,0.0629999999999999,0.03666666666666664,-0.02633333333333328,R2
film_offset,Dreyer2023,18,0.9166666666666666,0.9400000000000001,0.9111666666666667,0.0288333333333333,0.0233333333333333,-0.0055,R2
film_offset,Dreyer2023,19,0.9266666666666665,0.9633333333333333,0.8943333333333333,0.06899999999999992,0.03666666666666662,-0.032333333333333304,R2
film_offset,Dreyer2023,20,0.9200000000000002,0.9366666666666668,0.8848333333333332,0.051833333333333245,0.016666666666666642,-0.0351666666666666,R2
film_offset,Dreyer2023,21,0.9283333333333333,0.9483333333333335,0.9181666666666667,0.03016666666666664,0.01999999999999998,-0.01016666666666668,R2
film_offset,Dreyer2023,22,0.9183333333333332,0.9233333333333332,0.8673333333333334,0.05599999999999988,0.00500000000000002,-0.05099999999999988,R2
film_offset,Dreyer2023,23,0.77,0.8116666666666668,0.75,0.061666666666666634,0.041666666666666616,-0.019999999999999983,R2
film_offset,Dreyer2023,24,0.97,0.9483333333333333,0.917,0.03133333333333332,-0.02166666666666658,-0.0529999999999999,R2
film_offset,Dreyer2023,25,0.7133333333333333,0.745,0.6808333333333334,0.06416666666666658,0.031666666666666635,-0.03249999999999994,R2
film_offset,Dreyer2023,26,0.8366666666666667,0.8800000000000001,0.7725,0.10749999999999997,0.0433333333333333,-0.06416666666666662,R2
film_offset,Dreyer2023,27,0.8216666666666667,0.8283333333333334,0.7723333333333333,0.05599999999999996,0.00666666666666664,-0.04933333333333332,R2
film_offset,Dreyer2023,28,0.79,0.8283333333333334,0.7985000000000001,0.02983333333333326,0.03833333333333334,0.008500000000000119,R2
film_offset,Dreyer2023,30,0.7433333333333334,0.7883333333333333,0.7255,0.06283333333333327,0.0449999999999999,-0.01783333333333334,R2
film_offset,Dreyer2023,31,0.9083333333333334,0.9100000000000001,0.8588333333333333,0.05116666666666664,0.0016666666666666802,-0.04949999999999994,R2
film_offset,Dreyer2023,32,0.875,0.9233333333333335,0.8295,0.09383333333333331,0.048333333333333284,-0.04549999999999998,R2
film_offset,Dreyer2023,33,0.805,0.7916666666666666,0.7578333333333334,0.0338333333333333,-0.013333333333333341,-0.04716666666666664,R2
film_offset,Dreyer2023,34,0.8400000000000001,0.8583333333333334,0.8006666666666667,0.057666666666666574,0.01833333333333334,-0.03933333333333326,R2
film_offset,Dreyer2023,35,0.7849999999999999,0.8166666666666667,0.7566666666666666,0.06,0.03166666666666664,-0.02833333333333334,R2
film_offset,Dreyer2023,36,0.8383333333333333,0.835,0.8,0.03499999999999998,-0.0033333333333332993,-0.03833333333333328,R2
film_offset,Dreyer2023,37,0.6950000000000001,0.735,0.6568333333333334,0.07816666666666659,0.03999999999999994,-0.03816666666666668,R2
film_offset,Dreyer2023,38,0.8883333333333333,0.9066666666666666,0.8185,0.08816666666666666,0.01833333333333336,-0.06983333333333326,R2
film_offset,Dreyer2023,39,0.9516666666666665,0.9566666666666667,0.9446666666666665,0.01199999999999996,0.004999999999999999,-0.00699999999999996,R2
film_offset,Dreyer2023,40,0.8775862068965518,0.8706896551724139,0.836206896551724,0.03448275862068974,-0.006896551724137899,-0.04137931034482764,R2
film_offset,Dreyer2023,42,0.7849999999999999,0.835,0.7235,0.11149999999999993,0.05,-0.0614999999999999,R2
film_offset,Dreyer2023,43,0.8966666666666667,0.9016666666666666,0.8851666666666667,0.01649999999999992,0.004999999999999979,-0.01149999999999996,R2
film_offset,Dreyer2023,44,0.6516666666666666,0.67,0.6665,0.0035000000000000213,0.01833333333333332,0.0148333333333333,R2
film_offset,Dreyer2023,45,0.8150000000000001,0.7783333333333333,0.774,0.0043333333333333,-0.03666666666666664,-0.04099999999999994,R2
film_offset,Dreyer2023,46,0.765,0.6783333333333333,0.713,-0.034666666666666554,-0.08666666666666663,-0.052000000000000005,R2
film_offset,Dreyer2023,47,0.9016666666666666,0.915,0.8753333333333334,0.039666666666666586,0.013333333333333358,-0.026333333333333243,R2
film_offset,Dreyer2023,48,0.6533333333333333,0.6816666666666668,0.6551666666666667,0.026500000000000017,0.02833333333333332,0.0018333333333332604,R2
film_offset,Dreyer2023,49,0.835,0.86,0.7723333333333333,0.08766666666666666,0.025000000000000015,-0.0626666666666666,R2
film_offset,Dreyer2023,50,0.6383333333333333,0.6133333333333333,0.6031666666666666,0.01016666666666666,-0.02499999999999994,-0.035166666666666554,R2
film_offset,Dreyer2023,51,0.765,0.7916666666666667,0.7428333333333333,0.04883333333333328,0.026666666666666637,-0.022166666666666657,R2
film_offset,Dreyer2023,52,0.8233333333333335,0.7966666666666666,0.7793333333333333,0.0173333333333333,-0.026666666666666637,-0.04399999999999998,R2
film_offset,Dreyer2023,53,0.8183333333333334,0.845,0.7968333333333334,0.048166666666666615,0.026666666666666616,-0.0215,R2
film_offset,Dreyer2023,54,0.7466666666666667,0.8033333333333333,0.7248333333333333,0.07849999999999994,0.05666666666666655,-0.02183333333333334,R2
film_offset,Dreyer2023,55,0.9299999999999999,0.9349999999999999,0.9205,0.01449999999999996,0.005,-0.00949999999999996,R2
film_offset,Dreyer2023,56,0.95,0.9633333333333333,0.9063333333333334,0.05699999999999987,0.01333333333333334,-0.04366666666666654,R2
film_offset,Dreyer2023,57,0.6716666666666666,0.6516666666666666,0.6645,-0.01283333333333334,-0.020000000000000018,-0.00716666666666668,R2
film_offset,Dreyer2023,58,0.9466666666666665,0.9483333333333333,0.9206666666666667,0.027666666666666638,0.00166666666666666,-0.025999999999999978,R2
film_offset,Dreyer2023,59,0.7975,0.8200000000000001,0.7715,0.04850000000000002,0.022500000000000023,-0.025999999999999978,R2
film_offset,Dreyer2023,60,0.8483333333333334,0.8966666666666667,0.8285,0.0681666666666666,0.04833333333333328,-0.01983333333333332,R2
film_offset,Dreyer2023,61,0.8933333333333333,0.8816666666666666,0.8525,0.029166666666666556,-0.011666666666666659,-0.04083333333333322,R2
film_offset,Dreyer2023,62,0.7816666666666666,0.82,0.7411666666666666,0.0788333333333333,0.038333333333333296,-0.04050000000000002,R2
film_offset,Dreyer2023,63,0.8666666666666666,0.8383333333333333,0.7935000000000001,0.04483333333333326,-0.02833333333333326,-0.07316666666666656,R2
film_offset,Dreyer2023,64,0.7733333333333332,0.8683333333333334,0.7811666666666668,0.08716666666666659,0.095,0.0078333333333334,R2
film_offset,Dreyer2023,65,0.8483333333333334,0.8633333333333333,0.8039999999999999,0.05933333333333336,0.014999999999999996,-0.04433333333333334,R2
film_offset,Dreyer2023,66,0.7183333333333334,0.7550000000000001,0.7115,0.04349999999999994,0.0366666666666667,-0.006833333333333242,R2
film_offset,Dreyer2023,67,0.7916666666666666,0.8099999999999999,0.7688333333333334,0.041166666666666615,0.01833333333333334,-0.02283333333333326,R2
film_offset,Dreyer2023,68,0.735,0.7533333333333333,0.718,0.0353333333333333,0.01833333333333332,-0.01699999999999998,R2
film_offset,Dreyer2023,69,0.845,0.8550000000000001,0.8223333333333335,0.03266666666666662,0.01,-0.02266666666666662,R2
film_offset,Dreyer2023,70,0.665,0.6950000000000001,0.6228333333333333,0.07216666666666664,0.02999999999999998,-0.042166666666666616,R2
film_offset,Dreyer2023,71,0.8266666666666665,0.8566666666666667,0.7903333333333333,0.06633333333333327,0.02999999999999998,-0.0363333333333333,R2
film_offset,Dreyer2023,72,0.8216666666666667,0.8616666666666667,0.7761666666666667,0.08549999999999996,0.03999999999999994,-0.04549999999999998,R2
film_offset,Dreyer2023,73,0.775,0.8649999999999999,0.7236666666666667,0.14133333333333328,0.08999999999999994,-0.05133333333333332,R2
film_offset,Dreyer2023,74,0.7483333333333333,0.76,0.7258333333333333,0.03416666666666666,0.011666666666666659,-0.022499999999999982,R2
film_offset,Dreyer2023,75,0.775,0.7983333333333333,0.7586666666666667,0.0396666666666666,0.0233333333333333,-0.016333333333333318,R2
film_offset,Dreyer2023,76,0.8533333333333333,0.9116666666666667,0.8423333333333332,0.06933333333333333,0.05833333333333328,-0.01100000000000006,R2
film_offset,Dreyer2023,77,0.8516666666666666,0.8266666666666665,0.7995,0.02716666666666658,-0.02499999999999998,-0.052166666666666583,R2
film_offset,Dreyer2023,80,0.7383333333333333,0.7766666666666666,0.6888333333333334,0.08783333333333332,0.038333333333333344,-0.04949999999999994,R2
film_offset,Dreyer2023,81,0.8550000000000001,0.8583333333333332,0.8123333333333334,0.04599999999999986,0.0033333333333332603,-0.04266666666666658,R2
film_offset,Dreyer2023,82,0.7716666666666667,0.875,0.7615,0.11349999999999998,0.10333333333333324,-0.010166666666666721,R2
film_offset,Dreyer2023,83,0.6950000000000001,0.7683333333333333,0.6696666666666667,0.0986666666666666,0.07333333333333328,-0.02533333333333332,R2
film_offset,Dreyer2023,84,0.86,0.8583333333333334,0.7945,0.06383333333333334,-0.0016666666666666399,-0.06549999999999997,R2
film_offset,Dreyer2023,85,0.7766666666666666,0.7733333333333333,0.7218333333333333,0.05149999999999995,-0.0033333333333333396,-0.0548333333333333,R2
film_offset,Dreyer2023,86,0.8533333333333333,0.8,0.7853333333333333,0.01466666666666672,-0.05333333333333323,-0.06799999999999994,R2
film_offset,Dreyer2023,87,0.8266666666666665,0.8483333333333334,0.7765,0.07183333333333332,0.021666666666666702,-0.0501666666666666,R2
film_offset,PhysionetMI,1,0.8371212121212122,0.7924242424242425,0.8119696969696969,-0.019545454545454522,-0.04469696969696964,-0.02515151515151514,R2
film_offset,PhysionetMI,2,0.9123076923076923,0.9323076923076924,0.8568461538461538,0.07546153846153843,0.01999999999999998,-0.055461538461538465,R2
film_offset,PhysionetMI,3,0.9568181818181817,0.9477272727272729,0.9076515151515151,0.040075757575757556,-0.00909090909090902,-0.04916666666666658,R2
film_offset,PhysionetMI,4,0.8734848484848484,0.8787878787878789,0.8736363636363637,0.00515151515151508,0.00530303030303024,0.00015151515151518025,R2
film_offset,PhysionetMI,5,0.7113636363636363,0.6878787878787879,0.7087121212121212,-0.02083333333333342,-0.023484848484848476,-0.002651515151515099,R2
film_offset,PhysionetMI,6,0.8825757575757576,0.8787878787878787,0.8258333333333333,0.05295454545454542,-0.0037878787878787594,-0.05674242424242419,R2
film_offset,PhysionetMI,7,0.990909090909091,0.9583333333333333,0.9506818181818181,0.00765151515151514,-0.03257575757575758,-0.04022727272727272,R2
film_offset,PhysionetMI,8,0.8393939393939395,0.8280303030303031,0.8072727272727273,0.020757575757575777,-0.01136363636363632,-0.03212121212121212,R2
film_offset,PhysionetMI,9,0.9,0.9084615384615384,0.8273846153846154,0.08107692307692302,0.008461538461538461,-0.07261538461538451,R2
film_offset,PhysionetMI,10,0.7330769230769232,0.7,0.6723076923076923,0.027692307692307683,-0.03307692307692304,-0.06076923076923074,R2
film_offset,PhysionetMI,11,0.7348484848484849,0.6901515151515152,0.7401515151515151,-0.04999999999999996,-0.044696969696969714,0.00530303030303026,R2
film_offset,PhysionetMI,12,0.8560606060606061,0.8787878787878787,0.843560606060606,0.03522727272727268,0.022727272727272717,-0.012499999999999959,R2
film_offset,PhysionetMI,13,0.7666666666666667,0.8015151515151515,0.722121212121212,0.07939393939393938,0.034848484848484816,-0.044545454545454576,R2
film_offset,PhysionetMI,14,0.8166666666666667,0.8204545454545455,0.7733333333333332,0.047121212121212216,0.003787878787878841,-0.04333333333333338,R2
film_offset,PhysionetMI,15,0.9307692307692308,0.9823076923076923,0.9237692307692308,0.05853846153846158,0.05153846153846149,-0.007000000000000064,R2
film_offset,PhysionetMI,16,0.6946969696969697,0.5484848484848485,0.6016666666666667,-0.05318181818181812,-0.14621212121212113,-0.093030303030303,R2
film_offset,PhysionetMI,17,0.7765151515151516,0.8628787878787879,0.7876515151515151,0.0752272727272728,0.08636363636363639,0.01113636363636358,R2
film_offset,PhysionetMI,18,1.0,0.990909090909091,0.9516666666666668,0.039242424242424204,-0.00909090909090908,-0.04833333333333326,R2
film_offset,PhysionetMI,19,0.8939393939393939,0.8893939393939393,0.8345454545454546,0.054848484848484744,-0.00454545454545458,-0.0593939393939393,R2
film_offset,PhysionetMI,20,0.8939393939393939,0.956060606060606,0.8274999999999999,0.1285606060606061,0.0621212121212121,-0.06643939393939398,R2
film_offset,PhysionetMI,21,0.7780303030303031,0.746969696969697,0.7335606060606061,0.013409090909090902,-0.031060606060605976,-0.044469696969696916,R2
film_offset,PhysionetMI,22,0.9545454545454547,0.9818181818181818,0.8918181818181818,0.08999999999999993,0.027272727272727237,-0.06272727272727267,R2
film_offset,PhysionetMI,23,0.8092307692307692,0.7415384615384616,0.7454615384615384,-0.00392307692307682,-0.06769230769230758,-0.06376923076923072,R2
film_offset,PhysionetMI,24,0.793939393939394,0.7704545454545455,0.7231060606060606,0.0473484848484848,-0.02348484848484848,-0.07083333333333328,R2
film_offset,PhysionetMI,25,0.5348484848484848,0.5621212121212121,0.5751515151515151,-0.013030303030302979,0.027272727272727237,0.04030303030303028,R2
film_offset,PhysionetMI,26,0.6107692307692307,0.6146153846153846,0.6059230769230769,0.008692307692307683,0.0038461538461538767,-0.004846153846153781,R2
film_offset,PhysionetMI,27,0.8515151515151516,0.8378787878787879,0.8526515151515153,-0.01477272727272724,-0.013636363636363658,0.00113636363636362,R2
film_offset,PhysionetMI,28,0.8424242424242424,0.8613636363636363,0.8059090909090909,0.055454545454545444,0.01893939393939394,-0.03651515151515154,R2
film_offset,PhysionetMI,29,0.7287878787878788,0.8719696969696968,0.8084848484848486,0.06348484848484845,0.14318181818181813,0.07969696969696967,R2
film_offset,PhysionetMI,30,0.9015151515151516,0.8931818181818182,0.8781818181818183,0.01499999999999994,-0.008333333333333361,-0.02333333333333328,R2
film_offset,PhysionetMI,31,0.7833333333333334,0.7606060606060605,0.6887878787878787,0.07181818181818178,-0.0227272727272728,-0.09454545454545456,R2
film_offset,PhysionetMI,32,0.95,0.9223076923076924,0.8945384615384615,0.02776923076923074,-0.027692307692307638,-0.05546153846153838,R2
film_offset,PhysionetMI,33,0.9121212121212121,0.9295454545454545,0.9074242424242425,0.022121212121212118,0.0174242424242424,-0.00469696969696972,R2
film_offset,PhysionetMI,34,0.8038461538461539,0.8461538461538461,0.8106153846153846,0.03553846153846152,0.042307692307692324,0.006769230769230783,R2
film_offset,PhysionetMI,35,0.8227272727272726,0.831060606060606,0.7556818181818181,0.0753787878787878,0.00833333333333334,-0.06704545454545448,R2
film_offset,PhysionetMI,36,0.9386363636363637,0.8969696969696969,0.8423484848484849,0.054621212121212126,-0.041666666666666664,-0.09628787878787877,R2
film_offset,PhysionetMI,37,0.6045454545454546,0.7848484848484849,0.625530303030303,0.15931818181818183,0.18030303030303027,0.02098484848484844,R2
film_offset,PhysionetMI,38,0.48863636363636365,0.42651515151515146,0.4636363636363637,-0.03712121212121212,-0.0621212121212121,-0.025,R2
film_offset,PhysionetMI,39,0.7515151515151516,0.7356060606060606,0.7051515151515152,0.03045454545454544,-0.01590909090909088,-0.04636363636363634,R2
film_offset,PhysionetMI,40,0.9818181818181818,0.9666666666666668,0.8940151515151517,0.07265151515151505,-0.01515151515151512,-0.08780303030303019,R2
film_offset,PhysionetMI,41,0.9923076923076923,0.9084615384615387,0.9456153846153846,-0.037153846153846024,-0.08384615384615372,-0.0466923076923077,R2
film_offset,PhysionetMI,42,0.8583333333333334,0.9378787878787879,0.863181818181818,0.07469696969696973,0.07954545454545454,0.004848484848484741,R2
film_offset,PhysionetMI,43,0.8378787878787879,0.8712121212121213,0.7918181818181818,0.07939393939393936,0.03333333333333332,-0.04606060606060602,R2
film_offset,PhysionetMI,44,0.9053030303030303,0.8606060606060607,0.8957575757575758,-0.03515151515151512,-0.04469696969696964,-0.00954545454545448,R2
film_offset,PhysionetMI,45,0.8151515151515152,0.775,0.7541666666666667,0.0208333333333334,-0.040151515151515056,-0.06098484848484844,R2
film_offset,PhysionetMI,46,0.7416666666666667,0.7356060606060606,0.7306818181818182,0.004924242424242442,-0.0060606060606060415,-0.010984848484848483,R2
film_offset,PhysionetMI,47,0.7583333333333334,0.7560606060606061,0.7403030303030304,0.01575757575757574,-0.0022727272727272796,-0.01803030303030308,R2
film_offset,PhysionetMI,48,1.0,0.9825757575757577,0.9712121212121213,0.011363636363636223,-0.01742424242424242,-0.02878787878787864,R2
film_offset,PhysionetMI,49,0.7712121212121212,0.781060606060606,0.7227272727272728,0.05833333333333326,0.00984848484848482,-0.04848484848484844,R2
film_offset,PhysionetMI,50,0.7886363636363636,0.815909090909091,0.7396212121212121,0.07628787878787874,0.027272727272727244,-0.04901515151515144,R2
film_offset,PhysionetMI,51,0.8575757575757577,0.8507575757575758,0.8025757575757575,0.048181818181818145,-0.006818181818181807,-0.05500000000000001,R2
film_offset,PhysionetMI,52,0.883846153846154,0.8007692307692308,0.8515384615384616,-0.05076923076923079,-0.08307692307692308,-0.0323076923076923,R2
film_offset,PhysionetMI,53,0.8833333333333334,0.9386363636363637,0.8559090909090908,0.08272727272727269,0.0553030303030303,-0.02742424242424238,R2
film_offset,PhysionetMI,54,0.9000000000000001,0.8825757575757575,0.8659848484848485,0.01659090909090906,-0.01742424242424246,-0.03401515151515154,R2
film_offset,PhysionetMI,55,0.8712121212121211,0.8780303030303032,0.8482575757575758,0.029772727272727218,0.006818181818181801,-0.02295454545454544,R2
film_offset,PhysionetMI,56,0.8590909090909091,0.8416666666666668,0.8124242424242425,0.02924242424242422,-0.017424242424242398,-0.04666666666666662,R2
film_offset,PhysionetMI,57,0.9583333333333333,0.9416666666666667,0.9365151515151515,0.005151515151515119,-0.0166666666666666,-0.0218181818181817,R2
film_offset,PhysionetMI,58,0.8292307692307693,0.8761538461538463,0.8103076923076923,0.06584615384615378,0.0469230769230769,-0.01892307692307692,R2
film_offset,PhysionetMI,59,0.675,0.7462121212121212,0.6299242424242424,0.11628787878787872,0.07121212121212118,-0.04507575757575756,R2
film_offset,PhysionetMI,60,0.8584615384615384,0.9061538461538461,0.8503076923076923,0.0558461538461538,0.04769230769230768,-0.00815384615384614,R2
film_offset,PhysionetMI,61,0.9545454545454547,0.9545454545454547,0.9400757575757577,0.014469696969696837,0.0,-0.014469696969696837,R2
film_offset,PhysionetMI,62,0.9416666666666667,0.9666666666666666,0.8891666666666668,0.0774999999999999,0.024999999999999977,-0.05249999999999992,R2
film_offset,PhysionetMI,63,0.8090909090909092,0.7484848484848485,0.7504545454545455,-0.0019696969696969824,-0.06060606060606059,-0.05863636363636362,R2
film_offset,PhysionetMI,64,0.7621212121212121,0.7606060606060605,0.7543181818181818,0.00628787878787874,-0.0015151515151515208,-0.007803030303030259,R2
film_offset,PhysionetMI,65,0.9083333333333334,0.9378787878787879,0.8749242424242425,0.06295454545454542,0.02954545454545452,-0.03340909090909084,R2
film_offset,PhysionetMI,66,0.7704545454545455,0.6856060606060606,0.7217424242424243,-0.03613636363636362,-0.08484848484848487,-0.0487121212121212,R2
film_offset,PhysionetMI,67,0.7492424242424243,0.8568181818181818,0.7881818181818182,0.06863636363636358,0.1075757575757575,0.038939393939393864,R2
film_offset,PhysionetMI,68,0.7242424242424244,0.706060606060606,0.6709090909090909,0.03515151515151516,-0.01818181818181818,-0.05333333333333336,R2
film_offset,PhysionetMI,69,0.8392307692307692,0.8938461538461538,0.8375384615384615,0.05630769230769232,0.054615384615384635,-0.0016923076923077013,R2
film_offset,PhysionetMI,70,0.9651515151515151,0.9583333333333333,0.9320454545454545,0.02628787878787874,-0.0068181818181818595,-0.03310606060606056,R2
film_offset,PhysionetMI,71,0.8969696969696971,0.8969696969696969,0.8624242424242425,0.034545454545454456,-1.97758476261356e-17,-0.034545454545454476,R2
film_offset,PhysionetMI,72,0.9818181818181818,0.9916666666666666,0.9702272727272728,0.021439393939393862,0.00984848484848482,-0.01159090909090904,R2
film_offset,PhysionetMI,73,0.7583333333333334,0.7689393939393939,0.7184848484848485,0.050454545454545384,0.010606060606060539,-0.0398484848484848,R2
film_offset,PhysionetMI,74,0.7916666666666667,0.7356060606060606,0.7036363636363636,0.03196969696969696,-0.05606060606060602,-0.088030303030303,R2
film_offset,PhysionetMI,75,0.6628787878787878,0.6704545454545455,0.6918181818181819,-0.02136363636363634,0.007575757575757659,0.02893939393939398,R2
film_offset,PhysionetMI,76,0.6053030303030302,0.4901515151515151,0.5602272727272728,-0.07007575757575756,-0.11515151515151507,-0.04507575757575746,R2
film_offset,PhysionetMI,77,0.593939393939394,0.7303030303030303,0.6223484848484848,0.10795454545454544,0.13636363636363635,0.028409090909090877,R2
film_offset,PhysionetMI,78,0.5803030303030303,0.525,0.5083333333333334,0.01666666666666666,-0.05530303030303032,-0.07196969696969693,R2
film_offset,PhysionetMI,79,0.7507575757575757,0.6901515151515152,0.7312121212121212,-0.04106060606060604,-0.06060606060606064,-0.01954545454545454,R2
film_offset,PhysionetMI,80,0.8038461538461539,0.7984615384615384,0.7997692307692308,-0.00130769230769232,-0.005384615384615399,-0.004076923076923064,R2
film_offset,PhysionetMI,81,0.8803030303030305,0.8727272727272728,0.8099242424242424,0.06280303030303026,-0.00757575757575758,-0.07037878787878787,R2
film_offset,PhysionetMI,82,0.8371212121212122,0.775,0.8002272727272727,-0.025227272727272758,-0.06212121212121212,-0.036893939393939354,R2
film_offset,PhysionetMI,83,0.7615384615384616,0.7338461538461538,0.7038461538461538,0.029999999999999936,-0.027692307692307683,-0.05769230769230764,R2
film_offset,PhysionetMI,84,0.8462121212121213,0.8742424242424243,0.8496969696969698,0.02454545454545448,0.028030303030303037,0.00348484848484856,R2
film_offset,PhysionetMI,85,0.8795454545454545,0.9499999999999998,0.8538636363636364,0.09613636363636344,0.07045454545454538,-0.025681818181818063,R2
film_offset,PhysionetMI,86,0.9846153846153847,0.99,0.9563846153846154,0.03361538461538458,0.00538461538461536,-0.02823076923076922,R2
film_offset,PhysionetMI,87,0.646969696969697,0.615909090909091,0.5807575757575758,0.035151515151515114,-0.031060606060606,-0.06621212121212114,R2
film_offset,PhysionetMI,90,0.8742424242424243,0.865909090909091,0.8136363636363637,0.05227272727272723,-0.008333333333333378,-0.06060606060606062,R2
film_offset,PhysionetMI,91,0.8916666666666666,0.85,0.7789393939393939,0.07106060606060603,-0.041666666666666616,-0.11272727272727263,R2
film_offset,PhysionetMI,93,0.7787878787878788,0.8287878787878789,0.7632575757575758,0.06553030303030301,0.04999999999999994,-0.01553030303030302,R2
film_offset,PhysionetMI,94,0.8030303030303031,0.8371212121212122,0.7904545454545455,0.0466666666666666,0.03409090909090906,-0.0125757575757575,R2
film_offset,PhysionetMI,95,0.6238461538461538,0.6861538461538461,0.6396153846153846,0.046538461538461515,0.062307692307692245,0.015769230769230723,R2
film_offset,PhysionetMI,96,0.8666666666666666,0.8651515151515152,0.8072727272727274,0.05787878787878779,-0.0015151515151515208,-0.0593939393939393,R2
film_offset,PhysionetMI,97,0.7795454545454545,0.8462121212121211,0.806060606060606,0.040151515151515146,0.06666666666666665,0.02651515151515152,R2
film_offset,PhysionetMI,98,0.4712121212121212,0.4583333333333333,0.47742424242424236,-0.01909090909090904,-0.012878787878787882,0.006212121212121159,R2
film_offset,PhysionetMI,99,0.6212121212121212,0.543939393939394,0.5904545454545455,-0.04651515151515148,-0.07727272727272726,-0.03075757575757574,R2
film_offset,PhysionetMI,101,0.8976923076923077,0.9284615384615386,0.8640000000000001,0.06446153846153846,0.030769230769230792,-0.03369230769230762,R2
film_offset,PhysionetMI,102,0.7886363636363637,0.8545454545454547,0.6946212121212121,0.15992424242424244,0.06590909090909092,-0.09401515151515152,R2
film_offset,PhysionetMI,103,0.8568181818181818,0.7606060606060606,0.8131818181818182,-0.05257575757575757,-0.09621212121212111,-0.043636363636363557,R2
film_offset,PhysionetMI,105,0.8992424242424244,0.9409090909090908,0.8636363636363636,0.07727272727272713,0.04166666666666656,-0.0356060606060606,R2
film_offset,PhysionetMI,107,0.5742424242424242,0.5674242424242424,0.509090909090909,0.05833333333333328,-0.006818181818181823,-0.06515151515151514,R2
film_offset,PhysionetMI,108,0.8204545454545455,0.8416666666666666,0.7715909090909092,0.0700757575757575,0.02121212121212116,-0.048863636363636345,R2
film_offset,PhysionetMI,109,0.6787878787878788,0.6454545454545454,0.6440151515151514,0.0014393939393939792,-0.03333333333333336,-0.03477272727272736,R2
lora8,Cho2017,1,0.616,0.706,0.5976000000000001,0.1083999999999999,0.08999999999999994,-0.018399999999999937,R2
lora8,Cho2017,2,0.534,0.55,0.5389999999999999,0.01100000000000006,0.01599999999999998,0.0049999999999999194,R2
lora8,Cho2017,3,0.774,0.8640000000000001,0.7352000000000001,0.12879999999999991,0.08999999999999994,-0.03880000000000002,R2
lora8,Cho2017,4,0.666,0.72,0.6215999999999999,0.09839999999999996,0.05399999999999996,-0.04439999999999996,R2
lora8,Cho2017,5,1.0,0.994,0.9766,0.01739999999999996,-0.006,-0.02339999999999996,R2
lora8,Cho2017,6,0.812,0.8320000000000001,0.7914,0.04060000000000002,0.01999999999999998,-0.020600000000000042,R2
lora8,Cho2017,7,0.54,0.5666666666666667,0.5226666666666666,0.04399999999999994,0.02666666666666666,-0.017333333333333277,R2
lora8,Cho2017,8,0.544,0.5640000000000001,0.5266,0.03739999999999996,0.02,-0.01739999999999996,R2
lora8,Cho2017,9,0.5650000000000001,0.5933333333333334,0.5701666666666666,0.023166666666666638,0.02833333333333326,0.0051666666666666,R2
lora8,Cho2017,10,0.602,0.632,0.5344,0.09760000000000006,0.030000000000000006,-0.06760000000000004,R2
lora8,Cho2017,11,0.616,0.632,0.5918,0.040199999999999944,0.01599999999999996,-0.024199999999999982,R2
lora8,Cho2017,12,0.564,0.758,0.5612,0.19679999999999995,0.194,-0.0027999999999999787,R2
lora8,Cho2017,13,0.9460000000000001,0.9560000000000001,0.8496,0.10639999999999997,0.01,-0.09639999999999993,R2
lora8,Cho2017,14,0.834,0.8800000000000001,0.7648,0.11519999999999993,0.045999999999999916,-0.06919999999999996,R2
lora8,Cho2017,15,0.534,0.594,0.5304,0.06359999999999998,0.05999999999999994,-0.003600000000000059,R2
lora8,Cho2017,16,0.6779999999999999,0.634,0.6102000000000001,0.02379999999999994,-0.04399999999999996,-0.0677999999999999,R2
lora8,Cho2017,17,0.5640000000000001,0.634,0.5652,0.06879999999999992,0.06999999999999991,0.0011999999999999802,R2
lora8,Cho2017,18,0.63,0.6479999999999999,0.5922,0.05579999999999996,0.018,-0.03779999999999996,R2
lora8,Cho2017,19,0.558,0.534,0.5256000000000001,0.008400000000000001,-0.02399999999999998,-0.03239999999999998,R2
lora8,Cho2017,20,0.6,0.682,0.5856,0.09639999999999992,0.08199999999999996,-0.01439999999999996,R2
lora8,Cho2017,21,0.602,0.614,0.5843999999999999,0.02959999999999998,0.011999999999999981,-0.017599999999999998,R2
lora8,Cho2017,22,0.628,0.6359999999999999,0.5926,0.0433999999999999,0.007999999999999957,-0.035399999999999945,R2
lora8,Cho2017,23,0.618,0.62,0.5496000000000001,0.07039999999999992,0.0020000000000000018,-0.06839999999999992,R2
lora8,Cho2017,24,0.55,0.616,0.5347999999999999,0.08119999999999998,0.06600000000000003,-0.015199999999999981,R2
lora8,Cho2017,25,0.5820000000000001,0.5740000000000001,0.5782,-0.0041999999999999815,-0.00799999999999996,-0.003799999999999998,R2
lora8,Cho2017,26,0.992,0.998,0.9898,0.00819999999999998,0.006,-0.00219999999999998,R2
lora8,Cho2017,27,0.5599999999999999,0.5820000000000001,0.5532,0.0288,0.022,-0.0068000000000000005,R2
lora8,Cho2017,28,0.5820000000000001,0.866,0.5936,0.27240000000000003,0.284,0.011599999999999961,R2
lora8,Cho2017,29,0.522,0.528,0.492,0.035999999999999935,0.005999999999999957,-0.03000000000000002,R2
lora8,Cho2017,30,0.748,0.728,0.6564,0.07159999999999987,-0.02000000000000002,-0.09159999999999992,R2
lora8,Cho2017,31,0.558,0.6779999999999999,0.5346,0.14339999999999997,0.11999999999999988,-0.02340000000000004,R2
lora8,Cho2017,32,0.562,0.584,0.5416000000000001,0.04239999999999998,0.022,-0.020399999999999998,R2
lora8,Cho2017,33,0.556,0.538,0.545,-0.007000000000000001,-0.017999999999999957,-0.01099999999999996,R2
lora8,Cho2017,34,0.568,0.518,0.5532,-0.035199999999999995,-0.04999999999999998,-0.014799999999999957,R2
lora8,Cho2017,35,0.358,0.868,0.3614,0.5065999999999999,0.51,0.003400000000000021,R2
lora8,Cho2017,36,0.5660000000000001,0.5860000000000001,0.5856,0.0004000000000000392,0.02,0.01959999999999998,R2
lora8,Cho2017,37,0.874,0.876,0.8704000000000001,0.0055999999999999,0.001999999999999938,-0.00359999999999996,R2
lora8,Cho2017,38,0.5880000000000001,0.608,0.5692,0.03879999999999998,0.01999999999999996,-0.0188,R2
lora8,Cho2017,39,0.54,0.546,0.5378000000000001,0.008200000000000022,0.006,-0.0022000000000000205,R2
lora8,Cho2017,40,0.48200000000000004,0.528,0.4904,0.03760000000000002,0.046,0.008399999999999939,R2
lora8,Cho2017,41,0.62,0.736,0.5873999999999999,0.14859999999999998,0.11599999999999992,-0.032600000000000004,R2
lora8,Cho2017,42,0.554,0.512,0.541,-0.028999999999999942,-0.04199999999999996,-0.01300000000000002,R2
lora8,Cho2017,43,1.0,1.0,0.9996,0.0004,0.0,-0.0004,R2
lora8,Cho2017,44,0.9359999999999999,0.958,0.9305999999999999,0.0274,0.022,-0.0054,R2
lora8,Cho2017,45,0.538,0.55,0.5257999999999999,0.02420000000000004,0.012,-0.01220000000000004,R2
lora8,Cho2017,46,0.5650000000000001,0.6566666666666666,0.5753333333333333,0.08133333333333329,0.09166666666666662,0.010333333333333342,R2
lora8,Cho2017,47,0.8300000000000001,0.86,0.796,0.06399999999999996,0.02999999999999998,-0.03399999999999996,R2
lora8,Cho2017,48,0.71,0.6839999999999999,0.665,0.0189999999999999,-0.02600000000000004,-0.044999999999999915,R2
lora8,Cho2017,49,1.0,1.0,0.9846,0.01539999999999998,0.0,-0.01539999999999998,R2
lora8,Cho2017,50,0.9720000000000001,1.0,0.9309999999999998,0.06899999999999998,0.028000000000000004,-0.04099999999999998,R2
lora8,Cho2017,51,0.6140000000000001,0.6020000000000001,0.5898000000000001,0.01219999999999998,-0.011999999999999981,-0.02419999999999996,R2
lora8,Cho2017,52,0.558,0.6639999999999999,0.5933999999999999,0.07059999999999997,0.10599999999999996,0.035399999999999945,R2
lora8,Dreyer2023,1,0.9083333333333332,0.9083333333333332,0.8806666666666667,0.02766666666666658,0.0,-0.02766666666666656,R2
lora8,Dreyer2023,2,0.6983333333333334,0.6900000000000001,0.6753333333333333,0.01466666666666668,-0.008333333333333361,-0.023000000000000038,R2
lora8,Dreyer2023,3,0.8550000000000001,0.8433333333333334,0.8228333333333333,0.02049999999999998,-0.01166666666666666,-0.032166666666666635,R2
lora8,Dreyer2023,5,0.8983333333333334,0.8966666666666667,0.8664999999999999,0.03016666666666672,-0.0016666666666666802,-0.0318333333333334,R2
lora8,Dreyer2023,6,0.82,0.8283333333333334,0.8101666666666667,0.01816666666666652,0.00833333333333328,-0.00983333333333326,R2
lora8,Dreyer2023,7,0.9650000000000001,0.9800000000000001,0.9516666666666665,0.02833333333333336,0.015000000000000041,-0.013333333333333341,R2
lora8,Dreyer2023,8,0.8400000000000001,0.8800000000000001,0.8388333333333333,0.04116666666666656,0.03999999999999996,-0.0011666666666666201,R2
lora8,Dreyer2023,10,0.9366666666666668,0.9416666666666667,0.9141666666666666,0.02749999999999998,0.00499999999999998,-0.0225,R2
lora8,Dreyer2023,11,0.605,0.7483333333333333,0.5961666666666666,0.15216666666666664,0.14333333333333326,-0.008833333333333342,R2
lora8,Dreyer2023,12,0.93,0.9283333333333333,0.8960000000000001,0.0323333333333332,-0.0016666666666666594,-0.03399999999999988,R2
lora8,Dreyer2023,13,0.7616666666666666,0.7716666666666667,0.74,0.03166666666666662,0.01,-0.02166666666666662,R2
lora8,Dreyer2023,14,0.6933333333333334,0.7366666666666667,0.6856666666666666,0.050999999999999934,0.04333333333333328,-0.00766666666666668,R2
lora8,Dreyer2023,15,0.9316666666666666,0.9466666666666667,0.9248333333333333,0.021833333333333222,0.014999999999999961,-0.0068333333333333,R2
lora8,Dreyer2023,16,0.8300000000000001,0.8516666666666666,0.7961666666666666,0.05549999999999996,0.02166666666666664,-0.033833333333333285,R2
lora8,Dreyer2023,18,0.9166666666666666,0.9433333333333334,0.9041666666666668,0.03916666666666656,0.026666666666666623,-0.012499999999999938,R2
lora8,Dreyer2023,19,0.9266666666666665,0.95,0.8811666666666665,0.0688333333333333,0.0233333333333333,-0.04549999999999998,R2
lora8,Dreyer2023,20,0.9200000000000002,0.9333333333333332,0.9093333333333333,0.0239999999999999,0.01333333333333328,-0.01066666666666662,R2
lora8,Dreyer2023,21,0.9283333333333333,0.9366666666666668,0.9056666666666666,0.030999999999999937,0.0083333333333333,-0.02266666666666662,R2
lora8,Dreyer2023,22,0.9183333333333332,0.9066666666666666,0.8938333333333335,0.01283333333333322,-0.01166666666666666,-0.024499999999999883,R2
lora8,Dreyer2023,23,0.77,0.8216666666666667,0.7485,0.0731666666666666,0.05166666666666664,-0.02149999999999998,R2
lora8,Dreyer2023,24,0.97,0.9583333333333333,0.9268333333333333,0.03150000000000002,-0.0116666666666666,-0.04316666666666658,R2
lora8,Dreyer2023,25,0.7133333333333333,0.7483333333333333,0.7071666666666667,0.0411666666666666,0.03499999999999998,-0.00616666666666658,R2
lora8,Dreyer2023,26,0.8366666666666667,0.8833333333333334,0.7965,0.08683333333333329,0.04666666666666662,-0.04016666666666662,R2
lora8,Dreyer2023,27,0.8216666666666667,0.835,0.7889999999999999,0.04599999999999998,0.013333333333333319,-0.03266666666666666,R2
lora8,Dreyer2023,28,0.79,0.8183333333333334,0.7858333333333334,0.03249999999999992,0.0283333333333333,-0.00416666666666662,R2
lora8,Dreyer2023,30,0.7433333333333334,0.7849999999999999,0.7363333333333333,0.04866666666666662,0.0416666666666666,-0.00700000000000002,R2
lora8,Dreyer2023,31,0.9083333333333334,0.9033333333333333,0.866,0.03733333333333338,-0.004999999999999959,-0.04233333333333332,R2
lora8,Dreyer2023,32,0.875,0.9166666666666667,0.8476666666666667,0.06899999999999996,0.041666666666666644,-0.027333333333333282,R2
lora8,Dreyer2023,33,0.805,0.8316666666666667,0.7741666666666667,0.05749999999999996,0.026666666666666637,-0.03083333333333328,R2
lora8,Dreyer2023,34,0.8400000000000001,0.8533333333333333,0.8265,0.02683333333333334,0.013333333333333319,-0.013499999999999979,R2
lora8,Dreyer2023,35,0.7849999999999999,0.8133333333333332,0.7603333333333333,0.05299999999999998,0.028333333333333283,-0.0246666666666667,R2
lora8,Dreyer2023,36,0.8383333333333333,0.825,0.8089999999999999,0.01599999999999998,-0.013333333333333319,-0.029333333333333322,R2
lora8,Dreyer2023,37,0.6950000000000001,0.7633333333333333,0.6703333333333333,0.09299999999999994,0.06833333333333327,-0.024666666666666698,R2
lora8,Dreyer2023,38,0.8883333333333333,0.9066666666666666,0.8588333333333334,0.047833333333333214,0.01833333333333332,-0.029499999999999877,R2
lora8,Dreyer2023,39,0.9516666666666665,0.9566666666666667,0.9466666666666667,0.00999999999999994,0.005,-0.0049999999999999194,R2
lora8,Dreyer2023,40,0.8775862068965518,0.8706896551724139,0.8343103448275861,0.03637931034482754,-0.006896551724137878,-0.04327586206896544,R2
lora8,Dreyer2023,42,0.7849999999999999,0.8533333333333333,0.7308333333333333,0.12249999999999997,0.06833333333333333,-0.054166666666666564,R2
lora8,Dreyer2023,43,0.8966666666666667,0.8949999999999999,0.8828333333333334,0.01216666666666664,-0.0016666666666666995,-0.0138333333333333,R2
lora8,Dreyer2023,44,0.6516666666666666,0.6816666666666666,0.6596666666666666,0.021999999999999978,0.02999999999999996,0.00799999999999992,R2
lora8,Dreyer2023,45,0.8150000000000001,0.8150000000000001,0.7796666666666666,0.03533333333333338,0.0,-0.03533333333333334,R2
lora8,Dreyer2023,46,0.765,0.7133333333333334,0.7365,-0.023166666666666683,-0.05166666666666664,-0.02849999999999996,R2
lora8,Dreyer2023,47,0.9016666666666666,0.9033333333333333,0.8783333333333333,0.024999999999999918,0.0016666666666666802,-0.02333333333333324,R2
lora8,Dreyer2023,48,0.6533333333333333,0.675,0.6605,0.014499999999999999,0.02166666666666662,0.00716666666666656,R2
lora8,Dreyer2023,49,0.835,0.835,0.7929999999999999,0.04199999999999998,1.9428902930940238e-17,-0.04199999999999994,R2
lora8,Dreyer2023,50,0.6383333333333333,0.62,0.617,0.0029999999999999805,-0.018333333333333278,-0.02133333333333328,R2
lora8,Dreyer2023,51,0.765,0.7983333333333333,0.7325,0.0658333333333333,0.0333333333333333,-0.032499999999999994,R2
lora8,Dreyer2023,52,0.8233333333333335,0.8283333333333334,0.7878333333333334,0.04049999999999988,0.00499999999999994,-0.03549999999999996,R2
lora8,Dreyer2023,53,0.8183333333333334,0.8383333333333333,0.8088333333333333,0.02949999999999998,0.019999999999999962,-0.00950000000000002,R2
lora8,Dreyer2023,54,0.7466666666666667,0.7866666666666667,0.7306666666666667,0.05600000000000001,0.039999999999999966,-0.01600000000000004,R2
lora8,Dreyer2023,55,0.9299999999999999,0.9416666666666667,0.9279999999999999,0.0136666666666666,0.011666666666666641,-0.0020000000000000005,R2
lora8,Dreyer2023,56,0.95,0.9700000000000001,0.9043333333333333,0.0656666666666667,0.02000000000000002,-0.04566666666666665,R2
lora8,Dreyer2023,57,0.6716666666666666,0.72,0.6806666666666666,0.03933333333333326,0.048333333333333284,0.009,R2
lora8,Dreyer2023,58,0.9466666666666665,0.95,0.9253333333333332,0.024666666666666597,0.00333333333333332,-0.021333333333333322,R2
lora8,Dreyer2023,59,0.7975,0.8525,0.77275,0.07974999999999992,0.05499999999999994,-0.024749999999999918,R2
lora8,Dreyer2023,60,0.8483333333333334,0.8716666666666667,0.8215,0.05016666666666658,0.0233333333333333,-0.026833333333333258,R2
lora8,Dreyer2023,61,0.8933333333333333,0.8966666666666667,0.8571666666666665,0.03950000000000002,0.00333333333333334,-0.03616666666666666,R2
lora8,Dreyer2023,62,0.7816666666666666,0.7783333333333333,0.748,0.03033333333333334,-0.0033333333333333388,-0.033666666666666664,R2
lora8,Dreyer2023,63,0.8666666666666666,0.8816666666666666,0.8046666666666666,0.07699999999999996,0.015,-0.06199999999999992,R2
lora8,Dreyer2023,64,0.7733333333333332,0.825,0.781,0.043999999999999956,0.05166666666666666,0.007666666666666699,R2
lora8,Dreyer2023,65,0.8483333333333334,0.8699999999999999,0.8268333333333333,0.043166666666666666,0.02166666666666666,-0.02149999999999996,R2
lora8,Dreyer2023,66,0.7183333333333334,0.7283333333333333,0.7041666666666666,0.024166666666666663,0.01000000000000002,-0.01416666666666666,R2
lora8,Dreyer2023,67,0.7916666666666666,0.8283333333333334,0.7868333333333333,0.041499999999999905,0.03666666666666662,-0.004833333333333301,R2
lora8,Dreyer2023,68,0.735,0.775,0.7151666666666666,0.059833333333333294,0.03999999999999998,-0.01983333333333332,R2
lora8,Dreyer2023,69,0.845,0.8783333333333333,0.8216666666666667,0.05666666666666657,0.03333333333333326,-0.02333333333333328,R2
lora8,Dreyer2023,70,0.665,0.7,0.6456666666666667,0.054333333333333254,0.03499999999999996,-0.01933333333333328,R2
lora8,Dreyer2023,71,0.8266666666666665,0.8516666666666668,0.8076666666666666,0.04399999999999994,0.025,-0.01899999999999996,R2
lora8,Dreyer2023,72,0.8216666666666667,0.9133333333333333,0.8131666666666668,0.10016666666666649,0.09166666666666662,-0.00849999999999988,R2
lora8,Dreyer2023,73,0.775,0.875,0.735,0.13999999999999996,0.09999999999999995,-0.04,R2
lora8,Dreyer2023,74,0.7483333333333333,0.7783333333333333,0.7375,0.04083333333333334,0.03,-0.01083333333333336,R2
lora8,Dreyer2023,75,0.775,0.8066666666666666,0.7515000000000001,0.055166666666666565,0.0316666666666666,-0.02349999999999992,R2
lora8,Dreyer2023,76,0.8533333333333333,0.9049999999999999,0.8481666666666667,0.056833333333333236,0.05166666666666662,-0.005166666666666641,R2
lora8,Dreyer2023,77,0.8516666666666666,0.8616666666666667,0.8021666666666667,0.05949999999999992,0.01,-0.04949999999999992,R2
lora8,Dreyer2023,80,0.7383333333333333,0.765,0.6928333333333334,0.07216666666666663,0.026666666666666682,-0.04549999999999994,R2
lora8,Dreyer2023,81,0.8550000000000001,0.8433333333333334,0.8178333333333333,0.025500000000000002,-0.011666666666666641,-0.03716666666666662,R2
lora8,Dreyer2023,82,0.7716666666666667,0.8883333333333333,0.7569999999999999,0.13133333333333336,0.11666666666666661,-0.014666666666666722,R2
lora8,Dreyer2023,83,0.6950000000000001,0.7533333333333334,0.6718333333333334,0.08149999999999999,0.05833333333333333,-0.02316666666666664,R2
lora8,Dreyer2023,84,0.86,0.8883333333333333,0.8196666666666665,0.06866666666666668,0.028333333333333342,-0.04033333333333332,R2
lora8,Dreyer2023,85,0.7766666666666666,0.775,0.7546666666666667,0.020333333333333363,-0.0016666666666666607,-0.02199999999999998,R2
lora8,Dreyer2023,86,0.8533333333333333,0.8183333333333334,0.8026666666666668,0.01566666666666666,-0.03499999999999996,-0.05066666666666662,R2
lora8,Dreyer2023,87,0.8266666666666665,0.8400000000000001,0.7881666666666666,0.05183333333333332,0.01333333333333336,-0.03849999999999994,R2
lora8,PhysionetMI,1,0.8371212121212122,0.8022727272727274,0.798939393939394,0.003333333333333341,-0.03484848484848484,-0.03818181818181818,R2
lora8,PhysionetMI,2,0.9123076923076923,0.96,0.8868461538461538,0.073153846153846,0.047692307692307624,-0.025461538461538362,R2
lora8,PhysionetMI,3,0.9568181818181817,0.956060606060606,0.9412121212121212,0.014848484848484781,-0.0007575757575757402,-0.01560606060606054,R2
lora8,PhysionetMI,4,0.8734848484848484,0.9022727272727273,0.8878787878787879,0.014393939393939343,0.028787878787878717,0.01439393939393942,R2
lora8,PhysionetMI,5,0.7113636363636363,0.681060606060606,0.7151515151515151,-0.0340909090909091,-0.030303030303030297,0.00378787878787884,R2
lora8,PhysionetMI,6,0.8825757575757576,0.9045454545454547,0.845,0.05954545454545458,0.021969696969697,-0.0375757575757576,R2
lora8,PhysionetMI,7,0.990909090909091,0.9575757575757576,0.9781818181818182,-0.02060606060606064,-0.03333333333333332,-0.01272727272727268,R2
lora8,PhysionetMI,8,0.8393939393939395,0.8651515151515152,0.8184090909090909,0.0467424242424242,0.025757575757575802,-0.02098484848484844,R2
lora8,PhysionetMI,9,0.9,0.9338461538461539,0.8678461538461539,0.06599999999999993,0.033846153846153845,-0.03215384615384606,R2
lora8,PhysionetMI,10,0.7330769230769232,0.6923076923076923,0.7037692307692309,-0.01146153846153852,-0.04076923076923078,-0.02930769230769224,R2
lora8,PhysionetMI,11,0.7348484848484849,0.7075757575757575,0.738560606060606,-0.03098484848484856,-0.02727272727272732,0.003712121212121197,R2
lora8,PhysionetMI,12,0.8560606060606061,0.8727272727272727,0.8382575757575758,0.03446969696969689,0.01666666666666666,-0.01780303030303022,R2
lora8,PhysionetMI,13,0.7666666666666667,0.8356060606060607,0.7775000000000001,0.058106060606060606,0.06893939393939393,0.010833333333333339,R2
lora8,PhysionetMI,14,0.8166666666666667,0.8696969696969697,0.8018939393939395,0.06780303030303025,0.05303030303030302,-0.014772727272727201,R2
lora8,PhysionetMI,15,0.9307692307692308,0.9746153846153847,0.9303846153846154,0.044230769230769164,0.0438461538461538,-0.0003846153846153999,R2
lora8,PhysionetMI,16,0.6946969696969697,0.5795454545454545,0.6171969696969697,-0.037651515151515116,-0.11515151515151507,-0.07749999999999996,R2
lora8,PhysionetMI,17,0.7765151515151516,0.8848484848484848,0.7982575757575757,0.0865909090909091,0.10833333333333332,0.021742424242424223,R2
lora8,PhysionetMI,18,1.0,1.0,0.9929545454545454,0.00704545454545452,0.0,-0.00704545454545452,R2
lora8,PhysionetMI,19,0.8939393939393939,0.8696969696969697,0.8777272727272727,-0.00803030303030298,-0.024242424242424197,-0.0162121212121212,R2
lora8,PhysionetMI,20,0.8939393939393939,0.9484848484848485,0.8768939393939394,0.07159090909090907,0.054545454545454494,-0.01704545454545462,R2
lora8,PhysionetMI,21,0.7780303030303031,0.8545454545454547,0.7761363636363636,0.07840909090909085,0.07651515151515151,-0.00189393939393928,R2
lora8,PhysionetMI,22,0.9545454545454547,0.9636363636363636,0.9522727272727274,0.011363636363636315,0.00909090909090908,-0.0022727272727272557,R2
lora8,PhysionetMI,23,0.8092307692307692,0.7653846153846154,0.7854615384615384,-0.02007692307692302,-0.04384615384615376,-0.0237692307692307,R2
lora8,PhysionetMI,24,0.793939393939394,0.8037878787878789,0.7896969696969698,0.01409090909090908,0.00984848484848482,-0.00424242424242422,R2
lora8,PhysionetMI,25,0.5348484848484848,0.5121212121212121,0.5379545454545454,-0.02583333333333328,-0.022727272727272717,0.003106060606060601,R2
lora8,PhysionetMI,26,0.6107692307692307,0.5907692307692308,0.6050000000000001,-0.01423076923076926,-0.01999999999999998,-0.005769230769230719,R2
lora8,PhysionetMI,27,0.8515151515151516,0.8287878787878789,0.8586363636363638,-0.029848484848484902,-0.022727272727272742,0.007121212121212181,R2
lora8,PhysionetMI,28,0.8424242424242424,0.8522727272727273,0.8049242424242424,0.04734848484848482,0.009848484848484839,-0.03750000000000004,R2
lora8,PhysionetMI,29,0.7287878787878788,0.9121212121212121,0.7661363636363636,0.14598484848484852,0.18333333333333335,0.03734848484848482,R2
lora8,PhysionetMI,30,0.9015151515151516,0.8840909090909091,0.8838636363636363,0.00022727272727274053,-0.01742424242424246,-0.01765151515151514,R2
lora8,PhysionetMI,31,0.7833333333333334,0.7568181818181818,0.754469696969697,0.0023484848484848,-0.026515151515151537,-0.028863636363636296,R2
lora8,PhysionetMI,32,0.95,0.946923076923077,0.917,0.02992307692307688,-0.0030769230769230388,-0.03299999999999996,R2
lora8,PhysionetMI,33,0.9121212121212121,0.9204545454545455,0.9239393939393941,-0.00348484848484852,0.00833333333333334,0.01181818181818182,R2
lora8,PhysionetMI,34,0.8038461538461539,0.8561538461538462,0.8009999999999999,0.055153846153846164,0.05230769230769232,-0.0028461538461538594,R2
lora8,PhysionetMI,35,0.8227272727272726,0.8318181818181818,0.7923484848484849,0.03946969696969692,0.0090909090909091,-0.030378787878787845,R2
lora8,PhysionetMI,36,0.9386363636363637,0.9068181818181819,0.8804545454545455,0.026363636363636384,-0.031818181818181815,-0.058181818181818154,R2
lora8,PhysionetMI,37,0.6045454545454546,0.7954545454545454,0.6347727272727273,0.1606818181818181,0.19090909090909083,0.030227272727272735,R2
lora8,PhysionetMI,38,0.48863636363636365,0.531060606060606,0.48060606060606065,0.05045454545454538,0.04242424242424242,-0.008030303030302959,R2
lora8,PhysionetMI,39,0.7515151515151516,0.7454545454545455,0.7193181818181819,0.026136363636363635,-0.006060606060606078,-0.03219696969696972,R2
lora8,PhysionetMI,40,0.9818181818181818,0.9734848484848484,0.9550757575757576,0.01840909090909084,-0.00833333333333334,-0.02674242424242418,R2
lora8,PhysionetMI,41,0.9923076923076923,0.9038461538461539,0.9495384615384616,-0.045692307692307706,-0.08846153846153838,-0.042769230769230684,R2
lora8,PhysionetMI,42,0.8583333333333334,0.8984848484848484,0.8780303030303032,0.020454545454545503,0.04015151515151516,0.01969696969696964,R2
lora8,PhysionetMI,43,0.8378787878787879,0.8795454545454545,0.8286363636363635,0.05090909090909086,0.0416666666666666,-0.009242424242424281,R2
lora8,PhysionetMI,44,0.9053030303030303,0.8613636363636363,0.8949999999999999,-0.03363636363636356,-0.0439393939393939,-0.0103030303030303,R2
lora8,PhysionetMI,45,0.8151515151515152,0.7962121212121213,0.7852272727272728,0.01098484848484848,-0.01893939393939386,-0.029924242424242343,R2
lora8,PhysionetMI,46,0.7416666666666667,0.7083333333333334,0.7470454545454546,-0.03871212121212114,-0.0333333333333333,0.00537878787878786,R2
lora8,PhysionetMI,47,0.7583333333333334,0.7901515151515153,0.7578787878787879,0.03227272727272726,0.03181818181818178,-0.0004545454545454797,R2
lora8,PhysionetMI,48,1.0,0.990909090909091,0.9841666666666666,0.00674242424242426,-0.00909090909090908,-0.015833333333333317,R2
lora8,PhysionetMI,49,0.7712121212121212,0.7484848484848484,0.7583333333333334,-0.009848484848484901,-0.0227272727272728,-0.012878787878787882,R2
lora8,PhysionetMI,50,0.7886363636363636,0.865909090909091,0.7943939393939394,0.0715151515151515,0.07727272727272727,0.005757575757575779,R2
lora8,PhysionetMI,51,0.8575757575757577,0.9113636363636364,0.8068181818181819,0.10454545454545447,0.05378787878787876,-0.0507575757575757,R2
lora8,PhysionetMI,52,0.883846153846154,0.8930769230769231,0.8656923076923076,0.027384615384615396,0.00923076923076916,-0.018153846153846197,R2
lora8,PhysionetMI,53,0.8833333333333334,0.9651515151515152,0.8819696969696971,0.08318181818181808,0.08181818181818178,-0.001363636363636281,R2
lora8,PhysionetMI,54,0.9000000000000001,0.9227272727272726,0.8816666666666666,0.04106060606060606,0.02272727272727268,-0.01833333333333336,R2
lora8,PhysionetMI,55,0.8712121212121211,0.8803030303030303,0.8468939393939394,0.0334090909090909,0.009090909090909082,-0.02431818181818184,R2
lora8,PhysionetMI,56,0.8590909090909091,0.8515151515151516,0.8408333333333333,0.010681818181818162,-0.0075757575757575595,-0.01825757575757572,R2
lora8,PhysionetMI,57,0.9583333333333333,0.9583333333333333,0.9388636363636363,0.01946969696969686,0.0,-0.01946969696969686,R2
lora8,PhysionetMI,58,0.8292307692307693,0.8484615384615385,0.8114615384615383,0.036999999999999963,0.0192307692307692,-0.017769230769230798,R2
lora8,PhysionetMI,59,0.675,0.8053030303030303,0.646060606060606,0.15924242424242427,0.13030303030303028,-0.028939393939393942,R2
lora8,PhysionetMI,60,0.8584615384615384,0.9030769230769231,0.8476923076923077,0.05538461538461542,0.0446153846153846,-0.0107692307692308,R2
lora8,PhysionetMI,61,0.9545454545454547,0.9545454545454547,0.9500000000000002,0.004545454545454416,0.0,-0.004545454545454416,R2
lora8,PhysionetMI,62,0.9416666666666667,0.9416666666666667,0.9290909090909091,0.0125757575757575,0.0,-0.012575757575757482,R2
lora8,PhysionetMI,63,0.8090909090909092,0.8030303030303031,0.7595454545454545,0.04348484848484852,-0.006060606060606019,-0.049545454545454504,R2
lora8,PhysionetMI,64,0.7621212121212121,0.7696969696969698,0.7512878787878788,0.01840909090909086,0.00757575757575762,-0.010833333333333282,R2
lora8,PhysionetMI,65,0.9083333333333334,0.9128787878787877,0.8774242424242423,0.0354545454545454,0.0045454545454545,-0.03090909090909088,R2
lora8,PhysionetMI,66,0.7704545454545455,0.7219696969696969,0.7943181818181818,-0.0723484848484848,-0.04848484848484848,0.023863636363636302,R2
lora8,PhysionetMI,67,0.7492424242424243,0.8219696969696969,0.7748484848484849,0.04712121212121208,0.07272727272727267,0.025606060606060584,R2
lora8,PhysionetMI,68,0.7242424242424244,0.706060606060606,0.7196212121212121,-0.013560606060606101,-0.018181818181818223,-0.0046212121212121,R2
lora8,PhysionetMI,69,0.8392307692307692,0.8915384615384616,0.8596153846153844,0.03192307692307702,0.05230769230769232,0.0203846153846153,R2
lora8,PhysionetMI,70,0.9651515151515151,0.9416666666666664,0.9501515151515154,-0.008484848484848578,-0.023484848484848518,-0.01499999999999986,R2
lora8,PhysionetMI,71,0.8969696969696971,0.9318181818181817,0.8718181818181818,0.05999999999999994,0.0348484848484848,-0.02515151515151512,R2
lora8,PhysionetMI,72,0.9818181818181818,0.9833333333333332,0.9734848484848484,0.00984848484848474,0.0015151515151514805,-0.008333333333333259,R2
lora8,PhysionetMI,73,0.7583333333333334,0.7439393939393939,0.7398484848484849,0.004090909090909141,-0.01439393939393944,-0.0184848484848485,R2
lora8,PhysionetMI,74,0.7916666666666667,0.7787878787878787,0.7554545454545455,0.02333333333333322,-0.012878787878787878,-0.03621212121212114,R2
lora8,PhysionetMI,75,0.6628787878787878,0.6893939393939394,0.6995454545454545,-0.010151515151515118,0.026515151515151537,0.03666666666666662,R2
lora8,PhysionetMI,76,0.6053030303030302,0.5143939393939394,0.5857575757575757,-0.07136363636363632,-0.09090909090909083,-0.019545454545454484,R2
lora8,PhysionetMI,77,0.593939393939394,0.6590909090909091,0.609469696969697,0.0496212121212121,0.06515151515151514,0.015530303030303,R2
lora8,PhysionetMI,78,0.5803030303030303,0.5424242424242424,0.5599242424242423,-0.01749999999999994,-0.03787878787878786,-0.02037878787878792,R2
lora8,PhysionetMI,79,0.7507575757575757,0.7159090909090909,0.7441666666666666,-0.02825757575757572,-0.03484848484848484,-0.00659090909090908,R2
lora8,PhysionetMI,80,0.8038461538461539,0.8515384615384616,0.8327692307692308,0.018769230769230698,0.047692307692307624,0.028923076923076878,R2
lora8,PhysionetMI,81,0.8803030303030305,0.8636363636363636,0.8352272727272728,0.028409090909090863,-0.01666666666666666,-0.04507575757575752,R2
lora8,PhysionetMI,82,0.8371212121212122,0.8856060606060605,0.8464393939393939,0.0391666666666667,0.04848484848484848,0.00931818181818174,R2
lora8,PhysionetMI,83,0.7615384615384616,0.7592307692307693,0.7318461538461538,0.027384615384615403,-0.00230769230769228,-0.029692307692307695,R2
lora8,PhysionetMI,84,0.8462121212121213,0.8242424242424242,0.8473484848484848,-0.02310606060606058,-0.021969696969696962,0.00113636363636358,R2
lora8,PhysionetMI,85,0.8795454545454545,0.9742424242424242,0.8765909090909091,0.09765151515151507,0.09469696969696961,-0.0029545454545454805,R2
lora8,PhysionetMI,86,0.9846153846153847,1.0,0.9876923076923078,0.01230769230769222,0.015384615384615361,0.00307692307692312,R2
lora8,PhysionetMI,87,0.646969696969697,0.5340909090909091,0.6194696969696969,-0.08537878787878782,-0.11287878787878784,-0.02749999999999996,R2
lora8,PhysionetMI,90,0.8742424242424243,0.9022727272727273,0.859848484848485,0.04242424242424232,0.02803030303030294,-0.01439393939393932,R2
lora8,PhysionetMI,91,0.8916666666666666,0.8416666666666666,0.8413636363636364,0.00030303030303029945,-0.04999999999999994,-0.050303030303030204,R2
lora8,PhysionetMI,93,0.7787878787878788,0.8174242424242424,0.7759090909090909,0.04151515151515156,0.03863636363636362,-0.002878787878787881,R2
lora8,PhysionetMI,94,0.8030303030303031,0.8272727272727274,0.8121212121212121,0.01515151515151518,0.02424242424242424,0.00909090909090904,R2
lora8,PhysionetMI,95,0.6238461538461538,0.6738461538461539,0.6503846153846153,0.023461538461538478,0.04999999999999992,0.0265384615384615,R2
lora8,PhysionetMI,96,0.8666666666666666,0.8484848484848484,0.8657575757575758,-0.017272727272727263,-0.01818181818181816,-0.00090909090909088,R2
lora8,PhysionetMI,97,0.7795454545454545,0.8553030303030302,0.8062878787878788,0.04901515151515146,0.07575757575757568,0.0267424242424242,R2
lora8,PhysionetMI,98,0.4712121212121212,0.4333333333333333,0.47242424242424236,-0.03909090909090904,-0.03787878787878786,0.0012121212121211998,R2
lora8,PhysionetMI,99,0.6212121212121212,0.5257575757575758,0.6345454545454545,-0.1087878787878788,-0.09545454545454542,0.01333333333333336,R2
lora8,PhysionetMI,101,0.8976923076923077,0.9338461538461539,0.8903846153846156,0.043461538461538385,0.03615384615384616,-0.0073076923076922,R2
lora8,PhysionetMI,102,0.7886363636363637,0.8280303030303029,0.7016666666666667,0.12636363636363632,0.039393939393939356,-0.08696969696969692,R2
lora8,PhysionetMI,103,0.8568181818181818,0.7712121212121212,0.8428030303030303,-0.07159090909090912,-0.08560606060606057,-0.014015151515151439,R2
lora8,PhysionetMI,105,0.8992424242424244,0.9333333333333332,0.9101515151515152,0.02318181818181808,0.03409090909090898,0.010909090909090879,R2
lora8,PhysionetMI,107,0.5742424242424242,0.5772727272727273,0.5348484848484849,0.0424242424242424,0.0030303030303030195,-0.03939393939393944,R2
lora8,PhysionetMI,108,0.8204545454545455,0.8522727272727273,0.8085606060606061,0.043712121212121216,0.03181818181818176,-0.01189393939393946,R2
lora8,PhysionetMI,109,0.6787878787878788,0.6863636363636363,0.6666666666666666,0.0196969696969697,0.0075757575757575205,-0.01212121212121216,R2
